dihedral_deg,energy_kJmol
-1.784302451761436146e+02,4.071144233880020558e+00
-1.779594126562668066e+02,5.799220299857877237e+00
1.732592598812537688e+02,6.171938174035709324e+00
1.767783439831090675e+02,4.296197538585798448e+00
-1.766002824472190866e+02,4.781917608094605754e+00
-1.760247106499834331e+02,3.870034398518135355e+00
1.588881971273429770e+02,5.645280460227320773e+00
-1.637537220510444627e+02,7.379859941386845534e+00
1.645716329184078006e+02,7.760764118839993841e+00
-1.596048476146405619e+02,9.466504964994763682e+00
1.788813273018007806e+02,8.422299733673431987e+00
-1.785816893228062554e+02,9.143134937646644644e+00
1.685198593732670815e+02,9.746186004489270971e+00
-1.699872037249037362e+02,9.402611517420071507e+00
1.716192893703734228e+02,9.573625688989789495e+00
-1.651031024759512320e+02,7.712733179389514859e+00
1.732015991961032739e+02,6.730674507571685616e+00
-1.668836037941140376e+02,5.674968927276548669e+00
1.692645698542462753e+02,8.570281749548849248e+00
-1.719489023911820027e+02,6.012460387290223807e+00
1.718896388247154903e+02,8.443258856363348386e+00
-1.704720458707455748e+02,7.934369244911158248e+00
1.722352063675403997e+02,1.151317183443418202e+01
-1.672462958492087921e+02,8.733560103424665044e+00
1.666532849678976334e+02,7.909872757655183051e+00
-1.619159109792990989e+02,9.716310189069318426e+00
1.598627599950415572e+02,7.511559277305464022e+00
-1.679323379863341188e+02,1.047588987461536014e+01
1.658994593150902972e+02,9.843337111758817315e+00
-1.634211993107526268e+02,1.220412974400889006e+01
1.633941126101123302e+02,1.453377348010511660e+01
-1.624919761114290395e+02,9.239340924755801154e+00
1.711431602551722051e+02,5.797544116287848048e+00
-1.682916878437157777e+02,5.830477581484743155e+00
1.758120032066640874e+02,7.231442057934021506e+00
1.777507573659046898e+02,1.055426098958449188e+01
1.759813796755249200e+02,1.164097423833522882e+01
-1.700151368669281169e+02,9.174650554655787715e+00
1.779081444649861226e+02,8.086488639550184487e+00
-1.788980637246902177e+02,8.815529922099596405e+00
1.730881159680192241e+02,7.390689552326509926e+00
-1.691774939712468608e+02,5.032404729621459794e+00
1.789162305137790554e+02,7.316140183717741330e+00
1.614704890557586907e+02,1.054953994547262752e+01
-1.628173950236828773e+02,1.226316312642692097e+01
1.663451184313208557e+02,7.099487715669333454e+00
-1.753771554091965186e+02,7.680991986415104833e+00
-1.792658193750785642e+02,5.111629441159949216e+00
-1.767827267366286321e+02,5.286250279752338521e+00
1.753820370688511616e+02,6.033312992579896061e+00
1.617855197825172127e+02,2.201250486439827725e+01
-1.689509364071307971e+02,2.481702956121102943e+01
1.796811665530988193e+02,1.267670527205079800e+01
1.701034623131819785e+02,1.154528481190770606e+01
-1.757379626485277981e+02,7.834888052098225586e+00
1.798363279233272749e+02,2.061428218244910227e+01
-1.737690482038633775e+02,7.589670635174158519e+00
1.793706953584286623e+02,1.859472917607462250e+01
-1.787135997063595596e+02,9.744164828983954862e+00
-1.751993255997863912e+02,2.093760700948265452e+01
-1.669126783926488713e+02,1.596362499883714747e+01
-1.782987275137130894e+02,1.839587130763255374e+01
1.744640222762189978e+02,1.782291097694223225e+01
1.742286658572032820e+02,8.101636839569458459e+00
-1.764196560015898285e+02,1.036194338477951149e+01
-1.747108187638256993e+02,1.139550707866489532e+01
1.739008932616115999e+02,8.760168616493627880e+00
-1.635494557646654812e+02,1.073350218841375536e+01
1.574185017177275654e+02,1.173110586994068072e+01
-1.579028238942534585e+02,9.816158805454309189e+00
-1.701519406724275427e+02,1.284593553431576041e+01
1.541582958916000905e+02,2.078579360642330087e+01
1.733068670241913480e+02,1.496826538433047205e+01
-1.752078268923087307e+02,1.599441392745336898e+01
1.675012789922761840e+02,1.111934291716744916e+01
-1.701394569493341749e+02,9.476026547367872865e+00
1.719704589591436559e+02,1.454363458203475901e+01
1.628458966552489358e+02,1.847759308899720310e+01
-1.729693114450975315e+02,1.796960699589033794e+01
1.797428210920884624e+02,1.643261440929854800e+01
-1.590911615023019010e+02,7.640374467969156314e+00
1.542642436618831141e+02,7.088099848476664633e+00
-1.541110827784131914e+02,1.407057906179024975e+01
1.618984088469725577e+02,1.432481068955182124e+01
-1.673865017469056511e+02,1.693220047537241157e+01
1.723047556026500331e+02,8.377898423746387380e+00
-1.648591248770329685e+02,6.990379976806210927e+00
1.662741531277323759e+02,7.450470528773365686e+00
-1.707836860951630058e+02,5.664731426381409030e+00
1.708055037476943880e+02,3.167927537926841897e+00
7.087556163049835334e+01,1.870165669513221474e+01
6.566230737065983192e+01,1.472441018974900118e+01
6.856504511691977655e+01,9.111181827171650482e+00
6.661427898283616855e+01,1.698006509527819219e+01
8.096909122826676253e+01,2.060064589974438576e+01
6.327104945013023496e+01,1.421419890216605708e+01
6.130346970834835219e+01,1.692041767676100505e+01
6.520869867106881657e+01,1.554564942275716888e+01
5.027649221154899095e+01,1.665102609679880530e+01
7.901647059590800382e+01,8.919546075692007747e+00
1.729631359041877658e+02,1.451938476001114076e+01
-1.733112414269413364e+02,7.472455669934324085e+00
1.798279526601575924e+02,9.319190553359458562e+00
1.786577699969514299e+02,2.599214917277379300e+00
-1.731414427240627276e+02,6.989326760836674701e+00
-1.736592091756576508e+02,7.715947777966952970e+00
1.647772401676844538e+02,1.311638919850620866e+01
-1.677958144321906673e+02,9.547807267869021786e+00
-1.794730838551679710e+02,1.214577436500053054e+01
1.737472767888916394e+02,7.220666174079313215e+00
-6.969941755684305917e+01,2.356530595934885497e+01
-6.244264379018133582e+01,3.080662000825909530e+01
-9.976637087892410705e+01,2.877445042788477991e+01
-9.416497550736930577e+01,2.987677911155481780e+01
-3.581470310074340091e+01,1.465804083361284782e+01
-7.973096683911843741e+01,1.940660169582435302e+01
-6.560014891639980306e+01,2.246694674447600804e+01
-3.586106523088498932e+01,2.079145663519460996e+01
-1.082652804763099397e+02,1.894332099167925065e+01
-1.591170845008344656e+02,7.920549478975233981e+00
-1.643271486984589274e+02,6.115819194058867758e+00
1.740367590507276532e+02,3.651641441916498643e+00
1.720334383852098767e+02,3.982207292323442616e+00
-1.683308692991880946e+02,4.134382935401599291e+00
1.774720032585362901e+02,2.973854779393774628e+00
-1.782646667023426232e+02,4.046346065209363019e+00
-1.745693025961945750e+02,1.212691111400260624e+01
1.732115488778302677e+02,1.998809633469221581e+01
1.796222453433258011e+02,2.461552752855882176e+01
-1.685271797686689581e+02,1.742686013323904248e+01
1.628363320718041507e+02,1.601786204331789421e+01
-1.641318207356558787e+02,3.243025945623799799e+01
1.760115103799762153e+02,1.743469556605475290e+01
1.636167095957422362e+02,2.514741495195714549e+01
-1.781284923655541945e+02,1.784854568391930485e+01
-1.745661315709996018e+02,2.377261349582095562e+01
1.708084874403733409e+02,1.787400992391531673e+01
-1.654234305576141821e+02,1.379144049906846092e+01
1.788162509299442604e+02,1.605665789315459691e+01
1.751568732221331288e+02,1.061483653224525092e+01
1.767635117020475661e+02,5.674242780491335125e+00
-1.670034993169484778e+02,1.079121907698132787e+01
1.681877062730488603e+02,8.120205459464449049e+00
-1.767000735630311681e+02,9.817113560886779666e+00
-1.758554921785281238e+02,8.642899646264197600e+00
-1.752232411646318440e+02,9.748437620830531003e+00
1.594069737956913571e+02,1.267464627760998042e+01
-1.673587167656651502e+02,1.516965189202559294e+01
1.728448578780275398e+02,1.141030834827011908e+01
-1.724665195350962676e+02,1.351067782565357511e+01
-1.709413174862100959e+02,1.283038640399260544e+01
-1.625962605502530494e+02,1.121215736553733500e+01
1.548297802000430750e+02,1.328850496828180994e+01
-1.644593458349115451e+02,1.256614351835576038e+01
1.737185072670121144e+02,9.195363913872295569e+00
-1.667803562066448819e+02,9.788055775877737119e+00
1.687042712999539447e+02,5.948619496471370560e+00
-1.606227071164198605e+02,1.136673931370637192e+01
1.571207630253936998e+02,1.410570987022460443e+01
-1.633739840869005207e+02,1.386601197370004002e+01
-1.624689235857916856e+02,1.166562089482054887e+01
1.637808762172029446e+02,1.457036829344146689e+01
-1.709768974345939512e+02,9.452052164400150502e+00
-1.644474303675950182e+02,1.260575446564920554e+01
1.679793727281047779e+02,1.273789120568374500e+01
-1.681391981280675054e+02,1.347243457740185235e+01
-1.690727301740989503e+02,1.065966953698888453e+01
1.737945972345371501e+02,1.106384960005131290e+01
-1.734173865863863000e+02,1.019849970251182825e+01
-1.646818578184015394e+02,1.302454539819606438e+01
-1.643070778016399061e+02,1.551695491940519034e+01
1.635300490529874935e+02,1.623139172369467076e+01
-1.798008301836549094e+02,1.350339978020126352e+01
-1.434405589021828291e+02,1.677458977296566189e+01
1.620065277003273536e+02,7.175174860134657884e+00
-1.747856652559811153e+02,5.850146525616517934e+00
-1.603505711956516109e+02,5.000540150246798987e+00
1.702583769308376986e+02,1.342106023428181238e+01
-1.776219336850024888e+02,8.946906297504376937e+00
1.742337324583964175e+02,7.558813094558946233e+00
1.770182856454677847e+02,7.393536927606955800e+00
-1.734457267090100743e+02,5.095433468016842049e+00
1.715547847847382457e+02,4.550777045234179141e+00
-1.779430633049240953e+02,7.054452406229691164e+00
-1.796457828409606918e+02,3.315120711998776226e+00
1.713898564123953747e+02,1.737362265276247086e+01
-1.636150887181463531e+02,1.054162414717776208e+01
1.735437846093479095e+02,8.239098801960249574e+00
-1.741778365763187253e+02,9.228030341237385414e+00
1.736830334662980135e+02,9.383258210946301858e+00
-1.731370021339213281e+02,6.706497708202169505e+00
-1.761060065167236246e+02,6.998214138483097813e+00
1.729220344087480896e+02,1.122645638660502598e+01
1.789364407555370349e+02,8.437640232449753697e+00
-1.616215107134793527e+02,1.292466309852887818e+01
1.677714083458099026e+02,9.730688323903473602e+00
1.725717831449154005e+02,9.508722251870205255e+00
-1.690531824746279028e+02,9.083331577938849932e+00
1.767626395977455047e+02,5.698989992637121027e+00
1.743780700777373909e+02,5.478821869002500122e+00
1.714548533037764741e+02,4.618087942417265168e+00
-1.717543128947467608e+02,6.916997335684968107e+00
1.601263154624150786e+02,1.082404034553698757e+01
-1.535226381866821725e+02,9.810658059175873191e+00
1.557074114237949800e+02,1.291570728277509872e+01
-1.536501189959635099e+02,1.256938453692607283e+01
1.665935018698226600e+02,7.121076255555840007e+00
-1.667248669661368012e+02,1.036259000570746736e+01
1.746029347944577239e+02,5.421247186811882557e+00
-1.756786061023399270e+02,3.722829040052098470e+00
5.364182688883363426e+01,1.364959923879574610e+01
6.823344172221628412e+01,1.097634602727938358e+01
6.636272658625519227e+01,1.383673276535957619e+01
5.133199102769928146e+01,1.282079980412598808e+01
7.936034644248135805e+01,1.371558266931767989e+01
5.589691742823369225e+01,1.383536157067581129e+01
5.914826950258002825e+01,1.644964296117821334e+01
6.159185515142182510e+01,2.233957294148529371e+01
4.987130693010641380e+01,1.911897514940644882e+01
6.661724659556961115e+01,1.344064702687728463e+01
-1.657753189033573449e+02,1.115799130510206183e+01
-1.791811250794044952e+02,3.670413308407996844e+00
1.741288185852308175e+02,8.843936044233949190e+00
-1.671611071803557991e+02,9.158873205038917220e+00
1.732771296300477673e+02,8.057171013238965784e+00
1.678172398031171610e+02,7.754969474011748076e+00
-1.729394724445768361e+02,8.616039198934704046e+00
-1.795708711459186873e+02,4.862800082594219475e+00
-1.775693519874451738e+02,4.987170017362871910e+00
1.787682765664895044e+02,5.079870245424623398e+00
1.749992497753499094e+02,2.779726641265464693e+01
1.784278914349129934e+02,1.881813131136962625e+01
-1.760659417827878030e+02,2.540237571117259918e+01
1.711438119987162452e+02,1.742171545743948613e+01
-1.660389707229947192e+02,1.337932507629367329e+01
1.583724926152101489e+02,7.613932366438062260e+00
-1.700842493314795263e+02,1.004575205090828049e+01
1.764757401661713629e+02,1.013341667794067646e+01
-1.701557983540302814e+02,1.624500482758754316e+01
1.620073011040225595e+02,1.560956378385957777e+01
-1.704903381766278869e+02,1.296553740032354796e+01
-1.773637958892421125e+02,1.025254780240095087e+01
1.634787692600113189e+02,1.628853347156105968e+01
-1.709464811423613924e+02,8.592844878898315386e+00
-1.770917739998543254e+02,8.994237879265803315e+00
1.733516046542089555e+02,5.402510768400134999e+00
-1.748564337218286084e+02,8.027182000542524065e+00
1.717507434200350929e+02,1.156249771034690887e+01
1.682015224721060633e+02,1.350453861015493651e+01
-1.650892702391084583e+02,1.101430501858528288e+01
6.617586340713218362e+01,2.960306693587448024e+01
7.120352002083032517e+01,1.714432956732974134e+01
5.487941576943402566e+01,2.879172267959308940e+01
8.748594843411171951e+01,2.754494323251817534e+01
1.435685305037487751e+02,3.788865055037496887e+01
-1.479942127084043193e+02,4.088869034263612434e+01
-1.695700006060598355e+02,2.633150644036301102e+01
1.324540982927983634e+02,3.154766328197349878e+01
1.475321788113869559e+02,2.490229707178062313e+01
-1.393826922978096263e+02,2.937303010055444474e+01
6.862929341795482685e+01,1.092149037519015664e+01
6.001982530853130982e+01,1.365696940093956435e+01
6.154295839033688509e+01,1.264159183390438024e+01
5.662569359904095734e+01,1.722600140713938544e+01
5.146895089139851365e+01,1.400755787556977872e+01
5.728840685694555646e+01,1.266535250179683381e+01
5.766715338231359311e+01,9.596633306588428169e+00
7.161533046497994803e+01,8.236448305564525896e+00
6.190219430992817706e+01,7.837760206441446442e+00
6.474691841240802148e+01,6.157307303097250717e+00
6.617906735439774479e+01,1.266262151915412559e+01
6.388972119055605958e+01,1.289144689561872603e+01
6.670424142654827904e+01,1.281320328726327773e+01
5.744186383527112838e+01,2.336519633660766004e+01
7.002160012702884728e+01,1.683574217885242774e+01
6.047833557276623395e+01,2.440264182002103510e+01
7.073532076345787800e+01,1.416898898704753407e+01
8.105690003772541274e+01,3.971220605998630759e+01
7.292242278778385867e+01,2.293025442581436835e+01
8.103578903410350165e+01,2.885222480263640676e+01
-1.708746618749734409e+02,7.133526784518117836e+00
1.771569798639020235e+02,3.617408186413124227e+00
-1.693003700573959804e+02,9.680703438264636418e+00
1.754330976276224305e+02,7.637022160490877454e+00
-1.747523878593542577e+02,7.046428523052403747e+00
1.670310576865220185e+02,5.036643934647712761e+00
-1.693042123617520360e+02,5.274026042127870184e+00
1.767894638726519645e+02,5.840691436343812271e+00
1.785561026869135901e+02,7.450407670556131734e+00
-1.793783167139118007e+02,7.236907506126533107e+00
-7.142988152058009632e+01,1.030479031276613711e+01
-7.462218489064385096e+01,9.076629020106327772e+00
-4.707502196620929880e+01,1.152628935059137305e+01
-8.079033482727763271e+01,1.436640677058336557e+01
-5.747625692845064549e+01,9.818395885017498159e+00
-5.829545573838809247e+01,1.257629176451390052e+01
-6.983446204257623435e+01,6.423348946580780705e+00
-4.927548518610750961e+01,8.114576827341624110e+00
-6.533619960021032114e+01,5.172932822849961809e+00
-6.854207620381990296e+01,5.225113308785510391e+00
7.881325640249559683e+01,8.631645600744588975e+00
5.672949459263070082e+01,8.075573040331107677e+00
7.516304210779924233e+01,8.779986127392545470e+00
5.651409833115188519e+01,1.041454190189408457e+01
5.458974622285069245e+01,6.826229280965391943e+00
7.633478347811114872e+01,7.085897267010849099e+00
5.760160552706275894e+01,7.255705255223692696e+00
7.317478210954392637e+01,8.374691885461768237e+00
7.132005377573177896e+01,8.196718369505020974e+00
6.547415898517151334e+01,9.201933257905395180e+00
-1.729554027085235930e+02,7.496349530927166604e+00
-1.791742717176222470e+02,1.125516828379777401e+01
-1.793861073451583081e+02,1.024330566098304907e+01
1.713940722852086367e+02,7.338555468091389145e+00
-1.692562387197054647e+02,2.032420521368687361e+01
1.730189817862796531e+02,7.531211577115201727e+00
1.689688248203555361e+02,1.130762532166109935e+01
-1.601511814554024227e+02,7.900294488752871658e+00
1.628624264507762121e+02,1.312022234542743426e+01
-1.582611331509379795e+02,9.637632429907766252e+00
-5.267089096136341908e+01,1.938165122062236989e+01
-7.545613691346933649e+01,2.026431256214792853e+01
-5.418791588804156589e+01,9.049478861876316671e+00
-6.441503172156615165e+01,1.413189213621727269e+01
-1.277645297150336177e+02,2.526790750860623902e+01
1.544423318637174418e+02,1.733584053375732026e+01
-1.735327603843236943e+02,2.047711266796066099e+01
-1.775948087878172998e+02,8.188477467659193820e+00
-1.712710582206097740e+02,1.276832121101100093e+01
1.708105228994024856e+02,1.152901072804918670e+01
1.791069005222602755e+02,6.250457855373298344e+00
1.672081333634796465e+02,1.133061503519265223e+01
1.722847604158349952e+02,8.435069393924866432e+00
-1.615949545659939588e+02,1.077540691178107224e+01
1.695841721184256699e+02,6.458498155784150541e+00
-1.788375234334081085e+02,5.535620715776127021e+00
-1.755721653962692415e+02,4.044007088482103107e+00
1.747026845139360773e+02,7.721485878324058305e+00
-1.792625347055324028e+02,8.713649686617218393e+00
1.788122024611802772e+02,1.049314815560372338e+01
-1.726336679346330527e+02,4.996816222238559924e+00
1.688165756960260069e+02,4.349257693603021835e+00
-1.701485112106083193e+02,3.952219251467517402e+00
1.791949738055897399e+02,3.027403827840438932e+00
1.630716887627755796e+02,5.644883824670687389e+00
-1.724093153219539261e+02,3.671176726156575754e+00
-1.756005333996718036e+02,3.346331736141158864e+00
-1.783644117192299063e+02,9.605894847963336147e+00
1.799401276591833323e+02,6.187798464751194771e+00
-1.743726620933059621e+02,1.038582134035788940e+01
1.593733673067482925e+02,3.381737539916127844e+01
1.748844771713687010e+02,2.188342300276217500e+01
-1.612276217008871129e+02,1.640282107382223842e+01
1.699017457602787715e+02,2.715261775802804678e+01
1.797128435503115043e+02,2.507752081080244366e+01
-1.710925342390935953e+02,1.872771872113227687e+01
1.606299627455776147e+02,1.959331700517728692e+01
-1.753418878846675568e+02,2.206254159889076760e+01
-1.751613231631669692e+02,2.432068705937793496e+01
1.632148653768595352e+02,2.389632748612749324e+01
-1.789597205435842113e+02,5.642707331435933504e+00
-1.732002900845773468e+02,6.717803668787317939e+00
1.650547082509704353e+02,6.876035785828817026e+00
-1.626988208002567546e+02,1.241400755181739868e+01
1.685429682328487502e+02,1.348322192557786536e+01
-1.797931166545099870e+02,5.617219175082652782e+00
-1.730846280300712579e+02,2.337292093298913187e+01
-1.690258857956474401e+02,1.852982018089950955e+01
1.685271659865248921e+02,2.808532198190622964e+01
-1.698989078123908030e+02,1.162264806942506823e+01
1.713553174343989554e+02,9.740493592041257642e+00
-1.684807075863454884e+02,1.042155996386151351e+01
1.670560312106445906e+02,1.822898862020553423e+01
-1.682007875733924038e+02,1.589745196156312801e+01
-1.685501804662618497e+02,1.029713762938453314e+01
1.655188469230085957e+02,1.405089314786957289e+01
1.797376883755298991e+02,1.282458359063414477e+01
-1.707431093838913796e+02,2.517922752777585060e+01
1.600522140553055124e+02,1.475672542311284019e+01
-1.729008859510130947e+02,1.525873625873221329e+01
-1.740788918898071813e+02,1.116343873277492271e+01
1.754787514295268522e+02,1.054994818591048400e+01
1.710709392992483231e+02,1.157423187425953692e+01
-1.722544398845416538e+02,7.950000056126100390e+00
1.748423695881469655e+02,8.425348630334147160e+00
1.788051486461843922e+02,1.137831614192663565e+01
-1.673392656707519563e+02,1.565719251884249985e+01
1.717826824971331803e+02,1.571353876573968478e+01
-1.786285019542675911e+02,1.618874636087424435e+01
1.711435786983378478e+02,1.759168688699331540e+01
1.587729150938874625e+02,1.336851977297269300e+01
-1.701078487610761556e+02,6.958565425436792573e+00
1.728205954383529104e+02,1.085643773628724595e+01
1.794078561832865830e+02,4.458603591530032162e+00
1.766582101525007147e+02,1.068089292776082999e+01
-1.773366195281761293e+02,2.458649002648778836e+00
1.793494904931736187e+02,1.001085800649281943e+01
-1.706692059197765445e+02,3.429410133944196470e+00
1.649277611056857893e+02,7.185931276300361326e+00
-1.674850206645058392e+02,4.852353867654836783e+00
-1.771569167738578869e+02,5.756925905424110645e+00
1.798638904327613659e+02,1.056688164724164380e+01
-1.788806886606410558e+02,8.907257867474340784e+00
1.729298189151080578e+02,3.613376361725315178e+00
-1.685159638230707628e+02,4.257747039102881104e+00
1.651509182402875808e+02,6.835465171874452572e+00
-1.736816538057917967e+02,6.531207210344172509e+00
1.749945762027246303e+02,6.604264582854606935e+00
1.761116801279731874e+02,5.628024171517260754e+00
-1.715583757405053689e+02,5.175665068458823903e+00
1.702105854891848367e+02,1.114504359052392424e+01
-1.767014303241938364e+02,6.690787785975231827e+00
-1.764505605677008475e+02,9.191860124512793107e+00
1.635433005783249030e+02,1.018296863373301520e+01
-1.718817399770568102e+02,8.203315675750024738e+00
-1.763134049357138053e+02,9.708707669941162521e+00
1.598402149107598973e+02,2.092174360065109084e+01
-1.680003363848198319e+02,1.546422318900489401e+01
-1.621680525252268694e+02,1.131200449367616656e+01
1.507239670238191422e+02,2.141437835318764726e+01
6.151794946222586447e+01,4.377406623833382859e+00
6.112448932936349166e+01,1.012976060559435432e+01
5.636826005214137325e+01,1.691186256840099489e+01
5.182316177888729669e+01,1.527654996139747112e+01
8.005056150401674131e+01,1.774486024268325934e+01
4.605690934874608899e+01,1.039324421175281721e+01
7.416279935988416128e+01,8.450787405733525048e+00
7.618207623601865919e+01,1.639590254268442138e+01
6.111313034840439684e+01,2.017122928183128039e+01
8.315857858285460225e+01,1.867070073387512252e+01
-6.379964997476385236e+01,1.273824107875387490e+01
-3.727942790492818403e+01,1.480400665068207466e+01
-7.474112311687102306e+01,1.670701865098122241e+01
-3.245322435162793795e+01,1.691697547144713809e+01
-7.102837097990129678e+01,7.238908885207937516e+00
-8.430175464194141455e+01,1.486782824193615049e+01
-6.171415984502606022e+01,1.560901372675584753e+01
-7.595716498240807368e+01,1.145706420772327938e+01
-7.766482212676945096e+01,1.003421550109935367e+01
-3.020026116410092243e+01,1.423326505477047199e+01
-1.735868879140842012e+02,5.277731523206186992e+00
1.749689282155044339e+02,6.964028708005311152e+00
-1.727220302477481368e+02,1.758316680005525967e+01
1.683084899219066699e+02,2.055483314934419781e+01
-1.684710639777299548e+02,1.749875321194916822e+01
-1.640591307418708595e+02,1.021025830005286927e+01
1.647878924253828359e+02,1.111532960940004777e+01
1.763660663372933470e+02,2.235437188350792415e+00
-1.691195353172935825e+02,1.217539011052144637e+01
1.655037564683976825e+02,8.986045761470851545e+00
1.748233330003691606e+02,7.716134383153947951e+00
-1.715882181834046776e+02,4.936023927310543513e+00
-1.774977996631771475e+02,1.248568990461601658e+01
-1.771439221152877508e+02,1.438998560135113181e+01
-1.780875230888745477e+02,1.405745766135157027e+01
-1.730884321620655726e+02,1.615005831166781647e+01
1.633476041882539675e+02,2.518314231145642168e+01
-1.781960507321253431e+02,1.571861500990794624e+01
-1.661682636876085155e+02,9.687905689429030076e+00
1.657333111035446791e+02,1.885140980990167847e+01
1.746958693510082981e+02,8.235483323669628319e+00
-1.697526385890148219e+02,7.851699736931902152e+00
1.540714755643672333e+02,1.059165860857915220e+01
-1.626358438355642875e+02,1.289916959015280362e+01
1.683972189513582691e+02,1.160191244922169496e+01
-1.664605082074064910e+02,1.324805850357661541e+01
1.765922710240363642e+02,1.068736578791621739e+01
-1.775709723610121671e+02,1.224530425091796459e+01
1.744681027472881567e+02,8.774369397053289887e+00
-1.798987141066349977e+02,1.054198309822005974e+01
-6.890015006009660681e+01,1.366709753858881271e+01
-6.481461156752119734e+01,1.233213967448276627e+01
-6.336386344535647908e+01,1.207763010472003629e+01
-7.071389472973960721e+01,1.289819134035030501e+01
-5.443082447041361149e+01,1.344453116215674271e+01
-7.019887001455107622e+01,1.772005534794129034e+01
-5.477461481845357838e+01,9.461812129589045384e+00
-6.620255078845126206e+01,7.644633987876529702e+00
-6.235695146149296875e+01,5.019275416243964116e+00
-6.097841699976429197e+01,6.302945439829164442e+00
-1.721988361042497218e+02,1.126718287329176960e+01
-1.634842664098933369e+02,1.292507125562671888e+01
1.606197955258406296e+02,1.482236868545144937e+01
-1.784311817154748212e+02,1.055306267687164201e+01
-1.600793644553287152e+02,1.224416006883163632e+01
1.626209529503067870e+02,1.331360046414187082e+01
1.589829244699562025e+02,1.508080711755287595e+01
-1.570643856143773007e+02,1.722631845134236528e+01
1.562158663646987407e+02,1.489086789053400928e+01
1.686660677096351151e+02,9.449959243485469784e+00
-7.441662168522182697e+01,1.942859155653167136e+01
-6.567025898818450003e+01,1.499188030631747637e+01
-5.792906448305343048e+01,1.363783074797910189e+01
-8.011581298601541334e+01,1.890726076117295662e+01
-8.052710677167340236e+01,2.196772778263600401e+01
-5.961380533428130946e+01,1.674898647534199370e+01
-5.308365466997474869e+01,1.710802430341633240e+01
-8.882234331650040815e+01,2.355116030244833425e+01
-6.062816518055159065e+01,1.854747554138160481e+01
-5.982081574403419211e+01,2.207041124707710367e+01
-7.642035405356705269e+01,1.203144851726146669e+01
-6.372436692582177642e+01,1.237450398701120058e+01
-7.573012847894065658e+01,1.223254761643897126e+01
-7.249368041765220028e+01,1.789236221796570803e+01
-6.883989537300071504e+01,1.287908659952785939e+01
-7.744116208230489917e+01,1.131260481712837773e+01
-6.099480859747611561e+01,1.586228926560272612e+01
-8.388195032186840194e+01,1.464426553107868401e+01
-5.732488931488373396e+01,1.333784970376461665e+01
-6.254614450267902015e+01,1.100662927902180321e+01
-1.755437094886807188e+02,1.866493909649169325e+01
-1.760032845812185940e+02,7.360344991087854893e+00
1.699999309789938025e+02,5.243213695523142981e+00
1.769923078916943666e+02,7.174741166839476492e+00
-1.688512127544191230e+02,1.073775553405493355e+01
1.622342584937133836e+02,1.185087801344705838e+01
1.716385421215861697e+02,1.098144876925966784e+01
-1.631626801565099072e+02,1.426600636815269141e+01
1.635196345057318013e+02,8.764534326476692172e+00
-1.730158362443831663e+02,7.221423793123268098e+00
-1.744456670052823597e+02,5.182380213447524753e+00
1.658794144714996150e+02,1.289918470182711729e+01
-1.725560679585427124e+02,1.022730642116534305e+01
1.728055334082096408e+02,8.761668131915264723e+00
1.656259602430827442e+02,1.045504249005352548e+01
-1.790041227100720107e+02,9.867874454633419390e+00
-1.794785891890724372e+02,1.462471219805635769e+01
1.592973203982644179e+02,1.400307066697439673e+01
1.777008083875667808e+02,1.145833037954981037e+01
-1.712877588014651451e+02,1.447121110711117176e+01
1.784124720752293172e+02,1.783992404761467299e+01
-1.774966414471477094e+02,1.652222440527201286e+01
-1.709532148889221617e+02,1.862734215574838359e+01
1.546509771651039102e+02,1.146247408878432061e+01
-1.742598506335657476e+02,1.067098415918755450e+01
-1.682908937561673781e+02,7.626421670358201510e+00
1.490568701451231846e+02,1.731559675871876181e+01
-1.700771106636929630e+02,1.559251981122969966e+01
-1.699405618304389805e+02,1.199047648394141419e+01
1.515117015508555767e+02,2.072298085952899527e+01
-1.679554094346528643e+02,1.417455440306021863e+01
1.649520563209494810e+02,1.904719761295661584e+01
-1.685445565376593322e+02,1.069526041599579713e+01
-1.724542428140887580e+02,1.723319731341389272e+01
1.662337633681747775e+02,1.256332049889882185e+01
-1.716358186823260041e+02,9.082002147972591644e+00
-1.798720122673050525e+02,9.194050806333430970e+00
-1.747244494006218076e+02,1.085509557440487072e+01
-1.624480249757514514e+02,1.405410268059179124e+01
-1.770364552221528527e+02,1.582176123610006613e+01
-1.681158785447545938e+02,1.178696716169949354e+01
1.676457523410250303e+02,1.321389859470811068e+01
-1.739843470942339252e+02,9.174945201706393050e+00
-1.584860994295824526e+02,1.007170155256241806e+01
1.574132764674837688e+02,1.213201013034754894e+01
-1.726413634868879114e+02,1.002606663714731283e+01
-1.604575647800888873e+02,1.289296201680751963e+01
1.577472728448567807e+02,1.898832837704043897e+01
1.676700799616171196e+02,6.710227976215580981e+00
-1.641972502373141651e+02,1.293315124465480537e+01
-6.174295744621094428e+01,1.147817270009100987e+01
-5.999379552550193040e+01,5.278174806861088086e+00
-6.213601319272898138e+01,1.164580617574853783e+01
-7.799010622297417683e+01,9.999684641096591164e+00
-6.303398747636855859e+01,1.376472296168929610e+01
-6.631933402560621005e+01,9.410076304243450096e+00
-6.590195948296849338e+01,9.072020970374158111e+00
-3.360331323620433608e+01,1.702211188860565017e+01
-5.804828726803015115e+01,1.701980113785230486e+01
-3.795688716172516308e+01,1.989830177369740483e+01
-4.223233599763977963e+01,2.463696882795594689e+01
-7.190055281221802375e+01,7.294117506078939606e+00
-5.425586183025758658e+01,2.035690385162374128e+01
-8.601626132602507369e+01,2.411976946175006020e+01
-7.739390660519617882e+01,1.550499279447647893e+01
-1.847367831454960907e+01,2.182374713076686135e+01
-5.403599693659104730e+01,2.189386491148846048e+01
-9.136315574270810203e+01,2.387895817105079033e+01
-2.100847343395853528e+01,2.514589051983211476e+01
7.759708760308602571e+00,2.988879672170719815e+01
-1.796368295156438251e+02,8.161042533057527137e+00
1.774483974932603587e+02,1.805489394265498504e+01
-1.793656211371885831e+02,1.825997954567995762e+01
-1.704711500183253747e+02,1.323506891008851660e+01
1.701682868938075899e+02,1.647634983846044321e+01
1.773505394514472471e+02,1.171066093486465576e+01
-1.681910023586311809e+02,8.730451267405561211e+00
1.646199089799991384e+02,5.252540121427068165e+00
-1.647532455360933454e+02,7.850694050058898199e+00
1.739438368157441630e+02,9.762915079652774608e+00
-1.198249676230391572e+02,2.536778726372843806e+01
-4.648422816509678057e+01,1.752254235221960954e+01
-7.994416700322632607e+01,9.726252168599774706e+00
-8.479252105180825083e+01,1.166531178435156058e+01
-5.092933647773483585e+01,1.657422545203379372e+01
-6.029222611653634800e+01,1.598026996654069620e+01
-7.304278335646587550e+01,1.407113987117230991e+01
-2.321616381165311793e+01,2.398261226032794013e+01
-6.633025358798704474e+01,1.248632970842225909e+01
-6.108314588382376797e+01,6.892018066451791825e+00
-1.513585752594375151e+02,2.566546486314086906e+01
1.548027977230220245e+02,1.638568563847039172e+01
1.639025425199970982e+02,1.374090284632048053e+01
-1.572496293445595938e+02,1.978784259130901546e+01
1.725299456036102583e+02,2.311820456505836674e+01
1.601377193745192358e+02,1.524770510949426594e+01
-1.570845708720328275e+02,1.331483317449970016e+01
-1.799643107783547578e+02,1.166079517222418716e+01
1.619430594348626471e+02,1.112181248655758203e+01
-1.572677447501873758e+02,1.105135769159298142e+01
1.758979582386581910e+02,1.026112055375503118e+01
1.715037499630671505e+02,1.264988445981571275e+01
-1.631327531703822444e+02,1.610334491567073201e+01
1.747565675315409521e+02,2.364999271700584416e+01
-1.796025226613941470e+02,2.532402464146465348e+01
-1.654112144266462394e+02,1.965006498662960155e+01
1.706804937943242919e+02,1.771936027516942147e+01
-1.600398005003510207e+02,1.475242035734341783e+01
-1.756029653842678613e+02,1.832411499444261338e+01
1.594038808322298451e+02,2.026051062750137532e+01
1.726931246534021511e+02,1.100648314010650708e+01
-1.785446796273712096e+02,1.091390960431337476e+01
1.772658257685495471e+02,9.692397202892525598e+00
1.630558321231288801e+02,1.011996640155709315e+01
-1.712529251705626905e+02,9.673701225819115734e+00
1.660024099807874904e+02,6.974974303739017500e+00
1.798074102458029415e+02,8.095070759166700824e+00
-1.782427414990938530e+02,4.262468199059295415e+00
1.645776856066664493e+02,1.154405302242619058e+01
1.799484304994366539e+02,7.539487333139657466e+00
1.745224857558196447e+02,8.349275911054910182e+00
1.668261292306988821e+02,1.089365155418571973e+01
-1.547201701880010205e+02,1.177794924754281247e+01
1.648292227214212460e+02,1.131242631591323189e+01
1.619399311590828177e+02,8.923201941477207910e+00
-1.551804573232246014e+02,1.898750451998822797e+01
1.539235949668584738e+02,1.218623873474567887e+01
1.522362073341590758e+02,2.073047628262568054e+01
-1.635125413176826612e+02,7.761041588207669761e+00
1.719382665478061085e+02,1.674911749473738709e+01
1.494875867389694406e+02,1.313932569761805169e+01
-1.620315269199470549e+02,1.441773603932610293e+01
-1.779436629670460945e+02,1.120074455300093419e+01
1.537667387148165403e+02,1.239077865827172786e+01
-1.620441101759891751e+02,1.216113286069894883e+01
-1.765320970101514604e+02,8.985746102727514284e+00
1.612974644020219444e+02,1.616513133830049043e+01
-1.665485952879774914e+02,1.608869300069030217e+01
1.798238078944172287e+02,1.159705003535050416e+01
1.715369225600805976e+02,7.097670840262495062e+00
-6.493979230715368089e+01,1.119593116304449332e+01
-5.673007538374248071e+01,9.843218086312866433e+00
-7.148821315151522526e+01,1.324447286574311633e+01
-4.819032849124273810e+01,1.168392500516479693e+01
-6.685459446365284464e+01,9.162353779314216240e+00
-6.132988773238833602e+01,1.027180634754812161e+01
-5.453533298941677998e+01,1.188299388059305528e+01
-5.717463029464281021e+01,1.264619462953628926e+01
-6.671418606356218106e+01,1.458080792274170889e+01
-6.866224465672088684e+01,1.685163375192812651e+01
-5.416701730245053881e+01,1.298566331550723163e+01
-6.368213153296207452e+01,1.523534979089397723e+01
-1.027900464985179667e+02,2.008782762225573038e+01
-6.698623018685783848e+01,1.073660218823779289e+01
-5.270160698909216990e+01,2.000502987628610896e+01
-7.167107516080967855e+01,1.469597989578548791e+01
-9.070945701272036388e+01,1.700996718697799537e+01
-4.540183538539129415e+01,1.773432796171872283e+01
-7.831905801660474253e+01,1.207432471786172812e+01
-6.968909791089372163e+01,2.434222044548904407e+01
1.707596994017415000e+02,1.661761169615044764e+01
1.592673395885614127e+02,1.730219215799304777e+01
-1.610563329538474875e+02,1.026240207652266534e+01
1.645797404755833497e+02,1.767703956950657584e+01
1.749689708563948898e+02,1.003630304170976117e+01
-1.674477017424783298e+02,9.617978059856390871e+00
1.629944774854136824e+02,6.825447206721388049e+00
-1.794106851072369864e+02,8.115882255909106391e+00
-1.701978373086705005e+02,1.065514412414768941e+01
1.670835426891541715e+02,1.456631404099619864e+01
-1.632849731899556218e+02,9.676862860449716663e+00
1.597704656178087816e+02,1.196230832450627624e+01
-1.781258426340498033e+02,5.271763560378630586e+00
-1.638532700445392436e+02,8.908096581077039389e+00
1.558852340481129488e+02,1.154025844902207609e+01
1.748275915056061081e+02,9.332645234008033697e+00
-1.552673606445319763e+02,1.314375099575058314e+01
1.610313395785904333e+02,1.148621922576980658e+01
1.695890948869103738e+02,9.631189363685443539e+00
-1.570015938601244443e+02,1.731256651178237149e+01
7.880965030293589280e+01,1.424597142713977682e+01
3.898071724068825716e+01,2.058222605617281431e+01
8.637292055045489292e+01,1.896518965492811049e+01
6.971708228261817908e+01,1.362867046243768776e+01
6.728199513730788794e+01,1.017947505377858519e+01
3.422193924215187621e+01,1.829890445556434031e+01
9.116311500237532073e+01,1.509445446222354015e+01
6.442397398487842963e+01,1.906377775725580648e+01
7.037838933480323078e+01,1.365536661128987816e+01
4.550269094374866086e+01,1.713669780131187537e+01
1.797385926041291953e+02,1.203085346001708089e+01
-1.615167838380223770e+02,1.340208057902598604e+01
1.665307507242181941e+02,1.477207844177211804e+01
1.799356531304282782e+02,9.952767648615473917e+00
-1.332210754459302109e+02,3.613801268342606932e+01
1.758090552834316895e+02,2.669862921743913731e+01
1.701116273335836979e+02,2.065464614146816658e+01
-1.585040654558127926e+02,2.051624161926521950e+01
1.755160297522251085e+02,1.837936896514149510e+01
1.733520568250473559e+02,1.722618117155655426e+01
1.653315470072681705e+02,1.005058733513951630e+01
-1.645047406848914022e+02,9.813835841618988809e+00
1.759563926549348878e+02,1.033575715319831367e+01
1.716550638433741653e+02,7.943644953708059120e+00
-1.719788198035823257e+02,1.050118416645549857e+01
1.692347804517356735e+02,1.521345824399216085e+01
-1.791365683222220468e+02,1.094901581816787584e+01
-1.529948377066633896e+02,1.738301382341399659e+01
1.612339947641346498e+02,1.019378722511553192e+01
1.752864957196603655e+02,9.821285578105852565e+00
-4.885975483099569772e+01,1.075250948202480217e+01
-7.949637855478266601e+01,9.575492183463857998e+00
-6.023502787226624378e+01,7.989332087123470316e+00
-7.985963371847016390e+01,8.359614912067282688e+00
-6.321863874111578951e+01,7.441659404415799983e+00
-6.870438882837051153e+01,7.245294081600421876e+00
-7.468938019126946415e+01,6.386046058276461324e+00
-5.148922307500088635e+01,7.558532363679180577e+00
-6.231855002567350965e+01,7.392433248844300309e+00
-4.855902833417762565e+01,9.076149760544893752e+00
-5.365008309905387307e+01,1.871957933419017905e+01
-6.280698270428194974e+01,2.895275934863722256e+01
-5.928178750229493232e+01,1.562187099988708638e+01
-5.600676099911969885e+01,1.877025209027260644e+01
-7.586155662489314011e+01,1.445861862061043901e+01
-6.923761540363129541e+01,1.374144303302722925e+01
-7.331825391027703631e+01,2.617656969280863066e+01
-7.298862238780600364e+01,1.351382185257327961e+01
-6.630772224935523695e+01,2.620139779531995217e+01
-6.984233838282686690e+01,7.991076661222470179e+00
-1.767215288917140583e+02,1.246778964076904472e+01
1.712763236334612031e+02,1.443392942268652668e+01
1.769744278675985640e+02,1.373221733607459782e+01
1.765557970717279659e+02,1.994477378228026865e+01
1.775150566652036446e+02,1.186964050166847429e+01
-1.762245524860195189e+02,1.939823939814832343e+01
1.711575621582865665e+02,1.335318232854759124e+01
1.704672405962015773e+02,2.245406475223921205e+01
1.780375546623187972e+02,2.196271480193207637e+01
1.728791315944106941e+02,1.642088099756816533e+01
1.689642420007399437e+02,2.102496152850327604e+01
-1.775959165017162320e+02,1.950619924712128039e+01
1.675435564300672979e+02,1.612393279253242184e+01
1.697995168357207660e+02,1.399350316511492842e+01
1.768228929351490990e+02,1.701279126015423060e+01
1.735111002705567671e+02,1.635574867501099661e+01
1.693905358951283517e+02,1.784259734340223602e+01
1.718614637213227070e+02,1.021420511919973961e+01
-1.728974918542465957e+02,1.423028208178301313e+01
1.628719166786665085e+02,1.666640226967855298e+01
1.764294346162905356e+02,8.200648157223564994e+00
-1.714241767030803487e+02,1.305762100211125620e+01
-1.740444926941005406e+02,6.696670754341635501e+00
1.684712994343927051e+02,9.432745237222796675e+00
-1.760600857637211618e+02,7.693517406585177909e+00
-1.790106019948024993e+02,1.078638634859451351e+01
1.720326162931869760e+02,1.679765625694402331e+01
-1.690515807007310229e+02,1.733142412504093954e+01
1.737077109591879776e+02,1.118320645285596271e+01
1.634140502209517081e+02,1.219897767931837862e+01
-1.117835908725659948e+02,1.748647891597715542e+01
-4.997173146127546062e+01,1.180799944639014143e+01
-5.640057357332224086e+01,9.507363295837704342e+00
-9.241181280747163385e+01,1.124985619833993944e+01
-5.646654103040454942e+01,9.084844509021321457e+00
-5.768711201078601647e+01,1.121687269541439136e+01
-7.853501970736701310e+01,1.508463949505395796e+01
-3.136225992684983765e+01,1.859910190701980781e+01
-8.388128215715650526e+01,1.655685967307091744e+01
-6.882907168736744552e+01,6.106470473806528076e+00
-5.536727816597377227e+01,1.008299502814192650e+01
-9.413668476044496458e+01,1.305014518640215826e+01
-6.286721283268009586e+01,9.217011787498066155e+00
-6.682378038920811036e+01,6.011341611316478151e+00
-7.075059520183543782e+01,1.115406738949764076e+01
-5.241999611667667125e+01,1.288552590707305967e+01
-7.592303567226822736e+01,1.592678197803378026e+01
-5.501282807345972259e+01,1.336545107183742687e+01
-6.148481674031846467e+01,1.041464995732211030e+01
-6.531433933779894119e+01,1.258951579822960021e+01
2.823210868423079134e+01,1.967714980313975559e+01
7.683866342181214293e+01,6.208142466668827630e+00
1.117972363231352517e+02,2.027541441117134013e+01
6.124320896465925301e+01,6.982702438370385067e+00
1.496881826872881405e+01,2.157110206210484904e+01
9.052770104714461752e+01,1.369555955932967350e+01
3.616555033039298905e+01,1.781092221852733815e+01
6.583801289059965711e+01,7.924498797132502048e+00
9.140100578687896871e+01,9.691436103239871258e+00
4.033401731073413998e+01,1.496297561421740951e+01
5.628925322661572750e+01,1.259132256215960766e+01
6.205328860578913464e+01,1.016365224367519104e+01
6.043059730182550737e+01,1.344463050465193632e+01
6.442579525531105844e+01,9.584319851710699112e+00
6.555581284206684245e+01,1.645045080326893583e+01
6.150103816064280693e+01,1.452463293082163887e+01
6.407481442233772384e+01,1.522707698523168673e+01
5.868761531182258295e+01,8.523948297711729793e+00
5.462685028703675272e+01,1.278812777490575847e+01
6.235833783461848157e+01,1.129596717695004138e+01
1.776945552485036046e+02,6.381364922522511307e+00
-1.771795089980229818e+02,7.948856846974626578e+00
1.748628201504272397e+02,4.449952685781206618e+00
-1.709245856575596747e+02,5.140592874698144854e+00
-1.733992432158263739e+02,4.134435112998207984e+00
1.698481641040834802e+02,8.797004479539486610e+00
-1.734113038036522028e+02,1.145001057666811661e+01
1.790497144124043700e+02,1.148242654211426483e+01
1.742879527378336491e+02,1.388434908905565024e+01
-1.709525337290248217e+02,1.045371878713408442e+01
1.720718203165223201e+02,1.011531828727801496e+01
1.737567404207414654e+02,1.076417360448756533e+01
-1.689453003631765000e+02,6.919927249995990515e+00
1.708062299097323091e+02,7.159647502580591016e+00
-1.781879499332895023e+02,1.221496736253942617e+00
-1.714660273885885147e+02,3.988385711838040137e+00
1.702696637826358597e+02,5.185955593431954114e+00
-1.743050894056519837e+02,5.461638495368012158e+00
-1.776629608140620178e+02,7.980690815898761059e+00
-1.781376356411231257e+02,8.811989778218945801e+00
-1.795688714748560528e+02,1.683227514615863996e+01
-1.723108597398418453e+02,1.671108371697953743e+01
-1.744815233099606644e+02,1.518541313972264639e+01
-1.774657383351569706e+02,1.398122719950779747e+01
-1.748745750798504730e+02,1.360397823202751155e+01
-1.744042010192315502e+02,1.778900658817238778e+01
1.690543694134068176e+02,1.937893653207786215e+01
-1.636170585228807681e+02,1.489213293115168213e+01
1.756791837873689417e+02,1.680403817110941489e+01
1.732890159799007677e+02,1.113339794229887580e+01
-1.615393246521610706e+02,1.346756067412865221e+01
1.768524645317461648e+02,1.430468732748216709e+01
1.669092647021848848e+02,1.627421671235568112e+01
-1.532090601056765991e+02,1.427092210737560229e+01
-1.784824620919166591e+02,5.277485595518834671e+00
1.649004527559544329e+02,1.218391767859773367e+01
-1.592586742731377001e+02,1.219865951533423853e+01
-1.759296067988983054e+02,8.014583901115617692e+00
1.632741726999865932e+02,1.187288067579336825e+01
-1.711199647325534841e+02,1.103226951392163002e+01
5.417552495857461281e+01,1.251674065216113796e+01
5.898191271393385193e+01,2.073197004871351368e+01
7.849887012175565815e+01,1.866047256016849332e+01
4.114563622478247140e+01,1.360690353191258950e+01
7.264264601633009022e+01,2.138487877684616478e+01
5.044338718660077348e+01,1.083852895064060462e+01
7.166695706515704956e+01,1.025695114071193537e+01
7.079365670736214611e+01,1.557051812501991606e+01
7.158229256865872969e+01,1.148563704957119747e+01
6.205531318181206757e+01,1.092694754539443025e+01
1.638684910277846996e+02,9.368276669136234247e+00
-1.645379266336761077e+02,1.123531157942410630e+01
1.669363245511943887e+02,1.218303197784875280e+01
-1.684579489764579989e+02,1.429564628088892775e+01
1.751753942705557279e+02,1.139430942059108709e+01
-1.679119964589653193e+02,1.530287178288221384e+01
1.561067659590979133e+02,1.092323888705780632e+01
-1.630020576377886812e+02,1.120959621925595862e+01
1.746287197697843396e+02,8.027515379844572863e+00
-1.795352166267275607e+02,1.448266148333246406e+01
1.694410120623891771e+02,2.238322820795760748e+01
-1.669014559182108712e+02,1.890962418912445031e+01
1.622595810578687576e+02,1.279300606015426212e+01
-1.656971119872338249e+02,1.252264525004827078e+01
1.738503511251119846e+02,1.221954984453561011e+01
1.761288357778241220e+02,2.025868923566461177e+01
-1.711216342191590059e+02,1.263188767191268802e+01
-1.795210988267890286e+02,2.186431876822702947e+01
1.675131611490129444e+02,1.265058512949096325e+01
-1.693322738403341532e+02,1.783296629728891602e+01
-1.785668608897341585e+02,3.987075342124520638e+00
-1.769348808119407011e+02,8.460731203209196138e+00
1.738601816276896272e+02,8.558690704450874875e+00
-1.773475091835358057e+02,6.791222011082668431e+00
-1.778862531278569179e+02,5.413735600538791992e+00
1.769721042032035996e+02,9.185230509681883149e+00
-1.729704951433575673e+02,8.059980479863233072e+00
-1.765933097462275896e+02,1.047886252344116897e+01
1.790018215868163338e+02,8.185855514741106731e+00
1.784988332490054290e+02,6.726034064361789078e+00
-5.818816938220196988e+01,1.126470036643825168e+01
-7.584405065562388870e+01,8.966591861161759880e+00
-6.459025401370273300e+01,8.311296413865933985e+00
-6.510550756307063125e+01,1.006195660449790097e+01
-5.821901601051207109e+01,9.635855663629911305e+00
-5.822946996116476015e+01,1.712169261293615108e+01
-5.279312837665721503e+01,1.022838096999183577e+01
-8.377702548463030041e+01,1.083187329605449811e+01
-4.474675438824878881e+01,1.165803298948443256e+01
-6.418990666827717462e+01,8.004101516938709082e+00
-8.133553914993217404e+01,1.847715245464841871e+01
-5.680201929578116449e+01,2.190298778667185786e+01
-7.180439565526282308e+01,1.825076273916999980e+01
-5.588091486974482081e+01,1.072660583069920470e+01
-3.352544172052698457e+01,2.109133661259679826e+01
-5.659382292801959125e+01,1.804086918142403562e+01
-5.117631207260656367e+01,1.533151323360265295e+01
-5.607970979141717294e+01,1.445188912951473270e+01
-7.711436014748822743e+01,2.158705574608270439e+01
-6.409350988963639395e+01,9.936761165904790971e+00
7.894588551975040502e+01,7.587513817372787628e+00
6.413256649399006903e+01,7.435022719833968452e+00
7.388772037578887364e+01,6.561990952735428095e+00
6.515678046945372159e+01,6.760163762211755412e+00
6.855245165576685906e+01,4.885740219469028034e+00
6.951886769896181306e+01,3.817127784218195430e+00
5.372795632129468402e+01,5.392875843089155907e+00
5.915120060419967984e+01,6.810772364508975940e+00
5.414955945846718066e+01,1.059173845899244881e+01
6.002057040801570764e+01,9.564911586577748537e+00
-1.711523984434809620e+02,1.396141635305998285e+01
1.644703007320877362e+02,2.260206579979203667e+01
-1.734812259923951387e+02,1.320285814656128487e+01
-1.738765735336673970e+02,1.678943691695190665e+01
1.704621507320934768e+02,1.076684421558036320e+01
-1.686349783380262295e+02,9.128827385229103086e+00
1.702643807124080411e+02,9.790198165056075652e+00
-1.735676854460691914e+02,6.515213699342901066e+00
-1.780860204635770572e+02,1.085461466863185898e+01
-1.754250553008756413e+02,5.723793838978808779e+00
1.741161599835888012e+02,1.065408802091408447e+01
1.722438296317053812e+02,1.512204146083608514e+01
-1.658424660122465184e+02,2.238911566846941170e+01
1.754246476605621012e+02,1.322568135518297794e+01
1.764367255119296374e+02,8.042305953126470897e+00
-1.662165307570766402e+02,9.086635025265129784e+00
1.605117651194271104e+02,1.095331414816661741e+01
-1.751707362563064692e+02,1.058047541708536521e+01
-1.768624824067413215e+02,7.676884841991894248e+00
1.791751289156789539e+02,7.400745202975905102e+00
5.635912533092660226e+01,1.545777117825090130e+01
7.258590488600539459e+01,1.782244612883844681e+01
4.517787637852766380e+01,1.262601112883960219e+01
7.936195430465393486e+01,9.528512631821602241e+00
4.792196030440452859e+01,1.430346984291401924e+01
6.875159122469972317e+01,7.773579615068451076e+00
7.925547988733828220e+01,1.225126003320441370e+01
5.448255409053051324e+01,1.031505653693359115e+01
8.262135690297917279e+01,1.200538685517810045e+01
6.652809042318077104e+01,1.080173843652411314e+01
1.794201678612232911e+02,1.633622498618162311e+01
-1.740356671104727297e+02,1.159511252367337164e+01
1.716911045876773869e+02,1.864222098659487870e+01
-1.735019201119415868e+02,1.450220931645230493e+01
-1.732701049564325331e+02,2.839588729320597338e+01
-1.771482090834603298e+02,1.482302064585026535e+01
-1.749729201257181046e+02,2.542322572606421716e+01
1.603417455316784697e+02,1.179244032289408395e+01
-1.581002750802717856e+02,2.898831374947057782e+01
-1.770174688721823770e+02,1.440824731445963280e+01
3.059217017293643792e+01,2.731534609352626219e+01
6.621252097992025654e+01,2.519754311886756071e+01
3.532453944460144157e+01,2.339768269272105528e+01
6.449782185263178746e+01,2.433046446655349726e+01
8.405175333951916627e+01,2.863540425027779435e+01
5.709593334249220931e+01,2.016023893348335250e+01
7.448495645355247063e+01,2.503545392154129701e+01
7.848238187060648841e+01,2.078643519647262750e+01
6.362704498840012945e+01,1.305184174185376378e+01
5.585246197329866646e+01,1.519470541544253450e+01
-1.449963499018538187e+02,1.648233219588832910e+01
1.570267968947013060e+02,1.949175995697337882e+01
-1.542829782494336257e+02,1.522339393778352168e+01
1.578047792314795572e+02,1.110564328183162530e+01
-1.692611806736749998e+02,1.032070755205658052e+01
1.680003802481231787e+02,1.414953132288699145e+01
-1.683531661232576084e+02,1.124569028416039096e+01
-1.670158230039124305e+02,9.583435927799177634e+00
1.464017345201555429e+02,1.543803793735472318e+01
-1.546612078795906200e+02,1.103477632687129173e+01
1.570467965004991697e+02,2.757618822023253458e+01
-1.793472763508972889e+02,1.537531879338533258e+01
-1.573216901549073725e+02,1.682009100393057111e+01
1.632787780329271641e+02,2.104671291432834579e+01
-1.767635244635523009e+02,1.711208005462703952e+01
-1.768471675624550414e+02,1.825933959072687429e+01
1.692395057202479336e+02,1.294919733355105507e+01
-1.674865858960042431e+02,8.988725666279727022e+00
1.775468005231468567e+02,1.356181393873318619e+01
1.671526321115343308e+02,2.313955350287078261e+01
-1.556701152318133268e+02,1.950894897529704508e+01
1.589263866486743098e+02,9.453468491345727642e+00
-1.694026322801526305e+02,8.982183035037291319e+00
1.612022266044119476e+02,9.611366230506783737e+00
-1.617900695645904818e+02,1.327436125826651292e+01
1.703768157148329578e+02,2.054602628497763916e+01
-1.569051300514809668e+02,2.763330319570732740e+01
1.675806220437571028e+02,2.276225890471354774e+01
-1.657543034533449884e+02,1.918503849861513899e+01
1.770432413747978444e+02,9.921367989524997100e+00
1.772213477182494330e+02,8.072540236326949170e+00
1.797201879766574848e+02,7.414857528713786117e+00
1.561836005717273110e+02,1.091019213542354471e+01
-1.578899147887196648e+02,1.008781380957720586e+01
1.725822243737756594e+02,7.489981293181575239e+00
1.680639467269776333e+02,1.286524446290297874e+01
-1.770783563634348354e+02,3.047661980227485135e+00
-1.662102387660287945e+02,1.062596501985361108e+01
1.683158016050760466e+02,6.792892798073864924e+00
-1.769149188228942364e+02,6.875037583615212000e+00
1.419699368270784987e+02,2.510330278515530011e+01
-1.350504879376693168e+02,2.242542594999138572e+01
-1.365108608025269064e+02,1.603027755687742228e+01
1.394099545726689939e+02,1.353462175626969710e+01
1.075036559228937421e+02,2.381702787066477356e+01
4.632592575338736651e+01,2.038693984263553460e+01
4.990622385496430979e+01,1.459634248442617377e+01
9.750959520571552730e+01,1.506926185046505928e+01
3.852222887502905024e+01,1.115521615146446521e+01
6.347509996331583437e+01,8.526581215676015901e+00
-6.295971958534943269e+01,8.545720735608060892e+00
-8.237628096311074444e+01,9.466863468585763997e+00
-6.091868549176741965e+01,8.013565389727803634e+00
-6.648679708397509103e+01,1.170616441937952956e+01
-5.568934015809954019e+01,7.858953371354012063e+00
-5.800696154662237802e+01,1.058504605154720579e+01
-4.740578037616094775e+01,1.931439632105595550e+01
-4.821346774876545993e+01,9.800784597830052292e+00
-6.456262767275111969e+01,1.396306401993863133e+01
-5.494011563705068113e+01,8.687384007530209118e+00
-5.951656598696035871e+01,9.414982943779087066e+00
-5.922029381473187470e+01,1.115748659125205933e+01
-5.293882784324313207e+01,9.904496168700376302e+00
-7.112292667463357532e+01,1.518105396552934039e+01
-6.069400703008808051e+01,7.487165999612759748e+00
-7.405409031953549004e+01,9.749415159532237141e+00
-5.990086870290941334e+01,9.608522540666145417e+00
-6.907626879031171541e+01,1.437881718016625499e+01
-5.343273125444638794e+01,2.138373942804053129e+01
-6.720617090361304236e+01,1.896126734168478123e+01
6.833523971726590673e+01,1.202281492054651935e+01
5.690415307200682804e+01,1.188339494652546158e+01
5.909949045029289039e+01,8.485026388933752273e+00
6.741933481502914560e+01,1.115535729692272326e+01
6.873535800393143802e+01,8.363950242969746540e+00
5.538000505644712490e+01,7.777645240253139747e+00
5.954669050097199090e+01,9.832961757979024497e+00
7.087127493976223036e+01,8.025183328076252565e+00
5.377473521036033333e+01,7.037827917823565649e+00
6.499656674085132124e+01,6.475780236567990400e+00
1.335550795871616288e+02,2.145777324993537150e+01
-1.352386347813822454e+02,2.001918124365450780e+01
-5.728044220576323653e+01,1.341235767496987208e+01
-4.818348456261654889e+01,1.218962136626388393e+01
-1.138160702415442813e+02,1.655087810200641485e+01
-1.248182570272033303e+02,1.565654087802739269e+01
1.722798672897971812e+02,5.647136823327419286e+00
1.194008760088670584e+02,1.696145225225744468e+01
1.255357963334157319e+02,1.616096560136547922e+01
-1.656899060789303633e+02,1.038675157118017367e+01
1.668771027728404590e+02,1.369370625016174259e+01
1.756714156725310261e+02,8.409174370949800803e+00
-1.717227176477750561e+02,1.862883267740244619e+01
1.784980389527404157e+02,9.008074702303273895e+00
-1.787957725688635264e+02,1.366298924536981652e+01
-1.703863244206053480e+02,1.416130612849842585e+01
1.706204914458203064e+02,2.004078624297069666e+01
-1.788614646770038235e+02,1.595798281453097900e+01
-1.698085278442544563e+02,1.857901224505798865e+01
1.652190072925811535e+02,1.148521512663305799e+01
4.003959587276014531e+01,1.936398403660609802e+01
9.592806930429169654e+01,4.015559779022012776e+01
4.775079296277414187e+01,1.134054118738302819e+01
6.123124618145140374e+01,2.816294591066555597e+01
9.930850733593761959e+01,1.957552064978923312e+01
5.704971100255890804e+01,3.210648909050360800e+01
4.768429100407936971e+01,1.064854467257160309e+01
6.972396776840515997e+01,2.018440586094053657e+01
3.232350027488078581e+01,1.828653984451916159e+01
7.505519905451878060e+01,1.505789553785733759e+01
1.588875048300912738e+02,7.486824573398719096e+00
-1.555564472863893855e+02,9.482559479378496192e+00
1.746223069558599832e+02,7.081227271645492038e+00
1.531017190586146057e+02,1.363453400992121978e+01
-1.712499819417373885e+02,1.496458189270529715e+01
-1.694020970065359961e+02,1.053764725933434576e+01
1.705390484938688758e+02,8.044260517680113409e+00
-1.780840494292378366e+02,1.667844541960061377e+01
-1.724100894897135561e+02,1.748031343260193538e+01
1.554070057969457537e+02,2.708233263955486692e+01
1.739334655046830562e+02,1.397852047607535120e+01
-1.550126030044290815e+02,1.329217140694595223e+01
1.456241217643096775e+02,2.505847964920857152e+01
-1.557627095223034814e+02,2.028102843259108212e+01
-1.481975270600944157e+02,1.800320493087882312e+01
1.320773944756600145e+02,1.465489216480867540e+01
1.219242032709445880e+02,1.726939905241539464e+01
-1.744584959363597250e+02,4.302810858627633017e+00
-1.335757060049519680e+02,1.450310688345406973e+01
1.652619443547863796e+02,4.971212375245676718e+00
-1.582713840831586936e+02,1.614564932357967919e+01
1.703863319091371409e+02,1.790080262587133220e+01
-1.720683512716470034e+02,1.926604844218739032e+01
1.778613473004089371e+02,1.394730713664176136e+01
-1.759137171689665706e+02,1.765949330799727335e+01
-1.661949665929442403e+02,1.741915768804589248e+01
-1.693992523561912833e+02,2.714183892601245063e+01
-1.770124226206976914e+02,2.100262081771886002e+01
-1.678824345443848927e+02,2.124992550605466590e+01
-1.628967439799292265e+02,3.133128454133952800e+01
-1.765710482353730129e+02,2.961599798879609224e+01
-1.555828882599891472e+02,3.265478782413552494e+01
-1.745788573272336350e+02,2.546873176411429185e+01
1.627852608310672906e+02,2.995290658778780468e+01
-1.529400878527645489e+02,1.978662525150334517e+01
-1.662585165526675439e+02,1.155807496136034729e+01
1.611806612989465179e+02,1.713094119191909925e+01
-1.654434412324320078e+02,1.243436108171628796e+01
-1.783351933000177496e+02,1.168729217543974386e+01
1.772880520117727485e+02,1.565717647051669914e+01
-1.793586146152572951e+02,1.003636870791298108e+01
1.761708170455028153e+02,4.423778963119475272e+00
-1.766202562763866695e+02,3.123853925824298994e+00
-1.785994487291554265e+02,2.616780593876644634e+00
1.702982486123216290e+02,7.168119994910249204e+00
-1.699583291807691126e+02,5.846994220275678167e+00
1.672710167998909299e+02,8.019036341075997498e+00
-1.726555423662552187e+02,4.269097111852512505e+00
-1.752687700584733363e+02,9.630139790842466851e+00
-1.775008616046613668e+02,9.393982499362721228e+00
-1.670252223795159239e+02,1.943439625745113730e+01
-1.774886155509610148e+02,1.016844689967862791e+01
1.712826231063049534e+02,1.564497564672308272e+01
-1.778728219231526850e+02,1.803130285259814158e+01
-1.771994587706680022e+02,1.577153519640135215e+01
1.643517048201491662e+02,1.923092309103877540e+01
1.790195912624447203e+02,1.721983927181955210e+01
1.771257899402183114e+02,1.738843603588607678e+01
1.666350384129445956e+02,2.000024237295759733e+01
-1.700152734219266790e+02,1.472622085055810182e+01
4.941196570185592662e+01,1.690795968062377597e+01
7.845819287815741916e+01,1.427513233320817498e+01
5.574843567664739652e+01,1.254972675651099934e+01
6.464292974891843357e+01,6.803074423505753643e+00
7.501412089555921625e+01,7.366429598188950933e+00
5.328629075520552050e+01,9.905719333429036766e+00
7.755635159566509174e+01,9.656954045694849498e+00
4.868901676266323619e+01,1.000616290210475157e+01
6.749488174645257743e+01,1.117486868219879348e+01
4.844516724991056122e+01,9.440478198952881428e+00
-5.545973190528948749e+01,2.953649774181910814e+01
-8.964081109761062294e+01,2.473422719551768267e+01
-4.928482014106298692e+01,1.625616632081729662e+01
-6.094236603638044869e+01,1.661356539962893919e+01
-6.982375976212298951e+01,1.830996091136638526e+01
-7.154478369528067105e+01,1.031806710771334501e+01
-4.720658705148919410e+01,1.847375204692442807e+01
-7.912089730865136517e+01,1.732879874569155376e+01
-7.231478345718541334e+01,1.487351993528310068e+01
-4.888672624611282913e+01,1.684563055918606622e+01
-1.645557686026367890e+02,1.070503726674734324e+01
1.592529898011347598e+02,1.349247795385134552e+01
-1.552928961065310887e+02,1.000046165602554993e+01
1.597109967186555366e+02,7.660374809304872912e+00
-1.698691326912878878e+02,7.670159617190257961e+00
-1.738896183221415868e+02,4.812562313996113339e+00
1.721189838559903933e+02,9.785084195631764459e+00
-1.756193662338501156e+02,4.038735203214280034e+00
1.751798486360137872e+02,6.881269639073781086e+00
1.676984738731114817e+02,9.939554460676696124e+00
1.786048881184902086e+02,1.420186253725529824e+01
-1.706466149493732871e+02,1.860527142154563052e+01
-1.739615189962030684e+02,1.908820270297425736e+01
-1.788244074219759909e+02,1.050566681797978674e+01
-1.724636114150419246e+02,1.510254292263424780e+01
1.700508768831911652e+02,1.276013019592621589e+01
-1.760373165630936967e+02,1.427262983580616407e+01
1.776665712173648615e+02,1.870983726035801809e+01
-1.679805035077408490e+02,1.522777848936728162e+01
-1.761844603799935385e+02,1.477343905346525510e+01
6.904532547537223763e+01,1.461932217546065260e+01
6.086531380795231883e+01,9.441229123490703756e+00
6.123673026886235249e+01,1.414854071414268688e+01
6.842724168120767558e+01,5.413353954471097573e+00
7.044960073423891345e+01,1.674620144292563140e+01
5.956183679374233719e+01,1.218592313888330025e+01
6.298764303200821502e+01,1.645887406405448772e+01
7.635952282138350711e+01,2.597908385660896613e+01
4.841955096842141160e+01,2.089606702572469032e+01
6.552010188969994431e+01,2.289761491660037152e+01
1.569560346297772355e+02,1.406520780157606865e+01
-1.659328186861139045e+02,2.030636110927424554e+01
1.781559518864356733e+02,2.246658082665113199e+01
-1.799626963363540426e+02,1.397283190229210881e+01
1.777870026064398985e+02,1.132767062651279488e+01
-1.744292208457938500e+02,7.499546966445886476e+00
1.727335649631961019e+02,1.154770511383135023e+01
-1.735535265582993816e+02,1.169870802256371789e+01
-1.761242176696615047e+02,1.124945932560386730e+01
1.727392523569273521e+02,1.461549353270116747e+01
5.847925535820739640e+01,2.115615638040175384e+01
6.152391201090712514e+01,2.754356185012929359e+01
4.454843329969626353e+01,1.865879667652484386e+01
8.656979179712183736e+01,2.393504091707906412e+01
6.950503419411370487e+01,1.952935191612165511e+01
5.123185518118615533e+01,2.315129043994531699e+01
8.267541729639134473e+01,1.573949512558372277e+01
5.781443699306948503e+01,1.598567290274679564e+01
5.315921419234824441e+01,1.360542136652989065e+01
8.026304534019413950e+01,1.725387470652203703e+01
-1.180099609692908444e+02,2.788598055822151167e+01
-1.619950344432994314e+02,6.523105158871821629e+00
1.674732972929628261e+02,1.122003230561077558e+01
-1.592566836844026454e+02,8.173769746861333729e+00
1.626110413389912992e+02,1.764517669178879800e+01
-1.637623272203528870e+02,1.161324903144123510e+01
1.538721103045833445e+02,2.091468058708115052e+01
-1.682980265312600920e+02,2.630736353522373250e+01
1.639425393030880684e+02,2.248213017187634932e+01
-1.569537249055277641e+02,2.893242275541327047e+01
1.523077809482961129e+02,1.010870516154726850e+01
-1.579589559577299553e+02,9.100216354092195203e+00
1.688547401817882587e+02,8.092056682165674530e+00
-1.751233607602779330e+02,1.271120530397680604e+01
1.736639581886649921e+02,1.326996802618419835e+01
-1.734441790136320094e+02,8.943957754557072093e+00
1.537748912047320005e+02,1.515142546892894160e+01
-1.615280324966141450e+02,1.280637268697694608e+01
1.708395723618749855e+02,1.498948785915761484e+01
-1.779569068740355533e+02,1.289123471882769145e+01
-1.775359723969231993e+02,5.931856181168171815e+00
-1.680660072179410065e+02,8.301239924947662274e+00
1.742253854645532556e+02,5.644631748253218007e+00
-1.790127419686139092e+02,1.059546241275582545e+01
-1.771305432512095592e+02,5.850842380983529267e+00
-1.793768855415979431e+02,8.387944687206775995e+00
-1.766480165482220741e+02,7.217289551008949644e+00
-1.757731931518066233e+02,4.917217420212083745e+00
-1.782894598580437275e+02,8.647521214229232811e+00
1.664515642714012245e+02,8.772436822135212253e+00
1.675481735017438609e+02,8.835498305274786190e+00
-1.664453418654200050e+02,1.216613258454372826e+01
-1.724568968574606060e+02,1.428197585158501326e+01
1.737884267174837021e+02,1.487751635555799901e+01
-1.651820995579523128e+02,2.468791583531229250e+01
1.662883135686986975e+02,1.574055420691644969e+01
-1.739256342977049599e+02,1.923857486089772095e+01
1.720056021237455468e+02,1.843388928548630190e+01
1.776081547400971488e+02,3.261165217637858404e+01
-1.648409541791507991e+02,2.871988528833880494e+01
1.504245271622628195e+02,2.994139179416694674e+01
1.584164018067451991e+02,2.489290100590189780e+01
-1.411142308473695834e+02,2.678342710739166677e+01
1.706133872478510227e+02,2.331657886745783159e+01
1.462049071454532623e+02,2.668080994048384724e+01
-1.501181968078611249e+02,1.513278430142131903e+01
1.702715185571524614e+02,2.234331371295670010e+01
1.795701562108536962e+02,1.468059095348161414e+01
-1.799503952941016678e+02,1.313625425463022545e+01
1.617850154918032501e+02,2.198200176816277462e+01
-1.630424770918305342e+02,1.302165408337566532e+01
-1.772226034366781562e+02,8.707189802809832457e+00
1.583696781031759429e+02,1.317943662116055492e+01
-1.642857097242294060e+02,9.087774870322011367e+00
-1.659070097960290866e+02,1.089842952528347553e+01
1.483825272426416291e+02,1.572934809026213188e+01
-1.608722364918045287e+02,1.101404189017180357e+01
-1.633605159543696743e+02,1.501478337771284188e+01
1.355498218534744694e+02,2.377875543623872900e+01
1.718695421743892098e+02,1.414346582172629851e+01
-7.269760660383153095e+01,9.108105625168327890e+00
-4.807125856000843811e+01,8.558182981351647456e+00
-7.248614062419200366e+01,7.319970996356430781e+00
-5.045200086951870588e+01,5.805162961535788924e+00
-7.306888737624871055e+01,1.207645103235957862e+01
-6.655472651085042912e+01,1.066996678091110340e+01
-7.150334403215703105e+01,1.043107469349968142e+01
-6.420783779847620565e+01,5.460045522951291197e+00
-5.953420623686192670e+01,9.073234328512167934e+00
-7.993626649183049437e+01,8.038036148597335284e+00
-4.364885127077276650e+01,9.281071040472463451e+00
-7.163942785657299339e+01,1.161371446498023730e+01
-4.809302730331808107e+01,1.603039911664057016e+01
-6.709699064778270383e+01,1.204861393914518253e+01
-6.908913546491083935e+01,1.056437356604557820e+01
-4.799357894579442529e+01,9.642782321636385490e+00
-8.428217258185679839e+01,8.298135996057698804e+00
-6.428372428845806041e+01,6.645122961581568788e+00
-5.403946682506626331e+01,9.291333038099795161e+00
-1.013134799424801002e+02,1.803600158621560112e+01
6.721959831945882513e+01,1.640219171476336157e+01
6.931367447699953743e+01,1.207058218305095743e+01
5.595652183123235091e+01,1.401245566062854309e+01
6.002868203948331427e+01,9.354107281714506783e+00
7.778487348726552852e+01,1.252741426926100488e+01
5.106675989667201065e+01,1.241645392597337327e+01
6.536425791710679789e+01,1.258409815460108661e+01
6.859247797664816915e+01,1.413453727837186769e+01
6.665678943296578041e+01,1.152659176345448699e+01
6.246584914824131118e+01,1.033560280604098480e+01
-1.661090142316362517e+02,1.125300488222295847e+01
1.732301270685773602e+02,7.058955886724417539e+00
1.775910163385744909e+02,8.223553631874231939e+00
-1.729468149569810294e+02,8.374945830756384879e+00
-1.738013361563929777e+02,6.796256041529048275e+00
-1.732280989307192556e+02,5.928586698830759616e+00
1.746956516209302777e+02,6.160099794209108026e+00
1.771560817413543134e+02,5.508567161216820551e+00
-1.726704962133441654e+02,5.092854399185820391e+00
1.790771732937839431e+02,6.876531983496543710e+00
7.395656939729104806e+01,1.093391225258122113e+01
6.678068061003125422e+01,8.329945270870926066e+00
6.512476004087687897e+01,1.123575943657221643e+01
6.872828932145418435e+01,1.215399145833804617e+01
5.312638064216561418e+01,1.753761427281257923e+01
8.298711173166637423e+01,1.790839474341667525e+01
5.565406515610035143e+01,1.550192406432064018e+01
6.054846654598777178e+01,1.478342802633247111e+01
8.874961063276833784e+01,1.915052932650301543e+01
4.793638554322004097e+01,1.280617981313491427e+01
-6.600508710941200263e+01,1.742058534381562751e+01
-7.181193440382656945e+01,2.334906895724844134e+01
-5.976061216650505514e+01,2.392846074983197724e+01
-6.601056597399882264e+01,1.677081615014489913e+01
-7.552967593889250963e+01,1.643272985508068729e+01
-6.788254993812151383e+01,1.684949246056892491e+01
-6.464198568962773095e+01,1.792487698427537879e+01
-6.673518970670927786e+01,1.552768549447039348e+01
-6.377700833321455320e+01,1.556236996894006808e+01
-6.952352344942644891e+01,2.098588889405921876e+01
-7.683933814368775472e+01,2.252417069660133819e+01
-4.894038997562248028e+01,1.433560522895368550e+01
-7.946514946931981171e+01,1.480938569226970003e+01
-6.266504662155021776e+01,1.722369140101839946e+01
-6.283149010630964426e+01,1.944220298430568761e+01
-9.511871522617184382e+01,2.963209356082119683e+01
-4.342754078249020466e+01,1.689313129733228891e+01
-6.215678216230267594e+01,1.149974612617552161e+01
-6.601452442690111866e+01,1.277422819764866802e+01
-3.484421460465944875e+01,1.753003939882228224e+01
1.792917288545187091e+02,3.666279088375569373e+00
-1.731330446400805272e+02,6.709572560554549092e+00
-1.742127706718033266e+02,4.630143591377328782e+00
1.769886630299695582e+02,7.897346889210984600e+00
-1.736951719299496801e+02,5.276739593224466063e+00
1.718849647963203893e+02,9.369019327087862337e+00
-1.713498988113520340e+02,1.210788547855150021e+01
1.645277878299987435e+02,7.485345537405510896e+00
-1.672797970803811154e+02,1.334696381877375515e+01
1.700844842259063796e+02,6.897700738907671436e+00
1.595187281921015767e+02,2.455171333891734520e+01
-1.694183874027750676e+02,2.512104474388863196e+01
1.617383161758427264e+02,2.174066554559491848e+01
1.593846338383756347e+02,2.434213967839659176e+01
-1.655443289461767336e+02,2.028475650232033445e+01
1.676312876383572927e+02,2.193647272526870395e+01
1.757859238780334863e+02,1.221807715276410811e+01
-1.682815093068095962e+02,1.440895233417014509e+01
1.674156791857786004e+02,1.481679484011486636e+01
1.755475668461869816e+02,9.078423239512941834e+00
-5.516303579128066303e+01,1.278581812607650825e+01
-6.279785232886688817e+01,2.471155943235368113e+01
-7.435088718280761100e+01,1.765953061445269157e+01
-6.161166856670729430e+01,2.172775275018869223e+01
-7.434420271996421548e+01,1.929887655328452212e+01
-8.093237514772424390e+01,1.342134941335645415e+01
-5.090330167201464207e+01,1.270000316823042752e+01
-6.542889100923387957e+01,1.117111068448403799e+01
-5.826453660627575459e+01,1.246357514909474418e+01
-4.241993242131129449e+01,1.236521943305162097e+01
7.383641958983868392e+01,8.048332627927070604e+00
7.763072176562168636e+01,1.672141908972272972e+01
5.629143626840198777e+01,1.626706941392195560e+01
8.139861288021391772e+01,1.637534640082658655e+01
7.172976044589783839e+01,1.651121678381918656e+01
5.438293057191805246e+01,1.487905147165483299e+01
7.312995773224329810e+01,1.571714385248539259e+01
6.046608163646300227e+01,1.606506469679074911e+01
6.337844877942202970e+01,1.210529148182884640e+01
6.039646807396167105e+01,8.173563703772725120e+00
-1.786117880639270936e+02,1.157470540886568244e+01
-1.710113573236064610e+02,7.807760068973081502e+00
1.650421251057569805e+02,8.667616951227962829e+00
-1.783812161005615735e+02,8.705751381134081868e+00
-1.638774745890796680e+02,1.058507842015431422e+01
1.589258554995745669e+02,1.536526510592529604e+01
-1.740176765369391489e+02,1.206875928155592526e+01
-1.507549460421657841e+02,1.937365142795685102e+01
1.748752365196872631e+02,1.389934364866891414e+01
-1.781612590827796510e+02,1.367270917202869995e+01
-6.070316164766139622e+01,2.359077428066593285e+01
-4.113594620871612051e+01,1.835571233858226492e+01
-6.949703486214350789e+01,1.164044878096600399e+01
-6.486352425352930595e+01,1.645335633386127938e+01
-4.565722808707243274e+01,1.411519954045264136e+01
-8.642628251763572678e+01,2.124280089372143010e+01
-6.203073654915254309e+01,1.406073465419405011e+01
-4.184388333724353259e+01,2.125632074276502692e+01
-5.444694586689281834e+01,1.670760935248199530e+01
-4.030378236652877177e+01,2.325833298671468441e+01
1.755040673185516482e+02,1.354344152099064225e+01
-1.707647300370419714e+02,1.208121899912367248e+01
1.739310357801489602e+02,1.620860773486509743e+01
-1.621134563660080801e+02,7.721143704371955963e+00
1.687389632071679841e+02,1.120985969122138748e+01
1.729325173029696145e+02,3.364084618871869381e+00
-1.640142164168296972e+02,1.268233090012374831e+01
1.642607340791928721e+02,1.873261599742473393e+01
-1.670644116014885014e+02,1.548102203391179899e+01
1.689647158995047675e+02,1.408348332818984616e+01
1.729205177093861607e+02,1.432887385136861447e+01
-1.684376556522420003e+02,1.860397707561771341e+01
-1.734296627014879277e+02,9.062792002331173435e+00
1.799474991196956921e+02,1.456801206136814741e+01
1.650873765109533622e+02,2.187711824773003855e+01
-1.715738449196522026e+02,1.870080644999732300e+01
-1.639205365555877449e+02,1.051519172579276962e+01
1.400831190717549362e+02,2.825503679457834494e+01
-1.531635194227975205e+02,2.635059076439552683e+01
1.693830414203804082e+02,9.891658875545244811e+00
6.137215531267247570e+01,8.606471408599720263e+00
5.607875053495136797e+01,1.348830371430640618e+01
6.449275686571171207e+01,8.528533748115451729e+00
5.548489451161164965e+01,1.270126223131948784e+01
6.596963731104852968e+01,5.894131591997519237e+00
6.016274374693435334e+01,9.968132531196545187e+00
6.478369779755956870e+01,7.251034033692950409e+00
5.770387074085979151e+01,5.465630142816540804e+00
6.528214943104779877e+01,4.979041761819074097e+00
6.961878317612404032e+01,6.687505118635630907e+00
-1.752149196110825926e+02,1.527643780284567931e+01
1.707708582388987963e+02,1.783431784855848434e+01
-1.726056866608346070e+02,1.405134082442835819e+01
-1.762027261201465365e+02,7.538879741236113929e+00
1.586660821910335812e+02,1.232817927360684251e+01
-1.602890576601605801e+02,1.659073572423212894e+01
-1.608020957952736012e+02,2.000844092412765818e+01
1.428503744253585239e+02,2.481710304020880287e+01
1.798581585788943755e+02,1.053853072102402244e+01
-1.526131003636353398e+02,1.336821083396989707e+01
1.587251202841756879e+02,3.030511891950057191e+01
-1.622001039195058638e+02,2.870098410077622830e+01
1.769195487144106380e+02,1.588609196264074797e+01
1.660038997730711969e+02,1.332322460807472453e+01
-1.643693384115307197e+02,2.005953946425607626e+01
1.585101106497023693e+02,2.487844309271951815e+01
1.651072969764506126e+02,3.669391391766684762e+01
-1.586331990658551945e+02,2.687408867244690214e+01
1.543006465851518101e+02,3.111835158109805377e+01
1.559542486620262594e+02,2.286141885534378559e+01
-8.365429901889147857e+01,1.923503220807693026e+01
-6.495614041932682881e+01,2.902300558234909644e+01
-7.464199772947952738e+01,2.000306275528943800e+01
-4.486827641376892473e+01,2.471390912803454754e+01
-8.117689816642270273e+01,1.704959703459957510e+01
-7.191614917375896709e+01,2.398399714751574052e+01
-6.259608396325834434e+01,2.266097764591611963e+01
-4.971846819444464671e+01,2.341109611111088995e+01
-8.781198899875914776e+01,2.177338926637883532e+01
-5.929128427974890769e+01,1.973836279337520239e+01
1.610899837355549096e+02,1.541821534080004241e+01
-1.542058350033472323e+02,1.900409390184042735e+01
1.619517166898328071e+02,7.225375952319266659e+00
1.790223373098113200e+02,8.380039967527903144e+00
-1.680565520683894931e+02,9.372064076226534368e+00
1.641603381618305093e+02,7.607675562005228542e+00
-1.655906825572118350e+02,8.471748634170289449e+00
1.758093763772740203e+02,7.386659187806920990e+00
1.732207508040321784e+02,1.316544858829971432e+01
1.774258204172631110e+02,7.609317148199147951e+00
1.699324729839466954e+02,1.797033269022211854e+01
-1.771480840516617548e+02,9.980623443285056240e+00
1.694507480813794587e+02,2.526121240065969786e+01
1.735541283906297565e+02,2.066724650709093680e+01
-1.768482996267079557e+02,2.153911786063128275e+01
1.696535572985464455e+02,1.700499840616003411e+01
1.784890602565925803e+02,1.692812780827313546e+01
-1.719986358490412783e+02,1.551516006962686234e+01
1.712958589094473894e+02,1.714719780306727159e+01
1.772341113164519300e+02,1.406149374100658811e+01
-1.570915291124568682e+02,1.768562932992726644e+01
-1.783329857832079881e+02,1.059290018470873562e+01
1.738417514167128957e+02,1.710468495078899664e+01
-1.680851235725525044e+02,1.779330990871792295e+01
1.728197733290844553e+02,8.873450258489238962e+00
-1.705798152564797192e+02,1.243094198208419066e+01
-1.761384736662581361e+02,1.004226768189024455e+01
1.771041606158935622e+02,1.462399748749859185e+01
-1.632479944119268680e+02,1.524719067141217010e+01
1.787257222557203988e+02,7.139833859294452800e+00
-1.735379480399722354e+02,8.215919418789940920e+00
1.785511534586965467e+02,9.533093371744172373e+00
1.732537918683497367e+02,6.543977593230719592e+00
-1.691160349169909978e+02,8.010084490169109728e+00
1.707629451265366072e+02,7.919869335312638370e+00
-1.768935756016974494e+02,1.046200056330044958e+01
-1.706423353941864889e+02,6.990649257393073412e+00
1.564765534293010489e+02,9.674021181256730273e+00
-1.631707697427600579e+02,5.174573847069412480e+00
1.727511527964178413e+02,1.017953266802996026e+01
7.097319600304017229e+01,1.963218831976808332e+01
6.019266065859206805e+01,1.266207522344649661e+01
6.426332343318938456e+01,1.812783159629773877e+01
8.155621054797367719e+01,1.611037562900044406e+01
7.387150631892949093e+01,1.053271458489733092e+01
5.493712733628795064e+01,1.755757957214702003e+01
6.657808480113585858e+01,1.411948552291748626e+01
8.011830150470984790e+01,2.321944421520229440e+01
6.240329459561706216e+01,1.426452607371096093e+01
6.711594241587394549e+01,1.716130549777192726e+01
-1.737883709631691715e+02,2.036709655865710999e+01
1.752632165929917107e+02,2.435965981778934974e+01
-1.693532229673018037e+02,1.236575234563568415e+01
1.729435737492823932e+02,1.231129458611939143e+01
-1.745078962037368910e+02,5.512600887973453823e+00
-1.781839253631088411e+02,8.293747125913251139e+00
1.772845454981306546e+02,1.362257764746060751e+01
1.675757730353404895e+02,1.435751726829898445e+01
-1.626041870334817929e+02,1.376083484412041535e+01
1.644022259171233316e+02,9.841873837557912452e+00
-8.159008568621737822e+01,1.236917098780050139e+01
-6.684524338078821870e+01,1.214430012204183207e+01
-6.822437688529197430e+01,7.732862452146644472e+00
-7.819275159438134892e+01,1.083945942437827625e+01
-5.147833145730035653e+01,8.223209024509689158e+00
-6.125205933084780696e+01,1.158475600910987957e+01
-6.619433068673420451e+01,1.324409796041782172e+01
-5.019423473140442837e+01,1.528319536284455893e+01
-7.049026139557490467e+01,1.310520300664443738e+01
-5.451948755864060558e+01,1.290081119881740790e+01
8.239425665378085739e+01,1.596306804527367973e+01
5.452140943772849369e+01,1.899499198532605604e+01
4.615348748466372797e+01,1.875201066119736737e+01
7.785421956965971901e+01,1.330223460638306321e+01
6.138294006660353119e+01,1.128586501408836185e+01
6.399282635052630042e+01,1.211649202453117979e+01
7.395465759820758933e+01,1.019049215818733600e+01
7.177160372656713605e+01,1.909665801400610619e+01
7.616490154281029845e+01,1.241153279137007104e+01
6.294152437240063591e+01,2.036448759068719028e+01
6.198255754286853403e+01,1.565132612792655209e+01
8.780900831793394445e+01,1.887249625524377805e+01
4.421881143428570482e+01,1.507376131853493462e+01
6.030296525126738061e+01,1.244683246440271418e+01
7.168233754412371184e+01,1.749742961427277166e+01
4.382811009642225031e+01,8.910043659699386609e+00
7.295225514765238017e+01,1.025285960478008818e+01
4.199537003050809858e+01,1.023585112895741744e+01
6.684344680165958152e+01,4.694639717159103220e+00
6.815362795236679005e+01,8.509625066752160905e+00
-5.555356029731397172e+01,2.162472983075429056e+01
-9.602529322987680871e+01,2.342759846475828311e+01
-5.563769908093355809e+01,1.082746187540252691e+01
-6.411041501712037416e+01,2.251163775802029576e+01
-5.183830712115287298e+01,1.813132371071410986e+01
-4.257188483198835627e+01,1.717606601278408007e+01
-7.296038956378824025e+01,2.239523174982907605e+01
-3.369780411967548162e+01,1.725423036758632378e+01
-6.937446452753800941e+01,1.074149348306003660e+01
-6.340254183779047992e+01,1.109680695457280741e+01
-7.021944414741584239e+01,1.199153644597301849e+01
-6.907101587943547827e+01,1.106806274219296427e+01
-5.858851141446451294e+01,1.113866807474727594e+01
-7.316347644222419433e+01,7.671916668539312312e+00
-4.509574271610675567e+01,1.402812565746125628e+01
-7.333103402894438716e+01,1.214336085471629900e+01
-5.835407910708077139e+01,1.015433038302097657e+01
-6.481809480693841863e+01,6.328708778531535017e+00
-7.256604428775685278e+01,1.059765638931504483e+01
-6.787997165196006222e+01,9.533886789701913500e+00
-6.686302115598445539e+01,1.497056398951650280e+01
-6.393590324477555242e+01,1.166628066031826627e+01
-5.769564498563718047e+01,1.487419716792691204e+01
-8.047054705001900743e+01,1.813485213607920343e+01
-4.087537826347630698e+01,2.259433926890029198e+01
-5.977518188265550236e+01,2.277037659119811508e+01
-7.256861936987779416e+01,2.061808742951389206e+01
-3.273237721118152876e+01,2.418285610168321398e+01
-7.663404455707051000e+01,1.704696487473040989e+01
-4.185799837453410532e+01,1.927929941928530866e+01
1.727810445322215003e+02,7.249600466494038997e+00
-1.764120146696949405e+02,4.763054860102132970e+00
1.739720030324440643e+02,1.128559940949634566e+01
-1.799950339953131504e+02,5.712639409948686797e+00
1.799140857394286854e+02,1.255737546441926611e+01
-1.690525599794587208e+02,9.146485723459665707e+00
1.663733483243977105e+02,1.263543681535836072e+01
-1.755754535334878881e+02,7.348426444978157335e+00
1.733488791242473894e+02,8.032832453029499220e+00
-1.708737134627045577e+02,9.578971372971505360e+00
-1.662453881162950324e+02,8.853693875683504189e+00
-1.643181498020952915e+02,1.293722281703451138e+01
1.596302485993262223e+02,1.646093352444975721e+01
-1.686310429707039305e+02,1.597522029495485896e+01
-1.783184620008790375e+02,1.354133278305089583e+01
1.584625133201484459e+02,2.332468226807276679e+01
-1.630296573406968719e+02,1.834675934835258815e+01
-1.724784061561786928e+02,1.154854170287071824e+01
1.609983056521113269e+02,1.892779668495461465e+01
-1.649938759173014944e+02,1.085870363797253546e+01
1.679724348043249904e+02,7.394904008780841309e+00
-1.699551776635364888e+02,1.078638179576156553e+01
-1.755957755574025896e+02,1.295017094629728405e+01
1.662438149738376012e+02,1.430894515327635474e+01
-1.762053987428987512e+02,8.898394903559532665e+00
1.789770484752666277e+02,7.274837038000608658e+00
-1.781123497727098481e+02,1.374751961537562650e+01
1.799561905429540332e+02,1.339482326109397903e+01
-1.688736415749883690e+02,1.301298246962906902e+01
1.738364435044605898e+02,8.581161606048485879e+00
-1.779581872842622090e+02,1.560959524867350368e+01
-1.794999266063499306e+02,2.202454207987732815e+01
-1.783748944578803162e+02,9.311798857060487933e+00
-1.782797622417977550e+02,1.679875093509494732e+01
1.703013114126360676e+02,5.948017011526334663e+00
-1.631493712105802842e+02,1.108359269048905915e+01
1.656231098429331610e+02,7.800472203407119665e+00
-1.795009565018888509e+02,9.482951724796913950e+00
-1.741146476804497354e+02,1.325543206111374417e+01
1.763975357888378710e+02,1.245560930219280493e+01
-1.748872899552850129e+02,3.497797570138456713e+00
-1.787576165070867660e+02,8.868320640456470727e+00
-1.643414837711855796e+02,1.380748852918215874e+01
1.564342447820376094e+02,2.065486207444570610e+01
1.607755252699758728e+02,1.491477016017848101e+01
-1.074388439110956881e+02,1.458955209358736127e+01
-2.917156716963094354e+01,2.334200743336374728e+01
-7.414343158307387682e+01,1.328452217873773655e+01
-1.461258240248535003e+02,1.345820623230367197e+01
1.241168457333682369e+02,1.901420042545754541e+01
-5.243957604957324037e+01,2.393943815718150603e+01
-6.801700730396630945e+01,1.696981593541395483e+01
-7.370325716315322495e+01,2.241684853051987147e+01
-5.412292134140911060e+01,2.044637861008545343e+01
-6.274872386120561174e+01,1.803613649730472801e+01
-8.422560301100783420e+01,2.341523206407106628e+01
-6.579402116971300529e+01,2.353368495282184369e+01
-4.949395700971270173e+01,1.582697181701856337e+01
-9.512409732486527503e+01,3.430555934452848987e+01
-6.159481894653701062e+01,2.237668390498668458e+01
-1.788913420059051020e+02,2.631404860972267112e+00
-1.725428380240372519e+02,6.420361325316301659e+00
-1.787842064145258405e+02,5.133217350517272237e+00
1.721815872642152385e+02,1.361600270456847994e+01
-1.728607683807977367e+02,1.105535566791321678e+01
1.730499631356369150e+02,1.023485382357264939e+01
-1.744271487119621895e+02,7.422788356845786417e+00
1.702176768827281705e+02,9.080401680842712153e+00
-1.740087661073700929e+02,9.875295444042141213e+00
1.732769595473373556e+02,2.784147210570896647e+00
-1.764730570450570326e+02,7.851031003705909228e+00
-1.788113147349871781e+02,1.128263059523027145e+01
-1.796261567515509796e+02,1.274083387537171319e+01
-1.704993505856189699e+02,1.364144600388777739e+01
1.755677458245838238e+02,1.407137455350801858e+01
1.791642701115455907e+02,1.074167071348130342e+01
-1.677261891377749805e+02,1.222488141863932398e+01
1.710081369503388089e+02,7.936648977965214513e+00
-1.758861268473527844e+02,2.705165111217043616e+00
1.709907027429900950e+02,1.014169497227094396e+01
6.629333282531761995e+01,1.624691825478751994e+01
5.627250917561412535e+01,1.087144069849745520e+01
6.765544037027511592e+01,1.863731100118565465e+01
4.981325987171982206e+01,1.985020315999699392e+01
6.151789737692113391e+01,1.695324831995452541e+01
6.373624009742832897e+01,1.548420499198495648e+01
7.145012636932678163e+01,2.050652283114396823e+01
6.887942058660030398e+01,8.798276458123016397e+00
7.910341145327247148e+01,1.734010494385636747e+01
7.516844892422631119e+01,1.537611398146277608e+01
1.787184035416013899e+02,6.844225986253709593e+00
-1.770067736638829956e+02,6.726115413210259852e+00
1.799732957291338664e+02,7.237406174146201465e+00
1.723778004738508400e+02,1.026577823378899268e+01
-1.783671144152955321e+02,1.017008684816199171e+01
-1.787415823560405670e+02,7.020512462655926100e+00
1.745323857194263439e+02,9.052035588663134291e+00
-1.718110724833977372e+02,8.979907078824354016e+00
1.792357461054764940e+02,8.869229742544444406e+00
-1.776695864584648632e+02,1.320268963204115309e+01
-5.963060538921192233e+01,1.119629953841702452e+01
-8.782742913614249858e+01,1.686521951803734964e+01
-2.965923865763815215e+01,2.008210257973519930e+01
-7.661849642346639655e+01,8.172866050337869837e+00
-6.562587532958022507e+01,9.037460773567264738e+00
-7.138589641023260413e+01,1.613729712790603088e+01
-8.070202835137959596e+01,1.021200691243684844e+01
-7.125660398288833619e+01,1.155466486777711665e+01
-7.468490483350778675e+01,1.195644387906182615e+01
-6.348197771778395548e+01,5.426642675814923322e+00
-1.739701770213908389e+02,1.008335325808105765e+01
1.764654307119503756e+02,1.327868737023861812e+01
-1.792349794284128564e+02,5.842130781963672526e+00
1.719802561369035914e+02,6.590104908781226456e+00
-1.629562366993135072e+02,1.250493390354813350e+01
1.725220343668401881e+02,4.990658424309512675e+00
-1.747547997452918480e+02,7.875857287479490765e+00
-1.694007905540073580e+02,6.564100805528775062e+00
1.646146204162504887e+02,1.614759517917294929e+01
-1.690602948112556874e+02,1.132559242677225519e+01
1.663803200769149271e+02,2.269456561849613152e+01
-1.667320659007787924e+02,1.914062705874319903e+01
-1.736601142680083854e+02,2.282177560942319872e+01
1.662267394161495133e+02,1.722616220036405466e+01
-1.550917036528486221e+02,2.983026637642660006e+01
1.799840170088283742e+02,1.714912825437648536e+01
1.553095791370007248e+02,2.552845717126387015e+01
-1.684316894091463155e+02,2.204347930956213020e+01
-1.731740405167993231e+02,1.388094603248821279e+01
1.650383500434262771e+02,1.803019056327161707e+01
-1.716967231637673592e+02,1.825700675254735472e+01
1.799108475505838669e+02,1.679395459570782378e+01
1.685782924121638473e+02,1.773633317064012260e+01
-1.643545056488119087e+02,1.011087514903514162e+01
-1.694790676217417342e+02,1.646901438681016216e+01
1.686645295449291382e+02,2.440079747069522398e+01
-1.605214370887232178e+02,1.988949602840168396e+01
1.797434020053682104e+02,1.632029408381517754e+01
1.702865924183637958e+02,1.485150393166043159e+01
1.771130202960465283e+02,7.715496592714302437e+00
-4.782602002855123402e+01,2.446634909543709568e+01
-9.561276070465322618e+01,3.139816720997309218e+01
-5.420332125877107643e+01,2.488715446395387687e+01
-7.152092303777432392e+01,1.170356868822771190e+01
-6.928646302614504293e+01,1.804916242980726082e+01
-6.444106784294439194e+01,2.248557308178896363e+01
-8.697339377974272168e+01,1.481965562049465035e+01
-5.899811162030180611e+01,2.823846010553486963e+01
-6.482347338570603767e+01,1.595010018025547538e+01
-8.286408053030235976e+01,1.766498569471866986e+01
6.660643277950096319e+01,1.072917987943541185e+01
6.535388157952046129e+01,1.707911232849897232e+01
6.304278481153805558e+01,1.094495669019261364e+01
6.803866466362238441e+01,1.220644526838919219e+01
5.373886287536145545e+01,1.558822689665173300e+01
7.768226564106549858e+01,1.314665422702533704e+01
4.842926718801280828e+01,1.355244600749102091e+01
7.314377700193452370e+01,2.122827772341234009e+01
6.768628705654273858e+01,9.117817553012820042e+00
6.185711859569151727e+01,1.972667586719738253e+01
1.703332097166439780e+02,6.568516670924291034e+00
-1.660276186629112942e+02,1.074676518388069546e+01
-1.748420345331492740e+02,1.254381046773394282e+01
1.726579282801172610e+02,1.536930747952677123e+01
-1.773341322683214685e+02,9.925746484906579070e+00
-1.749580666578374633e+02,1.462943352959270271e+01
1.667559692657297319e+02,1.452110234332405270e+01
-1.791855574146467518e+02,1.512226574178583860e+01
-1.759685048191014971e+02,1.062512548947753288e+01
1.759738120158080221e+02,2.048043775823860102e+01
1.654888737287949425e+02,2.044161346924602896e+01
-1.759172192460646613e+02,2.405847245127170453e+01
1.629647620915756647e+02,1.404725284559621734e+01
-1.579995697036060278e+02,1.223161737715400044e+01
1.542057895379245451e+02,2.074457019610273534e+01
-1.532496960454468535e+02,1.297184406987708449e+01
-9.609054482281776188e+01,1.940150717526016066e+01
-3.908114432249025327e+01,1.866107503119896904e+01
-9.571835669736611862e+01,1.416363402847530395e+01
-7.722406125757559892e+01,1.588487513636195558e+01
-1.791806201344699900e+02,1.404290261166079290e+01
1.769407731643321711e+02,1.225027616156063104e+01
-1.748913078133201680e+02,1.022609334056048880e+01
1.738485062221924125e+02,1.428961627955350799e+01
-1.686857749829106581e+02,8.956520706310417523e+00
1.600685423348270433e+02,8.109534962378130984e+00
-1.650962888675998670e+02,7.192898973604344270e+00
1.667458799721743787e+02,7.751859129935573023e+00
-1.683753119113902983e+02,9.597864087493562124e+00
1.610239805698377040e+02,1.026909146226621417e+01
-1.784885335076915567e+02,2.401170500364905891e+01
-1.749991342645047041e+02,2.781150842415462066e+01
1.795619576615538620e+02,2.328606260438955644e+01
1.645707097054016685e+02,2.135154697938811097e+01
-1.461831750876383182e+02,1.212591732368549202e+01
1.659922600839695122e+02,7.650409939807531146e+00
-1.723536005930171484e+02,1.536899858964468990e+01
1.736328392774435940e+02,2.082599013819493194e+01
-1.702709575750091062e+02,2.477976972341785711e+01
1.718933114609885990e+02,2.690531558446554428e+01
-6.069505248357160099e+01,1.252136295355493800e+01
-7.108391033389899860e+01,1.199523519495744495e+01
-6.132085997822959200e+01,8.700275263439003481e+00
-6.099965184647056304e+01,1.628783062313397068e+01
-7.524469818572414681e+01,1.356378195596160730e+01
-6.145063227412072138e+01,9.703697019063445950e+00
-6.050013913478552752e+01,1.543907992544974128e+01
-7.642964876245490302e+01,1.604184806279929632e+01
-6.767465813827958243e+01,1.764878237895421265e+01
-4.014727370657957550e+01,2.057275204639888244e+01
6.706822556013520398e+01,2.261744776717457484e+01
4.953196347288387358e+01,1.661870020421191896e+01
7.517075868821150664e+01,2.296687157048251038e+01
4.142453284068010078e+01,1.209268944501012655e+01
8.334107448170189514e+01,2.660440564087266324e+01
4.711694835617679900e+01,1.416525958133465224e+01
7.524528750266017596e+01,2.258841043404572702e+01
7.731566488464322617e+01,1.515676230194410579e+01
5.969051930332877021e+01,2.137684573667367260e+01
8.316666081632577345e+01,1.946466680075845801e+01
-1.641922610618990461e+02,2.217178800395535276e+01
1.716578855263709897e+02,6.488632987854797918e+00
1.775787941036719246e+02,1.871475380810569433e+01
-1.760960989307183127e+02,9.610861236351780690e+00
1.785044316889551226e+02,1.099937045453383888e+01
1.787202948058488232e+02,1.281100256470958954e+01
1.739257928784523131e+02,9.163107506212506692e+00
1.730211624886793800e+02,1.622755029059867127e+01
-1.746128905324593177e+02,1.124473846081316708e+01
1.715893820638561351e+02,1.118824785234553154e+01
-5.442914515492278582e+01,8.920589490332833549e+00
-8.435490790300856645e+01,9.586404352334419343e+00
-3.990081404969050993e+01,1.193407683956525389e+01
-6.960807279209829801e+01,1.340160349507826254e+01
-6.741182323018743716e+01,1.354937203672158752e+01
-5.246177145398125674e+01,1.081106619776771005e+01
-8.600130484444666479e+01,1.427158608002543616e+01
-6.222643192894474140e+01,1.643822476738748151e+01
-6.202518653485194022e+01,7.296303621108730653e+00
-7.367813339781137927e+01,8.995956550556265086e+00
-1.772506640224238481e+02,8.577833660429607932e+00
-1.613439428041613724e+02,1.324385856589390364e+01
1.663357945190277292e+02,6.825126000328598508e+00
-1.658378266329820008e+02,7.503215462805849612e+00
1.701678687170955868e+02,5.019679110769708963e+00
-1.754742853375155391e+02,1.443134939076074730e+01
-1.795006524932754530e+02,1.172278174101596271e+01
-1.734719275916621086e+02,1.141708463403074880e+01
1.749389788368678751e+02,1.055419164030262102e+01
-1.780051083497781121e+02,1.086073754747363829e+01
-1.706525694540209201e+02,1.427150617673159871e+01
1.683599244512495545e+02,1.719865169805356686e+01
-1.736739859467819258e+02,9.447893206374523345e+00
-1.774214103584021416e+02,1.101217302546812959e+01
1.775122714614600739e+02,2.023955095601499465e+01
-1.699761303273639328e+02,2.367347140518007365e+01
1.684465199386790459e+02,2.001921479378005486e+01
1.739930271760515836e+02,9.216943898440016270e+00
-1.729154125860529518e+02,1.441442491094730549e+01
1.762547171361707967e+02,1.775420956375042181e+01
-7.640933850116951476e+01,9.431086888822225234e+00
-6.087274875957572107e+01,1.380290533881785286e+01
-6.496328477774446242e+01,7.716373460963875885e+00
-5.397693956757431266e+01,1.592059576531889320e+01
-6.650434909574501319e+01,7.134848616239048980e+00
-4.334576525906977196e+01,1.048202336182703220e+01
-5.842029865319556592e+01,5.665795619093897173e+00
-6.303230894058548728e+01,8.205220888071036001e+00
-6.873871768684321637e+01,9.124065435756225639e+00
-7.101105528965730684e+01,1.153277031062731695e+01
-6.229504314917041796e+01,9.629934345267951556e+00
-6.682178858868377347e+01,1.438924154404155864e+01
-6.403513024894776606e+01,1.016774717850885601e+01
-6.295891788937720435e+01,9.219908852209790950e+00
-5.383719071607431061e+01,7.833006409390591784e+00
-5.998921313658895826e+01,9.897082251994312685e+00
-4.646803301996005331e+01,1.149221518020955024e+01
-7.355762729540175826e+01,6.083895273769631018e+00
-5.428021840922770025e+01,9.640095293215068750e+00
-7.859937676831663111e+01,1.418242033892498100e+01
1.614571676882219435e+02,7.615043601851962052e+00
-1.726328205842941372e+02,1.279041369384084170e+01
1.789119925620836966e+02,1.279651832313590454e+01
-1.688688406288760859e+02,1.192851437030097372e+01
1.568083246628078200e+02,1.464752917809970967e+01
-1.525064903904847426e+02,1.037819719512711991e+01
1.563555277642197723e+02,8.138102255914537508e+00
1.650863043209056968e+02,6.675446962375355398e+00
-1.531841032902449911e+02,1.246786902310570255e+01
1.491501499403132414e+02,1.749339789912365362e+01
-1.765118464525191655e+02,1.156479217538757531e+01
-1.794734099132647032e+02,9.761556577651150590e+00
1.550698510677929391e+02,1.359553859369584750e+01
-1.681603543786503394e+02,6.948472279486904490e+00
-1.763769436622362150e+02,5.209123292312680675e+00
1.762065708203537895e+02,4.388115691367218574e+00
-1.768020954243967253e+02,3.772090066512144624e+00
1.666926346981602478e+02,5.994425352229711734e+00
-1.778023185103393189e+02,1.884424701321858020e+00
1.799620714005839943e+02,3.598779423867384253e+00
1.747368127212200761e+02,2.489042568242708864e+00
-1.796844787907635066e+02,1.774818959498927651e+00
1.797659958129654854e+02,1.087454704367449398e+00
1.724528724302588216e+02,1.515073999183704334e+00
-1.767829520058007802e+02,5.217318004316586766e-01
1.656510868248662689e+02,5.383015618289091364e+00
-1.735874251198356149e+02,4.302052285888411376e+00
1.777915118797521075e+02,7.614089833470993440e+00
-1.630791289296824971e+02,5.348875650996593123e+00
1.789518402900149283e+02,6.721688405094806029e+00
1.650192839710508395e+02,1.130455732157233584e+01
-1.694615180252171740e+02,1.541715388428601585e+01
-1.699369183658047575e+02,1.848835542836441448e+01
1.625578474908199951e+02,1.186092122794983084e+01
-1.724715971075370931e+02,1.430960321952801806e+01
-1.571582501263707741e+02,1.605080617348119887e+01
1.442171005979117524e+02,1.675270670146188934e+01
-1.797729409473765259e+02,1.298950063288479839e+01
-1.586254106310691441e+02,1.434695947007596040e+01
1.577062458486160210e+02,1.734447471396089213e+01
1.580888466740409513e+02,1.371999535068235332e+01
-1.698965418236462028e+02,1.742244454799503472e+01
1.646743776443531431e+02,9.076262306330740159e+00
-1.687087460278357867e+02,8.609364539744044365e+00
-1.651439295895635269e+02,9.623639093165769154e+00
1.584231945652198874e+02,1.978723709629542427e+01
1.680795248799535671e+02,7.314655467676004719e+00
-1.490692413037767778e+02,2.241191872589030609e+01
1.711905244166136129e+02,1.367887926658247366e+01
1.691882464116680751e+02,4.836413037174613905e+00
-1.770937685862832893e+02,1.036369338660881922e+01
-1.537362027634208061e+02,1.430027929079280469e+01
1.528646215077434647e+02,2.002897817850026385e+01
1.615630140220558530e+02,2.195221674571685000e+01
-1.535894110033257789e+02,2.606562289859384407e+01
-1.793801992511050969e+02,1.006996730277539420e+01
1.434030377676287173e+02,1.880330773952727696e+01
-1.732984246982768184e+02,2.015730705837989589e+01
-1.556729389405319921e+02,2.418441010342830211e+01
1.513386416680118600e+02,2.068482096463166897e+01
8.087015623496773742e+01,2.117248823038705297e+01
8.056502899176966537e+01,1.510173519680514254e+01
4.963964497251055263e+01,1.976997385109064709e+01
8.141775060564583555e+01,1.647073581176993073e+01
6.117943171418566806e+01,1.106083625354294497e+01
8.006699764421088616e+01,1.183626832337790091e+01
6.724950912216152688e+01,2.040259132072656456e+01
5.211613703066667824e+01,8.390763726017684832e+00
8.438492120973545241e+01,1.885097776884599696e+01
5.308353015222828475e+01,1.219659273896302665e+01
1.464166664481209921e+02,1.797673898881343746e+01
-1.689233800409891160e+02,1.289794050354314869e+01
-1.762862436942346278e+02,7.016521042931000096e+00
-1.788510594213829847e+02,1.265820155763453592e+01
1.596543773822035917e+02,2.264070145212586738e+01
1.758093773076210482e+02,1.255547275145480945e+01
-1.685354509848114617e+02,4.576160639835005206e+00
1.760056884034139273e+02,7.198947226631116969e+00
1.761302393562257862e+02,1.110727382081482340e+01
-1.741571937777506776e+02,7.097335430544099211e+00
-1.748340918965403716e+02,9.044433620853219225e+00
1.685356569029928266e+02,1.261044754808776247e+01
-1.711412319930381898e+02,8.587749412909715829e+00
-1.734477842448356171e+02,9.360270328661798089e+00
1.715197240355979886e+02,1.139384937010413168e+01
-1.682923081878480787e+02,1.035515125357560251e+01
1.763500692568424313e+02,9.886737780850278767e+00
-1.784046380529325404e+02,8.810286461095302002e+00
-1.714537667458010901e+02,1.568015053790435331e+01
-1.784094494635789943e+02,8.365460761639592846e+00
7.627196032158573757e+01,1.158529927941709659e+01
6.190860239172394586e+01,9.032287650960597603e+00
6.113776754836030847e+01,7.454455039575890396e+00
6.664189002594515898e+01,9.146558345678421631e+00
6.708013104907145419e+01,1.164647615283364601e+01
5.776417773577818338e+01,1.252730763555921101e+01
7.104456833721519615e+01,1.307911112272131682e+01
5.684883030843273133e+01,1.610516886752879273e+01
6.674629228600778674e+01,7.747258833736276884e+00
8.547178435113157491e+01,9.675517845732702682e+00
-1.654156627691322399e+02,1.530496398656610246e+01
1.716018010500297919e+02,1.015148139810900574e+01
-1.774894394304257617e+02,6.185178994107027428e+00
-1.702565578791763983e+02,4.428090626187420220e+00
1.674743009715794813e+02,7.722215249605733689e+00
-1.745988793233370302e+02,1.103095405823119890e+01
-1.667755889790335004e+02,1.145798348358699137e+01
1.625217494844766577e+02,1.315876415611548644e+01
-1.709004654514620825e+02,5.824216023114300533e+00
-1.786583116449687338e+02,3.182456119156944485e+00
1.761861317729526775e+02,3.555848082200353755e+00
-1.690812134696474516e+02,1.585486927992492312e+01
1.567572240673999033e+02,7.861697667610684448e+00
-1.629685998325485627e+02,1.075954232774643771e+01
1.715894063225187551e+02,1.120314378225189422e+01
-1.770420539297269613e+02,5.179457212275618616e+00
1.769164571095832059e+02,1.371566368695514804e+01
-1.736885490917676407e+02,9.832448614584352597e+00
1.757101082080053231e+02,1.031119815400345985e+01
-1.694199883602443322e+02,1.330866575527752005e+01
-5.208786032060745441e+01,7.447290474168788421e+00
-5.815492598227334042e+01,1.082768320212075963e+01
-8.243110732764961313e+01,1.330052501386212604e+01
-4.198238281086482004e+01,1.285689229198370498e+01
-6.387310765769901622e+01,8.493109299077380214e+00
-7.005751740784035064e+01,1.152882409843063094e+01
-5.984184517175253148e+01,6.814307749414417970e+00
-7.359974384061524688e+01,7.863667661660684871e+00
-5.115836119761848977e+01,1.576372544406694232e+01
-7.978215897776605914e+01,6.699100682284894859e+00
-1.614831437570240382e+02,2.192987574629408698e+01
1.451379543239491170e+02,2.044362209783242434e+01
-1.537591626398887570e+02,1.299291564532820331e+01
1.685282515350072288e+02,1.030373678509468505e+01
-1.723421947085660122e+02,9.723161699690514581e+00
1.760905507074991476e+02,1.129155335957293360e+01
-1.697131784229980553e+02,7.671502095642203756e+00
1.532432025953425523e+02,1.559856543970019516e+01
-1.549665576099237398e+02,1.886872263813383910e+01
1.592901135537307766e+02,1.439145962170142923e+01
1.699580869605624684e+02,4.994439024037976793e+00
1.658623792143293088e+02,7.064822419033788492e+00
-1.585492425139443924e+02,1.111231784396540156e+01
1.624961915838969730e+02,8.268636819764584089e+00
1.795116832983091797e+02,7.231452455185275241e+00
-1.632155620984253517e+02,1.106045878928985005e+01
1.657200400223352688e+02,9.950214199939178883e+00
-1.703700570472565232e+02,8.537583795333961945e+00
-1.609080740935882829e+02,9.846712572610037739e+00
1.693519296259305236e+02,1.760383864954190614e+01
-1.729165087868340720e+02,8.887041631254797736e+00
1.436870542418827199e+02,2.326358252948276117e+01
-1.645399456969617802e+02,1.157405995466245940e+01
1.742103118429531321e+02,2.116567020496934504e+01
-1.774914584510623001e+02,1.446498146275256502e+01
1.752257164658316810e+02,1.145536031418804512e+01
1.792509218368922177e+02,1.800634014010935857e+01
1.717771765406122881e+02,1.823762221485862511e+01
-1.500397373453261309e+02,1.776821082062002688e+01
1.732066057647275557e+02,5.796764216250307911e+00
1.688209901364616599e+02,1.070957176698388125e+01
1.710654045410113326e+02,8.299869197542065535e+00
-1.769824545853835218e+02,8.487861537942691825e+00
-1.722877536350202945e+02,6.769272860663216207e+00
1.757709881631457733e+02,5.878980074109557918e+00
1.771338782812669592e+02,4.687047587623666800e+00
-1.714297450145931236e+02,5.580441976821266081e+00
1.743695291915747134e+02,5.954055356473872962e+00
-1.783280900885478104e+02,6.913929991545857412e+00
-1.689471757568541079e+02,6.626707393605760110e+00
8.517326010278281956e+01,1.111096046978783747e+01
4.388551159124745027e+01,2.678797785154722533e+01
6.233434072249443147e+01,1.240195020932459080e+01
1.022671389435181908e+02,1.701640618013267670e+01
4.816372311624173363e+01,1.222464186908659300e+01
5.619794264254006322e+01,7.757509542842843331e+00
1.068403584193411007e+02,1.827234320565906600e+01
4.827030498215406595e+01,8.220612651080605460e+00
4.636420395211566614e+01,1.040526234716218390e+01
7.538585620919153030e+01,8.221451243820284915e+00
1.716955345224860707e+02,1.345935471213716639e+01
-1.745678561353284408e+02,8.581877498441407681e+00
1.742562204555125049e+02,9.206414705172853985e+00
1.740984427992724193e+02,1.192728702717836775e+01
-1.721166002681217435e+02,1.014259161592560865e+01
1.688269273829245094e+02,9.069946681082271311e+00
-1.791313530374064555e+02,3.971004116129938311e+00
-1.690838031730740738e+02,1.112145277709712587e+01
1.665011684402381036e+02,5.205186653616002523e+00
-1.644682595635995028e+02,2.320908688195351743e+01
6.691537471799094305e+01,1.983175419735948708e+01
7.510743976083244888e+01,1.441268615303071421e+01
6.389427987951356158e+01,1.797366053730026891e+01
5.579708729533519573e+01,1.753647584852466323e+01
8.407137171479584481e+01,2.443974423906517046e+01
7.763323352602814964e+01,1.614794058937947341e+01
5.107430165901710950e+01,1.271364476379643627e+01
6.322989824956784588e+01,1.360374564168829714e+01
8.798240790084454943e+01,2.193014945363059098e+01
6.407110204684813937e+01,1.276881456595362252e+01
1.711934157293706846e+02,8.703154311011275013e+00
-1.653900405822589903e+02,1.595256493059827108e+01
1.680624064454507334e+02,1.535016176646751340e+01
-1.753690160403517666e+02,8.136179120878555437e+00
-1.798353499264840991e+02,7.902708372033115936e+00
1.709574306911512451e+02,6.084429262819067930e+00
-1.765749651092500017e+02,9.300594991080654239e+00
-1.710826221320029958e+02,1.011224279224837552e+01
1.732407870082078318e+02,1.094402605685783847e+01
-1.738443592049976303e+02,5.900794328270771771e+00
-1.759846837422542478e+02,1.085941520594424681e+01
1.594891967558666579e+02,1.946082281127675273e+01
-1.575784626380336135e+02,1.376924925795304588e+01
-1.783384195699126735e+02,1.226891836446920792e+01
1.492710882354571140e+02,1.530985885168692562e+01
-1.754282346942970889e+02,6.010397839561950839e+00
-1.516892604692718862e+02,1.497592364032183987e+01
1.672373389996415938e+02,1.157405492125618096e+01
-1.799794075982652259e+02,1.407830751754043774e+01
-1.588675578650978935e+02,1.569192644027734573e+01
4.870380369692427536e+01,1.740130597862001238e+01
7.558553655459303400e+01,1.612452186161614875e+01
6.881417531106413321e+01,1.376331041093676966e+01
5.356434539687078455e+01,1.807708372899843141e+01
6.450274629083673972e+01,1.227060035794301918e+01
7.043711439121942419e+01,1.363061888575616365e+01
6.978309210547257635e+01,1.531909104484015671e+01
6.302777605223868562e+01,1.491730791807634127e+01
7.168104851429258417e+01,1.109477387943120164e+01
5.155926939124544361e+01,1.804834702792874523e+01
9.897441750676169647e+01,2.229987364069729949e+01
4.414440419065181942e+01,2.224637780521312180e+01
8.479320410924199791e+01,1.858853184407143289e+01
1.274001878133325221e+02,1.881080300815582262e+01
-1.620103063765574518e+02,1.239654440697217552e+01
-8.745465158646753423e+01,1.678266882869145604e+01
-4.475277679996239755e+01,2.835205733813869600e+01
-9.358073997927859011e+01,2.239178087575952958e+01
-6.046621251867731672e+01,2.014947096730663034e+01
-2.477130520868421470e+01,2.772173015784677830e+01
3.206046314129419272e+01,1.795464822606165001e+01
7.300283679239402090e+01,1.298148785432596775e+01
5.302481736120942202e+01,1.135651003344786858e+01
5.674929274875736240e+01,1.164995293375399754e+01
8.060188321331723671e+01,1.633626184868104758e+01
6.346963371008624222e+01,1.518618743412942251e+01
6.935746923589553603e+01,1.730375377688945804e+01
7.424192751334551588e+01,6.777578664996763536e+00
4.808450457709405157e+01,1.184752066536898951e+01
6.784641730372909763e+01,9.384909032010135377e+00
-1.729571495924438693e+02,3.720600757970101924e+00
1.753237222500683288e+02,1.839902765059183043e+00
-1.719987518870781571e+02,3.821161227798213211e+00
1.650884198673687422e+02,6.040179448347084090e+00
-1.641680414619338819e+02,7.046434520986583294e+00
1.652867274171024405e+02,4.557819097300784605e+00
-1.678776656127864157e+02,6.746262377242561392e+00
1.618212988413598055e+02,5.292558651616346310e+00
-1.623387411559149882e+02,1.187120390953998594e+01
1.763914569453636148e+02,7.976225018572502989e+00
-4.964358007842326259e+01,1.131477414955327276e+01
-6.682733969974169952e+01,1.110393290152624246e+01
-5.356481998340154860e+01,7.047123911189951073e+00
-8.571608866243269631e+01,1.069097190251847529e+01
-5.200823338371922233e+01,7.790421256265624095e+00
-5.638308961375627604e+01,6.162287203143094416e+00
-8.429243001935113000e+01,8.067083914914995546e+00
-5.643505400146361950e+01,9.587191715512867418e+00
-6.735782076557269704e+01,5.826986076445788143e+00
-6.703396882248193833e+01,5.365508641538516699e+00
1.781234493829069265e+02,7.225966153944515469e+00
-1.786540636676887743e+02,3.230781425285372155e+00
-1.734672018893833751e+02,5.529118785444686601e+00
1.792203844993734094e+02,3.633456990400862452e+00
1.756139600609330671e+02,7.085468835074624216e+00
-1.666251438269422067e+02,7.612396704911830625e+00
1.726293343025786555e+02,6.948332040170603463e+00
-1.777610650595290451e+02,9.476765060361794113e+00
-1.679998556918766042e+02,1.129865074256677460e+01
1.776995536551857526e+02,9.844769710361003234e+00
-1.502602506063901444e+02,1.318327786627519416e+01
1.655551499180617157e+02,8.324102324945053866e+00
-1.752880702640749462e+02,1.800143114855815440e+01
1.666406173527080625e+02,2.296021193092060741e+01
-1.621502372840336648e+02,1.723543072424199707e+01
1.583574576856113652e+02,1.119097290273243672e+01
-1.653615050426503785e+02,9.852850634374606287e+00
1.677448603945134664e+02,8.864661170719593031e+00
-1.714187105578865271e+02,7.836998142844826987e+00
1.714845829661470589e+02,7.985855166717898967e+00
-1.674492891752742310e+02,1.085039565446936294e+01
1.684826491984541121e+02,8.513441192074896691e+00
-1.649194858389764420e+02,1.591844079895306052e+01
1.650042450478000262e+02,1.551425214679839470e+01
-1.788045597294897675e+02,1.158497054040603125e+01
-1.762825293754793847e+02,1.273538311134076473e+01
1.679712961974210259e+02,8.225400024015742773e+00
-1.622527224457249133e+02,6.901875304839760972e+00
1.679354168358443644e+02,5.476463027881412593e+00
-1.788969747273527275e+02,4.983714724370138072e+00
1.619994063390622046e+02,1.129341853767165915e+01
-1.508486633834494057e+02,1.657297958575638219e+01
1.757040721966702108e+02,6.014972179362643168e+00
1.731641720955317396e+02,9.890765921505211722e+00
1.767545677632200238e+02,5.279854200298011335e+00
-1.705461962734603958e+02,7.300947928060887548e+00
1.722025372437114470e+02,3.663521457788021962e+00
-1.631255890821248045e+02,6.321092244504826319e+00
1.709987107358312244e+02,9.788470423637297912e+00
1.718396720905530231e+02,1.151701733755499646e+01
-8.050316209836300629e+01,2.811619393317351268e+01
-5.950348750509528628e+01,1.675684717884772468e+01
-9.106356620375518673e+01,2.057391650321823562e+01
-3.037622434599972365e+01,2.542508769559687565e+01
-8.274435771429463671e+01,2.009187077329963245e+01
-7.353185213742436588e+01,1.981336774120642730e+01
-6.315103546926592060e+01,1.113100747515328237e+01
-7.597507481703739529e+01,2.338382119955134186e+01
-5.013199156599423389e+01,1.673370110716435022e+01
-1.161093004508810935e+02,2.600604254243153690e+01
-6.869916671045791645e+01,1.850271255268722825e+01
-6.169059402373300571e+01,8.166837737247581330e+00
-6.081411240759679515e+01,1.627043457604434451e+01
-7.434917288158041515e+01,1.224137526207953641e+01
-4.851952795266044660e+01,1.404911325176023240e+01
-8.639299956584916629e+01,1.531383624909456742e+01
-4.461772327695217655e+01,1.672161285250188456e+01
-4.850308522781158871e+01,1.420620714686081598e+01
-5.671212024340670865e+01,1.256663555443328129e+01
-5.968550985671365083e+01,4.754240711501044103e+00
-4.806225914545670008e+01,2.425783340008242561e+01
-6.150518132704247876e+01,1.948779372674874821e+01
-4.771882573471496158e+01,1.830515304600966431e+01
-6.031332627185031470e+01,1.390392874570436810e+01
-7.450901688672020384e+01,2.186724364793899156e+01
-5.454596237413282012e+01,1.607001696061153595e+01
-7.494092144176254067e+01,1.460185972792643128e+01
-6.802178979188113317e+01,1.278981017566370504e+01
-5.946193875650605776e+01,9.049272953075028880e+00
-6.787705076456350639e+01,1.450371233676257887e+01
1.775660583108156629e+02,8.869057286034951915e+00
1.722833364404624490e+02,4.186684946972161647e+00
-1.685115925394852923e+02,5.515088440617414989e+00
1.730124149974105592e+02,6.972269755752434683e+00
-1.752603045742823440e+02,5.175733919404378547e+00
-1.687936862207002946e+02,5.667088099056466710e+00
1.719288588761537255e+02,5.678204015010766881e+00
-1.770189344638239390e+02,3.623940314416270958e+00
1.753799635370979786e+02,8.818066924854505828e+00
1.739543545872579102e+02,9.037664031728803948e+00
-4.938878550531784128e+01,1.179434287108440138e+01
-6.242491828095610629e+01,1.443917806937999693e+01
-6.517638931826962789e+01,1.263479417064758970e+01
-5.396039890401302586e+01,7.852966249414617295e+00
-7.678970681151460553e+01,1.479987289326161104e+01
-4.820856363866714389e+01,2.321236029910889087e+01
-7.013287886706245899e+01,1.841653920213351725e+01
-5.341168456830437350e+01,2.117357622952099661e+01
-4.456067206368990696e+01,2.092250654097518137e+01
-5.304059599155797144e+01,2.145452251339458272e+01
1.751789486756771907e+02,1.044414044886137738e+01
-1.715672048800780374e+02,1.248136041722004919e+01
1.681862005132907996e+02,6.531993742063884056e+00
-1.759901757877436523e+02,6.423452683928990048e+00
1.729902683949628397e+02,7.692541466317790011e+00
-1.587950292612910346e+02,9.885418481623057474e+00
1.540329754738734778e+02,1.261322633261786308e+01
-1.689442922126384303e+02,1.385270741268092110e+01
1.778581665958874680e+02,1.227134157326793762e+01
-1.565929104207060902e+02,1.458187552977653922e+01
-1.589670689079638919e+02,1.048203348458928374e+01
-1.709553562035518155e+02,1.309561467569036175e+01
1.581318859855612402e+02,8.429688819624857388e+00
-1.738400785697608057e+02,4.453994231014045901e+00
1.790418113372475943e+02,3.354853630992243652e+00
-1.740014788129533656e+02,7.191459756401313186e+00
1.664389905335436879e+02,5.367635910057833470e+00
-1.568350295961036807e+02,1.492152977196389863e+01
1.711046913809325645e+02,1.129256180287025302e+01
-1.772233804742874952e+02,6.585246325600651929e+00
1.751179449406978392e+02,1.201713235311022743e+01
-1.590377254617145582e+02,9.165787816909995556e+00
1.677193452507679012e+02,9.307337355293705983e+00
1.703909994989287782e+02,5.114572557394633456e+00
-1.559846072493520808e+02,9.651278046100578933e+00
1.466216831533654101e+02,1.552559818265329739e+01
-1.682605241361166861e+02,8.846729625883304138e+00
-1.779853664447387303e+02,1.648903444978431310e+01
1.712280330406199198e+02,1.120758302654121508e+01
1.747816147247066283e+02,8.320589330493547209e+00
-1.629529753761586619e+02,2.197421239254115832e+01
1.627131170585617497e+02,9.371560745316237728e+00
-1.521679739438548040e+02,1.461853239063543342e+01
1.523455570766405458e+02,1.647454018306807555e+01
-1.772429452842533237e+02,1.491025607121994412e+01
1.763840756527282565e+02,1.058397169524179482e+01
-1.655318098131360500e+02,7.206478226223675065e+00
-1.706075071065189093e+02,5.870812357296403938e+00
1.686724586726075756e+02,1.362390097914652998e+01
-1.564269015374051435e+02,1.538293805264851066e+01
5.653598413582179205e+01,5.715537229052364054e+00
5.609195648783551746e+01,1.453995816954586573e+01
4.730168590266595885e+01,1.641568337650819132e+01
6.016655925660288062e+01,1.238796468510559379e+01
5.951131859522967460e+01,1.168468497601502776e+01
6.866234544514404092e+01,5.939395014277391027e+00
7.747529639466215201e+01,1.249777238355635234e+01
6.387988510238560735e+01,1.531346144083790861e+01
7.245171819238495914e+01,1.812173135960389203e+01
5.690294921266991679e+01,1.700491440171775892e+01
-4.687492835644798816e+01,1.952684974368381177e+01
-9.030195944910647654e+01,1.825601384478564526e+01
-4.792454823468329295e+01,2.026473252684823478e+01
-7.912537574296155185e+01,1.987369894694052164e+01
-5.861447536512779521e+01,1.997065886816178448e+01
-8.378407332214881365e+01,1.808048254340637939e+01
-4.175541188644882595e+01,2.155815860801893180e+01
-8.757602918731898001e+01,1.150023616326595821e+01
-6.236177968528582483e+01,1.423804592983496775e+01
-6.272077427519488424e+01,1.746444200726576312e+01
1.752892730570047775e+02,1.537106485915411014e+01
-1.566790325438724949e+02,1.539335355374857883e+01
1.690512158355012957e+02,1.058001821797467557e+01
-1.781774448505261148e+02,1.291559237713663855e+01
-1.742454330001681342e+02,9.876408734742948781e+00
1.662654433263348324e+02,2.017626678381023453e+01
-1.685959477476911559e+02,2.922292184157781847e+01
1.762952450492027765e+02,1.049755994404657500e+01
1.133444367811005264e+02,2.589007526564865813e+01
6.265278728235087868e+01,2.050635745296201407e+01
7.730466910758251231e+01,1.256602807684057410e+01
5.661975617067405153e+01,1.128288366724926917e+01
6.716429625844803297e+01,7.583038728789254890e+00
6.223338323806461148e+01,9.990642137065641748e+00
7.481132242598445714e+01,1.296346890135805907e+01
7.204893482659673509e+01,1.512790766193729297e+01
7.480972607986879552e+01,1.130675807252708154e+01
6.789028531508633080e+01,1.602341731569234184e+01
7.825298705613953132e+01,1.988839862123353441e+01
7.721052613366492778e+01,1.472951985724030521e+01
1.560131548231673833e+02,1.021522838561018176e+01
-1.692194977273740335e+02,1.134096375140906687e+01
-1.798645883721617906e+02,8.614074864407632148e+00
1.768996060790064746e+02,5.751850045228961150e+00
-1.753471733045338112e+02,4.843695668424942369e+00
1.743306884703791866e+02,5.017878126007632389e+00
-1.792149354903613130e+02,9.280393213106865602e+00
-1.752269504504041606e+02,9.891863550589826914e+00
1.771263966086846438e+02,1.305891258972369684e+01
1.697067287067685868e+02,1.379911341875465780e+01
1.733313360351670553e+02,1.412727435049801805e+01
-1.607407892750877920e+02,1.834854553345792993e+01
1.767984666599151069e+02,4.419265152582585898e+00
1.650325427681277688e+02,8.416093969025604693e+00
-1.636122401496915870e+02,9.812992442188896547e+00
1.751757515907778213e+02,1.084434723694194780e+01
-1.781684598574593110e+02,8.315758294403845952e+00
-1.770477289519192254e+02,6.082289779998428791e+00
1.743532684133643897e+02,5.563586988710069292e+00
-1.789584078692604407e+02,3.006884613462370570e+00
1.666682537640316752e+02,1.189756669191821636e+01
-1.708235417127732774e+02,2.091567299232778510e+01
1.708121232481782101e+02,2.127131335918510757e+01
-1.791691292440078485e+02,2.313057155368016993e+01
-1.701357557737685227e+02,1.414160378931777018e+01
1.692993862161741845e+02,1.450677276650042558e+01
1.788035864263248982e+02,1.098928973862550507e+01
-1.570368385017144703e+02,1.698401081724162509e+01
1.690808047196599944e+02,1.876024978520230846e+01
1.778057031021421324e+02,2.015434962970637400e+01
-1.590042612236176751e+02,1.154775059616665978e+01
1.536352895321096810e+02,1.223880940749841884e+01
-1.729352960699714856e+02,1.935662531430472910e+01
1.683884998211683808e+02,7.208986781889103135e+00
-1.650747210109736329e+02,1.013193884448812021e+01
1.710079202716543136e+02,7.224024556099816863e+00
1.779223156703429538e+02,2.644052919636886045e+00
-1.656297218362455226e+02,6.513374058816022938e+00
1.680351904059901074e+02,5.816855718212726956e+00
1.676848564505115178e+02,1.313662531126659871e+01
-5.655447774801026384e+01,1.610953793748202401e+01
-8.159020156168811866e+01,1.273658546744566422e+01
-4.492549596930319922e+01,1.347522986276132784e+01
-6.765723000716494084e+01,2.050958083640685814e+01
-7.889423344369613744e+01,1.612842362250767536e+01
-7.149198981689004029e+01,2.022931408225302974e+01
-7.402203592977956248e+01,8.295570711773482486e+00
-6.319786785733354151e+01,1.293857871778497781e+01
-6.430914733707781750e+01,9.144654529878483373e+00
-6.056760015724832869e+01,6.995223641424013650e+00
8.608980315199657696e+01,2.139538648097179419e+01
7.042790744781882495e+01,1.646982683885261167e+01
6.561175775054341841e+01,1.094155427448146689e+01
6.481940030019292465e+01,1.422210707911597183e+01
4.618515921224226872e+01,1.116022281231400370e+01
4.681350309677645782e+01,2.858177642809189933e+01
5.998281322196447718e+01,1.418366285629938517e+01
4.235632299304398174e+01,1.331344448257380542e+01
6.991259828012962885e+01,1.094227831090212888e+01
5.575200317065522881e+01,2.079354746484433392e+01
1.776302610192806242e+02,8.794655800136368384e+00
-1.763954362963474978e+02,9.411070817417940049e+00
1.697507558436859085e+02,5.546247268969222155e+00
-1.624733317132460684e+02,6.718564350866844670e+00
1.544866116354251631e+02,1.086470033068952645e+01
-1.555267039365916446e+02,1.036933486040420860e+01
1.700103295220945370e+02,8.112945087817825751e+00
-1.794724159883062384e+02,7.791665587399908333e+00
-1.763359847119300809e+02,1.084129199685732381e+01
-1.726349741650673479e+02,6.236253184356558954e+00
-1.777788824788045758e+02,2.203867916283971340e+01
1.689035411335895276e+02,3.319814844255882491e+01
1.683260114319253091e+02,2.959943255014374230e+01
-1.636342315644781706e+02,2.632821491538844683e+01
1.593057580534488125e+02,1.612530637540140077e+01
-1.725577261862698322e+02,2.708384567377915886e+01
-1.684520642107429751e+02,1.716212892909059917e+01
1.545260036727303259e+02,2.340597594271311266e+01
-1.671661083410440085e+02,2.562160146752284007e+01
-1.798419711445128257e+02,1.708974766589638250e+01
-1.661511918731019080e+02,1.135620937317387913e+01
-1.785291839974510424e+02,1.601716996577411578e+01
1.754654083614363458e+02,1.092864956353487393e+01
1.771269451960413903e+02,1.177273307728405349e+01
1.733691013847616205e+02,4.117149620815095723e+00
-1.795463424066796279e+02,8.005474251713007305e+00
-1.712543513034119087e+02,1.236183496193703490e+01
1.775768117185937740e+02,1.233612754867892392e+01
-1.643145536709547798e+02,1.132706872560471290e+01
1.552292869586547681e+02,8.583063194362839710e+00
6.248616792708148893e+01,1.607410685966467767e+01
6.662165403262750374e+01,1.722937393868066991e+01
6.498746574190170122e+01,2.126671988678414493e+01
7.118756681900381977e+01,2.043845503960125853e+01
6.044701282044622559e+01,2.095992522087936649e+01
6.156532957810826900e+01,1.172381933619331207e+01
5.532350268771131852e+01,1.133668264148624694e+01
7.628927840928999160e+01,1.509067570318270768e+01
5.956008523519658837e+01,1.365829398279925044e+01
6.829524766357302212e+01,1.648197422824939906e+01
-7.288896287009893626e+01,8.952777804797026562e+00
-7.203986740269543532e+01,8.922510010362767474e+00
-6.331328766138982189e+01,1.205671820725148891e+01
-7.101222896468732415e+01,1.404949228429390473e+01
-5.208698086327582644e+01,7.541670358078217618e+00
-6.755984524675902492e+01,1.407534370478481733e+01
-5.730630897033814364e+01,1.153834167625971929e+01
-5.745679331716074500e+01,1.567205375997490435e+01
-7.468626216560875264e+01,2.058542879070316545e+01
-8.058349851615170678e+01,1.961659967674102845e+01
-5.637257963522750970e+01,2.133101118344681169e+01
-6.806587316959836187e+01,1.939543935898576876e+01
-6.355209960063119468e+01,1.541511288985786621e+01
-5.406911183162267776e+01,1.705588919132447501e+01
-5.623366804245434025e+01,1.358658924370579513e+01
-5.523559635258188649e+01,2.391992630375688123e+01
-5.537303427631112385e+01,1.741716373833564191e+01
-5.860134781547341021e+01,1.013944733650148322e+01
-6.887392058982223375e+01,1.532003363148960240e+01
-6.577476071115061984e+01,1.300194789747363622e+01
1.789534765058417349e+02,5.806237142039464949e+00
-1.716780189581571960e+02,9.737165586454182176e+00
1.730679245814307876e+02,6.826770368648194420e+00
-1.683334727296450808e+02,1.412733777262519652e+01
1.751270532732779088e+02,6.494526892230405579e+00
1.794031624010740984e+02,9.170412472090866629e+00
-1.792852990528846533e+02,4.813365358094856994e+00
1.785439256102334014e+02,4.172419091565599203e+00
1.719458387640848116e+02,9.461468540796671434e+00
-1.705273042272986572e+02,5.262562979899845672e+00
-6.313100275698420205e+01,1.207803748637055818e+01
-7.886138814977040568e+01,1.281475263882610172e+01
-6.697285060154786152e+01,1.833556098167608894e+01
-6.762418573474604955e+01,1.393782325122912091e+01
-6.782095311326652620e+01,1.174026050862804915e+01
-5.863603099264046392e+01,1.500892858488902704e+01
-6.515101878997833751e+01,8.708292474826794916e+00
-7.913686262245013836e+01,1.061506147492718277e+01
-6.113829629493945816e+01,9.506133097233233187e+00
-6.151491279044446259e+01,9.302342997311853878e+00
5.875706146043304301e+01,1.046674949410239464e+01
4.141874207109229644e+01,1.828674407989021944e+01
7.723191205889598621e+01,7.726050393652101889e+00
6.208043815845148572e+01,1.584381375460382912e+01
6.356367685049408323e+01,1.708959847782152508e+01
7.026167765360168005e+01,1.449456905699583587e+01
6.393084142580453033e+01,1.534356776549232748e+01
3.272957716710279641e+01,1.877907208952739637e+01
5.265187857863850240e+01,2.864650647034434172e+01
5.284100695505875223e+01,2.546732605580032782e+01
1.740886502630563655e+02,2.267467232449450165e+01
-1.484330776942140915e+02,3.079284500807847991e+01
1.799135960335702293e+02,2.740669403161419382e+01
1.667922486152027091e+02,2.404792672587157654e+01
-1.754013515699560628e+02,1.087581026930726935e+01
-1.624857355254695506e+02,1.462750197010463715e+01
1.699310256901495677e+02,1.946735195381218375e+01
-1.768115314193957772e+02,1.340338536244344425e+01
-1.645395145901028968e+02,1.375674505888605026e+01
1.744734985702685606e+02,1.365730344405734797e+01
1.745059061347363070e+02,1.626875914945406976e+01
-1.798468655168263126e+02,1.150577575260262542e+01
-1.743409635265659858e+02,1.683957502106845538e+01
1.668662974252364393e+02,1.447323111846990606e+01
-1.703491750437629264e+02,1.985318719963281353e+01
1.646401665532257255e+02,2.078673445270954545e+01
-1.744948834677793172e+02,1.378962202073809351e+01
1.633979452256194236e+02,1.764495607438143310e+01
-1.688653164620537268e+02,1.400505267224956185e+01
-1.688663697233324683e+02,1.726938932556070583e+01
1.799324633318569795e+02,1.663854699752405963e+01
-1.644342073884084527e+02,1.447477698599481499e+01
1.775241428626783886e+02,1.461237165512084957e+01
-1.733171869401670051e+02,9.579264973753460310e+00
-1.680921049223513819e+02,1.724359253086964827e+01
1.798310610456163090e+02,2.632810693102582178e+01
-1.648022920509376945e+02,1.790486583178296343e+01
-1.760989418160010302e+02,2.119845995336671152e+01
1.610919508077531646e+02,1.719624032723336882e+01
-1.692929165745767079e+02,2.119983551975303371e+01
-5.753927180440306444e+01,1.429354891803132155e+01
-6.681309750283760707e+01,1.135859890410311479e+01
-6.270602500018499370e+01,9.068015080936422834e+00
-5.944831572997006930e+01,9.157519482412638467e+00
-6.742663771890288160e+01,8.155770098089687892e+00
-5.051011875483565916e+01,6.779607282376865385e+00
-7.152300942058012367e+01,1.086186916048120565e+01
-5.015129929907436690e+01,8.359984398060275268e+00
-6.655627564459078371e+01,7.595716648445097974e+00
-6.932961103534438507e+01,9.565983380281069870e+00
-6.040492665665601635e+01,7.090543802965918019e+00
-5.727247965502149185e+01,7.842476085364555871e+00
-6.690956946950197448e+01,1.069296206813957362e+01
-6.680521752750095743e+01,1.033744953319450488e+01
-4.966256304221258233e+01,1.087655037312672945e+01
-8.170664420539026196e+01,1.224521768570985891e+01
-5.204618241231979425e+01,6.816000532009891089e+00
-6.519663465904012867e+01,5.971735400484130096e+00
-1.018375787000705799e+02,1.483380466530590880e+01
-6.286808245938643580e+01,9.041892476713703886e+00
1.793995612351061482e+02,1.220832448287106153e+01
1.771035053237060595e+02,7.027473787432504615e+00
-1.768075177501519590e+02,1.064666222868860679e+01
1.773502051420969678e+02,1.256799955633154120e+01
-1.759190734164862704e+02,1.542360395628832492e+01
1.669308497064428707e+02,1.069262301658213588e+01
-1.747384602890294616e+02,6.592182017517408177e+00
-1.709380502947244622e+02,1.627002371298548411e+01
1.611003468997167829e+02,1.499610203677480413e+01
-1.704571484308690685e+02,8.701104056840007317e+00
1.758196846697739772e+02,7.820182224023762174e+00
-1.573840112046616184e+02,8.716277532390614979e+00
1.613739049063565574e+02,8.729344316280254645e+00
1.752234963499819003e+02,6.037362313885464182e+00
-1.681613596853347872e+02,6.761386166312862045e+00
1.771160963752352018e+02,5.168003073310210915e+00
-1.739486297604105118e+02,3.624008977794405340e+00
1.654667083593657821e+02,1.298152726259015033e+01
1.762702655006784482e+02,1.061801864941430118e+01
-1.549658083281187828e+02,1.428292383923498221e+01
6.885978543649186179e+01,1.416330812335792189e+01
6.802967900326473227e+01,1.401984325941068832e+01
5.925894882473574654e+01,1.672855767560997009e+01
7.284007724152803576e+01,1.488894218339703457e+01
6.055263028691893368e+01,1.634698546911845085e+01
7.655971729335594489e+01,1.679647440631235611e+01
5.085480832640126181e+01,1.517437569947257003e+01
7.361159001302962679e+01,1.237894127382473819e+01
6.349201843739080431e+01,1.172634078964697579e+01
6.597156089217736508e+01,1.006828350402669692e+01
1.692845325462200776e+02,7.556512168874883528e+00
1.700687408621958809e+02,1.583578872187078801e+01
-1.669295836486994347e+02,1.710307885575410580e+01
1.649258148853699595e+02,1.466767809286238489e+01
1.718451116020749225e+02,1.469605867267162580e+01
-1.681497019474336128e+02,1.531799476801267623e+01
1.666656485902166196e+02,1.365504011449720423e+01
1.707976217094503966e+02,9.923917555008841873e+00
-1.656373018234943970e+02,1.853391845218706635e+01
1.679877169824010821e+02,2.119606457234818109e+01
1.792535523433755316e+02,7.978289292834769952e+00
1.760576967050836572e+02,9.767923194710327550e+00
-1.791975655947108521e+02,9.682928862504393663e+00
-1.792905093003268746e+02,9.327634200526430774e+00
1.753674454756957743e+02,6.483845753853389127e+00
1.793620602368814332e+02,3.870304956857762768e+00
1.795643539667671007e+02,6.692359537999357677e+00
-1.793802478394039781e+02,7.133156213317631611e+00
1.795447301528752462e+02,8.215661951150167397e+00
1.778601107898767566e+02,8.495329680755089541e+00
-1.644063740529163908e+02,1.756845394743361055e+01
1.664847378511172451e+02,1.473536893986812757e+01
-1.789492981285921473e+02,1.148691853055976786e+01
-1.785052823761698448e+02,1.234431364567196887e+01
1.677869761084404274e+02,1.511785248596166653e+01
1.788455685153483046e+02,6.224651576362370875e+00
-1.670402255993994061e+02,1.181555145954656183e+01
1.700670059719563767e+02,8.597045354736145839e+00
1.773687449707759072e+02,8.010144936060855869e+00
-1.653989729310040673e+02,1.415863575124910767e+01
1.761174891788554078e+02,1.158620885385742483e+01
1.631505349037911969e+02,2.249557760977074850e+01
-1.750906167412193213e+02,2.163088629802827256e+01
1.634043968282362584e+02,2.610818921961476491e+01
1.555128187978966423e+02,1.932949807526973274e+01
-1.602543540141863048e+02,1.983331722236764705e+01
1.685922938461830540e+02,2.121327212889439551e+01
1.664587807393628793e+02,1.581487513845522130e+01
-1.617089245379795557e+02,1.756741253507276923e+01
-1.793264944624670534e+02,1.482921457150531808e+01
7.983299684140338570e+01,1.793052485108397676e+01
7.563405713085887783e+01,1.557002500744405538e+01
5.897998939522119599e+01,2.064274938052338726e+01
5.188812050006379195e+01,1.937575481953858514e+01
8.457303900540097175e+01,1.914321567607281338e+01
7.928535589131435302e+01,1.439813350013999660e+01
4.463960383922228203e+01,1.866596474858089039e+01
6.872007167509441672e+01,1.583869196640005939e+01
8.079449454760580807e+01,2.023784246962975431e+01
5.793272942023508421e+01,1.922484608936626671e+01
-1.642291401129749033e+02,9.586492336418931615e+00
1.798204336441364717e+02,8.935701909857176162e+00
1.630576143933855633e+02,8.922698620225725463e+00
-1.707552430794155214e+02,7.579640400760812469e+00
-1.609512290650492901e+02,7.673495658183462353e+00
1.643598769885698800e+02,1.347051546325666393e+01
-1.714730528920116512e+02,9.422988152335580736e+00
1.778659174152408298e+02,1.233729240519375026e+01
1.462907242728163624e+02,2.447871835507088178e+01
-1.772864658789952159e+02,1.454727944420966068e+01
-1.780999869237337521e+02,1.025759668799129187e+01
1.772087795523315492e+02,1.162149775959220577e+01
-1.705147725559470473e+02,1.233760089824515660e+01
-1.749551545054621897e+02,1.568379395384151564e+01
1.780359824622819644e+02,2.183811279420022089e+01
1.361747765788572053e+02,2.337728372594365567e+01
1.729067504019805028e+02,9.631222847322289837e+00
-1.350246046998351517e+02,2.474236234200889584e+01
1.572471773532330417e+02,2.672107023517320812e+01
-1.738757272928526447e+02,2.056373956429393957e+01
-1.687216853637462748e+02,1.015158039641863397e+01
1.769099666303443428e+02,9.175252673871209907e+00
-1.732814659931126471e+02,6.407940119788835709e+00
1.732939066856470731e+02,1.245994964047412346e+01
-1.741097390619507337e+02,1.257538146593889472e+01
1.741855313427512328e+02,1.112951002832497771e+01
-1.773142000048021600e+02,7.037428631447361305e+00
1.795660820093219172e+02,7.464253909380420993e+00
-1.782544689127102799e+02,2.752826826987927689e+00
-1.785310597896113620e+02,3.870128387375316059e+00
1.668584114815280657e+02,1.151082670823784682e+01
-1.644721838975490584e+02,7.081760420403380607e+00
1.618968114563733991e+02,7.978564940764744762e+00
-1.779476381758615560e+02,7.211319639922532332e+00
-1.774333839947154843e+02,1.014250016814591504e+01
-1.753927067382546738e+02,5.405886114569721457e+00
1.633370658602056551e+02,7.763976100616002185e+00
-1.555360628313162863e+02,1.471802797566446230e+01
1.681095685096785530e+02,1.440138936299921646e+01
1.781976402350580884e+02,1.342847100991394527e+01
-5.518247187153449573e+01,1.003874944296107330e+01
-5.976970589267237699e+01,8.123665586153006046e+00
-6.185672973304457400e+01,1.069697886650990526e+01
-3.289260893205513270e+01,1.830449456294762101e+01
-5.510633911377573213e+01,1.768157935880572751e+01
-4.076728878953960589e+01,1.774924485287695930e+01
-6.050138639668419671e+01,2.082669946285220064e+01
-7.343711911715273288e+01,2.094835687759893972e+01
-6.371269464606982069e+01,1.801328612114195593e+01
-7.893173597551302123e+01,1.823199027499989811e+01
-1.679977534307928408e+02,7.469327393509711754e+00
1.721055943964963717e+02,1.364499697727432093e+01
-1.708107499223429784e+02,8.413291692706536651e+00
1.678562025912030151e+02,1.349438289272890401e+01
-1.505671245303554429e+02,2.070264596158280312e+01
1.598389479148916621e+02,1.191250970056681524e+01
1.790003247264151867e+02,2.289931714126928242e+01
-1.681565978552663125e+02,1.387600556674665242e+01
1.767282350869192555e+02,1.809142591283436730e+01
-1.726874369972324246e+02,1.682676975264350361e+01
1.496946891855979231e+02,1.257328893027240468e+01
-1.636571166962416441e+02,1.729533484232496932e+01
1.732086667948393313e+02,1.787584993610929374e+01
1.528333143197241100e+02,2.093235124523736346e+01
-1.688309881563226043e+02,1.241786391047358151e+01
-1.785957825223863722e+02,1.539259467134478143e+01
1.744896362574743591e+02,1.332977628629365086e+01
-1.624913274568671966e+02,1.232330891951618668e+01
1.752171434161150785e+02,5.834232172557157092e+00
1.727612204508973264e+02,1.463457293000427484e+01
7.418279618367014905e+01,9.571194963791141319e+00
4.664885404673096048e+01,1.135880656034620628e+01
6.879891779888926351e+01,1.152447705770456743e+01
4.903721795585033050e+01,1.313890824469010710e+01
5.251050709677739547e+01,1.249519133209442856e+01
6.572635834541323163e+01,1.159961603775494154e+01
4.330265475880080572e+01,1.633003028488612784e+01
7.506340344741305159e+01,1.515457653646492275e+01
5.165480976502298205e+01,7.464187003687259292e+00
7.026464688337517828e+01,1.564988343515718583e+01
1.711543029200343824e+02,7.273351133408002767e+00
1.699439753088729219e+02,8.508331741994261677e+00
-1.538557461886226747e+02,1.177094977988002000e+01
1.687101154929065387e+02,8.918199971863440823e+00
1.715602821167462935e+02,8.313403353747895963e+00
-1.709611994164232840e+02,1.101287870762364918e+01
1.630736421458100551e+02,1.311742432109720369e+01
-1.754906840110870121e+02,1.263928672525381458e+01
-1.691055146762188315e+02,1.205162822278045631e+01
1.755884236481844027e+02,8.317642856966141807e+00
-1.629055755555409064e+02,1.014728053555977993e+01
-1.454490864478950698e+02,1.701161057605649063e+01
1.607248259567704167e+02,1.493735425196157962e+01
-1.709155318649924311e+02,1.473578689957186683e+01
1.645699800975797302e+02,1.797097211637272807e+01
-1.682119957109001689e+02,1.277606752039842775e+01
1.537379469704105475e+02,1.422468326224509561e+01
-1.460490047346244467e+02,1.847434198525737514e+01
1.775378606953745191e+02,4.475563693263804765e+00
1.623584443843895997e+02,1.515844127232869631e+01
1.761279418584221901e+02,1.421807718443163715e+01
1.773250621645107117e+02,1.139189552457227173e+01
-1.695926008849740469e+02,1.203571277842246445e+01
1.640398768186441032e+02,1.208356315991389351e+01
-1.686740411924843102e+02,1.033911325592555208e+01
-1.770134492180943084e+02,2.109620838324510572e+01
-1.730879946997756633e+02,1.324485364919421926e+01
1.758795259958929478e+02,1.135243606816471207e+01
-1.648462276023782067e+02,1.371009626998501929e+01
1.396196571723032775e+02,1.832670679003631520e+01
1.611707840667760081e+02,1.107457592213870434e+01
1.709206764545984640e+02,1.073916177248818116e+01
-1.557146213673990758e+02,9.542736280602955645e+00
1.595913154019319791e+02,9.065921776750016647e+00
-1.686606979295367239e+02,1.799877859944601965e+01
-1.716327899525053340e+02,2.116043891435221980e+01
-1.736958694572503816e+02,8.369797269908755055e+00
1.637006181934816880e+02,1.459765073044093420e+01
-1.760909161695121554e+02,1.199588881564401888e+01
1.707994201610846687e+02,4.412641521826330404e+00
-1.665260544417503752e+02,9.800718948000655573e+00
1.740495055128106969e+02,8.487506487280301215e+00
-1.743522701355839786e+02,5.915784321914268951e+00
1.780689754692976692e+02,3.536382724706324421e+00
-1.734089972740383701e+02,1.148292898866875866e+01
1.685964315100893884e+02,1.061315914160297247e+01
-1.724995593830928442e+02,9.496559986714251167e+00
1.674930015657995170e+02,1.315390915821364715e+01
-1.790747785759044746e+02,1.154678893824809016e+01
-1.677336380119556907e+02,1.540717050418416534e+01
-8.109848110512966457e+01,1.287350640662358359e+01
-5.829313724911266803e+01,1.819310716908194436e+01
-5.038003742471747159e+01,1.782220275936996146e+01
-7.452191287466744996e+01,1.676543725333908341e+01
-3.558399807290531669e+01,2.195529587952980677e+01
-6.697371115852600099e+01,2.037147071828656664e+01
-6.126384649378986325e+01,2.170656157207752202e+01
-6.056162086202356676e+01,1.495255194507720020e+01
-9.140004539637079972e+01,1.968541044014683550e+01
-4.879268529174933633e+01,1.267225116237558247e+01
-1.718383818661209830e+02,6.288798024740342996e+00
1.584005539524837047e+02,1.641493458179190768e+01
-1.415565761873851898e+02,2.228739236771284027e+01
1.675851860974573526e+02,9.105158815610321810e+00
1.430677482593917205e+02,1.608735984957998966e+01
-1.489532021355324787e+02,1.118038814387059787e+01
1.766927417191123766e+02,5.694633253151778263e+00
1.697119296474088799e+02,6.968958125149108618e+00
-1.780299961828846733e+02,1.545593665036819431e+01
1.724239181611488334e+02,1.003222778920727976e+01
8.468423443300491726e+01,1.253481157088048903e+01
5.335581477903310343e+01,7.873520146793886454e+00
5.678170180401903622e+01,8.830396986297408546e+00
6.974605104244623988e+01,1.030336934041285346e+01
4.708841327990467107e+01,1.486661782889631489e+01
8.433420036915283902e+01,1.165111390217324683e+01
4.959367887970969946e+01,9.100724979895698397e+00
8.441378839149179214e+01,1.416465620870425468e+01
8.432440198949618093e+01,1.249307642953139208e+01
4.407657099899739706e+01,1.426249872396655327e+01
-1.575305391794109369e+02,2.194955855231081188e+01
1.708419252300295454e+02,1.502273457477441454e+01
1.784444745122417544e+02,1.734446187351315416e+01
-1.764041172357834171e+02,6.412304770776389162e+00
1.707680839716919650e+02,4.382034960290219772e+00
-1.722286475365404215e+02,7.099089368071152428e+00
1.728239058626391511e+02,8.668938670595441209e+00
1.778231123439787780e+02,1.619193496322569459e+01
1.753076475871854996e+02,4.788276931005528425e+00
-1.739768175538349624e+02,9.881245826714557978e+00
-8.363479185818937367e+01,1.381087829945855994e+01
-4.837103002696311904e+01,2.969123373470788962e+01
-8.004468177157100683e+01,2.625620738979322510e+01
-9.925419658155651348e+01,3.421040696948001880e+01
-6.313358283893639111e+01,1.831053681502276120e+01
-6.499556003121968217e+01,2.030784548746115092e+01
-7.955413600379590378e+01,3.454025276528415134e+01
-5.792293530977060811e+01,3.080380524987390700e+01
-6.835158136601535261e+01,2.475305008167076082e+01
-6.223999356360985757e+01,3.713718028713151398e+01
-5.888654918549026007e+01,1.445669167304940927e+01
-8.162280564964208907e+01,1.179123740766026529e+01
-4.822011691784715026e+01,1.433864894026552150e+01
-9.083202111991860761e+01,1.299745121156698424e+01
-5.713018676784284366e+01,5.572312909732429986e+00
-5.537402342956578849e+01,7.070368286558775139e+00
-1.008084631181122433e+02,1.524646880739391364e+01
-4.924956256673650756e+01,8.751740414553619729e+00
-6.601214585105724098e+01,4.456160437540364505e+00
-8.265730535639450238e+01,8.515241667160299954e+00
-7.699805263658733168e+01,1.256883262635727938e+01
-6.247423585182139050e+01,1.538931998643276344e+01
-6.304566815430857218e+01,1.667331650719007996e+01
-7.007848183258158770e+01,1.093857095411168956e+01
-3.253151894018637336e+01,1.740556781409132725e+01
-6.628658621604317602e+01,1.781579616977790792e+01
-4.263836733651662314e+01,1.985223336148502682e+01
-4.382473913892413009e+01,1.710054202921140032e+01
-6.114053047948781483e+01,2.049249639722086513e+01
-5.016671177855939590e+01,1.664821428272905735e+01
7.447426097069228490e+01,1.011880468704796243e+01
6.147709803928110261e+01,5.752216517972580156e+00
5.792638869442050265e+01,7.902691408468145440e+00
8.159265595359265433e+01,9.928165358478702629e+00
6.333924703944006751e+01,1.210204946229617029e+01
7.040764902342776566e+01,1.772522231898395972e+01
5.738284704348093612e+01,2.162464015372806614e+01
6.388052541562397835e+01,9.597340910927753654e+00
8.518735327413655511e+01,1.161311404732040486e+01
4.156761134921215728e+01,1.560073827369643595e+01
1.776867934214625109e+02,1.832179626643543457e+01
-1.628153901366085847e+02,2.119005402592248188e+01
1.560716263098697709e+02,1.779272394013680625e+01
-1.519760283738586111e+02,1.560798087256040390e+01
1.652894227513600072e+02,5.577753789082795066e+00
1.749720864168152730e+02,4.373420391414741815e+00
-1.617638996301529914e+02,1.021893695501184141e+01
1.750135838646548621e+02,4.950651633202277857e+00
-1.787352578254741786e+02,4.668367093219290886e+00
-1.758681623417933224e+02,3.781420196129197109e+00
1.767348824446251569e+02,3.419070163386094041e+00
1.792290294152390686e+02,3.366600910442233197e+00
-1.776798479105872559e+02,6.344758989842933516e+00
-1.759400880630093695e+02,5.111892103902461848e+00
1.747178603060314970e+02,5.076353601834171947e+00
-1.658754592268783767e+02,1.069786996260048006e+01
1.733608056465176048e+02,1.333963586493817033e+01
-1.798376375259736619e+02,1.218648028338415301e+01
1.791205958108015750e+02,5.851352908220146531e+00
1.737327439830879712e+02,3.841689308136103875e+00
-1.677454831954950123e+02,1.169117479578541996e+01
1.752618440881639401e+02,1.137528878861266435e+01
1.767197168056598571e+02,5.178036012581297420e+00
-1.764201141038347771e+02,1.345304841908547644e+01
1.714545758224746805e+02,9.559718621597362187e+00
1.756499617151019095e+02,6.696935716551087658e+00
-1.713087997161622411e+02,9.691012913955422192e+00
1.693883797388511141e+02,6.542660921808758800e+00
-1.683953029903206868e+02,1.146217176201569465e+01
1.777416001364902343e+02,3.536621041775260821e+00
-1.718907651231219234e+02,1.681799694940151113e+01
1.632765304241120816e+02,1.443112731508966817e+01
-1.690435543707731370e+02,1.704384176373258697e+01
1.767619931118287866e+02,1.664960610135001318e+01
-1.516565453687879312e+02,2.660154312632048246e+01
1.417321712794153257e+02,3.130993391475717047e+01
1.729878570593942868e+02,2.140534597361059355e+01
-1.035965553276309379e+02,2.822546076761591038e+01
-2.313843253333215699e+01,1.873314986743331545e+01
-7.199977554767617960e+01,1.813758667953831605e+01
1.648932082579291318e+02,2.044376144759583269e+01
-1.597638989090349355e+02,2.470717069923718867e+01
1.627345715836326292e+02,2.325368924302181739e+01
1.705547404474217217e+02,1.710654264711489247e+01
-1.741897016257578912e+02,1.968016125577113584e+01
1.485385834946906698e+02,1.939505999348856236e+01
-1.762688782693615792e+02,2.172707062179458148e+01
-1.624219968591227143e+02,2.440563127756069406e+01
1.593236657626978854e+02,1.388225691498844760e+01
1.797447485267446723e+02,1.306992921909501959e+01
-7.049238696330465359e+01,1.480300859010021242e+01
-6.769534389724456958e+01,1.346188411315659827e+01
-7.088521504103060522e+01,1.271059634631291146e+01
-6.573387977595717757e+01,1.128055306947554648e+01
-6.552916854024279303e+01,1.128257001450757713e+01
-6.486670013478835983e+01,1.297449079016820761e+01
-5.717186122924029945e+01,1.506958536442090235e+01
-7.252228341665181688e+01,1.581947865717730650e+01
-4.550400579299917325e+01,1.754700575204403634e+01
-7.467412626039627810e+01,2.178722827194504319e+01
-4.990448930860519994e+01,1.563641565890274165e+01
-7.428680926134119034e+01,2.340565048301252205e+01
-7.692682021717209295e+01,1.677425639667833934e+01
-5.642064240406981668e+01,1.240772424907408222e+01
-8.565895296540806214e+01,1.686985342331651339e+01
-5.791136069620613824e+01,1.326151420251660973e+01
-6.447081640703964922e+01,1.372545870006109325e+01
-7.476989838967820390e+01,1.890221284076424269e+01
-4.290315278135305022e+01,2.499863716932658519e+01
-8.282188950731338650e+01,1.594977915923888645e+01
-5.471008874392409638e+01,1.020962498665144125e+01
-5.661755214214606724e+01,1.150500557706292781e+01
-5.269142769380703584e+01,1.378576341598247978e+01
-6.187760195028609900e+01,1.252586739124970450e+01
-5.306782135561488900e+01,8.387877080176410871e+00
-7.553881246892112244e+01,1.455102363634618357e+01
-6.383661256407745554e+01,9.703741197121541262e+00
-6.210746894142926777e+01,1.515262664452602515e+01
-7.442907606433148260e+01,1.132994043050842237e+01
-4.356370628249968746e+01,1.404496754026374461e+01
-6.738222964512874569e+01,8.616763595918721208e+00
-4.334747510480642063e+01,1.752593216153890765e+01
-6.078800530648030787e+01,2.470390141006924267e+01
-3.217295410010690659e+01,2.858421853426644077e+01
-8.469452440565450502e+01,3.266979576878792813e+01
-4.681048078213466823e+01,2.713056630190639140e+01
-7.373124845372599623e+01,2.749137168038387458e+01
-8.702176012218544088e+01,2.111449550839746792e+01
-5.238443116970353941e+01,1.887418793678580542e+01
-6.410510904487166783e+01,1.481051260309889805e+01
6.607730392138326181e+01,1.454427991327380632e+01
7.455375013753788949e+01,1.206608048802211286e+01
6.106287485823430927e+01,1.494120720922204626e+01
7.816023875447780256e+01,1.529566804916676226e+01
5.794292456173934625e+01,1.597448245572736170e+01
5.496667976461937144e+01,1.456238234940778398e+01
6.584813277966678413e+01,1.460164555097927419e+01
5.040953158463335626e+01,1.355898987288648883e+01
8.521023069191781474e+01,1.118165641851255643e+01
6.907957490407036971e+01,1.352262055513625327e+01
-1.648944030419821445e+02,3.088023310232210505e+01
1.616059894209928984e+02,1.655835940264612915e+01
-1.731808965150391089e+02,7.739801412591642560e+00
-1.511041789308270040e+02,2.120170183068391978e+01
1.481417631288568941e+02,1.246789342327360472e+01
1.359437967292447809e+02,2.551518585355756841e+01
-1.527900400309978579e+02,1.712280302028922208e+01
-1.720815173928216666e+02,1.011074246741543625e+01
1.429032966081883842e+02,2.377025345769365572e+01
-1.522573399632894109e+02,1.311400669746961611e+01
-5.849020070903128499e+01,1.577847868203922843e+01
-7.813661279405683047e+01,1.213784823015345182e+01
-4.257424583676105101e+01,1.391329896679022937e+01
-7.300144084980482262e+01,1.500679068713660591e+01
-8.285503868077576328e+01,1.517532336047399966e+01
-3.735468877232064244e+01,1.186880654742632402e+01
-7.448647879516514081e+01,1.427095433834461247e+01
-5.154495104110693404e+01,8.443224438596816483e+00
-4.279707373546597182e+01,1.151189491519757624e+01
-7.566508776458492491e+01,1.672196135121280136e+01
-4.187504875895630363e+01,1.436892786940050826e+01
-6.983957670255151129e+01,1.009794016861893340e+01
-7.446756327349757498e+01,1.203978747846082520e+01
-5.093528702742197112e+01,1.234325620752445296e+01
-7.040426985259037451e+01,6.868145528460508409e+00
-4.737813878749336993e+01,1.197128098072895241e+01
-6.704852217760718247e+01,1.432879325686104366e+01
-4.026915376568884852e+01,1.682334861579109031e+01
-5.804130818373127454e+01,1.309250648323390820e+01
-6.322737200705923044e+01,1.390019054649979680e+01
4.647180655311485253e+01,1.854461464520235836e+01
5.630836584937979694e+01,7.033639280643066982e+00
7.062688860491472553e+01,1.212745206266248132e+01
6.928252938039697995e+01,1.535871137340848236e+01
5.890019207647721089e+01,1.544627641646947325e+01
8.676680068125924095e+01,1.818729983338938183e+01
5.215204122258416675e+01,1.596307359605306431e+01
5.989018334261093202e+01,1.465961518721936940e+01
7.149683304686581664e+01,2.198296164714462719e+01
4.532376130700841799e+01,1.613236509309037459e+01
-1.765945096865109463e+02,1.762178832707141751e+01
-1.755168900335047510e+02,1.640278757577549129e+01
-1.709183388079460713e+02,3.116858835077348999e+01
1.721295585437533191e+02,1.499846730501137060e+01
1.686931055280896601e+02,1.302929509017042342e+01
-1.762299480290688223e+02,2.538664301457926697e+01
1.727118778039292692e+02,1.735738515602595200e+01
1.793099644164903452e+02,2.472342730669818422e+01
-1.778982402373349885e+02,1.521312461321961607e+01
1.664115820184031804e+02,1.441992971136927970e+01
-1.574172402772649946e+02,9.665267510390048500e+00
1.606130263370781677e+02,1.130404245084030990e+01
-1.767375312089317276e+02,1.068646434515438770e+01
-1.569703956859977154e+02,1.381095067529748910e+01
1.746156284956835236e+02,6.415365984109845598e+00
1.746990622173781844e+02,9.907643597549471437e+00
-1.669015855455713790e+02,1.502982167105827571e+01
1.755906096967601115e+02,1.955480978102390566e+01
1.680356380836993537e+02,9.157299577635953369e+00
-1.720577348429914082e+02,1.640730092926857253e+01
4.500727556956273645e+01,1.984727390358493437e+01
6.236882337926275000e+01,9.808226039397476725e+00
5.673116692628563129e+01,1.506031896236118861e+01
4.838980076963098753e+01,2.384571109046203219e+01
7.117271664498589701e+01,1.451456588404555248e+01
5.132051771964374609e+01,1.761085706533966899e+01
8.030562152056612035e+01,9.056458146898146211e+00
6.099693752414670911e+01,1.183119382426732713e+01
6.679537097360190501e+01,1.544058463830785399e+01
7.223192333645212670e+01,1.444952740714450812e+01
-3.219891005705719067e+01,1.616436278546386518e+01
-7.262976189001005878e+01,3.431788676820782769e+01
-3.316840518327988008e+01,2.062627308802830584e+01
-4.750395998447956458e+01,1.732071003364929140e+01
-9.890005197737124831e+01,2.081436615744828345e+01
-5.636443954634454911e+01,7.519438492416092856e+00
-2.478927517255996449e+01,2.331800972442725950e+01
-9.158246472963546125e+01,1.835683617872324902e+01
-5.654263730579523894e+01,1.792415031873455433e+01
-4.725308434936024327e+01,1.266985948766185466e+01
1.770425948922769805e+02,2.079341500244033725e+01
1.768364265273393983e+02,2.105620685858265873e+01
-1.794590537099688561e+02,1.577581960076759060e+01
1.681779522620643661e+02,2.313851194488676555e+01
1.710288730165720494e+02,1.628326612493921743e+01
1.758888906316830116e+02,2.150094757427620351e+01
1.718640760598695181e+02,1.809195339032086025e+01
-1.772727869143519683e+02,1.546620897596917033e+01
1.701788917352905059e+02,1.381166898071117721e+01
1.717776609424886942e+02,1.836582948661848036e+01
1.732130539570556209e+02,1.983927277131414613e+01
-1.647851749328109179e+02,1.913951571446300548e+01
1.736158160017637044e+02,5.363991748252654013e+00
1.728369702539758634e+02,7.460773321758776611e+00
-1.750970544643183189e+02,1.157712879004214024e+01
1.756901270349074196e+02,1.868828475308434633e+01
-1.775217565659820593e+02,1.486781540016103165e+01
1.759900847878893444e+02,6.723649826612271951e+00
-1.785468003244895954e+02,5.646128262791759056e+00
-1.747801859727097167e+02,5.302364487108736313e+00
-1.657774962923912483e+02,8.112546360096729359e+00
-1.674172354504974578e+02,1.435335630613951530e+01
1.653597738331996254e+02,1.224646151408769867e+01
-1.659875922091387395e+02,1.115080882403425022e+01
-1.684036293263988000e+02,1.067510634893161026e+01
1.653730212772102846e+02,1.662685766349762062e+01
-1.744706609330053766e+02,6.914743581037310349e+00
-1.699460626747506637e+02,1.050040950036091658e+01
1.542177649127666541e+02,1.688154791464399551e+01
-1.738181080324541199e+02,1.262359231818497740e+01
-6.347347532939772918e+01,1.132538816318177410e+01
-5.363467744163978068e+01,1.471619049651352285e+01
-3.772488498620460007e+01,2.249057823895525843e+01
-6.862023977081082649e+01,1.903380755691766169e+01
-4.001250577055419910e+01,2.075182374614101732e+01
-7.939383108202152073e+01,1.645133895627843756e+01
-7.827427569674809149e+01,2.235610326121411262e+01
-5.539102638097749320e+01,2.795155354202226405e+01
-8.981014017404923777e+01,2.030989117036245517e+01
-5.113517564114660985e+01,2.144708623098633637e+01
-3.497167018679628114e+01,1.729473303899843017e+01
-8.015416573531426536e+01,2.692747618749163863e+01
-3.712212568110649613e+01,2.100146807873342425e+01
-6.904501964571855410e+01,1.919202134253959713e+01
-5.848243955351085077e+01,1.680938637126480373e+01
-5.964076628452261986e+01,2.031520860962164221e+01
-5.683891711080249820e+01,2.260436586522778057e+01
-5.788334677091791747e+01,1.665919514651893607e+01
-5.640732513319085939e+01,1.324526547165473822e+01
-5.689888275457441580e+01,1.138565784249108326e+01
5.510148776702765616e+01,6.374674519388414673e+00
6.529808477793596921e+01,5.398733575378275695e+00
7.382233957696224991e+01,8.996498625059377474e+00
5.338623060536230724e+01,8.534515454351383923e+00
7.651918263659204911e+01,1.120671550251655901e+01
7.420563894063452892e+01,1.027102790224985185e+01
5.896792119325522918e+01,1.056992609123561166e+01
5.902372169447458106e+01,1.175400569012957597e+01
4.047527300109541670e+01,2.289937411624509167e+01
6.285150228349952783e+01,1.025087520925520401e+01
6.732620278155336280e+01,1.117058727050046052e+01
4.649509236418282399e+01,8.647394111555239959e+00
7.202572169628132315e+01,7.789149440909048039e+00
5.328846048409567260e+01,5.340844861060363158e+00
6.327013637173211436e+01,1.031882290749673636e+01
7.521373603645710659e+01,1.557782665661365584e+01
6.040776156092959326e+01,1.251111971879563178e+01
6.658143769151618585e+01,1.288126364321361095e+01
4.690950862898288420e+01,1.143530056758638125e+01
5.219024896378902412e+01,1.228007615870041747e+01
-4.373009336651441004e+01,1.389797863422612600e+01
-6.892663211017844560e+01,1.929362774333084474e+01
-5.196707627733156443e+01,1.934190371727109437e+01
-3.414725695477385869e+01,2.191815873493860778e+01
-7.681502411183839740e+01,1.496898954564977657e+01
-5.272161574646993643e+01,2.151254838313660400e+01
-7.625596542367021868e+01,1.211385550155193158e+01
-7.810478185904706550e+01,1.807255382373723052e+01
-6.292731539094870641e+01,1.243408843719738677e+01
-7.757962474246303941e+01,2.068842201227683830e+01
-6.445900966088325390e+01,1.791062989487063817e+01
-7.651378576052402991e+01,1.987120067121792744e+01
-7.175782424176563268e+01,2.483145429710950225e+01
-6.731665414713201301e+01,1.465067862278169031e+01
-6.848260267791975764e+01,2.794905506469335066e+01
-6.228197698053703846e+01,2.279071546899603362e+01
-7.306585730334829520e+01,1.878538702754558543e+01
-6.910655089054912992e+01,1.525897102766504787e+01
-7.014802373856851148e+01,1.425262323747317694e+01
-6.956529788714978224e+01,1.268142347449069973e+01
1.700073889993489900e+02,1.942946287684842233e+01
1.741140828115819659e+02,2.032141937997015546e+01
-1.725306530323471748e+02,1.911294863365769459e+01
1.718303686466830413e+02,1.268654488432408378e+01
-1.735455634046358284e+02,1.142430083008266095e+01
1.798353815873356893e+02,1.412754610270238764e+01
-1.721281591934779840e+02,9.809183646149472580e+00
-1.769687919750729179e+02,7.188442561050866431e+00
1.630371953013666655e+02,1.062622997654755608e+01
-1.744358072267325497e+02,6.062610013653789487e+00
7.167571062231071721e+01,2.008042073643722603e+01
6.743075176677882610e+01,1.881885126069713010e+01
6.151035290698429492e+01,1.872319484529582567e+01
7.056144131360653660e+01,1.617312359794625465e+01
4.916102272200144085e+01,2.788563711691594804e+01
4.765430312379035627e+01,2.356402013454658828e+01
5.614215904658649237e+01,3.076491522042444515e+01
5.430471866474528042e+01,1.582501086913790189e+01
5.930697674934401675e+01,1.858830055033788398e+01
7.032936991770374391e+01,2.172056648544175061e+01
-8.666897854935643863e+01,1.694925080903193049e+01
-3.871269550300932138e+01,1.573824927394736761e+01
-6.202877169959894132e+01,1.340042037978943945e+01
-1.027312483467896271e+02,1.494660995741389442e+01
-3.502070402165184504e+01,1.769250112216134596e+01
-6.389368063644460705e+01,9.417398389381617108e+00
-1.099378508521921560e+02,2.328965485974873317e+01
-7.135540933722788282e+01,8.470578838332180283e+00
-5.385743176905233298e+01,9.355677689433658628e+00
-9.267846818489063310e+01,1.035661172908703165e+01
-9.868093171671515051e+01,2.335985255906764380e+01
-5.959813265553170680e+01,2.793260610344376715e+01
-7.073873174101477446e+01,1.246299203559129865e+01
-8.497017716035229284e+01,1.552345325832330758e+01
-3.765366106256739442e+01,1.801219788256806709e+01
-7.183703919261353121e+01,3.010694289121197187e+01
-5.300815270741715324e+01,1.656651468652193770e+01
-5.825671157785789234e+01,1.437844267646022445e+01
-9.451019025902290593e+01,1.692635355585507995e+01
-6.283711660461904813e+01,2.139811400264341756e+01
1.729470653272330765e+02,7.517740933999466080e+00
1.782543944810499283e+02,7.076743689901918266e+00
-1.754653703944797485e+02,1.169217108933870009e+01
1.776239646212021341e+02,1.049188777746075374e+01
-1.785638977826973814e+02,1.184465504850496842e+01
1.782425506533622013e+02,1.037488815721999913e+01
-1.785469715288460009e+02,1.237541813852633510e+01
1.789410806234141376e+02,8.380245998072158642e+00
-1.723680077132535757e+02,8.696460431300870653e+00
1.727705030246457625e+02,6.956124938609310249e+00
-1.787279555848366783e+02,1.522673902014136793e+01
1.722869217165783766e+02,1.524421930310882800e+01
-1.793113173236105524e+02,8.467940757652097972e+00
-1.789666820766270803e+02,1.183151777212598432e+01
-1.792253353909252951e+02,1.054388448167263093e+01
-1.771985549507975577e+02,1.442645288717686469e+01
1.724870301601918925e+02,1.512492414253431328e+01
-1.683947370448478011e+02,1.225532916303798103e+01
1.713255166347414615e+02,7.445696588406830685e+00
1.649844247681088234e+02,9.205125180869924151e+00
6.604508700785916631e+01,9.645187216625760840e+00
5.314609212176422659e+01,6.894182011111153585e+00
6.787012394737179477e+01,9.786390147062512312e+00
5.651698566719182537e+01,8.761333922336923763e+00
5.592060840880422745e+01,1.612733516319841343e+01
5.944980236428164488e+01,6.517764382533078660e+00
5.652141696429593054e+01,8.567952913748268173e+00
6.076807880552127017e+01,3.649242410344621490e+00
6.263840265334847857e+01,1.267093538971378663e+01
7.611737524150544232e+01,1.489461532416077993e+01
-6.165619945506259825e+01,1.183946715832347607e+01
-6.365279397026277053e+01,1.357209271305833198e+01
-7.559897142741172615e+01,9.796440876985720081e+00
-5.900059205138335727e+01,1.460855091630468650e+01
-7.732901762217994701e+01,1.226506736744550530e+01
-7.208373711946795481e+01,1.145009159099738483e+01
-4.470118870511620202e+01,1.238388875505499165e+01
-9.312268287079477602e+01,1.476155849400797138e+01
-5.552545886872801617e+01,1.253813539357157225e+01
-5.011896053575328125e+01,1.326588525054380874e+01
-1.753203836609324071e+02,6.947872027446399201e+00
-1.684367937421239958e+02,1.260788710489117292e+01
-1.791848879914557244e+02,1.058630721756289006e+01
1.717343565565845154e+02,1.196487202828807916e+01
-1.672462993818283508e+02,9.323461398530842104e+00
1.741942288365333127e+02,5.843897420678455745e+00
1.675306232489115530e+02,9.374758246875144252e+00
-1.667723913134096279e+02,1.091206283623258599e+01
1.605033421728506653e+02,1.045830603378657919e+01
-1.697595610618094781e+02,8.963159576695037600e+00
-2.716053447935454557e+01,3.145231310648296130e+01
-8.184105265963388831e+01,2.553848043880310570e+01
-6.382206672786673352e+01,2.253704636078211010e+01
-9.052214623711418540e+01,1.621211354960831841e+01
-3.990200023679413732e+01,2.156143049883392138e+01
-7.642398105386467932e+01,1.331258471624741446e+01
-5.777406328485845677e+01,1.737988479257497687e+01
-7.964283233077783564e+01,1.313334118891240365e+01
-6.040275583346036825e+01,1.386814717834732491e+01
-6.789570090031607208e+01,1.053753455492466529e+01
-1.752475964906307695e+02,1.353847569351357905e+01
1.673439337186373450e+02,2.187992864964341777e+01
-1.637523373412836349e+02,1.958757826875940822e+01
1.688577389911163209e+02,1.732670041366860403e+01
1.718117213061115933e+02,6.534299503951814359e+00
-1.623311648556696127e+02,2.525829879526066080e+01
1.673939939567246995e+02,8.776817516368790706e+00
-1.668310593850617636e+02,1.208660125401880769e+01
1.735027559958064955e+02,1.236811971783019359e+01
-1.792587572902616841e+02,1.300604364046646211e+01
-1.769014710415932257e+02,4.334805561600723500e+00
1.734696557097633445e+02,6.240424288118119556e+00
-1.765189665295034445e+02,8.195907208500585739e+00
1.756053690533913993e+02,9.529037001097368176e+00
1.712692608131843315e+02,4.779082386506339652e+00
-1.403117537559100185e+02,1.127301991402173265e+01
1.527332980501315660e+02,8.592535053285569546e+00
1.786246847500885906e+02,3.439651364488624186e+00
-1.622253593731383319e+02,7.819923227483952743e+00
1.677376837988884404e+02,5.738356248628545764e+00
-1.706194606762609283e+02,4.677161975615305778e+00
1.766284804299237976e+02,7.732281215655584461e+00
-1.741380177365306849e+02,1.053876444580084382e+01
1.646440442159315580e+02,7.052391414722823271e+00
-1.525353421677091603e+02,9.074180534203017956e+00
1.605915582893272813e+02,8.876375774253405737e+00
-1.682856452780611960e+02,1.052492013457737841e+01
1.661614393835531871e+02,1.013109064928188552e+01
-1.545584443942977373e+02,1.163233242583463856e+01
1.511722704528535814e+02,1.425241875967209815e+01
1.669936549491253004e+02,8.586308359941007495e+00
1.725436799895740592e+02,1.319674617092094060e+01
-1.658835352157847467e+02,1.017560193887623043e+01
1.655311371434061414e+02,1.198384183974810213e+01
-1.639102784619186366e+02,1.097387804338773165e+01
-1.730243388133731628e+02,1.445238086119686471e+01
1.699249345596301737e+02,1.238984705439950318e+01
-1.719050160896694024e+02,7.426362814024349390e+00
-1.762082290491272545e+02,1.042841909673293266e+01
1.739034379758193438e+02,7.997074039708120807e+00
7.033144444180777555e+01,1.067518499250622277e+01
7.134241125958649832e+01,2.096748581025624247e+01
7.964237911790500846e+01,1.569971605637207546e+01
6.263467348018812686e+01,1.168377537755158357e+01
6.483688464774849081e+01,7.901144279419753502e+00
6.177574101524076156e+01,1.127902496346733585e+01
5.219002941361566172e+01,1.399853326295050948e+01
7.272367793890815335e+01,1.579742125325282842e+01
6.349945726814264901e+01,1.668243144346120488e+01
7.763788231533241913e+01,1.008144827969618973e+01
-8.759233714232094314e+01,1.939194093279730424e+01
-3.586773593028501494e+01,2.917641783603932737e+01
-1.128193856378545803e+02,3.263070655728668612e+01
-1.599935223419842032e+02,1.260000620276969840e+01
1.240525749416704286e+02,3.835584677958584621e+01
9.474700257891664990e+01,2.929682772466902207e+01
5.436316526708227315e+01,2.985682534602495863e+01
8.392544241327360055e+01,3.292484495139520106e+01
1.038137901416501876e+02,3.015353896080720730e+01
1.279709536272785471e+02,2.694468448776139979e+01
-4.984844701279069312e+01,1.429982856958832826e+01
-6.914511297708982340e+01,1.101839272368910017e+01
-6.386586029386490537e+01,1.814845046379308258e+01
-6.237394929136808486e+01,1.564137733887876891e+01
-6.982941275156838401e+01,1.641484141625280557e+01
-5.091475736569509536e+01,9.095533135300943428e+00
-6.053913853446212556e+01,1.287012182797668203e+01
-4.645300418320245939e+01,1.500342666356919707e+01
-4.643705116148773726e+01,1.678388242839535849e+01
-6.318210465053934399e+01,1.493150916474988854e+01
-1.666002190536478622e+02,1.345811500967050023e+01
1.664236615012365803e+02,9.470322306481207875e+00
-1.732576814634369100e+02,1.838478363306483487e+01
-1.663234853725608104e+02,1.171411374176075348e+01
1.678233701100506892e+02,1.885273634514972940e+01
-1.670766716432979138e+02,1.481042418713832198e+01
-1.787203673159849586e+02,2.042013994668666754e+01
1.678573301862641642e+02,8.380159471027187834e+00
-1.713749663259228555e+02,1.157866570037015208e+01
-1.692274716991329910e+02,1.513678316830405457e+01
8.393705839900363230e+01,1.904635615473915777e+01
6.724318159021548524e+01,1.600922047800795767e+01
4.821736868223809580e+01,1.730630950038853655e+01
7.436575024657631161e+01,2.527469299679934878e+01
6.867671366057454918e+01,2.378577794371232557e+01
5.841843198342600374e+01,1.954260028964201013e+01
6.969514766464628508e+01,1.486851577772723587e+01
7.067510488461647356e+01,1.283314983197551840e+01
6.564054179268070754e+01,1.238255248219150850e+01
5.778002650747853863e+01,1.370914815661735631e+01
-6.811997713553110145e+01,1.364626522009444720e+01
-5.298952197335557202e+01,1.255606086478261929e+01
-5.142395343575975630e+01,1.879007730515082386e+01
-6.043920907011364108e+01,1.005954430600870353e+01
-6.988030104252355557e+01,9.356551062961633747e+00
-6.816123236745728775e+01,1.021896542333483104e+01
-6.340480290133168495e+01,9.155193131260695338e+00
-8.053792344389283642e+01,1.823968420928263257e+01
-6.656113135567530037e+01,1.310605835058316870e+01
-7.404485875054808730e+01,7.758552403847669865e+00
-6.373831193774936565e+01,1.318819430737021392e+01
-6.400634571595060152e+01,5.308406570041777073e+00
-6.191837883050943248e+01,1.370313908523040070e+01
-5.083454911382631281e+01,1.472158567187120326e+01
-7.243321950549318444e+01,1.532144064711535236e+01
-4.892453489531622068e+01,1.695826447793174196e+01
-8.478330516606352774e+01,1.857546631460021302e+01
-5.257147849081146518e+01,1.690619164358075466e+01
-6.731794079197058522e+01,1.611820977421137258e+01
-6.870783774723550152e+01,1.017589802297122148e+01
-5.934776889458500193e+01,1.160712006311822186e+01
-5.548430762475517497e+01,1.196337114890957132e+01
-7.488094374734318137e+01,1.224670386681553502e+01
-6.026392546577839227e+01,1.138440477507018755e+01
-7.086086293454862073e+01,6.508947305279072282e+00
-6.848745520972158829e+01,6.419787479129103858e+00
-5.208424145347544254e+01,7.131426396688901548e+00
-8.054768190751521217e+01,9.662606348878981066e+00
-4.732341777162193353e+01,1.366675819898500954e+01
-7.312204880063853807e+01,1.043740524704180928e+01
-7.815014090625766130e+01,1.411583575341403574e+01
-6.270364756698143793e+01,1.083562375991612114e+01
-6.155830023768703541e+01,1.079508698400631417e+01
-5.489803854598664401e+01,1.199336237026992968e+01
-8.357790707525846585e+01,1.074539403248616587e+01
-5.400723619245162155e+01,1.056492555882024043e+01
-6.913388436486043531e+01,1.007152413946130842e+01
-6.905414635714319616e+01,8.787064411197150093e+00
-5.924130003272950518e+01,1.053720585780587093e+01
-6.544496285797396240e+01,1.098174111085497451e+01
7.396122597633666373e+01,1.186760378509626079e+01
5.766550707841754786e+01,7.521812664912687296e+00
8.497188062300169520e+01,1.081652498056301148e+01
5.125289194539725202e+01,1.248543077911300614e+01
6.693607211244101052e+01,7.912920338830383926e+00
7.507117955672782728e+01,1.476988401496888059e+01
6.939605638733932835e+01,1.538647773464568402e+01
7.813516234444165320e+01,1.909571183357670066e+01
6.688719290251627569e+01,1.883689340646462540e+01
8.015331580993321836e+01,1.707900649884613387e+01
-1.781392022906377406e+02,6.992462214701443912e+00
1.767894068240277079e+02,6.049853066084272868e+00
-1.758430894971958764e+02,1.001992825410947319e+01
1.761360226073594788e+02,9.727838417642491464e+00
-1.688206276084348474e+02,8.276705735034891376e+00
1.692223701663709505e+02,7.400056952073567729e+00
1.764354339746006133e+02,7.010298909048113813e+00
-1.684207075173603982e+02,1.041889516179169561e+01
1.656740384842272533e+02,1.376326631640974085e+01
-1.682655689269587356e+02,9.096168105670409787e+00
-4.916898079645336850e+01,1.679979699577661023e+01
-6.846582187378346873e+01,1.269547411300785278e+01
-5.878079497608929671e+01,8.702802316452604714e+00
-6.842450564668465063e+01,6.833038368568059795e+00
-7.205881927412715982e+01,1.312418617270698107e+01
-7.013608585453643229e+01,1.327798134201858105e+01
-5.859693799963737604e+01,1.773716112493502450e+01
-6.786758155909031132e+01,1.443232722425471160e+01
-5.852990630345520628e+01,1.208548024358627870e+01
-6.214918913921730592e+01,1.258084605548653911e+01
-5.820053170454912816e+01,1.172572722907051102e+01
-6.707190263549576059e+01,1.091225115719021765e+01
-5.338229060869047515e+01,1.195023913501199608e+01
-5.621558539417042510e+01,1.456191470198434779e+01
-6.104053183231011559e+01,1.468423756791340651e+01
-5.015033440392096509e+01,2.218434827602348136e+01
-6.353160738609886948e+01,1.159594074026836452e+01
-6.436380325411506931e+01,2.018113760627102593e+01
-5.926366424645986086e+01,8.999589092127617818e+00
-6.340941479901890432e+01,9.349831631988513081e+00
1.506012485510807721e+02,2.946835077006421955e+01
-1.759725177652585160e+02,1.235530851444411127e+01
-1.514340107941266922e+02,3.179243525875683218e+01
1.586244114070856881e+02,1.811510679106400801e+01
1.434655633318810146e+02,1.649010447673586910e+01
-1.535095009650671329e+02,1.458916413181281335e+01
-1.577057612978126713e+02,2.277157080702210834e+01
1.630747561795249965e+02,1.476542721200610231e+01
-1.671304693629587632e+02,1.412403988998221926e+01
-1.659200577941780352e+02,1.087057512044079566e+01
1.593143698710812828e+02,1.240991446229476480e+01
-1.796325439621036821e+02,1.347331504187043905e+01
-1.683392776383949467e+02,1.071837806220853828e+01
1.645663831147557801e+02,8.511815978547087269e+00
-1.714528983440693821e+02,7.393027551625847238e+00
1.790426101328725110e+02,9.873749377274521066e+00
1.698480335843967453e+02,9.077789374150432522e+00
-1.630969588507676917e+02,7.787126340612863018e+00
1.671412141006241256e+02,7.052296946001229472e+00
1.658419241536386437e+02,8.702979919312747725e+00
-1.552528383605310864e+02,2.102402021728519088e+01
1.524543293870020193e+02,9.827533171204269280e+00
-1.598940085301722434e+02,1.466095842860297083e+01
1.788514146693769931e+02,8.125233229336753737e+00
-1.786533514836189624e+02,1.398272903848741677e+01
-1.762421607377589226e+02,9.932968535852804592e+00
-1.786733783916291998e+02,1.481874628293811469e+01
1.749069522280297235e+02,9.050597893397739568e+00
-1.718371185285213869e+02,6.890234980609505122e+00
1.675111124280476815e+02,1.294621587103243243e+01
-1.789215466341957494e+02,7.146062705546855298e+00
1.710667692053143014e+02,1.118567689128322939e+01
-1.581741333628824009e+02,1.564027738474450047e+01
1.694831052822956394e+02,1.329141114581663530e+01
-1.762351735593487660e+02,9.497520959506964289e+00
-1.733775390083402783e+02,1.401954595720138208e+01
1.745068857351121494e+02,1.202640879171296895e+01
-1.749426192353222405e+02,4.968692069877804762e+00
-1.762787797440057034e+02,6.466391216390212193e+00
1.769818919903926542e+02,9.880407475948533857e+00
8.163818464895236104e+01,2.002112774732116662e+01
7.301252686890966004e+01,1.776100220024140341e+01
5.806950742499275009e+01,2.320945855120105961e+01
5.811976630149951006e+01,1.808758411041083036e+01
6.640572975403782152e+01,1.190320284134141993e+01
5.549732001686768967e+01,1.686551781560318020e+01
6.901840018520046272e+01,1.246805432558568327e+01
6.679069338871239836e+01,9.342304987554172158e+00
7.025624500223858604e+01,1.296698058133915410e+01
5.899200014319502117e+01,1.559452087774616658e+01
1.623762887863470610e+02,8.912839990256886225e+00
-1.527825296418980088e+02,1.141760991030353090e+01
1.450443766543911863e+02,1.694435322185563564e+01
-1.754005381101208911e+02,1.523374012105382036e+01
-1.468240225007711501e+02,2.082193743850391598e+01
1.411786767009428445e+02,2.304346619970680621e+01
-1.643123641080453581e+02,1.322120421887420250e+01
-1.549885482202944331e+02,1.808126738950797829e+01
1.548368308422724624e+02,1.605557529035760211e+01
-1.473229800264801099e+02,1.287762533158018385e+01
1.539179005612031688e+02,2.061025180117234967e+01
-1.668153037051095282e+02,1.161605310960690929e+01
-1.487850493930228026e+02,2.292435246366001067e+01
1.625591641955210207e+02,1.806593618716731342e+01
1.709328161167158271e+02,1.352888759243875683e+01
-1.529186038330202564e+02,2.278390930629850430e+01
1.752642573401064965e+02,1.463562677963880887e+01
1.543958173846797592e+02,1.800053700623020347e+01
-1.533559741301035615e+02,2.572320010138492563e+01
-1.675271185563081247e+02,1.933860700746393846e+01
1.664258909656472838e+02,1.498834647480593851e+01
-1.662234077244042112e+02,7.321387055717652359e+00
-1.784988455997044809e+02,8.817909711571886078e+00
1.691192207868505761e+02,9.599347313012090765e+00
-1.613184068814724696e+02,1.364313827585390726e+01
-1.788337220005719246e+02,1.366874356388627199e+01
1.662333138777733552e+02,1.437093059739405732e+01
-1.700860060705240073e+02,1.697052621320083432e+01
-1.688186455146533262e+02,1.547336305501858433e+01
1.356609162572577532e+02,2.721616921103483122e+01
-1.596478064417566713e+02,1.501445790370418365e+01
1.597934864433684652e+02,2.363288745791953360e+01
-1.629313425322582134e+02,1.385011023746475978e+01
1.742420537648675349e+02,1.622305839137588634e+01
1.763011878445627758e+02,1.396357367969538998e+01
-1.623607719488175860e+02,1.126731756291040121e+01
1.578457095222940723e+02,1.509202667551063293e+01
-1.738363477294145412e+02,5.169988488789559966e+00
1.763696556992807132e+02,9.970164670010174035e+00
1.772427904349218863e+02,1.326729193376600691e+01
-1.650411153749272444e+02,1.615093098268214078e+01
1.708379537025504362e+02,1.343102815244838588e+01
-1.709183061496271705e+02,1.298353587493607897e+01
1.662598183371310654e+02,1.875147754992854843e+01
-1.697332472207631611e+02,1.509061994986966937e+01
1.739600005436810193e+02,8.664044132343779125e+00
-1.678005157295705203e+02,1.075931982919329855e+01
1.763689021680943938e+02,1.605491794327626565e+01
1.738221752357584933e+02,1.255589857913856555e+01
-1.496413814296293765e+02,1.559612548261120324e+01
-1.693591461429937510e+02,1.498395551988839003e+01
-1.623762259761209066e+02,1.147580977668264879e+01
1.556667918538538515e+02,1.410614101973564161e+01
-1.635586682084639278e+02,1.123954955447512916e+01
-1.721019327638305754e+02,1.405585137118805505e+01
1.541215538146332165e+02,2.116687863326414032e+01
-1.601070258799076953e+02,1.540426081967413907e+01
-1.697031290775765626e+02,8.151011131889223549e+00
1.487984698645118158e+02,1.324841227655268128e+01
-1.726750189956295003e+02,1.437399259235992055e+01
-5.341377060080415617e+01,1.550522522092878575e+01
-5.958651169665777303e+01,1.071307874851085984e+01
-7.648243263022108351e+01,1.319172058007512405e+01
-5.685065294796600455e+01,1.511639410662389693e+01
-7.461353439553299438e+01,1.278625253235315995e+01
-6.622196759665909838e+01,5.924564527427034655e+00
-4.876264847408010183e+01,9.545656220861523877e+00
-7.054876197723490350e+01,7.187663563080478824e+00
-4.548258300942497101e+01,1.073896442627384218e+01
-5.709035552238598399e+01,6.737660206884483749e+00
1.717607241967598100e+02,1.207253314349138051e+01
-1.684361732774411280e+02,1.589696033427660637e+01
1.723235629502464121e+02,1.771828870034471493e+01
-1.728073125736507905e+02,1.736791605355754697e+01
-1.679210342823124051e+02,1.067779620243658378e+01
1.799004474409640011e+02,9.284344266448957939e+00
-1.736947299678928118e+02,8.791464031911832677e+00
-1.676955303753474027e+02,1.443995404681861672e+01
1.653321828324547766e+02,1.519800305101335525e+01
-1.719398295649279760e+02,1.690475966822602061e+01
6.527439539909420319e+01,1.029525118740928136e+01
3.376211447593459525e+01,1.518841768521357594e+01
8.595260951811361849e+01,2.035963954826574707e+01
4.248968638816773336e+01,1.771388249158270156e+01
5.382490266886738794e+01,6.972879805652206997e+00
8.021410880237397123e+01,2.117711037624748016e+01
4.700692429387729021e+01,1.334262165974994829e+01
7.539127338211565643e+01,1.646609812136114215e+01
6.254230297804619454e+01,1.081693028316042415e+01
5.564117151173713438e+01,1.105279492160567223e+01
1.612455453261160301e+02,9.579101816357919574e+00
-1.678704047190044832e+02,9.113915981426998769e+00
1.693244933402285710e+02,9.864001137262009777e+00
-1.769966000390056990e+02,1.043269962112428217e+01
1.758892592942823967e+02,9.475539573418062744e+00
1.774261319128859782e+02,4.540333472654099367e+00
-1.748790934548388236e+02,3.006283629580031480e+00
-1.796004320304929536e+02,7.727014240151476088e+00
1.600089090636176081e+02,8.917455601877961158e+00
-1.501149333786520685e+02,1.160037007906202078e+01
-6.577618727315311276e+01,1.208499661345442888e+01
-7.377028709943841989e+01,1.508488422821598007e+01
-6.051942947801551043e+01,9.138010673760462055e+00
-6.041041665732021215e+01,1.241009071718169743e+01
-6.455038471860468974e+01,8.473438371275053171e+00
-4.875553048876584228e+01,1.049555265107987978e+01
-7.599217046906929340e+01,8.447747025348469663e+00
-5.705974357566316257e+01,8.628384006253448035e+00
-7.322691282418354319e+01,7.801236553466379675e+00
-6.033584953517262051e+01,7.192126132930284577e+00
1.733397563410422890e+02,1.386381206272957556e+01
-1.724049088202507960e+02,1.542663255529245347e+01
-1.654538065035426939e+02,1.640116721799493149e+01
1.614253306432520958e+02,9.912565476855004221e+00
-1.695211440444951734e+02,1.131558057970066855e+01
-1.678295616680213129e+02,7.954213666635697066e+00
1.596756098802848385e+02,1.659798404059788268e+01
-1.597285284299754267e+02,1.621713662029456415e+01
-1.714648112977532719e+02,1.290771327582050176e+01
1.735479614352374256e+02,1.486626150607933639e+01
6.017029351629037137e+01,1.620415911270614728e+01
5.180120107032207244e+01,1.497266270530322529e+01
7.308710409989367918e+01,2.121734170387347973e+01
5.097382779191111979e+01,8.405128385228213261e+00
6.859625680720053253e+01,1.277040402290397481e+01
4.057204087397544612e+01,1.849002815083717977e+01
8.393965911995336171e+01,2.507610689429708017e+01
5.321413420090944868e+01,1.630242191182409428e+01
5.687233980789039833e+01,1.620928921417580071e+01
8.326986567866161693e+01,2.147670059943335019e+01
1.743685872925535989e+02,2.565064680303777322e+01
-1.681095370774804394e+02,1.947323343155044384e+01
1.751920831599200881e+02,1.686569177662295260e+01
-1.751698746569473428e+02,1.467466878363303096e+01
1.756333325328274952e+02,1.607089822508734045e+01
1.716295802259640766e+02,8.658682205977953572e+00
-1.780527327678219933e+02,1.456690923701824580e+01
1.736055098751355956e+02,1.590418036512068767e+01
-1.798077082594838885e+02,1.578443108875775280e+01
-1.777832477147756265e+02,1.749971126706012114e+01
-1.769400985108700581e+02,3.008230840002668671e+01
-1.751542070650415326e+02,2.470304117564635504e+01
1.768464030195785028e+02,1.194952054541598407e+01
1.780528762406829060e+02,1.902179851680212508e+01
1.755513216373629746e+02,1.085577725002335292e+01
1.778217184664398758e+02,1.734894733856858196e+01
-1.795585591162128765e+02,1.237502247800202326e+01
1.743454070531579703e+02,1.026195784156838720e+01
-1.764278131595390278e+02,1.133804479163265277e+01
-1.747622042843933627e+02,7.423501678018670447e+00
-1.794393256763210900e+02,7.482063916497175171e+00
-1.592864670197787405e+02,1.869564428846806692e+01
1.604943565322872416e+02,1.818890183936409954e+01
1.669804670154930193e+02,1.283085939115492558e+01
-1.477290457633239100e+02,3.259768189476643840e+01
1.780891525234001449e+02,1.502804201063620937e+01
1.280970070373525687e+02,2.521507403744648101e+01
1.300043865410262640e+02,2.021588030795083668e+01
-1.541991345321056883e+02,1.982022000744362344e+01
-1.357691781574563663e+02,3.227668210266092785e+01
-5.977185539348155174e+01,7.003765663733288349e+00
-6.321182612285997493e+01,7.615480773960136673e+00
-7.192679767381019929e+01,1.111338655137837783e+01
-6.245295969335548136e+01,6.493208081641002494e+00
-5.866390196151080971e+01,5.680823782056129367e+00
-6.036602431124781987e+01,6.125502551550791708e+00
-6.132919430508248837e+01,5.744921493798944567e+00
-5.889037180312231357e+01,7.855613317106600491e+00
-6.081250967584171718e+01,6.545111592318727745e+00
-5.892221049091673990e+01,6.674073775860487778e+00
-6.240402947725131355e+01,1.996515956218040344e+01
-5.536264833322390899e+01,2.207512975174713432e+01
-8.280798507627991967e+01,1.864471275578518572e+01
-5.792458392892191199e+01,2.478463468623853672e+01
-7.488090719490365643e+01,1.702544935091575340e+01
-5.374367848648140722e+01,2.745885960816902127e+01
-7.059286401566139091e+01,1.913605330933852500e+01
-6.682752602131122899e+01,2.011090660146633979e+01
-6.609409929611875611e+01,1.584277753615049633e+01
-6.140335867423518579e+01,1.676365588201224099e+01
-1.610046649851143172e+02,1.615783956710599867e+01
-1.776979231750270287e+02,1.146114138770798974e+01
1.707625102444034724e+02,1.207909143123064588e+01
-1.785753811062102159e+02,1.914493811794465117e+01
-1.718881628431524859e+02,1.345486328260002296e+01
1.666471950804333062e+02,1.667104958170858353e+01
-1.771596279027947389e+02,1.301280353188932892e+01
-1.738993781111397254e+02,1.162533901511451440e+01
1.692866704806307894e+02,1.166744335179367020e+01
-1.541150687202336655e+02,1.851966881567542345e+01
6.822644517993740010e+01,9.644828578968464683e+00
6.413407648733934252e+01,1.508734593250739309e+01
6.538808867590672946e+01,1.250228204842881219e+01
8.049465252319232889e+01,1.563968845391791618e+01
6.142916843729217646e+01,1.070137485714079872e+01
7.133781969102484766e+01,1.495109101900517246e+01
5.738710041027469799e+01,1.756213445601096268e+01
8.298836755721114855e+01,1.253985407704886867e+01
4.544180852316946329e+01,1.818041139019410579e+01
8.798247639722710289e+01,2.339025956812345441e+01
1.770241198855181892e+02,2.699602470121940545e+00
-1.685386711660734136e+02,5.467558898024686975e+00
1.573620345286786915e+02,1.001247197987277104e+01
-1.626228031484609460e+02,6.224501784888979650e+00
1.772643084943271106e+02,2.895774973293638865e+00
1.791974196639892227e+02,2.361316885768133478e+00
1.792307730325920545e+02,2.761845952109277746e+00
-1.737166694083996390e+02,4.933707039900366631e+00
1.628135577805772698e+02,7.460040944424731535e+00
-1.602094770759452729e+02,1.040253058160707766e+01
-1.770910230968833901e+02,2.703640444257626996e+01
-1.709611698173586660e+02,1.973121817643171738e+01
1.695087650874696124e+02,1.662404986947160523e+01
-1.737062255513458524e+02,2.498309617984454789e+01
-1.737889467000228478e+02,7.259368988463123173e+00
1.678467276445823018e+02,2.342142850951895028e+01
-1.644308590254955220e+02,8.579681711932689581e+00
-1.768752842026290182e+02,1.089002464428321204e+01
1.732002692741489511e+02,9.786896695870542118e+00
-1.679790574945975550e+02,6.969196226926456461e+00
-1.775794577820944369e+02,7.586877961300903195e+00
1.758583171072303344e+02,6.717034492078409080e+00
1.740096938624048164e+02,1.044151884641997086e+01
-1.708705840258346882e+02,1.010737964290832203e+01
1.764164665657043543e+02,1.051134013217954966e+01
-1.787957340301325644e+02,1.092217238484295194e+01
-1.738006614558893261e+02,1.295035258853703830e+01
1.768210798282952965e+02,1.361189704960861491e+01
-1.641152665656431964e+02,1.204884257225298683e+01
1.672837239479778475e+02,1.846281745092277049e+01
1.725019681147988706e+02,1.843133147232193281e+01
-1.683709476537863452e+02,1.188604881965757620e+01
1.576974698134120274e+02,1.370405123270846914e+01
-1.663887916872370170e+02,8.956835441533959496e+00
1.715368361502461596e+02,8.055241490938412241e+00
-1.697094054646366885e+02,1.013709281859086886e+01
1.770694274786935125e+02,6.309108257647118911e+00
-1.758120075279095431e+02,5.865955725689950384e+00
1.694708099936015344e+02,4.194355154599470836e+00
-1.733559413222503736e+02,2.686800446024021127e+00
-1.786970355285626226e+02,1.507371341449764124e+01
1.710900671302239857e+02,1.263988458635902035e+01
-1.689857572315163452e+02,2.187647428047794662e+01
1.768260888070377348e+02,2.079055279260780864e+01
-1.779521505420864287e+02,2.321712243615839810e+01
-1.745948398630794145e+02,1.363324278814893020e+01
-1.792804457420259610e+02,1.123763061745982306e+01
-1.771835722980308105e+02,1.101129338232255428e+01
1.773158254803416867e+02,1.345390560909022426e+01
1.716794570367201231e+02,2.423578912453053746e+01
-1.700481602127083249e+02,2.255381462562677797e+01
1.778508604238463704e+02,1.358947508137797833e+01
-1.757806647154521613e+02,1.881602365740573646e+01
-1.704972651590476005e+02,1.450805411880106632e+01
-1.765581237042766531e+02,1.758736035802122188e+01
1.783498109828730662e+02,1.416769875358545505e+01
-1.680590690384736945e+02,1.569382322033634125e+01
1.793487293786053556e+02,8.671101924561405383e+00
-1.798698551350326227e+02,1.573945063824373136e+01
1.798719659946718252e+02,1.565369999099400644e+01
-1.704545959632262964e+02,1.244524253363165300e+01
1.780359160588427869e+02,8.538546971667260621e+00
1.781806018645768575e+02,6.433751837469764645e+00
-1.706269240565587495e+02,8.023418465453673321e+00
1.774709003062827719e+02,7.386875739238281113e+00
1.784397683892436532e+02,8.956262735099329575e+00
-1.685476293417918043e+02,9.247900764702496446e+00
1.797634896600218042e+02,7.832596422214987086e+00
1.723357001054197610e+02,7.196835607833545367e+00
-1.678354149037747618e+02,6.824391957486329652e+00
5.234071990436995492e+01,2.059747338291042951e+01
7.945739830941224113e+01,3.033425574570777883e+01
6.284168758770617558e+01,1.941969496637067749e+01
6.888157915159445110e+01,1.680788168013629047e+01
5.187066328223080802e+01,1.124405542501753530e+01
6.839474475013622623e+01,8.666856057348574893e+00
7.865913259620921849e+01,1.193532604505105077e+01
5.695788422968989551e+01,1.432863166622567874e+01
6.564712965251356991e+01,1.090849409456896169e+01
7.330045091457975559e+01,1.411921630364190783e+01
1.607021747511651313e+02,1.222179312520916561e+01
-1.595462361279595314e+02,1.647098686947872537e+01
1.672745215529368465e+02,1.345996193173602506e+01
1.772953594296978963e+02,1.119246854331542451e+01
-1.697676225994912329e+02,1.046122230545870480e+01
1.675835869917245304e+02,1.896882519899864405e+01
-1.750645117175297685e+02,1.155646212450533028e+01
-1.633014878925804965e+02,1.683514908390286990e+01
1.534092193479221464e+02,1.158762587958948131e+01
1.799197320333948937e+02,1.175806116790388245e+01
9.071382205534153798e+01,2.074131830072143146e+01
4.704879205216852966e+01,1.505952419456378166e+01
7.405065028094348634e+01,1.668932809818820573e+01
7.064429695327369529e+01,1.347221833090022258e+01
3.527368736969266649e+01,1.975703812279460436e+01
8.497374312471733049e+01,1.432409468153407239e+01
5.155762384097003803e+01,1.828530039770711113e+01
7.521574264153007050e+01,1.560102776374657196e+01
7.391662561887306993e+01,1.656293902838896059e+01
5.681327978849795102e+01,1.320501707076976849e+01
-1.642887001958138171e+02,5.888720092484044599e+00
1.520982764498602933e+02,1.444287216574332433e+01
-1.665300917471214461e+02,8.087236203881628782e+00
1.701417262690120538e+02,6.946325326109503706e+00
1.792809746609754598e+02,1.110015371712193399e+01
-1.790864406374806492e+02,8.838030391051798773e+00
-1.734461696838766613e+02,1.368420209326401249e+01
1.683918122003858571e+02,7.968882122622646946e+00
-1.598618796010653114e+02,9.618301237445493257e+00
1.683479718298091257e+02,6.305466415892191812e+00
-5.863882696623147694e+01,1.543540683078412101e+01
-7.330602894751946508e+01,1.119109062584926306e+01
-3.999481595232403919e+01,1.007924724665509153e+01
-8.154999848049503441e+01,1.961238401071837245e+01
-4.760215142089887053e+01,2.407268543713640696e+01
-5.001630613287261440e+01,2.337213054532916345e+01
-5.348056621892005325e+01,2.938207346133250653e+01
-4.619792660217530766e+01,2.217125550927936217e+01
-6.508409457221628713e+01,1.632613859873661966e+01
-5.675907403093798820e+01,1.511506909847730817e+01
5.887042584357672581e+01,1.929727246109976591e+01
4.599700331938338138e+01,1.233178820196965653e+01
4.599145118341870386e+01,1.643615908311407026e+01
7.428558264169001291e+01,6.816984793419191391e+00
5.934923844014463157e+01,1.625222872913411010e+01
7.885058237289153737e+01,1.613196982722299921e+01
5.582891279356513792e+01,1.439645485377522149e+01
5.711874900615268302e+01,1.635177095690171356e+01
8.331792541709953070e+01,1.370354371106215297e+01
4.458910614550440243e+01,1.686745870484344678e+01
-1.488945417636030868e+02,1.695962199055506403e+01
-1.754021899078584852e+02,1.118975833701568234e+01
1.469305788630157110e+02,2.241248161199768418e+01
-1.643409137042890791e+02,9.220993699715023695e+00
-1.484469167012049979e+02,1.291746954928369817e+01
1.467872293458343051e+02,2.216238608547882905e+01
1.719059877182140497e+02,1.619102449096470053e+01
-1.591458523591768142e+02,1.755659889697590614e+01
1.680418296507663456e+02,7.693534962400157440e+00
1.726840484295956344e+02,1.262196981370904680e+01
1.682955294607370718e+02,1.059437844872942946e+01
-1.659608461920789466e+02,8.170727795331906407e+00
1.778984054380129578e+02,6.509025803558921908e+00
-1.784854686400581159e+02,7.522280494938883066e+00
-1.682455647550851268e+02,7.405501588117987311e+00
1.750906483503865729e+02,6.199407974071736938e+00
-1.728335438450579318e+02,6.057953767677888735e+00
1.776624234221049505e+02,6.161434275520239368e+00
1.781573725906464745e+02,7.563430855519499119e+00
-1.785559700588181613e+02,6.436630477815423745e+00
-1.771817093988847773e+02,1.527545255964712112e+01
1.626098158860754950e+02,1.981957705123537750e+01
-1.661161220321356495e+02,1.526832561994372028e+01
1.798787822185521463e+02,8.714515852703742738e+00
1.633660133212657115e+02,1.123372469695961229e+01
-1.608551079644808510e+02,1.516931761884326946e+01
-1.710075360363723007e+02,1.326159866318684877e+01
1.580576311621597654e+02,1.799697604445332644e+01
-1.651912250972593483e+02,1.357774263210257892e+01
-1.692633417124590380e+02,1.261528331199060915e+01
1.668572487174392904e+02,1.639326497871141086e+01
-1.601139967182070336e+02,1.981664179782636381e+01
1.698602723601707112e+02,1.269033726648534000e+01
1.790930832454743893e+02,1.092730823508651028e+01
-1.675288796316716002e+02,1.508320781201117811e+01
1.714784514507217636e+02,1.109381090970657624e+01
1.789703103941142786e+02,8.398032384136726591e+00
-1.754282384564768051e+02,6.822748915810693759e+00
1.713863809738917325e+02,1.068544189793163213e+01
-1.749655501727875446e+02,1.156893881557456538e+01
-1.703586399200171115e+02,1.319958677332367003e+01
-1.662141437549667842e+02,1.473857485075902929e+01
1.781796428151634188e+02,1.380926302667822370e+01
1.793549345502918584e+02,1.105148487467162255e+01
-1.766603334088349300e+02,1.269604747565856684e+01
1.781797197087760765e+02,1.384277004549325341e+01
1.742496196440222320e+02,1.228906048876166679e+01
-1.694041812701816525e+02,8.148327674132524123e+00
1.773832249196735802e+02,1.126072676080174872e+01
-1.722686028039574921e+02,1.958920861557125193e+01
1.591160353688341615e+02,2.922774229139822921e+01
-1.701291058492102479e+02,1.419898317301781887e+01
1.595840370592526654e+02,2.036442851598830117e+01
-1.582899738776164895e+02,2.469802424525452977e+01
1.679475726162686726e+02,1.418353557061007564e+01
1.606413244064822265e+02,1.434637966822752730e+01
-1.509319908086577016e+02,2.223008548139761942e+01
1.222971325976476038e+02,2.207957430467812543e+01
4.446102221639642949e+01,1.338113202941717006e+01
6.207768027276002698e+01,6.789526126749207080e+00
7.378499291216007805e+01,1.520220126806223071e+01
6.757043242060771604e+01,9.904705484457277720e+00
5.873039865471613297e+01,1.335681681954381261e+01
5.663066175066060737e+01,1.107259005439818011e+01
8.038623232047827116e+01,2.072767906956745776e+01
4.721426485210900381e+01,2.171298235169635404e+01
7.063181358723677761e+01,1.682471182504346530e+01
7.137662252414779118e+01,2.126678653948295761e+01
6.171890590545239519e+01,1.700900390153599062e+01
6.046839315598095510e+01,1.988346027825675932e+01
5.545392725310535553e+01,1.608815595978860102e+01
9.289311371799041694e+01,1.401207858980708743e+01
2.969750273712087463e+01,1.720416148852256200e+01
6.060996707171013753e+01,1.249055977272379181e+01
9.331449687369754997e+01,1.587728726969611870e+01
4.289810378239709365e+01,1.716242897855250504e+01
8.730583666101003359e+01,1.346971885023674531e+01
6.751530203585116396e+01,3.657965815813998489e+00
4.700329009633578181e+01,1.216026504348011628e+01
9.784403443457109972e+01,1.383281208181974975e+01
-8.612905731712831425e+01,1.677703455578122771e+01
-5.088933264687830160e+01,1.121227063121840040e+01
-5.714420282558616293e+01,1.581137432092046780e+01
-6.214422669380698494e+01,1.646340710609599256e+01
-5.110063950811750288e+01,2.210226768147798992e+01
-7.580694427644866096e+01,1.677876601199703543e+01
-6.367730146996935758e+01,1.686502099921333553e+01
-6.445431167618295376e+01,9.038251338048524985e+00
-6.420673503343338950e+01,1.455798049205544764e+01
-6.231382286631517076e+01,2.314266574596211967e+01
-6.282110644704063418e+01,2.186302804821238510e+01
-6.099442376248958197e+01,1.528728719346538156e+01
-9.588264791033938650e+01,1.871756221416083932e+01
-6.312178523650851503e+01,1.572280966505162070e+01
-6.161581340280303465e+01,1.391722526307197683e+01
-5.956528744292115363e+01,1.607079530413142976e+01
-8.524550681356149084e+01,2.521655152080202100e+01
-6.012617135421849213e+01,1.738218015881294676e+01
-7.687529860074059229e+01,2.023327349801809305e+01
-6.989673699250906225e+01,1.607794234966272029e+01
-1.388784581162252607e+02,2.807745489731579625e+01
1.591690913526111046e+02,2.327129083311979940e+01
-1.687616186948133645e+02,3.512376424343089809e+01
1.668909905792907296e+02,2.713476484165712321e+01
-1.583215680729708197e+02,3.787276359703213302e+01
1.582004725330008341e+02,1.785852208757087567e+01
-1.560714076248530944e+02,2.819948817855465251e+01
1.462741136468032153e+02,1.652434756302457686e+01
1.726974377341572335e+02,9.913972436099877328e+00
-1.729139793968519712e+02,2.051961344710289126e+01
-7.704107930743084864e+01,1.898677064294792771e+01
-5.109934676849344726e+01,7.600915654458253456e+00
-6.215775469502395367e+01,1.735485676598835525e+01
-7.167414810697036387e+01,1.592231892304499041e+01
-5.041570899647532400e+01,1.667553252863245916e+01
-8.236735624710743764e+01,1.957751134542765570e+01
-6.870451523391139403e+01,1.260639080968328152e+01
-6.278365928920801764e+01,1.530371579299776386e+01
-7.936371942903312515e+01,1.456684445741131206e+01
-5.204352122878659515e+01,8.044339133804582431e+00
1.601337150461738759e+02,8.447228486271530556e+00
-1.604787728190602820e+02,1.062364062224462025e+01
1.751490966105678808e+02,3.760453008474689440e+00
1.684122978127994941e+02,6.853230651346941649e+00
-1.677295933256002343e+02,7.577035558989262398e+00
1.699531248938706369e+02,8.050805404211207161e+00
1.740874101594750414e+02,1.339842936074575519e+01
1.780023528390738079e+02,5.057141115378019691e+00
-1.662474930246946485e+02,5.801795513937948456e+00
1.689788588167283763e+02,4.189085387792639281e+00
-1.653895094665301713e+02,1.029548166177148794e+01
1.726166697245782586e+02,1.075431568559448436e+01
-1.755921491715022853e+02,1.127532727172695814e+01
-1.733988815295684276e+02,5.664903844718635284e+00
1.783206972698792470e+02,5.305796869963363527e+00
-1.745276732023306749e+02,3.951835606751311403e+00
1.709598771910340247e+02,6.287826101798779987e+00
-1.798365981632497324e+02,9.372357783789510677e+00
-1.796515843216492101e+02,9.753943704880224885e+00
1.736915013766716243e+02,6.384465126951713643e+00
6.943297784859326782e+01,2.073933076300544798e+01
6.694917138403688739e+01,1.919804112797687523e+01
5.366266397649600606e+01,2.415724022432291562e+01
7.965959538141481744e+01,2.308367557854325725e+01
5.794093696510291380e+01,1.985311077881954134e+01
7.271954039387919977e+01,1.770242385768521842e+01
5.881131371420419640e+01,2.550606461156224114e+01
7.257296216893614371e+01,2.715276835759765106e+01
5.879095366087977936e+01,1.621590978176991271e+01
6.512818760802454676e+01,2.444983751851075837e+01
-1.668016546497963759e+02,1.208312769704622625e+01
1.650747202090393273e+02,1.441605554899282815e+01
-1.660771880235525941e+02,1.658682835002305822e+01
1.791198580223064312e+02,7.655099225045692179e+00
1.744459523226237252e+02,1.508902405754264109e+01
-1.784879272494545148e+02,9.099663878041692300e+00
-1.798329955209734408e+02,7.810637217462684134e+00
1.726556345215906276e+02,5.777618021561396588e+00
-1.765207421696102301e+02,1.312865847460946966e+01
1.696261495562530683e+02,1.423087968191148533e+01
1.748602649415013843e+02,1.177420093366456300e+01
-1.755200664793941883e+02,2.263053816163500898e+01
1.752187858741147863e+02,1.022628409899570912e+01
1.722607725046293581e+02,1.432158205612807578e+01
-1.758540873752333198e+02,1.606142346789915010e+01
1.765603101175379095e+02,1.029310709091249798e+01
1.752178354970986049e+02,1.218344908751444500e+01
-1.757508842033903704e+02,1.204488816691721276e+01
1.730172061803726535e+02,8.527143980068665030e+00
1.744422595778564471e+02,7.186867173751431359e+00
-1.740389888684446191e+02,7.364521217356999827e+00
1.740068439290564299e+02,7.363082917473313671e+00
-1.786665806651067783e+02,6.598358580764040582e+00
1.799731023165313104e+02,3.961581289606519007e+00
1.675940174044053208e+02,8.326192100003488861e+00
-1.625112678303099756e+02,1.145041871568756164e+01
-1.761178900975950228e+02,6.165422534506616259e+00
1.723906416797677537e+02,8.595505952573635255e+00
-1.723047882650640190e+02,5.793122057248162093e+00
1.711265572668272341e+02,7.961213590161689169e+00
-8.426623280854805387e+01,2.853830404646488006e+01
-8.364118302277206851e+01,2.413050935983602585e+01
-1.910389048940243484e+01,3.146567151532808992e+01
-5.949306943372896228e+01,3.729654650219512746e+01
-6.235415631187319008e+01,3.219911781197215106e+01
-3.246460343468193344e+01,3.956406536855261180e+01
-7.166717781485884586e+01,1.597695046108115946e+01
-7.397205742842731979e+01,1.774425767835183976e+01
2.795794543908870367e+01,2.753573046819801817e+01
7.538607465331598689e+01,2.274150716216099966e+01
4.917666203233616073e+01,1.559081496152710322e+01
7.364187113779541960e+01,1.721466512372933622e+01
5.699267994949197913e+01,2.091550579915445951e+01
7.312324100127175086e+01,1.724999596068286678e+01
4.641159203662516575e+01,1.455518110394723053e+01
9.821675658296416600e+01,2.012226684193761628e+01
8.496857584421955778e+01,1.930997384694904184e+01
4.329847237935028659e+01,2.123206611222786933e+01
8.531896771982790995e+01,2.580104033717011092e+01
4.965065041804999879e+01,2.521853584506553858e+01
1.060478613492262383e+02,2.595045025860896004e+01
8.902360604829549118e+01,1.629260557736107273e+01
5.666747972973777792e+01,1.856034988513797757e+01
5.582306526714236838e+01,1.205554006173889903e+01
7.359152851345230317e+01,1.593602059298248363e+01
1.073448953000422961e+02,1.865599005602768301e+01
3.697220179606828339e+01,2.071620807945340914e+01
7.623064125988319972e+01,1.824394861303362703e+01
5.937622505185729693e+01,1.768970669211182667e+01
1.027832988517151449e+02,1.734047191624951623e+01
-1.759582713983936344e+02,9.767114848094200497e-01
-1.787856651452535459e+02,5.155795481355346155e+00
1.663809512723051114e+02,6.766592737373110289e+00
-1.727764742678020866e+02,3.320470515290272928e+00
1.784912375228267081e+02,8.944084935152394777e+00
-1.709471423563548456e+02,8.291016568729228098e+00
1.636387820049941411e+02,8.594970191257704784e+00
-1.596420513721549810e+02,7.955896123369722517e+00
1.526226446688067142e+02,1.282572480132036041e+01
-1.568751199949606985e+02,8.544856096608587137e+00
6.658317958313215001e+01,1.396727462709182888e+01
7.185620076069116635e+01,1.064802055810190495e+01
6.338899815020864992e+01,1.037109306516390106e+01
7.739680328187333203e+01,1.529097857282928530e+01
7.095861034933641065e+01,7.913259955819928138e+00
5.861342055654379379e+01,1.109479227224120024e+01
6.837541233540552810e+01,1.093769869792365945e+01
5.873271471339549521e+01,9.666840320900799810e+00
5.066849034488347314e+01,7.271167237024119601e+00
7.023138159434236627e+01,1.524325232952306663e+01
1.687311991830328566e+02,1.004298265461409301e+01
-1.687831386059585554e+02,1.061323838296925004e+01
1.566229392349632406e+02,5.776175024710671124e+00
-1.543161070163263844e+02,1.538944962947832629e+01
1.660718947242364436e+02,5.866260172202228063e+00
1.741310158931067633e+02,1.136136236508117037e+01
-1.685619735130720187e+02,7.696019640197143019e+00
1.664535997637389357e+02,1.427479823132877357e+01
1.746033075404263002e+02,5.076868905619636330e+00
-1.725339409554221675e+02,1.629179676501047425e+01
1.597204571403318596e+02,1.425604352114779516e+01
-1.779930265967433627e+02,1.723522607883922220e+01
-1.584633435677435784e+02,1.231755811173485249e+01
1.658557646271883357e+02,8.778191734853907136e+00
1.721899990395945963e+02,2.004922021540446053e+01
-1.747927128174742109e+02,2.167993447565350351e+01
1.738806141503158642e+02,1.624166288954888060e+01
1.728962192569082674e+02,2.272216318908245114e+01
-1.727775898541961510e+02,1.879319047086521266e+01
1.698184524699380233e+02,2.217372794671009117e+01
-7.068891648471566214e+01,1.597821144291109974e+01
-6.717491086216905671e+01,1.580315749980748308e+01
-5.948955549267031984e+01,2.159033849302872810e+01
-8.082301887154291364e+01,2.121282877939988154e+01
-4.739463547508905350e+01,9.345031007109117382e+00
-6.489374060964158275e+01,1.274353327486583431e+01
-4.830276281390974447e+01,1.159835382855518127e+01
-5.137855094933750877e+01,1.466144803197061108e+01
-9.080121712366600661e+01,1.658986340968176876e+01
-5.288619459873984852e+01,1.543496306175992316e+01
-6.272881303105411632e+01,2.569705321248157759e+01
-8.050863693807468735e+01,1.663358776190690236e+01
-3.299186531315362458e+01,2.483514835134994314e+01
-8.478451411943667893e+01,1.810525120458467896e+01
-5.760688387922997578e+01,1.930411285619919681e+01
-4.795055985981969116e+01,2.980986908562380222e+01
-8.526173462749385124e+01,1.620672649771434948e+01
-5.422885962920946668e+01,9.836940616778974800e+00
-4.868712303000143748e+01,1.708607450991859622e+01
-9.295407968701249501e+01,2.042799293295221474e+01
-1.640863668137508284e+02,1.479612647894288635e+01
-1.785941874399573521e+02,8.909805829917512909e+00
1.684874226622058870e+02,1.368400713420541237e+01
-1.654585473010576777e+02,1.183949147184408623e+01
1.770769468919285714e+02,7.131142873857897690e+00
1.657470002993441653e+02,9.549221146638954494e+00
-1.602593368471959536e+02,1.234376787250811702e+01
1.698785736606167234e+02,7.222775910894393192e+00
-1.720520442152419776e+02,9.037641651047294999e+00
-1.597948422484560922e+02,1.207107332348775408e+01
-1.531948644051487918e+02,1.722966656997168400e+01
-1.790629555390134442e+02,1.256978947838938687e+01
1.797716414303459942e+02,1.337531737090684025e+01
-1.714119431341684674e+02,1.139695882426449458e+01
1.794860057221512477e+02,8.100300505657807904e+00
1.670095110880452864e+02,6.296727572434500431e+00
-1.723397531512652847e+02,7.324499949302408552e+00
1.791683877467566788e+02,8.811741882961733552e+00
1.736962533102301336e+02,9.631190396540919352e+00
-1.731095908692857108e+02,6.359515655000035572e+00
