dihedral_deg,energy_kJmol
-1.795297873320764950e+02,4.132721416855860141e+00
-1.798542363715441468e+02,6.027534818944411121e+00
1.742127361310789411e+02,6.315050356145580857e+00
-1.733055948235924859e+02,4.405505579767352131e+00
1.733020368000952658e+02,3.593796060740913401e+00
1.769371848046384628e+02,4.899840308430987612e+00
-1.747828694568717651e+02,9.334842673574142324e+00
1.760518022675928194e+02,1.121935885386445086e+01
-1.776929514076334158e+02,8.165674453283788381e+00
-1.712831135859310336e+02,7.089678539289342218e+00
-1.783812890591372025e+02,6.092153260880081689e+00
1.781454685874219024e+02,3.701537425931954672e+00
-1.681892225573938902e+02,6.531852061416948629e+00
1.678462448832496818e+02,4.100238889914164631e+00
-1.698696174280791809e+02,5.616754517678756997e+00
1.736817228537348967e+02,7.397464658628758016e+00
1.796708991751265216e+02,3.476850903671495185e+00
-1.762103714670317913e+02,3.370027419967045468e+00
1.762867604576723295e+02,4.999794019035445736e+00
-1.751914593564831080e+02,1.298844661411334123e+01
-1.796992956752877433e+02,6.588972807327628800e+00
1.628775592156876257e+02,7.328856384092224729e+00
-1.664295805289808072e+02,7.321704778181585382e+00
-1.759513504916556883e+02,4.880937548123939429e+00
1.603490441594979359e+02,1.223882687534100100e+01
-1.666666408462318429e+02,1.180964404693086856e+01
1.662153575423150471e+02,7.855208174220976503e+00
-1.729284482867989254e+02,7.543175483999723596e+00
-1.783320637464418894e+02,7.721579825536130315e+00
1.669209467268713070e+02,1.073221126821743709e+01
1.763315649488901897e+02,3.929696570025249969e+00
-1.720482621698230901e+02,1.504105421397748499e+00
1.633727458210244095e+02,3.339656988277300176e+00
-1.672442660450100789e+02,3.577332874372608718e+00
1.765448659149143680e+02,4.978273888546788761e+00
-1.795459529751735204e+02,5.684520661324015123e+00
-1.712968962882314088e+02,7.068575791244915862e+00
1.736753599670493884e+02,4.946699829579112695e+00
1.768705513641656069e+02,3.520255706852930100e+00
-1.741235916581519234e+02,5.352477767979650913e+00
-1.766702821781152011e+02,1.044552681646909420e+01
-1.799077971788975958e+02,1.821953634083332574e+01
1.734387624991186101e+02,2.459976567131710112e+01
1.770891967536812217e+02,1.785370064311677396e+01
-1.739979044452675225e+02,3.094214926100956831e+00
1.775272783596294346e+02,1.141134352388500162e+01
-1.671471360939115698e+02,1.780739465925788423e+01
1.706370940007774379e+02,2.315808162056435648e+01
-1.726001587343069446e+02,1.587308082605106563e+01
1.718510122145547143e+02,1.105889609100910498e+01
-1.583924742712195552e+02,1.257647413016666249e+01
1.622946531995073087e+02,1.590727490499084951e+01
-1.708385246903098960e+02,1.737020837817262731e+01
1.474181931810883839e+02,2.392632889761405579e+01
-1.392518579731976160e+02,2.333717316431868483e+01
1.686086467977447114e+02,1.307584490959712298e+01
1.710325898297282095e+02,1.366574106566711144e+01
-1.782524386416469042e+02,1.301614245962270822e+01
1.736040943452532019e+02,9.045031727922520304e+00
1.789858554111477531e+02,1.722550371414958192e+01
1.772702243435259675e+02,1.185662158899176788e+01
-1.690247896475469531e+02,2.267005763220825898e+01
-1.740563950137161271e+02,1.921195547385125835e+01
1.601816205619446123e+02,2.109192471263389734e+01
-1.622231287744721158e+02,9.408799136452632439e+00
-1.612072601722040872e+02,1.864636040016326035e+01
1.594471298865273639e+02,2.628401659748708852e+01
-1.758469657380201738e+02,1.930849214116834389e+01
-1.714730466432206413e+02,1.481664724613743545e+01
1.785302310475393028e+02,1.876056306101757087e+01
-1.768544247802166183e+02,5.188997344345989582e+00
1.768014402144559085e+02,7.345546153658614408e+00
1.632700617121805067e+02,1.166219788448457351e+01
-1.659093049355061567e+02,1.074196881919949575e+01
1.711963225960643058e+02,1.149288401475437382e+01
-1.789402000817939893e+02,3.755797171195663253e+00
-1.733648849963626617e+02,3.014134103909253959e+00
1.707154148043090913e+02,3.150913587799892390e+00
-1.751996723420912190e+02,4.338373205982978043e+00
1.769831179417641636e+02,3.323384363155176047e+00
1.706270847878104746e+02,1.289233032135664558e+01
-1.722664011261539940e+02,1.294570483134656058e+01
1.730197187335699027e+02,1.205939121467822162e+01
1.750128214602832486e+02,1.127603725854008232e+01
-1.741944920897409190e+02,1.299268505792729123e+01
1.793699978181503809e+02,7.006270025778224664e+00
1.710645128161124831e+02,1.382195341761313401e+01
-1.636918787139260587e+02,1.127548526809905916e+01
1.682829628618629556e+02,8.528465364202496346e+00
1.693068730108322768e+02,1.587314306548451270e+01
-1.641121200640973541e+02,7.939052859897977044e+00
1.663754220753741038e+02,3.768251878909305574e+00
-1.704374591788028681e+02,1.083013888556135562e+01
1.714362475099857477e+02,1.175088022499984497e+01
-1.630420907729652811e+02,8.313868472220628192e+00
1.720173602160267876e+02,1.181191344997562886e+01
-1.682470627055056127e+02,1.123395354827621873e+01
1.664504580211316238e+02,1.095406854050604295e+01
-1.684722233011804633e+02,1.040167539474433944e+01
-1.745968203624079251e+02,1.251347948437560831e+01
4.776050338317526922e+01,9.286510242791623071e+00
8.117319846416023665e+01,9.014844327287537595e+00
4.654254637859426680e+01,9.705852871195567388e+00
5.971246437991402445e+01,7.327476453406625012e+00
9.104466390424391875e+01,1.464391103077352341e+01
5.329671827173498144e+01,1.723339457025650034e+01
7.351109751487750543e+01,1.073289512812897684e+01
7.588912035676187884e+01,1.164407767817643702e+01
5.286159348092060384e+01,1.407089315973939669e+01
8.539059693883997681e+01,1.181184166996045981e+01
1.794322780593830373e+02,3.882351834544846447e+00
1.750117216547695591e+02,1.113468188421297711e+01
-1.674195684073152393e+02,9.641182413569762133e+00
1.705747126019602149e+02,4.984756909120481083e+00
-1.766426707526777591e+02,3.324335663645410666e+00
1.775543037225379805e+02,3.916996481774059014e+00
-1.786312315525875647e+02,3.716610264936123897e+00
-1.761634136517924674e+02,1.709729302657249317e+00
1.787829441314190149e+02,3.852275007873197765e+00
1.718885424025093585e+02,4.093194948919721021e+00
-1.795780164446113361e+02,1.244215454429749812e+01
1.784352466349733106e+02,3.459146538040892338e+00
-1.671895861829135868e+02,7.790365889082707440e+00
1.713379473610660568e+02,4.546559603497760449e+00
-1.729842787877211094e+02,2.913769014642730415e+00
1.770304136286870005e+02,2.057976417618675224e+00
-1.776654313091421216e+02,3.612656555241315903e-01
-1.795255570330207888e+02,2.648385097681715372e+00
-1.782912351897693952e+02,1.283064603701324025e+00
1.701284168380758217e+02,1.512326994938610003e+00
-1.799170536651099894e+02,1.312802789558229222e+01
1.712386723058625648e+02,5.893097913044115899e+00
-1.731556001342741524e+02,6.178505863715312962e+00
1.725278206284736484e+02,6.937504550749235221e+00
-1.731888507343260812e+02,4.927546191807623543e+00
1.778743228317739238e+02,7.316477350713748606e+00
1.724131045863857423e+02,8.773152766652017931e+00
-1.704954298233201371e+02,1.629895637777726947e+01
1.736632246038700202e+02,1.037161026532582042e+01
-1.782224998604825146e+02,5.428884532537550989e+00
-1.644544304487885427e+02,8.429380696589506172e+00
1.667631198677152042e+02,9.541033358830649291e+00
-1.744660891894349106e+02,4.690973262575432123e+00
-1.775234314706399061e+02,5.828850443093039679e+00
1.724545665433215618e+02,6.449078584883565668e+00
-1.692343340098921942e+02,7.562423747887176972e+00
1.778021675398279342e+02,6.533917719748283837e+00
1.724119674370943187e+02,7.963226237845329791e+00
-1.677631165095339156e+02,8.177109854018070223e+00
-1.733129913929857651e+02,6.451256762435338743e+00
1.754204331324748125e+02,8.370038046351643501e+00
-1.737299946434286255e+02,9.352387444824518781e+00
1.797419424008716078e+02,6.755853982596492280e+00
1.720976237479530937e+02,1.394249804249943203e+01
-1.664143545694892055e+02,1.648206660119895872e+01
-1.772673575602034930e+02,1.511407921384306974e+01
1.648056192180155222e+02,1.686576017327580246e+01
-1.669016219140884232e+02,1.031144407626540804e+01
-1.791661714810475416e+02,1.188032535851315252e+01
-1.794924083874297196e+02,8.101719218592533522e+00
1.654458870515562126e+02,2.331841301846558423e+01
-1.661982688864512738e+02,1.612370015489697295e+01
1.622722918916282708e+02,1.574279935291362875e+01
-1.564864682582070259e+02,1.918287693656551340e+01
1.629753049218817296e+02,1.147760181791660017e+01
-1.799294949696095216e+02,1.357494687687355217e+01
1.706119214644487272e+02,9.630699847248955336e+00
-1.626290611543955151e+02,1.289906146714244173e+01
1.694414928338338200e+02,4.553868970439168606e+00
-1.607238125256767205e+02,7.460421752379429172e+00
-1.795553608270810457e+02,6.790692664556480018e+00
1.733972128804885529e+02,6.947300653355791056e+00
-1.696788952663354451e+02,6.055065252654827646e+00
1.790049268817640495e+02,7.512127321759904497e+00
1.718821013282408217e+02,4.707474139668133439e+00
-1.694403945700624661e+02,6.714526864722706101e+00
1.789177715922739083e+02,3.903357610407357292e+00
1.738297867939545540e+02,5.160838870752812113e+00
-1.721659881442114965e+02,4.363466840896358612e+00
-1.792738194329683665e+02,2.124343653745018212e+00
-1.763202423538716346e+02,1.035305984933678936e+01
1.792129298561955864e+02,9.904204856400552259e+00
1.770398359534395638e+02,9.158703989814275914e+00
-1.760749968735195807e+02,1.178277454014547487e+01
1.793535512662876386e+02,8.780894709810814547e+00
1.783248598404272798e+02,9.304376978829839828e+00
-1.785501824356051372e+02,1.053744237877653944e+01
1.786467516762740502e+02,9.572899753511483922e+00
-1.781606501489302161e+02,9.131790897779030303e+00
1.715615281211504453e+02,5.094156668191083703e+00
-1.663478057521264191e+02,2.855356235460952519e+00
1.712335731566123229e+02,3.134694220602657566e+00
-1.782647328557148683e+02,2.294968950976053357e+00
-1.733259234916799869e+02,3.120070479204436253e+00
1.720533938656072053e+02,8.377223149456641593e+00
-1.774131727969783014e+02,1.020140139940165724e+01
-1.722609790098450446e+02,5.034719396997899388e+00
1.757087910594216567e+02,1.137421968311033993e+01
1.781987510586314443e+02,7.500345821332094154e+00
-1.671046049396504145e+02,2.736318146724036726e+00
-1.747493980189070442e+02,1.212958046747177931e+01
-1.749754268342799719e+02,1.245348618151327535e+01
1.644996291521239868e+02,1.127133241840181377e+01
-1.685867065646915819e+02,1.522590397695889486e+01
1.789454352006461306e+02,8.117050509328173291e+00
1.772066981990286081e+02,1.622987417439172475e+01
1.774675370572323345e+02,5.237621372189996904e+00
-1.645501607518300489e+02,1.776574935218618734e+01
1.675997728921485930e+02,5.734141490808033481e+00
-1.684457521452984565e+02,1.812976501009588404e+01
-1.732929858574750313e+02,4.547540136669693922e+00
1.764682973056930564e+02,2.362475465954516185e+00
1.780654538874294701e+02,2.096847944295691324e+00
-1.693732072496723333e+02,4.870174777536850463e+00
1.684949077450205834e+02,5.141125200840947151e+00
-1.721982819220479541e+02,5.508552520685181975e+00
1.782031306313839423e+02,6.407596416320984645e+00
1.776377662392760328e+02,5.596387084884121066e+00
-1.700194789850430084e+02,1.388339276552972557e+01
1.615091331814106752e+02,6.903984998003405593e+00
6.863946343734464506e+01,1.712400279116934598e+01
5.077086961191032799e+01,1.623056316407571131e+01
7.100385104436081463e+01,1.235758639474081377e+01
5.851288882250610612e+01,1.454455913704740766e+01
6.481645284644970673e+01,1.415522967957878109e+01
5.823213951606638261e+01,8.478048933772338813e+00
5.328370077888269662e+01,1.475835223060653334e+01
8.231346361097243403e+01,9.747975400543520408e+00
5.382599787309732164e+01,9.975452262473552878e+00
7.422631375913698548e+01,1.577380904610778600e+01
1.454680026391457091e+02,1.490853297568437341e+01
1.762807367897955544e+02,1.400020149457098739e+01
-1.508236058951251835e+02,2.032692533360417997e+01
1.584843148236248283e+02,1.855953779446599583e+01
1.611658202898146328e+02,9.972284460357686342e+00
-1.533160407035043988e+02,1.952896775823168696e+01
1.725648430728519429e+02,1.175804128690083772e+01
1.570593696283702911e+02,2.671616935180026076e+01
-1.582819719191615206e+02,2.603596725713835625e+01
1.705315547915128889e+02,1.197846123698372267e+01
-1.606509864592626400e+02,2.302203836094602352e+01
1.555939246545252672e+02,2.344021894327230982e+01
-1.782284628939583513e+02,1.121914310466170583e+01
-1.642630651663765491e+02,1.873678505515919923e+01
1.690276238434805407e+02,1.080897145593483977e+01
-1.633676397177271156e+02,1.160560576133329747e+01
1.722589842819886883e+02,8.499481067254258448e+00
1.774698157003934114e+02,8.639670277922464336e+00
1.786649661637630118e+02,1.391587977397304599e+01
1.771283136154912086e+02,1.642393340674274427e+01
5.680989511211241449e+01,1.138766727045468841e+01
6.060990225546088084e+01,1.061876233752600385e+01
6.607880526529785925e+01,1.174749567035912889e+01
5.343285630960946264e+01,1.223923176051611605e+01
6.956265433430515088e+01,1.873215162839867531e+01
5.437716387425287223e+01,1.709629133614774332e+01
6.645677106613645435e+01,1.461799070714698878e+01
7.240843403252786459e+01,1.443352144850929797e+01
6.348199954210797813e+01,1.595785963430500942e+01
6.982623157480242071e+01,1.220779256657742096e+01
1.630484284750528161e+02,2.075499865012571377e+01
1.756399044987579430e+02,1.926930897844845703e+01
-1.535128410356452946e+02,2.272125928995248856e+01
1.739757887134877876e+02,2.676920126548666801e+01
1.699249425306885541e+02,1.180575504423193323e+01
-1.647060527119633377e+02,1.987980862745570931e+01
1.687311175201578521e+02,1.537298323617548235e+01
1.759113961291280361e+02,2.802141823488942407e+01
-1.761140719292061476e+02,2.029320921066137373e+01
-1.781113851715740850e+02,1.892864313054257508e+01
-1.776163520820664132e+02,6.806902294682621868e-01
1.743249845102465372e+02,3.997441455083792228e+00
-1.663372484089229886e+02,4.034682680471176397e+00
1.634553570974635193e+02,4.465272200733691577e+00
-1.786078170135586447e+02,3.843709089464603323e+00
1.784386145238761969e+02,6.898922543855823264e+00
-1.773666173478601706e+02,8.152407972651166901e+00
1.691190792900251552e+02,4.679436760487622138e+00
-1.575601340177726115e+02,7.577746489691616461e+00
1.641993478116278311e+02,5.556591158692892662e+00
7.252910040973827677e+01,2.419611805759636525e+01
6.617706369009779621e+01,2.449573183920344377e+01
7.815333872234694468e+01,2.567010135662992809e+01
5.710358410167136611e+01,2.530434929134769462e+01
6.852081111234797106e+01,1.853951001596698234e+01
5.395086006227214881e+01,1.767118598685275188e+01
8.974772157157131858e+01,2.192556057854798013e+01
6.489201716766660866e+01,1.722296249413429692e+01
5.168620748267561993e+01,1.739544917096076304e+01
8.325500545589311230e+01,1.674824692214688326e+01
6.637082779738032912e+01,5.937570904311665565e+00
6.855924475458982670e+01,6.275195114107926742e+00
6.389432230427290449e+01,9.338349510297142331e+00
8.257131613496807176e+01,1.088412709430479275e+01
6.002370881541726533e+01,1.000495756414156290e+01
6.783172801257327933e+01,9.018459034543974795e+00
6.415687183816380923e+01,7.918006299688004290e+00
5.784193590659918272e+01,7.140335977289804958e+00
6.985898640835453932e+01,8.740574007797416556e+00
6.054734249578964267e+01,1.137202749597415519e+01
-6.958872584666870864e+01,4.813050586357690008e+00
-5.920707888556309229e+01,5.113785542301815923e+00
-6.708924817935459828e+01,4.597309849419316308e+00
-5.731549540067567960e+01,6.894009834419398963e+00
-8.079612775169582051e+01,8.846090606935064216e+00
-4.957928351878757667e+01,8.431721432139550387e+00
-5.616945217055327078e+01,6.453915886183116513e+00
-7.805800118420843603e+01,1.147367600973666946e+01
-4.440112541500043619e+01,1.141301346432777564e+01
-7.350315710559591764e+01,5.814098317058908449e+00
-5.605888789674614259e+01,1.177937691689478150e+01
-6.231595371316539200e+01,1.598286430193104479e+01
-8.839378172090053454e+01,1.790587744942997617e+01
-4.468966421178227932e+01,9.569093663623796431e+00
-7.120134177282835708e+01,9.018041040643097972e+00
-6.075804524723572797e+01,1.646441089241766775e+01
-5.301731948986613929e+01,2.109678989351523626e+01
-8.578398337930438800e+01,1.884936120341395593e+01
-5.554984221386461485e+01,8.171337888057003340e+00
-7.601455486592672628e+01,1.270708427251042671e+01
1.713513957347265091e+02,5.783364615949910359e+00
-1.676481758884790452e+02,9.741619539599785327e+00
1.670862392144355226e+02,4.779370767986707236e+00
1.683622940184849881e+02,1.009359378547609332e+01
-1.427179575485049838e+02,1.508430305838500374e+01
1.622064254171709763e+02,8.941816343775432330e+00
-1.765564451498451604e+02,6.365521158969290383e+00
1.778847246212934294e+02,9.549074735759395693e+00
1.765431954507515115e+02,1.068980133246549968e+01
-1.799999402264093078e+02,7.534132284818226388e+00
1.772761400124170734e+02,5.996416622335701163e+00
-1.622767611194919084e+02,2.006684760073272855e+01
-1.791613238218673132e+02,7.466195162642080163e+00
1.589627110924922988e+02,1.680572592170633328e+01
-1.564873798163033314e+02,8.113265541867932029e+00
1.741435235469013776e+02,4.080316869313833195e+00
1.752522537779798313e+02,6.501708087975848649e+00
-1.774786007407109594e+02,8.759217607717030063e+00
-1.798225352081195183e+02,1.025367532205235221e+01
1.790093025653981442e+02,6.732811376814668236e+00
-1.774891276369399407e+02,6.529007904076007840e+00
1.770713092482389186e+02,6.386788154654773564e+00
1.776491737220655978e+02,3.460022135960381551e+00
-1.741993661906987541e+02,2.757565080246147993e+00
1.771160943201491875e+02,3.287748815410772796e+00
1.762160549066731789e+02,3.883639727180467460e+00
-1.761272627194431379e+02,4.336498638755999835e+00
1.731329226596778881e+02,3.662275590362714439e+00
-1.753164822345861751e+02,4.250328890675056925e+00
-1.747755977938910803e+02,4.033330927295208923e+00
-1.688154819497380572e+02,7.886049605037030119e+00
1.651864133169985394e+02,3.885312492579593879e+00
-1.612328760274154718e+02,9.044309978572243836e+00
1.742277912006372844e+02,7.402887280060760133e+00
1.772622306760741822e+02,9.245906530324514705e+00
-1.734641434921175289e+02,8.875654098417705029e+00
1.704366180893860303e+02,6.218940687612439788e+00
-1.773943281645790933e+02,6.215940476454993480e+00
-1.792100669876712971e+02,2.935686604404909250e+00
1.770377662563740557e+02,7.176232585641506567e+00
-1.680734413794475586e+02,2.137309337579348778e+01
1.629204269794670665e+02,1.634485262586730769e+01
1.757597268380467881e+02,1.586801186054098878e+01
-1.672240502713690375e+02,2.719266371426913054e+01
1.731137695732901420e+02,2.169545171765042113e+01
1.776505697372391808e+02,1.995309863566010833e+01
1.730659314191499902e+02,1.027054693232290461e+01
1.730971407256228929e+02,2.161946927167582544e+01
-1.562049843572551993e+02,3.219888076221090500e+01
1.589713828640661575e+02,2.537288722617694248e+01
-1.713831962419817216e+02,1.197832893590724979e+01
1.746194853869334906e+02,6.621215405503954265e+00
1.749382491876284007e+02,1.139508974626588689e+01
-1.785986583492775139e+02,7.186656391347606032e+00
1.789147227474225588e+02,9.740615253440921606e+00
1.686011475823879380e+02,1.071617498813476566e+01
-1.736088265503760795e+02,5.459483207074647737e+00
1.716757222967763141e+02,1.017791249499449080e+01
1.784868583284445549e+02,7.486811740077712329e+00
1.656328728393600329e+02,9.476720707163607926e+00
-1.634998912613301627e+02,1.400172982200133731e+01
1.598100817891217673e+02,1.980906491018080828e+01
-1.795285334920801859e+02,1.836223166491787140e+01
-1.561251461469427682e+02,1.791933341554707582e+01
1.641031790571040858e+02,1.464306183866364819e+01
1.793318878264577165e+02,1.319718070874069937e+01
-1.632276196676438076e+02,2.421748009603542329e+01
1.755912076281738052e+02,1.343948343340456120e+01
1.741929228926986184e+02,9.332967432761986259e+00
-1.633378802254327411e+02,1.343413848591463022e+01
1.709852859775625404e+02,4.246674318466348019e+00
-1.589908584490891883e+02,1.056068730622166640e+01
1.651847111155812229e+02,5.198382430068715365e+00
1.789102052359866377e+02,9.010375044669194367e+00
-1.766862965428437349e+02,6.866141652811078799e+00
-1.775695299161870366e+02,7.729125950436550596e+00
-1.794177325082962113e+02,1.039154935426392612e+01
-1.660556635825261935e+02,1.229387303057144187e+01
1.582203366842618095e+02,1.050832664250114590e+01
-1.735760123183050041e+02,1.094010071711169818e+00
1.702187475641511583e+02,3.491786648299150198e+00
-1.774943661481382833e+02,5.467500409378309278e+00
-1.760045606220080288e+02,5.865260074093614051e+00
-1.723781591978450081e+02,5.472738092154594725e+00
1.592738621517539173e+02,8.512266877920403374e+00
1.747634136772763611e+02,5.904814216195656051e+00
-1.640521587524754068e+02,9.173164490743108246e+00
1.576967186151663896e+02,9.952097457350328469e+00
-1.580869442865736687e+02,7.494182841394584571e+00
1.735458231384719170e+02,8.797465463740458347e+00
6.592878871226467652e+01,2.114261548573712446e+01
5.739779651832987639e+01,1.084160769735257013e+01
4.939130750155318594e+01,2.355999699942306336e+01
6.811751518876771172e+01,1.475878140799902738e+01
6.029739990589781939e+01,1.602004489247421404e+01
5.944720668979705636e+01,1.365997444073649625e+01
9.069002711453424581e+01,1.586612354379483492e+01
4.822855209756350092e+01,1.284232844309188870e+01
7.618354464559105566e+01,8.120706804793663025e+00
8.101840012928956014e+01,1.227966966184675357e+01
-1.608920783519652957e+02,1.408741985621146497e+01
1.777180616926000880e+02,1.522259358770496362e+01
1.642631479901087346e+02,1.538366600720231148e+01
-1.634518052282659539e+02,1.552763466041491469e+01
1.614621944131990006e+02,1.054521808594471466e+01
1.661256329874717892e+02,1.352726881027736994e+01
-1.703769196435571018e+02,1.350788427549339765e+01
1.679317778517335853e+02,1.258227598651986412e+01
-1.684270402354445650e+02,1.100256251330897506e+01
-1.698795246916918131e+02,1.126461422156269876e+01
-1.730748158903401190e+02,8.818476994106012157e+00
1.683625388806561602e+02,8.242748362435255771e+00
-1.653403721728622315e+02,7.495812891904071407e+00
1.677969227881642951e+02,5.344553601446016877e+00
-1.690721800281244498e+02,5.554746242921485333e+00
-1.773233917992979229e+02,7.358460407629157096e+00
1.721332650177849644e+02,9.430843293893495627e+00
-1.741900175911516158e+02,8.279897249371611423e+00
-1.776312513703735760e+02,1.672890931994714059e+00
1.796407318672064264e+02,1.457407737871720066e+00
-7.628047169302958253e+01,9.285909082054171648e+00
-4.693792898597209984e+01,9.799134030185598476e+00
-7.900584711053578246e+01,1.167972010077095923e+01
-6.743068797980193096e+01,9.243992151568759752e+00
-6.342605528179683461e+01,1.095305310842452329e+01
-7.889480536720977000e+01,9.765673973673784758e+00
-5.877186930164847212e+01,8.178318300879613645e+00
-6.279107465236808139e+01,8.068771216067082364e+00
-6.351783881214427652e+01,8.656698664885169592e+00
-6.346919342796233110e+01,5.736514217774832503e+00
-1.728918997874863805e+02,6.105181239054266129e+00
1.661949676429340741e+02,1.060808459666394477e+01
-1.617790204037933677e+02,6.536274279207820115e+00
1.573357833592085058e+02,1.161302132876108395e+01
-1.696717031897276797e+02,5.649147151490431007e+00
-1.799167598533807677e+02,5.291089129031590232e+00
1.797145792591361442e+02,8.201742737317038845e+00
-1.784575168291194416e+02,7.053534107214500359e+00
1.752728860991630597e+02,5.689463382463809005e+00
-1.798082535075515693e+02,5.325787906231578717e+00
1.702027654964608132e+02,1.554898364917997355e+01
-1.600865303620370810e+02,2.174365653771561924e+01
1.665379430701864010e+02,2.128639012210851078e+01
-1.791140366924222462e+02,1.567450817484223435e+01
-1.562990153207484809e+02,1.582006854037112120e+01
1.667945566298583060e+02,1.938994933834172940e+01
-1.733826745478995974e+02,1.497729304065600431e+01
-1.685536317856648054e+02,1.225961505693146769e+01
1.650956660084336818e+02,1.921022356485988425e+01
-1.767576180813979647e+02,1.346949764411096417e+01
1.764362313261533188e+02,1.579593797176817560e+01
1.605479336115380988e+02,1.308458629828324860e+01
-1.578172414865377675e+02,1.553091250343286589e+01
1.788494320846950814e+02,1.285729117325580084e+01
1.650277828221320817e+02,1.461190718776289188e+01
-1.619443645324850536e+02,1.507019715521522762e+01
1.699336622178012135e+02,8.708168548403705245e+00
-1.772805404123309643e+02,5.272977355850327896e+00
-1.451995872432619308e+02,1.423912685831728808e+01
1.515878747214686086e+02,1.407756035340200995e+01
-6.634827208750819239e+01,1.216041110722740726e+01
-7.553521327893598425e+01,1.412654144287707858e+01
-7.084041725391992372e+01,1.725572888048105824e+01
-7.221527379444043504e+01,1.119365051631198504e+01
-6.342950522518241740e+01,1.273794063645092223e+01
-5.869784253449346778e+01,7.643279734726727170e+00
-5.620734325522180086e+01,8.510592999229707800e+00
-6.821492254188764548e+01,7.210775671602439374e+00
-6.300049771852183511e+01,6.255201882857114981e+00
-7.512435656660963446e+01,6.502130208990429594e+00
-6.661409126469294506e+01,7.962395875494323150e+00
-7.529740354515236334e+01,9.322149930380312810e+00
-7.620313530802708613e+01,7.996157241514328717e+00
-5.713281193633808641e+01,1.133328234782542587e+01
-6.748634766150692599e+01,9.911251629566063315e+00
-5.440293492495295169e+01,1.396504877191631522e+01
-6.723205704635910251e+01,8.019464650282893459e+00
-6.487893380921966013e+01,1.151381881213354674e+01
-6.893097777433979445e+01,1.066006062235361540e+01
-7.537254876788935576e+01,1.268588721985632084e+01
-7.533332781542731027e+01,1.449355264136092813e+01
-6.577934443607180981e+01,1.471254086054108257e+01
-5.240546126728192888e+01,2.155945617464769271e+01
-7.741990815749782939e+01,1.676153623824286498e+01
-9.065289603343168778e+01,2.188887497780986280e+01
-3.551130518504374578e+01,2.960194467549601072e+01
-6.335871844736583824e+01,1.682450511699000018e+01
-8.389920631102310722e+01,1.872135223032227103e+01
-7.747446791819442069e+01,1.964485447509301963e+01
-5.787494017057616702e+01,1.633210213954471257e+01
-1.745646511659125792e+02,2.627078704867810188e+01
1.737744796209333913e+02,1.398752426072421251e+01
-1.665367537783097589e+02,2.492235571885750289e+01
-1.762171002068573671e+02,9.615087102684547915e+00
1.703203276502568144e+02,2.408111758180280049e+01
-1.747611167196220947e+02,1.827045894817313609e+01
-1.721924663428142708e+02,2.591239847681355002e+01
1.629211935082782645e+02,8.478836572382990155e+00
-1.721302867276046129e+02,1.742973850640055744e+01
1.757668705826129951e+02,1.553419579120052418e+01
1.695213356635067043e+02,9.522856744507244287e+00
1.729326834322051809e+02,2.183532180759092256e+01
-1.571582934003233163e+02,1.316323347346215478e+01
1.467566565767590134e+02,2.447422853387969255e+01
-1.624475164370491029e+02,1.678159004113721053e+01
-1.758794858542066777e+02,2.169430395804991818e+01
1.719431676555224442e+02,1.394445554117371344e+01
1.691768247660396582e+02,1.221321183148315370e+01
1.759124489750247733e+02,9.576940720495457526e+00
1.798874246741150955e+02,1.291680821010135283e+01
-1.693507733404947260e+02,1.011841244175148802e+01
1.705204122009594130e+02,1.033619111541362656e+01
1.754047279536765132e+02,8.679782310488182162e+00
-1.618988826971663570e+02,1.020006912371217922e+01
1.600830881577315949e+02,1.532283376909139250e+01
1.794002399807963855e+02,8.066285232759421220e+00
-1.534940427364214486e+02,1.711047023124235977e+01
1.624406319782637524e+02,1.027789035394873451e+01
-1.739099602338646662e+02,1.256860498737368914e+01
-1.660099146836718660e+02,1.084141809035731718e+01
-1.736284202216103552e+02,1.126932403829475859e+01
-1.654976262298659151e+02,1.511320401398574020e+01
1.609369450400719188e+02,1.040910612590708695e+01
1.759562890693313477e+02,1.381668918425018155e+01
-1.628254858713092119e+02,2.050984000590409551e+01
1.610345865103432175e+02,2.830872793928097408e+01
1.781379457882393069e+02,8.046737501489287681e+00
-1.565418151520939034e+02,2.132475511474614649e+01
1.699389788405366915e+02,1.260195721687900061e+01
1.751418280423548026e+02,1.645636255809176873e+01
-6.750729634691987258e+01,1.249878512915387851e+01
-4.453071157131357438e+01,1.460648493694739081e+01
-6.957792640870728462e+01,9.401429498128305084e+00
-6.464693997277284154e+01,1.139847967007293938e+01
-6.474166160567939698e+01,1.286023920461656544e+01
-7.936257426395994230e+01,1.427888000067133234e+01
-6.303549204168659514e+01,9.365582099260723936e+00
-7.432104404022314270e+01,8.370511145800044517e+00
-5.126165521833750915e+01,1.036725483848174534e+01
-4.593402716523153373e+01,1.516463379327432826e+01
1.622968126596772436e+02,1.007936429732576045e+01
-1.798154354936360164e+02,1.090030174054633250e+01
-1.590974663392466653e+02,1.649663804889822671e+01
1.652139485832008745e+02,1.929930629065897918e+01
1.679358611950231932e+02,1.639095838649213732e+01
-1.513328404822898676e+02,2.505097409617780002e+01
1.728497356872435660e+02,1.492562856134444793e+01
1.638881200539119902e+02,1.328710094933835606e+01
-1.535988554772220027e+02,1.868107371718265597e+01
1.658492295953032283e+02,1.784165941735335537e+01
1.791346087795049016e+02,9.092202178429625192e+00
-1.703607465626864723e+02,1.162110393646506878e+01
1.670284455432001494e+02,1.383104733663084396e+01
-1.743628569866519911e+02,1.296351208949351985e+01
-1.714820024915624117e+02,8.144252353021590451e+00
1.776954766556821994e+02,6.898017837905630500e+00
1.735667321468022237e+02,3.685719710918182734e+00
-1.724618239580789236e+02,1.088446589748637194e+01
-1.785389443112943297e+02,8.482479366937626608e+00
1.797193235318287918e+02,4.366218213581573693e+00
5.472837483283721127e+01,1.920332331232138401e+01
1.102913340430437330e+02,2.901395210107573064e+01
9.758482076688504492e+01,1.507563118958152870e+01
3.397929814656585989e+01,2.003764609600532509e+01
7.374107982463294775e+01,1.003860083102338763e+01
5.057989316175414274e+01,1.608180087187193763e+01
4.639907350726812751e+01,1.845520701698114863e+01
6.800659061320121168e+01,1.323389019769426866e+01
4.714281434614763810e+01,2.251640036159194125e+01
7.350869862391002130e+01,1.401656401351568348e+01
-1.739467807958312733e+02,8.596919382190012726e+00
-1.793579786822384676e+02,7.391403584840102070e+00
1.791399714744162566e+02,7.482834985584037923e+00
-1.675298326084043197e+02,8.766267386759109215e+00
1.703316901856163952e+02,1.057177962959631401e+01
-1.793966823729550129e+02,1.101210080168022287e+01
-1.727822416334047944e+02,1.289550955132720844e+01
1.768967465429466301e+02,1.364974303674388523e+01
-1.756160597950182876e+02,1.415724775102828659e+01
-1.687212804905223322e+02,1.482549560422340562e+01
-4.777153712648215844e+01,1.098003617872544169e+01
-6.392771636797346702e+01,1.138695818298272400e+01
-5.974656461518012662e+01,1.026635871536671196e+01
-6.126758473539937455e+01,6.215682016418250910e+00
-4.855890386589535979e+01,8.870444169732571993e+00
-8.356895561871479572e+01,9.975475753440935733e+00
-5.251551690752067003e+01,1.098200492115002547e+01
-8.219475046620226522e+01,1.244155667183457226e+01
-6.107614287771304618e+01,7.545163406531081307e+00
-4.365925832051911470e+01,1.023743741315635880e+01
1.778440959005390312e+02,6.259198588495171300e+00
-1.749002493119669168e+02,8.314171788449460365e+00
1.757776301889629735e+02,6.953083755285987877e+00
1.749252805670714963e+02,6.187186906396338060e+00
-1.778124988908295450e+02,8.718681548142136251e+00
1.769639027810820266e+02,9.634298519915983405e+00
1.721777602347019069e+02,1.438193539679008737e+01
-1.780810471182829247e+02,9.132850615467980049e+00
1.742848331387415328e+02,8.518004930071167990e+00
1.789641210304412766e+02,9.547315568533903729e+00
-1.620378954648941772e+02,1.110064108863986831e+01
-1.535607924249171674e+02,1.452847658805414355e+01
1.599679927783298865e+02,1.393207769103601201e+01
-1.735251492875065367e+02,8.690470666167870561e+00
-1.713166232160516813e+02,1.067309512740236244e+01
1.662605677459586673e+02,1.207357613647813110e+01
-1.666384798191961636e+02,7.543828675661981009e+00
-1.769727510845166023e+02,6.213327207830797505e+00
1.744724193915789101e+02,4.860048794683951456e+00
-1.616206475140944008e+02,1.005966531784794782e+01
-1.749381979958026818e+02,1.053854839688400880e+01
1.705875918936224878e+02,7.761278211267828908e+00
-1.708542743218393127e+02,9.109434928756698469e+00
1.632656323856392930e+02,9.544320887463218384e+00
1.741782426132520243e+02,8.784987304419612286e+00
-1.683939006851797160e+02,1.202408348723777287e+01
1.665047573965933623e+02,8.776053041045402736e+00
-1.761624251721748067e+02,1.252289099809319950e+01
1.786838723683456180e+02,1.117837027333107613e+01
1.717095394783038671e+02,1.304784414303286511e+01
-1.725602546031427948e+02,7.812198272247853126e+00
1.725732965142129842e+02,1.751609631634480380e+01
1.772483304063140679e+02,7.903645383940636648e+00
-1.794951083218446399e+02,1.216870613220770281e+01
1.748337586050940331e+02,6.223971930305193467e+00
1.788338628987637264e+02,1.264999056598296789e+01
1.696033874874595426e+02,7.721479318719591589e+00
-1.735481104570041282e+02,1.503917164022363195e+01
-1.788370945130953089e+02,8.582881217190905687e+00
1.713203094327711824e+02,1.349627930048759694e+01
-5.263611751980750597e+01,1.531756706790876521e+01
-5.213521874714828641e+01,2.209686877723673959e+01
-8.747877503758481055e+01,2.112500291387287987e+01
-5.054245002485409088e+01,1.651058512165101178e+01
-6.815536941911844337e+01,1.580679265921840226e+01
-6.199969351511274596e+01,1.079084016444578076e+01
-7.625162248722551794e+01,1.087414835820042569e+01
-5.213874223033667477e+01,1.286796892678134441e+01
-7.346466084206555536e+01,1.523596185862031938e+01
-7.230693669904560750e+01,1.336896779115673084e+01
-7.561028996328499829e+01,1.799096403536201905e+01
-5.075169596492565915e+01,1.079708591295188569e+01
-6.044652702143335432e+01,1.298533129090753668e+01
-4.924082217416237484e+01,1.358140900064130108e+01
-6.572694376877113598e+01,1.616543350096874576e+01
-4.808420209095847753e+01,1.824273000720894800e+01
-6.889831299774985496e+01,1.427299390922143019e+01
-6.346434025372848708e+01,7.835183116224698097e+00
-6.161817655822640205e+01,1.708326050328821921e+01
-8.225147918773512856e+01,1.702622416122153126e+01
-1.782265446373713189e+02,1.107343690462750452e+01
-1.588501222934315535e+02,1.403061230893847089e+01
1.627460942009749942e+02,1.452256596671225353e+01
-1.755671716388552284e+02,6.820099268748921695e+00
-1.727864793334346700e+02,6.204449318805513869e+00
1.678229467598355598e+02,1.065017523557722612e+01
-1.765538688353568091e+02,1.084538610057608743e+01
1.771764061571361708e+02,1.534924119806188969e+01
1.767185849287187978e+02,1.783282133263612934e+01
-1.783708631926624264e+02,8.383571018943417386e+00
-1.764644835851907203e+02,7.420687110866428071e+00
-1.723380030861308398e+02,8.726983203340161310e+00
1.643164179410668737e+02,1.601510729051125637e+01
1.782759611192164755e+02,1.344538476375443814e+01
-1.736401041248951742e+02,9.751800057913701636e+00
1.642355677379256917e+02,1.200413001201585317e+01
-1.744124072494878988e+02,1.038214640924617171e+01
-1.754103689880727757e+02,1.233364834566667056e+01
1.584705672538157444e+02,1.101414565489574215e+01
-1.645607236763511025e+02,1.420517732275895284e+01
-1.722096057549807426e+02,1.077836873474011981e+01
1.560203523556383232e+02,1.803342271248497042e+01
-1.651968811477301813e+02,1.105713513807166137e+01
-1.764678632032333212e+02,9.431905479843409879e+00
1.712104140438675586e+02,1.351058306662401343e+01
-1.694565680228824647e+02,8.249121328727886393e+00
1.696840611105568541e+02,9.856632964776876449e+00
1.706685220292734471e+02,1.255426804533879803e+01
-1.742728560728024831e+02,9.976951786074751638e+00
1.749496347193026224e+02,1.342368438090737648e+01
7.128607093765879199e+01,1.704592179647098149e+01
7.101632024948476385e+01,1.950650129228941765e+01
8.549053804825028635e+01,2.114596434823089055e+01
4.735254927752647802e+01,1.948424931094164592e+01
8.056744759664981359e+01,1.571497207611329472e+01
6.353668421859650550e+01,1.678371865081453507e+01
8.738497816680332164e+01,1.403760189762339117e+01
4.222679719053093095e+01,1.780678498196479254e+01
7.822558415557945466e+01,1.123939647391036445e+01
6.745055093055306372e+01,1.953221404817166018e+01
-5.257897539560011779e+01,5.857130596665351518e+00
-8.571327221624135007e+01,7.686683941398685604e+00
-5.267449514094753482e+01,1.070981677190909132e+01
-7.739201849314619608e+01,7.386308379585170059e+00
-6.142972331074432191e+01,1.534410662161718619e+01
-5.873304419700238554e+01,8.054468741442510904e+00
-8.147623443684098277e+01,1.171574756143225038e+01
-3.260041966104089539e+01,1.586830657161112157e+01
-7.438886427880329677e+01,1.932557558283968646e+01
-6.048076492314009300e+01,1.104384395898857818e+01
-1.694717722164243696e+02,2.153399767162081346e+01
1.757047144880681913e+02,2.383442815031322226e+01
1.768639386587272497e+02,1.615671400880758313e+01
-1.744551376783173851e+02,1.207983528125056161e+01
-1.689932883590248025e+02,1.257116924018412796e+01
1.746819291023273877e+02,1.173380956143033416e+01
-1.698661366920892135e+02,1.637203241815748811e+01
1.765939106699222805e+02,1.517448860751857609e+01
1.797256951365462214e+02,1.567679543982962898e+01
-1.783444435239322559e+02,1.233448552001743082e+01
-1.699680001478627673e+02,2.092335373182022806e+01
1.724897631020563722e+02,1.716790543298016303e+01
-1.796389687466765679e+02,1.716107919636930035e+01
-1.719901966978893313e+02,1.081104701720438399e+01
1.746243937593322926e+02,9.111599596026008996e+00
1.593041591464285887e+02,1.196051441965024686e+01
-1.798856866413592570e+02,1.343527126162663343e+01
1.741519638554177334e+02,1.314053437959573856e+01
1.712819883890766448e+02,1.482162902834722473e+01
-1.799713619794690374e+02,1.647504615641788561e+01
-6.196679738824082762e+01,1.167489477752857496e+01
-6.683661125535728331e+01,1.033998582104749175e+01
-7.226760641638527716e+01,1.349794777126107270e+01
-5.453730385056336161e+01,1.428137443145339880e+01
-7.216823369330541027e+01,1.075200291477726466e+01
-4.404999449968100578e+01,1.069114526418448818e+01
-7.196048935705627514e+01,8.046146303768590968e+00
-5.934930719940066979e+01,9.102102898432061551e+00
-6.928107696008031269e+01,1.158598516628443775e+01
-7.601908795868885704e+01,1.019135070817064559e+01
-1.734487600064127548e+02,1.100980904874971955e+01
1.671696763959936334e+02,1.059051388243726066e+01
-1.720820092975516786e+02,8.703107957028421993e+00
-1.693838968043138777e+02,1.111157815792218173e+01
1.607457275271992785e+02,9.098214861288925093e+00
-1.733746964965105519e+02,6.536078017066074608e+00
-1.740548710395956675e+02,1.123752735883297049e+01
1.699613481275915774e+02,1.412726419426284785e+01
-1.764038292048090000e+02,7.068160364623544467e+00
1.778480260612491861e+02,7.655588361654885432e+00
1.727233215986040875e+02,1.127192322637723443e+01
1.798603728074986634e+02,9.797463599220954222e+00
1.760537185377107221e+02,9.419824742666314421e+00
-1.746341933763217469e+02,7.339971474296493881e+00
-1.782961716169347426e+02,9.533594546883714216e+00
-1.777049939803381733e+02,9.787056943661553987e+00
1.718235177631811723e+02,9.227608284621380719e+00
1.755976462752277030e+02,8.490203905273761009e+00
-1.770199638139759770e+02,8.748783061747742451e+00
1.697526493496620787e+02,1.849454025393242063e+01
-3.029964524872602993e+01,1.864754281526752777e+01
-1.136877260945494754e+02,2.049470019785368891e+01
-1.444248531841343492e+02,1.427347193183495477e+01
1.506000442968150423e+02,1.833733458232937963e+01
-1.670928863039899852e+02,1.439084730906501619e+01
1.785508440981205354e+02,1.163183368536050821e+01
-1.661546845117704265e+02,1.882526046591021895e+01
1.686632758769163445e+02,9.797394416843008713e+00
-1.787507096191222615e+02,7.584271079060842524e+00
1.688277908453122791e+02,1.447411676781666934e+01
-1.657891732898405053e+02,2.120188027110845752e+01
-1.646770082041658725e+02,8.937002427875087918e+00
1.515860959539673445e+02,1.720674316208036458e+01
-1.636869077907965959e+02,1.412844458851898111e+01
-1.623376109821941782e+02,1.454335328292767926e+01
1.569165553254489396e+02,1.409423610503586843e+01
-1.564475154365493097e+02,1.663605703178338047e+01
1.589229759225079874e+02,1.230245363543987125e+01
1.793446416148777018e+02,9.463441201537454717e+00
-1.595529878796703542e+02,8.080095195835214739e+00
6.074886636977529975e+01,7.621017059771403979e+00
6.440669210171411407e+01,1.065960297755766462e+01
7.146779722486175501e+01,8.777792711367689904e+00
6.764488621120574408e+01,8.923734034503670642e+00
6.335617611588725850e+01,6.294312228651118168e+00
7.215964450166480049e+01,5.520558650965852188e+00
5.884607345013251489e+01,6.088487000814451378e+00
6.746029702815377505e+01,7.898815491144315359e+00
5.725468050989459101e+01,9.032164799735314276e+00
6.379809520774874443e+01,8.244223882723337837e+00
7.466322102840761943e+01,1.578481884583809958e+01
6.571066800724699419e+01,1.124861516254459559e+01
5.093221385702001669e+01,1.892249154771175057e+01
8.197747320185774811e+01,8.572833222598649883e+00
6.512888080765459620e+01,1.029702537859100531e+01
5.940680179619835855e+01,1.082703180217657568e+01
9.397175023414439465e+01,2.366907837184759344e+01
4.808968965646868554e+01,1.573683243169193702e+01
7.439349644555998964e+01,1.059068752619629628e+01
9.007859857203433762e+01,2.305675916764461419e+01
4.719059641888077294e+01,1.084143509518050941e+01
8.163107982759709103e+01,1.094014072622887923e+01
5.387203888073135971e+01,1.434481573097956542e+01
6.497067757866547311e+01,1.017404519686866138e+01
5.271266622115560807e+01,1.761658346510619211e+01
6.883633316338298869e+01,1.022064704987526085e+01
6.083316955273061666e+01,1.312867593466151384e+01
7.036083472369398351e+01,1.168754086438107720e+01
6.913377950459904753e+01,1.455593752906261962e+01
7.170625196286128755e+01,1.299104891755629509e+01
7.137391736381971441e+01,1.602327046516040809e+01
7.263162798906415674e+01,7.846483673207917064e+00
6.411789874497662822e+01,9.096755838150903273e+00
5.833421737493804216e+01,1.142608802203329788e+01
5.637992259156393970e+01,1.434079886008790083e+01
5.717357240620238912e+01,1.494487165489167246e+01
5.465120498962675555e+01,1.528255749344494063e+01
6.724792848054596561e+01,1.343734931095960050e+01
6.279890617178263312e+01,1.172321321954709461e+01
6.137308058342335926e+01,1.180513832740413349e+01
-1.702593138700915176e+02,1.371812965572160792e+01
1.722427989088022855e+02,1.495027565394472902e+01
-1.785706317250105712e+02,1.479573485116210385e+01
-1.757139924441130177e+02,7.794773350171237070e+00
-1.767544059236367673e+02,7.789478153681308470e+00
1.549701884998701757e+02,1.306946428261243831e+01
-1.548180252941799893e+02,1.273547785923564213e+01
-1.398561830377632873e+02,2.143047462110546775e+01
-1.761195385628939505e+02,9.725395859987393976e+00
1.629357006333159461e+02,1.126445951262855694e+01
-1.714888383288904663e+02,1.546563426677942843e+01
1.759973344080190145e+02,1.247881347570461408e+01
-1.789223796304974314e+02,2.034806410014337530e+01
1.789145967392344687e+02,1.265416381390711642e+01
-1.687843075354294058e+02,2.260184359716660651e+01
1.731149891569540955e+02,1.885678749068720350e+01
-1.693381646261721869e+02,1.811349104602867399e+01
-1.724624909160114896e+02,1.587284504636354399e+01
1.663372487928546661e+02,2.474292000721862195e+01
-1.597954471941735619e+02,1.067939329675416360e+01
1.711634111461703469e+02,6.779808795563904589e+00
-1.689347453313437200e+02,7.481814691889173474e+00
1.657735133356261485e+02,1.148430489446595892e+01
-1.677734651699912831e+02,5.465759638230339945e+00
1.695760027728688044e+02,6.479792971323270478e+00
-1.714726797863635284e+02,3.330463286082599783e+00
1.734343312406683424e+02,4.358127635237282860e+00
-1.692716275339204515e+02,6.391009128908330617e+00
1.671526556193003330e+02,1.015228242878073672e+01
-1.710107304643665032e+02,8.875946858565344044e+00
6.395089074748043600e+01,7.795246487395505852e+00
6.869041620963983519e+01,6.551607969477586835e+00
5.384754659878219485e+01,8.418243050403987127e+00
6.700267641018822928e+01,6.000398896341335941e+00
5.482542637895908655e+01,1.010787822983261108e+01
5.572898762342738621e+01,9.813563242417611576e+00
6.305136967641967516e+01,1.312381248033980619e+01
5.915180014891434723e+01,8.734549089677477340e+00
6.636719406772128593e+01,6.142050561527664598e+00
7.125684306791505662e+01,7.432282544778981759e+00
-1.704666161161462412e+02,8.435603706125746726e+00
1.650351457104121948e+02,1.047137600483003439e+01
-1.742484636891591947e+02,6.919822907220904540e+00
-1.717069714768353492e+02,7.908999861262641318e+00
1.669343297552803165e+02,5.501162598547438165e+00
-1.673881948311204155e+02,8.950663560763203463e+00
-1.754693331348865968e+02,7.365244391343633623e+00
1.679613259589718552e+02,1.448327540693699156e+01
-1.652480538096446026e+02,7.754948010689613369e+00
-1.777290494258360525e+02,8.564139219616583532e+00
1.725691170308132314e+02,4.864304983655010517e+00
-1.642290462770154420e+02,1.622267455476790587e+01
1.625262434177149373e+02,9.356250145582684752e+00
-1.628095592857698932e+02,1.346329119429170262e+01
1.796502679678939387e+02,1.082234834852708794e+01
-1.786870910732244226e+02,2.566758962806711786e+00
1.788059144710280464e+02,6.304506762348221827e+00
1.770779189974803103e+02,6.864096547928056680e+00
-1.784109261553204249e+02,9.524617199178370797e+00
-1.793254330346977952e+02,5.514927323619134292e+00
6.854277960053755692e+01,7.236948580710643952e+00
7.761586478092982588e+01,8.221089262121088481e+00
4.886730523662875925e+01,1.178594542578106896e+01
8.064082759729527083e+01,1.738286147993281006e+01
5.208420360207475852e+01,1.715328782774795258e+01
4.350741499802196444e+01,1.640916821074591780e+01
8.206124430308081230e+01,1.343469265444359095e+01
4.479539820699417874e+01,9.689685945719919147e+00
7.239077661639709049e+01,7.971682676670468481e+00
6.718769926680235471e+01,1.766331027049567126e+01
5.875216425797291464e+01,1.414023436571720715e+01
7.257820246443557721e+01,1.481507310995292315e+01
5.022479538957940548e+01,1.828028892383176185e+01
7.396716681507095359e+01,1.512753847717792866e+01
6.589794195831581192e+01,1.511668556346449677e+01
5.951959994230921325e+01,2.762216107497567563e+01
6.370314310804928937e+01,1.888083622215455648e+01
6.004561729391788560e+01,1.553749256014984326e+01
6.495278041193630258e+01,1.056801221135843427e+01
5.789704011009766305e+01,1.083458962943183579e+01
-1.689628751864283629e+02,9.302292399915536691e+00
1.681070267468184909e+02,7.190589612327030977e+00
-1.787656979024678492e+02,8.213824187773948182e+00
-1.707623020369713061e+02,9.389032828341235870e+00
1.613334088619570252e+02,7.923632244670979929e+00
1.789844342214420294e+02,8.941936617041751134e+00
-1.592340683601614444e+02,9.612500145274003316e+00
1.708058399509071137e+02,1.311457354647778750e+01
-1.714838556912992829e+02,9.571247212302292695e+00
-1.697012678928693106e+02,1.481149307731649678e+01
4.737672302876958952e+01,8.486472433519928416e+00
7.225637552572688094e+01,9.324001114445302107e+00
6.171643646837911490e+01,1.034391905614382345e+01
7.265312344589040094e+01,1.265545934057055177e+01
6.996854372085708462e+01,9.892639182226773187e+00
6.534673440973951131e+01,1.161101738458385313e+01
7.344861953143612254e+01,6.678008055555201494e+00
5.495982928746146001e+01,8.308188233924377997e+00
6.184373879173863742e+01,8.225801088936925964e+00
6.100165649971294357e+01,1.010809870242731101e+01
7.743147478717736476e+01,9.621338595687447537e+00
5.705199503501832226e+01,8.604030724312389466e+00
6.612693928471874472e+01,1.326007853456429331e+01
6.553842652261238300e+01,1.258489400673494529e+01
5.636189477911094059e+01,9.546714228987521977e+00
8.481120370349626114e+01,1.040263641364706615e+01
5.971158200477324840e+01,1.303612844746121269e+01
7.548776461342536948e+01,1.107907187140164673e+01
6.354431850868514431e+01,7.081214062192010772e+00
5.405021633553126037e+01,9.957766228006756037e+00
1.674234749051237543e+02,1.110710269098236580e+01
-1.604347967209199339e+02,9.536980171493059544e+00
1.725223950684876968e+02,1.331068402614197055e+01
1.770745548614487745e+02,1.031171669715662276e+01
-1.641905720490767067e+02,1.500023029856409273e+01
1.644110344410438245e+02,9.233690009004146049e+00
-1.790984733550511123e+02,1.111170764689128099e+01
-1.624376380306799206e+02,1.905052952137268818e+01
1.635692564718151232e+02,2.141462506482870509e+01
-1.636577858396697422e+02,1.883501895770915979e+01
7.056526871881348484e+01,9.875718489898805075e+00
5.277398710907342405e+01,1.157499812805937722e+01
7.546603545473696784e+01,8.867704419716570641e+00
4.638314934927812061e+01,9.263683902812196891e+00
6.771980813551012091e+01,1.430723793447162961e+01
6.065086818437538341e+01,1.204385425773929441e+01
3.537832889357196819e+01,1.318183569847334269e+01
8.434310178429856819e+01,1.631126985081742831e+01
4.416496354265765945e+01,1.273914663031880679e+01
6.899338687652117130e+01,1.291430195258032043e+01
1.740659642163632554e+02,1.005605653883978690e+01
-1.693703545711965148e+02,1.244600812119677080e+01
1.737758303900770329e+02,7.755187842943287890e+00
1.752116515312270906e+02,1.159720193904279917e+01
-1.709287647829591492e+02,7.595257790357521799e+00
1.692647473384180046e+02,1.256246948568756672e+01
1.765703908012733336e+02,6.687814386470002148e+00
1.789240498800921557e+02,1.021286110929390212e+01
-1.785462926895563385e+02,9.069446578743775689e+00
-1.745534270542703439e+02,9.499948663314683017e+00
-1.642237975342913501e+02,1.437221713416800029e+01
1.514320407780649020e+02,1.748837473489437500e+01
-1.588251536024330903e+02,1.864475788617845353e+01
-1.764624671424709561e+02,1.041420856124828376e+01
1.471996798930582315e+02,1.872920556240030976e+01
-1.432234165962755412e+02,1.491461925586719950e+01
1.560941369149533102e+02,1.474198540229380683e+01
-1.772602002278447060e+02,1.349114740779916666e+01
-1.799482322473813269e+02,1.922754086755168501e+01
-1.781508119658645626e+02,1.523836677640396786e+01
-1.780376517228221758e+02,5.379485882652604190e+00
1.732264232918529103e+02,6.401375559893303091e+00
-1.787173091660406214e+02,4.155248107241455102e+00
-1.717739448042163417e+02,5.185632300873922240e+00
1.689078726312271783e+02,2.330865657904769517e+00
-1.724034224343133133e+02,4.324312607052632096e+00
1.740114958642837166e+02,2.763426749847752717e+00
1.740149826035714113e+02,3.541025241511832622e+00
-1.740605860538579464e+02,1.565057084794640341e+00
-1.793780109335492625e+02,2.928058226292825861e+00
1.751880970853750625e+02,2.919424582657480727e+00
-1.663121170420163253e+02,6.196946660987569189e+00
1.716185634904056769e+02,5.786438180873977544e+00
-1.754331631334020187e+02,2.260876783904302023e+00
1.690757667600948366e+02,3.377295194177851734e+00
-1.643494367605143793e+02,2.953370529866707450e+00
1.655069686847864716e+02,2.784842880984004232e+00
-1.748344206398492418e+02,6.662305192883806626e+00
1.774718804567709753e+02,1.025757061465910525e+01
-1.737168715064259175e+02,6.661899301689590658e+00
-1.716139541224061702e+02,1.286456727833082425e+01
1.561028577167323590e+02,1.295474213197170599e+01
-1.620570276195409178e+02,1.230873238698823080e+01
1.749247938152774111e+02,8.914964864233777320e+00
-1.765506484777805838e+02,8.977056537136656189e+00
-1.763051460148576268e+02,1.124965298212071829e+01
1.790646515321636514e+02,3.860749849652115984e+00
1.759196361100150625e+02,4.791370353657173453e+00
-1.734111859430820743e+02,3.989357633975213702e+00
1.670410539137210151e+02,1.096894858339327961e+01
-5.552741112811813196e+01,6.362602741464762346e+00
-7.649550147028455171e+01,7.982319049727351512e+00
-4.612413013141432572e+01,1.364985129613985038e+01
-7.807837659851929857e+01,8.086505713638377557e+00
-7.061562477716529429e+01,9.099979717627650899e+00
-5.027600986967617303e+01,1.109278057704299592e+01
-7.232092376069944351e+01,9.913823379214068865e+00
-5.886286283956356158e+01,7.692167056381421730e+00
-6.833638636162106650e+01,7.814854830094253302e+00
-5.997270885119106509e+01,6.838075184367333748e+00
5.781151128522409977e+01,7.908002271571920261e+00
6.376168109183146271e+01,9.785381014533140132e+00
8.126343685123829630e+01,1.168634785335730086e+01
6.043914579169654644e+01,1.409831824594357386e+01
7.910936299278863260e+01,2.318873347670712093e+01
5.409432608840704404e+01,2.352731675826299451e+01
6.054533447580058692e+01,2.019045429172408390e+01
5.953920891574135510e+01,2.461792335454300940e+01
5.074994043728747073e+01,2.103769367841110238e+01
5.849724840435968787e+01,1.686803368562148364e+01
5.423229377205416313e+01,1.649170640558125456e+01
8.022823318676726956e+01,1.622886453365024195e+01
6.770781826704406114e+01,1.237921315306452108e+01
5.595959366676078162e+01,1.104031373990756215e+01
7.447421690512122439e+01,7.378190603380989643e+00
4.799396727338912427e+01,1.095582298740453631e+01
6.041329926852660748e+01,1.216005072966181721e+01
2.797519194724960201e+01,1.877852159383669317e+01
5.723439367064428041e+01,1.195480850205590428e+01
5.819980920923678269e+01,9.640710850418402700e+00
-7.059517562606893648e+01,1.677885582106816287e+01
-5.289462322730085475e+01,9.689182909950698530e+00
-7.972823182542367704e+01,1.196569598487344166e+01
-3.876297649323075234e+01,1.380859444100186195e+01
-6.218072394877716391e+01,1.763047263411912269e+01
-6.742241228537172049e+01,1.321257002974550332e+01
-4.863270993848892232e+01,1.490882918425462123e+01
-8.334339869156890757e+01,9.326067310824541323e+00
-5.444364283667652415e+01,9.741126539166613085e+00
-6.883473327665819852e+01,1.391158343366872607e+01
1.745099177076417902e+02,1.214464550346756333e+01
1.785521234748109975e+02,1.413880835203498343e+01
-1.736586353731146062e+02,1.112285625889810703e+01
1.687426024544396341e+02,1.100281483806946170e+01
1.776593937951794544e+02,5.567776298647120647e+00
1.772078277278281462e+02,5.238098606074455432e+00
-1.756311475187200415e+02,6.236874621198817081e+00
-1.692186880222957370e+02,7.352267358454430024e+00
1.522396219941353479e+02,9.366385158280596812e+00
-1.535714812419192299e+02,9.314549069036685225e+00
1.752987881372868912e+02,9.107290674229213678e+00
1.706758024664471804e+02,9.305852397355364403e+00
-1.738554566318196635e+02,5.066170725801018015e+00
-1.771588672473019130e+02,2.720896509703166100e+00
1.768563760855746523e+02,3.582077854256861649e+00
-1.729175527178493610e+02,6.586332896299381012e+00
-1.773401574339775379e+02,4.566554270804676463e+00
1.778909793485795490e+02,4.658983333528981419e+00
-1.777748763364557192e+02,3.513343141967771643e+00
-1.763303379887958897e+02,5.308135214391769274e+00
1.706355145180939417e+02,1.194145994404285638e+01
-1.776016539600738895e+02,1.436492490713192360e+01
-1.773981066934045714e+02,1.147189326966745604e+01
1.644917956656427691e+02,1.429541727502082793e+01
-1.677348627271605608e+02,1.593716628289281800e+01
1.749505378732184795e+02,1.268741848009817375e+01
1.685896584804447400e+02,1.130946619126294550e+01
-1.633768187673285297e+02,1.124223564742716164e+01
1.682806958812399785e+02,9.043253307570203958e+00
1.740830788694890430e+02,9.051622799847876877e+00
3.936627345973730741e+01,1.359151572515041373e+01
6.755264347800530800e+01,1.536476943059052225e+01
5.253373621522059977e+01,7.425580261922515746e+00
4.992209225867185296e+01,1.108253789070043993e+01
7.905552697385573424e+01,1.095513068962215542e+01
5.063981467154800953e+01,1.572895144049545024e+01
6.624036220990539903e+01,7.985800991113604752e+00
6.220733825105624959e+01,1.265449973601216627e+01
7.010947704326181906e+01,7.378904428324016607e+00
7.333892844361366770e+01,7.804155761509528944e+00
-1.749489866255301251e+02,8.970188907370232556e+00
1.688122802730210310e+02,8.338983993699898178e+00
-1.708445906818455740e+02,1.208813998532892064e+01
1.746029745220848781e+02,5.872866135205352833e+00
-1.770383688471980292e+02,1.447632068406954708e+01
-1.788856326563974335e+02,7.463615644289397721e+00
-1.774309852427754493e+02,1.377387448716685725e+01
-1.778508457822556181e+02,7.100883752624239875e+00
1.795222411317095066e+02,1.211803787177569802e+01
-1.773249537172429484e+02,9.541676052968419697e+00
-1.522616842214375197e+02,1.314680269817617386e+01
1.505857674961453370e+02,1.883234465455881690e+01
-1.636168164184249179e+02,7.926500464207277830e+00
-1.577593246245434955e+02,1.364168418143059114e+01
1.608038320676268995e+02,1.075559735099847813e+01
-1.634556245446345315e+02,1.131956735160856553e+01
1.640584634925760668e+02,1.338853644395847553e+01
-1.776322869866659460e+02,1.649399451057120558e+01
-1.729670732777167643e+02,2.482366182665447951e+01
-1.656659309762095518e+02,1.310101528494439371e+01
1.723776258575184386e+02,3.590790261867033095e+00
-1.688852087538288629e+02,4.324323832202253470e+00
1.667936673238851313e+02,8.222313247583047158e+00
-1.697462568727020482e+02,1.162523004240931179e+01
1.695897578087770228e+02,6.066843448068028444e+00
-1.734877276094233878e+02,3.716317561007135950e+00
1.687369714866023003e+02,7.079975533932032050e+00
-1.795140797326504867e+02,6.068990057562303697e+00
1.753629381541096279e+02,1.017279870787996643e+01
-1.796582998276032868e+02,7.097307212625731943e+00
1.788179372153643669e+02,9.598793070801416860e+00
-1.734258177886752890e+02,1.140437764199120529e+01
-1.750514500413849532e+02,1.160876312930639287e+01
1.742428612413407905e+02,1.366226354235902107e+01
-1.631797792092048951e+02,1.151765257721038971e+01
1.769127773049017947e+02,1.127468347182759700e+01
1.719804174183654766e+02,1.146598110752957211e+01
-1.598748742116603694e+02,1.432893412404750144e+01
1.688550394218337658e+02,1.275346311622831585e+01
1.757206682815431407e+02,6.748832526609577442e+00
4.593936189833865313e+01,8.711328145635164333e+00
8.291147879931318698e+01,1.152091243311996216e+01
4.997646129734340548e+01,9.108869428455008688e+00
6.663948434593262959e+01,8.127755546806074705e+00
7.340482582848103732e+01,9.356933208029619919e+00
4.734265119832434010e+01,1.166892479633208524e+01
8.926157640894631129e+01,1.389507762891730636e+01
5.578892544943882825e+01,1.076955502094988049e+01
5.607261006676282733e+01,1.124432630743527284e+01
9.247321172940695533e+01,1.484721304294373745e+01
1.773287844668015225e+02,1.500203989336790045e+01
1.697928093985862574e+02,1.478327521469322825e+01
-1.656696539396770902e+02,1.954556358486909318e+01
1.699310539215475160e+02,1.512954908929466491e+01
1.790296508548314307e+02,8.939155281529252761e+00
-1.666946620916280608e+02,1.180945386848735978e+01
-1.792959418881434317e+02,1.247551351856700386e+01
1.784422011062942204e+02,1.342029750979535763e+01
-1.794990889066802424e+02,9.831080363187556515e+00
1.789819803646112177e+02,7.885084849159934350e+00
-1.796085495445001641e+02,5.257384913254282033e+00
1.769659059931566958e+02,1.030627639000118734e+01
-1.749399559278504057e+02,1.132676954352384868e+01
-1.799775370742615337e+02,9.416876462244875512e+00
1.762012971001676647e+02,4.612484636443791253e+00
1.645903753312368281e+02,7.582381392148386468e+00
-1.617977074005189024e+02,6.911550154293752968e+00
1.680713380680505793e+02,8.520493350375312858e+00
-1.787910260495211219e+02,4.325375422905668898e+00
1.762298830597124208e+02,1.374737770144371396e+01
-7.558017009045104828e+01,2.461225531965939695e+01
-7.429936106310810828e+01,1.848674476948841061e+01
-5.766975739989464245e+01,1.731749123185343109e+01
-6.013742448798937801e+01,2.429687888011175900e+01
-8.060993195168850889e+01,1.942199099494785486e+01
-6.684644867985478811e+01,2.380478060600224310e+01
-5.138326911713271983e+01,2.375418243110791039e+01
-7.830547885086048154e+01,2.327518123792929572e+01
-7.747057363213235703e+01,1.768249873527928884e+01
-6.397841713550967313e+01,1.483237358534611516e+01
7.590946924099888804e+01,5.497723826708783790e+00
5.921718612547714145e+01,9.162826950597329656e+00
7.684661477482713110e+01,7.207506079685940037e+00
6.502287818406813358e+01,8.592336925859058283e+00
6.439819830549421908e+01,8.289667309539488826e+00
6.566194490525019489e+01,6.093076417859955463e+00
4.921105815397115180e+01,1.086402490348435279e+01
5.260275676622874386e+01,1.067766516735724380e+01
5.836363543565440892e+01,1.262833158872745365e+01
5.156419003028941006e+01,1.221058916707304931e+01
1.783191891001586669e+02,1.228791161348763872e+01
-1.657122286073898465e+02,1.338175574425653380e+01
1.744057288759713060e+02,1.489235412604748632e+01
1.768547372773629149e+02,7.980810370090516415e+00
-1.666984526727201796e+02,1.082828104293694693e+01
1.782171509096110356e+02,1.126143831940338202e+01
1.794289017788150886e+02,5.685527049176983816e+00
-1.693697492442503290e+02,9.523302669360276695e+00
1.679566559202073961e+02,9.173325627346692102e+00
-1.734055885754531232e+02,9.670427057086307343e+00
7.641068661623714320e+01,1.736468172880659466e+01
7.151252311569666631e+01,1.366019754303151146e+01
6.158744616428275265e+01,8.839383087612631584e+00
7.665865369201095803e+01,1.728887684438286954e+01
7.084953777354327542e+01,1.619590780540768549e+01
7.621510445435073677e+01,1.253154133255023694e+01
7.091692417634813239e+01,1.138287074303674906e+01
6.846230293640155651e+01,1.183084001675603325e+01
6.389263141844382687e+01,1.197777760146199810e+01
5.486054030694501193e+01,1.379928376843730220e+01
1.798313832525475107e+02,8.347019238088744686e+00
-1.766389973794732384e+02,7.682845250668295378e+00
1.705952276581077740e+02,7.490955187739407606e+00
-1.649019626974803145e+02,8.878513246502595990e+00
1.608826557906287746e+02,1.374860743360233784e+01
1.692771778655357195e+02,8.128683361560961274e+00
-1.560682898226493762e+02,1.120218531633039660e+01
1.423975117825196435e+02,1.564185414717031009e+01
-1.640806502398915256e+02,9.074493795696518816e+00
-1.668187746073323297e+02,5.773224703128484236e+00
1.530882365166118859e+02,1.623492407329836240e+01
-1.530135181223780307e+02,1.448179505713876658e+01
1.664723956279966615e+02,8.425803202286598292e+00
1.787818582361726385e+02,1.204434127894351647e+01
1.772835577223207224e+02,7.860121555482109557e+00
-1.679227384532861436e+02,8.158321957159577309e+00
1.680136979278665592e+02,1.000995312094323353e+01
-1.681720527584122635e+02,6.519235345772984580e+00
1.734243391633242766e+02,5.380900428937572144e+00
-1.681034089389231667e+02,4.022109759064496082e+00
1.572236666461189429e+02,2.567713302232151662e+01
-1.623725903876499217e+02,2.471861681548245571e+01
1.763008414453088903e+02,1.822350835959933235e+01
-1.738809815484525814e+02,1.731675939245369733e+01
1.712576378199126168e+02,1.094404160569720297e+01
-1.698302700956571414e+02,4.259195022948477849e+00
1.624952408429658988e+02,1.846880157342788209e+01
-1.568472719402397502e+02,1.706030165575722890e+01
1.760663321707177715e+02,9.854366538939325793e+00
1.704775239922805383e+02,1.406078769686170915e+01
-1.703068818455691655e+02,1.289073811925059587e+01
1.684957908986308723e+02,1.779044959826124739e+01
-1.756475105628155688e+02,1.741998626148225782e+01
-1.697725262291622812e+02,1.213903051744013872e+01
1.759657023613322337e+02,4.910422420884250627e+00
1.775062723896833461e+02,7.013001409705630351e+00
1.765707459877334600e+02,1.398817726741171441e+01
-1.725199667949560762e+02,1.470995886269421327e+01
1.722936889402546399e+02,1.213294687547884365e+01
-1.788511909506433994e+02,1.171802885485589663e+01
-1.708752632399103959e+02,9.766636648773094009e+00
1.773288902853334719e+02,1.295055072630900028e+01
1.668981920535971426e+02,1.092484345864585471e+01
-1.607591440644215481e+02,1.158156460026027545e+01
1.732571351694215593e+02,6.459533183860413530e+00
1.780751532467329241e+02,8.682768902230298735e+00
-1.632459296938351656e+02,1.334712031915012354e+01
1.627963999963131414e+02,1.393566594464066810e+01
-1.744441081252385288e+02,4.974045089446290646e+00
-1.639035285794415699e+02,8.877476442734417716e+00
-1.585895693281210299e+02,1.893808244235032134e+01
1.669649490872323270e+02,1.990743417999194520e+01
-1.778861000366194958e+02,1.410195588873582651e+01
-1.475905427982853269e+02,2.517226293167897211e+01
1.688203220541746816e+02,2.046038626028501994e+01
1.431937590496444273e+02,2.339945137785419860e+01
-1.579080369655007701e+02,1.381213162137400374e+01
-1.493600593340023011e+02,2.359765931554376195e+01
1.372397535380305840e+02,1.969548868382003093e+01
1.713693787432350177e+02,1.199692293545046162e+01
-1.769276197002417064e+02,1.607373580882374853e+01
-1.729489587544182143e+02,1.465722910087570519e+01
1.538676406375137447e+02,3.066443910756571611e+01
-1.796696806232765482e+02,3.204583791361795875e+01
1.775298819863293431e+02,2.496481889884053373e+01
1.588119794943969509e+02,2.118412567921784273e+01
-1.710349480714818355e+02,2.348282080796618843e+01
-1.754037257951254958e+02,3.457336328334626785e+01
1.365745805191222075e+02,3.084583635306744043e+01
1.275675527108664511e+02,2.345993495566285247e+01
1.726395158726508043e+02,6.209461548972451617e+00
-1.725404786300512683e+02,1.264692388803187839e+01
1.738773176819827029e+02,1.228220089268923942e+01
1.711386144116954426e+02,2.293103827824018026e+01
-1.723819298786819445e+02,1.243767206426739591e+01
-1.781898194715047055e+02,1.231797249570689345e+01
1.689291195803308199e+02,1.370254445143598687e+01
-1.743195185116406662e+02,1.972428667333690200e+01
-1.740420974195991732e+02,1.214279287695196530e+01
1.683954192922533366e+02,1.751140361508671361e+01
-1.695081230672852541e+02,1.269931198842710529e+01
-1.746073648591533924e+02,1.573092996574685287e+01
1.596914811546727435e+02,2.015940910682722276e+01
-1.618641472617628949e+02,2.047044388051658004e+01
-1.756491015635302801e+02,2.069953067048848894e+01
1.588311954034508062e+02,1.570863849417184355e+01
-1.588339427424660073e+02,1.012184007242147565e+01
-1.714837305415448441e+02,9.537772907001258460e+00
1.660137879167874644e+02,1.725558787875379352e+01
-1.706836822596245327e+02,1.310661186814300194e+01
-1.787381509252652734e+02,1.219658534341728284e+01
-1.721410708580485789e+02,1.050373096488818803e+01
1.656736562613993442e+02,1.041342295607870305e+01
1.742892801594966272e+02,9.807517165096985678e+00
-1.714159629115524979e+02,8.750247795186485433e+00
1.665243369855143385e+02,1.373532059550123030e+01
1.777274988643093252e+02,1.104693525895553030e+01
-1.635152259071807350e+02,1.227963836754671689e+01
1.737968796846909925e+02,1.104137500549317963e+01
-1.784619207012399613e+02,1.275513845124506318e+01
5.123067909015220778e+01,1.996894507215607462e+01
8.710793589950729654e+01,1.471828568405184612e+01
5.798831419642219487e+01,1.479756794223714600e+01
6.487774861110062830e+01,1.416940734136653468e+01
6.956911389875233453e+01,1.393825422845663020e+01
7.711869013387588723e+01,1.367692184233500186e+01
5.399291227661463211e+01,1.164313729996766611e+01
6.976667083645564560e+01,1.162739827998080067e+01
7.594127448603477148e+01,1.020185132541658035e+01
4.995115921025293915e+01,1.404071740969956394e+01
-6.839797148276093708e+01,1.044266859762824851e+01
-6.723082447926161365e+01,1.164854527292315645e+01
-5.331975109093358611e+01,1.167564632373094291e+01
-7.878654933205675093e+01,1.230672210825886737e+01
-5.594010429717209831e+01,1.018074665889912289e+01
-6.601368065793717221e+01,1.244389056265640647e+01
-6.208319736065708128e+01,1.127746376783726312e+01
-7.460598623801953977e+01,1.435899876749197901e+01
-5.231831512670807882e+01,1.104073926427973085e+01
-7.351419239064895805e+01,1.668757887329235245e+01
7.872043193764115188e+01,2.014712961661429702e+01
7.239125638630333981e+01,7.209114031087595187e+00
5.970773880699571379e+01,1.978172864908944462e+01
8.598154630929671782e+01,1.729442350376613646e+01
4.906708390592128666e+01,2.211698077348101066e+01
6.825353839228615982e+01,1.476045011849298660e+01
8.718082109277281688e+01,1.941877870984452059e+01
4.825604828668406299e+01,1.773154335381613578e+01
7.071876581580156085e+01,1.434356723833379732e+01
7.458324799095967705e+01,9.404863088040400498e+00
-1.669479014526976641e+02,1.428343245858569510e+01
1.697085543212661207e+02,7.349532241082931350e+00
-1.666968084940184269e+02,1.228215363971573737e+01
1.656579956922689405e+02,5.667323578098059755e+00
-1.618708994955876506e+02,9.211522457775572548e+00
1.655935699751273091e+02,5.468790142244518648e+00
-1.718612069138009133e+02,5.329623527728282184e+00
1.768459719935418946e+02,7.550841780727811425e+00
-1.773999088725208537e+02,4.953436932727114161e+00
1.687467597265498398e+02,4.722257422030101459e+00
-7.653059362877256433e+01,1.956504557658011478e+01
-5.301420887909218749e+01,1.608648811815148605e+01
-5.321907482038407977e+01,1.029015449988279585e+01
-8.374726384606358920e+01,1.599578581891702811e+01
-6.337101311237193357e+01,1.889813200055941422e+01
-6.811883011690382261e+01,1.435593041818560600e+01
-8.061643480301067655e+01,1.328938280672180205e+01
-6.088408241693662148e+01,1.322677585148633739e+01
-6.921541386710008226e+01,1.406073866134924089e+01
-7.481216577267795742e+01,1.579315748171194045e+01
-5.744422723579135948e+01,1.387180490972887448e+01
-9.145162176327140457e+01,1.296029752264521662e+01
-5.656348754680671931e+01,1.543139263508395587e+01
-7.261437776165297464e+01,1.182217815345082812e+01
-7.341673502193295064e+01,1.612636299987540767e+01
-4.198588467699971716e+01,1.494532396474978952e+01
-8.506839458072919058e+01,1.341930710972320995e+01
-4.587611078653935692e+01,1.001829688811903551e+01
-5.700544726869959788e+01,9.768803684654038477e+00
-5.571519263771062214e+01,2.470556837079064394e+01
-1.718557739854258273e+02,7.892528141004845565e+00
1.661096573646534580e+02,6.011763450428110112e+00
-1.736161753704471096e+02,9.145530403105251338e+00
-1.740868679436290449e+02,9.708073915564320089e+00
1.732575275666696939e+02,1.104806953509519829e+01
-1.737710905190250514e+02,6.944222350439305913e+00
1.798221110352805283e+02,6.576403228337804663e+00
1.712902992729541154e+02,7.089438376307681366e+00
-1.602241125538649840e+02,1.106043923278636854e+01
1.675675474505948443e+02,1.165163747686517581e+01
-1.662299203188840409e+02,1.682694337269172280e+01
1.663438023535772174e+02,1.986672235387851515e+01
1.747997216199705974e+02,1.712720867813775527e+01
-1.687472035536918327e+02,1.893535618613302063e+01
1.671216898634010590e+02,1.698237683139143428e+01
-1.741951511986895298e+02,1.728986464677306856e+01
-1.768054705588024547e+02,1.349028985946968184e+01
1.730884344502149190e+02,1.183758125044617060e+01
-1.688924608324673500e+02,9.858496786727913630e+00
-1.776885719162678754e+02,1.043804725203740880e+01
6.789055205747990840e+01,7.557188005278387521e+00
5.962458755005553712e+01,7.906883462159171927e+00
6.680521378917651987e+01,6.857227783362596085e+00
6.779108275875736922e+01,1.210903605949436113e+01
5.405130451426931870e+01,1.175165624800507480e+01
7.436677460741098855e+01,6.203853734518609997e+00
5.645084853329474583e+01,8.145346483548136618e+00
7.155684225519377151e+01,7.102475946690858244e+00
7.140609670572010259e+01,5.571392610159098702e+00
5.423541818016094851e+01,8.168366634496919687e+00
-1.593057452020646281e+02,1.561768624548841089e+01
1.777730656705453214e+02,6.348708042986340949e+00
1.559891678909626194e+02,2.664962537765885742e+01
-1.736599411794803700e+02,2.013947016622168462e+01
-1.747758156966345950e+02,1.795951797622762314e+01
1.631177615508765939e+02,2.339628611014766335e+01
1.778344126124508477e+02,1.352731760679844442e+01
-1.754931441109733328e+02,2.281283849114945639e+01
-1.791574747021417124e+02,7.092888220859432380e+00
1.791563498237448755e+02,2.061754477548332432e+01
-7.479105302629834284e+01,2.407536072732050414e+01
-1.772407203718127633e+01,2.407936666810312687e+01
5.885152135635420478e+01,1.006807197287619360e+01
1.185359152958697848e+02,2.536574075895322267e+01
1.413709567937071654e+02,1.908620940712851777e+01
-1.406819833062031080e+02,1.317921213698969929e+01
-1.005817475801233343e+02,1.320191612415107052e+01
-4.825636440809548589e+01,1.677410268871146926e+01
-8.643176295923298369e+01,1.186353494598525415e+01
-8.867955996329834534e+01,1.629147186415018211e+01
7.335630234016743145e+01,1.231139062784806271e+01
6.723117987477979796e+01,6.909062474852151858e+00
6.207625765965087083e+01,5.438674896292928551e+00
5.547595178685686790e+01,7.926370535281952456e+00
7.588530323659138332e+01,1.342902996931237425e+01
5.028084492931751726e+01,8.883406097281287828e+00
6.815013267757485949e+01,9.633392968606544926e+00
5.985596751381999070e+01,3.920755028827736410e+00
5.791446136667907751e+01,6.548141324236695482e+00
6.276938258569559537e+01,8.500124705594389596e+00
-1.727219293643966864e+02,1.371575845045298259e+01
1.764188742770608940e+02,1.356930973035411547e+01
-1.706228050980016917e+02,1.029143551777563381e+01
1.780270859459484427e+02,7.194352154823207890e+00
-1.767955634058489807e+02,5.460523117108876612e+00
1.781279498587277317e+02,5.363237281737716522e+00
1.669481238992197234e+02,8.320777458724743170e+00
-1.651808996449939571e+02,9.662878119593536042e+00
1.723793374261069573e+02,4.515654763635318147e+00
1.784995291598162623e+02,1.091834406330816520e+01
-1.620677671700384792e+02,1.299504528654713376e+01
1.714406110876679747e+02,1.565203509719284369e+01
-1.664326746626039721e+02,2.027889137871496317e+01
-1.788344782980857133e+02,2.292856714946745100e+01
-1.767440540007644927e+02,2.052824901425024606e+01
-1.684210633106041541e+02,1.351012708820407937e+01
1.690708718912630957e+02,9.723254632490393234e+00
1.785102992451687953e+02,1.125125560310086037e+01
-1.728305849187172498e+02,7.782308990754486899e+00
1.761892830430037407e+02,1.477650845941957769e+01
1.563987916682552282e+02,8.949625459896211055e+00
1.710581148362458634e+02,1.143775402428143551e+01
-1.583446814860296854e+02,1.482118369603057495e+01
1.586413589783984435e+02,9.985893998731450338e+00
1.788401241814008529e+02,1.213262708512936427e+01
-1.711928389304246423e+02,1.307570564234290700e+01
1.796316177834484904e+02,6.491499427194447946e+00
1.706628641712383398e+02,7.860154529550491986e+00
-1.730500542025062600e+02,1.393011218672913287e+01
-1.799348244994628772e+02,7.644671640467112894e+00
-1.774497297820492463e+02,1.373594874333365112e+01
-1.737609464072494347e+02,1.467121063578363582e+01
1.716436646437967397e+02,1.304198068835792768e+01
-1.635990603923873721e+02,1.103386361937087834e+01
1.684549070324530078e+02,6.769441820339967997e+00
-1.764405219236028302e+02,5.608029073894587491e+00
-1.677969742130047734e+02,8.752503694826847536e+00
1.770519700462199069e+02,1.608487271422980314e+01
-1.742293185557910817e+02,1.381054318361723254e+01
-1.759505026085990096e+02,1.570008123944838729e+01
-6.343111205847610989e+01,1.290589291509410330e+01
-5.469344588372894123e+01,2.041434753325494711e+01
-7.772834133503937437e+01,1.556320985477545094e+01
-5.995764243532636328e+01,1.504634594774512735e+01
-7.019321676950251288e+01,1.474177105217350636e+01
-5.433555294382024670e+01,1.863079280164876650e+01
-6.491286740093347873e+01,1.485845929795976694e+01
-7.994275274746657090e+01,2.078884160830909167e+01
-5.120803340310479257e+01,1.120145970539640068e+01
-6.830293934510812903e+01,2.643205097652423774e+01
1.786843433247512394e+02,5.763098122614351837e+00
-1.767427027370152075e+02,6.698080075051487725e+00
-1.770786499218003200e+02,5.098575518242727256e+00
1.747157632654824511e+02,6.540928130585774269e+00
1.791199900708276118e+02,5.796270234224539131e+00
-1.771863434358034226e+02,6.456838085810063355e+00
1.759393663892146833e+02,7.107269048249412080e+00
-1.795231264409308665e+02,6.657273645588904998e+00
-1.717450087307219064e+02,8.472803197488856242e+00
1.791819082270172316e+02,8.339075909283257815e+00
1.758362084326512047e+02,5.988134989025722277e+00
-1.678807564686720752e+02,1.454453678631740488e+01
1.606681229731505027e+02,1.411662551662484688e+01
1.774061641666585558e+02,1.400353532394946221e+01
-1.598585231380261291e+02,1.579643210621071603e+01
1.576482448336306561e+02,1.195569790492578832e+01
1.609197615923926605e+02,1.288011032122474120e+01
-1.409119471421373930e+02,1.814034748860016677e+01
-1.510002058294010112e+02,1.523416472363195417e+01
1.430645099977369910e+02,1.542376875101873068e+01
6.630458938451118911e+01,2.146431524267060809e+01
5.944482592015196332e+01,1.875765832822469648e+01
7.376547265036710144e+01,1.470645126681681170e+01
6.928228298777059990e+01,1.427752946249399457e+01
5.732762731786462496e+01,1.218762188346985198e+01
6.523893425799238344e+01,9.427667371003241925e+00
6.729280061931272883e+01,9.585294290833113351e+00
6.107385632626743899e+01,9.644378394038980673e+00
6.862341053535310209e+01,9.724673477836127233e+00
6.594090684424696747e+01,1.255831940738777419e+01
-1.737430013681691037e+02,7.122896522857320889e+00
1.714056409119801856e+02,7.030915009445935837e+00
-1.741542005636176214e+02,5.545430428374248599e+00
-1.777751479244654718e+02,4.195787732929939118e+00
-1.796429215414158307e+02,6.502909133143754516e+00
1.779818107984393691e+02,7.017498199127698122e+00
-1.772517588969053008e+02,9.572356261692373636e+00
1.761477983894759518e+02,1.035153993825574403e+01
-1.796529709923075870e+02,7.405453392460884743e+00
-1.761206775476094890e+02,5.129654524412451622e+00
-7.764137471443636684e+01,1.061846057367705143e+01
-6.091714749822241970e+01,1.300035008967157779e+01
-8.144126182812127013e+01,1.054399879890716285e+01
-6.198230183688799144e+01,9.487381290585167548e+00
-4.530419737283884274e+01,1.444485956486949263e+01
-6.419092158918239477e+01,1.540271899389845345e+01
-3.921075237272432901e+01,1.970698324951967706e+01
-8.530939970507726855e+01,1.466226997623436823e+01
-5.143034270525554774e+01,1.080914724583928788e+01
-6.470889591575839006e+01,6.552459660766093208e+00
-1.681808079519401531e+02,1.870926542081100052e+01
1.670117121327014900e+02,8.581789588280798853e+00
-1.743653868530075783e+02,8.568825404663375167e+00
-1.717854379581882256e+02,6.122872960297755185e+00
1.646001330077100704e+02,1.782319790875800791e+01
-1.770142329673210213e+02,1.163093831046511362e+01
-1.797639096342397238e+02,1.518497180666638435e+01
1.720121574946055318e+02,1.118760049834681425e+01
-1.636782469134963662e+02,1.678662219749804763e+01
1.729081224356209532e+02,3.279350162739981922e+00
6.857652950881686138e+01,7.039502183953647574e+00
6.705363468789519743e+01,9.312869654430389943e+00
8.209441152078915138e+01,1.309056590225757866e+01
4.494550856261563609e+01,1.665811267058788303e+01
7.397325340047298425e+01,1.422188636645011073e+01
6.215158512198870966e+01,1.446804164759131339e+01
4.940282193011772449e+01,1.130398821903391493e+01
7.087175306918778972e+01,1.771538170027554315e+01
6.064042232207895466e+01,1.827199773436267449e+01
7.063642386281313179e+01,1.843792125812554872e+01
7.566057145349539326e+01,1.386579449955517518e+01
5.679975889559164415e+01,1.135295610142528488e+01
6.343701501471451820e+01,1.162406973468181093e+01
6.037412386951901055e+01,1.206194443537352967e+01
6.220513139381000656e+01,9.909912826598905156e+00
6.318281632123872527e+01,1.389399599396872631e+01
7.117057467402261750e+01,1.468514279532026734e+01
6.549292284869464709e+01,1.399735315182737949e+01
5.967517873649710936e+01,1.471331007299535898e+01
7.141536519372345992e+01,1.547843294174587570e+01
-9.613324927871863679e+01,1.482816798519935553e+01
-4.495623513736943977e+01,1.301998211206294620e+01
-7.769545205090946638e+01,1.176421311969435024e+01
-9.749488496567504114e+01,1.806608950634264232e+01
-5.054912811929808925e+01,2.003287993249810484e+01
-7.074511386097701404e+01,1.094835877600468699e+01
-8.505489011681009970e+01,8.692835704705492716e+00
-5.634769912224899713e+01,1.436109183610620121e+01
-8.548707103481056890e+01,2.203424050450926330e+01
-6.314141948807171900e+01,1.289344496804126905e+01
-7.532102401756581855e+01,1.154903160786360772e+01
-6.439066166440763084e+01,8.565860758944616293e+00
-5.431096527894592896e+01,1.579546166752268732e+01
-8.574851288673779948e+01,1.388333704004041813e+01
-4.563385210550875115e+01,1.407692950689168399e+01
-6.427862685664256048e+01,8.891700748987943825e+00
-8.004792727377470385e+01,1.719440068589971915e+01
-3.758651877208961878e+01,1.464312796647385539e+01
-7.039709618377256106e+01,1.147260956038346258e+01
-4.890033304611299059e+01,7.424889792240472630e+00
1.773626305568858470e+02,4.079830731662117849e+00
-1.752917032499857726e+02,4.034547916215347030e+00
1.743404675966577031e+02,2.635139566226585739e+00
-1.749939706205324228e+02,7.014500731559817126e+00
1.730620820570989906e+02,4.142490086981063691e+00
1.736011353375982651e+02,3.907440449293445361e+00
-1.741093670108797937e+02,3.789101749122011142e+00
1.737466108697103095e+02,6.163052820971702594e+00
1.775845853477227365e+02,8.454842260108433649e+00
-1.737502399117260552e+02,7.748517101999262024e+00
-7.952881133202110675e+01,1.944868553238420361e+01
-4.659013024657432567e+01,2.111622241093578367e+01
-5.832096303369279156e+01,1.934990342794530349e+01
-9.019166331593953601e+01,2.136789818919056216e+01
-4.604912198958943748e+01,1.745274476711726663e+01
-5.859768277791866353e+01,1.162269081463354681e+01
-9.191127105323209889e+01,1.854253422314403821e+01
-3.631968915587933111e+01,2.566210549810320884e+01
-6.147674224690105405e+01,1.868738413972478796e+01
-1.023683316622455379e+02,2.252605696014926906e+01
-1.778939915135531180e+02,8.996057480816240570e+00
1.763126435004599273e+02,9.640443012777963006e+00
-1.791535066815952462e+02,1.076882914261187807e+01
-1.729365424418641055e+02,9.646921519942388557e+00
1.720122132383720555e+02,6.326515863181112920e+00
1.780778994993690674e+02,8.000942719199679587e+00
-1.617196344401255601e+02,7.480744011229525370e+00
1.665274018803834508e+02,9.397542742930273363e+00
-1.703241779028734584e+02,7.279122613116385310e+00
-1.772434742976931261e+02,7.963339913056261210e+00
-1.793638055448811315e+02,1.050292517896487432e+01
-1.718481225003871771e+02,5.819976127476844674e+00
-1.675575145577988394e+02,9.089382136679292401e+00
-1.761116398152029490e+02,1.120895217250901510e+01
-1.775004317356581680e+02,1.048515870856837573e+01
-1.787372067120589918e+02,7.509561593157803472e+00
-1.670066501358523965e+02,1.052442708098175395e+01
1.790187802454720440e+02,1.350121723288249065e+01
-1.655671930434139654e+02,1.612598182276249759e+01
-1.667799194549617141e+02,1.220814127466394439e+01
-1.628636387182147303e+02,5.353131553545402710e+00
1.658221026843417576e+02,6.143756088899607448e+00
-1.691561667299305611e+02,6.522600273929665349e+00
1.679628517417066291e+02,7.843078712487995929e+00
-1.699375285534021884e+02,7.589422518405006812e+00
1.756243174653080814e+02,6.082998434115941322e+00
-1.733545732139504310e+02,8.370964830099898890e+00
1.628782355403832014e+02,6.019076088698483318e+00
-1.588533787280725562e+02,7.907024130709189080e+00
1.699712148685550233e+02,6.726165490522999058e+00
1.769627835545879861e+02,9.875436170325764706e+00
-1.769200101736425665e+02,9.374351511073339083e+00
-1.790091286000142645e+02,1.297018829096334791e+01
-1.791819693988404083e+02,7.349246330733727461e+00
-1.732260045171923650e+02,1.206515785151282572e+01
1.704807884923948791e+02,8.528384393800431340e+00
-1.635553313110052613e+02,1.027039864809833603e+01
1.704774302346972377e+02,6.856394863578637811e+00
-1.797056467323519655e+02,1.311511624664969133e+01
1.743447225561585299e+02,1.402921915012479559e+01
1.791271203799002194e+02,9.140131451933948270e+00
1.757848794393579510e+02,6.900474639297810242e+00
-1.681635514275053822e+02,1.296383514025629324e+01
1.713618224136581318e+02,1.587869234218539916e+01
-1.681779868827150608e+02,1.263770505041079417e+01
1.671712420426329118e+02,5.648684922659970020e+00
-1.771350792915820023e+02,6.472356310500137155e+00
1.772130167627386470e+02,1.036438117484489396e+01
-1.724638379727209099e+02,1.057364088256359835e+01
1.663548914078216967e+02,1.055042022569956472e+01
-8.155464012194862278e+01,1.512975893616450485e+01
-4.406422299475529769e+01,1.583670881632979999e+01
-6.946196154953489099e+01,1.252123669201716361e+01
-6.564437537809639878e+01,1.445426102367702370e+01
-6.025053411458252839e+01,1.606551216364382029e+01
-6.977923702079566226e+01,9.636556408952325015e+00
-7.660071109356262298e+01,1.945547278142898051e+01
-5.638129240907291972e+01,1.522736064410484680e+01
-6.273651155325801909e+01,1.015450055210787639e+01
-7.221718762277041037e+01,1.353527336977498052e+01
6.291344764577723936e+01,8.042101077338211113e+00
6.478240788574142073e+01,1.202365106518897164e+01
6.650803291391716243e+01,1.155327209719249026e+01
7.879578103035643721e+01,1.062309885756165428e+01
6.242039884351625290e+01,1.104856243031588292e+01
4.660299429283329431e+01,1.074526138892986360e+01
5.695315342507500844e+01,1.332046192350705738e+01
5.931103791874351572e+01,1.946103081925741662e+01
4.967128298432248812e+01,9.275276303610009876e+00
6.634588393903484871e+01,1.454065098924596455e+01
-1.730850184395817450e+02,5.084279937064808408e+00
-1.746036483705767637e+02,1.625930195528173172e+01
1.650742883787129074e+02,1.631085935015515531e+01
-1.723742539781283654e+02,1.216070550502952408e+01
1.741001356304688841e+02,5.948758500451853948e+00
-1.760775481429577667e+02,3.525052861566794871e+00
-1.696484508507124929e+02,9.042140220034724507e+00
1.673250212909195795e+02,1.128574112815815589e+01
-1.726461134056926596e+02,6.225487411340804300e+00
1.799875279850524237e+02,6.027944750765374060e+00
-5.313950263862431456e+01,1.071791302118675659e+01
-6.957177592155359491e+01,8.149676112929370220e+00
-5.289821022794052396e+01,1.249507389228806709e+01
-6.704955441152006301e+01,6.870345608867910236e+00
-4.401779350076035513e+01,1.160888136809949955e+01
-7.102446877478902820e+01,8.990123816427018966e+00
-5.482651173824736190e+01,9.611218597857689616e+00
-6.984587590472594343e+01,6.656657758596857377e+00
-7.873685569193732192e+01,6.998538012112775597e+00
-4.511835393558707352e+01,1.164852619658372390e+01
1.777168482068011315e+02,1.673079950031492302e+01
-1.798497122608444272e+02,1.385471486308621536e+01
1.799506423429978952e+02,1.159265318479954132e+01
-1.686584128197125665e+02,1.478980684275729018e+01
1.615129785423749524e+02,2.013309203691212090e+01
-1.664462513715044736e+02,1.532483898544994005e+01
-1.774831239921203689e+02,1.303405729326032159e+01
1.574067991034534373e+02,1.577916451322978375e+01
-1.708461201103109204e+02,7.430676025551194996e+00
-1.770212945885667466e+02,2.261662336268013718e+01
1.739805868631466979e+02,8.802567802472735181e+00
1.730336176594237543e+02,7.195142410084494067e+00
-1.744813476347866015e+02,1.000522921600154014e+01
-1.779591997163345241e+02,6.441882305082573978e+00
1.776036887695675830e+02,8.384076540043906789e+00
-1.563931303966395205e+02,1.588902537924511549e+01
-1.768769079541750671e+02,9.234268115039110825e+00
1.788705525858750320e+02,1.607884218151937716e+01
-1.670148388059482443e+02,1.831833158604187872e+01
-1.770125138577472228e+02,1.945301156577735568e+01
1.682611632810944116e+02,6.983975369565612823e+00
-1.653049946690226477e+02,5.623660963305598059e+00
-1.791066214026722321e+02,3.928899679513926380e+00
1.752772854375597262e+02,6.075877529202702299e+00
-1.636768332610386381e+02,7.741959563483396423e+00
1.649817492807995905e+02,8.994033351212440408e+00
-1.699949092604458656e+02,1.166889184129305512e+01
1.731511640732199453e+02,8.407067263532049139e+00
-1.770528219308843632e+02,1.203553406246457591e+01
-1.708229625913415077e+02,9.938645572004586981e+00
-5.361844975039061012e+01,1.075671261861992889e+01
-7.418366665001543936e+01,9.698428561427318684e+00
-7.360027527330822750e+01,1.148179519623495004e+01
-5.846833756566394413e+01,1.087342951405896763e+01
-5.834774376722519662e+01,1.238637854080780443e+01
-8.986089580288248158e+01,1.572192204831604201e+01
-6.482803634068564236e+01,1.208762924101164771e+01
-7.560469548207177581e+01,1.713981042666722843e+01
-4.912859235714956441e+01,1.562078337323917765e+01
-1.034780712060146612e+02,1.985210984273967227e+01
1.759736435445359461e+02,1.207194376930229751e+01
-1.797314661560693878e+02,8.422463504793466171e+00
-1.751499482315434193e+02,1.202446726163179669e+01
1.768064984993919495e+02,6.597956697852335850e+00
1.763101618252153173e+02,1.330738718626442640e+01
-1.775460042995119920e+02,1.148084845035065271e+01
-1.736497593752373234e+02,1.606012751699510943e+01
1.725951891944799002e+02,1.578353720321372933e+01
-1.665594971745344139e+02,1.247033129508097105e+01
1.769894993943022143e+02,1.542524674074570612e+01
1.719179987666660736e+02,1.004144494498827811e+01
1.751364950966635377e+02,1.341095531796940499e+01
-1.711050888341045777e+02,9.755820961199022534e+00
1.702980471287984585e+02,1.294290531853391357e+01
-1.767500055978852629e+02,9.806002286751478891e+00
-1.718725237630351330e+02,1.715351088352774056e+01
-1.735852516620147696e+02,1.753145027258655020e+01
-1.693614097156352329e+02,1.509298878959817003e+01
1.670895897123365046e+02,1.442271023427224463e+01
-1.721239729855530243e+02,6.611701828360545541e+00
7.779246787546222208e+01,1.673367521404053093e+01
7.097986155120970864e+01,1.876241949902972550e+01
5.628500019525335318e+01,1.543264622475641801e+01
5.948560088459895212e+01,1.247991006273372427e+01
4.857007006788597181e+01,1.714903271784655914e+01
5.912563423802320983e+01,1.396204050777594929e+01
5.462724945865290493e+01,1.357098117498212453e+01
5.911425259711302971e+01,1.977946793634011513e+01
6.033985576039933107e+01,6.817248630568722767e+00
5.947159964156872292e+01,1.823829731112054375e+01
-1.789941726813954403e+02,5.258732845864360073e+00
-1.772787276457231656e+02,6.036315998131724037e+00
1.721024826528051790e+02,5.479418361245522284e+00
-1.771453351850757656e+02,3.225454878118137358e+00
1.770088525397458454e+02,6.720439381523772404e+00
1.743085294483198311e+02,9.567699795185594880e+00
1.762209879610506391e+02,1.354077117431144828e+01
-1.735551098046871914e+02,1.139119060861535715e+01
1.749310492964780224e+02,8.153172884391548081e+00
-1.781503018265538856e+02,1.205405811667534799e+01
-6.115791334473947671e+01,1.263238414049719616e+01
-6.437512228485392995e+01,8.531701250378954882e+00
-7.518241252467286984e+01,1.498063890993786096e+01
-4.892319977908023532e+01,8.127242391924196951e+00
-8.330128997567091176e+01,1.763086409157677892e+01
-5.766775062785025341e+01,1.366119420272105778e+01
-5.507469855483023480e+01,7.432763147846332075e+00
-6.511427890175848177e+01,1.199600267108272078e+01
-3.797831338396682810e+01,1.278707049972334708e+01
-6.781325357464049830e+01,1.245354173313114643e+01
-5.991533790341809151e+01,1.701045468576026565e+01
-5.795254132298389749e+01,1.001683602974214438e+01
-6.916633820831400215e+01,1.194762710383989557e+01
-7.469732470030933769e+01,1.251665634398550253e+01
-4.854584503976666809e+01,1.354820924847925490e+01
-7.207036061449960584e+01,1.703486273118870287e+01
-6.562309267591379580e+01,1.517081014760420743e+01
-7.405806783293084550e+01,1.147416187005724808e+01
-4.924986926728600878e+01,1.598385590211136531e+01
-7.480814346839737539e+01,1.277135943189608014e+01
-1.701733612955567594e+02,3.708045994945391755e+01
1.680091934973600303e+02,2.123023517774555202e+01
-1.714920183786572352e+02,1.458431680371504591e+01
1.622555890768701943e+02,1.428454089819440043e+01
-1.568656298531586515e+02,1.451229080902231061e+01
1.583203161250612823e+02,2.179062856924624469e+01
1.759076181009951654e+02,1.203162682153083551e+01
-1.751706502370731755e+02,1.660034351238260442e+01
1.771307559117728943e+02,7.760778097739233772e+00
-1.786631255279640982e+02,1.134568429334629514e+01
1.759864401987452425e+02,2.324910760708257129e+01
1.769272056669944675e+02,1.563647718531035480e+01
1.751168952856549481e+02,1.664768203666220359e+01
1.795677377501697549e+02,9.932813826276879254e+00
1.718141216800277107e+02,1.486659744969379560e+01
1.753082013779624901e+02,1.240603339320477971e+01
-1.782767369761051555e+02,1.905143759023007988e+01
1.724544961707711650e+02,1.078112695572374591e+01
1.787583409518443318e+02,8.530879459866055115e+00
1.754236695128565202e+02,6.933052315278205313e+00
8.513755157395181072e+01,1.113500067301199614e+01
3.057165139466750148e+01,2.006920207462150429e+01
7.811073777867879642e+01,1.823241200645991356e+01
4.564976416492238087e+01,1.235023551792152219e+01
4.750433126182113597e+01,1.536784847484798888e+01
7.925368326182750423e+01,1.053943320540088280e+01
6.085939106714527469e+01,1.115892604078395678e+01
7.044720195897875215e+01,1.064541580892988293e+01
7.047941344936316455e+01,1.167445208520649302e+01
6.371160151011152095e+01,7.811547030681753157e+00
-1.577666347113023164e+02,9.809231497988852411e+00
1.653812298998909114e+02,5.642039261912716874e+00
-1.773798389072293276e+02,2.613427445279818961e+00
-1.685184667781788050e+02,4.836012899194702896e+00
1.662728197162451522e+02,6.037297662866603076e+00
-1.668404166721036006e+02,6.385878544651307109e+00
1.661829074099343302e+02,7.070553257597390839e+00
-1.767907859079691661e+02,5.425495177083333509e+00
-1.755774714434335237e+02,4.619401278796731347e+00
1.641717223389952665e+02,1.060246968967477521e+01
-5.636190842708096227e+01,1.227498576443333533e+01
-8.257824763170043525e+01,1.133903017291395798e+01
-6.241052519714411062e+01,1.081582835319583324e+01
-6.638624538089921145e+01,8.023353540522446536e+00
-7.325200840955746173e+01,6.487492103843210955e+00
-5.064352412335329490e+01,9.253840952868277014e+00
-7.439166405804907356e+01,1.080721732471780960e+01
-3.596814129170888208e+01,1.302571755782912177e+01
-7.236466939940164877e+01,8.956668719906300424e+00
-5.325312856375968806e+01,4.262630863839890871e+00
-5.531743939736116289e+01,1.011600844475679928e+01
-7.365651190407858451e+01,8.968690515533038976e+00
-5.908143184724067254e+01,1.188871414744122035e+01
-7.142655051662347887e+01,7.618178043592472193e+00
-5.330239149248696862e+01,9.382682076619818901e+00
-5.997142386342304121e+01,8.849055257148174647e+00
-5.547420096137997803e+01,1.403623089317443018e+01
-5.409744923846282205e+01,1.561154098919417521e+01
-7.622418535620131763e+01,1.179380879580043739e+01
-5.299202172671095212e+01,1.100284275040425896e+01
1.744576758358426218e+02,2.230523302193833501e+01
-1.740406472535088369e+02,1.447840661244292981e+01
1.727056367059745412e+02,9.354371439120624743e+00
-1.762157329106114787e+02,1.020189562272447859e+01
-1.775006393040131911e+02,1.657018844325301288e+01
1.650863900382049394e+02,1.668940342849338521e+01
-1.648535341564990517e+02,1.229320503380080609e+01
1.729983537500515069e+02,9.876617543418269918e+00
-1.741461390198748234e+02,6.091342899890315188e+00
-1.791914819244531429e+02,4.097195233933643266e+00
5.956597912016015073e+01,7.899961725462251394e+00
9.407455935495110566e+01,1.047634089335096874e+01
5.391412499452472673e+01,1.198255584779876770e+01
6.010294134773209151e+01,8.358748239802615387e+00
7.100239314937070390e+01,8.901646099571651760e+00
2.187920364680040919e+01,1.853410631429228772e+01
8.883575031709207792e+01,1.332075303868673544e+01
1.258304941168801747e+02,2.091852532288178779e+01
-1.790300579596321597e+02,3.914417266825394925e+00
-1.506014281979263387e+02,1.031748569285038641e+01
-4.508961868217193825e+01,1.242262089450077767e+01
-6.655985879875531452e+01,8.098536320898270802e+00
-7.860756828557562415e+01,8.293032300276871993e+00
-4.556636532900320447e+01,9.627375621805011718e+00
-8.346622730203205265e+01,8.357605228623166127e+00
-5.318630550043756244e+01,6.911359581412316544e+00
-6.319115024636199252e+01,6.459713288708488044e+00
-8.272537239082390670e+01,9.221906477269232738e+00
-4.853862755816355445e+01,8.929782121329424172e+00
-6.317531279996502036e+01,5.405689472882887259e+00
-1.795565636003749148e+02,9.682450611597820611e+00
1.683372366477879609e+02,6.259617236938971097e+00
-1.773263367821840575e+02,8.039252806781481908e+00
-1.703956342356856055e+02,7.658416258307489954e+00
1.646831079265317328e+02,9.431917934107046264e+00
-1.615382009256853451e+02,1.144160166447701421e+01
1.614381560010952228e+02,7.342926420207698257e+00
1.765325630377842572e+02,6.255725083115667218e+00
-1.553645223468665506e+02,1.089421915472659030e+01
1.701686570052296474e+02,1.330201337179839172e+01
-1.639672116448920463e+02,1.348090244769570489e+01
1.734633862457476141e+02,9.782804560495030444e+00
1.696890570228213733e+02,1.062311521088938981e+01
-1.615949049373634523e+02,8.876447516531481341e+00
1.781775361834822604e+02,9.428281105291567599e+00
1.724979422647761851e+02,9.560038359480268255e+00
-1.795575082852348601e+02,7.544063674660145935e+00
-1.784747050977613299e+02,5.790845259334503226e+00
1.792182969341210423e+02,1.097329041132551097e+01
-1.731855173215468824e+02,8.282566326927865319e+00
1.754874895842015974e+02,5.452086538250614289e+00
-1.770965128409275735e+02,3.986958425147349772e+00
-1.761425069766209504e+02,5.938547844032682654e+00
1.794939310817773617e+02,3.861551712302192740e+00
1.747028661531695946e+02,5.750207932297183078e+00
-1.715204944111738428e+02,6.110439642848586317e+00
1.714946114983595749e+02,5.470413112514751930e+00
-1.681699575804659617e+02,1.193759782419379434e+01
1.539616521769373207e+02,1.237924857190915517e+01
-1.541056757957880166e+02,1.356311015733098913e+01
-1.646982214357338705e+02,1.829185289119960345e+01
1.784393717868810256e+02,9.741971465764546423e+00
1.754666247271535156e+02,1.099981172367208160e+01
-1.629228671666151342e+02,1.462037641414521261e+01
1.788438840679664565e+02,1.157654146229592662e+01
-1.781713568803181147e+02,8.626008678071221070e+00
1.764040430463099085e+02,9.025899322160118032e+00
-1.780634140806573669e+02,8.736825805512047793e+00
1.729443430148338052e+02,5.881327762253802938e+00
1.673301103514863257e+02,1.889649720243277287e+01
7.896463897508589014e+01,9.734702821573861797e+00
4.611257085131115474e+01,8.828411653001406734e+00
9.314258768544877398e+01,1.204680813355231450e+01
7.088349827032122619e+01,8.120444021324296102e+00
5.596516020292722970e+01,9.173802360522941512e+00
8.954854821581150759e+01,1.434651715079866108e+01
5.039576326580156973e+01,1.047633536968116630e+01
6.944759038387364569e+01,8.040258266862096548e+00
7.039196140539858959e+01,1.114629671027406488e+01
5.059510865441379934e+01,1.306185054180672367e+01
1.781415850211588463e+02,1.101630247955677433e+01
-1.538391726620473321e+02,1.110459372794311506e+01
1.662614793197483039e+02,1.473742339416971880e+01
1.728044608315772450e+02,1.854438069459469673e+01
-1.547681541031373627e+02,1.637236707713732287e+01
1.706499861219764398e+02,1.466621621178841650e+01
1.713852187472010655e+02,1.147599934717414527e+01
-1.495767978265789111e+02,1.400543339332805814e+01
1.702683677879664685e+02,1.524489263985515208e+01
1.627563789347144336e+02,1.160327960682000459e+01
1.761063810612249938e+02,1.605197366101635836e+01
1.752420841561644522e+02,1.502817733300669545e+01
-1.749406269524120603e+02,1.414904942550048261e+01
-1.782409458689264170e+02,9.790090821613290473e+00
1.783957621439307673e+02,9.349345053313550480e+00
-1.762874003355244099e+02,6.698233728442524182e+00
-1.793265519512943627e+02,8.258056283682332577e+00
-1.712381948371305498e+02,1.022417420091833762e+01
1.749613708806272427e+02,1.032934705953259069e+01
-1.711488266055379484e+02,5.524480618431224954e+00
1.769791517075443039e+02,8.951259009778514297e+00
-1.761036243794254972e+02,7.809231843254956118e+00
1.796036585878596270e+02,2.631121859859959500e+00
-1.777320873426287449e+02,1.133240792583139722e+01
1.766576527777804984e+02,1.125083774181882745e+01
1.798297720395922283e+02,1.269922325753665326e+01
1.773850270037127075e+02,6.933336926147467771e+00
-1.675778260993984361e+02,5.088365393653347724e+00
1.663676406072618477e+02,9.415308522776989264e+00
-1.690279339838072588e+02,3.970003925135202394e+00
1.770888367900930405e+02,5.784509575760433009e+00
-1.787898017158540256e+02,7.391348918364911036e+00
-1.796044249575885203e+02,8.880315749186289409e+00
1.767565328621494416e+02,1.286047791616242186e+01
-1.763459551234684568e+02,7.456725821715897595e+00
1.789879023541985248e+02,5.771206284352934368e+00
-1.796221599501674007e+02,4.789569694069248484e+00
1.797091672439555907e+02,5.220548350714639518e+00
-1.732634877856653191e+02,7.859236373905980955e+00
1.680319494995570722e+02,1.484897634927889776e+01
7.620935966814950291e+01,8.266700133452284049e+00
6.023966005787704603e+01,1.099011377286158186e+01
7.640518704535000438e+01,1.002120678859737879e+01
4.560046887993842546e+01,1.016711095996422820e+01
6.092407610615511970e+01,1.244087859244659100e+01
6.736103833812681785e+01,1.301031329448319340e+01
3.608335503319536741e+01,1.282524401536775471e+01
7.433747744995163487e+01,9.557007057691663476e+00
5.645625524603995871e+01,7.205856324795812284e+00
6.695248527740851330e+01,9.382061632266507800e+00
-3.765332448960803191e+01,1.083097832157679719e+01
-4.723702476745659595e+01,1.359057732366943760e+01
-5.293139443916147968e+01,9.770485123332779409e+00
-5.623710471024988067e+01,1.464830054635145018e+01
-7.482035686043616352e+01,7.430196156659885531e+00
-5.893610653801506771e+01,7.911831308364414284e+00
-5.860822870438229160e+01,8.338472413581262899e+00
-6.623571180710526107e+01,1.036415838213603813e+01
-4.873998781608126052e+01,1.044512481968701678e+01
-6.958496705964991236e+01,1.119438498981036290e+01
1.626469992480721487e+02,1.120891375634240106e+01
-1.588040290449310987e+02,1.602602585319201012e+01
1.608218539714987116e+02,1.469731629972935849e+01
-1.676930386827924053e+02,1.193673083699851212e+01
-1.780499822375894041e+02,1.284862352656364592e+01
-1.770515104321575848e+02,9.179141703231019633e+00
1.734360675117447386e+02,7.683522611359901333e+00
-1.686262353243327823e+02,1.432882999378085742e+01
1.733399574307437092e+02,7.963223901184569797e+00
-1.770763782822529322e+02,1.493338254750365834e+01
-1.775311598748690756e+02,4.448011679065302815e+00
1.779756713169158218e+02,1.007839335514664469e+01
1.736911039758941797e+02,9.908712983820963771e+00
-1.753301885327226728e+02,8.278518110291923193e+00
-1.794588892741543305e+02,7.349468159491348018e+00
1.757562469224988604e+02,5.292775247960767260e+00
-1.695522984561035571e+02,7.798792295929214191e+00
1.712544297832532720e+02,5.459541847971245865e+00
-1.756145924580539486e+02,4.804666477385840295e+00
-1.624236251295444902e+02,7.048801341261252240e+00
-1.783760722095270239e+02,2.125904851990769373e+01
-1.689129710981908374e+02,1.113510401693174146e+01
1.776604901330823623e+02,1.068194867781433821e+01
-1.726938441250540563e+02,8.251935338010513377e+00
1.712874778925364581e+02,7.772641369110880660e+00
1.792370560486566262e+02,1.451180562313619760e+01
1.749464624578343432e+02,1.509916791302084782e+01
-1.604882493831078705e+02,8.500551268237998670e+00
1.501805456262810594e+02,8.373014049939111914e+00
-1.668979986700458653e+02,1.176708243556704225e+01
-1.617112549102245964e+02,1.689213539628145355e+01
1.743806921414359579e+02,1.155215580217826243e+01
1.641071274388377219e+02,1.281226346505648195e+01
-1.707588882014526348e+02,1.386127783370602806e+01
-1.771651844423443549e+02,1.442680784692662499e+01
1.679377469585805045e+02,9.199185212906353826e+00
-1.708470133611161828e+02,1.331793983581109231e+01
-1.722104542556665763e+02,1.208404386789949747e+01
1.656091966537802023e+02,1.091055519481750125e+01
-1.698056933710351757e+02,1.001952334175546433e+01
-1.775311628083340736e+02,6.354520863439660161e+00
-1.772345172994251925e+02,6.204684540646398183e+00
1.739016566531057606e+02,1.563328629104341161e+01
-1.684235853010191875e+02,1.374620666991257067e+01
1.773086106091068643e+02,8.527058817839892058e+00
1.745208776580919050e+02,1.159289748685857546e+01
1.759193935959073656e+02,1.249489578086796904e+01
-1.740002322714232150e+02,6.996975403640657731e+00
1.693525525968892964e+02,6.163330337320209296e+00
-1.509265498966948940e+02,1.597990794799643055e+01
-1.796458069825208383e+02,1.017390448952546755e+01
1.693614622037811159e+02,8.050528831486523984e+00
-1.672652296000085812e+02,1.887401350872656991e+01
1.591499113844273268e+02,1.309580011331326865e+01
-1.572793328037507479e+02,1.214353613051606118e+01
1.706619740580390499e+02,8.165172651367115009e+00
-1.756047009609997929e+02,1.212357143995762421e+01
1.752817710793437982e+02,4.879857095441018089e+00
1.799598930960716530e+02,1.132255387584593898e+01
-1.717560696939764853e+02,1.178463437203394548e+01
5.363980033918721801e+01,8.255112331589074870e+00
6.864433864594710144e+01,8.847091118675848520e+00
7.605078652773012493e+01,6.549789135633496073e+00
4.738702692160637753e+01,1.326005903070178960e+01
6.972007026375497674e+01,7.620809804115197039e+00
6.241389278298348842e+01,8.588341437541235024e+00
6.852668469332147083e+01,1.427615473097924692e+01
6.403924423336924576e+01,1.180826777358012691e+01
5.201856770104379990e+01,7.045710245173418151e+00
7.307031922351349351e+01,8.054182948536507070e+00
-1.698587080585398610e+02,3.999607403939993588e+00
1.641179612461470469e+02,8.804426193718766669e+00
-1.749117252996713887e+02,7.324626194437809268e+00
-1.627864975932040750e+02,7.796936836647981650e+00
1.660343748192948397e+02,7.157694769070170437e+00
-1.777534573699076645e+02,5.561304203280980296e+00
1.795948368583488843e+02,1.102153488557927830e+01
1.641918842600995845e+02,9.072693123938044835e+00
-1.639826454223897088e+02,8.920814501827468490e+00
1.770536965430616760e+02,1.110597337610146562e+00
5.650411669703202477e+01,1.359134663166842927e+01
7.560150088928482148e+01,1.099153073691794447e+01
7.426287055354490008e+01,1.322950988189878885e+01
5.841075803257647436e+01,1.676654778233285015e+01
6.564575892196400275e+01,1.192202018965133270e+01
8.059530745476953939e+01,1.420686507809761778e+01
6.270811591814747032e+01,1.245724805832515969e+01
6.008136418239071475e+01,1.179260792896182863e+01
7.006400790740440243e+01,1.346104536862687340e+01
6.363847981378722807e+01,1.007222157239523597e+01
6.814228168305592703e+01,1.489697564138522523e+01
5.596346012851684293e+01,1.225265337699214996e+01
7.043056038533879359e+01,1.387263929325000689e+01
7.124025218460094777e+01,1.557209424633991901e+01
6.747915944414666001e+01,1.177945966999372729e+01
5.992537017789597087e+01,1.155957306917509797e+01
7.407501508267058909e+01,1.130810476155326505e+01
6.553893691218080164e+01,1.025228691929444480e+01
5.467547996358165818e+01,9.285887546231164080e+00
6.970209304053823018e+01,1.030397925133034320e+01
1.629788491514252087e+02,1.770497107909733359e+01
1.721609812211084147e+02,2.055499326855586162e+01
-1.606526788242001089e+02,2.035350877660079050e+01
1.656157167530442109e+02,1.858783313771873580e+01
-1.786260244577987635e+02,8.099267552396922198e+00
-1.721346235182220710e+02,1.491259975069176846e+01
1.691407838067586624e+02,1.071829174477920610e+01
-1.648728826264674012e+02,1.826853922990753176e+01
-1.753414586219121531e+02,1.527632820157901783e+01
1.769904933890513803e+02,6.809189049262797333e+00
6.503784988788130761e+01,1.005164420654685564e+01
6.795174366764776153e+01,8.780111491856258610e+00
5.895390698859738166e+01,1.876077747532823281e+01
6.688080164486056844e+01,8.006818355854477431e+00
7.724462728086548680e+01,1.481870248166462289e+01
6.397635335999515149e+01,1.517768573556105594e+01
8.928582565295654661e+01,1.569633499602895910e+01
5.542275160305354831e+01,1.948086529756329455e+01
6.663148482898429847e+01,2.060522259472505979e+01
8.290032438431164508e+01,2.199906722684045235e+01
-6.938274813089756776e+01,1.799897973705724397e+01
-5.913886905845101438e+01,1.181336289142602780e+01
-7.121475488780347973e+01,1.322395988289135893e+01
-7.514832236066291671e+01,1.762629326578013433e+01
-5.018133813875802218e+01,2.292162481315601497e+01
-7.850385764282991374e+01,1.507974511611724999e+01
-6.401174182575476834e+01,1.336830734546593114e+01
-5.599360504237893110e+01,6.169997311109717053e+00
-6.856881130972031713e+01,1.437459091648321774e+01
-5.659428290191502953e+01,1.185790133944919233e+01
-5.851702015334524987e+01,1.247586611829658310e+01
-6.577038267877311739e+01,1.148986063262787205e+01
-6.328400801153588873e+01,1.169150107993119470e+01
-6.552546940660732844e+01,7.799651424229846697e+00
-7.217319359141245627e+01,7.652658141924295165e+00
-7.051863375380590071e+01,1.553356573601098489e+01
-6.955960315419233098e+01,9.409552021866410598e+00
-5.919116351167023282e+01,7.041237624228063652e+00
-6.411597656425678338e+01,8.885800145867877475e+00
-4.802806345349879535e+01,8.717254170569827210e+00
-1.775638969915435155e+02,7.690238611937967761e+00
1.697507176239364242e+02,6.119083703800939134e+00
-1.653409486544363745e+02,5.617335268722847275e+00
1.613767473114696998e+02,4.872125506623996571e+00
-1.686287529234841429e+02,6.710910781117603641e+00
1.791115902505234203e+02,1.057666631150892655e+01
-1.784995882342745972e+02,5.715258734862921131e+00
1.791054438098340711e+02,7.703368352796680085e+00
-1.731093084715247130e+02,3.982431638882498071e+00
-1.783652452596932108e+02,6.728339667480907060e+00
1.713522393936066806e+02,9.247766793553793718e+00
-1.727183615749201806e+02,6.420233456758385415e+00
1.797976436617263403e+02,3.521503406379051349e+00
1.709875779935126445e+02,3.355702954869672627e+00
-1.744185832495304851e+02,4.475386049403880406e+00
-1.796605491338142997e+02,4.251334572197915662e+00
1.794782267596698375e+02,3.008628659425903962e+00
-1.706044862247089213e+02,9.899824737570561695e+00
1.663103922059197544e+02,1.017557724778267669e+01
-1.751772114804956288e+02,7.453389746245804304e+00
-1.794167169067336545e+02,6.195494440557904881e+00
-1.629522976751928240e+02,7.449059984141598534e+00
1.526976447468277627e+02,1.062559423116776891e+01
-1.691947449748966505e+02,3.359299394725456800e+00
-1.743827334952616752e+02,7.003587152877278399e+00
1.644784778494893374e+02,1.155126658456479660e+01
-1.755186664455971766e+02,4.502594909487404706e+00
-1.637520205588863575e+02,9.385129573911168421e+00
1.690087038653855700e+02,3.899706984782795871e+00
1.794983322228099780e+02,4.147731597438142792e+00
-1.779833136569365593e+02,4.285176643190212964e+00
-1.785204962009912606e+02,3.541276015200100602e+00
-1.794735877164261524e+02,6.075738250376690353e+00
-1.744202180058109661e+02,2.903460480275135147e+00
1.605279425209199928e+02,1.324120513574747271e+01
-1.618983034223335267e+02,1.240894328223733467e+01
1.676948453444426832e+02,1.141023131480485908e+01
-1.653380378724901618e+02,9.078004570088127778e+00
1.696659639718685355e+02,1.108747642114733623e+01
-1.666837901006450124e+02,1.122395553821373326e+01
-1.743087053435985183e+02,2.673399619505043567e+00
1.723380831269794839e+02,7.301193133495466725e+00
-1.753694312815475485e+02,6.825788763659297764e+00
1.764696757926126622e+02,7.858134079683271267e+00
-1.766836331956358208e+02,6.887889888261891969e+00
-1.723349237237623868e+02,8.290907889587824542e+00
1.784528855295805840e+02,1.354098403989349642e+01
-1.799334367510042227e+02,8.463180517888828192e+00
-1.753073198830683168e+02,1.638912842672100822e+01
-1.764520464478595159e+02,4.876716265356556335e+00
-5.247441808905159633e+01,1.044931429345983531e+01
-7.472726552588790128e+01,9.350956349194484929e+00
-4.724178848931174457e+01,1.343214207962628493e+01
-6.956230303668243664e+01,1.045313878826802778e+01
-4.187024114256244189e+01,1.058389755084127515e+01
-5.774188487010757598e+01,6.378738554568078811e+00
-6.604992827733822480e+01,7.256916022631178187e+00
-6.302553146166324893e+01,9.212951107469500300e+00
-7.529125460219110266e+01,9.211568791732300809e+00
-6.212177409230763203e+01,1.080737921599754614e+01
-1.401718611167725328e+02,3.744728327928354616e+01
1.626522798173234889e+02,2.924760429385986527e+01
-1.748894812610062672e+02,3.017077278235028004e+01
-1.476259819973325875e+02,3.883118065725832935e+01
1.700257086162297355e+02,3.701521176962302206e+01
1.713628362706396331e+02,2.462436282943652088e+01
-1.504095586473260084e+02,3.042991437292961621e+01
1.677679572258114149e+02,2.433649521332409904e+01
1.685714889853603040e+02,2.854082342659448912e+01
-1.525502324088313912e+02,3.895473048248553027e+01
1.789538433445367787e+02,1.555091588669732516e+01
1.706351921337177373e+02,2.189853477505372581e+01
-1.794015498117110212e+02,1.731605087124558295e+01
-1.764734155756653138e+02,1.543346271060980968e+01
1.759446234953002488e+02,1.613723562255116661e+01
-1.741808883391926202e+02,1.796628864711339446e+01
-1.731244199967558757e+02,1.552769429906029686e+01
1.653977835197011359e+02,1.301271627942469067e+01
1.763762531370069553e+02,1.013708486484789617e+01
-1.742175530400993750e+02,1.003042182263844317e+01
-4.833517705463437153e+01,1.057087439295481701e+01
-7.009938320477533580e+01,8.031593730877931492e+00
-6.495552375395924116e+01,8.866749179462102504e+00
-6.262653031079724286e+01,1.211295225054394820e+01
-5.691375287217500301e+01,1.174908780994507929e+01
-7.001942558975243003e+01,1.131149069643106664e+01
-7.331892015655115813e+01,8.036739628033974014e+00
-6.388785921363979270e+01,9.346930360342019739e+00
-7.729694318224524352e+01,1.076266546864592399e+01
-5.374296392470279216e+01,1.081512794674734579e+01
1.723771339020522646e+02,7.084593469114967235e+00
1.738082497850970469e+02,6.463914030286122880e+00
-1.766993346471182349e+02,7.939336875141371763e+00
1.782373488637248613e+02,9.336508578381030432e+00
1.775167150153784519e+02,1.297641771726849846e+01
-1.727030515337166321e+02,1.879355693295385166e+01
1.734978395718407853e+02,1.603246028849714122e+01
-1.712087668840657670e+02,2.511336210161963223e+01
1.653837334172268925e+02,2.115168181324777308e+01
-1.694120842942713807e+02,1.603347651411423413e+01
-4.474974891248185571e+01,1.950509468951616654e+01
-8.091705815961012149e+01,2.048872030695259738e+01
-5.051256071823248561e+01,1.925767819347440124e+01
-6.270474134705100511e+01,1.273030648665277020e+01
-7.208239338013996189e+01,9.092879727808835355e+00
-4.635483361936130819e+01,1.499246027709632045e+01
-6.276759132508615124e+01,1.092295535804095508e+01
-5.138689118758166785e+01,1.235015662405521297e+01
-6.231074507816201447e+01,1.080835602389546679e+01
-5.420603216914953748e+01,1.095019635693796900e+01
-1.788084920822769845e+02,7.416614111857529501e+00
-1.680906992216728781e+02,1.097991811933421324e+01
1.720585443633208911e+02,9.481869654905118239e+00
-1.756969877709474872e+02,1.198551962266059689e+01
1.762643704547666914e+02,1.324556323965054361e+01
-1.771290245726100068e+02,8.228715816490755230e+00
-1.670962087772623192e+02,5.361003832860691709e+00
1.679949847500411693e+02,7.299454521139659313e+00
-1.603800752439678945e+02,8.307316117355941998e+00
1.571743802038344597e+02,8.331816987103621841e+00
-1.661664563610943617e+02,6.563869293587105247e+00
1.648730613562738654e+02,9.822691078839504542e+00
-1.643718979520219250e+02,6.686966204406381564e+00
1.642155898391385449e+02,6.937656382189592463e+00
-1.758778108852554851e+02,8.294688152523578495e+00
1.790048131851726509e+02,1.191106130525032647e+01
-1.754632667883568047e+02,6.361296056659526243e+00
1.657877664573471748e+02,9.738498484500073715e+00
-1.645136181356928091e+02,4.131979700261600996e+00
1.788421587174123601e+02,6.490008601090953455e+00
6.352612782067838992e+01,7.731098687627175892e+00
7.122273156932172355e+01,7.626859702723987056e+00
5.979399126754593397e+01,8.064508706280006933e+00
6.929456093457838506e+01,7.059530841276261626e+00
5.058826945146640952e+01,7.410701807363748728e+00
6.799299250364818192e+01,7.349327139879841653e+00
7.318075246789027233e+01,6.514940845745949005e+00
4.899194763476422310e+01,1.197050666856838141e+01
7.728957147387743021e+01,8.806703527357987227e+00
5.566052179760161067e+01,9.426279366335581500e+00
1.562796361297039596e+02,1.470533176878738857e+01
1.749573083161267277e+02,1.534452161268979964e+01
-1.567732330968915448e+02,1.065177230983725565e+01
-1.789777008320304219e+02,1.942949881940842172e+00
1.713974362678781915e+02,8.995963940725973274e+00
-1.779242494505856200e+02,9.815868970084681067e+00
-1.753197787853140710e+02,1.228998101082288841e+01
1.631812396380669554e+02,1.927517848326575844e+01
-1.789868241540210647e+02,1.684285796398630453e+01
-1.714679484771233149e+02,9.662998007746992357e+00
-1.585119203660652545e+02,1.024576471970373248e+01
1.702146289895034954e+02,7.270663633393609437e+00
1.705063939111373941e+02,8.884987050267397990e+00
-1.633572542325459835e+02,1.124679781477847129e+01
1.699906410218592328e+02,1.572364751152773721e+01
-1.750022179937909357e+02,9.561947816715754556e+00
-1.680385573914279860e+02,6.840936520953941447e+00
1.667175163000585769e+02,6.862280453719348472e+00
-1.737911678926647312e+02,6.232747035306648087e+00
-1.669249535362350230e+02,6.899860596496680820e+00
-5.802334662266596155e+01,9.943401932202142746e+00
-8.584023006129250177e+01,1.180623556121748230e+01
-4.272368125256122795e+01,1.868554774229970405e+01
-6.853363258228350219e+01,1.576466381535567507e+01
-6.107195747091328997e+01,2.036894355961004877e+01
-1.102060421559533552e+02,2.869996776004126104e+01
-9.802464085019846607e+01,2.211345407874072677e+01
-5.213537656265906861e+01,1.934334833907649909e+01
-6.388247228932241484e+01,1.106416829846785177e+01
-6.993266470979773430e+01,1.936639171467748355e+01
-1.779820400069132802e+02,4.279290287653035207e+00
-1.755854008941761606e+02,6.276088344296510968e+00
1.730520564282167300e+02,4.112651451919643542e+00
-1.608308837819374162e+02,7.692783411079840761e+00
1.590516065666589043e+02,9.770178852946754589e+00
-1.595135705467581602e+02,1.303659951367496284e+01
1.657124327437694262e+02,1.474799957280876939e+01
-1.707997500760939147e+02,1.063344677269087057e+01
1.721082852970182273e+02,7.211792045132954243e+00
-1.538008075715107736e+02,8.633498268199865322e+00
6.775570490246066413e+01,2.010919171600653499e+01
8.533824104679169409e+01,2.032992072528420024e+01
5.798853957483738952e+01,1.203048669563207262e+01
6.996894467248679916e+01,1.624096264935952760e+01
6.340094327793324425e+01,2.163670468727372054e+01
5.924517144335209196e+01,1.764271566987025963e+01
6.378701447235278721e+01,1.375564314720813996e+01
6.420230934965088920e+01,1.369073195229630535e+01
7.784829493833881031e+01,1.205436814936062184e+01
5.812643376639609016e+01,1.217520105554413234e+01
1.696239038829592403e+02,8.254789022693259426e+00
1.783287388422848494e+02,1.016076337563552023e+01
-1.682215387384518692e+02,1.146943736657359381e+01
1.726160612645092556e+02,8.804029283535895090e+00
-1.693636251875466883e+02,7.599095339072157174e+00
-1.757774645491879824e+02,8.832824709064663438e+00
1.582114893960325333e+02,1.298667551858422087e+01
-1.754706512397538347e+02,1.083726345291557713e+01
-1.739636838755198767e+02,9.287519841640499152e+00
1.606127111303993047e+02,1.441708970369064780e+01
-1.796917117705002056e+02,4.710854784117244343e+00
1.724963354131601534e+02,4.039102319887825310e+00
-1.663821900502672690e+02,4.680591302069714743e+00
1.718984863069717335e+02,3.941169950877108086e+00
-1.769809295638909532e+02,2.877041508867481223e+00
-1.764767189674001600e+02,3.624437452434555951e+00
1.673872382343483594e+02,6.420619288509195499e+00
-1.712687412009665309e+02,2.341188219168217177e+00
1.732442066052433063e+02,2.920869323239351001e+00
-1.738368589131248143e+02,3.979174723776980116e+00
-4.134668905030911645e+01,1.448032820555274469e+01
-7.905238042201000326e+01,1.142294980636223478e+01
-8.553647370269206363e+01,1.808233611885987102e+01
-5.166266522395482497e+01,1.365522190092834443e+01
-8.540745812202119680e+01,1.562876561180509682e+01
-5.736607743439139284e+01,1.279115465553211095e+01
-5.477385736713053888e+01,7.714215482186688178e+00
-8.797451916830347329e+01,1.734431202464691069e+01
-3.643676431540121996e+01,1.291217671640238152e+01
-7.237210342322316592e+01,1.097874809039676336e+01
-1.753857009807803706e+02,6.575412895441554717e+00
-1.706651830674241523e+02,9.871861252111903795e+00
1.744816069815407786e+02,1.173786122189017789e+01
1.673893332334613717e+02,5.664621261339322089e+00
-1.680506879130402922e+02,6.271517029983098901e+00
1.717383674245716918e+02,8.326114420313738052e+00
-1.795181651939463165e+02,2.954592041983790107e+00
1.739585635897380769e+02,4.591209780273063146e+00
1.779423267659695966e+02,5.465765173410511935e+00
-1.757121516661411817e+02,7.007984102552871519e+00
-1.750661698961347952e+02,7.121774487852797542e+00
1.649458458899447351e+02,5.471252011829809803e+00
-1.648736471426143453e+02,9.441114958278763680e+00
-1.786057256967373235e+02,3.788508723278204648e+00
1.748266897211277353e+02,5.182274857272173740e+00
-1.676959806748967878e+02,4.586397160705268483e+00
1.684732175680536557e+02,5.277618238274000007e+00
-1.668884750189762940e+02,5.846873613265445968e+00
1.735627379657592826e+02,4.206186664595708891e+00
-1.757418036502969301e+02,7.009715567258565372e+00
5.719772480262025738e+01,2.118041988340383952e+01
6.576248114025121083e+01,1.750494088516290603e+01
4.996302198600840683e+01,1.179797288075529060e+01
7.405531889373889953e+01,1.660787110708212566e+01
5.799551228894429045e+01,9.650270969372977348e+00
6.235853084344012842e+01,1.355980795559833751e+01
6.965523991535509651e+01,1.235488665243043016e+01
5.065444471656350345e+01,1.334435575206451929e+01
7.655912902512595508e+01,1.235299834019532383e+01
5.380537959910721924e+01,1.111355726373045449e+01
1.775387395486325488e+02,1.804278075447084717e+01
1.798455217572586946e+02,1.260402648917405344e+01
1.775615330109466470e+02,1.436009798321088304e+01
-1.696409502170776591e+02,1.434706723376814708e+01
1.608632278051799460e+02,1.036097242859380252e+01
-1.606471225016030075e+02,1.524416079963761916e+01
1.680703363029211914e+02,1.449816663000124706e+01
-1.737173270190476444e+02,6.426064576007038731e+00
-1.772611011595582795e+02,1.075093405185199735e+01
1.743272443665811124e+02,9.583923387413543438e+00
-1.460839504847536432e+02,1.960510585312115239e+01
1.729922360535263692e+02,1.531076179070107024e+01
1.576015512701212060e+02,1.938407683642364177e+01
-1.529656938303593279e+02,1.783705128983040566e+01
-1.691165788977957902e+02,1.441851729471657961e+01
1.602486574651182138e+02,1.278009202592008009e+01
-1.611052833364798005e+02,9.448099242111275942e+00
-1.628314969735426985e+02,1.212614073494881239e+01
1.632676136717103930e+02,1.327957517573530666e+01
-1.655954714746837624e+02,1.269935070931582644e+01
-5.475512794173948095e+01,8.098004220858690871e+00
-5.609513176916011901e+01,8.845050273537065522e+00
-7.134433312631421131e+01,8.355009489026095082e+00
-6.876371553280280580e+01,7.400351512665686471e+00
-7.018292403177316885e+01,6.559653670617333177e+00
-6.037454298569684852e+01,5.167574471530030245e+00
-6.014750914121042769e+01,7.188561205220358019e+00
-6.231379715829204002e+01,6.159525756663717821e+00
-6.451117184779859315e+01,6.811325506297023047e+00
-6.927681443167244879e+01,6.337751825224113844e+00
6.548374557194073020e+01,1.236023666320972758e+01
6.854663581658253690e+01,1.102869321025875138e+01
7.047095331433772003e+01,1.339218869571680948e+01
5.306609251584418274e+01,1.273819879463601978e+01
6.311788737139814742e+01,1.107600216802865134e+01
7.293025852841904566e+01,1.263487959278340433e+01
6.820579479333454742e+01,1.421005864490318515e+01
6.898631361763128211e+01,1.041067593244184053e+01
6.474807786807591015e+01,1.753163918455417303e+01
7.264221753784534030e+01,1.928042379514035787e+01
1.763570909594408249e+02,6.397918840421287889e+00
-1.770116272761210894e+02,7.110801397148641456e+00
-1.717868747798851530e+02,6.571228465357306980e+00
1.644825344194626666e+02,5.692263350715297321e+00
-1.686552377563754419e+02,6.464573603732885587e+00
1.763292515873779109e+02,3.472843725629516154e+00
1.797333818013219116e+02,5.481967224270933414e+00
1.791260739122029122e+02,3.926551781894582760e+00
1.778039259516222330e+02,4.598197952670827426e+00
-1.778090137576947711e+02,5.223279673193123251e+00
-7.625027981149195000e+01,8.834501613510209239e+00
-5.769347548405495019e+01,9.402687656551130146e+00
-4.748606889168383560e+01,1.177017487445464994e+01
-8.882281887318298175e+01,1.977569948178659232e+01
-3.657017628691495759e+01,1.259061592772800964e+01
-7.858865748968638343e+01,1.184431480816930105e+01
-5.959755267762842124e+01,9.420773088488477498e+00
-4.590049953405529948e+01,1.105442910715252225e+01
-9.119828430040266198e+01,1.679821412750100507e+01
-4.886863184166708862e+01,2.200561749632676012e+01
5.266135807976165495e+01,8.913980932495213949e+00
7.031510489910337469e+01,1.018193221223522471e+01
6.220652954340173579e+01,1.580950495129945921e+01
6.075572362581018382e+01,7.031492088105464333e+00
6.639892193919391161e+01,1.411158896991875977e+01
5.611201391968081253e+01,8.533102812203120280e+00
6.469600101573483641e+01,1.525077789394641670e+01
5.078853922880432492e+01,1.680509592771168315e+01
6.844191406571027869e+01,1.887494381912301122e+01
4.860916171874092129e+01,1.210540294185609511e+01
-7.294924947860965858e+01,9.616343389096275729e+00
-5.835362531314286372e+01,1.313299352949505661e+01
-6.329550406977703148e+01,1.180624054618000152e+01
-7.064295335423069844e+01,1.346943922686338624e+01
-6.441249249027512747e+01,1.111463971514424998e+01
-6.729669937294606541e+01,1.127545215432622250e+01
-6.761473246755895161e+01,1.637875610886952771e+01
-7.765199555898408335e+01,1.863234730373937609e+01
-4.629858313981614515e+01,1.960174262038069060e+01
-8.836743200727265446e+01,2.696884018810254346e+01
-1.716938624727095259e+02,1.201554540473196653e+01
1.504775557019650876e+02,2.473619806684845202e+01
1.769699532533763602e+02,2.420444700429265694e+01
-1.506443985989587020e+02,3.137033432538085265e+01
1.366654919869960452e+02,2.662647955037898839e+01
1.555893557432641785e+02,1.386518182230450336e+01
-1.379464910242403448e+02,1.932186332167421838e+01
1.738578606148264498e+02,8.621915659138700505e+00
1.565430299568540420e+02,1.556658894671564397e+01
-1.612960998763761040e+02,2.562843338001339788e+01
1.733249038753980074e+02,1.403523564897989218e+01
-1.638565933873596236e+02,1.325116967026170478e+01
1.735341788407184254e+02,1.010874757609947672e+01
-1.781436906551129482e+02,1.010315940309466853e+01
-1.711432863125471329e+02,1.172215079585647324e+01
1.672973717467571646e+02,1.838196501245054293e+01
-1.708014441313893599e+02,1.431477534771763871e+01
-1.777580268407805875e+02,1.300578086478840767e+01
1.758967602881424739e+02,9.275212639290444372e+00
-1.663660458712691081e+02,1.410168913653459555e+01
-6.989829696232825995e+01,1.279587254422172826e+01
-5.828680780403077222e+01,8.187528932453062680e+00
-6.321104371940363365e+01,9.899220534174803632e+00
-5.488726109412773013e+01,8.796413827671377916e+00
-6.391502358917585269e+01,7.450924303663096993e+00
-6.107826838275786230e+01,8.063811293243624334e+00
-6.298623861999094231e+01,8.643186111748757838e+00
-5.762431089043153065e+01,7.976168506287022453e+00
-6.450992513517967097e+01,1.222577460887254297e+01
-5.686161971951938199e+01,1.056487977617088703e+01
1.669232923454946729e+02,1.587753318680463366e+01
-1.688709962994842897e+02,1.264031550832707396e+01
-1.778155342250541935e+02,1.137864862243004183e+01
-1.677142396613697031e+02,1.103480644930674970e+01
1.793417710786852979e+02,2.090310721230425983e+01
-1.752866324810367189e+02,1.827400808153884881e+01
-1.650521599246909830e+02,1.116305082812219140e+01
1.621793476413911037e+02,1.583696979812432915e+01
-1.799073890669636739e+02,1.563436594934551138e+01
-1.705140139678075570e+02,1.800566428845306532e+01
-1.671334410098589274e+02,1.467585395504016432e+01
1.699452498817493336e+02,9.600268191611064594e+00
1.686160569786237033e+02,9.179048747398070418e+00
-1.731084349199737460e+02,8.883163774170508731e+00
1.731917416716770788e+02,1.117598428583498205e+01
-1.796845716765252519e+02,8.390215770815469654e+00
1.797258951369547617e+02,9.029477590584608748e+00
-1.732346904347571126e+02,7.516719295680807988e+00
1.771081324566476951e+02,1.152286990779034603e+01
1.774214016870502064e+02,1.103481063481105195e+01
-6.849802012216932212e+01,1.376748103634179188e+01
-4.960470370424213371e+01,1.198283709819331122e+01
-6.623506310640073025e+01,1.017915296513134393e+01
-6.165164185603234159e+01,1.191980133961670063e+01
-7.024038489668981811e+01,9.244619818051198479e+00
-7.337551303729729568e+01,1.460825936537596093e+01
-7.835519583076415984e+01,1.392236655808034840e+01
-7.117232900949331054e+01,1.530060964640249210e+01
-8.023071393753602365e+01,1.395876488743845556e+01
-7.337044115502045827e+01,1.286659465122755286e+01
8.145933549011884622e+01,1.378627529854332323e+01
5.945849711614243205e+01,1.116327490479983275e+01
6.068314695836520656e+01,1.687666125853399990e+01
7.113767585121331649e+01,1.314500068350028883e+01
6.883310382065111810e+01,1.256960746592630684e+01
6.207355750316947507e+01,1.338048749351673905e+01
7.024470190366140798e+01,1.154757993583070785e+01
5.989447303871248351e+01,1.159015562044691805e+01
7.066102655089167683e+01,1.499118892092773692e+01
5.764762828709070419e+01,1.583631301773588440e+01
1.767187033920275496e+02,5.106161816803868270e+00
1.375316000674071688e+02,1.398696606328558012e+01
-1.579225615080702880e+02,8.984513175340044455e+00
-1.727156446072141591e+02,1.296926141901770357e+01
1.520931876983040070e+02,1.238923282270147830e+01
-1.578331695934913625e+02,1.805185832015173730e+01
1.651381973208812894e+02,1.612929110648927988e+01
-1.648671156293580395e+02,1.878674541076975402e+01
-1.729613724917471984e+02,1.141331742920065295e+01
1.713195755914949245e+02,5.562342167442338337e+00
3.239792063969601088e+01,1.268234121521044244e+01
1.205293029019658917e+02,2.147752031764673575e+01
-1.611413199089327293e+02,1.037200321924487412e+01
-1.577341589878660670e+02,1.136094387750295454e+01
1.603316973796207208e+02,1.608974443189660519e+01
-1.574043736024819964e+02,8.598926611884548876e+00
1.666427340010482396e+02,1.356231652245917729e+01
-1.743859585968585861e+02,1.298692597176515662e+01
1.779591982089425528e+02,1.181121783781050638e+01
-1.748661681373507406e+02,6.316848111566700119e+00
-1.738697597198170115e+02,9.123006979201441879e+00
1.766879388683815364e+02,1.283395797882232792e+01
1.625887280763698470e+02,1.497659378180660816e+01
-1.675634316016440550e+02,9.334412210810320687e+00
1.646340685663855652e+02,1.855539125007922507e+01
-1.798835906668550422e+02,1.671477787467606291e+01
-1.763265222220823887e+02,8.236101059454362883e+00
1.704056447519342612e+02,9.404498496204059421e+00
1.753170561685823543e+02,1.664489450311096164e+01
-1.622685647047123041e+02,2.335155266807452534e+01
1.773856404668836717e+02,1.073655135229061841e+01
-1.705613022849389893e+02,1.600201492618720067e+01
1.746759711228048388e+02,1.023023018456079214e+01
-1.743708579145004478e+02,1.027662529594345742e+01
-1.618362742444061269e+02,1.874844491224848753e+01
1.620011571772549246e+02,1.774493285735515968e+01
-1.763465070783167903e+02,1.979537733812727396e+01
1.791001456937784440e+02,2.312543307080463251e+01
-1.776582333395628837e+02,2.687277746679664148e+01
-1.729634034535199874e+02,2.424045504754833402e+01
1.750945700041133932e+02,1.339973104691532946e+01
1.721055544553407231e+02,1.286024175438316597e+01
-1.604587046637598178e+02,2.146783207668899607e+01
1.634850819383983946e+02,1.361085016307828965e+01
-1.680842182990186586e+02,2.325121670516416117e+01
-1.759034117983253793e+02,1.296365849194693354e+01
1.657694277326731367e+02,1.383030680395162193e+01
-1.727525252639110533e+02,1.529166511512294591e+01
-1.775757339247001880e+02,2.267566129077407311e+01
1.656259583387585508e+02,1.894146427920508202e+01
1.782651004773831858e+02,2.292183733711858551e+01
-1.770097827444986933e+02,1.903043192695662356e+01
-1.798416968024484106e+02,1.380912817665761416e+01
-1.757753273614860348e+02,1.410299983706462257e+01
1.796488431275078312e+02,9.380622233224400475e+00
-1.775881201065712958e+02,1.221298725527843487e+01
1.712644882518956422e+02,1.069012063732717976e+01
-1.681453810996082723e+02,1.129014129293661028e+01
1.775804171303986436e+02,6.306024384411692552e+00
1.630571610061383296e+02,8.828115742881315953e+00
6.859878542411513536e+01,1.377770431421884112e+01
7.195104377662811146e+01,9.970406314914914248e+00
6.053053699368783214e+01,1.257167700712598801e+01
7.197296213531828357e+01,1.444463309818466001e+01
6.640520060223126109e+01,1.103951748474723615e+01
5.277375531091293226e+01,1.273031203475308715e+01
7.459426278581095460e+01,1.090820439340808079e+01
6.044756940491201647e+01,8.691242519201001215e+00
6.644846049195606952e+01,1.246295305134160003e+01
6.097853216825992462e+01,1.545474589173226754e+01
-1.687987936410418968e+02,8.973786061082677179e+00
1.581046874332975847e+02,1.030504715271619887e+01
-1.544455670055671987e+02,1.040329509663987650e+01
1.617975801917728234e+02,1.103811813975482181e+01
-1.749229526258640703e+02,6.476748051468106837e+00
1.722390790675982544e+02,6.619365086035420731e+00
-1.639970932704755455e+02,8.687222455244038244e+00
1.651914382279785514e+02,7.329007869117416973e+00
-1.605575283782393967e+02,4.676201874703891370e+00
1.607309126448028849e+02,7.295665141534339426e+00
1.656006270066363868e+02,1.280239055585752084e+01
-1.522650650112224469e+02,1.186595329229080065e+01
1.629582918005490342e+02,4.956813418772121338e+00
-1.624652741693619760e+02,1.290182418831822275e+01
1.794815662719211673e+02,4.950521233897206663e+00
1.762837089883431076e+02,8.952942039722451284e+00
1.774189590078002823e+02,7.012624238833080170e+00
-1.730436908341551714e+02,6.298197438633736489e+00
1.609255746485250143e+02,6.286567061811533463e+00
-1.582794540245333792e+02,9.685828967401775458e+00
-6.228572337203895870e+01,1.172837107095686093e+01
-7.551504379526660671e+01,1.174495408196025892e+01
-6.754536282881514353e+01,1.043477868623417493e+01
-3.685240743090282223e+01,1.317725658024841273e+01
-7.089847020158316582e+01,1.411077691308386051e+01
-3.648608932723856668e+01,1.204865516599022790e+01
-7.450771347993595839e+01,9.298242002426874819e+00
-7.029446802051279519e+01,1.188307942015703489e+01
-5.280916054355534328e+01,1.024845154720094342e+01
-8.227023014063462369e+01,1.457608012781105344e+01
-1.757389649234560238e+02,1.090041372928550167e+01
1.748610468642581282e+02,1.112093946660784738e+01
1.768421265253957415e+02,1.027181992153796308e+01
-1.719253647692852098e+02,6.136493509265005031e+00
1.647482018651155897e+02,7.281068204540728672e+00
-1.549528649811522314e+02,1.665139271832071088e+01
1.602261329657526403e+02,1.942896438398113546e+01
1.759757871375487639e+02,2.763033194015000049e+01
-1.743975730764057346e+02,1.844070067282811465e+01
1.753803397018238570e+02,2.504375413887706969e+01
1.744981141143694856e+02,9.424169592124009398e+00
1.774881163757129627e+02,7.276661452427591215e+00
-1.757947998022412150e+02,1.039854608649839740e+01
1.703360217599951909e+02,6.531022030137844325e+00
-1.742499487626783434e+02,3.880937029031186647e+00
-1.755191910739033574e+02,6.894248379053795617e+00
1.762307502933250589e+02,6.788522604494913182e+00
-1.794338216924528524e+02,6.047396680055079798e+00
-1.780597021645270104e+02,1.079729139108611591e+01
-1.763847417897135870e+02,6.302726184650818908e+00
1.706797556196721928e+02,1.609885274144828671e+01
-1.739267321189331028e+02,1.684992593176173514e+01
1.732456121696926630e+02,1.099077690007909247e+01
-1.758935025367734681e+02,1.048519527256687489e+01
-1.795374983530544171e+02,6.711727102210282681e+00
1.789479603024215635e+02,3.722009390927144779e+00
1.791205864272602639e+02,1.083717661989914838e+01
1.771053625595042433e+02,4.287095843197757716e+00
1.774322540300716753e+02,5.899864106274502085e+00
-1.768605023930208233e+02,4.147387460548302762e+00
-1.713037820877933655e+02,1.197864429427246691e+01
-1.774259306293138820e+02,9.662653410339022031e+00
1.660425916317659301e+02,1.423701337740772388e+01
-1.741590716226608322e+02,1.382345749244843347e+01
-1.735447786928126561e+02,1.793265982107024215e+01
1.727102544377972890e+02,1.654301815032546941e+01
-1.788809879364578705e+02,1.135249486926877083e+01
-1.615685578288243960e+02,1.441359215941195338e+01
1.616931928411433148e+02,1.154630629884057136e+01
-1.597545698155220180e+02,1.277539385178194209e+01
5.072715871025959444e+01,1.162110009342472949e+01
8.019596322774285113e+01,1.358334116371205269e+01
2.493502971811149038e+01,2.153151851870105560e+01
7.186724331864151338e+01,1.454806767726439531e+01
4.870352622385163244e+01,1.531892733788040317e+01
6.742789696979362191e+01,5.892052493921667633e+00
6.849590700350404404e+01,1.199220892815077733e+01
6.003548387199877823e+01,1.867687396008639311e+01
7.993417077965132478e+01,8.146515872747883691e+00
5.367264256224628127e+01,1.908005296519804972e+01
1.789829034137354995e+02,5.833051341751138708e+00
-1.795740453905906975e+02,7.416053129173423741e+00
1.785678924843142852e+02,4.401000229218639426e+00
1.776959270048042185e+02,5.954993888340868402e+00
-1.763306620276307513e+02,4.526034200674248886e+00
1.789269791331844885e+02,4.572977661872925204e+00
-1.791752725231416434e+02,1.295326873041375615e+00
-1.793268741398956081e+02,3.740957151746628462e+00
-1.787457741301704175e+02,1.406731940978277695e+00
-1.791283629437638467e+02,4.159078207775523950e+00
1.503662630002505693e+02,1.275990712398040827e+01
-1.440246421369962206e+02,2.231553624103652567e+01
1.736224066816566562e+02,1.258626451860854800e+01
1.664994153289290182e+02,1.272199516713620504e+01
-1.713997026899154150e+02,1.935605026109689675e+01
-1.692407205696026438e+02,1.973305949947183535e+01
1.781130226136739907e+02,7.519885284771326894e+00
-1.763667347600888320e+02,2.471775785525177938e+01
1.601718865926661977e+02,1.735671687466893331e+01
-1.384001240577957788e+02,1.472224576604510204e+01
-1.748836021511905301e+02,1.648332684558736272e+00
1.772508219262674629e+02,2.829821083645415847e+00
-1.761948447098520205e+02,4.264989122323983750e+00
1.750261499487336323e+02,6.865951973760166638e+00
-1.631368200944402247e+02,1.221296205515513122e+01
1.593648406663926096e+02,1.127986506509879661e+01
-1.629653279938970059e+02,8.285805072338051858e+00
1.617374110117550572e+02,7.580378755039587801e+00
-1.586949754454720392e+02,1.058106232800508195e+01
1.725378927528918211e+02,1.452630003581190188e+01
1.797820836617959799e+02,5.845742981860213128e+00
-1.680283728758329858e+02,8.147118418023980624e+00
1.753677123167830985e+02,7.544571959866153144e+00
-1.772236246930199002e+02,6.977274816237784449e+00
1.753871265390750409e+02,2.996302281272767321e+00
-1.686465041743604445e+02,2.669169599750777166e+00
1.753787618471218082e+02,6.413766780785832289e-01
1.786430270080960270e+02,2.274033004790394052e+00
-1.745973272786075938e+02,2.247479762712810913e+00
1.680440897035071259e+02,5.095398316057449861e+00
-1.637905455616729284e+02,7.351139753671736443e+00
1.664773832739952866e+02,5.873055708805960506e+00
-1.694605276420360269e+02,3.528721906464237890e+00
1.742334479187769034e+02,7.533326559875725081e+00
1.798293580664637261e+02,6.326539330126472294e+00
1.761458430458486362e+02,8.734369803555946277e+00
-1.700102176630661006e+02,5.153213850839050814e+00
1.656891998247577646e+02,6.859426767729415175e+00
-1.664331800184334043e+02,6.627734174790067989e+00
1.740466416247880943e+02,7.413698339969709394e+00
-8.340738486777784999e+01,1.762003710144774260e+01
-7.309228595539566697e+01,7.569377816080059773e+00
-4.524101469019888810e+01,1.790357990387317599e+01
-8.462327368930901628e+01,1.485261503325622456e+01
-5.743129500227270512e+01,7.545886598824580460e+00
-4.965986239867145002e+01,6.202940026235663318e+00
-7.895666917504480864e+01,8.004390001070678551e+00
-4.496086231254414400e+01,7.610727534586029464e+00
-8.831880645236083183e+01,1.418864020945038007e+01
-5.665793668880066036e+01,6.919575915628705332e+00
1.627616948909724783e+02,2.411161001115869951e+01
-1.622055877559155306e+02,1.170363736806504917e+01
1.619314562904245349e+02,1.933836046478078075e+01
-1.633931001457671073e+02,1.360149282439112461e+01
-1.795608321130241620e+02,1.113210071422724923e+01
1.292312003876089932e+02,1.987009101278063383e+01
1.478567846490821580e+02,1.909080610229402808e+01
-1.472602727833524057e+02,1.140938420541716525e+01
-1.762003627307353213e+02,1.121327699401227562e+01
1.696740354450918176e+02,1.026918780122493935e+01
9.796496573748187586e+01,1.435748407778776858e+01
7.389379997489220386e+01,8.284406035421030268e+00
3.922911522112772076e+01,2.032482502882640318e+01
9.122276101338925969e+01,1.305314522648231090e+01
5.567580945833953621e+01,1.453868391352314404e+01
5.677267494294341077e+01,8.850224241972053818e+00
1.045992872607513249e+02,2.060099419593273495e+01
6.154935814443783926e+01,6.660630388420958781e+00
6.444771860667800922e+01,1.352980159028645346e+01
8.838391099474343093e+01,1.863226999341726753e+01
-5.665391967751616420e+01,1.033479234957689741e+01
-5.400638229580266625e+01,8.974290204578124985e+00
-7.954382508461127088e+01,1.280850309645429164e+01
-5.857594690544824090e+01,1.293735940291866093e+01
-7.246454647915706460e+01,1.400213710367771114e+01
-8.008383616594018406e+01,1.215543608963322342e+01
-4.816805274952016447e+01,1.324360320401888025e+01
-5.820234707936948126e+01,1.065334636049615469e+01
-5.072159544632688721e+01,1.252787598644061440e+01
-4.954805942580733813e+01,1.454760789646360308e+01
-4.628481947501302329e+01,1.653272377617379618e+01
-9.335389751499366184e+01,2.181114165812016026e+01
-4.082502084927951103e+01,2.505365310588418737e+01
-9.086639237122838608e+01,1.813531996325293960e+01
-1.177382429285885621e+02,2.294628169489784142e+01
-9.629360519287483555e+01,1.551925186675133261e+01
-5.570424384515732186e+01,1.763987069107798078e+01
-7.309869308001938748e+01,8.921944568552092392e+00
-8.221873980749870725e+01,1.647432726648121104e+01
-4.474676683494111984e+01,1.555169982096378689e+01
6.562726371399536163e+01,6.275039942993188014e+00
6.780457347486564856e+01,1.014524374344697222e+01
5.310016096893976822e+01,1.527330893735999240e+01
5.927793610308936678e+01,6.272785918043833675e+00
5.476785718935261116e+01,1.048770550844922944e+01
7.728171259025856443e+01,1.124512993635284275e+01
4.583489729977664240e+01,8.838295304838885258e+00
5.237899847398891495e+01,1.519504417482066216e+01
8.738032191117251557e+01,1.620820822451423382e+01
4.508660552035698288e+01,1.325517328997240440e+01
-6.010880882877565057e+01,1.568270551292708603e+01
-3.907523964896687829e+01,2.200259738694263234e+01
-6.546398549976137815e+01,1.550619329364554488e+01
-6.620905125223923449e+01,1.391132713556878286e+01
-5.101428060224829864e+01,1.746370393185922154e+01
-6.386615666448513906e+01,8.740297746401955337e+00
-5.700906734845065671e+01,1.169720016940808271e+01
-6.410760244675508090e+01,1.250220737793619463e+01
-6.375464337972888273e+01,7.762617323161387972e+00
-5.609969808761568544e+01,1.240361995907647774e+01
1.701601078768072171e+02,6.260191207351017084e+00
-1.498241992445310586e+02,1.068348193454974293e+01
1.559439875651536624e+02,7.209525696518465310e+00
-1.673914411926554919e+02,8.318261236379669299e+00
1.679205722314968057e+02,7.537888525571451837e+00
-1.719983197501287577e+02,7.290457613117343527e+00
1.766331630792803935e+02,6.176626479090875144e+00
-1.743702200972604430e+02,2.536248528978696015e+00
1.747677841337793723e+02,3.509889870526992972e+00
-1.759932711090472424e+02,3.320206270356180767e+00
-1.783081870059336325e+02,3.013092864555814376e+00
1.729516479631160450e+02,6.353343712303535895e+00
1.787067489724757934e+02,7.494094877739006400e+00
-1.709642072205338650e+02,5.822339207739269717e+00
1.733431015927149303e+02,2.255307105838547432e+00
-1.783195153731132905e+02,6.323716723162329245e-01
1.770972267007623202e+02,2.165979945937076323e+00
1.794687251480017380e+02,2.736446085928895933e+00
-1.645885488698549182e+02,6.205084744538062580e+00
1.698137264431733513e+02,3.280234251321235917e+00
1.776899332471759294e+02,2.934964758329196677e+00
1.787991446358184362e+02,2.520651268848823179e+00
1.772962669357509071e+02,7.211161195186138073e+00
-1.752462931031407152e+02,9.825927226977174911e+00
1.755480750576040521e+02,9.414981010270601303e+00
1.713814490679083349e+02,8.458963871769231702e+00
-1.766145871804899627e+02,1.175387593705139722e+01
1.782470566064757520e+02,9.131212990224225834e+00
1.784717898772543379e+02,9.937459733623990488e+00
-1.794518166090304021e+02,1.335149386732129884e+01
-1.682640576100185683e+02,1.660972761520688934e+01
1.744068016601243585e+02,9.032606820997717278e+00
-1.672528623688283460e+02,1.917042782937524592e+01
1.633846687805440467e+02,1.225129267478826733e+01
1.768447392188666925e+02,6.139882369264284989e+00
1.703060423252846363e+02,3.438845563978174091e+00
-1.328825835784464005e+02,1.370858033576267765e+01
1.622025831981586919e+02,5.142774022698301195e+00
1.047322433291649872e+02,1.645483983237313197e+01
3.470058521974618060e+01,1.302934328175936862e+01
-7.303809053041987909e+01,1.142707897175452914e+01
-5.673505350916528300e+01,9.079390362894880440e+00
-6.387667432737309525e+01,7.526786487301903250e+00
-5.718050314998320260e+01,9.377122893932703818e+00
-5.432353939828131217e+01,6.728225040120467071e+00
-6.934527446429726183e+01,6.582496143097666064e+00
-5.743945670961050354e+01,6.104783277216556669e+00
-6.504771705832942530e+01,6.141249364762400020e+00
-5.758528156530408637e+01,9.473228388184546489e+00
-6.239572626816805467e+01,8.389868506455085750e+00
1.619725754832097948e+02,1.359721631760687188e+01
-1.741797287044148277e+02,9.116983792750101401e+00
1.789488082885783626e+02,1.130075690620776641e+01
1.734543468092950604e+02,1.454561757748636452e+01
-1.761247859138749732e+02,9.847444929005323644e+00
-1.735804804712684586e+02,8.869218996729724580e+00
1.771511583756026198e+02,1.384824600349077883e+01
1.733185297065326154e+02,2.012029380106711685e+01
-1.770896029294802076e+02,1.243964244432655164e+01
-1.785712982578189667e+02,1.233203167214998075e+01
-6.427299426828523110e+01,1.557409603868661208e+01
-4.038767500550916623e+01,1.934217393316706790e+01
-6.515227754401672655e+01,9.198212881035580324e+00
-6.430468590105500937e+01,9.706648353367889115e+00
-6.546858126836056613e+01,8.373921754812547746e+00
-8.568346146591643731e+01,9.909987121604904914e+00
-4.798027002487408765e+01,8.470253113818156265e+00
-5.893748497952424970e+01,7.487982684781380627e+00
-5.747068432986934283e+01,8.614664735034136100e+00
-3.827045973398146117e+01,1.110140554653382416e+01
-3.936098892642016978e+01,1.274023774855540481e+01
-6.976207418417168071e+01,1.121812234270237951e+01
-5.007318051633049549e+01,8.634115287669551719e+00
-6.089443297289839307e+01,1.125882208236358295e+01
-7.245744355506323586e+01,9.877664892688523324e+00
-5.518806746465617152e+01,9.680616025017588555e+00
-8.462495933388363767e+01,1.670746361559860560e+01
-6.253338248890205620e+01,1.257078757451976081e+01
-6.466963570814280615e+01,1.095581703106089400e+01
-7.800910708797590587e+01,8.972083767527898601e+00
9.203366716325557206e+01,1.289893034086344414e+01
4.533324526170266466e+01,1.947365413122904698e+01
7.975551312687309746e+01,9.426123116070264985e+00
7.592710703392353366e+01,6.997170478007816996e+00
5.278639983650610645e+01,8.237444101775267313e+00
8.527659968881853558e+01,1.242559048672941202e+01
4.897159681607087833e+01,9.896868639264528866e+00
6.398490781693827500e+01,1.433414439554751851e+01
6.477614681396049434e+01,1.472732040497520245e+01
6.265964047940430248e+01,1.603116450034681151e+01
-4.855381331145677137e+01,1.728450980712785778e+01
-7.218029640195047136e+01,1.383477306476715185e+01
-6.080342049536957916e+01,1.176849450017184751e+01
-7.055400463677429457e+01,1.006416176892415315e+01
-6.956867696434517256e+01,6.575933137487593783e+00
-6.457370060446622517e+01,1.200604402644296975e+01
-8.349513442335806701e+01,1.816673094973673130e+01
-5.212986548862318159e+01,2.303917773811713232e+01
-6.454890878924237541e+01,1.285161719233832045e+01
-6.927694009199321101e+01,9.348266567341561029e+00
-5.451666962689474616e+01,1.383723464819749083e+01
-8.531288025418669463e+01,1.311782952157869353e+01
-4.491324399425820246e+01,1.417369368283014452e+01
-5.180865934850712762e+01,1.519545635930329297e+01
-7.142566926753320899e+01,1.875432860408226432e+01
-3.630706877615320138e+01,1.861633268108007400e+01
-6.896722426670761763e+01,1.224947809239820806e+01
-5.090663097555276551e+01,8.479484911386538926e+00
-6.953150171020133996e+01,1.956034227324056829e+01
-7.119766414517292219e+01,1.368660472503941961e+01
-1.731550022754077816e+02,1.140693447628536994e+01
1.631189013220693766e+02,9.057643533514614376e+00
-1.713671677668379516e+02,8.258201836085376613e+00
1.769390498696613747e+02,9.689960836391414034e+00
-1.723149204833963779e+02,1.471392696161747260e+01
1.761381105445884714e+02,8.205334581153902462e+00
-1.696067457126535487e+02,9.201692208638977633e+00
1.791892491018873557e+02,7.746690953256411660e+00
-1.774169164948839921e+02,1.171326416674584259e+01
1.707247510049172092e+02,1.214143196650934264e+01
5.918580393549973451e+01,7.371703396375748341e+00
7.006340289041771996e+01,6.178686466180455028e+00
6.047770013623281926e+01,6.283155859247329111e+00
5.182377894604931612e+01,8.212155354982716204e+00
7.545288551578498470e+01,8.133693335017387227e+00
4.670048270422876158e+01,8.540865117338697132e+00
7.141539382520660695e+01,1.002757125816254558e+01
5.369195905162037263e+01,7.096434076539571478e+00
6.082224729343591463e+01,8.105448548208588733e+00
6.441413732324815555e+01,5.179347413259782762e+00
-4.336297310739416844e+01,1.565777534563538609e+01
-7.581126263126428455e+01,2.353728000789956809e+01
-4.689088164534889813e+01,2.036232828500561354e+01
-5.950770784191921337e+01,1.898483414328569552e+01
-6.949157182638029440e+01,1.107405976685542370e+01
-5.518443015537829410e+01,1.833074250030763963e+01
-7.124326759055756497e+01,2.443494155687868741e+01
-5.803982972318896572e+01,1.870826207690701537e+01
-6.224357240087526577e+01,1.727969257284303595e+01
-6.051797106438360885e+01,1.434719809259493850e+01
-1.750676901427877397e+02,1.375878629324369840e+01
1.770181360357069593e+02,9.498645452181932569e+00
-1.677891292875538340e+02,1.413195273991059686e+01
1.752077223953151019e+02,8.159856234855340062e+00
1.757170095914630110e+02,1.054439226362335447e+01
-1.654531299866514189e+02,9.809312629850946763e+00
1.729108592357880809e+02,1.445454975329764480e+01
1.764056670747789610e+02,1.380315365845000031e+01
-1.644201506836106432e+02,1.051639875009637493e+01
-1.794155886066083667e+02,7.353249784052216853e+00
-1.632268848773271372e+02,1.430809707281161991e+01
-1.632136031753236409e+02,1.627129608481683576e+01
1.581431346061550300e+02,1.330778802291792573e+01
-1.569024382046503661e+02,1.223700435618046534e+01
-1.780814620016966785e+02,5.425337028281395746e+00
1.693338110571717436e+02,1.240911311923350624e+01
-1.594148733631519974e+02,1.844874948154892280e+01
1.697725524038880849e+02,9.967031307006367413e+00
1.594328421164727558e+02,1.904549097326274776e+01
-1.585792859678801392e+02,2.043707333964744421e+01
-5.034506551366967386e+01,1.208381709016407868e+01
-7.179422650258648275e+01,8.046995583937407659e+00
-7.138823169409806724e+01,1.161597275376995952e+01
-6.435494106903918521e+01,1.392546844837568898e+01
-6.374936130610958429e+01,1.184474915372652148e+01
-6.232356051173545808e+01,9.026932705250178657e+00
-5.950181439800149263e+01,8.122725841663834601e+00
-6.653067848754440661e+01,1.003109619462902913e+01
-4.194739375494891931e+01,1.215104583733775279e+01
-5.775389826993831122e+01,1.084846732728139784e+01
5.609496916121949539e+01,1.309903684468935836e+01
7.265272093968540901e+01,1.033175551519982349e+01
5.136441923508665752e+01,8.249404035227112075e+00
6.234164262509219157e+01,1.039921393492025459e+01
6.169837031318149201e+01,1.044575525310515651e+01
5.140427095143232350e+01,9.496732285342380564e+00
7.462232130855855416e+01,8.818426661676642908e+00
6.835164326023671322e+01,9.674071214763142024e+00
7.890035447567163374e+01,9.956087035964319654e+00
6.464172886914830940e+01,6.667789217318553341e+00
1.735407633348531249e+02,6.590632194982273262e+00
-1.770809324673905110e+02,5.884397600124089855e+00
-1.797724766044393334e+02,3.769873352283612533e+00
1.731859882254087779e+02,6.339154916662208095e+00
-1.678438277475273139e+02,3.847027416787705434e+00
1.705238957059525262e+02,5.960421701700965968e+00
-1.769136813501685879e+02,1.481255877117100272e+00
-1.784321779570900617e+02,2.622687948280629566e+00
1.788139491122789195e+02,3.896045694470809728e+00
-1.782371953187989106e+02,5.220634776826764245e+00
-1.796062672119233241e+02,9.798060742401721868e+00
1.706645308944345061e+02,1.510299415261373923e+01
-1.773349158520461799e+02,8.250475632821798300e+00
-1.796617722443546086e+02,1.500482948961718677e+01
1.707639787448748052e+02,7.310714772460487509e+00
-1.762418163531571622e+02,9.993312361511144104e+00
-1.688477879912253741e+02,1.398103331812855288e+01
1.649100428598912629e+02,1.266339363427720244e+01
-1.690847826518555337e+02,1.818934269982212371e+01
-1.689893764269006340e+02,8.446350411538929848e+00
-6.417387316322017909e+01,1.626010190545023448e+01
-8.083109288532506298e+01,1.608022248912265084e+01
-5.803368143161876702e+01,9.586726892930528265e+00
-6.040460795381279979e+01,7.763205024240484420e+00
-6.633743239004317616e+01,8.669824518979721617e+00
-5.977809129635662089e+01,1.649505480954003289e+01
-7.204271955605095457e+01,1.253488706142515063e+01
-5.699812043779990489e+01,1.262505364019948217e+01
-7.379002362250341207e+01,1.136045657020327937e+01
-5.960298632984500244e+01,1.229014045487219775e+01
1.681822370197349699e+02,6.207185045827330327e+00
1.758156186189986840e+02,5.820478164372713259e+00
-1.689641612265465938e+02,5.364617720926723621e+00
1.666400220802488832e+02,7.177715637213066380e+00
-1.739715025703382025e+02,1.266098052372551308e+01
-1.739516839403767108e+02,9.239342340771854012e+00
-1.779214183630247419e+02,1.028352877879904170e+01
1.760505177605264748e+02,6.130940656581184811e+00
-1.779599884206832598e+02,6.539284636162680187e+00
1.715163161197277759e+02,8.966088424866574869e+00
5.412125243869584779e+01,1.506255473144103263e+01
7.011540950482643098e+01,9.477029493375638936e+00
7.166828130243364114e+01,1.420065630374267052e+01
6.479290281030361598e+01,1.389840746154914086e+01
7.671777423628500969e+01,1.005311665905281515e+01
6.384946684717135668e+01,2.011277785714412403e+01
7.115289533629150753e+01,1.151630214089420257e+01
6.968573602711744286e+01,1.479338018509494646e+01
5.894213947571674339e+01,1.881787458200733099e+01
7.616226480594399106e+01,9.600984968606530501e+00
-6.934593590464078261e+01,9.934690361044577145e+00
-5.423360259996864841e+01,8.447326691039855007e+00
-7.412820600081562361e+01,1.029996056780175806e+01
-5.510713702324481744e+01,9.926090074101965754e+00
-7.057751353450231591e+01,8.306614165720395349e+00
-6.322554743411463107e+01,8.528617461735986893e+00
-6.593569600629788852e+01,9.571864877130867200e+00
-7.702388267712430547e+01,9.320841756595207528e+00
-5.825581474862560327e+01,6.840288887015626429e+00
-6.915215266588133147e+01,6.062957198496519595e+00
-5.780412686403330014e+01,7.745529804203844293e+00
-6.150665320229305877e+01,4.996740621103448632e+00
-5.859476967808911496e+01,7.513680244410389619e+00
-5.496799722145625111e+01,8.410169033504619307e+00
-5.845406487977572851e+01,1.016160901472493450e+01
-5.794023606216207156e+01,1.438608253165176620e+01
-5.712839328833346286e+01,7.029471109605294643e+00
-6.922150561544782477e+01,1.154663587840893513e+01
-6.307040741823973917e+01,6.007221750761738477e+00
-7.378840013615013049e+01,1.225183031598977124e+01
6.971759279623678651e+01,1.055168228908413930e+01
4.613370811147512285e+01,1.157639100056219661e+01
7.308323485232939731e+01,1.567877303978195158e+01
6.983368279193166472e+01,1.089488932150349143e+01
5.472163265270631172e+01,1.629113234519480358e+01
8.173762577615867997e+01,1.256569534676349420e+01
5.823667473568568909e+01,1.327856130553165670e+01
7.258719772661429204e+01,1.177335186505217379e+01
6.659938016495559054e+01,1.007970003304986228e+01
5.457601071785692426e+01,1.249424877899626551e+01
1.673658041022584086e+02,1.345111982394510264e+01
-1.691364554984783410e+02,6.652662540925682322e+00
1.780240883863094723e+02,1.240448589923088818e+01
1.799273923506320614e+02,1.493550209587460387e+01
1.748450525787796153e+02,1.318772022614457562e+01
-1.787322926336410660e+02,6.267653275718247485e+00
1.779753899670764952e+02,7.858993744822925009e+00
-1.783986793414343026e+02,1.079335994334157078e+01
1.698791334733796248e+02,1.142518814289091722e+01
-1.779684234996747421e+02,8.697112267470131997e+00
-6.894475343089793284e+01,1.390794453845310485e+01
-7.906624746572549611e+01,1.179071914114752317e+01
-7.426108674954024025e+01,1.034538350034607390e+01
-7.447658201640410880e+01,1.027218192630426330e+01
-7.110955529809245945e+01,1.071746358345009753e+01
-5.738912258384680598e+01,9.731078453465036304e+00
-6.284725166728939882e+01,1.400115715570156993e+01
-5.176777544315974211e+01,8.793246329593289445e+00
-5.634326302751497906e+01,7.909358506200511840e+00
-5.968849206242813921e+01,1.164529403645119388e+01
-6.599930297145584746e+01,1.421007496302672202e+01
-5.938585330342052515e+01,9.226322279344881139e+00
-6.323034338146282352e+01,1.216040963407695941e+01
-6.861477697814369492e+01,8.681234295180392024e+00
-4.548621557742703203e+01,1.238828225842305741e+01
-9.022126678724011128e+01,1.246880053150667678e+01
-5.184086642351359586e+01,4.580599282844819875e+00
-5.941433469922758803e+01,8.814907193383870521e+00
-7.615754241521339907e+01,1.136274640553662962e+01
-4.831699895792547750e+01,1.233695013419781716e+01
6.776106230999207014e+01,2.110045000775255630e+01
6.257820435456236652e+01,1.049796652642137929e+01
6.868871980746986594e+01,8.884445994842083749e+00
6.452708668275073478e+01,1.646725564724035351e+01
7.117806693320309819e+01,1.894718118846085630e+01
7.247356595468137641e+01,1.663047192964792842e+01
7.327563342085069564e+01,1.624890239381667101e+01
7.316027795398899514e+01,1.244785173921872001e+01
6.847917131481015929e+01,1.256884937737850905e+01
7.842460873013061473e+01,1.437826587600815742e+01
-1.727283681234860353e+02,6.544813669889011365e+00
-1.786443476144434328e+02,6.750567580851220661e+00
1.747027598040509702e+02,6.599018357313648053e+00
-1.771397837101500841e+02,6.649703965354967217e+00
1.775309718302025317e+02,5.054243686064967100e+00
1.751429035305719708e+02,8.602267371446146171e+00
-1.709448784223164068e+02,7.289867372146012769e+00
1.736058018726113232e+02,7.451473863205340109e+00
1.724828516153787632e+02,6.939910231653056982e+00
-1.676898103203512278e+02,6.709817999156885371e+00
-9.259101413593164409e+01,1.722202042996845606e+01
-6.061296544856897128e+01,2.118252775581684944e+01
-7.911329105699068975e+01,1.798747772572561132e+01
-6.520183693450826468e+01,2.398867209976596016e+01
-5.737638617031596766e+01,1.737578673781127847e+01
-7.078113011267251409e+01,9.746746506170024915e+00
-5.887796649287503925e+01,2.194071101315095262e+01
-6.324162901424180916e+01,2.417737367056663444e+01
-5.660086617972228851e+01,2.414582281869363456e+01
-8.057123331968941216e+01,2.173627015341897462e+01
5.421446546020597168e+01,7.188615834897586154e+00
5.959866737533297254e+01,9.358069573351098569e+00
5.311419180083697711e+01,1.051858119592101914e+01
4.836463813932986255e+01,7.913131539530670722e+00
7.014343952538813198e+01,4.535709686994624512e+00
5.968152866519816513e+01,7.079061305383209657e+00
6.944615648886286863e+01,6.961769142646664577e+00
7.586118708637320651e+01,5.559462736852673004e+00
5.753131235362008056e+01,7.572534888771862427e+00
5.995171977314228684e+01,7.642252032371136039e+00
-1.792499073786356121e+02,9.255946300614821709e+00
-1.776245855447992312e+02,7.144685328125309987e+00
1.753703471265686460e+02,6.867090381193637683e+00
1.771568523010602689e+02,5.747237453020609621e+00
-1.691120187265811978e+02,7.509331568859908046e+00
1.725489630545104092e+02,7.083192631817577301e+00
1.777248238820948529e+02,8.954267254079281813e+00
-1.664262059905363742e+02,1.227268413297635519e+01
1.717207615718865270e+02,9.427913868080555204e+00
-1.791164084712445401e+02,1.090116061715430540e+01
-1.691271521209685034e+02,8.883364492786949285e+00
1.677324217263592061e+02,1.219404507035099172e+01
1.793932533872998079e+02,9.218825856683848130e+00
-1.674059897682567737e+02,8.607222984401078136e+00
1.698571128659957594e+02,1.100376806533697227e+01
-1.750119688156753170e+02,1.433955248928022641e+01
-1.651759720937675979e+02,1.617451523121688339e+01
1.724195719910856326e+02,1.442582902619282947e+01
-1.741988265304100310e+02,8.992362931031962603e+00
-1.765357554934866187e+02,6.376075961697927674e+00
-7.870943081901026517e+01,1.115367274398979802e+01
-5.196005507524225919e+01,1.203147576596456858e+01
-6.914396473215450101e+01,9.599346980012464670e+00
-6.252682492120797519e+01,1.115931329775871994e+01
-6.077233447189993143e+01,1.009323900271871821e+01
-7.352591269745586544e+01,1.039402623690967609e+01
-5.599639916012624496e+01,9.049143943193699968e+00
-8.144648301123642398e+01,1.073306869133103447e+01
-7.171762902869181744e+01,1.340056795427448577e+01
-6.074641373744589146e+01,8.752513999146737333e+00
-1.791227630438766028e+02,1.211854710743217645e+01
-1.775595652790489112e+02,1.210972398201361244e+01
1.726493869204047655e+02,9.472241752975854467e+00
-1.688110377809734359e+02,1.263206328596550776e+01
1.705523997579547029e+02,1.035212397967123721e+01
1.794323185911755445e+02,1.239756604687621788e+01
-1.652674949497823889e+02,1.263104092603582984e+01
1.599474916479998114e+02,1.106224901064173594e+01
-1.642939669225378623e+02,1.062424549079116787e+01
-1.660771712372711590e+02,1.178621045699027903e+01
-6.267312522212988313e+01,8.597755480817964369e+00
-6.584329261165521530e+01,8.093959448433681203e+00
-7.088704444850144171e+01,9.065169538078727385e+00
-6.126390220558744204e+01,1.366772583079423775e+01
-7.277251159267372316e+01,1.015504001778545451e+01
-6.334091720671425207e+01,1.170182176114774286e+01
-7.066804324049148534e+01,8.803982254272769481e+00
-4.858522179736871038e+01,1.276230656713461187e+01
-8.478354086207659179e+01,1.135804341299437148e+01
-5.862857273639244227e+01,1.196452619547694596e+01
-4.474167716658644167e+01,9.841108086067336558e+00
-8.441962504740708084e+01,1.153766917116289470e+01
-4.900086164172260084e+01,1.156934446077842615e+01
-6.414789955984059588e+01,7.183953631083288549e+00
-6.720311013404842981e+01,6.854288441652700570e+00
-6.352728691820144036e+01,1.219051003368157815e+01
-8.003054260361619754e+01,1.809248922274802851e+01
-6.639748863396148693e+01,1.788061232858106564e+01
-6.902532815647778364e+01,1.504742972899350306e+01
-6.140248306680967971e+01,9.689700529898439996e+00
-4.893668071740556513e+01,1.837977711053095220e+01
-7.116914789389622342e+01,1.612155418550612751e+01
-4.324673031620593378e+01,1.813726472363175191e+01
-6.849991451317764302e+01,1.418398184432641074e+01
-5.737727558497866909e+01,9.862093254605731829e+00
-6.321694144953544026e+01,7.522952506877849999e+00
-6.764617548173832517e+01,7.311467479595936680e+00
-6.940817705390617220e+01,1.203867730656907931e+01
-6.579705589574288638e+01,8.354639671721811212e+00
-6.791556493129689898e+01,6.390322296045183315e+00
7.559053727792752397e+01,1.373180886003904178e+01
6.895624687663612917e+01,1.748430538536817380e+01
8.376583569754305358e+01,1.236448093587819841e+01
6.415971378340152853e+01,1.713558905714413427e+01
7.710176694883467974e+01,1.183702300303557209e+01
6.966974045677081051e+01,8.911380955968978057e+00
5.833252880715227917e+01,1.360072591619809401e+01
8.103118385420204106e+01,1.596563754730403417e+01
5.629897282174666628e+01,1.255836370113670064e+01
6.576713824966255117e+01,1.224568072897423576e+01
-1.723795842164276735e+02,5.776680236810966207e+00
1.732785412778229386e+02,1.309523240346123885e+01
-1.771877823517660033e+02,9.555858645921702532e+00
-1.767077990966491825e+02,1.296963917703556035e+01
-1.732759438062619779e+02,2.103423732081280306e+01
-1.755372148373827486e+02,1.654768836274644883e+01
1.768906459895634669e+02,1.515122674515060552e+01
-1.566480726817825655e+02,1.897820634045538668e+01
1.733884076471931621e+02,1.546459535365171689e+01
1.702977805907075606e+02,1.217535852632789251e+01
-5.473378355757618152e+01,6.877011896740030217e+00
-5.399700174112751938e+01,9.375086578229478107e+00
-6.946666756359334727e+01,1.296804375357991468e+01
-4.189941497908672829e+01,1.107496095116338708e+01
-8.283925159980263686e+01,1.133139268821839707e+01
-5.494489282933990637e+01,1.274707685700152382e+01
-6.326751523848093228e+01,7.827556657199316703e+00
-8.952842548457662986e+01,1.699219901672861965e+01
-5.160668015460165492e+01,1.750907332014732276e+01
-6.967754959179039531e+01,1.966310557827218730e+01
1.690113177582440187e+02,1.926194407386410035e+01
-1.550551580979098389e+02,2.119603523617723084e+01
1.565609708822361483e+02,1.895169827126088791e+01
1.613540367425625561e+02,1.669056893442437328e+01
-1.532980775852575164e+02,2.003370326255234346e+01
-1.792165907772852336e+02,1.364903375541769037e+01
1.581704389475004859e+02,2.094442279995267953e+01
-1.646751494513583225e+02,2.035875708500077153e+01
-1.576640166083141139e+02,1.763662644533779655e+01
1.629134537429183354e+02,2.624143053024683780e+01
7.009362942069529367e+01,1.051394623551853869e+01
5.993980991762139610e+01,1.203274534830925369e+01
7.630269841300751921e+01,1.156209169185112806e+01
5.757887755183939760e+01,1.501720577671843415e+01
9.224982870525440148e+01,1.659749202885478070e+01
5.522793383680453871e+01,1.827524037300074156e+01
6.877795869770734782e+01,1.892831118782104483e+01
5.719216644550843398e+01,1.428655291277527084e+01
8.078109750054262861e+01,1.743340221459477135e+01
5.187933106146993367e+01,1.799421409231997160e+01
-1.745244483205573545e+02,1.545553914760489889e+01
-1.661527882862906722e+02,1.170107124074067784e+01
1.663867734783271146e+02,1.310136939341560236e+01
-1.731211810894282337e+02,1.540761603586090445e+01
1.757483271190018002e+02,1.265946032444916192e+01
1.693848577953970107e+02,8.995322551499988606e+00
-1.700291624480214239e+02,1.346694970898381172e+01
1.686024873045491290e+02,1.205495028743197850e+01
-1.795271287718902897e+02,8.585497448207243920e+00
-1.685239680295910318e+02,1.119873322748882138e+01
-4.947207194979760914e+01,1.100812969003827035e+01
-6.078687179545423902e+01,5.332099849934190061e+00
-7.289492628576435607e+01,1.332269334461286903e+01
-5.750271704413470530e+01,1.445910886703235398e+01
-6.573579046472561060e+01,1.107581691346185870e+01
-4.594362045506139935e+01,1.981119764887741042e+01
-6.617624134521193469e+01,1.376719564744126068e+01
-5.385176834784935807e+01,1.872209809556590088e+01
-5.918487444997418123e+01,8.641904639084533102e+00
-6.091416357001774173e+01,1.783581948813100482e+01
-6.116218086636629891e+01,1.196542645186434939e+01
-6.248299769905595724e+01,1.517006866942080379e+01
-5.130046661188047352e+01,9.005632400294665274e+00
-6.648266969072186328e+01,1.296724229548596874e+01
-6.013797042466861598e+01,7.737546276359005049e+00
-6.658385752187207629e+01,1.041052074141628658e+01
-5.656693360242147151e+01,1.693141365790845754e+01
-5.290847960543057127e+01,1.570538210534779466e+01
-5.268656225286923700e+01,1.889089876584459660e+01
-5.377839114090314609e+01,1.258821680334171589e+01
-5.120724331885053715e+01,1.697000214942310237e+01
-6.797710491368849262e+01,1.067728935782522370e+01
-6.331394368297851827e+01,1.228305115843035900e+01
-6.274416299849029599e+01,1.378867240335539179e+01
-6.123352251185816897e+01,1.403016398425887701e+01
-7.508069904246789861e+01,1.245077262693539488e+01
-5.185197695242737126e+01,1.577099642874252083e+01
-5.419843044142834287e+01,1.112434394471149091e+01
-7.324714019393304909e+01,1.423748683850497265e+01
-6.302138656268922290e+01,9.873669630425187194e+00
-5.610172826788166134e+01,1.007172198165026344e+01
-7.772980787593907337e+01,7.402087083147433688e+00
-6.109292143249476936e+01,6.926158522171920850e+00
-5.594975774548175451e+01,6.486007632177262394e+00
-7.048908352026356283e+01,6.441693269119157961e+00
-5.042705866013217531e+01,1.021405288828723812e+01
-8.817438101519935856e+01,1.235282154143151345e+01
-5.949972132618975706e+01,8.077312725452122422e+00
-6.816885646976429314e+01,8.011985749286811398e+00
-7.460044959780987028e+01,6.938214992071957354e+00
1.775649514605339618e+02,4.838826548276623285e+00
-1.746994067278571379e+02,7.166237538238251048e+00
1.770447554456003161e+02,8.394826493872560746e+00
1.777320341460492159e+02,1.009835190016362816e+01
-1.715951926639021679e+02,1.354378141730449414e+01
1.728931948085506178e+02,1.074632463238251567e+01
1.758249259963786812e+02,7.502458501830734150e+00
-1.699983041654627129e+02,9.711236578623950066e+00
1.660354282260599916e+02,1.395893324950594838e+01
1.731056500560545999e+02,8.937160558436458402e+00
6.879738079036519594e+01,1.275569514793001957e+01
6.832863335762246493e+01,1.118107084752990765e+01
8.212214263418950111e+01,1.285541585233657713e+01
6.512884536674440028e+01,1.099899691704825955e+01
7.449739129234909285e+01,1.371055354652284741e+01
6.725835541605533763e+01,7.770268135174788426e+00
5.812425706636432210e+01,9.112544377893474490e+00
7.118377301564906645e+01,8.975279699999976657e+00
6.341348920494591823e+01,9.373537045964425829e+00
6.564723491228811270e+01,7.794168402879895652e+00
-8.385799656945091840e+01,1.785031728133128937e+01
-5.761959834726985008e+01,1.552404795442468100e+01
-6.502759131889442301e+01,1.251691766008180196e+01
-6.984965087541343109e+01,1.024612419304022204e+01
-6.910953899079817120e+01,1.472877705361444356e+01
-7.733830959863668397e+01,8.258059188374609505e+00
-7.406363923277980632e+01,1.573479100362970229e+01
-7.097045433323127384e+01,1.003781515983495964e+01
-7.299398364432597930e+01,1.544415442381519910e+01
-6.766169173863008268e+01,8.795565811423927016e+00
-6.732109032574282992e+01,1.326258868674331026e+01
-5.802150041339395159e+01,1.462618054466053863e+01
-7.974375984081386548e+01,2.081354241544443795e+01
-5.616029190324939435e+01,1.335496278503748968e+01
-7.029431442735571522e+01,1.263717206583335262e+01
-7.882101474202319480e+01,1.525763624569619203e+01
-4.386862551210886352e+01,1.207686484102123359e+01
-7.593105680311121830e+01,1.496067594263676881e+01
-5.517362405710122886e+01,1.314581641272311607e+01
-4.312788137989790016e+01,1.229765743803635658e+01
-1.797942339338667068e+02,1.332553204544630354e+01
1.741669564855126282e+02,1.057898960734963012e+01
-1.679891840911175223e+02,1.302608835392652509e+01
1.676503569008040699e+02,1.591012921295940785e+01
1.706299244622702531e+02,9.066237038807562598e+00
-1.659868280973759340e+02,1.267462378431060976e+01
1.713820075638755895e+02,5.686315717870109587e+00
1.771354417772345471e+02,1.197627753695614672e+01
-1.592955235721469478e+02,1.349137848211136159e+01
1.616091175262204445e+02,2.041771057098230813e+01
1.666023374545408728e+02,1.038362849711838365e+01
-1.490090975444030335e+02,1.938376947543110873e+01
-1.793449676004688058e+02,8.240404247208475752e+00
1.736985053171696336e+02,1.598070724073781079e+01
-1.601208824122522003e+02,1.646009443876977940e+01
1.751538772105990631e+02,1.726993819571436006e+01
1.758515239965804824e+02,7.697405426038745446e+00
-1.563938578543876474e+02,1.335386188617029823e+01
1.712472401678896858e+02,1.086648047178079857e+01
1.774345498414286908e+02,9.530481183316329208e+00
-1.726178931918763624e+02,9.746427372010574075e+00
1.786894703580943542e+02,1.197517211566655604e+01
1.671732506536951348e+02,1.225111734540275066e+01
-1.644143691062922699e+02,8.034191744674947344e+00
-1.791267840090326047e+02,6.905502585463920262e+00
1.477865729201288616e+02,1.725329172861259508e+01
-1.735652289131495536e+02,1.382254824833715645e+01
-1.609055012363457138e+02,1.602981411725530947e+01
1.503035845031712654e+02,1.740738961456444400e+01
-1.660171218912857682e+02,1.262700740449650638e+01
1.788250424927474000e+02,5.651080927386923136e+00
-1.738045997190008052e+02,1.197826595302989361e+01
1.754918336897490292e+02,5.435123038487030378e+00
-1.706619194857758259e+02,1.571152067915256012e+01
1.796068521621402567e+02,3.586816487326179193e+00
1.760132336421366972e+02,8.424316011789658276e+00
-1.791138298966994853e+02,5.011895165186249557e+00
1.696533855062142209e+02,1.188078568087020237e+01
-1.737937524852428908e+02,1.332861653816960334e+01
1.712813321417638690e+02,1.109169686618566963e+01
-1.719768267194495763e+02,7.211838428256201361e+00
1.730385985064708905e+02,3.792830332241321933e+00
1.799662027919314085e+02,8.433603232184857745e+00
-1.785150946429069734e+02,5.164446011057865604e+00
1.790033464033055282e+02,1.368120829801399907e+01
-1.699243876229352281e+02,7.716419815174392127e+00
1.678885801886072784e+02,7.659566834884261155e+00
1.778902259523885618e+02,6.481933150062967108e+00
-1.712016540552156982e+02,1.162063643538730418e+01
1.713840276454908462e+02,1.515420256514287445e+01
7.017184203149712118e+01,1.147197590704421977e+01
7.859997823711758258e+01,1.421529738113216013e+01
5.085957398659609652e+01,1.680961755676668545e+01
7.880584356214784236e+01,1.434523222785719554e+01
4.992918413155540946e+01,1.858307938158700168e+01
5.939722795640044950e+01,2.321618341006046649e+01
5.083570462229165798e+01,1.091274114679881535e+01
5.993276171817931441e+01,1.882975492862352596e+01
6.688264434653419244e+01,1.114195940624346015e+01
6.130675493097329820e+01,1.306078113143294139e+01
-1.652790433888603445e+02,1.250537343114738498e+01
1.687831501274633297e+02,1.701052698248410877e+01
1.753600443070195070e+02,1.639534650593943255e+01
-1.615809648467345028e+02,1.269321444234402563e+01
1.756345460270779313e+02,8.438924425232714910e+00
-1.764794682396223209e+02,1.312587791520121883e+01
-1.680629828750564627e+02,1.531287477904809435e+01
1.725165838350556555e+02,1.407966373916879732e+01
1.787323298535420690e+02,1.270780493540795320e+01
-1.786483472574093980e+02,1.035372729152151017e+01
1.734139784962754334e+02,1.217318498164105733e+01
1.565344993469981603e+02,1.094695695537574665e+01
-1.535805642625965675e+02,1.498249737575484097e+01
1.728594966868009521e+02,1.016725680208335447e+01
1.635274138565609405e+02,2.148961951850192520e+01
-1.623484131675843685e+02,2.186647094100410627e+01
1.740507700551534356e+02,1.573867436242997897e+01
1.789184710461111081e+02,1.341817293801040734e+01
-1.663850956501501628e+02,1.562080779027541766e+01
1.644353930547938774e+02,2.075133174994996565e+01
-7.277634405753200042e+01,9.407415525198594253e+00
-5.071366116619134345e+01,9.184131559800311706e+00
-4.442857727889068542e+01,1.260094061102942753e+01
-7.059073194587891464e+01,9.788437753005585051e+00
-4.436166896376391122e+01,1.467936201071320745e+01
-8.810681133002583465e+01,1.276697338869668208e+01
-5.347647784930119741e+01,1.306338148827904178e+01
-7.503462071764964492e+01,9.764678705271300885e+00
-7.281064782061557139e+01,1.000315939320025294e+01
-6.507411718770343612e+01,1.475873760338772200e+01
-7.725131945769882691e+01,1.105054602340086944e+01
-5.937062252921905525e+01,7.323182407683709982e+00
-7.030696034636673630e+01,6.731633023173663410e+00
-6.536021248163443431e+01,5.782904415525643493e+00
-5.813240070348598465e+01,9.639138838300103984e+00
-8.590624249444616112e+01,1.335137389196199287e+01
-5.463927137357746489e+01,1.199102212172448390e+01
-7.661327431307775271e+01,1.229752449155568073e+01
-6.515572686404523495e+01,1.138193641864085848e+01
-5.456496213363593029e+01,1.178078312256226035e+01
-9.539360622202069351e+01,1.672572288334893997e+01
-5.598049680510136028e+01,1.182935566628926338e+01
-6.740547945166787258e+01,1.161424019824720943e+01
-1.000258776339114064e+02,1.589471224538857541e+01
-5.493907414371111742e+01,1.615544667299319315e+01
-6.030723826942913490e+01,1.057536551409784487e+01
-8.909741376104786070e+01,1.831690836073040884e+01
-4.490821031605808145e+01,1.931779532598368121e+01
-6.947698032249580535e+01,1.681865072940155414e+01
-7.566958767080804193e+01,1.723267850087366782e+01
1.767754470672313687e+02,1.393300121020502402e+01
-1.558270234428252365e+02,1.517967658599045500e+01
1.711769269960047382e+02,1.024996563518298132e+01
-1.732761450792536095e+02,7.471016419587851232e+00
-1.658470405896116233e+02,1.236313132923856273e+01
1.562578906707859687e+02,2.168471545058864791e+01
-1.710953656217548371e+02,1.012690967924613261e+01
-1.651847078061057061e+02,1.492541856481260965e+01
1.679907145519791527e+02,1.415033235701342562e+01
-1.796038520490147903e+02,1.082894266214613666e+01
6.279389405820590753e+01,8.185323815307699036e+00
6.159364799613091179e+01,8.738917546794340296e+00
6.171955636228781117e+01,7.986150453598472865e+00
6.473650950359821366e+01,6.753578911499845461e+00
6.688476554311472455e+01,7.256019362797853312e+00
5.583852246599136038e+01,5.802470913520511253e+00
7.130038558005298910e+01,6.583370166359484799e+00
5.264705702996180747e+01,6.227926137950207774e+00
5.943430960036857158e+01,6.053395877792459245e+00
5.670334531342508200e+01,6.967127095652893232e+00
1.740475437609233893e+02,1.529794585167571341e+01
-1.766834432203710037e+02,1.426070371353943322e+01
-1.756645816725354905e+02,1.120314191586126285e+01
-1.774715945742223937e+02,1.285988502007821666e+01
1.750595377060749627e+02,7.055729528662189942e+00
-1.647721444624411049e+02,1.116631506725796541e+01
-1.744053409961695422e+02,1.273739376087211106e+01
1.656107689649303154e+02,1.532743227940838082e+01
-1.692880721003542988e+02,8.724542082613714555e+00
1.767569118672565196e+02,6.708454502848686829e+00
-7.019392752389737211e+01,8.860896194708303142e+00
-6.116969189453293865e+01,7.188284376097859862e+00
-7.507057794135172912e+01,9.709164831152765629e+00
-6.797526297723392474e+01,6.890489934766517166e+00
-5.645390662092260925e+01,5.914620808892658843e+00
-6.215870935131382424e+01,7.743776871826449693e+00
-4.624894547168989334e+01,9.178995913371046811e+00
-6.701044934251603991e+01,9.423580834920688432e+00
-4.674239481941797436e+01,1.079738224880867747e+01
-6.930388892925094524e+01,8.702866571552693387e+00
1.528541891078401704e+02,9.796884044998694918e+00
1.774681551015876835e+02,5.307147669017871827e+00
-1.643339146770565549e+02,1.028410421896087357e+01
1.687753780426263575e+02,1.599722230072969253e+01
-1.744101602111413456e+02,8.868971152955900550e+00
-1.789665818975225591e+02,4.772994120124369744e+00
1.723701454287648289e+02,9.927602501429742432e+00
1.786449212316407511e+02,9.989537711412765475e+00
1.743625605271766972e+02,3.144919239236652064e+00
-1.757532483955092744e+02,1.154962085003598915e+01
6.140611340267754059e+01,1.909806052996878378e+01
7.700418882970704715e+01,1.430459603049853712e+01
6.225672999678995723e+01,1.352431614032813201e+01
6.703122244184295653e+01,1.177300756563570694e+01
6.202654246276180316e+01,8.642787196166487718e+00
5.898481778222998173e+01,9.553578578563918455e+00
6.420096338014815274e+01,8.288768937031905537e+00
4.912271656564346500e+01,1.221329916087158551e+01
6.652329151206237157e+01,6.362298070315659970e+00
7.020152788318542036e+01,7.691947089028998263e+00
-1.733545573082724331e+02,1.010779366626627152e+01
-1.795595713911752682e+02,9.138099396341937464e+00
1.788723051884362008e+02,1.057791661113363446e+01
1.758728379990510859e+02,1.281581381572442879e+01
-1.765560547293945035e+02,1.319548602153959749e+01
1.796548663130960506e+02,9.202346618855038685e+00
1.726274618380688821e+02,1.426950110031335406e+01
-1.728993716415012045e+02,1.095737609493179043e+01
1.664407783632931057e+02,1.135930357452175343e+01
-1.680488354794977113e+02,8.191706526770826002e+00
1.788118416815416651e+02,7.932274588350896494e+00
-1.666985978993413937e+02,6.745983750318325534e+00
1.603216565489580887e+02,9.353194572989963262e+00
-1.723916563880168269e+02,9.603473234542819981e+00
-1.710901635814216206e+02,9.728265517211113433e+00
1.515251284554211679e+02,1.384924853269633971e+01
-1.782802084948437198e+02,1.220626824593168536e+01
-1.651289559605152419e+02,1.220031703528431422e+01
1.587378385184420893e+02,1.829092291991525698e+01
-1.761988160829309606e+02,1.357060059780066652e+01
-1.614038795342935373e+02,1.739810733682979560e+01
1.758496168934719037e+02,1.179951334665278395e+01
1.752174180359720026e+02,9.053421378244060236e+00
-1.706261469295596953e+02,1.061969119115572724e+01
1.680939731416463587e+02,9.365315198832798060e+00
1.749437921013704909e+02,6.339435485658444058e+00
-1.723026071824257031e+02,1.522128401262482811e+01
1.669890807995610373e+02,9.960572596321688010e+00
-1.671071858820876912e+02,1.351534527285431153e+01
1.754772643036561419e+02,6.958459132199607211e+00
-5.879553564336232085e+01,1.408613058923993577e+01
-7.000951993288263964e+01,1.798326667131764722e+01
-5.789734095586404550e+01,2.033164080240543825e+01
-6.831762412681155183e+01,1.620818695918196894e+01
-6.280830543097752638e+01,1.608794671184333680e+01
-6.046581526062692546e+01,9.842297497135401585e+00
-5.877009518441079194e+01,1.047585357752579682e+01
-5.450490259427564155e+01,1.229421909686483261e+01
-5.637132937572297209e+01,1.445767090183177750e+01
-6.152333765255234965e+01,8.614755759663555779e+00
1.331479450974959775e+02,2.409812761300366901e+01
8.086300050466768141e+01,2.252908879298469103e+01
3.492061708503575801e+01,2.648838521497921761e+01
7.739041865682310117e+01,1.343493157033638674e+01
1.104146806867958333e+02,3.037466870047176570e+01
1.286403860838516096e+02,3.345005874097230247e+01
1.736325818113079720e+02,2.029796130836855284e+01
-1.583608918852263514e+02,2.770963823774843604e+01
1.669565900834084005e+02,1.541503002932236654e+01
1.477197693194140982e+02,2.149043390455919678e+01
-1.675660137760228565e+02,1.331393298680365334e+01
1.727609753578676930e+02,1.601078199122545342e+01
-1.574339328658117836e+02,1.595912519438892474e+01
-1.760971666506177655e+02,1.000085959106478306e+01
1.733131324728353491e+02,8.797240540160533584e+00
-1.686119678115099134e+02,1.595876092820077119e+01
1.639332109182859938e+02,1.250563386704224556e+01
1.755825664067216110e+02,8.165128560112037803e+00
-1.717587374567965810e+02,7.787616994807837756e+00
1.762201336687698756e+02,1.470715322132204861e+01
-4.729763170370013370e+01,2.150423410476847863e+01
-6.844489102205257325e+01,2.001881527696036400e+01
-7.539591012817639637e+01,1.352689950969221400e+01
-5.486315419349993761e+01,1.770533149932483852e+01
-6.149910530432435252e+01,1.749657136157756554e+01
-7.773257717696273517e+01,1.888500601820745928e+01
-6.934793132040803698e+01,1.891301551358885291e+01
-5.407926328357223156e+01,1.836359605067028511e+01
-7.052960074775610622e+01,1.469927038197707958e+01
-9.478379554032636634e+01,2.011835093794322660e+01
1.792329367314603417e+02,4.331675696633785932e+00
-1.751771654283137991e+02,1.435438887849677547e+00
1.641592734566786191e+02,4.734581075649968440e+00
-1.628469368734001250e+02,5.368386140265912765e+00
1.605231722088870754e+02,8.482270672711441861e+00
-1.648814990808692755e+02,7.208396758299797646e+00
-1.776109714673640951e+02,6.466623425325360941e+00
1.768059580111344644e+02,5.429446935028766852e+00
-1.768215936880689014e+02,5.679653555207415216e+00
1.763977655011157140e+02,6.062020398052072601e+00
5.749266806147087294e+01,2.155816104232476249e+01
5.282379973263981299e+01,1.859300374325810878e+01
7.214861211448453560e+01,1.698973039462311263e+01
3.793726374656652922e+01,1.706524881197869803e+01
5.146246747803984078e+01,1.786826491570586128e+01
8.751185101408144362e+01,1.058634403754498621e+01
6.319401892213831928e+01,2.360585016979512929e+01
7.047292085296336950e+01,7.000615485142072103e+00
6.992035217719111984e+01,1.697367413906582456e+01
5.733220592562349793e+01,1.016244300458927263e+01
-1.675354303353434773e+02,1.050356329071559003e+01
1.730584792978773123e+02,7.083057369813037241e+00
1.737815717077983493e+02,5.620016594535142573e+00
-1.596501021214664036e+02,1.212003251528620495e+01
1.670724129868449666e+02,1.171814319680569128e+01
-1.787124450850218125e+02,1.392882322537943196e+01
-1.771878316039804702e+02,8.440746626635988292e+00
1.681937148556592376e+02,1.014476963655677366e+01
-1.714846566685800724e+02,1.166658873972043509e+01
1.737943313048936886e+02,1.021734209620978007e+01
-1.730316853928248975e+02,7.214491618223124902e+00
1.726056333996759804e+02,9.026086141652198691e+00
-1.623010900016805067e+02,1.218798690000601326e+01
1.790305259408399365e+02,1.600242845777768252e+01
1.716854990093868025e+02,1.444793065095676710e+01
-1.730518167720568670e+02,1.110333563414289237e+01
-1.787304077685799939e+02,1.869648228803480805e+01
1.659037142377012231e+02,1.564292068207264919e+01
-1.741619920755328224e+02,1.156354672688439855e+01
-1.739968311437802981e+02,1.013716164263849073e+01
1.613501516214928415e+02,2.131930641549774208e+01
-1.752502575044638036e+02,1.771577673592109292e+01
-1.712588059417496993e+02,8.395344960029763826e+00
1.616210690543325939e+02,1.073062144876935697e+01
-1.745300766904058491e+02,1.023245765916100325e+01
-1.794487749837190336e+02,1.406401020623154352e+01
1.791341352076730118e+02,1.510385566863926243e+01
1.773051902635362751e+02,9.669648836116245150e+00
1.750181423675560666e+02,9.231590774183299430e+00
-1.726764747382698317e+02,1.246283526092448213e+01
-1.751176917395681869e+02,7.216400193071653923e+00
1.742970240458683122e+02,1.176875486860733488e+01
-1.729515574840762326e+02,6.459763744709066557e+00
1.791095410635276437e+02,7.276891221670917176e+00
1.780769615620309878e+02,4.676846051351299494e+00
-1.743883662359569939e+02,7.813225707081384641e+00
1.745358501347216418e+02,6.261007036320332730e+00
1.750879413637411517e+02,1.032231557887604900e+01
-1.740334669836860826e+02,7.781509565612971357e+00
1.771298638837559167e+02,6.744361607062579367e+00
-1.669094431266487106e+02,8.931776899289870286e+00
1.715637854352834211e+02,9.843725595914406767e+00
-1.767849587022281241e+02,8.992654333189580740e+00
-1.757130947396905469e+02,5.450281392637917222e+00
-1.786624204649955630e+02,7.127019049039295062e+00
-1.737434279656384604e+02,5.621176359223593266e+00
1.723574908590674966e+02,9.795507866802115160e+00
-1.783803486887619840e+02,1.206933560376655912e+01
-1.727866407731130494e+02,1.235143607158777357e+01
1.713162817278837906e+02,6.822179580992409065e+00
1.640432721285446291e+02,1.394122695446166205e+01
-1.613994171532532107e+02,1.125748942126894292e+01
-1.713146987408887298e+02,6.839142706767876945e+00
1.741354866008355202e+02,8.971153457478793669e+00
-1.596512179099233606e+02,9.964997078310341649e+00
-1.788496200247785168e+02,6.199693249112863569e+00
1.620268214765298467e+02,1.265264629471714031e+01
-1.558418840942032375e+02,1.394362478649618531e+01
-1.613160261843673595e+02,9.087027138485197497e+00
1.504885115303463294e+02,1.376812745826449103e+01
1.652043637909580411e+02,1.240995332512734173e+01
-1.785381220538773732e+02,1.497880215170390272e+01
-1.764811458495264276e+02,1.724407113443253792e+01
1.751087370330372437e+02,1.694604518845310892e+01
1.689380943879483823e+02,1.418007497921959725e+01
-1.668114663989363180e+02,1.117556013311969565e+01
1.708307201807980960e+02,1.321554159739186396e+01
-1.755528370236093281e+02,1.904858401664857581e+01
-1.713779340591574396e+02,1.836522665276169164e+01
1.727761676132534205e+02,1.262328307447064546e+01
7.980722518162926349e+01,1.894557560751752590e+01
4.323229494470242429e+01,2.205207764710478813e+01
8.145146905220488520e+01,1.393947904641735747e+01
6.507871099565203110e+01,1.907566591788383548e+01
6.835989744672197332e+01,1.435975514427945399e+01
5.068927629879842556e+01,1.635870303664854220e+01
1.007906701059281716e+02,1.740632376225864064e+01
1.225955542499588660e+02,2.500485340760362263e+01
-1.673440527359661303e+02,8.250464457293738008e+00
-1.310822581925552583e+02,2.094300868374050850e+01
1.604379430067444048e+02,2.686199046509421251e+01
-1.724640432465622837e+02,1.606759994634442634e+01
1.779955872541077611e+02,2.552951812613276061e+01
-1.775596350145302438e+02,1.077068907542687271e+01
1.758298339548784099e+02,1.264073726420937405e+01
-1.724135056809520847e+02,1.362459284135869630e+01
1.669999973517033141e+02,1.039593422262293032e+01
-1.743913985848696484e+02,1.594822462805640129e+01
1.764363606302766527e+02,3.131365307316289037e+00
-1.760768874473257597e+02,1.432003481968691538e+01
6.480507855109635784e+01,7.911575929865147572e+00
3.681988748074329720e+01,1.495804986565173778e+01
6.032428398189939145e+01,1.644292460269994294e+01
3.406263575455556492e+01,2.052460721895499773e+01
7.070535652810784200e+01,9.648717202471758014e+00
6.713808589983284492e+01,1.198627030034721486e+01
6.844089321195788500e+01,1.528776298806560874e+01
8.583467147077996628e+01,2.458306657210157908e+01
5.944215236945358782e+01,1.042558512442242247e+01
5.972202851570916948e+01,1.490296231881816524e+01
6.627719786557007353e+01,9.437593010525088033e+00
7.065338422960300591e+01,8.623678096924694003e+00
6.701987380925983473e+01,8.145527050348697173e+00
6.852145689000057871e+01,5.527429335158666746e+00
6.705608296465138096e+01,7.117728233312935693e+00
6.171556293797211623e+01,9.722991527118674426e+00
5.572777254921005863e+01,8.277333748851338768e+00
5.252887739100575004e+01,1.624781010865817521e+01
6.383215494705958548e+01,1.393980304783390700e+01
4.826215102174229088e+01,1.254842007129761328e+01
-6.620836521228658000e+01,7.566664534491504668e+00
-9.496079254625269073e+01,1.922462745065477208e+01
-5.906673618441924134e+01,1.585888195498429099e+01
-7.691256537535051052e+01,1.071387383473552646e+01
-7.564100025952984652e+01,1.294920306850890057e+01
-4.863342636397317165e+01,8.348101487749968186e+00
-6.736979623296380737e+01,1.470096588719791342e+01
-5.121646980513420999e+01,1.947328259303332487e+01
-6.245443988001064639e+01,1.819522079040652685e+01
-6.204111395005271135e+01,1.428915104091229971e+01
-1.664193063134910915e+02,1.177780283220256585e+01
-1.769369808763897538e+02,1.028002084737229715e+01
1.795126444602174729e+02,1.106971120750314164e+01
-1.691219575760236467e+02,8.622496447551556642e+00
-1.793493960109120735e+02,8.558392662037064724e+00
-1.766846734620613120e+02,1.050892827799400031e+01
-1.784513031944929935e+02,1.217929732117508834e+01
-1.782968639866919318e+02,5.899486200185492635e+00
1.791684799077023627e+02,6.792889649201773850e+00
-1.773783752952225541e+02,4.503996704455456523e+00
1.790578858760714240e+02,6.650921306251515119e+00
-1.741114802589361830e+02,1.424080463305126898e+01
1.691797783372470576e+02,1.565457035195814939e+01
1.786513173002774408e+02,1.568600595641941098e+01
-1.593775974281467427e+02,1.390005737629900473e+01
1.784069688256969641e+02,9.127991814669123016e+00
1.700183165628299946e+02,1.066762373527170737e+01
-1.663557475699070380e+02,1.168067321417059290e+01
1.650442361725321518e+02,9.146998459466722409e+00
-1.721986754276548766e+02,8.699951514876646641e+00
1.750989510082584104e+02,1.088314098877664549e+01
1.799376413679935638e+02,1.578057246594717000e+01
1.784838596297692277e+02,1.117393292272514316e+01
-1.728990659679552948e+02,1.198983366529168926e+01
1.791657765002889846e+02,1.401541592467929398e+01
1.732757582661064930e+02,1.809663430449201016e+01
-1.711235209381344475e+02,1.773730436245649145e+01
1.795965091524600439e+02,8.035996817772179668e+00
-1.696790754967738906e+02,8.821572897460004725e+00
1.785233920869534074e+02,9.189311328828344116e+00
1.539495154069969090e+02,1.731698106357433886e+01
-1.741046635072019342e+02,1.128799864041407908e+01
-1.734308644721061796e+02,8.878690602837618684e+00
1.538946386750888280e+02,1.457309204862925434e+01
-1.750843360196714968e+02,6.437384497716996279e+00
-1.708307766133908672e+02,6.737307698245542653e+00
1.686028346160266835e+02,7.648762277860988945e+00
1.778726697336506959e+02,3.443516477269245257e+00
-1.702108949899758557e+02,7.805298167255759978e+00
1.728999608494147822e+02,6.146873450723703058e+00
1.798291231200132643e+02,9.540284453887611704e+00
1.783940114550249518e+02,1.182442003638052697e+01
-1.737139371983975025e+02,9.756491852888252936e+00
1.743783739116790343e+02,7.774393155156086976e+00
1.786830513025664686e+02,7.574428141509578438e+00
-1.796944964759789229e+02,6.100535919307434440e+00
-1.693353923859941119e+02,1.247133258530976718e+01
1.701017893583654086e+02,1.231053701885074680e+01
1.789240871316553125e+02,8.724893916869643107e+00
-1.712481689445876043e+02,1.409173598063335042e+01
-1.648531155288094396e+02,2.487292947050277547e+01
-1.760888916382606908e+02,2.257020483030746760e+01
-1.700462826369154641e+02,1.763917120018114559e+01
1.752578658852872877e+02,1.489207269106941034e+01
1.772376465216938755e+02,2.027570628077595671e+01
1.773689060207783825e+02,1.240029513257482563e+01
1.716315528852747150e+02,1.386330933342658867e+01
-1.717480271174839856e+02,1.920797795775167316e+01
-1.769473900183672015e+02,1.220493124475576252e+01
-1.780178960483017931e+02,1.231946128866920986e+01
6.432843553583337837e+01,9.501414576371328025e+00
6.969538129034698670e+01,7.583928908819054016e+00
5.145602113461956151e+01,8.141029717995802883e+00
8.264196824529929586e+01,1.090694782809496921e+01
3.938782062276662543e+01,1.478694854254724689e+01
7.341483924491036817e+01,1.127114354770797888e+01
5.873970445670172325e+01,7.014698953098831069e+00
5.904727015648685295e+01,7.551497784386523193e+00
7.743172491186038542e+01,1.169605142731844261e+01
5.509210830474267340e+01,1.305173131365091521e+01
6.780595850269365599e+01,1.600446201454693096e+01
6.309125407199051949e+01,2.645318637521675598e+01
5.820811753151807011e+01,1.156563320193656175e+01
7.018397846583690125e+01,1.844538135077781504e+01
6.060330435524142700e+01,1.186166405590070916e+01
6.452847139746666016e+01,1.651543166824669484e+01
6.590240240011226547e+01,1.517906986358060628e+01
6.817126080516622721e+01,1.537978305052093830e+01
5.935184583361598243e+01,1.468689449785079404e+01
7.649406802158337371e+01,1.442705045299200250e+01
-5.793615849658344530e+01,1.485054068488050660e+01
-7.392323478708016182e+01,1.319834291860899711e+01
-5.885121328480897773e+01,1.215970626696867640e+01
-6.822460343479613698e+01,1.071089450096994966e+01
-7.601017794878137579e+01,1.081229255956483648e+01
-5.413335043229993460e+01,1.212100736354123498e+01
-8.329132761006601982e+01,1.124458209845070300e+01
-5.290447631312989785e+01,1.319430598028180235e+01
-7.502546997155336328e+01,1.510860994525053158e+01
-6.050666695938679851e+01,1.762602993571711352e+01
-5.307012194368670066e+01,1.628254209004992958e+01
-6.765998055451883886e+01,1.549479032529835720e+01
-3.762529259211132171e+01,1.555887099098752913e+01
-6.321924565503643834e+01,1.760335785948167242e+01
-5.136922145236550108e+01,1.925946227431496638e+01
-6.013134229055467728e+01,2.081157973513850123e+01
-7.144266703938146179e+01,1.641107800016795792e+01
-5.720303508414886551e+01,1.475081670391104538e+01
-7.613651335659285735e+01,1.718011334178063265e+01
-5.412665656257573943e+01,1.452354636960511591e+01
-6.622977183045793481e+01,9.824317276387702691e+00
-7.186365315215896032e+01,1.283645126072437925e+01
-6.372531008137760722e+01,7.717659569092500504e+00
-6.855548604412247471e+01,1.043467521382651952e+01
-6.507967017162363277e+01,1.168285588372454953e+01
-5.046346612270617271e+01,1.034095503638520874e+01
-6.621115819013327553e+01,1.046010103314841899e+01
-4.264205551735793165e+01,1.172706821572911906e+01
-7.374068209105689675e+01,1.122879871769529458e+01
-4.660082210674696057e+01,1.235918907693350022e+01
1.730395018757513412e+02,9.978465493030611810e+00
-1.760430653458213897e+02,1.339149003863543896e+01
-1.650716264539400697e+02,7.358171916545300562e+00
1.623747136913645193e+02,1.439274000850371493e+01
-1.798996853085734244e+02,7.627650823855753437e+00
-1.700969430608900552e+02,7.600555603173878794e+00
1.655030709024929081e+02,1.008409329844113778e+01
-1.584401249031265024e+02,1.159151876338691167e+01
1.604138605501998143e+02,1.179963127809496193e+01
-1.755251683384717012e+02,1.195264591515101316e+01
1.769075381071787092e+02,7.674466290378699540e+00
-1.757017177690699157e+02,9.090036159981064401e+00
-1.758427533119375141e+02,1.183558097651817675e+01
1.791020362778089350e+02,1.033999554290135237e+01
-1.783435978402892204e+02,1.344892773494586891e+01
-1.784913671072815760e+02,7.513403275698362194e+00
1.724465302356450422e+02,7.899109811915600687e+00
-1.796532264897137736e+02,7.749295807686671367e+00
1.763547004867098451e+02,1.429721769065898940e+01
1.704173519562671970e+02,8.242724181702966391e+00
-1.666896456995732763e+02,5.856298072624452011e+00
1.697663620784662442e+02,4.555414257970871184e+00
-1.697742384909676616e+02,1.137126595633568726e+01
1.772033277709671779e+02,2.997002764715134937e+00
1.763953690894790043e+02,8.016903050633645833e+00
-1.732017975957463136e+02,6.219292718709434453e+00
-1.784761819515225341e+02,6.592096697801081540e+00
1.731323915490377772e+02,1.049932682769990500e+01
-1.728712534769576905e+02,3.690590168458786735e+00
1.776650320739187237e+02,7.320071102467481161e+00
1.742635690425658765e+02,2.069631396957488079e+01
1.793035391389868778e+02,1.230815425568930976e+01
-1.767418838139398360e+02,1.482376815116584545e+01
1.695849949666846896e+02,9.384707359063133580e+00
-1.571199798411308848e+02,1.877981990298236781e+01
1.665315198300789064e+02,1.035022988492965901e+01
-1.748289376593499469e+02,8.636611831556452401e+00
-1.728352427859405509e+02,2.092745364664282182e+00
1.605992984193413520e+02,5.723353188588490070e+00
-1.710465160905530126e+02,7.027463172817735249e+00
5.619735614216286024e+01,2.074031566369996327e+01
7.130043383555135961e+01,2.450244245398538823e+01
6.332331633319022757e+01,1.969597194016773045e+01
6.247692580242573968e+01,2.338143693335953799e+01
6.921896118207311588e+01,2.567396817784362639e+01
4.572231918230676229e+01,1.811282032056296032e+01
6.967094867905828437e+01,1.944044419877632635e+01
6.467653562379318544e+01,2.171597885235662417e+01
7.948307264095271307e+01,1.680086174133441546e+01
4.358918965330121154e+01,2.193412781863624872e+01
1.753870119018172602e+02,1.353026385216713123e+01
-1.671627198107132415e+02,1.714804880587193736e+01
-1.787171666686851665e+02,8.644670101531012563e+00
1.700267037572027391e+02,1.283535313381721110e+01
-1.789684161270651543e+02,1.410737819666419135e+01
1.715336408295940487e+02,8.736698578888923095e+00
1.737620265420063106e+02,2.502642162122597469e+01
1.780283918907544205e+02,1.472532794578660642e+01
-1.797404500896186335e+02,1.743611200904545910e+01
1.787007386530212614e+02,1.368661405971848666e+01
1.727846298752194514e+02,1.194631486687347177e+01
-1.740531867063937170e+02,1.913736608777915649e+01
1.601128221489303201e+02,1.904604651414081218e+01
-1.669067024217964104e+02,1.996330838168433175e+01
-1.749304138885035798e+02,1.574251925965731758e+01
1.680238362189408576e+02,1.231130374557990947e+01
-1.572808483763333527e+02,1.747722854868944253e+01
1.692937133235288059e+02,1.197719805343113642e+01
1.599243983670087346e+02,1.435273069391692857e+01
-1.657678587551947942e+02,1.170373883995145192e+01
6.601418732568541259e+01,1.813480795139714985e+01
6.445155737925981043e+01,1.508832569918977029e+01
6.310982314084473899e+01,1.365489784768576875e+01
6.688485395506188524e+01,1.150348619955542340e+01
5.766686672700700456e+01,1.577641092647310472e+01
8.060065187800471165e+01,1.487704500962143683e+01
5.889845505976174422e+01,1.698971773623442871e+01
7.315789419258506143e+01,1.319554646940897058e+01
6.271701607221072550e+01,1.255338931429522908e+01
7.913377254336177202e+01,1.889917292616325994e+01
3.422796444292913520e+01,2.399130665764124259e+01
4.994900652051133250e+01,1.724446788340763703e+01
7.643680343030699476e+01,1.612026194777936539e+01
5.072820991350695863e+01,1.764890892990060323e+01
7.595381988516240312e+01,1.299695321610114718e+01
6.200824614389178890e+01,1.529652800710980465e+01
5.816786487797505600e+01,2.009450038019102180e+01
7.706067494929557427e+01,1.774986760556236121e+01
5.475070297675708986e+01,1.491687688263010791e+01
6.085680977982960371e+01,1.222987655647663274e+01
-1.725746521570497691e+02,6.769654423549919642e+00
1.652533746263134447e+02,7.802095759986398704e+00
-1.658607601463634467e+02,6.939837213508399216e+00
1.699877774611716745e+02,5.753593168956427917e+00
-1.776467266742733102e+02,9.774701215643613494e+00
1.758725791932325819e+02,9.161113691053692776e+00
-1.773670555630903607e+02,6.673891750146463409e+00
1.710147564918165415e+02,6.496765102402677350e+00
-1.674148919012779686e+02,5.212117998110808337e+00
1.721390356523004357e+02,2.805260114144023209e+00
6.173573930490926642e+01,2.263037773969327304e+01
6.738477689689911188e+01,1.477826517461894085e+01
6.702032628024743133e+01,1.418551196295164907e+01
5.696974115604648858e+01,1.683249727137199869e+01
6.772614723077045085e+01,1.471974653757195028e+01
7.529938664023723049e+01,1.820082486832687607e+01
5.153543832528199431e+01,1.671182533698458172e+01
6.590683682558953649e+01,9.472516950952307724e+00
7.320766026450866093e+01,1.206943939746697048e+01
7.016881214442224746e+01,1.318899242254809323e+01
1.646214909092186360e+02,7.990353503964586324e+00
1.758191772028447417e+02,5.158136019207931078e+00
-1.485214075654832016e+02,1.442143555357378126e+01
1.504350754196455853e+02,1.489163598688977075e+01
-1.766357676526252192e+02,2.250056665665022937e+00
-1.595803215467913674e+02,1.313425640966864094e+01
1.551877274033204515e+02,1.329704831746165183e+01
-1.554510129144512405e+02,1.330305105324608306e+01
1.614745276013182718e+02,9.216798743144293482e+00
1.766563832416513833e+02,1.748799629047049464e+01
8.813927487899094615e+01,1.578498560873967094e+01
3.008867100415697138e+01,2.132336491447581395e+01
7.404142950353492836e+01,1.030709572771281302e+01
6.377902533635395343e+01,1.202347717174457564e+01
6.574149938823563843e+01,1.649848502369380299e+01
8.581433706821941598e+01,2.663369949800557634e+01
6.440473269417169888e+01,1.614841827070179647e+01
6.644069055629748277e+01,1.567190698207228294e+01
6.050489972102486291e+01,1.204669396895807054e+01
6.516185019100193188e+01,1.446154919807604244e+01
-8.760479611008294398e+01,1.097681672372570105e+01
-5.566735029585921524e+01,1.262963852636538675e+01
-7.066533061702203611e+01,6.137137292467672367e+00
-6.551060483316659599e+01,1.079467408874293710e+01
-4.676345851300821721e+01,2.179040220662225735e+01
-8.186001126036899223e+01,1.342197533135116494e+01
-5.965378868797754564e+01,1.877939273144382426e+01
-6.115010143457159586e+01,7.073016688769833138e+00
-8.460830127634591236e+01,2.475112559144389479e+01
-6.186402211176150701e+01,1.785719484259864487e+01
-1.624215086430893678e+02,2.552625863192209366e+01
1.638985531426137072e+02,1.904933215419344705e+01
1.507767117640277093e+02,2.117454668089760617e+01
-1.581880552624196810e+02,1.725382994672906278e+01
1.715357733374105464e+02,1.798276256947132623e+01
-1.649932935773483678e+02,2.445574418867985855e+01
-1.706434532289586059e+02,2.300081774602312024e+01
1.728765706347055868e+02,1.143265696452866464e+01
-1.713583809135364504e+02,9.475813414726015793e+00
1.771463077219591753e+02,1.845194208255297852e+01
-1.617583985577505246e+02,1.496210501039567120e+01
-1.565232254689475724e+02,2.370662596436162062e+01
1.617311695887966891e+02,1.568710295540211064e+01
-1.624283253197767181e+02,1.051987061163406878e+01
-1.643648082528772250e+02,9.293099525305311914e+00
1.540728131245150507e+02,1.761622452825319840e+01
1.754941299046252539e+02,1.371518624946475207e+01
-1.490253773068253054e+02,1.943624084669156105e+01
1.527783581306960912e+02,2.028264979465877360e+01
1.609814079288225344e+02,1.544781068384263634e+01
-3.116620504406247605e+01,1.837840934899115197e+01
7.743225736121293323e+01,1.182285763148473023e+01
8.785981696820579145e+01,1.579123184858156037e+01
5.897897249612458381e+01,1.800013498205759888e+01
8.241053901805781834e+01,1.585434272575919223e+01
5.772748736598456532e+01,1.319303380792402081e+01
6.185042432000417278e+01,1.523559636673412498e+01
6.046287155186669082e+01,1.666647709472476180e+01
4.670729734135638012e+01,2.027161315290235422e+01
7.909416919154335801e+01,2.289483730018159591e+01
1.737090962350245604e+02,8.428980905553226322e+00
-1.701051129364019801e+02,6.177974051698868152e+00
1.729518429843236333e+02,1.529212297116255037e+01
-1.697999379724295750e+02,1.081972656731488058e+01
1.608999799334787042e+02,9.860157107235387741e+00
-1.598718790303224750e+02,1.241297894530661949e+01
1.718651522632656565e+02,1.913855854312181037e+01
-1.704180802753383261e+02,2.093329162762173112e+01
1.726523743686682622e+02,2.118186486039412841e+01
1.772956476838891149e+02,1.249384780300577802e+01
