dihedral_deg,energy_kJmol
-1.779014437212641440e+02,7.577002691839911819e+00
-1.753791655511177510e+02,1.291109634957463648e+01
1.694017682519561276e+02,1.664198942845441209e+01
-1.742713152418106972e+02,2.245441923352463931e+01
-1.776403925137806254e+02,1.345713269786438282e+01
-1.726073797679112261e+02,1.166213857629574058e+01
1.674186335164691286e+02,1.240458260890114062e+01
-1.656565924526789217e+02,1.422248711370503749e+01
1.678671065477025479e+02,1.615537841950085962e+01
-1.678763228046085203e+02,7.379454542658724137e+00
1.626263671128974124e+02,1.453252656753477723e+01
-1.613460670942529305e+02,1.965969773385484487e+01
1.720239512466690996e+02,2.256890793887954061e+01
1.693172875440251346e+02,2.189955250320675617e+01
1.761105730079134446e+02,1.560414384756830941e+01
1.773575404360923073e+02,1.448492549351076164e+01
-1.732756456037218982e+02,8.655455200192493592e+00
1.747677178608593636e+02,2.162469606831741231e+01
-1.661074701062779297e+02,2.870328899021803082e+01
-1.673252874633636793e+02,1.425269768648322000e+01
1.709147013794992347e+02,8.310925343712860069e+00
-1.784322927027803871e+02,8.606534761600805439e+00
1.784767330270790637e+02,5.513498689237406047e+00
1.796672509808851146e+02,8.752376389998763884e+00
-1.699841113144257179e+02,2.388860396440584566e+00
1.767880307111892080e+02,1.700127090935782803e+01
1.795177957527101853e+02,1.177023592442034960e+01
1.768635200776429031e+02,1.549403562401041512e+01
-1.749803575365132247e+02,5.360691065386389731e+00
1.746208145670427427e+02,7.782929877652559725e+00
-6.839879860782977516e+01,1.751197727409169502e+01
-7.176168963164340653e+01,2.452372997572673441e+01
-6.118241359043395988e+01,2.517134372183426194e+01
-7.775969672379123665e+01,2.036677867511006923e+01
-6.521882153693468354e+01,3.193989909324088217e+01
-6.113733257284910394e+01,2.006179486442154314e+01
-6.593409758193551795e+01,3.753179393614007608e+01
-8.053909996469697319e+01,3.917775194376655179e+01
-7.050137131287407044e+01,1.255327944814163565e+01
-4.552304787962781063e+01,3.994879856502554816e+01
1.684215289232690225e+02,9.745461780603839941e+00
1.730259498499997051e+02,4.126186304690116380e+00
-1.496334766415313879e+02,9.630643148336327286e+00
1.567034226174844207e+02,7.410320910963388741e+00
1.696363690049671789e+02,1.315319151102838013e+01
-1.568770764323747073e+02,9.667511261710512116e+00
1.635933894816046461e+02,1.048242046039252884e+01
-1.661389644068337077e+02,7.723656362132116371e+00
1.786915117227649432e+02,8.490447304333669010e+00
1.717935956100713781e+02,8.389501975327881667e+00
1.681569775344256357e+02,2.792980128834763320e+01
1.332267190216588517e+02,2.737017172585847291e+01
-1.691844246153274298e+02,1.834097746304544074e+01
-1.683367312224128796e+02,1.515794425002991730e+01
1.540384368547575775e+02,1.983737142022276601e+01
-1.653534230573700370e+02,2.437976124606542427e+01
-1.563667111071692943e+02,2.095632793762178281e+01
1.681546510801171337e+02,2.833874910212703213e+01
-1.784521064778143966e+02,1.525966984552141170e+01
-1.627443742883370135e+02,1.836891535559093924e+01
-1.715981813501349791e+02,1.109676451666661912e+01
1.709204025690362130e+02,1.594034873482727122e+01
-1.678622376528989548e+02,1.386956645262904786e+01
1.679462795127355150e+02,7.941837636610447504e+00
-1.711680053548055866e+02,9.081024713124044467e+00
1.729392401926474747e+02,5.693273965251073321e+00
-1.758879406097702827e+02,1.183588851167920808e+01
-1.761102813784315231e+02,8.633358077163293842e+00
-1.736912420290555019e+02,1.139088862529938595e+01
1.682099285034285572e+02,6.415326411393205142e+00
-4.814630294592207349e+01,2.162941554910539566e+01
-8.869473232556750020e+01,2.185425167893306408e+01
-5.315130825580658325e+01,1.813349495782755127e+01
-8.158306461864188464e+01,1.776545210476984948e+01
-5.352174313991555721e+01,2.005479288846105490e+01
-8.267928920110065860e+01,1.611847444259531770e+01
-6.112611764615697751e+01,2.033136839237022997e+01
-7.216562542551504578e+01,2.871753858418430738e+01
-6.151434806436540015e+01,2.202064329620737126e+01
-7.632798754240859296e+01,2.702784082528632581e+01
-1.643794251843690404e+02,1.191473494714382397e+01
1.711608680070800119e+02,1.501420033846001090e+01
1.724572756795577391e+02,1.648291302333166897e+01
-1.577974134817756067e+02,1.425589885393161538e+01
1.796650474393019863e+02,1.323097474163827592e+01
-1.798508788785441652e+02,2.473995709178240432e+01
1.598425726606879778e+02,1.772556267807710384e+01
-1.659720654243130582e+02,1.557670728582000130e+01
1.613025950289977288e+02,1.302974908680233668e+01
-1.348885846601474441e+02,1.977825914119026152e+01
1.098507319879581985e+02,2.956378040538368523e+01
3.831823869843666586e+01,2.625853430054810644e+01
5.451698257588390817e+01,3.956040414374961500e+01
1.161380187084688913e+02,3.732167594706885438e+01
1.619970910989920583e+02,2.410056075322253122e+01
-1.508013621544293414e+02,3.269042082669779603e+01
1.535712470544426935e+02,3.179309769699637656e+01
-1.774271014875468779e+02,2.406411402824376111e+01
-1.565748769117097652e+02,2.046995750309347883e+01
1.442272118496229325e+02,2.588162438224658501e+01
-1.722894645282567581e+02,9.904840643928434218e+00
-1.680786444076331350e+02,1.067625584891457180e+01
1.601488457938471868e+02,1.494011902613899068e+01
1.751301629292653388e+02,1.215800799040907876e+01
-1.697163070995584064e+02,2.159184658719944494e+01
1.651887912040510002e+02,1.880266652247624748e+01
-1.755382199339901774e+02,1.971377520289732388e+01
-1.677579703723662021e+02,1.415131892374332523e+01
1.597357811238722434e+02,1.421361233384876499e+01
1.648664324005722790e+02,1.169094168219199759e+01
-1.610406762913224838e+02,1.535977246713036592e+01
-1.668669066014316513e+02,1.899473303683935654e+01
-1.771895591886942896e+02,2.475911131823770006e+01
-1.756102751082943598e+02,1.317223416465287933e+01
-1.776790605049266674e+02,1.399901694583348899e+01
-1.750984810184422145e+02,2.362433315361002073e+01
-1.711117385540044040e+02,1.208790148144798238e+01
1.702091461232787140e+02,1.490327296740117191e+01
-1.622312778269522653e+02,8.442995496690256729e+00
1.552328928552372531e+02,6.362662826556849893e+00
-1.694030070804010961e+02,5.883300530481527346e+00
-1.643897524106083097e+02,5.324432439684800400e+00
1.574249929122864273e+02,5.464206499562893171e+00
-1.652162769922539383e+02,6.237405883766413695e+00
1.760318484684582359e+02,6.809956188923274922e+00
1.777639862015141716e+02,8.118891059831758739e+00
-1.627657998805477177e+02,1.297233931454066536e+01
1.681245300046276725e+02,5.802828586481592943e+00
-1.793818532841268620e+02,9.285737772251994926e+00
-1.704588374234759840e+02,8.119819522887263830e+00
-1.743304031607048046e+02,1.629558267643021097e+01
1.793748434475056683e+02,1.081091412577405464e+01
1.786423452945008137e+02,5.329348833205272307e+00
1.798458121991449161e+02,1.005649935070195866e+01
-1.756847307619212586e+02,5.073424510893568495e+00
1.649075147985130343e+02,1.321013407039846044e+01
-1.553752352173659688e+02,7.696318668753431069e+00
1.657708564347202298e+02,8.220567011439326777e+00
-1.639115474890642759e+02,8.241164605272036425e+00
1.695002500164143555e+02,7.090434870871410666e+00
-1.709021958178968248e+02,1.701082386316949169e+01
1.652974170587271203e+02,1.681095125145648694e+01
-1.696157351816287928e+02,1.674534838474473730e+01
1.712641047328890522e+02,1.612853025214367619e+01
-1.732086252850582184e+02,1.100008917162138822e+01
-1.770106773223638470e+02,1.882068679897027508e+01
1.751415641287166238e+02,1.069521282430861930e+01
1.790228387502815224e+02,1.174863987238909502e+01
1.771635472189674658e+02,1.995229463249892810e+00
-1.791020510352893780e+02,5.819704018247364274e+00
1.752025422270349395e+02,1.638886388453198961e+01
-1.675340646926366048e+02,2.024685449834635875e+01
-1.695171961194050994e+02,2.129497312793995434e+01
1.615933067838337251e+02,1.896637703114369344e+01
-1.751780825819451195e+02,1.461992305180683971e+01
1.777150353241396772e+02,2.038741338196299324e+01
1.701083977874632183e+02,1.573502401502306469e+01
-1.727095268281460108e+02,1.096139838558690016e+01
1.676662572931011255e+02,8.113451746644866347e+00
-1.542034508542796516e+02,9.910272570745510379e+00
1.751810943510515415e+02,9.649775162766744074e+00
1.736578662675204896e+02,5.222300581484771165e+00
-1.678811702113374622e+02,1.125715987630599457e+01
1.608696003063014928e+02,1.758712190414278709e+01
-1.612349461737126717e+02,1.914716585521125936e+01
1.655915994487968135e+02,2.327492978968573212e+01
-1.767312672733131365e+02,1.342296680739749348e+01
-1.775588726641509822e+02,1.004827080029450315e+01
-1.753322814570650792e+02,4.157481629492988162e+00
1.757213634305416292e+02,8.821498355600159158e+00
-1.755341712768930620e+02,1.608253792273826122e+01
1.765468596101891592e+02,2.590140682809731132e+01
1.769723466503108114e+02,2.413189614388721083e+01
1.778299943990415670e+02,2.267856807731517321e+01
1.790696801455057425e+02,2.037428473805427842e+01
-1.727534896540630029e+02,1.784873565627763981e+01
1.711062643341639955e+02,2.060888991137145965e+01
-1.615674455059020147e+02,1.205901387092838739e+01
1.574608230447728090e+02,1.188993948553538260e+01
-1.634192834785730781e+02,2.042171647232738252e+01
1.783712802721629771e+02,1.486587673654554820e+01
-1.758143592699209137e+02,4.591921590090620064e+00
-1.798315128643739342e+02,1.402754941320750781e+01
1.589286296722899863e+02,9.022595393004495534e+00
-1.548980852154696208e+02,1.805969351541664025e+01
1.592685862849445471e+02,6.053536469958867627e+00
-1.718998278618918789e+02,9.700580770312990708e+00
1.736481916876133482e+02,8.477188055526029942e+00
-1.658269851353967965e+02,1.751580211130893616e+01
1.766982430989897921e+02,1.373207811400843781e+01
-1.670498712206399716e+02,3.128179029242209452e+01
1.526531578574729338e+02,2.931097189025829053e+01
-1.465299540846524735e+02,2.948945608978984723e+01
1.622175537365418165e+02,1.594704344492701509e+01
1.694652529249567579e+02,1.792714029554551303e+01
-1.685434088603916791e+02,1.438037896493014323e+01
-1.788062573143061798e+02,1.885650406934689016e+01
1.711707447449162487e+02,1.144471604780891028e+01
-1.633471040262436134e+02,1.993035258149853206e+01
1.634021600565154415e+02,1.505052592693358093e+01
1.684370364054955189e+02,2.710671191987762629e+00
-8.503807056130494857e+01,1.041704639366779972e+01
-4.373932191212423959e+01,1.785927879671886132e+01
-9.052693383686776940e+01,1.705749470208060714e+01
-5.391574329912614161e+01,1.205802316495295479e+01
-5.604285024305331575e+01,1.023825930463818068e+01
-8.161395831445679505e+01,9.620516472049132517e+00
-3.867898177566443252e+01,1.552289887598612950e+01
-8.742865158304215356e+01,1.367264053063542129e+01
-9.652757980458520137e+01,1.502333065839614790e+01
-1.428188513137369853e+02,2.551624169538901299e+01
-1.696368917985308542e+02,1.843932354358728531e+01
1.620410637153654534e+02,4.150908780636404316e+01
-1.760978390123835311e+02,3.392131924118540809e+01
-1.743143713852799408e+02,1.548873251253840522e+01
1.557066459741894846e+02,1.619681565623709574e+01
-1.701129726728823073e+02,1.533409706495585212e+01
-1.799576748935282922e+02,1.586009873282007732e+01
1.707582793390639893e+02,1.890141859919581790e+01
-1.658459989478803607e+02,1.694964414230901895e+01
-9.520426712023072469e+01,1.696024988336954920e+01
-5.537992868600980501e+01,1.237685199697876115e+01
-5.544029243143325658e+01,1.634436020746639784e+01
-8.695758929801367287e+01,2.492327754570722220e+01
-1.041460490798968692e+02,2.428725436362948997e+01
-4.233318525425536905e+01,1.905290921692947137e+01
-7.772998633372901622e+01,1.597415508038765353e+01
-7.147334227752256197e+01,2.239404188008822416e+01
-6.421085117111169893e+01,2.170805354281559829e+01
-5.004036740495553914e+01,1.670156631021381699e+01
1.641902602568962095e+02,1.964130793800452324e+01
-1.653275912898037632e+02,2.008272776751252664e+01
-1.706577611867737687e+02,1.210186945237294864e+01
1.560081343253417856e+02,1.667527197876223966e+01
-1.684936408495288447e+02,1.236819383512651171e+01
-1.753227655224512489e+02,8.461900530913370133e+00
1.616502965756389472e+02,1.026104066534637660e+01
-1.663480467798237612e+02,1.781826352043762540e+01
1.795401318517424727e+02,1.741208255931631754e+01
1.752900660942462423e+02,1.291534391908245283e+01
-1.573200403088218877e+02,6.593394673929186212e+00
1.507225136411908295e+02,1.186232772163488391e+01
-1.673365869074858097e+02,1.854186582087596946e+01
-1.795689186276249529e+02,9.942034100895980941e+00
-1.702130365890043606e+02,7.812797250067948340e+00
1.707123809022732530e+02,9.604832738287958804e+00
-1.670257938896712346e+02,1.047973822256249754e+01
1.455172888408100960e+02,1.756312632109294114e+01
-1.758384740065118024e+02,1.392890979639342675e+01
-1.351159313417512067e+02,2.575039987045941814e+01
6.410213641297247023e+01,9.664404502610773662e+00
4.624452523552788108e+01,1.954422815332658558e+01
8.785524335097092319e+01,1.277143251542236868e+01
4.663544591556767216e+01,1.061295419197312384e+01
5.901960337373811427e+01,1.478133167068776288e+01
5.953877436525830547e+01,1.997755679560021491e+01
4.752457496985407204e+01,7.484138622441063760e+00
8.511122584212918696e+01,1.708982207155455058e+01
5.937008405040700865e+01,2.079327344267814226e+01
6.624157142081780592e+01,1.641928208248444321e+01
-6.604039976893865571e+01,1.225063409983929930e+01
-8.266270540638944908e+01,1.415269656183935076e+01
-5.964642287464982928e+01,1.631707630149033150e+01
-6.034885339309573737e+01,1.522731972018209845e+01
-7.022990458308639461e+01,1.785203924953158605e+01
-8.148707229791044426e+01,2.278455453854053303e+01
-6.069853508802474096e+01,2.588877232865768008e+01
-7.028585581826963846e+01,2.265729690926384876e+01
-6.543412486597046041e+01,1.897216619734024690e+01
-5.937282238769572018e+01,2.291779789390264455e+01
-9.794191139638930110e+01,2.135332604513855159e+01
-5.854647453628896159e+01,1.907759171153532662e+01
-6.586832995304784788e+01,2.085976808837939700e+01
-9.138343823300809277e+01,2.373688611009758631e+01
-4.197352336259206140e+01,1.616277439608934685e+01
-7.789868421025742862e+01,1.553690638828770432e+01
-6.623993518557840332e+01,1.966286490716195701e+01
-7.428313944930238222e+01,1.401598521035775491e+01
-5.948847705833017585e+01,2.541808522521638736e+01
-1.013428533015989927e+02,3.212187699402826269e+01
1.762161152823110797e+02,1.111874096736362638e+01
-1.465000731467200126e+02,1.271955376606790011e+01
1.623703113208554782e+02,7.580497550996913247e+00
1.735204483441499974e+02,6.155547207139481003e+00
-1.775839746131869390e+02,6.743232311277000512e+00
1.743609284707386564e+02,1.575124084550003545e+01
1.760756888540199157e+02,1.714439064009725655e+01
1.712856450583095693e+02,1.073950967654687716e+01
-1.660497625722772170e+02,1.520462260960569267e+01
1.699166522953115361e+02,2.302202156957257273e+01
-1.389301667973600445e+02,2.653185538067225124e+01
1.700714286765026770e+02,9.167356139452323305e+00
1.766260675501026185e+02,6.873226542724852450e+00
-1.691349515177215892e+02,5.407430660554084945e+00
1.703863759714756156e+02,5.706784042026297854e+00
-1.743203465824918510e+02,1.167326652766201889e+01
1.765694048325455014e+02,1.237667121492182787e+01
-1.797136932718309481e+02,1.408199972244589482e+01
1.585315971390718346e+02,1.294717017156653505e+01
-1.437968849755593226e+02,1.330395069840075450e+01
-1.569228505356594781e+02,1.296405156651296053e+01
1.752433833380607950e+02,1.287379274279872376e+01
1.775345689272904508e+02,1.783975395539321696e+01
-1.666561478702830357e+02,1.297545639400784623e+01
1.731992973406657654e+02,1.927007659312066679e+01
-1.774950834488128919e+02,1.567343869446643012e+01
-1.643474547383997049e+02,2.223751448284653165e+01
1.766453840973947251e+02,2.130812603931356364e+01
-1.675625321048026990e+02,1.328095739040569256e+01
-1.774438634510712518e+02,1.678456844617933896e+01
-1.425938022010934390e+02,2.964543723633364891e+01
1.480130563657806135e+02,1.752600416073440570e+01
1.227304683608753919e+02,2.311052706523995681e+01
1.585987854649606561e+02,1.032003741305416611e+01
-1.392163830342522601e+02,2.736107965741745573e+01
1.608703732005894551e+02,2.140009560407183642e+01
1.027661971080204211e+02,3.546772660220020867e+01
8.226855534740006703e+01,2.887098373498657011e+01
5.749870256170571992e+01,3.154467673103629366e+01
6.452170684470762296e+01,2.300760165735486851e+01
1.710379119456536046e+02,8.454609957367175355e+00
1.753806189712552452e+02,7.221838149822098707e+00
-1.792190073339685057e+02,1.656949052249166243e+01
1.745827795976969412e+02,9.822936307679999146e+00
1.733239371646008067e+02,1.605556796994508773e+01
-1.778881584899199879e+02,1.182768180053509610e+01
1.764308368578681439e+02,2.270889879759981511e+01
1.758627788216690817e+02,1.333224264960543337e+01
-1.794746616416396989e+02,1.382976004049470653e+01
1.694239936440725387e+02,1.848005017694669760e+01
8.072947882261449593e+01,1.740482733600426712e+01
7.130749970819439909e+01,3.164408458215108055e+01
5.706017767573976585e+01,1.830944501148585957e+01
9.549929281682989313e+01,3.048088938232590550e+01
5.355090296629649060e+01,2.212098323111743170e+01
8.333295470355587042e+01,3.022708366082821740e+01
7.688363877635960364e+01,2.146107693563078556e+01
5.040773980967475154e+01,2.481094335032186748e+01
9.519809531627197430e+01,1.627020771150738554e+01
6.917920399959147915e+01,1.576832119055697845e+01
6.305146136965153403e+01,7.830161523810637902e+00
5.873472123918412535e+01,1.113740819480901045e+01
5.853842056227014723e+01,1.545525030983311865e+01
5.637121925465513073e+01,8.510971866774188044e+00
6.828680151614894100e+01,1.725342956783755355e+01
4.856489150039423919e+01,1.652312846979644689e+01
5.585998338557064358e+01,1.187170110628748532e+01
5.573131357008607267e+01,2.261805847602858677e+01
5.317545685605855255e+01,1.744863751647803696e+01
6.720662302387309239e+01,1.556007957259756225e+01
6.916370290581188840e+01,1.845871745966851663e+01
5.273611936130032518e+01,3.854666642650278163e+01
5.629205720795418699e+01,1.767877746169419595e+01
6.481858281521945742e+01,3.201061170586567073e+01
7.683525252589672050e+01,2.007255568116536182e+01
6.688217599600530150e+01,1.877496863142838279e+01
8.444435750049919420e+01,1.812033970427685148e+01
5.956516309780847251e+01,2.164279925052306197e+01
6.860209508162336078e+01,1.566269949137374695e+01
5.440412026281349966e+01,2.879646499726278108e+01
5.924121297640591166e+01,1.430598843830400568e+01
7.140324486107994062e+01,8.860709747032057493e+00
6.254181811082641929e+01,6.127115990945142698e+00
5.620782505456109845e+01,9.751330052627913858e+00
5.799746856616134494e+01,8.604893207076575123e+00
6.271349578604857555e+01,1.436199960242268503e+01
5.997911836194864321e+01,1.673354700659290373e+01
5.814137965566047228e+01,6.847184105624078754e+00
6.862510158704657215e+01,1.275879442116055529e+01
6.446941756424843106e+01,9.901297802557269989e+00
-1.708695450959467621e+02,8.268307688016721002e+00
-1.693888463644055378e+02,8.643775201864315250e+00
1.602605126791447958e+02,1.713341243339503350e+01
-1.743926414786492955e+02,1.560249050574109475e+01
-1.770295184924484886e+02,7.242733403497892297e+00
1.696551084944949537e+02,1.130401689621918848e+01
-1.691839391855543226e+02,1.207515524433517129e+01
-1.765726007446216954e+02,1.855828844847081882e+01
1.744134077509381768e+02,1.209724985023317956e+01
-1.521515024214808705e+02,2.422110957552095201e+01
1.761821546449577625e+02,7.736085503009190845e+00
1.520096884157213140e+02,1.176076264606591693e+01
-1.501772446911068926e+02,1.687047135464516501e+01
1.478119800922312095e+02,1.277468850002196632e+01
1.364770916745574709e+02,1.722322315013827065e+01
-1.317475426005254349e+02,2.199847058775751663e+01
-1.261082168644930732e+02,2.255925560916870865e+01
-1.727401647430768605e+02,5.783129683981844238e+00
1.175331381560324928e+02,2.265441997737917745e+01
3.709411795700202674e+01,1.210673850395464157e+01
-1.784320933658006254e+02,1.863907658753952745e+01
1.580825388414984047e+02,3.215758139377000902e+01
-1.748146733512320452e+02,1.207282117964138202e+01
-1.688419400627398659e+02,2.348312309242137275e+01
1.650664272111267508e+02,1.656535561387665467e+01
-1.770806260505304124e+02,3.112010040482008577e+01
-1.678011407137092874e+02,1.472365879695223612e+01
1.696723642115534290e+02,1.734864303021939946e+01
1.454768621243330244e+02,2.748186637685876121e+01
-1.727782584060552438e+02,1.727760838167391810e+01
-1.536965644790307408e+02,1.657855757686625253e+01
1.560363510868846220e+02,1.919646295940537684e+01
1.700850005621512651e+02,1.033307191677861780e+01
-1.556570187830466807e+02,2.132311915500585542e+01
1.648152424968005789e+02,7.873502645111297937e+00
-1.779237977021258530e+02,1.642885062956834474e+01
1.786631589852499928e+02,2.442447540057246158e+01
1.714060107978227165e+02,1.797938045341395252e+01
-1.688707019282365422e+02,1.303641050177122906e+01
1.632755398808684504e+02,1.270596126995682340e+01
4.573716983986455631e+01,4.871578443290300697e+01
9.282508645068897124e+01,4.317428885052147791e+01
5.503115858536449423e+01,1.516491851360096277e+01
7.200275202688648335e+01,2.183440662344504091e+01
8.724199195684821007e+01,3.247657262605287087e+01
6.298621954186609884e+01,3.011988212903217743e+01
6.336124916490435766e+01,1.871979708310625057e+01
4.809598425883127248e+01,2.980353890585967136e+01
7.128103776450208784e+01,1.956595100781557761e+01
4.196127359234759524e+01,2.380036435632342773e+01
5.428193355706007850e+01,1.340868969404989386e+01
8.056936250823707724e+01,1.090126416005449350e+01
6.689882721552540090e+01,1.258679042598690323e+01
7.172195130819888220e+01,6.473530250817145948e+00
6.146507301649881327e+01,8.650797462723922138e+00
4.540829522613533697e+01,7.669150785035478535e+00
8.250270011824326843e+01,9.782532220228324249e+00
5.600685656433330450e+01,8.882545806034935154e+00
5.077975958279947832e+01,1.203448333138041626e+01
5.906586337027861333e+01,1.234688389522606933e+01
1.547606834505745610e+02,5.096184793646079214e+01
-1.619725271146307080e+02,3.238725228720016247e+01
-1.669377790262290659e+02,3.266839956399262945e+01
-1.767617297339320999e+02,2.103492422842186826e+01
-1.703458216237070246e+02,4.022218230436381248e+01
-1.703127887293120750e+02,2.279234733368551957e+01
1.669880397594483838e+02,1.763277570658974724e+01
-1.705000174229656409e+02,2.105894707388869591e+01
1.660145847244051538e+02,2.003034001493714555e+01
1.646307758456792101e+02,1.791179588964388358e+01
-7.453932092349546679e+01,1.109887566622882105e+01
-6.906230587213379124e+01,1.543711181851184122e+01
-6.993105119857187901e+01,1.630892907812070547e+01
-6.956036824768933968e+01,8.507392784257671536e+00
-6.673041728462125377e+01,1.139138372374572228e+01
-6.985907556369031113e+01,1.107706360662661638e+01
-5.709790732827683257e+01,1.242200535571053877e+01
-7.305857766648294671e+01,1.793701357013727460e+01
-4.384402251100140546e+01,9.488295046441244551e+00
-7.214807720386335177e+01,1.949022072863908051e+01
-5.682494949787722049e+01,1.531834474316511674e+01
-7.502904506396887996e+01,1.497743011287534642e+01
-6.213395390713810684e+01,1.204579268200828324e+01
-6.359354388657425261e+01,2.272359915841023792e+01
-6.764514371951166538e+01,1.385670312951419447e+01
-5.768439564517241536e+01,1.966714297963648050e+01
-7.395673077564329390e+01,2.171975890015281863e+01
-5.070346096018207760e+01,2.297630346071813534e+01
-8.459640124062819666e+01,2.963460341280807597e+01
-5.768580666830090564e+01,3.204552995762179535e+01
1.640243709314364651e+02,7.650065596311669935e+00
-1.625167122064825094e+02,7.505508980010485942e+00
1.783823217296488224e+02,8.207808437884366981e+00
1.684673717137760889e+02,5.754313402332365435e+00
-1.689509379629536170e+02,1.249245229703304361e+01
1.725097427802269294e+02,7.562135447455773374e+00
-1.794749310932796220e+02,7.603226234979610254e+00
-1.780028322907802760e+02,1.410905624908349409e+01
1.734462542939451453e+02,1.718593762531911295e+01
1.767381208404486301e+02,1.064458265016652838e+01
1.644182078122047699e+02,1.964271539441521242e+01
1.796650627475968349e+02,3.778424452839657732e+01
-1.490289005887438236e+02,2.324641523502589635e+01
1.655472635508338612e+02,4.074200414161909123e+01
1.713323524091833008e+02,2.715328452786537383e+01
-1.528555953052468226e+02,3.827443585597337972e+01
1.594206496084787545e+02,3.841448708721664218e+01
1.775769709893075969e+02,1.741341878128339005e+01
-1.661583847624949044e+02,1.594051575965947620e+01
1.797070828936235500e+02,1.301983284910669880e+01
5.339894234245358007e+01,1.807039707772319304e+01
6.968960216572105537e+01,1.260528685814275462e+01
1.307264024318296549e+02,2.462247033783782513e+01
-1.526080603964006457e+02,2.300556957197708030e+01
-1.140313787641193102e+02,2.509132082373715988e+01
-9.236385606371084123e+01,2.952781374140019111e+01
-5.156723048745163851e+01,2.639035136439800766e+01
-6.908327347628028292e+01,1.623718115979155741e+01
-8.420889747817901139e+01,2.650017842603363860e+01
-3.882379663522213065e+01,1.727701240113370318e+01
-1.682681304203079833e+02,3.006105154792027889e+01
1.706559326403582872e+02,3.836846729293800706e+01
-1.397959246328761651e+02,3.082552285592575458e+01
1.601944850741240600e+02,2.777891519666707154e+01
-1.698851093387983440e+02,2.380979802782989907e+01
1.738270019248877247e+02,1.462859462064073846e+01
-1.796042436837682601e+02,2.388115560114472302e+01
1.658451151801817787e+02,1.103434487678945253e+01
1.247726595292410536e+02,2.202843004486940259e+01
-1.644553168128337290e+02,2.082798113543099561e+01
5.744607674580505829e+01,2.148780433226239239e+01
6.536400211036718133e+01,2.369853844085189465e+01
7.152762472643692604e+01,1.744350759269991258e+01
6.364281674717935289e+01,1.250485404792966371e+01
5.881083917524515670e+01,1.547628108580257766e+01
6.047315545170598483e+01,1.567613305745684471e+01
7.793461795998450725e+01,2.258391283033947872e+01
6.614647591199650378e+01,1.152280923796067214e+01
6.521435098671595654e+01,1.626801151565677372e+01
5.966279855543034216e+01,1.904954446598726392e+01
7.910296049189537371e+01,1.590797892638364530e+01
5.561815829913096820e+01,2.117940037937022169e+01
5.795588624521496257e+01,1.232811416213130329e+01
8.259957588574005172e+01,2.075342704968518959e+01
6.812488641391327349e+01,1.687847048697113905e+01
6.415114112140133784e+01,2.041765083084043653e+01
6.345285068429736697e+01,1.130062012622442857e+01
7.898606959507249314e+01,2.073914418305827212e+01
6.126697554920315980e+01,1.192859370977429556e+01
6.511310424680783626e+01,1.547173692400902567e+01
1.486453480586477554e+02,2.364899723150318067e+01
-1.562073370845130000e+02,2.120860874105240512e+01
-1.620929466540165720e+02,2.287607701624736833e+01
1.479110907948258671e+02,2.646965958669922259e+01
-1.766150800123730562e+02,2.105522058528734064e+01
-1.598224216259284276e+02,3.766136547043812044e+01
1.647126964972322014e+02,2.124468256959520218e+01
-1.588371085885504783e+02,1.852327061687327614e+01
-1.668599260110519538e+02,2.288295601856820838e+01
1.423116728243712146e+02,3.234915870990754172e+01
-1.619355283656502138e+02,2.662495375185055480e+01
1.633429082759225821e+02,2.354059398839094541e+01
-1.494790862916982803e+02,2.341148950454025623e+01
1.684130062776548300e+02,1.028835139673423171e+01
1.725791791217150717e+02,1.528680390183383864e+01
-1.783244134113937776e+02,7.588021597679498242e+00
-1.773502466513570539e+02,8.634543168410894864e+00
1.715141103930770896e+02,1.187189215720465540e+01
-1.676019157199839924e+02,9.763138704165159609e+00
1.796147727984749451e+02,1.179050507119439928e+01
-1.283803184144608451e+02,2.893835410968988597e+01
-1.728137241153979744e+02,1.976833326761341780e+01
1.211694500902612788e+02,3.629127880280744733e+01
9.885847815560306628e+01,2.701560440939758934e+01
8.053152640494728587e+01,2.636464888077502167e+01
8.543195124947025931e+01,2.537596567807355186e+01
1.488007114397220754e+01,3.247689831908185454e+01
7.151232711540686182e+01,2.462888730900212764e+01
5.538308974922341577e+01,2.061358164227616285e+01
5.045731360121364162e+01,2.312923762756983947e+01
1.051975110167469296e+02,3.034142333329132413e+01
6.937620260384349535e+01,1.434672346777466245e+01
4.135699749949847126e-01,3.176300385412017846e+01
-8.544857294184654961e+01,1.540038715276156012e+01
-7.870311097773281972e+01,1.645554759965235547e+01
-6.609199626098099145e+01,2.405561118713695379e+01
-8.660765816903557379e+01,2.386965168768420043e+01
-5.563629234747551067e+01,9.012097426854758453e+00
-5.759011253020160126e+01,2.400412123735596026e+01
-7.418290467957208989e+01,1.494241260520247749e+01
1.706088899219342068e+02,1.139278680706107139e+01
1.794955126297457753e+02,8.486719839638437790e+00
-1.711067363433861033e+02,8.362858411475787790e+00
1.746800613035360072e+02,8.092316989571434860e+00
1.653718286306628045e+02,1.046049649144912586e+01
-1.609470743896441149e+02,1.941937452913393258e+01
1.722018308306859069e+02,1.461608404787654791e+01
1.649703579208160704e+02,1.394473981781097294e+01
-1.650252895945263560e+02,1.493311318918623698e+01
1.731955856877794986e+02,1.362765119277704784e+01
5.239392529783738439e+01,1.171619469347643872e+01
7.841913554630718863e+01,2.288980347192959286e+01
6.809083098860503469e+01,3.006737022908295032e+01
5.461456363548761317e+01,2.861556861838595012e+01
7.542258815884787282e+01,1.955760712445341909e+01
5.688876530729822179e+01,1.878466122031650798e+01
8.782739439910528745e+01,1.949326258700384074e+01
5.317349095981736440e+01,1.650270261608051925e+01
6.330026162410684520e+01,1.834492244977367648e+01
5.877850573070332985e+01,1.999859338153478916e+01
-4.872916348918852236e+01,2.031156829337277969e+01
-9.712266051090601593e+01,3.005982889873556019e+01
-3.918610070758651176e+01,2.595983207334648668e+01
-1.038373546446964610e+02,2.374219291755557748e+01
-5.769014965793935090e+01,2.392633141048463585e+01
-7.603276626802767169e+01,2.103156713452887416e+01
-5.158268946674556332e+01,2.004507463792429789e+01
-8.152585405017011055e+01,1.629373240241145027e+01
-5.449966155033601467e+01,2.307240609466448689e+01
-7.505817561980157393e+01,2.193401636794722265e+01
-5.949229170401657285e+01,1.470783158043682448e+01
-7.163937066788581376e+01,1.383532887236135522e+01
-4.780041618438059459e+01,1.762944291458515522e+01
-6.776686278250156192e+01,2.340177072442718753e+01
-6.750176718884875982e+01,1.909625204219349826e+01
-6.596039672823057742e+01,1.849491404331453026e+01
-5.540115258490198613e+01,1.616689530323976243e+01
-9.556870015027234899e+01,1.593911190691523316e+01
-5.148994169916621644e+01,1.751173374801376070e+01
-6.559635580963471568e+01,1.711472645177526530e+01
7.082760798322112805e+01,1.161092515367847611e+01
5.670801490017993274e+01,2.461229173641502754e+01
8.975507788571873391e+01,1.829193127010909947e+01
5.526456806939969368e+01,2.474744149595343146e+01
8.742559195657253213e+01,2.146040201062323405e+01
4.943472471717318939e+01,1.619381714410794260e+01
7.654029032277726685e+01,2.278126110842503849e+01
5.386761928421294243e+01,2.233776803877845651e+01
8.351889048604870425e+01,2.096965602950954022e+01
5.301415061394501294e+01,1.857625495330753296e+01
1.701787759789737038e+02,1.953240057628057258e+01
-1.695152753827835568e+02,1.466051047007700525e+01
1.734270984247263243e+02,1.811699961919054402e+01
-1.732659896004293785e+02,1.899802770182527922e+01
1.785844176791532902e+02,1.561933806416683268e+01
1.593766230651081628e+02,2.303337030779417205e+01
-1.646090966761301786e+02,2.796938918398700125e+01
1.752012306239996917e+02,2.505368030577634642e+01
1.773638574175874965e+02,2.171854598983745532e+01
-1.762771968513475258e+02,2.389582299627160111e+01
4.717328893378464727e+01,2.720540469936606343e+01
1.082384539013588096e+02,3.126587128239250291e+01
9.882796428748933693e+01,2.855663699871784189e+01
6.330339145604435913e+01,1.534505391390435491e+01
7.128452472595111544e+01,2.659950903660871901e+01
5.990778517334899078e+01,1.890952283480850227e+01
9.786837831163838075e+01,3.016568232600712207e+01
9.634648642940136654e+01,2.382417149308427184e+01
2.940549959769914778e+01,2.300189062918291683e+01
7.285883705972723590e+01,2.825874035389314542e+01
7.832426286836982854e+01,9.428406421588150010e+00
5.978178884204204735e+01,7.525903110278051145e+00
6.715367186377071107e+01,1.473554469218010432e+01
7.159511032612627446e+01,1.462973787888615007e+01
5.417425386047582236e+01,9.483664326737642369e+00
6.319768987279442740e+01,1.313535784380060889e+01
5.343240320890319595e+01,1.435654208452199576e+01
5.841875025666577415e+01,1.416708335690928422e+01
5.035232138882286534e+01,7.263034182012884088e+00
6.611130682596659369e+01,7.414187067467015169e+00
5.909089310858329469e+01,9.932897775845514587e+00
6.187424388653726481e+01,7.240421705205972280e+00
8.307040004815389977e+01,1.427832417166922419e+01
6.849377948000362437e+01,7.354804001186847628e+00
4.687571852927364091e+01,1.162718784668447114e+01
7.850166014741262188e+01,1.163907477556087855e+01
5.302215613384812798e+01,8.595667986185556941e+00
4.830671007965170105e+01,1.650412753413216649e+01
5.362813015614067780e+01,1.397849531601735507e+01
5.410304912214130724e+01,1.520705413714830101e+01
7.077137950711816927e+01,2.345110422323576671e+01
5.654956342209850817e+01,2.314893593427442653e+01
9.285828640540809431e+01,3.327740679583003214e+01
1.134191267184482683e+02,2.657008107691500953e+01
7.214020714255073585e+01,2.224848783437668942e+01
5.087641523732824567e+01,1.760336848690145217e+01
8.683163177940549815e+01,4.736691164725013437e+01
5.641845034208233756e+01,3.036165759609320958e+01
8.646657975443734756e+01,2.016864990006184399e+01
5.324815104806189225e+01,2.867917587918788769e+01
1.799993735598896762e+02,1.449354122826878211e+01
1.538522451943784404e+02,1.399494683166603970e+01
-1.583305613609646798e+02,1.535683318947318909e+01
-1.211616580129330600e+02,3.398714441223613392e+01
-1.187925967553382520e+02,2.641995494299875702e+01
-7.965528331210404644e+01,2.161790850045911938e+01
-4.524382960685179711e+01,1.335186447556104206e+01
-7.693916867020007544e+01,2.489425579655822318e+01
-6.178151525453981208e+01,1.606538562696555061e+01
-6.810168666729173026e+01,1.815567418498299901e+01
-1.707034151370480117e+02,2.029266009131355375e+01
1.622374826445480949e+02,2.025973914945048904e+01
-1.784007861260367349e+02,2.038216531103878637e+01
-1.766973738258328126e+02,2.451325502917749688e+01
1.758455824031690895e+02,1.519066933955697962e+01
1.635928206783901260e+02,1.749997881151220724e+01
-1.605192468046258227e+02,1.677422241286296867e+01
1.662749057778385691e+02,1.269127895978559728e+01
-1.759275809366626220e+02,1.085670058186040166e+01
-1.557661060594487878e+02,1.088115515881746376e+01
1.596303723782362454e+02,1.451577796176292878e+01
1.757052409105567676e+02,1.050115281566326964e+01
-1.457435184643397861e+02,3.045797514593173005e+01
1.653407623293897757e+02,2.817767506545452960e+01
1.664676884535832642e+02,2.570239812706763161e+01
-1.712339341351015207e+02,2.634326213219945956e+01
-1.698486435003404722e+02,1.532385223619590597e+01
1.605676684420542699e+02,1.784959916263338187e+01
1.752474288110940961e+02,1.950976573816293325e+01
-1.748345107055220069e+02,2.469651378207470316e+01
-6.781126869213336761e+01,2.093045835644199926e+01
-6.573133157289538531e+01,3.901772912290151396e+01
-6.827051969982696278e+01,4.567534488098858958e+01
-7.018746708516708566e+01,2.365070940788872633e+01
-5.856046653861895379e+01,3.404352028969898925e+01
-6.196141425817012305e+01,2.129919802963446784e+01
-7.688410935514592381e+01,3.265765160768876285e+01
-6.224630581889749692e+01,2.050279577096919326e+01
-4.992527191781422857e+01,2.310194013173063965e+01
-7.143029773861005083e+01,2.388854166515808686e+01
-7.188997907384603536e+01,1.195065600270145900e+01
-5.911215817536722028e+01,1.231618622281832920e+01
-5.987900803532714633e+01,1.246073029998846238e+01
-7.787657681124419184e+01,1.327837514874226521e+01
-7.961094019952510337e+01,1.671852623267654536e+01
-5.222220372106231423e+01,2.270605818670684073e+01
-7.343618408690979038e+01,2.016778574498124144e+01
-6.215171819435769152e+01,2.371700037751983814e+01
-7.783228932380492893e+01,2.127759398476758435e+01
-5.270802738502979423e+01,1.743080562711417514e+01
7.202067052738563291e+01,1.737945253282295255e+01
5.995838365847609452e+01,2.581629682438867235e+01
5.274387901780563936e+01,2.216767454873913223e+01
8.074515114933679172e+01,1.903739429847546560e+01
8.200180652938583137e+01,2.693677352280184678e+01
4.667307354577927470e+01,2.046568656997487778e+01
6.834675770349507218e+01,1.797664474935700341e+01
6.248541715514394923e+01,2.438758605353128672e+01
7.370529437404397299e+01,1.842100775076404418e+01
6.060444767324843696e+01,1.469298686920705421e+01
5.456676820856835519e+01,1.330051644842162162e+01
7.587139376430886273e+01,1.593967080507539080e+01
6.586374886291486064e+01,1.265325407571566529e+01
4.788437644059406750e+01,2.033640781826141719e+01
7.806155757287164931e+01,1.882007601653437234e+01
6.311513791568726361e+01,2.311212676965594781e+01
7.636233295210273297e+01,2.204937160509958005e+01
6.218808059013962009e+01,2.360339242229535728e+01
7.834419701536727132e+01,2.618234930016119577e+01
6.063672796715640345e+01,2.974762460638837069e+01
6.821354185600721109e+01,1.897867353345932528e+01
6.392647358102420441e+01,1.828327820861656505e+01
6.199140751262965665e+01,2.724696837955372786e+01
7.300978172858758342e+01,2.150485893840893681e+01
6.195002386462650179e+01,2.628763713352293863e+01
5.744162958433317812e+01,2.917705802694893436e+01
9.168761247045794960e+01,2.515767127167939776e+01
5.598370387362886902e+01,2.516180907684539392e+01
7.379635979135846924e+01,2.964737405891702338e+01
4.259697316025724945e+01,2.456123783480341416e+01
9.786929811092500131e+01,2.315545260240050851e+01
7.357235973632087678e+01,1.969427567258995992e+01
5.025194472037711790e+01,1.522418925673014911e+01
8.463152303606293003e+01,2.389587444484856960e+01
5.107718361637525106e+01,2.078016237349672224e+01
7.095354156356152941e+01,1.323758780825238190e+01
5.987230861830614970e+01,1.219886290644623550e+01
7.308440421557254751e+01,9.311415772204966856e+00
8.485866276210659009e+01,1.686096550575602038e+01
6.575921897202557886e+01,1.924619246382740556e+01
-3.292632318601415164e+01,1.881632819400259393e+01
-8.133108307261363734e+01,2.345698587886965925e+01
-9.530260490774459470e+01,2.605334416536945952e+01
-4.803206472671329408e+01,1.667807963565703133e+01
-5.530743774354770892e+01,2.036807300827806344e+01
-6.281511838773310785e+01,2.008944434091748832e+01
-3.330059171526956874e+01,2.118175270567017776e+01
-8.817918271023897603e+01,1.629193042417834647e+01
-6.116536814486985207e+01,2.353271436220334323e+01
-3.881219390701640037e+01,2.191249903082421469e+01
-5.107425900550159525e+01,3.175843808551744374e+01
-7.755104029874972582e+01,2.421555332906643798e+01
-1.037386610963924056e+02,2.322851212679746880e+01
-9.218260757717985143e+01,2.585677514209561423e+01
-6.596314992281550360e+01,2.704945539191304604e+01
-7.011780017685428845e+01,2.131792774456457451e+01
-6.859343615992840171e+01,1.483484298790917144e+01
-6.499568780682834301e+01,2.565365384680079330e+01
-7.036076268061468397e+01,2.903158858913832319e+01
-7.110239089146918445e+01,2.161865550166097805e+01
-1.792853485276401955e+02,4.892753166429376854e+00
1.747222571922583825e+02,1.300581030263265880e+01
-1.706330937555889591e+02,1.199141876298411091e+01
1.753538286952936858e+02,6.389708395170612398e+00
1.620062474866424793e+02,7.654128846736854896e+00
-1.652580326257067327e+02,9.028346084614032208e+00
1.647396235844952912e+02,1.092261892527497480e+01
-1.672343961982553253e+02,1.099971916305069719e+01
1.736836333184528769e+02,1.228459345534355585e+01
-1.634039727454649835e+02,7.613817919459490824e+00
1.575890271085598329e+02,9.157153753621912529e+00
-1.510700491786612929e+02,1.262784095858360800e+01
1.597518717579831957e+02,9.904244272761197010e+00
-1.784124450408992004e+02,1.622495801277374738e+01
1.665005288870048048e+02,9.337971235374764589e+00
-1.646258039920091392e+02,1.107447919102832934e+01
1.677846208259115315e+02,1.319605213921842335e+01
1.785884818210737137e+02,1.118994699437441831e+01
-1.479389224917850356e+02,1.324582360545628568e+01
1.479142389824473298e+02,2.028793541116890253e+01
-1.650109566586766050e+02,2.673407919659619125e+01
1.710218137173909838e+02,2.613640991592501450e+01
-1.628958341516913890e+02,1.478281422802393585e+01
1.516969913976933526e+02,1.797288387902082718e+01
-1.587578076340105895e+02,1.694911304433752974e+01
1.716790423616027681e+02,1.367293059780548248e+01
1.671528559212221126e+02,8.914995650437418817e+00
-1.534916171765892159e+02,2.622607121255431650e+01
1.596757654390306413e+02,8.242551679023701894e+00
-1.656071896411190210e+02,3.000628674183255029e+01
7.224824539477901908e+01,2.764255510989480058e+01
6.670507607632907821e+01,2.214288568909932309e+01
5.902405029385428747e+01,1.816277232966088917e+01
6.818609711724319311e+01,2.123486001006922663e+01
1.230748145759828560e+02,2.207641905487061962e+01
1.555498126851454401e+02,1.426746308407170893e+01
-1.614691109818346888e+02,1.669128539089251717e+01
1.727423767557101542e+02,1.897295272427605539e+01
1.538937421280901674e+02,2.394224811473007719e+01
-1.721444035409930677e+02,2.931724900573598802e+01
-7.841837942630235148e+01,2.374110743961961134e+01
-8.179735753740473569e+01,1.877671874344544989e+01
-4.888985173360944714e+01,2.237740801064892793e+01
-6.271457309167252703e+01,1.380181224178380006e+01
-8.328409000029826359e+01,2.009005412120019685e+01
-5.791478213229814997e+01,1.029131894952184823e+01
-5.418728209056336453e+01,1.640835385736495056e+01
-9.101615358985077364e+01,1.722921924750916034e+01
-6.152662868859982126e+01,1.931841964589865768e+01
-7.121983131714871718e+01,1.751612394991054700e+01
-8.701773293759062256e+01,2.170578460479622862e+01
-4.348287653675902220e+01,1.960354150358756797e+01
-5.564749947422834708e+01,3.281508447027599829e+01
-4.519798439875383167e+01,2.404113313547257391e+01
-3.845131647905679273e+01,2.243162341045152530e+01
-6.159936723608454656e+01,2.702628726649716029e+01
-4.065186063644950565e+01,1.499028231818424395e+01
-6.294055725466205331e+01,1.519054874418853984e+01
-6.297018871060821255e+01,1.226046759173073575e+01
-6.524311033689154726e+01,1.839350087760696795e+01
1.789060945350139775e+02,1.094276832515307163e+01
1.797415014109238314e+02,2.900725743333261164e+00
-1.682820396305861550e+02,4.422948196473406313e+00
1.596436397190496166e+02,1.558103829063216494e+01
-1.696924829411384792e+02,1.853514097921848958e+01
1.765297808242496558e+02,1.630648135469656523e+01
1.781349288568934526e+02,1.153408310698024231e+01
-1.765274815802677324e+02,9.204813375776090822e+00
-1.718251102269378805e+02,1.105849149385619334e+01
1.734255440955490144e+02,1.381737422257692671e+01
1.711773807053857297e+02,1.831605882251191986e+01
-1.619346877601437313e+02,2.603080263750537071e+01
1.682689357430951702e+02,1.539860007235089512e+01
1.749286231251742549e+02,1.416923316139951083e+01
-1.746240501728711365e+02,6.875902420805953597e+00
1.652334949892783698e+02,1.681456272093021198e+01
-1.546978841396899611e+02,8.891938468467809997e+00
-1.775685045150001145e+02,1.137185823795109840e+01
-1.767235049214322942e+02,1.277801798844336290e+01
1.705405334492701570e+02,1.778186851454300665e+01
-1.770890088052579188e+02,9.434730052315513760e+00
1.738943744278086001e+02,1.102701505792979297e+01
-1.671771223726707092e+02,7.163404091240620275e+00
1.655888026807893993e+02,8.465470050260115897e+00
-1.650142615542365547e+02,1.003570056817721223e+01
1.660345344505154515e+02,1.047034822730077686e+01
-1.751561807742649250e+02,7.132701396560149121e+00
1.735566232216972935e+02,4.344734941305933518e+00
-1.719064127938443107e+02,7.091256073712772334e+00
1.769109323037708634e+02,9.231680116213791365e+00
-1.708612361357206737e+02,1.418296112508109097e+01
1.685041159815331184e+02,1.145060076219980516e+01
-1.735830401395072897e+02,1.066508339770603442e+01
1.770164750239562181e+02,1.167794986030614801e+01
-1.784506318064153447e+02,1.182259054043661628e+01
-1.727484715191653208e+02,2.014186280094862269e+01
1.623559895413527840e+02,1.808252360613216325e+01
-1.606110452078165167e+02,1.210284646394217134e+01
1.628090327292302959e+02,1.035768511954609039e+01
-1.700549075029493906e+02,7.471918251668343558e+00
5.134356291383957682e+01,2.104874450907986017e+01
8.425975379674095223e+01,2.275441148865937180e+01
6.149596284738851182e+01,2.037836441694881628e+01
2.640805568741832587e+01,3.762827619826123282e+01
7.463098185241456406e+01,1.308057980526414710e+01
4.934728244906808925e+01,2.614910053139212565e+01
6.145000293612527287e+01,2.038495127900706549e+01
7.122038497742653362e+01,2.977879448611837887e+01
6.034762423835049105e+01,1.748203211731580353e+01
6.973439166188367722e+01,4.151870630368691195e+01
8.291007711070683683e+01,2.005162903034695532e+01
6.942516427479466756e+01,2.565676240456683388e+01
5.703090612368261958e+01,2.871877014269436401e+01
6.878920048415841393e+01,2.464417626194240185e+01
7.688410240966175024e+01,2.647865930095654363e+01
4.215428766579935882e+01,2.737971760296913715e+01
8.366599792898031751e+01,2.447017133933648481e+01
6.846620393306615426e+01,2.489553960299916113e+01
5.508548864963273672e+01,2.196962314972975605e+01
6.686165622411049014e+01,1.961099046552265790e+01
6.500828705613743352e+01,2.089760167966907289e+01
6.413203276417935683e+01,1.994733436107878788e+01
6.236411301942113283e+01,1.376076855339779392e+01
6.383306462026091310e+01,6.893578325118295602e+00
8.653991352715114260e+01,1.155598824879113806e+01
6.302787682033797267e+01,1.496949054767136467e+01
7.768430734513239599e+01,1.125196434856384897e+01
8.344491180508879324e+01,1.545761036758646512e+01
5.538889195118579778e+01,1.114015396348236919e+01
6.660446502702903615e+01,1.884210972906992509e+01
1.727845909123667525e+02,4.169476238479270513e+00
-1.622773637873365260e+02,1.335631135762947430e+01
1.554302498191350708e+02,1.690826548796743367e+01
-1.673355505422991598e+02,1.989216602119509503e+01
1.696892799425834255e+02,1.570406136689905807e+01
-1.569939295835630162e+02,1.327689654780432527e+01
1.606120083865293680e+02,1.093647099698330294e+01
-1.591461572349260791e+02,8.459459704606379304e+00
1.592723942288333205e+02,8.244891761939570074e+00
-1.734628231628956883e+02,2.201632571580096620e+00
-1.757818904140803511e+02,2.209494980760473837e+01
1.647017941380682373e+02,1.675667236045960351e+01
-1.703155829928704748e+02,2.167659655179256717e+01
1.678498603584152420e+02,2.345457670597387079e+01
-1.523891638703398144e+02,2.656418497326254879e+01
1.623589772769832678e+02,1.731901071123993674e+01
-1.620021058359128290e+02,1.632490371241862448e+01
1.618631251358982581e+02,1.627033750422336666e+01
-1.545889074605378255e+02,1.982764216927204259e+01
1.574846782284986944e+02,3.287800234964148416e+01
-8.638863785979715715e+01,1.858395162235458642e+01
-4.415845413586526291e+01,2.508591940111125496e+01
-7.222230081326323159e+01,1.587648171627444071e+01
-8.192469834250213978e+01,2.051477473015945208e+01
-6.105478410636817443e+01,2.663593869758721056e+01
-4.741883046182537242e+01,2.505328673955587604e+01
-7.584191616010046744e+01,3.189979405329125939e+01
-6.786501838531894748e+01,2.879479876998878041e+01
-5.898045757947239309e+01,1.493486667334765627e+01
-6.621329067212511177e+01,2.335374627038752848e+01
-1.629364158821104809e+02,6.386109485358203663e+00
1.794859470332504827e+02,1.103188965435915669e+01
1.754591333326318079e+02,6.130015385492867175e+00
-1.754124456234447393e+02,1.217843542707008808e+01
-1.790805300342629209e+02,1.055364167018224997e+01
1.664739696758007028e+02,1.507765933065082287e+01
-1.543893457954730479e+02,1.602026500809258280e+01
1.665006466598987913e+02,1.197299933149771434e+01
1.721328434714633602e+02,1.190940552796436513e+01
-1.715923508593856184e+02,1.504137319742496359e+01
-1.644452437168478980e+02,1.671638505293698174e+01
1.771232157687714164e+02,1.007386053344604449e+01
1.648075772165281023e+02,1.393470265159968768e+01
-1.759044657586269977e+02,6.391790521554910676e+00
-1.790826679922674032e+02,3.272145401316595592e+00
1.735012190368705660e+02,6.725617964813062066e+00
-1.694175835073144185e+02,1.518079218144397302e+01
1.630483113776855646e+02,7.533332619679861786e+00
-1.675973362875017187e+02,1.018533088155331257e+01
1.709508817437315429e+02,7.208947943532455938e+00
-1.701520043214780742e+02,2.530084410789423544e+01
-1.775303100129960683e+02,1.831473952511477066e+01
-1.700459449331812323e+02,2.505165459956317164e+01
1.796702918415572299e+02,2.075376127707728102e+01
1.656329112566830020e+02,1.500759098109190504e+01
-1.742874710470873083e+02,2.324594574232196464e+01
-1.664490446975365785e+02,2.236311162444946632e+01
1.677302363957648481e+02,1.562675661459412524e+01
1.670342993914613032e+02,2.304626187379441404e+01
-1.671920831800240990e+02,9.888234962832481045e+00
6.613070746690674184e+01,1.598397301211370092e+01
4.347879060200343559e+01,2.060619130765453377e+01
6.260853662001402142e+01,2.270226466921472408e+01
4.931514342960802821e+01,2.101625135330652228e+01
8.441702909226064833e+01,1.988325751525660579e+01
8.064678529636739768e+01,3.046376055269917416e+01
-3.610591388971916160e+01,2.105640322593503910e+01
-8.881707038890921524e+01,1.665384977398616684e+01
-1.180085699097645460e+02,2.098389669127192292e+01
-1.443928023321573733e+02,2.148611099532663360e+01
-1.794295264126209588e+02,2.382023542157789819e+01
1.646968086119383656e+02,1.843283300804089109e+01
-1.696549662052053122e+02,2.802633038686045097e+01
-1.680688098559053003e+02,2.438291997488543572e+01
1.504556169450651169e+02,3.433659896415900192e+01
-1.704155182106379982e+02,1.582433137210351504e+01
1.748263147316696404e+02,2.060431928662868728e+01
-1.715257308865928394e+02,1.801802774313636846e+01
1.796087104567593258e+02,3.005481117142786118e+01
-1.713404067107543938e+02,3.995946488055459866e+01
1.039677174487257361e+02,2.049146505039260546e+01
1.664072938322186701e+02,1.567936186722570113e+01
-1.641427973065992205e+02,1.633816496955801156e+01
1.720171530830584175e+02,1.622670477326670380e+01
-1.565246716789330037e+02,9.928926087767298014e+00
1.762254802566698402e+02,1.439083066778321118e+01
-1.731601417202489301e+02,2.000801158750752151e+01
1.421030466053894372e+02,2.201511547771894328e+01
-1.462616221449773093e+02,2.348200245388899532e+01
-1.013967659602584490e+02,2.990229350029414235e+01
-4.694245401906541559e+01,1.774177088070910457e+01
-7.054560052256495339e+01,9.406132170722163011e+00
-7.445444202864618433e+01,2.000540195859181836e+01
-5.686674872269573200e+01,2.350805868682286004e+01
-7.393951893669319020e+01,2.104714510229946711e+01
-4.836436066934682287e+01,1.609467340668953028e+01
-6.367032006260461685e+01,8.112653085481486670e+00
-5.565575526501913828e+01,1.172058187552288189e+01
-6.116974635416246286e+01,1.135313504792881645e+01
-7.974096543934139447e+01,1.422346056867079156e+01
1.778767016038928830e+02,7.997711846591823104e+00
1.790375209075873784e+02,4.312107762710622794e+00
1.775228939152555654e+02,1.182158212756893434e+01
-1.703765982512599351e+02,1.124955877230614476e+01
1.678340931773142586e+02,1.054975386653733871e+01
-1.563315494193564916e+02,1.285471245907486804e+01
1.687643786410731082e+02,6.858373586948872003e+00
-1.781847261424036901e+02,7.034128402475535502e+00
-1.766456152314709414e+02,5.921408050906852516e+00
1.742700813525596857e+02,5.213641013948400627e+00
-1.443562739520412208e+02,3.296173461114486258e+01
-1.656945189053392369e+02,2.590884885060605924e+01
1.613971009999219177e+02,2.352721690511911490e+01
-1.683214134368299710e+02,2.794707139473124258e+01
1.687724872836408565e+02,1.973202819240005113e+01
-1.648572322116484372e+02,1.914113469072207607e+01
-1.761129327628263468e+02,1.837596377477393617e+01
1.767860405974121250e+02,2.168140305424729775e+01
-1.793062174363218730e+02,2.040530491969315818e+01
1.660170672315609295e+02,1.687401776389661734e+01
1.709359844231108241e+02,8.936425196547777006e+00
-1.703445521211923506e+02,1.436045169782470765e+01
-1.767216967192004233e+02,7.091341651895227471e+00
1.487478430018539086e+02,2.329686485095500004e+01
-1.627447098335215401e+02,7.363828504204644076e+00
-1.686937507554233093e+02,1.990342891571011563e+01
1.611152309056478771e+02,2.331256433693533836e+01
-1.629396679674889583e+02,2.526299975706495360e+01
1.690647816901708040e+02,2.311120321183518556e+01
-1.767428557845068156e+02,2.709413617252240059e+01
1.793790765130197542e+02,2.568308649295293122e+01
-1.650590178452175394e+02,2.646293636823049056e+01
1.655239792489595914e+02,1.522965697107519034e+01
-1.730303807059607095e+02,2.177391371154581634e+01
-1.631182798561492859e+02,5.786263754307388041e+00
1.623186837883931446e+02,2.153099979761037730e+01
-1.726826492792277747e+02,1.131054185981025384e+01
1.757570294728083979e+02,2.813268012725772849e+01
1.784207861636577661e+02,1.797849929606663011e+01
1.784446270620292410e+02,1.302862327951415899e+01
-1.772440143991270816e+02,9.362630716747903037e+00
1.775232197558620157e+02,6.702657300398938034e+00
-1.630855700124032808e+02,2.243481031366544443e+01
1.757998296260663551e+02,1.188407562816602692e+01
1.609212680397343718e+02,1.916078494458167469e+01
-1.624389083051659668e+02,1.377499324854659157e+01
1.698587577467461074e+02,8.857635688099527727e+00
-1.785892227623112660e+02,1.956280787082328487e+01
1.768437185651434902e+02,1.011609375172317549e+01
1.726812883130820353e+02,1.393869641268886816e+01
-1.676792818453900225e+02,6.267921755743756762e+00
1.691086652299022717e+02,1.132587659634558008e+01
1.781314726299845006e+02,6.733952328021603151e+00
-1.727075432966837241e+02,1.403240551355231069e+01
1.797483724623677119e+02,1.566814975801599275e+01
-1.720862317199299412e+02,1.720457669724586580e+01
1.600148505894579216e+02,1.926852265876251380e+01
-1.662909582818668923e+02,8.962920422667831843e+00
1.588735635357085130e+02,1.047890688848085716e+01
-1.637494421231767490e+02,5.227441633348543171e+00
-1.792653642884139629e+02,1.155126676631457627e+01
1.498308131434193342e+02,1.641890237303452338e+01
-1.554867818000616637e+02,2.843643281279633683e+01
1.585193566922006028e+02,1.705337069744548018e+01
-1.639380972089610680e+02,2.691894432488788880e+01
-1.788969504808268027e+02,1.284456920111224321e+01
-1.724693730830384482e+02,1.108622553129392863e+01
1.662224315247559332e+02,6.495566924651177132e+00
-1.745968797459489679e+02,7.370349276897783852e+00
1.719534526503271934e+02,6.883518441917509278e+00
6.952553097291205120e+01,1.382432192771845969e+01
5.579368049398063079e+01,1.289354382258267684e+01
7.041787540168120074e+01,1.312265554645038179e+01
6.647313786325348417e+01,1.258258698319032121e+01
5.543044266549419063e+01,1.846780369573700398e+01
7.176887939539683714e+01,2.198233892934090505e+01
5.208182546244631084e+01,2.265733985439556619e+01
7.169555383540108551e+01,2.450397134264568066e+01
5.583755153947874561e+01,2.016694392405570468e+01
7.952024040287226114e+01,1.590188066604692096e+01
-1.713455963832582256e+02,8.380400771533659920e+00
1.729888785136874674e+02,1.348332313327496479e+01
-1.603912552584298226e+02,1.109058452785138726e+01
1.567330644895498608e+02,1.426865901494942790e+01
1.781090094039725784e+02,1.322925493882392800e+01
-1.610526340455604384e+02,1.335249602656957002e+01
-1.789107221312108322e+02,3.004342792536923668e+01
-1.794730230378783915e+02,1.238898559409022404e+01
-1.779665765982196888e+02,8.521097203762359129e+00
1.619840173407645523e+02,1.720469895011346040e+01
-1.609878085367387257e+02,1.521180869751018960e+01
-1.799203700364665792e+02,2.140165558085983122e+01
1.774382709239699807e+02,1.128379838852277750e+01
1.751141556050713461e+02,1.255030494413247943e+01
-1.578601005972523410e+02,1.634473111701098702e+01
1.655515216048574985e+02,8.981451900803421040e+00
1.502361680204460299e+02,1.462953567870053462e+01
-1.432777002475902179e+02,1.369136628440367609e+01
1.672120275258191384e+02,8.632515315125692368e+00
-1.795294003021556080e+02,7.336050818015064756e+00
-1.362019736078213725e+02,2.037753389540013771e+01
1.711552983255653260e+02,4.760031521189091563e+00
1.335428794115653943e+02,1.723958980616132308e+01
-1.487409772367509220e+02,1.500860709573015050e+01
-1.776358460494559779e+02,1.664598200219461432e+01
1.557141141597803653e+02,1.555308031538503144e+01
-1.579678375806806798e+02,2.078468845721141633e+01
1.481564028302393865e+02,2.239042865686876738e+01
-1.720577752970141603e+02,6.439643185289801508e+00
1.799004208429429355e+02,1.020504182914574187e+01
-1.612295141112689691e+02,1.103629555459466616e+01
1.715523071773251900e+02,1.094433966186685403e+01
1.788583778195682044e+02,1.032424153386967269e+01
-1.788153626797924858e+02,1.481290877605692025e+01
-1.754278949284725968e+02,1.033439388146376814e+01
1.758806781356533122e+02,5.599692786423791091e+00
-1.654539314036072710e+02,1.287179511088535655e+01
1.660415862813321439e+02,1.755343895975633473e+01
-1.789280198287653150e+02,1.622024678172738277e+01
1.795302154702496296e+02,1.722921620488601846e+01
-5.795666833405499574e+01,7.039970780834826414e+00
-7.649121694255258319e+01,7.063902168668470871e+00
-6.586007140020470274e+01,9.066322889770262350e+00
-6.049222697374416668e+01,7.415722244040706457e+00
-8.952453519954761418e+01,1.068745491671297998e+01
-4.876218910917086902e+01,8.324417057079413595e+00
-7.750729309296762892e+01,8.696007824312690815e+00
-6.191874196319074741e+01,1.015529505987337267e+01
-4.693230807900097545e+01,1.316732586265332472e+01
-8.847892032913772198e+01,1.269362273241621963e+01
-6.804907226278363908e+01,1.246012126416271926e+01
-9.442485932473881860e+01,2.337910480252013912e+01
-5.568295278752789557e+01,2.072414712607206511e+01
-7.239507885971265466e+01,1.710050754994883704e+01
-3.888083778875806473e+01,2.461881376612726768e+01
-2.771331714933289447e+01,3.078315779390697315e+01
-6.369955824214220996e+01,3.331249899927791347e+01
-5.334888687615885061e+01,1.666323024076883996e+01
-7.499031020435299411e+01,2.327035124436208946e+01
-8.875878292183571716e+01,2.918789273826180874e+01
1.789172028255078715e+02,4.235629754649432144e+00
1.788876455485774670e+02,1.405979257567746643e+01
1.731205754389708886e+02,1.397126374405192806e+01
-1.757128715755279416e+02,1.628634586107276760e+01
1.598366196394646295e+02,1.988509701246784189e+01
-1.581482596694661993e+02,1.764239238086857142e+01
1.610104044963452736e+02,5.548501702134263525e+00
-1.765676199605264571e+02,5.587810829417884761e+00
-1.644819360981852867e+02,6.545048904320239558e+00
1.742398931226887839e+02,6.741972668980656280e+00
1.718829841487081183e+02,3.120500287189365096e+01
-1.668286182978880845e+02,1.758397609447476739e+01
1.743682001692819767e+02,5.907268595485165363e+00
1.506316599653172830e+02,3.164572816548188428e+01
-1.430620421958391546e+02,2.673918767849831113e+01
1.699206952383772773e+02,2.810474018734345236e+01
1.239772452493292008e+02,2.398166946375095421e+01
1.470915910839445928e+02,2.377399578406982528e+01
-1.678422039629043923e+02,1.429794337047647446e+01
-1.765757206998868014e+02,2.281584470908601858e+01
-1.788245845851092497e+02,5.692340193812265525e+00
1.760260187945243899e+02,1.496111276773028465e+01
1.604460582975045497e+02,1.964917746278682742e+01
-1.495234660969313154e+02,1.733591627399157531e+01
-1.611592815363537738e+02,7.386995201093034424e+00
1.428481914439833531e+02,1.950959012231381706e+01
-1.766738787684060981e+02,1.495610874973738014e+01
-1.769305041198496440e+02,2.261678920701569595e+01
-1.702098573913922905e+02,1.708522611505337352e+01
1.568451724266511746e+02,1.936345796381580087e+01
-4.560413466051610953e+01,5.523986036158656532e+01
-8.134424109783829238e+01,2.712105210048980553e+01
-5.421320116986547077e+01,3.678327673602427694e+01
-7.089354931667531901e+01,4.158604037138896814e+01
-6.788700445998023270e+01,2.644134046381637404e+01
-8.353390368469275984e+01,2.246703087531788512e+01
-4.376921615912097963e+01,3.014978158612066750e+01
-7.795948732214742449e+01,1.654464758764644472e+01
-6.724904960939369403e+01,2.679670041525709223e+01
-5.851683627764158047e+01,2.106216290654770518e+01
-1.780250367937061355e+02,1.296335329752173493e+01
1.742212846059140929e+02,1.511693399967872509e+01
-1.641499931371732544e+02,5.825735456096579057e+00
1.601952159165348064e+02,1.094089198072504132e+01
-1.588903864423217840e+02,1.268703646849603395e+01
1.624249226857392898e+02,1.888455742329855624e+01
-1.781860424234063771e+02,1.488427773505346785e+01
-1.706169459242863695e+02,2.204925374366851543e+01
-1.748342190127057734e+02,1.907164481999015493e+01
1.763324036703847923e+02,1.342838685023341405e+01
1.604859732844585665e+02,1.529655722884466229e+01
-1.474393139136381876e+02,3.684121343879328236e+01
1.406724218229155099e+02,3.659548350017171714e+01
-1.648831502982446580e+02,2.972690419925833183e+01
1.732183748340072782e+02,1.042540244828675000e+01
1.791977522259195439e+02,1.265997530017967421e+01
-1.603871849705774366e+02,1.411912618540439190e+01
1.366900088307636736e+02,2.432162297443487020e+01
-1.747401681402330098e+02,2.545875154448585675e+01
1.713404225531998577e+02,1.901682016414977383e+01
6.802829351611373454e+01,1.492353526974722122e+01
7.759825364978647144e+01,2.450201324721009755e+01
7.475149607679095709e+01,2.704996967523483775e+01
7.901988856762920932e+01,2.284575028500324834e+01
4.798297187333037783e+01,1.961303404745238410e+01
8.478944134692991952e+01,2.242284945159110876e+01
6.306997087071565034e+01,2.432168910267965956e+01
7.398818514844232652e+01,2.174708971900584586e+01
6.025221576109291988e+01,1.925712230171131978e+01
8.131421525121783134e+01,2.743259487906109939e+01
1.549433455136806117e+02,1.674749720762467931e+01
-1.474106479300467925e+02,1.532703913131155105e+01
-1.751483759676691534e+02,1.109644096575287264e+01
1.346299635049180665e+02,2.508763870643063854e+01
-1.711089951981419404e+02,2.061523834449405967e+01
-1.551247037728609826e+02,1.995257598237158447e+01
1.651792918449153547e+02,1.616562689441798639e+01
1.764685708133424100e+02,2.034670842150880432e+01
-1.686903725898203845e+02,2.534230404716053187e+01
-1.798099177082694951e+02,1.824376705722575309e+01
1.744260720827458897e+02,9.404908724823400235e+00
-1.419084082020244182e+02,2.061863090778727425e+01
1.657390267477612156e+02,2.106901824341187179e+01
-1.630995339061154255e+02,2.086536754449008058e+01
1.711926500245729699e+02,2.103799314944521726e+01
-1.762764865024453513e+02,1.137163086926869582e+01
-1.781629936335425839e+02,1.926916679168732571e+01
-1.744726764542957369e+02,1.438981314266335154e+01
1.740846290843256838e+02,1.189353225547569792e+01
-1.679209125305755208e+02,1.640674666308724738e+01
-1.422730484797915835e+02,2.235828764871571650e+01
-1.288427725453171604e+02,3.508267721483032631e+01
1.718110739639742803e+02,2.126608805904861654e+01
1.404244720676971667e+02,3.720448815586054536e+01
-1.614907757417892071e+02,1.915553707676407313e+01
-1.632714261960964279e+02,1.209286988945454411e+01
1.653774782726433159e+02,2.063355478505444296e+01
-1.709949062705649681e+02,1.981030704055755365e+01
1.790746372072269708e+02,1.635646969787372385e+01
1.739174081345581442e+02,2.347912462967023828e+01
-6.301212242792630747e+01,8.888754146080842133e+00
-4.533981168750716506e+01,1.784919113866747153e+01
-7.729516868404213881e+01,1.907677425560977369e+01
-4.298073825226732936e+01,1.846540769904036239e+01
-6.701944082518645018e+01,1.191624707001854766e+01
-6.759867903296553493e+01,1.132894712623225786e+01
-4.769151650743230419e+01,1.211098537689742471e+01
-8.346889496002108899e+01,1.549935293831138949e+01
-4.789555899343866230e+01,1.916926836973369319e+01
-7.182283969301109039e+01,2.103133007923837994e+01
1.731353746390715855e+02,1.633608024886971322e+01
-1.640801907829357447e+02,1.456500393245715053e+01
1.630527231141991251e+02,1.267858989705209538e+01
1.707692682837846121e+02,2.712572084965718489e+01
-1.730434462056932716e+02,2.049408371849476040e+01
1.700086665120369105e+02,1.037375635070448965e+01
1.757474612722809866e+02,1.465640409136331179e+01
-1.598437297369095518e+02,3.152009210241659787e+01
1.705371772342180918e+02,3.352670218868230734e+01
1.723943169023516475e+02,1.514429470861198368e+01
1.695291757823132173e+02,1.402538553352963291e+01
-1.594854753480946385e+02,1.456518740212585961e+01
1.602673617514920181e+02,1.531018891086819522e+01
-1.610975999182281555e+02,1.850101288902963148e+01
1.642139087217179281e+02,1.609434690502222054e+01
-1.745787578813726952e+02,9.113060508554701400e+00
-1.745394403629700264e+02,4.737103822092052496e+00
-1.707337651970532022e+02,3.983435612915130264e+00
1.603253168947500171e+02,1.018132237402397600e+01
1.677456284990423114e+02,8.356229487396266364e+00
1.229816324430646972e+02,2.550139588634822374e+01
-1.782976613166198092e+02,1.080041839434712792e+01
-1.715873051747742295e+02,1.845647723583938316e+01
1.617075438817119846e+02,2.212553610775371737e+01
-1.699812882954861948e+02,2.290342342053442337e+01
-1.796574760935956760e+02,2.535589832307330127e+01
-1.543801804768694694e+02,2.454767947479574630e+01
1.420493543598194037e+02,2.332350729977013515e+01
1.581314810038485348e+02,1.105412657542287747e+01
-1.260865063537447526e+02,1.841975766549633420e+01
1.551499449893071869e+02,1.507230780797880243e+01
-1.767735172876851379e+02,1.753827999522907177e+01
-1.793292435168594352e+02,1.386252225278224515e+01
1.621302478393473905e+02,1.522750457905459598e+01
-1.658045613969856902e+02,1.397571010212783271e+01
1.788961688859114361e+02,1.931716418754062659e+01
-1.753282432261201222e+02,1.524473963333413451e+01
-1.713575493449716873e+02,1.640239879848877536e+01
1.618605144073623308e+02,1.638198561005816956e+01
-1.666953435648588595e+02,1.154047264794415817e+01
-4.930988042784989034e+01,1.214629088949225277e+01
-7.096010499222700219e+01,1.585627678001436891e+01
-5.124720172649730188e+01,2.187569748531065983e+01
-5.634439853129114795e+01,2.004479605074435611e+01
-8.085066184973322834e+01,2.149748960945218101e+01
-5.245018505559422550e+01,1.923965357997477099e+01
-6.950072222987145665e+01,1.864438514934452229e+01
-4.668602084544671982e+01,2.011818130374359725e+01
-4.542243379422988880e+01,2.388787860818487729e+01
-6.289748674629350944e+01,1.430570964101558218e+01
-8.891304277938139933e+01,1.532243369796255905e+01
-5.342299295272160720e+01,2.556663028933111192e+01
-5.529362025345531606e+01,2.744041213056292605e+01
-8.596681842720542477e+01,2.912031318697371773e+01
-6.379630504523604628e+01,3.099669579960090005e+01
-6.966280387696959053e+01,2.332293139928314574e+01
-6.313637749465399196e+01,1.970902248079028851e+01
-7.847264047293580802e+01,2.388381165060697242e+01
-6.255197387016864496e+01,1.141676358862077478e+01
-6.849969119344393675e+01,1.331223500346075639e+01
-1.706592327692452216e+02,1.499530225716823040e+01
1.281354279944610255e+02,1.867883769634582336e+01
-1.662624578677104523e+02,1.716171436990161325e+01
-1.762399788526799682e+02,4.774000024952735899e+00
1.664579644668350795e+02,1.978191279096823507e+01
-1.621778969192808688e+02,1.178062129093505206e+01
1.762841749472399044e+02,1.353663528440307928e+01
-1.674477706831490877e+02,1.580733285354985185e+01
1.739252471309186205e+02,1.938010156455231225e+01
1.705825066824055227e+02,2.026112533914437108e+01
-6.520595942458065508e+01,1.051488502872865283e+01
-6.090639837615524499e+01,8.405742700579743598e+00
-7.015131466273589922e+01,1.071599370178868327e+01
-5.820237540664321330e+01,1.635170998651500440e+01
-7.847697503075553982e+01,1.100432014014912241e+01
-5.603606748597163545e+01,1.339360594299056118e+01
-7.469473318863798283e+01,7.225443598799904166e+00
-5.484868635683938010e+01,6.275495310781238345e+00
-6.556503063104911178e+01,7.862353699445336019e+00
-6.214447955426560810e+01,9.459884614749174858e+00
-6.237353565569452485e+01,2.343695745217784321e+01
-3.583860386955259258e+01,2.772254625698602837e+01
-9.049456322411282372e+01,2.890319419457683381e+01
-2.408608208933939920e+01,2.782375955496834763e+01
-5.183801648623084901e+01,1.930371894858672377e+01
-6.379578681837302412e+01,1.857721705864351236e+01
-5.193593854504258189e+01,1.263044490949824272e+01
-8.160181843745127139e+01,1.268330252031440963e+01
-5.743546065956237356e+01,1.887717520745115962e+01
-8.119680797199480082e+01,2.035729769226576025e+01
-1.649851666989882233e+02,1.188783960329038969e+01
1.634560696881216586e+02,8.681896171329825052e+00
-1.714117071868715243e+02,1.750901466879299306e+01
-1.786162567263812093e+02,8.823760444596651098e+00
-1.655232017909954436e+02,1.448370633213439085e+01
1.639015082178159446e+02,7.681923355427164424e+00
-1.641465406477832971e+02,1.023610905915766978e+01
1.710185147152942591e+02,7.059848951969648567e+00
-1.777026596348960084e+02,1.867004381516102285e+01
1.746498168049968172e+02,1.220195304194958297e+01
-1.700827135355193036e+02,1.476001635425784642e+01
1.703254773773421107e+02,1.108426886121898036e+01
-1.797410550611745066e+02,6.266856501262230594e+00
-1.726270406188747302e+02,8.967217895726165011e+00
1.747643492912014551e+02,1.041011525895027745e+01
-1.742781580570766380e+02,1.609035256888651944e+01
-1.751390381803992398e+02,1.223660570970703176e+01
1.677185230634734410e+02,9.247162133974905274e+00
-1.656717481314178997e+02,7.399722112635142679e+00
1.586928360595141498e+02,1.512870856594568281e+01
-1.703968805806859734e+02,1.436151830829023801e+01
-1.796567542724015993e+02,2.166583252426447004e+01
1.727329481625171752e+02,1.087722449342264319e+01
1.740963225347529999e+02,5.055456402812529504e+00
-1.672811553751042482e+02,1.249114052551518839e+01
1.676531318503242005e+02,1.096185129178345541e+01
-1.662727233941729139e+02,2.472972338388776947e+01
1.681007901418061863e+02,2.263357982043521588e+01
-1.669685210901650123e+02,1.701129414205172452e+01
1.469912344661290149e+02,2.094004750245447610e+01
1.569604127795392117e+02,2.004733843591090903e+01
-1.775527391296651274e+02,1.844228309622184980e+01
-1.752539874872931591e+02,2.282132323724149003e+01
1.693535398194643449e+02,3.034087077525008880e+01
1.744239640118902912e+02,1.618955834769608870e+01
-1.746147707366667987e+02,6.348315331517649263e+00
-1.674265869654440166e+02,2.742671964823319541e+01
1.682598209617462430e+02,1.512149531788467094e+01
-1.777637242368713260e+02,1.242450187535898820e+01
-1.763562161589917139e+02,2.989973932301034409e+01
-1.738505277951682899e+02,9.284118828195911277e+00
1.794276001965739056e+02,1.415187806118819758e+01
1.731618968960567031e+02,1.624281039567438256e+01
-1.625488080634013670e+02,1.259415457037538033e+01
-1.775389220972724615e+02,2.208759414902041485e+01
1.785592319448258536e+02,2.025751921363062991e+01
-1.487313935665338249e+02,1.665119383465533076e+01
-1.790608011338432846e+02,1.456222453445934484e+01
1.564422197129890151e+02,2.158843197006965653e+01
-1.450272927784362196e+02,1.792954388986474612e+01
7.068426669691328357e+01,1.736446938814567886e+01
7.767986960067668178e+01,1.836356591136965477e+01
5.469001382231494546e+01,1.577124714583364096e+01
6.676975537366210744e+01,1.570372309610955952e+01
6.989255273364032917e+01,1.684101157852402508e+01
5.515867854635854428e+01,1.867850350292983208e+01
7.797785334212949238e+01,1.186677095293308071e+01
6.275520826177345413e+01,2.158622656765001580e+01
6.843137822935308634e+01,2.174625708588364859e+01
6.592933067242049106e+01,1.293786891032276287e+01
1.610299774292382153e+02,1.060485077858590763e+01
-1.766123006548680792e+02,6.466775264797024469e+00
1.796063057107178054e+02,1.074540925463775487e+01
-1.650930434778845495e+02,1.221603699413943644e+01
1.524782874900814420e+02,1.176879857174239774e+01
-1.536436739134231857e+02,7.543898513457025778e+00
1.678533366898789723e+02,8.518738634008457211e+00
1.743883528254825137e+02,1.177939312681868245e+01
1.743566272311807097e+02,1.188677643978745024e+01
-1.643210900501717333e+02,1.139229301009557105e+01
4.460197736365930865e+01,2.123975146590783680e+01
8.874353124423714689e+01,2.261677088703089922e+01
7.142544067028552490e+01,1.717150076351137500e+01
3.057745347818696757e+01,4.370753340656973762e+01
9.560036501736718151e+01,4.311857646216307671e+01
1.358518972653631067e+02,2.973337705443287859e+01
-1.466479247564169270e+02,4.337961790825788455e+01
-1.613955511966004508e+02,2.864832782240299736e+01
1.616920171858723734e+02,2.391241079292750626e+01
1.769846590248849907e+02,2.751334153180468078e+01
-8.325429762954584589e+01,9.013805605757882589e+00
-5.565498990113951550e+01,1.318024827280415856e+01
-7.476529109708610576e+01,9.996692651996550438e+00
-7.580409161586800337e+01,8.402765676963312558e+00
-5.142976914153168622e+01,1.167986576875572169e+01
-8.126009067068089564e+01,8.234051566979429637e+00
-4.656994499155572242e+01,1.835769701863177872e+01
-7.284571962279842694e+01,1.483957571655027863e+01
-6.674605356554668845e+01,1.061986050662382297e+01
-5.922604059451047220e+01,1.458278101709660035e+01
-8.106465281917343191e+01,1.268025619728851439e+01
-4.484787997801335280e+01,2.616568897177392827e+01
-4.683454193309101043e+01,9.254600623362144063e+00
-8.658640083994475845e+01,2.040075530078660648e+01
-5.951805262747645031e+01,1.563796960658456925e+01
-7.229912490008773318e+01,9.790919415379704560e+00
-7.012735001864314199e+01,1.902844769516558898e+01
-8.954394259830742442e+01,2.081873307115945693e+01
-6.707728242751774417e+01,2.052732281370284895e+01
-3.971993959615115699e+01,1.926219692282730023e+01
-1.583044473654836111e+02,1.101768925098750884e+01
1.648840361635860177e+02,8.480505207035918147e+00
1.744855170253290453e+02,7.946412981618712124e+00
-1.751902548206258814e+02,2.983065285496012464e+00
-1.643894422790138208e+02,1.162540469205532290e+01
1.594303955996785191e+02,8.292290555914492600e+00
1.749166329328145935e+02,1.334425554970175476e+01
-1.627245399055083226e+02,1.284390319332509733e+01
1.694017796676441208e+02,9.460127394738128359e+00
1.678804132058036487e+02,1.332588551579181413e+01
1.729215343948933139e+02,1.376069957475034755e+01
1.454896797784531088e+02,3.085149569875435560e+01
-1.679252774852768653e+02,1.314298230708318016e+01
-1.641173620885977300e+02,2.336187473863563469e+01
1.601955863902621218e+02,2.765506540224426146e+01
-1.765079183771922260e+02,1.409246028673140216e+01
-1.632143088750839865e+02,1.444336481558927332e+01
1.680973680410143629e+02,7.586438395033074045e+00
-1.722459027682578778e+02,7.804400150520702795e+00
-1.717800324440167117e+02,1.018435229666584263e+01
-1.623729289334019938e+02,2.312176966282237345e+01
1.704459742323820421e+02,1.212916732987401502e+01
-1.733893402922399503e+02,1.866189362481961211e+01
-1.621495787666082435e+02,1.872846388123097228e+01
1.711163323685759963e+02,1.939237594522029440e+01
-1.576321632941585449e+02,1.609042121139715320e+01
-1.698560649247528715e+02,1.563217597827127747e+01
1.566983902529806301e+02,1.113216506617276380e+01
-1.765505909695730224e+02,1.106880742641925508e+01
-1.753990859030462275e+02,1.001293000639065411e+01
1.705527568957323581e+02,1.752598359108777615e+01
-1.782625125521666121e+02,2.408322750536078516e+01
-1.770137875451287641e+02,2.263533401901446140e+01
1.724523424889945318e+02,1.307991724704095837e+01
-1.734652255877957998e+02,2.400608776564278912e+01
1.748949383921929268e+02,1.853763869494389027e+01
1.757802249390935856e+02,2.418414901522839244e+01
-1.787735651037963294e+02,1.459050245032311111e+01
1.748940039317269566e+02,2.081879782075529661e+01
-1.785960240626554878e+02,1.415164186028394866e+01
-1.711608263887283101e+02,5.846138216856491709e+00
1.701105458256291456e+02,8.679349823545411624e+00
-1.760953668977305711e+02,9.861717292712926408e+00
1.718365434171121819e+02,1.357023573645527748e+01
-1.639080050611746913e+02,6.256265741969539107e+00
1.583379479125826776e+02,1.535813279781867458e+01
-1.565679860843166580e+02,6.903875897678844353e+00
1.596909863282650974e+02,1.082110353998993624e+01
-1.754858913306113095e+02,4.053024246801794739e+00
-1.767438107545368666e+02,7.244237708459258407e+00
5.775848867968846179e+01,2.609596186095230763e+01
1.218549283858846906e+02,3.502025150493917494e+01
1.638606639873066797e+02,2.880755143477052016e+01
-1.353696866064308324e+02,3.150878304217101089e+01
-1.544130427115702275e+02,2.086708338022998532e+01
1.519133566656556127e+02,2.532584286401149853e+01
1.756160000596318014e+02,1.628241689020608973e+01
-1.562713913623922224e+02,2.106752967811108590e+01
1.791378136865120609e+02,2.511669128450728294e+01
1.757041751500685223e+02,9.947788509289251735e+00
-1.703160688015815367e+02,1.529700565234966092e+01
1.776509020709492290e+02,1.168034712306638312e+01
-1.758180099920078021e+02,1.870728858567153807e+01
-1.659447260880461101e+02,1.738504958618500851e+01
1.779235966846081283e+02,1.679060735761775192e+01
-1.649493098188498834e+02,2.725038757646171206e+01
-1.642471497913689689e+02,2.761183992947888299e+01
1.648828704341149205e+02,2.599169412868485551e+01
-1.562355314487744806e+02,2.470320916194597416e+01
-1.755714884570517711e+02,1.903673296483433575e+01
1.700966556324259784e+02,1.528648228545311483e+01
-1.689198468454418673e+02,1.200244277376386215e+01
1.737546098200868983e+02,1.215777026060030153e+01
1.570492994583501343e+02,1.947813028155549375e+01
-1.760548539098732874e+02,1.184806808043997783e+01
-1.689997942534572815e+02,1.910437073597048752e+01
1.585669010283126568e+02,1.033347108413220461e+01
-1.684798370082595511e+02,1.128984965113251704e+01
-1.545942052952561028e+02,1.760731885737164504e+01
1.730713150243019243e+02,2.009271510226518842e+01
-7.284530476939632138e+01,1.501830732514836697e+01
-5.180229976070179987e+01,1.231811529009712913e+01
-7.091250293266894289e+01,1.087291222647482591e+01
-5.827671410497487869e+01,1.126612735150476219e+01
-6.075205956484957426e+01,7.123515716317779578e+00
-6.580573018011409658e+01,9.085969683797650021e+00
-6.631024431807917097e+01,1.132447299022205200e+01
-5.763874571297935034e+01,1.080578445735798709e+01
-7.432076246278752762e+01,1.175411815970915441e+01
-5.589912161227935172e+01,1.199902091003657567e+01
-1.612426296913314161e+02,2.239299446528734805e+01
1.609228917977832225e+02,1.712174550767502268e+01
-1.602487618822578952e+02,1.585034098426690008e+01
-1.737978197463187939e+02,1.386675635114048966e+01
1.680838892012167776e+02,2.799885654446116590e+01
-1.615602311386844860e+02,2.349127291710057364e+01
-1.776220775365517852e+02,2.530211476210501331e+01
1.768024619664206512e+02,1.994233580685473584e+01
-1.619350960538979791e+02,2.872461631875950872e+01
1.772323755684109017e+02,3.189767158673631542e+01
-1.621916457195632404e+02,1.829490377949304758e+01
1.646302532567204651e+02,2.095498511141187947e+01
1.606930983703962283e+02,1.992975421398703872e+01
-1.619637741612663149e+02,1.378119121681009851e+01
1.715833021587565952e+02,1.106902990437374790e+01
1.769698017600610171e+02,1.401866922627287337e+01
-1.624602740998064405e+02,1.393777810453530996e+01
1.639719115580538471e+02,1.654690545916231414e+01
1.768750148061622838e+02,8.420950024066645057e+00
-1.628344729693022543e+02,1.715391688993454267e+01
7.417158802560673792e+01,2.559780903225994919e+01
7.017180762855144849e+01,2.791830377709503352e+01
7.945818083993709990e+01,2.823120931635001085e+01
6.420406157288906002e+01,8.682119523188491783e+00
3.812467928972400699e+01,1.690785156607267581e+01
7.176699207083983367e+01,2.885226211222446935e+01
3.638010653270865191e+01,2.126856880030723218e+01
7.113945140214694618e+01,1.979177950123789742e+01
4.359564180999054628e+01,1.008256466131113349e+01
6.754613202416153683e+01,1.035191342777995338e+01
1.705308622420552638e+02,1.115510617426887308e+01
-1.738940289978345106e+02,1.077179486813510323e+01
1.765550563797315533e+02,1.254634749649299152e+01
1.572734615232124895e+02,1.349155730857356872e+01
-1.748838720918730019e+02,1.079538629812668482e+01
-1.776502846849353432e+02,1.305905073634490599e+01
1.667972409539806051e+02,1.467274670509203460e+01
-1.650004079905198182e+02,1.408768577258931742e+01
1.619894071066433980e+02,1.218662653640258853e+01
1.778025196923799172e+02,1.531694114655073591e+01
1.665674700628786695e+02,8.945537359237260233e+00
-1.595171664538731306e+02,1.411372256396666103e+01
1.635129965001341930e+02,1.299716671379986721e+01
-1.579365950010206348e+02,1.520779247529263500e+01
1.596267807598115951e+02,1.525365966269271567e+01
-1.641827373195955033e+02,1.041753245833674058e+01
1.768622218996149797e+02,1.183547860832509002e+01
1.753943668263194979e+02,1.559829371032894230e+01
-1.785354229529735619e+02,1.817207896701611602e+01
-1.673295465896921144e+02,1.239615108808205335e+01
6.324723757851714367e+01,1.636347172231871028e+01
6.237167700635344403e+01,1.497712081902065862e+01
7.753761145705593094e+01,1.480267540344039112e+01
6.765168903480025620e+01,1.796652024935524850e+01
5.617780448451052422e+01,1.741954497155291648e+01
6.682400282291401084e+01,1.827674587782614068e+01
8.154700545965313552e+01,1.830003678686328072e+01
5.566194782032933119e+01,2.010084534318674088e+01
6.328308026670438124e+01,1.675322242725706445e+01
7.566395211782295860e+01,1.776084870881872035e+01
4.406378180400351141e+01,3.265188941276729651e+01
7.441401919216129102e+01,1.786199549759695770e+01
7.022617233702376893e+01,1.977312311897471986e+01
6.029559782215660135e+01,1.211765368953119193e+01
7.846946913939503077e+01,2.752142826216572757e+01
4.759940305051054565e+01,2.827240297206341779e+01
7.170320249944875002e+01,3.687430874442457451e+01
5.659514958043546784e+01,3.533462285850670526e+01
7.383133023319697941e+01,2.585286939371459169e+01
7.472355522517146653e+01,1.494261452522614597e+01
-1.560231876091064009e+02,1.672111027921914683e+01
1.602965417268494832e+02,8.019351403914939169e+00
-1.744802182578270049e+02,9.318979699108151493e+00
-1.795468762571952652e+02,2.335101066892996791e+00
1.727587176126650661e+02,8.799497165424769562e+00
-1.652007022664682268e+02,1.207485804830535869e+01
1.639740252160002569e+02,1.173056675673052673e+01
-1.698931741068742554e+02,9.379098331654697418e+00
1.679501005354902077e+02,7.591109646484349938e+00
-1.713288412659993583e+02,1.121998146668646967e+01
-7.251812488395898981e+01,2.240275446400240966e+01
-5.998664083018557847e+01,1.594516382611391592e+01
-6.238122363383713065e+01,2.102473813860968477e+01
-8.088675120963141296e+01,1.780166016521637573e+01
-5.389191007938982381e+01,1.222487446751741835e+01
-5.938089011660905214e+01,1.398726180668906593e+01
-7.462675878770130566e+01,1.220136536314061004e+01
-5.627782712346953531e+01,1.062496257400727551e+01
-6.759376366805891223e+01,1.032849207852853013e+01
-5.078190179120058900e+01,8.415270250102713234e+00
-1.539791194064727335e+02,1.891025542240630841e+01
1.679549892132078526e+02,9.246820161670495253e+00
1.646868467724792993e+02,2.770551377291973694e+01
-1.770382495715070377e+02,1.725654863757469570e+01
1.658820497156929434e+02,1.217308677800343020e+01
1.770430481206896616e+02,1.783570166142463620e+01
-1.790885155962347142e+02,1.451022678649993480e+01
1.781292141878503230e+02,1.550283497025180068e+01
1.742888672092293803e+02,1.131998978782540988e+01
-1.775085373888696836e+02,7.851717680478376593e+00
-1.492980052591289848e+02,4.184232602924533495e+01
1.480922041428087255e+02,2.503809227651679947e+01
1.611702871156199137e+02,3.954308019207806524e+01
-1.631268382171168412e+02,2.071356946632324636e+01
1.784643450813040602e+02,3.104173363413615405e+01
1.797265172851732871e+02,1.064499350156116364e+01
-1.706236195404222258e+02,2.615652454989048792e+01
1.735486663642363965e+02,2.056564738288370009e+01
-1.712428801503948534e+02,2.377089823216944353e+01
1.774072167906395237e+02,1.007045477253026711e+01
6.605675387561525724e+01,8.897949451082741490e+00
5.915027115638392985e+01,1.192636115557783683e+01
7.241987348194132323e+01,1.695235120498262660e+01
6.873901072919626642e+01,1.147040912406925095e+01
5.584055770440490818e+01,1.304345584717257367e+01
6.847889843562566625e+01,6.800518418641281926e+00
7.087023826895375578e+01,1.470843605614444272e+01
4.721806238711895531e+01,1.270950058875135724e+01
8.963345074065460949e+01,1.670428867072874368e+01
4.446360298176433190e+01,1.055138099526147855e+01
4.812521613827960465e+01,1.371677266453773925e+01
5.578124583776370571e+01,1.216607615851735957e+01
7.628050971216501353e+01,1.083838387369194045e+01
4.709806799991559245e+01,1.320465981718854209e+01
7.186300085923824099e+01,1.252662054691282734e+01
5.567266589613244321e+01,1.426466084862735784e+01
5.364039718897971909e+01,6.483012005493664631e+00
8.462452706928911539e+01,1.218685884925920959e+01
4.214894451483930737e+01,1.406275148268966291e+01
7.312725167334681942e+01,1.158673497119124995e+01
-1.695078732426758847e+02,2.671148401016703389e+01
1.594956009385776667e+02,1.729166979913243196e+01
1.778943644746771326e+02,1.374499591738695514e+01
-1.732817909040245468e+02,1.979160028660520254e+01
1.596050225621551135e+02,1.046917451039078273e+01
1.718511663917175554e+02,1.352542008458315692e+01
-1.568917114204566019e+02,2.125636517776588619e+01
-1.799112811551234756e+02,7.411160374284808228e+00
1.598200082104609692e+02,1.483949923444068375e+01
-1.673315261628326027e+02,1.042155578738813659e+01
1.708005818425063183e+02,2.333330987324945482e+01
1.777017607380665254e+02,2.020310034299050272e+01
-1.612451663393036085e+02,1.922394863683328836e+01
1.577948578164403841e+02,1.841059057189669090e+01
-1.777546350118548446e+02,1.001105221353689068e+01
-1.579323186985004384e+02,1.452221905540634417e+01
1.542950284554604536e+02,2.134376992233525883e+01
-1.723799190701091675e+02,1.155303209165297140e+01
-1.778902248664091417e+02,5.443775858648804089e+00
1.689427062239822703e+02,1.153404306523702694e+01
4.346664597540413411e+01,9.782532672621899295e+00
1.026378588583485936e+02,1.561582248598489642e+01
1.143514803393647981e+02,1.633699525925562668e+01
5.161106764470541464e+01,7.767122585095957987e+00
5.057125246976421806e+01,1.222610515608022475e+01
1.211545508265264885e+02,1.797542208510398964e+01
-1.475212271358420537e+02,1.077804954014683858e+01
-7.674152580618394381e+01,6.440265363676839883e+00
-2.719605830934022350e+01,2.340130946808058710e+01
-9.150754103440590370e+01,1.883924664475405208e+01
-1.787015361613747189e+02,2.126201537514767992e+01
-1.753680314134387856e+02,1.355316889670598712e+01
1.643815882177669891e+02,1.938821456907258778e+01
-1.747070934457658211e+02,1.815992741488198448e+01
-1.781702965882098511e+02,1.975159867833900407e+01
1.619119992002690083e+02,2.000551721096410063e+01
-1.697934406704580965e+02,1.546677436649916260e+01
-1.754519304721167430e+02,3.953314496093766728e+00
1.612995195726901159e+02,1.066066617415900986e+01
-1.696053964014928965e+02,1.658770409827229031e+01
-8.324492390431547051e+01,1.502462328374386757e+01
-4.809480080159628557e+01,1.921557685142505534e+01
-6.806906727250434130e+01,1.603483938750520110e+01
-1.073291670070085218e+02,2.498514539909311338e+01
-4.629906534634508830e+01,1.497291949782113107e+01
-6.175915698690606348e+01,1.052180373944270997e+01
-1.172306271599614718e+02,2.014839722707766612e+01
-1.708170614586420868e+02,1.150776392415597904e+01
1.569793226583974501e+02,1.378487339084587227e+01
-1.405331803892180176e+02,2.096384745936254745e+01
4.885888703478160267e+01,1.719712409306694312e+01
8.970569885421348033e+01,2.355645179988240301e+01
5.250521821377645182e+01,1.123279332983220513e+01
6.706951449235748441e+01,6.776926896326505911e+00
6.744224728825183490e+01,9.205176762414421177e+00
3.865643728427094317e+01,1.746529018849166093e+01
8.155749575382854744e+01,1.378346010020023549e+01
4.687394494933947442e+01,9.982652763660492923e+00
6.559357048019751346e+01,1.538215458328865637e+01
7.444776717849579484e+01,1.843891948890081878e+01
1.765100273219788107e+02,8.531168296552452901e+00
-1.785438020969749289e+02,7.735404824132626089e+00
-1.742017321606597022e+02,5.949757720481349210e+00
1.777509887236655572e+02,4.906235286981232235e+00
-1.702417552214009504e+02,7.017709782709596666e+00
-1.698825735118810769e+02,7.520938274275671631e+00
1.611847397578521282e+02,1.025608622571943940e+01
1.783288495921095205e+02,1.154224324543078239e+01
-1.619025458261386348e+02,8.980437852450670277e+00
1.716943437018947236e+02,1.020506049199859788e+01
-1.624559664621239392e+02,5.693982451393811317e+00
1.725961475780394210e+02,4.401450664734530172e+00
-1.706697188735285806e+02,9.609654849092507334e+00
1.725624069420558442e+02,1.905292526770845640e+01
-1.698135884033352170e+02,1.447166659330425986e+01
1.647689204475444456e+02,6.585217655501008238e+00
-1.539905683631880891e+02,8.339521329870184019e+00
1.699963157936460050e+02,5.311490161456942971e+00
-1.774447978710235532e+02,1.019533809582391726e+01
-1.717378974941164245e+02,1.469408466000681379e+01
-1.794316599056565451e+02,1.655997791151193255e+01
1.649937028648663784e+02,8.324921940680088284e+00
-1.585244394070584519e+02,1.938223453129055684e+01
-1.760397732735484055e+02,6.933889586072297995e+00
1.508898369619150799e+02,1.258731256203655846e+01
-1.725765642225601653e+02,1.190405033406483604e+01
-1.761643473414890479e+02,6.941251148237840951e+00
1.747684363450793796e+02,1.271133892372712282e+01
-1.765341288363412104e+02,7.497872354037260934e+00
1.720753929290254973e+02,8.833337454984592441e+00
1.734734891526078115e+02,4.294469927152801958e+00
-1.772325947042985490e+02,8.767817397387847933e+00
1.785089695276901978e+02,1.009894486558131455e+01
1.775644552604888702e+02,7.723082277326735579e+00
-1.664851049688197406e+02,8.345282344850799561e+00
1.709831060893648100e+02,1.607686681540523743e+00
-1.619542198574017391e+02,1.079018574437439781e+01
1.597940036799076040e+02,9.458476543870782294e+00
1.687807827560750127e+02,1.425859031810482414e+01
-1.558760237161847613e+02,1.508484544784532488e+01
6.220956439290466022e+01,1.221012145776442459e+01
5.724065098657685979e+01,5.655059013818936720e+00
6.947760160816228847e+01,1.316418105626189750e+01
6.977647202992935149e+01,1.011871192632370153e+01
5.839741406444009897e+01,1.395847103931020783e+01
6.875066993775634216e+01,1.138226665260809511e+01
6.193190923456867836e+01,6.070857857483186848e+00
5.967671005503397197e+01,1.766203127830017650e+01
6.068770513510506248e+01,1.758581761228855100e+01
5.852673695418998534e+01,1.740246289505246935e+01
5.714645451226333961e+01,1.374256843999476985e+01
5.881477546435800008e+01,1.582510415282579075e+01
5.549916396281584241e+01,1.206560498609960597e+01
5.269000678962422057e+01,1.526862736703294487e+01
5.510398934828644713e+01,1.091281047655923686e+01
6.453043916643792954e+01,1.615091385718595518e+01
5.266237007738836695e+01,9.740137473481119912e+00
6.827018331037201904e+01,1.342527837516687228e+01
5.737165454478751059e+01,1.253943584167150327e+01
6.897569923184002505e+01,4.870596000576965068e+00
6.124502531174807274e+01,1.198605486829834099e+01
6.125835359148660331e+01,1.049026017221146923e+01
5.967775138141397662e+01,1.201964833799756249e+01
5.618457266425035357e+01,1.250270434964214417e+01
5.678422488743283481e+01,1.243042443524489471e+01
5.730866182618479598e+01,7.990879827954096015e+00
7.939324802122709457e+01,1.392755454325933684e+01
5.045953573857750740e+01,1.606727190241574021e+01
7.502626676026420682e+01,1.816031976279959181e+01
5.576623439041330244e+01,1.681960596998624524e+01
-7.491088183641632270e+01,2.852712647915690169e+01
-6.249160633465167081e+01,3.529419900128164755e+01
-5.282635639732554722e+01,1.728888819591811910e+01
-7.244130694450673502e+01,1.872197325897951714e+01
-6.284329547113359382e+01,1.719861324635072464e+01
-5.819522368626679310e+01,2.243182604646793976e+01
-6.663773927755855198e+01,1.789920795400242781e+01
-7.225904204700671585e+01,2.671218081721476523e+01
-5.224994601076836886e+01,2.328496226579233763e+01
-7.079178356633202895e+01,2.128119559085608614e+01
4.963980506223163758e+01,1.153291182938382953e+01
8.027362029478643990e+01,1.213707190824840509e+01
4.983836251958438623e+01,1.693527749347155265e+01
6.377076560263058269e+01,1.524583920917270774e+01
7.119063053887194314e+01,9.418859041391529630e+00
5.862844266154912987e+01,1.268965823666703230e+01
8.008689738792956803e+01,1.383778260229977874e+01
4.858883109156222702e+01,1.458337261701109533e+01
7.751433421392977152e+01,1.483423307364211219e+01
7.648944116988357678e+01,1.467701639493179933e+01
6.307110001824729295e+01,2.549115724890085133e+01
6.579584576316277378e+01,1.924406099442549944e+01
9.500462040835516575e+01,2.703331226116083741e+01
8.972658867650562797e+01,3.148361200370587198e+01
3.922952024240506574e+01,2.503273033339339193e+01
8.435543779750369708e+01,2.719068174072426913e+01
6.126629676598134466e+01,2.378420094156935249e+01
7.920023123809961874e+01,1.431300263581646703e+01
6.784150220527119757e+01,1.687136741444916410e+01
5.020335554181669124e+01,2.327774739694515915e+01
1.759549181313612110e+02,5.873964482355048311e+00
-1.718056486075248017e+02,8.778092754547788701e+00
1.621113646199937648e+02,9.036005025021154324e+00
-1.752210080058910648e+02,8.562885373660193977e+00
1.784835680498857755e+02,9.010702521035153012e+00
1.724354506170658112e+02,7.869405100794029551e+00
-1.731166188686919725e+02,8.635043322179056346e+00
1.648412650199626057e+02,1.056458812049721274e+01
-1.772721728861957615e+02,1.140569650923525735e+01
-1.736201767060531154e+02,1.295664584438704026e+01
-1.572962713997958133e+02,1.464234748343505998e+01
1.670342764917484999e+02,3.027050550238959303e+01
1.799070044805508815e+02,2.006530739246019124e+01
-1.671120115757517794e+02,4.005862797242187412e+01
1.560133374748508288e+02,3.055902502358595285e+01
-1.637916556040461842e+02,2.618706569006530671e+01
1.583220145668977352e+02,3.454081728456782230e+01
1.724555281800172395e+02,3.066397083636412901e+01
-1.504843530956043480e+02,4.120763894638050573e+01
1.639527945140191036e+02,1.937787918224994144e+01
1.665758174320892238e+02,2.951640788107211932e+01
-1.701862712936592743e+02,1.504991897357871800e+01
-1.761218104371734796e+02,2.103909062195645063e+01
-1.643133043866853313e+02,2.253784508011694498e+01
1.489442218630493642e+02,2.532165363920861978e+01
1.795239737797442103e+02,1.346385720892178384e+01
-1.644372151931501662e+02,2.041371592391536893e+01
1.587940330042519292e+02,2.167766677718959301e+01
-1.750939537659236009e+02,2.521745427618315460e+01
-1.749404074960092998e+02,1.838024540291436892e+01
-5.491362185262699569e+01,1.005357710313974096e+01
-7.601065235221872740e+01,1.357073967548717874e+01
-4.985008081907198374e+01,7.934438891206866629e+00
-8.447078545301772579e+01,2.007455431829357551e+01
-5.054849721651592631e+01,1.792873257105433282e+01
-7.225427631337308298e+01,1.542035363543187998e+01
-1.014519197097421568e+02,1.998152283603679535e+01
-4.564818806793823569e+01,1.967788760610573462e+01
-5.518369320774006326e+01,1.731652372270398388e+01
-6.613803515217287554e+01,1.965500190435395211e+01
-1.657564332620610230e+02,1.532035531584162058e+01
1.668561852015481008e+02,9.869818319005982943e+00
-1.655257165540269284e+02,2.237469550022357367e+01
1.711639629324107545e+02,1.151996701107671939e+01
1.754212001251817128e+02,1.221316365334223875e+01
-1.731547616221818089e+02,1.018010683472956401e+01
-1.674855018592134286e+02,8.105202215889725892e+00
1.776437834308696893e+02,4.911886377552960425e+00
1.600374970041936820e+02,8.529072614608587344e+00
-1.582731144459372103e+02,7.496897526812047019e+00
7.247930331123403391e+01,2.015618617228437870e+01
6.089744199844291472e+01,1.580847392957927156e+01
6.208779994783971290e+01,1.429068959101719116e+01
4.170373864736346547e+01,2.373080627642399776e+01
4.375489185895551714e+01,2.609966024056946310e+01
7.056703816425344655e+01,1.704848942760961705e+01
4.331336310660179834e+01,1.569664864958959782e+01
8.413540972943569329e+01,1.446721405137177641e+01
8.219583900098271556e+01,1.871528523087938822e+01
4.630862862961991766e+01,2.368598408253043175e+01
-7.478721128452262690e+01,1.804170810033433980e+01
-8.179593904005406557e+01,1.637383238095770110e+01
-4.363371489449929186e+01,1.250370668661676099e+01
-7.537321022819472205e+01,1.457037344528429657e+01
-7.876212188665084568e+01,1.920685534585333087e+01
-6.467544494898791640e+01,1.819397539093889904e+01
-6.475301484773078187e+01,1.837624276229899323e+01
-5.956941019756276745e+01,1.803970599420031107e+01
-1.150817475300283945e+02,2.626431954335973984e+01
-1.324835557828847357e+02,2.908475322225449844e+01
1.523614344108751197e+02,2.116482291272574301e+01
1.368909236604161777e+02,2.089397514328005556e+01
-1.508323110589051907e+02,1.790415139266840328e+01
-1.655301687321646398e+02,1.331116483507026160e+01
1.547010375223995595e+02,1.378008118389911729e+01
-1.611567766855286266e+02,1.809673246866567098e+01
-1.648749162916923297e+02,1.472085148563156842e+01
1.676300749844350548e+02,1.924420479043071452e+01
-1.745481689459794836e+02,1.482212986197028037e+01
-1.700952845466245265e+02,8.041537110000184896e+00
7.812100822851331827e+01,7.298984273832857639e+00
4.166758028252294821e+01,9.920988889471987093e+00
7.080224762279004835e+01,9.020517630931145447e+00
4.858258218372456128e+01,7.769060441344450396e+00
5.677863246812773212e+01,1.248025135238943939e+01
5.220487805240606605e+01,8.974374063014035841e+00
5.875823281788266428e+01,1.212330747714592150e+01
7.367055978652366832e+01,1.359204907616411262e+01
7.123114896215227532e+01,1.459732859724614329e+01
6.790237673493891180e+01,7.479284146792281263e+00
-5.376422276012338841e+01,2.332759160044814450e+01
-8.173727062881395966e+01,2.015383722699260005e+01
-5.230010912560692304e+01,1.600238734964929321e+01
-3.934308987074519592e+01,1.822794654624616584e+01
-9.352265524886325920e+01,1.587470167885661709e+01
-4.659999964063089095e+01,2.114966685705539717e+01
-3.381689316905640652e+01,2.162423916665508727e+01
-8.208360933266121151e+01,3.011856857796163922e+01
-3.994208275643320150e+01,2.559655494251882857e+01
-5.478329187088584007e+01,1.776847403389205127e+01
-4.296039953775708398e+01,1.047059884240088401e+01
-5.532618394722592825e+01,1.203538160302291971e+01
-7.392700678737691078e+01,1.227882216010579519e+01
-5.211316701821255748e+01,1.470163381012784143e+01
-7.953737050273711873e+01,1.444792551439644512e+01
-6.296359675034171488e+01,7.299444432903484881e+00
-6.303421455711067267e+01,6.684713799045992388e+00
-8.194614631796453352e+01,1.195076707359173795e+01
-5.025466758720099136e+01,1.751691711744749469e+01
-6.853817060684562534e+01,1.423698580306655614e+01
6.271515227216407595e+01,1.385250944451069266e+01
7.618753185735654654e+01,1.540986745804762492e+01
6.165988400714050499e+01,1.614066058194341835e+01
7.149286433907070659e+01,1.288875226215839476e+01
6.893544778083128222e+01,1.963730768792109416e+01
5.776195238875373406e+01,1.341536879370934798e+01
8.781926561246983454e+01,2.552819812462176685e+01
5.754465379536912906e+01,1.488392635548481380e+01
5.564107385591473331e+01,1.705932187241303666e+01
5.991713039596262291e+01,1.286895991127697414e+01
1.708826024743664220e+02,2.129410722483209994e+01
-1.525088991516695671e+02,2.600799729739127031e+01
1.527958437462670815e+02,2.099211629826740477e+01
1.569910803982872380e+02,2.717596104600077211e+01
-1.588330040035147022e+02,2.358210752381300779e+01
1.759875933490802993e+02,2.374680485569707500e+01
1.555453915749173177e+02,3.987080361996068234e+01
-1.674713313072784615e+02,3.679558461252710799e+01
1.737825891433559775e+02,3.214225908361217421e+01
1.677410223210112008e+02,2.579777557059318838e+01
-1.676653738530725093e+02,2.891607956631122178e+01
1.738753885415742388e+02,1.932242698174837159e+01
1.679084273854261937e+02,2.252594405244267506e+01
-1.584618797839214892e+02,3.190023924672443911e+01
1.670819557528693906e+02,1.934284973457682000e+01
1.557375651514860806e+02,2.000105536022776676e+01
-1.511026227599625145e+02,2.828005166921069957e+01
1.691750801397080863e+02,1.982390343879475836e+01
1.575759756394869839e+02,1.854628193877625364e+01
-1.632604071782881476e+02,2.002413722415828090e+01
6.643689517733552918e+01,9.539457333219868218e+00
5.486176843911097478e+01,9.969378194162386464e+00
6.039153040358459634e+01,8.033078380947072716e+00
5.939644787848133234e+01,7.598423847217450344e+00
5.761180196594599323e+01,9.856874960612515224e+00
6.875324634031763082e+01,1.178403308439796859e+01
5.358737181259002824e+01,1.002916025598338479e+01
6.187403846252276907e+01,1.946160613884358526e+01
7.129594497644761475e+01,1.882152423949612441e+01
6.134772110201086548e+01,1.680166052883697958e+01
-1.796653249929545382e+02,1.166480505024416914e+01
1.508108207007504689e+02,2.000878529929640237e+01
-1.787361906232999331e+02,6.462790629661561148e+00
1.777265576163306946e+02,1.080613209054729040e+01
-1.633004835486425179e+02,1.345392490870676738e+01
1.603335360808613643e+02,8.691578348564631185e+00
-1.665158084086717167e+02,1.638710875478983198e+01
1.592269075208222944e+02,8.108952734197290013e+00
-1.783007139910510546e+02,1.323791142498428997e+01
-1.782964632983584750e+02,1.251876670290961258e+01
-6.667317103932417410e+01,9.279441274042682153e+00
-8.118361516380210219e+01,1.696339634994853895e+01
-5.944468414115679877e+01,1.383114613112577729e+01
-5.599352567984572460e+01,1.682598324354489350e+01
-8.154049793931484658e+01,1.483232143010129889e+01
-4.921478317798058555e+01,1.047067731874694374e+01
-6.713658994667187585e+01,1.289497292747556045e+01
-5.319355200082627277e+01,1.858809033230098962e+01
-4.452620048594737767e+01,2.042875146533204855e+01
-6.700794702858524943e+01,6.901285121960306412e+00
1.794398973313292629e+02,1.491419582616289574e+01
1.706424988580588717e+02,8.388173796099732016e+00
1.735132340870286214e+02,1.391561726396575516e+01
-1.673381240668754231e+02,1.234905557294814571e+01
1.770660740001890190e+02,1.029172627349530877e+01
1.686123282706196846e+02,2.504541753468560117e+01
-1.730156087582772955e+02,1.136632225377386263e+01
1.536613826663021882e+02,2.673911739573842183e+01
1.762085990498498518e+02,1.681194762890002892e+01
-1.683105138477116043e+02,1.332806866199018003e+01
1.661227326137386342e+02,1.974251473935352408e+01
-1.720675872531666641e+02,1.085954290066293737e+01
1.788590264465157702e+02,2.339162122096263374e+01
1.762433673793720175e+02,2.463417557112844491e+01
1.799649157912476483e+02,1.428870088319226639e+01
-1.778216630164420167e+02,1.468320419776084051e+01
1.729643576983731919e+02,8.075896843441611850e+00
1.799219798326202522e+02,1.000113296563737997e+01
1.767959979891617479e+02,1.091104813945078611e+01
-1.718906994825637469e+02,1.030214931908937714e+01
4.481702598206947386e+01,2.407547728084104222e+01
7.051372244854805160e+01,2.879145208301510550e+01
7.506871553713169476e+01,1.610562304659755739e+01
6.994997433658258501e+01,1.832939502949486510e+01
8.148164900562616708e+01,2.034493062087793547e+01
7.419068162111891240e+01,1.757012755818089644e+01
5.624878125805595630e+01,1.316893050250892827e+01
5.388512295384725803e+01,2.970667928532254365e+01
5.513516406391918423e+01,1.837089380919761794e+01
7.341121468524542593e+01,1.309009118374221181e+01
4.788337102285130698e+01,2.724859166952072087e+01
9.120519632097496299e+01,2.137339267354140304e+01
5.433417226785249454e+01,2.010089528642128442e+01
7.869615245619232269e+01,2.665515740743847672e+01
5.460375161345554318e+01,2.131357681720845321e+01
8.780889210587592686e+01,1.645773528484221870e+01
5.086917830332549073e+01,1.665351736274940109e+01
7.153087633777025189e+01,1.557377004406013477e+01
6.484190510990690370e+01,1.205419252894333226e+01
8.187322097562321233e+01,1.749341151128883354e+01
-4.856670246762779186e+01,2.134263141161511967e+01
-7.415636344392092383e+01,2.111054315724054931e+01
-4.596619702546792752e+01,1.787638210850839471e+01
-8.943290042402279028e+01,1.359144483878263365e+01
-6.612644173676748949e+01,2.004276990692512328e+01
-4.669551875114159145e+01,1.151163347735004905e+01
-1.031958940201461132e+02,3.121768301179410088e+01
-5.603525837456429315e+01,1.129741038528347197e+01
-4.073900602635048074e+01,2.022211794057389156e+01
-8.552334060069094335e+01,1.454902283020061660e+01
-1.660302520601800325e+02,1.030376125911002738e+01
1.609775185021431412e+02,1.271920725779031969e+01
-1.678529810283827430e+02,6.190923343369754583e+00
-1.646277397197224559e+02,9.188880968127724813e+00
1.583808333260353152e+02,1.224919210167712436e+01
1.779610020473103020e+02,1.338728273335910579e+01
-1.654246536361063420e+02,1.135561142589332206e+01
1.662247695340904841e+02,9.146202754369252119e+00
-1.760915855912845132e+02,1.210803303483235815e+01
-1.775702895877967649e+02,1.337813734931482657e+01
-1.755435104416770571e+02,2.047853732221766876e+01
1.742906702734831867e+02,2.402097942861871971e+01
1.764574132084756570e+02,5.544316189102697301e+00
-1.743059782297871152e+02,1.633289955662126403e+01
1.657139557166907480e+02,1.134454015897606283e+01
-1.729601348762072348e+02,2.235507549246862169e+01
-1.744753104132633155e+02,1.000788265254700349e+01
1.795409372572354130e+02,1.671776534664235569e+01
-1.743868568321692578e+02,1.099402286056239930e+01
1.697810666574387710e+02,7.495360733607838277e+00
-1.764047887160921846e+02,6.158428979818106441e+00
1.791189001913745642e+02,5.130962378148921310e+00
-1.773499171143421620e+02,3.183529681274076317e+00
1.710096923171902574e+02,6.053375981560922270e+00
-1.679559814734226393e+02,7.965703788069133040e+00
1.744263379548245609e+02,8.842857811990000982e+00
-1.686720286429765281e+02,7.764393518633674773e+00
1.683541677787900426e+02,6.803118676890211880e+00
-1.731296608767110001e+02,6.233809515376223409e+00
1.738877956851776503e+02,5.847098953652720255e+00
1.767821894225747883e+02,8.119886547993429460e+00
1.769587515706341492e+02,6.202774722425866472e+00
1.756722505420327423e+02,6.838880493081092915e+00
-1.718804274524243283e+02,1.144194221555631508e+01
1.716827654460382746e+02,1.128885012033917157e+01
-1.774630625188103465e+02,1.283613644423048683e+01
-1.736136099594329778e+02,7.940814257002738685e+00
1.720295878922840132e+02,6.850214767561221940e+00
-1.673905831532428294e+02,1.361548324019492995e+01
1.772870919073227469e+02,9.802618469417632596e+00
1.725186872203594817e+02,1.368161785896970351e+01
-1.701838194182745951e+02,1.223665097618695796e+01
1.758940081986611403e+02,1.264981198628182568e+01
-1.746227595520346085e+02,2.044367735785369433e+01
1.765387015457597784e+02,1.870327317716866489e+01
1.743885610073884891e+02,1.190403985206757653e+01
-1.706292859030203317e+02,2.684414437056961589e+01
1.707254015498877209e+02,1.881598051102796632e+01
1.746775262194576896e+02,2.523023067639862305e+01
-1.778001619491795680e+02,2.101766242510106508e+01
5.661059990890685611e+01,1.500531348567894518e+01
6.846645684084442962e+01,1.690252560896470868e+01
6.218733806199891490e+01,1.107631032376817259e+01
6.919525090871016459e+01,2.191014760645597903e+01
4.937063934921563657e+01,2.827014179216201484e+01
7.804541159603216727e+01,1.723266190724468316e+01
6.439186544575177606e+01,2.497349497959188724e+01
5.462915470757944547e+01,1.928218904813581958e+01
5.358633229814456911e+01,2.099738292354614089e+01
5.432569892417408397e+01,1.839434474667057628e+01
8.134849030313161222e+01,1.579049057442781034e+01
2.149939094266676776e+01,2.207525908481035515e+01
5.856892164887172214e+01,2.368145996608374304e+01
5.136667378586889754e+01,1.887081724126346316e+01
6.942460188359754625e+01,1.264526227357067967e+01
6.958763971978534357e+01,2.708272489758673984e+01
6.616926127028432347e+01,1.587204315745084671e+01
7.967578814375892193e+01,1.669289902840339579e+01
7.092579295659503202e+01,1.024728700849838958e+01
6.113805993785777559e+01,1.174472273740371264e+01
-1.732363923044833030e+02,1.215331457866126819e+01
1.725371373360968335e+02,1.632957697926487839e+01
1.737749059199206272e+02,6.501060094242426146e+00
-1.762307155794151754e+02,1.633324100829904779e+01
1.720909349978879845e+02,1.676545175487987649e+01
1.768211618629972577e+02,1.497048599369572841e+01
1.693336789133691980e+02,1.530159235188298794e+01
1.727042243095946787e+02,8.171714688700099316e+00
-1.726330331032867491e+02,1.244654931485331062e+01
1.643060569689594672e+02,1.501037805427384342e+01
-1.573469425061142033e+02,3.284018030436145352e+01
1.724919592990827368e+02,2.342468406257155777e+01
1.715626476022765416e+02,1.479822667288281757e+01
-1.776002027604435227e+02,1.291237737740624425e+01
-1.527214379692276225e+02,1.401326550635684498e+01
1.386382110959975762e+02,1.664030858844080996e+01
1.591345482444644404e+02,1.454412897726155407e+01
-1.499019427983608068e+02,1.278905913692081242e+01
1.367829483549280951e+02,1.925648526112455983e+01
1.663585426961472820e+02,5.402401416789452071e+00
-1.375138566952482506e+02,2.554315676375065181e+01
-1.330908328223715955e+02,2.141562288545326354e+01
1.741038870710269748e+02,1.588338813742031164e+01
1.078568991839697588e+02,2.242304999875155147e+01
5.674175303277969107e+01,2.186968170872541961e+01
7.549350184919175888e+01,1.786627283844108760e+01
7.492942648490259216e+01,2.058873747083192995e+01
5.688038727299807817e+01,2.237819555823899265e+01
7.418058951622793984e+01,2.235388044194694146e+01
5.661091711796125736e+01,2.135358910717594227e+01
1.687171803752861479e+02,1.413659533422096715e+01
-1.732217840663337824e+02,1.426367772999448391e+01
-1.786274269100614731e+02,2.181610526199805378e+01
-1.752454743866586000e+02,1.706350061789095918e+01
1.716006062650049273e+02,1.133979694821259265e+01
-1.756141517631980662e+02,1.029909160169454552e+01
1.742047177133728155e+02,1.274214131438499287e+01
1.759983933024205101e+02,1.614629751771440880e+01
1.796734179923553540e+02,7.855045072829001995e+00
1.742475267015402665e+02,1.096279500698501330e+01
-1.417144916073322065e+02,1.606096048776060314e+01
1.343419105436567520e+02,1.861867930027366924e+01
5.141894461971278218e+01,1.829033408732923860e+01
5.024072206022373166e+01,1.504031697970354209e+01
1.092843806208409347e+02,1.986498182295833459e+01
7.682600691397335879e+01,2.221599647229279384e+01
5.430047342968713764e+01,2.423849555896698149e+01
8.621860760105917620e+01,1.163638951814209577e+01
6.414409836508851015e+01,7.910205698115349904e+00
4.931344464146480533e+01,1.395413678851136297e+01
1.734644687548588706e+02,2.900734364863902925e+01
-1.775611799902178234e+02,2.881482057986409728e+01
-1.755965816838621265e+02,1.084425009021845732e+01
1.727130532417423581e+02,2.136698619853295611e+01
1.772994492135602798e+02,5.866183304329091186e+00
1.785501300899495618e+02,1.845739051923726137e+01
-1.652599470687478060e+02,2.256608818952700091e+01
1.767407879561997390e+02,8.666449298720625194e+00
1.622528440062403945e+02,2.336482816070012092e+01
-1.713755108418671398e+02,1.516772104204158111e+01
-1.786474441225708745e+02,3.166467095272524546e+01
-1.527255205771810438e+02,2.045312296570217114e+01
1.744045860542909452e+02,1.677165623871042754e+01
-1.794116236030945686e+02,1.207634592500913762e+01
-1.565937211088346999e+02,1.273178434071085263e+01
1.767840761056555152e+02,1.422176931140583811e+01
1.732660450442674289e+02,1.213093766893698344e+01
-1.634895039065381468e+02,1.773042093660819774e+01
1.686075701048833366e+02,2.302073817916153331e+01
1.706468284127817014e+02,1.297994075362456101e+01
5.622854750302133198e+01,1.510547599257916396e+01
4.126635062359039097e+01,2.210631320416535317e+01
7.280681713632084495e+01,2.818328486496114493e+01
5.518851235721501070e+01,1.911647480675853927e+01
4.110965086988152706e+01,3.156935098569572062e+01
6.015858043757346962e+01,2.585757706184882210e+01
4.939392695613471318e+01,2.174191663234426386e+01
6.958273406085363888e+01,2.602697288899350170e+01
8.151436185666584322e+01,2.566120671194094527e+01
5.396387953204774135e+01,2.484211394069408030e+01
-1.682974420150996195e+02,7.971348881633144146e+00
-1.710947647573709389e+02,1.463628578071638309e+01
1.740236943500189000e+02,1.560250316246177604e+01
-1.704062889396136597e+02,1.829888848211079733e+01
1.757945826809875030e+02,9.978200547680174282e+00
1.731540076398175074e+02,6.550595952252066922e+00
-1.772336382618050550e+02,1.582465966893803966e+01
1.709837107071988385e+02,1.126384852027704753e+01
1.655032938377417793e+02,7.876966016332245246e+00
-1.615846518465538679e+02,2.003300965690144864e+01
4.438339243495984476e+01,2.126619909655105900e+01
7.646232885968784387e+01,1.672301092854536364e+01
6.124638898124862152e+01,7.631411443979796871e+00
5.847835343509626682e+01,1.645015813691843221e+01
8.706417312757075422e+01,1.579955299926445633e+01
7.024849176078575397e+01,9.252551883346772144e+00
5.633573586894678442e+01,1.332715556143804392e+01
6.455813995753362633e+01,1.232766614443372788e+01
4.439529627845813309e+01,1.272581257862450776e+01
4.834769346229279563e+01,1.848941866528985400e+01
-6.624918913685274902e+01,1.279169162445887231e+01
-1.251283689906594105e+02,2.827102651343011885e+01
1.613521912486673955e+02,2.524470689785843192e+01
1.333434554802530840e+02,3.193916398503455412e+01
-1.723198955951022526e+02,1.944586794774442495e+01
-1.775290906241901041e+02,1.729628237480228137e+01
-1.707986111466280477e+02,2.477022546127091829e+01
1.671381553818437453e+02,1.754184318335589410e+01
-1.572958356592684765e+02,2.924470168480451093e+01
1.516524248364726191e+02,1.348147268099629414e+01
-1.713136702950972392e+02,1.641460391344440950e+01
1.767571991003157166e+02,1.148274713296161664e+01
1.663384507791809028e+02,1.404245299090603893e+01
-1.699506289762931885e+02,1.049068687715470638e+01
1.639798742605561586e+02,1.721481404197281861e+01
1.737709626226712487e+02,1.359506902136938145e+01
1.776123657658673949e+02,1.094681202750856919e+01
1.711536931357507854e+02,9.276548022600131560e+00
1.798869518748261953e+02,9.468636624313781169e+00
-1.790259751725235446e+02,1.170514411866866844e+01
1.644850982527172221e+02,2.227037271915173733e+01
-1.618158886665494265e+02,1.212678466534087285e+01
1.567297021331673648e+02,2.124628637585849233e+01
1.759917285181329873e+02,1.090605653329025237e+01
-1.389166984361239088e+02,1.662988235394580627e+01
1.706345279310427259e+02,9.563609637611813596e+00
1.369031789051931014e+02,2.167756027040157818e+01
1.537608932878217161e+02,1.319974776371346437e+01
-1.480427958901961176e+02,1.694735658197834383e+01
1.772768865169804826e+02,6.189128789035563294e+00
1.697362639765000267e+02,1.690065860875036208e+01
-1.749295764772946882e+02,1.700167916224339137e+01
1.687138659102862732e+02,9.922102973345811705e+00
-1.721008118388046455e+02,1.864148670262575536e+01
-1.738895285495491123e+02,1.953259121789088582e+01
1.605393450428152278e+02,1.922153136887353853e+01
-1.709098073525025825e+02,1.996974641628597169e+01
-1.758241908806026856e+02,1.465536893993465206e+01
1.779158290686289945e+02,1.260416490475220996e+01
-1.682426080437291205e+02,2.309324780472927330e+01
-7.613568685609803310e+01,2.304174454862275212e+01
-6.901345249426613293e+01,2.154052288955788441e+01
-5.694654667258949843e+01,2.585193576229735157e+01
-6.492411015792012563e+01,2.362897630485605660e+01
-7.691870054764616782e+01,2.376918984487433306e+01
-5.718326950039933365e+01,2.070210744582564644e+01
-5.252379581405475761e+01,2.179459068750755080e+01
-8.320731115480984386e+01,2.191206512062131750e+01
-9.105308863421295484e+01,2.291145873559235824e+01
-3.020775395685256726e+01,3.042904617497395492e+01
1.715931467815961184e+02,7.780900642132310807e+00
-1.740807703118156553e+02,6.156048891838310055e+00
1.588971624659554891e+02,1.399865796430124121e+01
-1.645620569193011704e+02,1.671275989999645972e+01
1.693706533368154226e+02,9.134129544455559468e+00
1.735316416627204319e+02,7.577244180406300877e+00
-1.644178467734242304e+02,9.721878316342117188e+00
1.747524043109033585e+02,1.480613889428752827e+01
-1.777726295754338537e+02,1.411643487975017308e+01
1.792381903435762922e+02,6.589534863827156030e+00
-3.909424916696950447e+01,1.885053861099349248e+01
-8.446379527985250490e+01,2.607428472127341479e+01
-5.018406462793318212e+01,1.482998462467025647e+01
-6.938799646806958776e+01,1.794238505519716753e+01
-6.550235073908217487e+01,2.492667748241663261e+01
-5.846060367886546061e+01,3.434866985843491705e+01
-8.885307521250365426e+01,2.203019258014783333e+01
-4.826442643040383018e+01,1.874895864111531907e+01
-7.126698119855537072e+01,1.700121288539717312e+01
-7.353658914065746899e+01,2.230345394087557764e+01
-1.664354687331929483e+02,9.881548722331842782e+00
1.692285197912254091e+02,6.578886626944129290e+00
-1.734815006477828376e+02,3.249767356472548219e+00
-1.773849079097509502e+02,5.912668168469799923e+00
1.742279214254072315e+02,1.457866218151204762e+01
-1.779339783323659674e+02,1.119480487629751053e+01
-1.730932803830766602e+02,6.448417872411957852e+00
1.773151619821968268e+02,7.083811078389354421e+00
-1.697547503503321877e+02,1.797561216157744113e+01
1.659775531616123203e+02,1.113103724645258907e+01
1.566573919775160277e+02,9.648113801432970149e+00
-1.649712783602098511e+02,2.128329721152166698e+01
1.715859811225269311e+02,2.118196853618076858e+01
1.597534098919209384e+02,1.537462031876820490e+01
-1.719199291653919488e+02,2.091142919223914376e+01
1.724994383991229085e+02,2.363876144044044381e+01
1.607793033522789869e+02,2.353939418901829583e+01
-1.645760649605645085e+02,2.334934342941587460e+01
-1.669750719169404363e+02,2.075345824427917663e+01
1.609320116617156771e+02,2.998898273152300931e+01
1.413142132708074996e+02,2.765670296721647503e+01
-1.475429017731744636e+02,3.059717841111558556e+01
-1.333531789224821580e+02,2.200710286568822838e+01
-1.764676835464725002e+02,2.405395930245209257e+01
1.368608196198562439e+02,2.006121388143576567e+01
-1.645735417394010085e+02,2.167567506087075913e+01
-1.125264451493982421e+02,3.093430139268627954e+01
-7.057990046398670358e+01,2.863773365220234979e+01
-7.670939670886836836e+01,3.166915028071417737e+01
-6.121794976904675423e+01,6.148014869233245250e+00
1.540365330055740003e+02,2.091127197713672459e+01
-1.554587025721940847e+02,1.845661029235536787e+01
1.598218875712274496e+02,1.814861257061551214e+01
-1.734779340321688608e+02,1.665374202517395119e+01
1.602012930035766374e+02,2.220695478018183167e+01
-1.487189949079781002e+02,1.757567727875324692e+01
-1.658196362716160195e+02,1.152352319638021072e+01
1.470947840728745462e+02,1.381690876307441762e+01
-1.447950088262669794e+02,1.832065012842126350e+01
1.698600626864039498e+02,2.258100820170082912e+01
1.627139198685438259e+02,1.812198028707443953e+01
-1.687556318075886850e+02,1.870839737756001853e+01
-1.501685261801566753e+02,1.864982247143138494e+01
1.629969819977746681e+02,1.045374835655636758e+01
-1.793853753025186677e+02,2.951779072437873452e+01
-1.538391266618809254e+02,2.427584638548334794e+01
1.625344538376908190e+02,1.952778444926311607e+01
1.664830722442057436e+02,2.443232243797834968e+01
1.787688429895101194e+02,3.507723641126005987e+01
-1.554973550300769034e+02,2.345509142731103935e+01
-9.546797794320031016e+01,3.220627943199506404e+01
-9.358985116995121700e+01,4.805847585524136889e+01
-1.164463897250316933e+02,5.124000411228701779e+01
-1.311040211968509368e+02,4.130502337523574852e+01
1.666697514952381596e+02,3.521404717642387538e+01
1.433308256681445414e+02,1.653438612324458745e+01
-1.524715407222521719e+02,1.839581904013848401e+01
-1.357958979143147076e+02,2.958657201418459692e+01
1.545775197749452730e+02,1.922815625300794906e+01
1.712203447730269374e+02,1.658795084496253480e+01
7.125484333800064007e+01,1.009434805268351987e+01
5.648483810409148731e+01,1.184285895082328643e+01
6.819243486949173416e+01,1.098942974470035239e+01
6.999043964671196250e+01,1.020575302434082055e+01
3.984631331840387247e+01,2.092547400858380513e+01
6.990160727406490082e+01,1.825154603520434193e+01
5.818232561389171309e+01,1.028625461624073978e+01
5.242278061597748717e+01,1.488147149626470700e+01
9.416627460899465518e+01,2.136638064217798672e+01
6.267471489962466791e+01,1.843275034290941505e+01
7.216254463520201057e+01,3.932520712089134918e+01
-6.157993642848081350e+01,3.206120314458667053e+01
-8.555873768429430015e+01,1.479612358511857018e+01
-6.344678049938822539e+01,1.938932316834631919e+01
-4.018743198218437840e+01,2.277972137047511225e+01
-7.967264118971891662e+01,3.048262366554665803e+01
-2.476676255951797145e+01,2.322056151594717832e+01
-7.258480847174412531e+01,1.480721895455630133e+01
-6.550699274481526402e+01,1.266180820141659069e+01
-5.604779258116062834e+01,1.621482630892494115e+01
1.714155325533793928e+02,9.987032323588373117e+00
-1.776309113717372838e+02,1.619921736780225174e+01
1.742617263649194115e+02,1.020187565417487718e+01
-1.694492328489670570e+02,2.502642004227977779e+01
-1.563013637662977828e+02,1.745642208036897358e+01
1.474737937306547337e+02,2.272161146672926790e+01
-1.680204649398782806e+02,2.202324738817648964e+01
-1.578948054135144048e+02,2.389022238382163721e+01
1.767550897637412390e+02,2.744857769956805882e+01
1.737400679557759986e+02,8.368539325213038893e+00
6.116346781307900216e+01,1.690455150064297385e+01
6.124797392679433017e+01,1.747517624267273817e+01
8.259609907463396894e+01,1.180886900035253184e+01
6.075002993127137074e+01,2.462960713273031388e+01
7.698359272594724700e+01,1.240041068855220097e+01
7.914006884296924227e+01,3.018305990367181124e+01
5.833537454837347980e+01,2.166327583577415794e+01
7.311584624457103132e+01,2.082592938107080371e+01
6.369361853635079029e+01,1.476893076016981787e+01
4.222504164357705747e+01,1.754500746327845917e+01
-1.687060665925407079e+02,1.338838645269168559e+01
1.671364431983527084e+02,2.336402364694434297e+01
-1.639268835483437385e+02,2.850288137485358675e+01
1.733190808670272247e+02,1.647541344492618620e+01
-1.708763525611557554e+02,1.593885724111157032e+01
1.664602549936188893e+02,1.329604130430767484e+01
-1.660011474601734562e+02,6.244295944175744850e+00
1.647238844181865716e+02,7.092091093402377311e+00
1.719220025933879299e+02,2.073193738286951060e+01
-1.764806527685186950e+02,6.322695945333999923e+00
-1.726839357963808652e+02,7.485903538183785066e+00
1.736734163406405571e+02,9.652936770307166015e+00
-1.749509449652871638e+02,1.086037554361611868e+01
-1.678195691914087888e+02,1.444052600253164620e+01
1.583901962327164483e+02,1.382364693673177669e+01
-1.641378803976818972e+02,1.588257469059172422e+01
1.745720849988053089e+02,1.560057986175811351e+01
-1.674110816901821579e+02,1.709124812428557760e+01
1.716484851714270690e+02,1.098935586759893113e+01
-1.708009503474951885e+02,1.024415244847756767e+01
5.786582059822289636e+01,1.657023816256305082e+01
5.498267748645584874e+01,1.234858089455358332e+01
6.222860980728084002e+01,2.507825870046660910e+01
6.401265024280291982e+01,9.582928178015098553e+00
4.910930505659454326e+01,1.545958621379243070e+01
7.372151034701185779e+01,1.026882269175325746e+01
4.967673114345388541e+01,1.208753520103012846e+01
5.301969645962366684e+01,1.720887507739540467e+01
6.423579101915812828e+01,1.359365110982831482e+01
3.740686419053847089e+01,1.471410786409812133e+01
-1.738797226869750432e+02,2.811970935922564507e+01
1.662736481210531565e+02,2.729570722760200141e+01
-1.613022730445372019e+02,3.070728494992255619e+01
1.767247609617163562e+02,2.614428833561552423e+01
1.572797904971998832e+02,2.536748443174349887e+01
-1.474865413053913130e+02,2.786394312694644526e+01
-1.777423578382482958e+02,1.144367273740326851e+01
1.589013038171746643e+02,2.979950555079390995e+01
-1.549222215712460411e+02,2.197181846771360370e+01
1.683835036824038127e+02,1.758057138852021595e+01
-1.783343537312502747e+02,3.291101637262998736e+01
-1.756760092042899259e+02,1.975496994252554117e+01
-1.735060320150414839e+02,3.283755815799461431e+01
1.566678544755277755e+02,1.860088254729341273e+01
-1.749211403324022456e+02,3.477311118093467712e+01
-1.757588544182141561e+02,5.417024926323446721e+01
1.555744907783593760e+02,4.332646115430680567e+01
1.664402428931617237e+02,3.366442824598498618e+01
-1.530192628366490908e+02,3.826150268907163365e+01
1.642345970979696688e+02,4.084914925743471770e+01
1.730253334629241806e+02,2.728244737676748599e+01
-1.708926996172311021e+02,3.182571169733677152e+01
1.712668360617499559e+02,2.353768443401736121e+01
-1.679158659919272338e+02,2.909722181685043552e+01
-1.659648730822474931e+02,2.418765687585782587e+01
1.554108921380325228e+02,2.590494561517179051e+01
-1.767873596554115352e+02,1.581562564053858466e+01
-1.587265411865498663e+02,3.132133508175429881e+01
1.631908912433515013e+02,2.657408030651930630e+01
-1.690612480877351516e+02,2.246092107502123270e+01
-6.890349416463647003e+01,7.219082384360768323e+00
-5.580751164965933242e+01,9.740759569421538089e+00
-6.659352809400590445e+01,8.682679041580865231e+00
-6.429413568820937996e+01,9.824312177868376850e+00
-5.865310188159935478e+01,4.986731004457030991e+00
-6.738783688229788993e+01,1.326687515745957313e+01
-5.721125282714946536e+01,1.518482164936669676e+01
-6.325245196803970060e+01,2.000107540886763147e+01
-5.488774265131262098e+01,1.567661930768460365e+01
-5.569760434011966055e+01,1.056314559325365821e+01
7.692575728699131332e+01,1.547674298302984042e+01
4.395025718244053792e+01,2.134127119530945293e+01
8.404322021748238569e+01,2.475354102096882514e+01
5.430437924220667867e+01,2.225992678245475176e+01
8.426726390814536671e+01,2.195751137234814365e+01
5.494851239498925821e+01,1.799575830647731323e+01
9.200522189174226639e+01,1.458044255039950343e+01
5.489501206523816279e+01,2.858556778709241541e+01
7.294543747675562884e+01,2.644336730502948640e+01
6.120014435148067378e+01,2.767854485690930133e+01
-4.566724467947821609e+01,1.763016584178232904e+01
-6.461544106254690689e+01,6.822023380591739183e+00
-7.327695398577078834e+01,1.226018109276390788e+01
-6.950330745232335516e+01,1.644660002673284538e+01
-7.953352425071804532e+01,1.868437084623595723e+01
-6.663604129268595955e+01,9.761847862719964297e+00
-7.100889553133406196e+01,6.587123343422762289e+00
-5.634504630390735258e+01,8.644822065941937694e+00
-5.536333266949355902e+01,1.408505235262489919e+01
-4.322141941273135046e+01,1.177208824685869182e+01
-1.771962497529549694e+02,1.923663109723056763e+01
1.775560924887952865e+02,1.357426272952304913e+01
1.728125759038856870e+02,9.296528176231941387e+00
-1.684723828677674362e+02,1.134451863311744368e+01
1.587884433670087674e+02,1.508013970667789216e+01
-1.726344078300114973e+02,1.045782158939850603e+01
1.663514414689628325e+02,1.896555619241538793e+01
1.706327129024649309e+02,9.216881326288177689e+00
-1.771525135204338142e+02,1.381305786331926910e+01
1.773611765770432953e+02,8.172747793716593989e+00
1.569895317328184206e+02,1.564863690355246462e+01
-1.585048760908242684e+02,9.681310908734740650e+00
1.690060687174207317e+02,1.528088305591693796e+01
-1.743389662450510400e+02,1.486045186318505351e+01
1.757530918774698705e+02,1.768276812525598984e+01
1.794777684545750560e+02,2.099339878252536096e+01
1.776640620814722524e+02,2.259034496954537019e+01
1.689806164631260970e+02,2.049880946966468898e+01
-1.590337894673120900e+02,1.135591981261373995e+01
-1.740657427644098050e+02,1.154149343981654496e+01
1.600322543642767528e+02,2.291476605449537729e+01
-1.593831578321037341e+02,1.484325720952207028e+01
1.795586203372124032e+02,9.543438672770520270e+00
1.630747598940700982e+02,1.680240035312082014e+01
-1.501316535133626360e+02,2.736443539792109902e+01
-1.792715696800119360e+02,2.574923606821671740e+01
1.620246520169177700e+02,1.795998165704932248e+01
-1.607415037258385837e+02,1.770954032437275316e+01
-1.776680798853555814e+02,2.971867538604251280e+01
1.736660732762029511e+02,4.010109176159298983e+01
1.674743603215091525e+02,1.391129592888337463e+01
-1.576572121686789103e+02,1.455144028158975011e+01
-1.791716028419787676e+02,1.225419498696230569e+01
1.792575982570461974e+02,9.064043866728031418e+00
-1.717851981477565175e+02,1.105620374658212413e+01
1.758663266150206255e+02,1.342359688344191326e+01
1.753210955626790053e+02,2.246060481066191983e+01
1.776677178735434666e+02,9.216918678599171244e+00
-1.626165986424247762e+02,1.307616575105243939e+01
-1.775171079208955405e+02,1.998935871635897144e+01
1.580424308955932702e+02,1.502736981924135762e+01
-1.552230446037401634e+02,1.412461101265708763e+01
-1.500484364272740549e+02,1.478164529008364347e+01
1.618928654573559243e+02,1.126299617341694770e+01
1.753571990971457808e+02,1.508943625399815858e+01
-1.610821131860103321e+02,1.410805372601546459e+01
-1.780896023921621349e+02,1.355666780820454420e+01
1.779012005945775172e+02,8.967506556791661865e+00
-1.540871953659493272e+02,1.989139933439300023e+01
1.699393182357416947e+02,1.561698829615213668e+01
1.688305433665588282e+02,1.280349800475639910e+01
1.790800575652260989e+02,1.100279305673843133e+01
-1.668444965786798662e+02,2.000544048447495626e+01
1.687488273506137659e+02,2.014280198434877178e+01
1.745278850435888671e+02,1.647119900779200208e+01
-1.656383172835007258e+02,1.594144155021499287e+01
1.783395178955459812e+02,1.193898805802872332e+01
-1.797642893041394245e+02,1.229086980383238270e+01
-1.706827986761585692e+02,2.114496980962269390e+01
1.653657709630471970e+02,1.509623641606373923e+01
-4.605904172873935920e+01,2.303957420274410950e+01
-8.743207361171465664e+01,2.370894012561145914e+01
-6.046245602677873876e+01,2.086439639866501139e+01
-5.786814671033476287e+01,2.227823597146721113e+01
-9.729262569681573325e+01,2.781124458171331071e+01
-4.362918049287574007e+01,1.545253887258771286e+01
-7.166185162112000739e+01,2.166057210677179867e+01
-7.924960496506358254e+01,2.361955337892004536e+01
-4.156299242361637170e+01,2.131769996317478899e+01
-9.080268430339744157e+01,2.266067515093876494e+01
1.732572471537109777e+02,1.020064491226979086e+01
1.736146128710688572e+02,1.446447859513956757e+01
1.742024093007831880e+02,2.137078064827997892e+01
1.675674782436643966e+02,1.977493814479145939e+01
-1.759484374723096209e+02,9.555946970337720003e+00
-1.751178686629663730e+02,1.987828489867674620e+01
1.641187349179868136e+02,1.200430805555692615e+01
-1.728876523819296835e+02,1.375958712280734986e+01
-1.698357483289882168e+02,8.243383068664043023e+00
1.755584866116517162e+02,1.197318678692401051e+01
1.725147084433934026e+02,8.489227338869527628e+00
-1.731973662629391697e+02,1.577039346010697329e+01
-1.796322994258956101e+02,1.661266461438361475e+01
-1.786394556387538159e+02,1.672826938121333029e+01
1.710160505558566229e+02,1.126300566245795487e+01
1.762294373283782818e+02,9.540714160784073528e+00
-1.784971834029852857e+02,1.047262236070017316e+01
1.759005680838831438e+02,7.744352323538768346e+00
1.765347639312525700e+02,6.610346295340183254e+00
-1.674495379217260052e+02,5.331503182127673490e+00
-6.734650666339337022e+01,9.581876878666665931e+00
-6.549719649173813707e+01,7.919980930493121463e+00
-4.783084244207832114e+01,6.868571995005293473e+00
-6.236726048198707417e+01,9.351308638380055882e+00
-4.583812487130688851e+01,9.401010662274781993e+00
-7.444671546781911786e+01,1.064483064252764422e+01
-5.777420671201112867e+01,6.241526510847613451e+00
-6.250980349004108660e+01,7.861723242067741424e+00
-8.165760298147789342e+01,1.110885657682447203e+01
-5.568459405750742519e+01,7.510557299305236967e+00
1.736477218181955493e+02,1.178915445339185730e+01
1.787333531050181534e+02,5.612634232276495716e+00
-1.658934176537754297e+02,1.868713299074982359e+01
-1.604926546345322436e+02,1.904856523179162409e+01
1.259914741565760608e+02,2.775471831287613966e+01
4.096579313621401042e+01,2.705675485205627950e+01
4.276621167546949209e+01,2.424666528995151538e+01
8.475749241854538241e+01,2.238306433283760555e+01
3.277984095550058186e+01,1.751560458027114819e+01
7.940874665934535415e+01,1.454694134824678997e+01
-1.731777017839855262e+02,1.124268319736975030e+01
1.644785490808059194e+02,9.742566521156533099e+00
-1.733409662478981943e+02,1.142712840811196884e+01
-1.783120118380171277e+02,6.310523619273549656e+00
-1.790603239997925300e+02,1.058316072937917696e+01
1.746265325185406425e+02,8.437593854724418918e+00
-1.789758129760459440e+02,7.715447830878407132e+00
1.715404314709401206e+02,7.574103181162904264e+00
1.756806350485044277e+02,4.544039620367387400e+00
-1.759844450809427485e+02,3.258298678406008619e+00
-7.139658586969716225e+01,1.815228917413952558e+01
-6.722171207435093265e+01,3.415076123719317991e+01
-8.624970484199194232e+01,1.984007578565971031e+01
-5.185334849415847458e+01,2.018374196558691125e+01
-7.589848143677271253e+01,1.822488225430936026e+01
-7.733764752035885692e+01,2.253652002326850834e+01
-5.042516224620874254e+01,1.933237693073773045e+01
-6.323800569271453043e+01,2.021691088262415192e+01
-9.123030158525043021e+01,1.700554281058034789e+01
-1.011163490487685692e+02,2.930011584262956248e+01
-1.739396447371832437e+02,1.164711383397414224e+01
1.648287225838147094e+02,1.300828342413321081e+01
1.749502761425661674e+02,1.042944636175227657e+01
-1.766749647808471479e+02,1.550745343660284092e+01
1.757192303891451388e+02,2.126047256420118003e+01
1.784744870108131920e+02,1.659668969887841783e+01
1.779037435443742652e+02,1.086849814844724804e+01
1.651340317077736017e+02,9.445042329335453957e+00
-1.756247886940715546e+02,1.487331992861121677e+01
-1.767105561565535936e+02,1.840718980002155192e+01
4.041710994799474577e+01,3.319523812282599806e+01
8.422009604661565163e+01,2.006508536361724993e+01
7.385085510004502396e+01,1.798862948959346042e+01
4.633905394656576249e+01,1.507695740851745292e+01
9.613341409832389672e+01,2.319061440178936095e+01
8.397509958183736956e+01,2.127791331312459988e+01
4.211573848425680211e+01,2.323461707863692283e+01
9.961289680997100504e+01,2.358261702636501411e+01
1.175893028844495944e+02,2.834543072361373106e+01
1.405889918600935573e+02,2.006935347403224057e+01
-1.773471483679274741e+02,8.808585234612333892e+00
-1.748446674825573268e+02,6.028606732081546404e+00
1.359625094422742677e+02,2.168049261096656011e+01
-1.493247399266650746e+02,2.372937333161631557e+01
1.670304587309986175e+02,2.049648984381600059e+01
-1.790262858635858265e+02,1.323720874049555185e+01
1.652726431290098787e+02,1.976490435046250838e+01
-1.704605186247716517e+02,1.552693737604687385e+01
1.654124551893092701e+02,1.608413911013208519e+01
-1.582313833398789029e+02,1.675908174852917654e+01
3.230138349747281978e+01,1.832257936611575744e+01
4.815923172604501445e+01,1.530967691694127808e+01
6.192116568578205715e+01,1.571293768194750129e+01
5.993555625781245055e+01,2.089963834304651868e+01
7.631163171451940741e+01,2.183061769778836236e+01
6.037885448067181926e+01,1.921112449875215944e+01
5.845560850703967759e+01,8.495784566688326933e+00
5.607201046483441331e+01,1.885789065741761306e+01
4.871669936702046755e+01,1.485972150736689734e+01
5.413266823597560773e+01,1.881035933194696952e+01
-1.679339262209782362e+02,9.633852609186174476e+00
1.751818798523409271e+02,1.777263990378183678e+01
-1.754616982100507414e+02,3.022179625895376276e+01
-1.742604619598779152e+02,3.072739779273872784e+01
-1.729281186798791623e+02,2.653116643864196789e+01
1.696491784394468141e+02,2.477763251729625438e+01
-1.788011030320613202e+02,2.839676995093568479e+01
-1.740537899502923835e+02,2.213386146216600636e+01
1.726494086735606004e+02,3.533074159690704619e+01
-1.659533502502823694e+02,2.418352655636533299e+01
5.325569706699010908e+01,1.202997352672075593e+01
6.774787459229207798e+01,1.100062481103315015e+01
7.194885889010825508e+01,2.506030023288145969e+01
6.117487165020646245e+01,1.036989478740025916e+01
8.248859435555137054e+01,2.560311978102670238e+01
6.430478886589419574e+01,1.093273817446459262e+01
6.570985397568772157e+01,9.314596422606555848e+00
6.810041239800598589e+01,2.005093595182257715e+01
4.840474511845762606e+01,1.820295118279558011e+01
7.757841764403401896e+01,3.343704228478972595e+01
6.999860213498564576e+01,1.634740320584646511e+01
6.801068355820967781e+01,1.388596938239699519e+01
6.391615741228866199e+01,1.551176536938126560e+01
7.038248057248694067e+01,9.261079820698849829e+00
5.884302787560507397e+01,1.843886106976034256e+01
6.909680387311101413e+01,1.753354764881640193e+01
6.414029632966955319e+01,2.222174804975118434e+01
6.937282012203890247e+01,1.202862229407537242e+01
5.423681531361885533e+01,1.354550789720212656e+01
7.931968251987625251e+01,8.912475617141909723e+00
1.786981714296221355e+02,1.039145360663789397e+01
-1.597663813048827706e+02,2.024174464352650560e+01
1.546138390766413693e+02,1.945548414921992730e+01
-1.532161255964225859e+02,2.256719747262894771e+01
1.766332646925442589e+02,1.637917903300473199e+01
1.788086319930030470e+02,7.338252874436128614e+00
1.779451276241573225e+02,1.746169834230576967e+01
-1.784641727740576300e+02,1.122502079651533791e+01
1.771236637741109519e+02,2.311259903235029611e+01
-1.688256141966440964e+02,1.597754495210288184e+01
1.513410539163511714e+02,1.368391862769733081e+01
1.700205714498202383e+02,1.002170906952311569e+01
-1.667287814066296221e+02,7.536077168704505169e+00
1.638205192474238459e+02,1.428500886872388165e+01
-1.631176937535962566e+02,1.308409928930429267e+01
1.666360667807549021e+02,1.574305972600200221e+01
-1.787507245980650907e+02,1.790497642198647554e+01
-1.547235056660046268e+02,2.160343397215538630e+01
1.642698881080902993e+02,7.159905779523885627e+00
1.796599513914606234e+02,1.930670690659879440e+01
1.657239972054252064e+02,1.085192849338965715e+01
-1.500991075661264631e+02,1.210408331376741486e+01
1.471898162937130508e+02,1.493105386203771445e+01
-1.667072382743206163e+02,1.317884319947970084e+01
1.677524566038154887e+02,1.402292581766873880e+01
-1.739140935186614740e+02,1.599908347673633813e+01
1.766403434668761747e+02,1.155690881544198767e+01
-1.724351001608250158e+02,9.564868655589624069e+00
1.758521338579371900e+02,1.284966755514795977e+01
1.695576842488290197e+02,1.791178010315196545e+01
1.720578581965008880e+02,1.406554885065019356e+01
-1.675519667147642053e+02,1.319689776814419702e+01
1.712902550049596471e+02,2.301510444621016660e+01
-1.683277170722227254e+02,1.433852682663593647e+01
1.773740761240169945e+02,1.153425940517458947e+01
1.722221268667663878e+02,1.046778267913072291e+01
1.626886114061028934e+02,7.986618132605105558e+00
-1.587208930917328757e+02,1.868943101522158656e+01
1.711297153077988185e+02,2.473172031742968358e+01
-1.768653278756547422e+02,1.617974272872684693e+01
1.648024783015013099e+02,9.197550047929526684e+00
-1.624726685155050063e+02,1.188002025198464828e+01
1.611705537813645890e+02,1.769171752887850602e+01
-1.683332569578387847e+02,2.239561695765916838e+01
1.685225467511843647e+02,2.142546705830076448e+01
-1.767236076111556429e+02,1.329375849886187311e+01
1.769870428844768924e+02,9.570141229577494357e+00
-1.777811685988492911e+02,2.035466149184199125e+01
-1.782744706959931307e+02,1.999581399891435751e+01
-1.728539780398423886e+02,1.399469638316257303e+01
5.649917282969347809e+01,1.330962795044131752e+01
5.892864740803192802e+01,1.922604087880974788e+01
6.791605197995916399e+01,1.353005980955460785e+01
6.660879794672618459e+01,1.105146740406043904e+01
6.134083232873297931e+01,9.457933108971904090e+00
6.643916711805623265e+01,1.464292938287818657e+01
4.775419488183111127e+01,1.335142054626669150e+01
6.252279978157294948e+01,1.013623938197318886e+01
5.578096470175642452e+01,1.637999531480875248e+01
5.571011671004217902e+01,1.225817727806255064e+01
1.736030308637049302e+02,8.693053352803952194e+00
-1.633642850452565654e+02,9.336640365047596646e+00
1.673824751571769696e+02,2.342064873553788118e+01
1.715560333613935029e+02,1.807010282204425522e+01
-1.541048732187902317e+02,1.937348716736773824e+01
1.761472275223995325e+02,6.598134989311359888e+00
1.653187003631818754e+02,1.041130068291353439e+01
-1.684889461756811500e+02,1.800359969720633657e+01
1.713831862925025291e+02,1.681094959471652217e+01
1.663163435554680518e+02,8.659182178838642940e+00
1.490232347492475355e+02,1.753917248056423617e+01
-1.501896485409832849e+02,1.431936250645742170e+01
1.557132105233933430e+02,1.381151575612206628e+01
1.797118398323086410e+02,1.311667821936550560e+01
1.784756770164162276e+02,1.334708419113182742e+01
1.775946458723847456e+02,1.501653992299102747e+01
1.712124540044127627e+02,1.827909857075740518e+01
1.682011486084580838e+02,1.092192826636407865e+01
-1.644611915149842218e+02,1.623415710163005699e+01
1.696484734463895450e+02,1.910597510639978225e+01
-1.665405613476491453e+02,1.944792457356177096e+01
1.565374707151506470e+02,1.213256577336865050e+01
1.677282799353596943e+02,1.728362337156584871e+01
-1.728599886788445588e+02,2.098568751389956688e+01
1.644738866572344591e+02,2.457184086816261015e+01
1.690644273779523417e+02,2.391730779422523767e+01
-1.623361373516291906e+02,2.870930537446285413e+01
1.682877311786947985e+02,1.849861227391984997e+01
1.769103577282374999e+02,1.612777848657662361e+01
-1.591721999775102176e+02,1.166841982840990610e+01
1.742106140406958730e+02,8.599385698998231575e+00
1.655290828962395437e+02,1.651742094420945861e+01
-1.697888729652875952e+02,1.054536619418554011e+01
1.682672080821330667e+02,1.037799239768398607e+01
-1.638446036577414588e+02,9.726407183160583614e+00
1.724429055229904293e+02,8.682134846248139581e+00
1.777927115979215102e+02,1.448246063507785841e+01
1.723558333436370447e+02,1.502317249509667008e+01
-1.700487556606366866e+02,1.176800955448333141e+01
1.654297891288701408e+02,7.284622005623492491e+00
1.764267574133173753e+02,1.787991632505915618e+01
-1.698263292360182959e+02,1.512448108553010861e+01
1.709907798557739227e+02,1.166733374734287843e+01
-1.743191761164676166e+02,1.096103275916976827e+01
1.738016862168229579e+02,9.134243774299413587e+00
1.760290029342287710e+02,1.859347678355720745e+01
-1.679035247626666489e+02,2.669446871606281491e+01
1.594120262573793809e+02,2.209443923925976350e+01
1.748245069754400163e+02,7.897854944736158345e+00
1.774909301947104723e+02,1.881788317206111572e+01
-1.763132940387782526e+02,1.172323788037287606e+01
-1.765953562960465320e+02,1.450327069368090704e+01
-1.798225604133214972e+02,7.194883184703056322e+00
1.772657952296673045e+02,4.392428984723414587e+00
-1.742446258834278012e+02,9.641636240356415755e+00
-1.787494510411031854e+02,8.499684992931424432e+00
1.774789447260828581e+02,1.029435749817364254e+01
-1.745984807021095548e+02,1.503174322757138448e+01
1.598065350938604468e+02,1.115499634944763940e+01
-1.636270293975900074e+02,1.081896515927945046e+01
1.514592582058191965e+02,2.195450043887623082e+01
-1.580063169969431272e+02,1.468047779360236582e+01
-1.746053174361643983e+02,1.232528659983088204e+01
1.651161280759976364e+02,8.603394819505668423e+00
-1.701551996888472900e+02,7.320752291657942834e+00
1.670202932382141796e+02,9.876701932263758366e+00
1.738201504707568006e+02,1.936244274219652084e+01
-1.650083535555843639e+02,2.202696559774690499e+01
1.655966150833578752e+02,1.524935400317082212e+01
1.640551766496755874e+02,1.222689150666754543e+01
-1.789616827383221391e+02,8.639777319761575924e+00
1.724947984662175600e+02,1.079750494712159892e+01
-1.696244098143010035e+02,7.327612404937529078e+00
1.746593209999119267e+02,2.874680350438852727e+00
-1.763286054354263115e+02,6.536341434104880221e+00
-1.710584116186566064e+02,1.273370408612714400e+01
1.746454483641858815e+02,2.317997255365811782e+01
-1.772571242995215073e+02,1.329014624657032329e+01
1.736851501591555973e+02,1.520141007628854624e+01
1.788065723692775464e+02,6.145354008218082420e+00
1.796211969862809781e+02,1.250232839551984299e+01
1.739065680250974992e+02,1.040060161612887057e+01
-1.715752050632696921e+02,7.588876160742081822e+00
-1.770979454521637422e+02,8.167467930650776253e+00
1.760920961577048161e+02,1.245003648863458423e+01
-1.694716393160503287e+02,1.485398033487823888e+01
1.761143842223358718e+02,1.303418990138294475e+01
-1.723445389002772856e+02,8.808959394747159166e+00
-1.611305866179964994e+02,9.414450241738913761e+00
1.697495288524060584e+02,1.198072603806824610e+01
-1.608693438993805955e+02,1.170385047056461048e+01
-1.719227444425077636e+02,6.577818039409354611e+00
1.776400799161005466e+02,1.356072830530897910e+01
-1.619237284804455328e+02,1.477069981681504451e+01
-1.780959936271880792e+02,1.690806509149079417e+01
-1.722494478975602021e+02,1.684352778010540419e+01
-1.696435356626790281e+02,1.517491213376941595e+01
1.721609927135175155e+02,1.962336998305711688e+01
-1.632409756027999777e+02,1.774669857180430199e+01
-1.675576617909556774e+02,1.610188141368454851e+01
1.684138863608730219e+02,1.948138518213023218e+01
-1.708104384962208258e+02,1.473964100495075336e+01
-1.654165947135173838e+02,7.826763961575325723e+00
1.798727094376465914e+02,5.163354042464281868e+00
1.745585343054559075e+02,9.625810844829288726e+00
-1.689969043337725907e+02,1.047892334020961691e+01
-1.693126777795841349e+02,1.064814672293600495e+01
1.724441224924170797e+02,7.061453588799091463e+00
-1.786739185970524488e+02,9.326444827014000793e+00
-1.777727288772279621e+02,1.355269410738042701e+01
1.786460134206487282e+02,1.118959896027216594e+01
-1.736432755310885341e+02,9.496069702766568810e+00
-1.623155770247084035e+02,1.057959439501817478e+01
1.734495974578043729e+02,7.363143251502934916e+00
-1.733022664994687432e+02,6.014042987647946426e+00
1.799749731319307102e+02,8.903262137082155192e+00
1.595705034878650679e+02,1.059223316474045262e+01
-1.778220400973813184e+02,8.192622244361794870e+00
-1.789561840264200328e+02,7.080807143206181209e+00
1.686410373637314706e+02,5.943311006594525381e+00
6.221427278742675782e+01,3.251252929268213876e+01
6.142259495076102382e+01,2.393813373235050079e+01
7.964458813708614571e+01,3.153152852902942982e+01
9.055647677974573639e+01,3.878703473359989573e+01
9.223711538753504158e+01,3.353621220821101190e+01
6.337742297762331134e+01,2.626685837148446012e+01
6.608238362645089126e+01,2.433855851654169555e+01
5.804392885190552676e+01,1.715916815666469120e+01
7.436666157410004985e+01,2.004117782781685619e+01
5.336549712869005191e+01,3.815088935653511015e+01
1.673420246905763804e+02,1.157117747138313035e+01
-1.738201672534919737e+02,1.791084183636491289e+01
-1.656622552530103292e+02,1.546796630087084168e+01
-1.738114464359606472e+02,1.345851676995470925e+01
1.726360300716119127e+02,1.549286312327935633e+01
-1.635962219127631272e+02,2.529905122581066124e+01
1.675867722898478860e+02,2.101354382582232816e+01
1.639283196867006893e+02,1.995588852349957065e+01
1.793551736041269464e+02,2.603178155904711844e+01
1.731572180134029963e+02,1.669891044830391280e+01
-1.745800331885931485e+02,1.850811213758558438e+01
1.617874153513139390e+02,2.275008273413574145e+01
-1.708248266651908409e+02,2.460759085440329130e+01
-1.690791693985657105e+02,1.900628080817953958e+01
1.574085259598917901e+02,2.252071055993997817e+01
-1.762292413656512622e+02,1.213230603676016806e+01
-1.661006001995872907e+02,3.015750101026429775e+01
1.582435861056231374e+02,2.263063767331234288e+01
-1.640222513936672897e+02,3.056142627810568513e+01
1.788026681903427288e+02,2.408599991047347899e+01
-1.774154277510846214e+02,1.897178739707859663e+01
1.617837488671436574e+02,1.558288836772021568e+01
-1.729115594488773695e+02,2.174320925552500228e+01
1.766846604868245834e+02,1.855199922343698660e+01
1.738251588650283566e+02,3.690272397192825338e+01
-1.667397095373101479e+02,2.119993897618167011e+01
1.783633984431854742e+02,1.466210060280248584e+01
1.740925191583699529e+02,2.367923815703804280e+01
1.753689866794062198e+02,1.792138871740279171e+01
1.681442352934548410e+02,2.990135534437815323e+01
1.577875470952683656e+02,1.970917178948494453e+01
-1.349010551345722320e+02,2.514951539634905231e+01
-1.630687763048230181e+02,1.561022204458224394e+01
1.302157811363553606e+02,2.603533715337895416e+01
1.030239601934579667e+02,2.847723078085327586e+01
9.535044901897431657e+01,3.770030674678854155e+01
7.895635207744349771e+01,3.171231428913373662e+01
7.035579735029313042e+01,3.104661547079667727e+01
6.432105643203306045e+01,3.009297882303809146e+01
1.051452941266859398e+02,2.308300798978236656e+01
1.776771361952141888e+02,3.731908293788192665e+00
-1.662917695545481820e+02,5.588861415874559313e+00
1.705526487210307778e+02,5.636468309735089832e+00
1.683593297072706036e+02,9.674269102627834016e+00
-1.602954574513057651e+02,1.197369321919046214e+01
1.617364082096500795e+02,1.186832455251995277e+01
-1.760183009353572743e+02,1.752615849241821167e+01
1.792211089166794977e+02,8.644452258455705973e+00
1.771570916042115300e+02,1.279941842456069701e+01
1.732161657216653339e+02,9.856539802931695959e+00
-5.164763565800117817e+01,1.931611896837239684e+01
-9.019662860658525005e+01,2.084318834942569154e+01
-4.135059602773707610e+01,2.155095261701151799e+01
-7.353368008872884332e+01,1.872210881715224673e+01
-8.469954321131552888e+01,2.019269419347196859e+01
-4.015692957144634789e+01,1.875497700370873133e+01
-7.364197590655730608e+01,1.609973982232197898e+01
-8.069258637776135856e+01,1.872645471698428565e+01
-2.973996732064311388e+01,2.946198653581581794e+01
-8.353943333607499255e+01,2.240923282682049944e+01
1.615378009007080777e+02,1.879969631838595490e+01
-1.660635205836899218e+02,1.642514654345717418e+01
-1.644898907829116581e+02,1.620765790748248492e+01
1.642975112411026544e+02,1.388432318964221324e+01
-1.571240235322061380e+02,1.169305916655455846e+01
-1.672894083270582257e+02,1.580651041155848446e+01
1.412426237761014249e+02,2.515199819962534633e+01
1.786223797263340032e+02,1.705750420261653844e+01
-1.521607738893015664e+02,2.172363097194420334e+01
1.455543184626473305e+02,1.861656362642122886e+01
-1.356626237603665857e+02,2.455827344980926341e+01
1.713570476441265384e+02,2.224359365049652482e+01
1.604074672028827422e+02,2.353420474658294737e+01
-1.578483625336334910e+02,2.354705482733773891e+01
1.718350515608043452e+02,1.658711576812519439e+01
1.694253469185587448e+02,1.078553242986659910e+01
-1.729591607403816624e+02,1.537977024676199989e+01
1.775803545490046247e+02,2.240207456759667792e+01
1.615414071734479364e+02,3.058310557488864490e+01
-1.708860475056433188e+02,3.052583588989946151e+01
-1.799698142312585674e+02,1.007792287697213318e+01
-1.797585910637844790e+02,9.389624126072263266e+00
-1.791872645727712836e+02,6.875788522986765905e+00
-1.745133604519281221e+02,9.548943563237344279e+00
-1.787381351285915230e+02,1.306774199091173649e+01
-1.722675815136018116e+02,1.413938431330899270e+01
-1.745735985280630871e+02,1.321856409256074016e+01
1.718088630105296772e+02,1.191241276635226498e+01
-1.720218537948454696e+02,1.013123819812181026e+01
1.790741379395032595e+02,1.122446575949827796e+01
-1.627012292398319460e+02,1.521800234582259392e+01
-1.376096736927682969e+02,4.351470557900900360e+01
1.653937505295238566e+02,1.179921961908797812e+01
1.375330940178278354e+02,3.415395691118621357e+01
-1.619593500975776408e+02,1.387891800222612027e+01
-1.711575320085422334e+02,1.389429899911747590e+01
1.614788903026943956e+02,1.620226147333079680e+01
-1.643979891443527777e+02,1.353240535290204605e+01
-1.625626988026239133e+02,1.787905491564875504e+01
1.575957576591716531e+02,1.366052716773443798e+01
-1.698833533078772575e+02,7.794522231428171466e+00
1.566065566717435900e+02,1.267719128782816540e+01
1.774882084850367221e+02,8.086789199243444415e+00
-1.580311404198477874e+02,1.252288021379664684e+01
1.468369328412605910e+02,1.192308949836899146e+01
1.608385115348241072e+02,1.025618787967633772e+01
-1.603731845665530784e+02,1.277418571553367421e+01
1.676527659941899913e+02,1.213909541475209153e+01
1.720499277554450259e+02,1.562085466072493745e+01
-1.589993201025297083e+02,1.530070104636411799e+01
1.615763266283087489e+02,1.191882167815165516e+01
1.526912187271805408e+02,1.327913020550371037e+01
1.799777384705036525e+02,7.856311595819033045e+00
1.750446852293002564e+02,1.098245195564152787e+01
1.672874902107991772e+02,9.703924205486869070e+00
-1.733647459569403111e+02,6.246696057781432110e+00
1.661148264226282834e+02,1.176815438187045437e+01
-1.725519350345323062e+02,1.096906106540308912e+01
-1.641805326467285226e+02,1.633881838224048266e+01
1.760004691266969132e+02,1.183513914823399915e+01
5.340973323052843114e+01,1.772049175962104428e+01
7.336025924608202331e+01,2.144178549719594429e+01
6.414543355071809572e+01,2.454057880156602067e+01
9.260472124115352699e+01,2.339853743237697614e+01
5.278466499837024628e+01,2.103408908780613729e+01
8.568223791338074591e+01,2.794574727285935722e+01
5.818483091681193997e+01,1.941664256588322246e+01
8.614761530649913368e+01,1.966439942408464248e+01
4.238629976788449483e+01,1.963390193494333147e+01
8.566134671576452320e+01,2.002360919366534375e+01
8.974215693939352434e+01,2.579483440489281065e+01
5.811763258814285393e+01,1.115406004974988718e+01
8.775370954614091090e+01,2.239046738226932831e+01
5.975846442804727587e+01,1.138687120727192337e+01
7.256819320189872258e+01,1.630526664129489234e+01
7.872564434647264875e+01,1.005404957431741408e+01
4.910874963275901450e+01,1.783586951608669580e+01
9.377261471876236953e+01,1.554677529855541707e+01
4.510418748683664347e+01,1.938889588549279708e+01
5.720095733395363879e+01,9.484700793641028582e+00
-6.135895487710953944e+01,9.148622413234422268e+00
-7.701776540862189790e+01,1.768246097074895218e+01
-6.865738544328416992e+01,1.689247029504186770e+01
-4.817707005232548312e+01,1.200745725465165847e+01
-7.007782538988622889e+01,1.154240473198439254e+01
-6.126095035625053242e+01,8.223245878269191067e+00
-6.692830573441260356e+01,1.775130558013720972e+01
-4.866421050305290663e+01,9.998115152192330157e+00
-4.718780053002726049e+01,2.098460087309887001e+01
-6.525724163792203569e+01,1.231685132717949216e+01
-1.597965755118056279e+02,1.597513561413007110e+01
1.561803810434333286e+02,1.395106229820504851e+01
-1.648764743526902521e+02,1.018106171557794681e+01
1.746906870326519083e+02,7.044363717803573621e+00
-1.727242343082101002e+02,1.347579885205879080e+01
1.795372182003888781e+02,1.514980170286617778e+01
-1.710804597782655208e+02,1.604102619425840004e+01
1.483447924927891393e+02,1.774719813235423871e+01
-1.648312933872641395e+02,1.435215850179516828e+01
1.696989885051303872e+02,1.578029862576051912e+01
1.738384818539255718e+02,2.120853281903790233e+01
-1.729655967080516632e+02,2.761343470022205793e+01
1.745243005018880922e+02,1.099479105902697462e+01
-1.604283276617107390e+02,1.569268077342167800e+01
1.669513902601663347e+02,1.116344253971005429e+01
-1.755811764423629029e+02,1.137447791145881482e+01
-1.726573468722583584e+02,1.625117399590349265e+01
-1.719597317497061226e+02,1.098064240130347002e+01
1.699345478672835270e+02,1.971039817454852994e+01
-1.765560446946109892e+02,7.661647284769548705e+00
-6.962999129180789737e+01,1.299132079437810106e+01
-6.982999359089603786e+01,1.126818368320731523e+01
-7.240244835408188351e+01,2.225233563726574459e+01
-5.523535079686681826e+01,1.394674352035486109e+01
-6.746971050151429949e+01,1.447175234475158767e+01
-5.092266867464286406e+01,1.240792223845734377e+01
-7.360524019751498770e+01,9.312944113642284805e+00
-5.431010706504037699e+01,1.647145639455958488e+01
-6.797013240822894886e+01,1.632974593531778496e+01
-7.366782758652554719e+01,1.285483041114828673e+01
-1.555577443825165744e+02,1.393415587254467169e+01
1.538615515860585674e+02,2.158161241563112398e+01
-1.573740845494409939e+02,1.502886815188309910e+01
-1.350104570418633898e+02,2.268776019874549021e+01
1.767654401522893863e+02,1.630415993290552024e+01
1.590310043080499725e+02,1.677387241643273796e+01
-1.569475071649339668e+02,1.678918305383182741e+01
-1.489923615026980315e+02,1.859378064170105915e+01
1.552821087001888714e+02,1.712461813550107337e+01
1.588050867811541309e+02,2.311178033915938812e+01
-1.699397262726582483e+02,1.150853368113669362e+01
1.579103971797611621e+02,1.490157825826955929e+01
1.730887131632454725e+02,7.738559727838229207e+00
-1.625121913727506922e+02,1.315593143390457342e+01
1.559117359408604102e+02,1.823131079504857155e+01
1.788509214125377014e+02,1.165505900368951941e+01
-1.597521712761441108e+02,1.182142825110013362e+01
1.668925769102090442e+02,1.376602782745288778e+01
-1.740175911655213099e+02,8.416810889344963797e+00
-1.663759719714279584e+02,9.730325603618315000e+00
1.652808849623140475e+02,1.933935709699244399e+01
-1.780009421508458445e+02,1.106446493090949446e+01
1.789453735047132454e+02,8.926407935793360338e+00
1.740425017964059577e+02,9.323021309828103398e+00
1.682924854428154902e+02,1.101103206029078407e+01
1.755810764353994387e+02,1.016261097354745324e+01
-1.735883279098966625e+02,1.099157055650703008e+01
1.661934004953348563e+02,8.241024577561221420e+00
-1.785714942200023359e+02,9.172081899802046578e+00
-1.658299476990079313e+02,1.160367755621717478e+01
1.706626206223752149e+02,4.686473399257943839e+01
-1.564649115528495145e+02,1.263699635849195602e+01
1.539617519952952023e+02,4.688334690066132282e+01
1.589195672772035550e+02,2.159818550809183080e+01
-1.600518000506280032e+02,3.144974512786662046e+01
1.701965380077888028e+02,2.010681399724324692e+01
1.203038399642063325e+02,3.246654385793625153e+01
1.028926605317729894e+02,2.951380931184390022e+01
8.142636936892230892e+01,1.961239182261343927e+01
6.942239459954348035e+01,3.076392113162894759e+01
-1.688744396773955145e+02,7.049934886885710128e+00
1.682877899670300508e+02,1.118671543445148941e+01
-1.605374199444275121e+02,1.895025796686575603e+01
1.759517020296210319e+02,1.207955539412578183e+01
1.620673874124265978e+02,1.133923129193181367e+01
-1.534742957771883880e+02,9.697832616631577807e+00
-1.665024360621208643e+02,8.958552272244592274e+00
1.565994019359660570e+02,1.117802483137144343e+01
-1.639366244375167696e+02,8.109546090346967162e+00
1.779936269015502148e+02,7.681633777466279511e+00
1.005024794093887834e+02,2.927388809367680622e+01
6.130360834559854766e+01,1.526585053661843716e+01
6.135868920171731133e+01,1.575455264948433864e+01
9.015117844493111932e+01,1.720927844226531889e+01
4.030042027688062944e+01,1.258078127135663493e+01
6.631295598982185879e+01,2.192146137452259325e+01
3.854939638089133069e+01,1.510021061996550884e+01
6.634007053058489589e+01,1.127618042593465830e+01
7.409617315772668178e+01,9.915139705438836160e+00
7.139575978414204371e+01,8.646620608112195683e+00
6.206176112398860312e+01,9.884630072552802460e+00
6.398871206024384151e+01,9.885202512952570686e+00
5.412355049110937699e+01,7.763455183520360237e+00
6.347929223621294881e+01,1.065433539394998519e+01
5.798374122714508161e+01,1.291196027653762002e+01
7.231403827830260411e+01,9.077306151746336482e+00
6.856054367627312729e+01,1.442814964847116777e+01
6.871705001927320211e+01,8.891701346107243609e+00
6.437928198563358251e+01,1.181434654376143634e+01
5.988390600008447961e+01,8.162411131868335445e+00
4.725524211123951090e+01,1.543064776223561552e+01
7.261463242021012832e+01,9.249064422195768742e+00
6.301413103324556175e+01,1.503327392431736698e+01
5.527082907497376141e+01,1.173079184616261372e+01
7.518251544436266443e+01,1.025942892634096282e+01
4.856172793029602985e+01,1.672921129550566377e+01
7.802114435099579737e+01,1.188379703950658595e+01
5.802064883796879258e+01,2.045506428286232037e+01
7.800650611243754895e+01,1.600880908865398311e+01
5.635891725295655164e+01,1.596253357910536508e+01
1.717769775982580995e+02,6.821481683816867481e+00
1.637737294508905563e+02,8.290513870131313467e+00
-1.568291638662676917e+02,1.379056853732837595e+01
-1.343702975287297647e+02,1.900583988739982999e+01
1.482782737946868963e+02,1.621449979070053260e+01
1.421908517306090403e+02,1.912379461473633668e+01
-1.279257401336277837e+02,1.546013930333386277e+01
-5.756371177386972704e+01,6.841718750798900572e+00
-4.589738714613262971e+01,1.149375216750280693e+01
-1.194314416569488344e+02,1.762937642359908708e+01
1.761434984298566064e+02,3.036142992473323332e+01
-1.741362641486226437e+02,4.195214485114999547e+01
-1.759142472173796250e+02,3.420865194476996862e+01
1.721023234048559516e+02,2.822317461328766086e+01
-1.695874159067551545e+02,2.254525557121912271e+01
1.749704707577928673e+02,2.339883291370336593e+01
1.634586896148416599e+02,1.356611008954296693e+01
-1.666119411270207422e+02,2.710022751085951853e+01
1.667297098214823450e+02,1.761067201357165501e+01
1.730616886030828141e+02,1.599562972156552831e+01
-1.771476473321532694e+02,1.340874719116219715e+01
-1.782665936833393232e+02,9.902460340653057358e+00
-1.779246221013593754e+02,1.387626539344953258e+01
-1.771610969348401738e+02,1.821610752796195598e+01
1.791466027231705311e+02,1.000069463100937739e+01
1.777476453781119119e+02,1.531790888361278036e+01
-1.737665083329904974e+02,7.804289754233858289e+00
1.765804114375698930e+02,1.882910726004200441e+01
-1.698897209772192127e+02,1.681005517046314424e+01
1.782065846811511278e+02,9.589002582348133075e+00
1.739249281626579204e+02,7.440951025968688626e+00
1.743876820628865119e+02,1.096797977743169739e+01
-1.643180636766593352e+02,7.694184835745119244e+00
1.694363498161368966e+02,1.394405712093369587e+01
-1.762799143622210636e+02,7.917128619700800840e+00
1.774194582697525675e+02,1.082742910677811921e+01
-1.728766594548332307e+02,5.010251701443623418e+00
1.662280082059920403e+02,1.116528215653639045e+01
-1.682883003083294398e+02,8.070891005608348934e+00
1.793558113087046308e+02,1.314004037180349371e+01
-1.684769207335030217e+02,2.306666123774582289e+01
1.650034657666672331e+02,1.699408059615375777e+01
1.722794880443878753e+02,9.075341486364937538e+00
-1.560577051660136476e+02,1.356972357132862150e+01
1.558001253087372788e+02,1.973821446370746457e+01
1.689353120527916019e+02,1.769200335712958250e+01
-1.622292600988903075e+02,1.773945411744334422e+01
1.699376258278609555e+02,7.401124393004492319e+00
-1.706204853401320918e+02,9.099088307680215593e+00
-1.762998094472291370e+02,1.624976122119931787e+01
-1.606811730776223612e+02,1.485061446929760720e+01
-1.725475101427057041e+02,1.169585061369038215e+01
1.656769149901464004e+02,2.880803377981351332e+01
1.748449906609463937e+02,2.231189373132177423e+01
-1.673787655257616507e+02,2.672562787557640007e+01
-1.694528501374371388e+02,2.553711676324786239e+01
1.674191764956484860e+02,3.300815978089094216e+01
1.671974575161753194e+02,2.898709356969460771e+01
-1.550093798812499131e+02,1.911139393759123806e+01
-1.740288855329926321e+02,9.883248845521347192e+00
6.031005754582372447e+01,1.394860277967554296e+01
8.474382697336120884e+01,1.283065873254813383e+01
7.184197521296475486e+01,8.894433691414537435e+00
5.939129743539942297e+01,6.318163744833134920e+00
8.002054357508653482e+01,1.155265198332373799e+01
3.734464780331367706e+01,1.696309878122055537e+01
7.906184610717579631e+01,1.365894449473156591e+01
5.217173950466554544e+01,1.752526596541076742e+01
4.012619517248219836e+01,1.743986192145932534e+01
7.905714663352415528e+01,2.373856804284769595e+01
8.600198283483101136e+01,3.577609826518653335e+01
8.062741743974942210e+01,1.647560537601448871e+01
5.521787877911278031e+01,1.274294654303218266e+01
4.992748793941768071e+01,2.048781143506607805e+01
3.992116411246712460e+01,2.747498662641007527e+01
4.277626421074020868e+01,2.373773709627569417e+01
5.665815922197503340e+01,9.577801509157112037e+00
5.953865198364938038e+01,1.250703219934364618e+01
6.955564432735938851e+01,1.003730283529830913e+01
7.870914462897134456e+01,2.289009533901229076e+01
-1.727858857601599993e+02,1.859892179583394523e+01
-1.767193439408490576e+02,1.035287821356015669e+01
-1.719497039584052231e+02,9.089032065503671376e+00
1.577021967612147932e+02,9.027711520693122438e+00
-1.679463333536968719e+02,7.801332910519858999e+00
-1.593214123222019225e+02,1.298829639853873985e+01
1.496715153915999110e+02,1.407125201430683248e+01
1.690069053846787028e+02,1.486869140737270278e+01
-1.639450938915031770e+02,1.838425628325386185e+01
-1.619671488334691389e+02,2.007429957048418601e+01
-4.752582814587543680e+01,1.997170503086637794e+01
-6.130814081902907731e+01,1.576086138921968427e+01
-8.223008577123776774e+01,1.569177499629327954e+01
-5.322226078783462100e+01,1.587482181573400553e+01
-7.256793343434439691e+01,1.602703188058617911e+01
-6.509465177090412169e+01,1.590368514302257807e+01
-7.072169453486100110e+01,1.929162428745112834e+01
-7.660805328172028794e+01,1.508474937305830821e+01
-5.739673082705169804e+01,1.273005629552201157e+01
-6.656951751327984823e+01,1.644645083804821439e+01
-1.590521490214252651e+02,2.682476759722972659e+01
1.575691528938680790e+02,2.476018700376828008e+01
1.614091136389401413e+02,2.952180156392136468e+01
-1.461155416945106822e+02,3.523011871480975543e+01
1.761479585474100134e+02,1.906754313089527386e+01
1.655432080216170050e+02,2.209639574460829081e+01
-1.399631995034287684e+02,2.375245099439663221e+01
-1.558521953766043566e+02,2.426482771964898077e+01
1.433545044969162348e+02,2.508903889670282439e+01
1.510269370894026508e+02,2.189899477504046388e+01
-5.065269611065379252e+01,2.735132442110554507e+01
-8.100301916414584014e+01,2.287590861036259327e+01
-6.077290500617332469e+01,2.607630387901127733e+01
-7.222447568325151224e+01,2.212291487451447125e+01
-4.711206501764771559e+01,2.109557804790364344e+01
-9.662045557716457722e+01,2.402211414429559966e+01
-6.822197301570565742e+01,2.503356929986520640e+01
-5.819478376660091357e+01,2.174648061906223973e+01
-4.693979224769584846e+01,2.079855796254111056e+01
-8.944889654699717596e+01,3.151844621416754677e+01
5.572250808770872510e+01,1.723405919017267962e+01
8.789443810203601970e+01,1.319136949605040954e+01
5.444867836761794422e+01,1.715620042114489152e+01
8.057603869639547156e+01,9.122089949701480904e+00
5.928194979562001521e+01,1.274926572950993986e+01
5.782549101927202173e+01,1.336297577555236238e+01
7.855908988329524334e+01,1.238338801006898748e+01
5.343693012184394320e+01,1.351890558447269441e+01
7.255240937908966714e+01,9.637862634207998269e+00
6.685890126218464502e+01,8.979625709082089458e+00
-7.862701690786258268e+01,1.644798188073447776e+01
-6.556026556356989943e+01,2.335662156799730127e+01
-6.795861390421860904e+01,1.564543093917126626e+01
-7.137509667408721725e+01,2.450489471688198506e+01
-6.200372627575224271e+01,2.114621254441546583e+01
-6.851908501475972457e+01,2.049401335619197795e+01
-7.773129913715362704e+01,2.694302754360931118e+01
-5.217098693403774234e+01,2.554160971265306301e+01
-6.976956035419451041e+01,2.696598390584150096e+01
-6.498579306376210241e+01,2.144635508605186658e+01
-1.739429483487199946e+02,1.936453700313065340e+01
1.763715159456935453e+02,2.056437748499246254e+01
-1.679001908543562251e+02,1.963979742777371484e+01
1.429848185348621143e+02,1.788738293059476803e+01
1.685904286081201349e+02,2.156336462587389136e+01
-1.374225903374906181e+02,2.020080557048277825e+01
1.638349999928937848e+02,1.476625180839808671e+01
1.608318654512638943e+02,1.382494571421770857e+01
-1.711172009116893946e+02,1.390339281091407742e+01
1.752352527607624211e+02,9.264323701694094026e+00
5.471437742575974283e+01,1.377774492522733851e+01
2.913485258570324277e+01,2.187510977244483712e+01
5.856734189134756718e+01,2.330720870553116697e+01
4.737745687154790630e+01,2.035693211825019588e+01
5.531533621972585735e+01,1.526395745077261701e+01
7.653782818032202329e+01,1.484290586034990866e+01
5.194175371302268474e+01,1.977053885851389481e+01
7.157057952680222002e+01,1.292370745840639756e+01
6.983133720732742233e+01,1.700987768851858917e+01
6.934766740663458506e+01,1.693600292705234267e+01
6.596171654630961712e+01,1.798693600936691794e+01
8.104322555689431340e+01,1.970265864571460668e+01
5.951038244108337949e+01,1.173003892195317555e+01
6.273211706912452712e+01,8.847644377965497853e+00
4.655216546779703890e+01,1.469108960282193443e+01
6.475142495755156347e+01,1.323377072867954851e+01
5.882945229536898069e+01,1.616628537903601881e+01
5.005886242270192810e+01,2.238016636677898674e+01
6.716356953972375265e+01,2.127634092536245802e+01
5.659336948240291321e+01,1.063576973619789712e+01
1.561315815137542700e+02,2.052604867219103824e+01
-1.631252211022147662e+02,1.776526705343297152e+01
1.720818403281852795e+02,2.147737271523416425e+01
-1.752116586807091778e+02,2.411403872236676804e+01
-1.787293238956864911e+02,2.412882930454603070e+01
-1.788778671176350201e+02,1.927892667806699478e+01
1.695160746152784270e+02,1.895667044275103308e+01
1.746457374608006035e+02,2.671594117549632585e+01
-1.721450402630964334e+02,1.355741137869802415e+01
1.641220795646437409e+02,2.113864034868173292e+01
5.349032348289021854e+01,1.064462206799110433e+01
5.862125734398848920e+01,1.019565664291449991e+01
5.961521361986954304e+01,1.530166423491514394e+01
5.930475388228537525e+01,1.373170171789042371e+01
6.797419807158794924e+01,1.343577360340508164e+01
5.861020571255191669e+01,8.826420105635698121e+00
6.512495218639109851e+01,9.155540659264717718e+00
6.233474959916604519e+01,1.045413562771180160e+01
7.035095403413272663e+01,1.871469092816357715e+01
8.089988577049861362e+01,1.445182872405300323e+01
-1.792576662128183500e+02,3.093081472420269051e+01
-1.498545778109231321e+02,2.780223224099975710e+01
1.790179479308939676e+02,2.151658251122199772e+01
1.781842299232959022e+02,2.733535427470778956e+01
-1.654176800097844193e+02,3.463084728724154360e+01
1.631608678753381980e+02,2.732546328490030163e+01
-1.705052551438669752e+02,2.124534078323011244e+01
-1.554170752939118074e+02,2.915584615812683467e+01
1.532107419572780600e+02,4.752465972306424646e+01
-1.411696625204445183e+02,3.585439281684466550e+01
-7.630564984095808256e+01,1.897795593786592150e+01
-3.234784768248545106e+01,1.506908214261833479e+01
-7.337530373765771685e+01,7.077054130985769298e+00
-7.169314915749714601e+01,1.100200937433318060e+01
-5.478243417608377541e+01,1.324285421246188932e+01
-9.047882426224687435e+01,2.090426077666064941e+01
-5.726335976897272673e+01,1.439380323137554640e+01
-7.430785595292853429e+01,1.398377116084406069e+01
-8.080845493739751362e+01,1.115866943017403656e+01
-5.065656068527940192e+01,1.162409591126785813e+01
-1.571829437685745177e+02,1.579123785809643010e+01
1.629725783251051894e+02,1.059887482582259466e+01
1.310861730477934088e+02,2.792959408350251493e+01
-1.606169969334145833e+02,2.398994805022353560e+01
1.641780664894732524e+02,2.181653900866023221e+01
-1.676844633261372337e+02,2.501984800427047873e+01
1.729658824065884062e+02,1.625680569650079121e+01
-1.656135042965777870e+02,2.611793159506594719e+01
1.617240070233862070e+02,2.177540351581534139e+01
-1.765700828438480130e+02,8.632918893705301855e+00
1.704483606117479724e+02,1.902237733091888927e+01
-1.578903367992362234e+02,1.912948793656762092e+01
1.598619561660065926e+02,1.499611088134892611e+01
-1.680306580322938146e+02,1.934411309629880549e+01
1.664309169489886244e+02,9.308159753537625036e+00
1.696961864701972615e+02,1.885464668874968908e+01
-1.757699728410912883e+02,1.881932915518297733e+01
-1.790599789903529313e+02,2.325661407053313923e+01
-1.713759257747159381e+02,1.684214788697441278e+01
1.612098610492819262e+02,2.284266078667298316e+01
-1.696969960049421502e+02,1.081191022570658156e+01
-1.742028199831565303e+02,1.560567136927363663e+01
-1.776165968557032500e+02,5.224288726447125164e+00
-1.722093076247684280e+02,2.133644835226716552e+01
1.718155385867031271e+02,1.740611988463160742e+01
-1.749954431916825115e+02,1.830676015862730921e+01
-1.786937800770776903e+02,6.682415933416910647e+00
-1.710686609528318911e+02,1.689820367245447486e+01
1.623731110628878298e+02,1.790807289543131020e+01
-1.626720131729064178e+02,2.087058375522968134e+01
1.728296955690534844e+02,1.961827568174421543e+01
-1.613587586064908237e+02,1.525762304259673563e+01
1.777565825978478529e+02,1.758721017533254027e+01
1.765757812712907082e+02,1.941114390692053249e+01
-1.725525120652239934e+02,1.196178234092256609e+01
1.666508047449690935e+02,1.332340826323224547e+01
-1.692205435583653923e+02,1.581972446283217693e+01
1.762232571185798520e+02,1.369932606507050465e+01
-1.757221330807137463e+02,1.028684430716579357e+01
-1.732461632369946471e+02,1.197972050387353882e+01
7.555511311045361822e+01,1.869797533855943783e+01
9.346003497361732570e+01,2.278919352310351343e+01
3.869617245298390174e+01,2.212187741461971058e+01
7.925873029742180620e+01,1.641019587677509861e+01
5.774804093428496543e+01,2.068176999827225515e+01
6.532978483051051910e+01,7.570688485011963564e+00
8.436166715871966915e+01,1.779564020363540777e+01
4.011156664174234976e+01,9.206747563631180853e+00
9.485498220237653300e+01,1.923831184461603172e+01
8.266668274206142542e+01,1.904440803973572471e+01
-4.983507731750653846e+01,1.508020057198349662e+01
-5.298619952580584425e+01,8.243942688375870631e+00
-7.810489864721101583e+01,1.889695123773376650e+01
-5.153884444091363548e+01,1.200299861740008822e+01
-8.131023665849086512e+01,1.473801598628597631e+01
-6.785217938302642438e+01,1.156330710481747737e+01
-6.132740627356839980e+01,1.846793268394456078e+01
-8.418124800740889668e+01,1.153433373309532328e+01
-5.522310302885109934e+01,1.397290114283503826e+01
-8.486898441819886330e+01,1.656433272150626479e+01
-7.817519029778995332e+01,2.956449231441567349e+01
-2.728422242060051772e+01,2.675388789407978507e+01
-6.707946065566335392e+01,2.954218508896777706e+01
-8.983396672710543385e+01,2.072209730257946347e+01
-3.253256463061405412e+01,2.743582831346749629e+01
-7.985625552068498223e+01,1.652904803553409252e+01
-1.501977980361142500e+02,2.071482818493046096e+01
1.381619459424526042e+02,2.773463413758452845e+01
1.799728631473879830e+02,9.701874110377692872e+00
1.791559386809022385e+02,1.471597058070855191e+01
-1.627419155040413727e+02,2.116774799412422325e+01
-1.786458786374375904e+02,1.323472040471147082e+01
1.606538360019197000e+02,1.492593989191047754e+01
-1.688535324349649613e+02,1.853605673888454675e+01
1.717832890476376519e+02,9.252621816915382880e+00
1.675050798546952535e+02,1.048706509794396702e+01
-1.705429946419593819e+02,1.141869394694490225e+01
1.692658933027173589e+02,9.536841951781756421e+00
1.787423877703628250e+02,1.039892561971467977e+01
-1.616221030509806269e+02,1.242695773611112919e+01
-1.719037574817133134e+02,1.021927880478752648e+01
1.798540776553335547e+02,6.739585617202028978e+00
-1.763726555834945486e+02,7.759470127744894086e+00
-1.761500263383593108e+02,1.337518488917101145e+01
1.718826351457976500e+02,1.691725921069804173e+01
-1.788653674440982400e+02,6.906299286475151789e+00
1.752806554612127456e+02,9.794243016250545608e+00
1.751387269562593474e+02,1.230532689398657631e+01
-1.694629477325171933e+02,2.279666010014911137e+01
1.682139644652527295e+02,1.879656993938500875e+01
-1.750604251973782652e+02,1.273143194823921753e+01
1.727340992994238604e+02,1.607805734646096596e+01
1.747159560471954478e+02,1.095970243229715813e+01
-1.777083302368935733e+02,1.003514121042535479e+01
1.784062326128012330e+02,9.801301625226876979e+00
1.662575536690624460e+02,1.029035155583765082e+01
-1.673023315183372972e+02,1.149310182169846861e+01
-1.774580786167285851e+02,5.584857454155931933e+00
1.698313052168553554e+02,9.796087024456841874e+00
-1.675079079920993195e+02,1.310821673463160408e+01
4.913196815261553496e+01,2.255629235158910006e+01
7.420496158673617515e+01,2.386928280584703188e+01
5.299079899332149068e+01,2.601186183445619804e+01
7.922139980888569255e+01,2.011628254120165593e+01
5.440709002866132948e+01,1.647563755564459598e+01
7.176330676986584933e+01,1.028888398793612780e+01
5.435383630740037120e+01,1.666063888038928198e+01
7.447596163809745917e+01,2.663697477391171020e+01
5.396196901141665592e+01,2.039112405026834196e+01
8.519405591559340962e+01,1.861867804881788047e+01
-1.743753077517195607e+02,1.115515992604929529e+01
1.689486018647557728e+02,1.643080805986781812e+01
-1.706601820398328755e+02,1.791189671665349437e+01
1.659556232133979279e+02,1.727818661924344212e+01
-1.695154867930376099e+02,1.494034990697571530e+01
-1.672708539257316716e+02,2.535743211718380152e+01
1.709029711357722761e+02,1.919923026530480925e+01
-1.699302881208357690e+02,1.910820951310314442e+01
1.775062104869974746e+02,2.100199804948145754e+01
-1.765806067235394323e+02,1.182825068127913504e+01
4.398761556596478783e+01,1.921802282149801755e+01
5.152825369929577448e+01,1.691627661948130168e+01
5.003188706438368172e+01,3.012427440268905343e+01
4.796199412557488984e+01,2.899135324552945292e+01
5.502977037980860331e+01,2.505148238329144306e+01
5.786825298171493159e+01,2.411548089802616346e+01
6.954030854679768936e+01,1.991551525080194551e+01
6.514698430848149258e+01,1.894253581679535614e+01
7.458180388144559458e+01,1.500810191890722933e+01
5.344083039532235802e+01,1.339452423393399627e+01
7.104940928342023199e+01,1.588924080928001104e+01
5.634254090103055290e+01,9.595479926422004979e+00
6.113716735521986578e+01,9.120119158602763676e+00
6.098441168645948096e+01,1.461911868425149663e+01
4.972545146544733541e+01,1.326730315820240591e+01
5.510092633063042200e+01,1.670226657638243850e+01
5.927011697673861335e+01,1.156555701283720872e+01
6.443581376956768736e+01,1.481752581401644697e+01
7.518927958747303819e+01,2.068323159407026779e+01
6.758860101655213271e+01,2.587405073214830864e+01
-1.567799120748571227e+02,2.378111422712939316e+01
1.660926395141716512e+02,3.049649612500242668e+01
1.681305195029128186e+02,2.203198565388563424e+01
-1.571750280252670677e+02,2.221839525762090872e+01
1.663849956653207300e+02,1.977019831125839744e+01
1.678313729899270186e+02,2.913550773946646189e+01
-1.585394882340188474e+02,1.520972202214303337e+01
1.642748009092223356e+02,7.221348450180510525e+00
-1.672128933636476518e+02,1.042308647168225377e+01
-1.759441828902240275e+02,2.746871607988538244e+01
-5.940013866247055319e+01,1.202067481237876834e+01
-4.193352481913755980e+01,1.198456183324805124e+01
-7.516898448865684657e+01,1.082780005968295356e+01
-4.716962785757523591e+01,7.381378342465147568e+00
-5.966547595916557611e+01,7.718410651489858054e+00
-7.820779913045402054e+01,1.129006202776567136e+01
-5.384279691941339507e+01,8.814618776535127154e+00
-8.173255595406945417e+01,1.424163619514930801e+01
-6.124905118963680195e+01,8.329102714804708540e+00
-2.860392834457169542e+01,2.962501320478647671e+01
-6.801525165358411584e+01,2.318907390143559155e+01
-6.538169218028608043e+01,8.404803929048684452e+00
-4.714868040986615227e+01,8.764302734630911473e+00
-7.494248950010958765e+01,2.115774597854974459e+01
-3.550895146903797439e+01,1.672665474766115068e+01
-6.971128711019322566e+01,1.288092009511950309e+01
-6.741723592202946236e+01,1.038346996365011066e+01
-6.311391133722656832e+01,1.320432943615004007e+01
-8.412583559263732980e+01,1.910719418640428202e+01
-6.177202136315556658e+01,1.077068677084171533e+01
-1.767139109818075156e+02,8.540626870598394760e+00
1.691115915151783042e+02,1.290465811991790090e+01
-1.749931859011735753e+02,1.527530126671127242e+01
1.786422301712085812e+02,1.705202110955796257e+01
1.719438720982065547e+02,1.529384233905868129e+01
-1.698485429949356842e+02,6.975415721591881280e+00
1.714418080217809575e+02,1.126876067335128795e+01
1.553318180406807016e+02,2.368904591878263943e+01
-1.671649909055797991e+02,3.098855898022469901e+01
1.632689160813447984e+02,2.471146723820715607e+01
1.705510730606519303e+02,1.032490100663611088e+01
-1.675517346689441922e+02,1.159409281831295857e+01
1.662229674011924772e+02,1.871472445454287836e+01
-1.746561408725541469e+02,2.425981197782718368e+01
-1.679818575058986028e+02,2.616684440675089718e+01
1.535924511136635147e+02,2.276431892966778037e+01
-1.788765402237102364e+02,1.236684483748718577e+01
-1.779147368021505429e+02,1.407760194587159219e+01
1.482415711892111290e+02,2.524231219351087319e+01
-1.744523939104830674e+02,2.775723196560186423e+01
-8.580191695082866943e+01,1.348859838670966838e+01
-5.301478756452305419e+01,2.165167144857922565e+01
-8.184320693276967518e+01,1.265523532090000458e+01
-6.541178372139840747e+01,1.682960795391090159e+01
-7.443522518690758716e+01,1.514331557522874405e+01
-6.648577489114717309e+01,5.389881252786004495e+00
-7.086528846963823014e+01,1.478789983650541906e+01
-7.744223007453169316e+01,1.892666282234830533e+01
-5.574086242704929361e+01,1.418895604108682207e+01
-7.543233383242747436e+01,1.956342259514220672e+01
1.793681384053296881e+02,1.112751606980803132e+01
-1.684664341885391821e+02,7.030494104175595282e+00
1.682761431193279975e+02,1.397284159035573481e+01
-1.774763999864347568e+02,1.397785875361068086e+01
-1.721979498467035796e+02,1.172043860782959257e+01
1.621291706835019397e+02,1.061731801209658599e+01
-1.737257726469470356e+02,8.065842041703177756e+00
-1.792279319704734348e+02,9.670911306277783837e+00
1.583056756491041597e+02,2.374685570342054319e+01
-1.723385717291394030e+02,1.635099131644705750e+01
7.637273680841106227e+01,1.122417412411188309e+01
6.647812950763386652e+01,1.199041732523130932e+01
6.897828978327602556e+01,1.725147068563432740e+01
7.626616313783537748e+01,2.023333646040774170e+01
4.733637825321175541e+01,1.555531435727897716e+01
7.139494582719463267e+01,2.233938996360188156e+01
4.794721307416863709e+01,1.867075106984054855e+01
5.912585781820696695e+01,1.046638659156672801e+01
6.907319698869839897e+01,1.074658524552332928e+01
6.405069904392271951e+01,6.357906856014748698e+00
-7.341554371945231594e+01,9.647367868105179767e+00
-5.738095937365139321e+01,9.569503367049815523e+00
-8.510937281901264839e+01,1.307481232169868335e+01
-7.403863492543629832e+01,1.195827595698697010e+01
-5.912504691374095955e+01,9.342891064561932524e+00
-7.603353538365574593e+01,1.309943750107436244e+01
-3.100244794457498188e+01,2.210257882784318184e+01
-6.378220126091566300e+01,1.525241954162168412e+01
-6.909191316190319299e+01,1.291363053854037268e+01
-5.135377094475712312e+01,9.145754011088481406e+00
-1.598786576291434187e+02,8.310615665605023850e+00
1.596253169559526839e+02,1.004444959600703058e+01
-1.693616249207970839e+02,1.276448399793292587e+01
1.671572062666603529e+02,1.149881335946962224e+01
-1.720271401126864816e+02,8.629619114524293977e+00
1.652653905355519157e+02,6.447710446336142098e+00
-1.751106848458222771e+02,4.800745845240473209e+00
1.788816492928802973e+02,9.025776255325220987e+00
1.751382048122683557e+02,9.533808873327682676e+00
1.788201777667725025e+02,1.322994493657105508e+01
8.832875540309470352e+01,1.993547223555272296e+01
4.070468947371442425e+01,3.155581651017688216e+01
1.036056071564696737e+02,2.750093169542044791e+01
1.716061484037745970e+02,1.193934634228191172e+01
-1.424761288008701001e+02,1.615939220611663529e+01
1.739086464670681380e+02,8.129144910497377197e+00
1.497039856937388151e+02,1.619852257303474374e+01
-1.560814577319971761e+02,1.652385077922726708e+01
-1.674518724835486410e+02,1.024934965029105527e+01
1.469560793154352325e+02,1.905374394276240935e+01
4.948344930655960638e+01,2.535128772979415857e+01
6.812084780945654927e+01,1.523496088758210121e+01
5.549071461290952101e+01,2.423216436718869105e+01
8.937973125864122892e+01,2.184416261745193566e+01
6.128611053402336495e+01,1.384485956903318282e+01
5.825033117852660780e+01,1.540622586370988856e+01
8.271398349573512121e+01,1.616620478226831992e+01
5.966350814228915311e+01,1.140824229320336158e+01
6.295829833515564644e+01,1.407467794121653704e+01
5.930474422678516078e+01,9.773748819288837097e+00
1.299628786356548460e+02,2.967670913743375749e+01
-1.558434706880124168e+02,1.354472688310182882e+01
-4.786065348388734719e+01,2.489839449026884921e+01
-5.261078797644741911e+01,2.140045475623788462e+01
-1.131868910056369231e+02,2.611728936355720521e+01
-7.411118913743386827e+01,1.348848079830210622e+01
-6.072240790953291878e+01,2.714624049686072382e+01
-9.017459384945880174e+01,1.473126371109687938e+01
-7.416460211883112663e+01,2.080353161001508866e+01
-1.870258483916148506e+01,2.323934982742984801e+01
1.705623367523856757e+02,6.817893645261473345e+00
1.778014678827996988e+02,6.181535695787693463e+00
1.776409261487437448e+02,9.227826602266217648e+00
1.786775371320532599e+02,8.760745135270278539e+00
1.708312111906116399e+02,9.830509911770379361e+00
-1.770390869877801379e+02,8.803197996646622059e+00
-1.737198775493465916e+02,9.561375819907944162e+00
1.737223205872966219e+02,1.160237009034177547e+01
-1.760191771935921281e+02,9.986598158461356789e+00
-1.679544730186862580e+02,9.988705318529216726e+00
1.751384133960805229e+02,2.579313180609875644e+01
1.652807498392603520e+02,2.524730795116491677e+01
-1.495956226150790371e+02,3.247802100742343612e+01
1.655273458112428955e+02,1.189159560008730310e+01
1.745988902586851736e+02,1.232281528738004894e+01
-1.557795728459098541e+02,1.731515944895317105e+01
1.617174160440396804e+02,2.857297856392857938e+01
-1.571789314407288316e+02,3.218387732645761901e+01
1.545963605876508495e+02,2.911258147592668166e+01
-1.641437729124510270e+02,2.081661899564625884e+01
1.751414828512891972e+02,1.627263048953608404e+01
-1.706854914885331880e+02,2.353954840628011880e+01
1.694643697436419529e+02,1.851766780248232891e+01
1.771434180195309409e+02,2.002961599313795915e+01
-1.731413344757141886e+02,1.430339662642033360e+01
-1.768124819132246159e+02,1.775344314705345283e+01
1.681052211151267386e+02,2.519298020133490468e+01
-1.745522445527155639e+02,1.778343832264052082e+01
-1.736767062932075874e+02,2.636396221576154630e+01
1.709149381774726066e+02,2.308925794603868553e+01
1.766023483949204831e+02,1.449593952300759092e+01
-1.620976802414108988e+02,1.302235539182081681e+01
1.695252614592056375e+02,5.233629579681772448e+00
-1.723251974729443532e+02,1.600340547276225678e+01
-1.771873086125280565e+02,2.139056663788071688e+01
-1.761335678695251090e+02,2.038232048276748998e+01
1.627617709588985235e+02,2.102712392842353850e+01
-1.755395656268837854e+02,1.234375521890192928e+01
1.756961026934750123e+02,1.900203329039061018e+01
-1.785798263786928430e+02,1.046992889082954115e+01
-1.658426223846816470e+02,2.211712559145714607e+01
1.665093494417625379e+02,7.608182907265620187e+00
-1.680950302968772689e+02,1.737503761694020454e+01
1.605824279945538251e+02,7.350244575960235061e+00
1.749402470798817433e+02,1.791687792763521259e+01
-1.635471191242100701e+02,1.548432114464313258e+01
1.780064298464822627e+02,1.025649903239027694e+01
1.766285404988679488e+02,1.426240788631425893e+01
-1.619271727751199990e+02,1.512072542545423914e+01
1.564112615782657940e+02,2.055644825265068931e+01
-9.821339247657859062e+01,3.684217685973253253e+01
-7.386112130056525871e+01,2.352217138683497666e+01
-6.598336309598848004e+01,4.094126636991030921e+01
-6.550603434011777892e+01,2.602984195510068233e+01
-7.863217917242793931e+01,3.550485958468433267e+01
-6.471871580210212471e+01,1.358540096418727394e+01
-6.478493788041937762e+01,3.354918511754013366e+01
-6.770835809595104138e+01,1.352249672972448735e+01
-6.724237042363814965e+01,2.444759629021573133e+01
-7.628556958313870950e+01,2.456903494056543380e+01
1.791417897753252646e+02,2.108160517240952547e+00
1.745003108535849208e+02,4.694651061566843531e+00
1.793427454470068199e+02,6.392166923664135858e+00
1.747712141096273797e+02,3.392265472059103004e+00
1.651293441442636833e+02,3.441687003625937269e+00
-1.566245089486670850e+02,7.355535662367827854e+00
1.569429647215922046e+02,7.138907601338289055e+00
-1.685305641322394479e+02,4.672234261905323649e+00
1.776666117595554226e+02,4.179196599871216833e+00
1.748214597404863184e+02,3.851356636530725019e+00
-6.518463306446528804e+01,1.279375527226476450e+01
-7.237926617368046323e+01,2.367088000717826191e+01
-7.145236542625747234e+01,2.873503608040354607e+01
-7.171078349991167045e+01,2.178955065214147879e+01
-4.471766891916658437e+01,3.255312440219194769e+01
-9.340106944230036845e+01,2.521108492272085755e+01
-7.073799427222266445e+01,1.956091369991855800e+01
-4.116358851179571587e+01,3.193196964230969570e+01
-7.528518183308919731e+01,1.688013994645566740e+01
-9.171103789483612445e+01,2.428046143260685241e+01
-7.659783131268667944e+01,1.408178915134766029e+01
-4.648178190903885820e+01,1.287215448145351893e+01
-8.984043833217111796e+01,1.873145609664845779e+01
-5.107084285212255992e+01,1.153528246049407358e+01
-5.608626650875956443e+01,1.523899432395614184e+01
-8.074947258182774590e+01,1.268574329361551634e+01
-5.269951703520119679e+01,1.142616232160855105e+01
-6.692179119919040886e+01,8.589247915709702141e+00
-4.801149958871129542e+01,1.378379201503879870e+01
-6.440914086904054159e+01,1.111764707821653531e+01
-1.743116945343270459e+02,1.442170442647737616e+01
-1.697939100653034075e+02,1.198112422927890108e+01
1.430902716762383875e+02,1.589240749219259641e+01
-1.690162718930506855e+02,9.851782689182597252e+00
-1.404945804354996710e+02,1.991158213724407489e+01
1.641643752615505321e+02,9.155866326461058691e+00
1.505223781419034310e+02,1.559793715605684739e+01
-1.447611277501372911e+02,1.277341185880123930e+01
-1.658330394698304815e+02,1.557242512003950452e+01
1.382543007961750163e+02,2.123863068422709688e+01
-8.391503773740983263e+01,1.283983537496898464e+01
-5.908968809880693840e+01,2.332206704212103432e+01
-8.448284944615988934e+01,1.561534437422160337e+01
-6.902688858645042558e+01,1.246965799842775802e+01
-5.947314435139517741e+01,1.458354984308468261e+01
-7.100137595768040910e+01,1.146764679907687423e+01
-5.304745716457237137e+01,1.116604898752850517e+01
-7.632229741566671066e+01,1.639867523422858397e+01
-5.153215812541170493e+01,1.312669197308922620e+01
-6.204457522855858542e+01,9.717016069368145992e+00
-1.631032417363499576e+02,1.994166227668549851e+01
1.377009557629165784e+02,2.479214423654561728e+01
-1.557398127447216893e+02,1.282680895557948730e+01
-1.624910589580758824e+02,1.463489073682412567e+01
1.376668825454514717e+02,1.111369231993252171e+01
-1.555819937793351926e+02,8.455872414558591288e+00
1.796979823383727535e+02,1.288943981911140746e+01
1.499283782552945468e+02,1.786167350514510233e+01
-1.466759711436321538e+02,2.106824848282611384e+01
-1.785232228406842694e+02,1.604822925918630716e+01
1.742057710491308171e+02,6.730415335681767530e+00
-1.668639870143500730e+02,1.113543246648328200e+01
1.566459820334509914e+02,1.254382567148408079e+01
-1.555868825078651696e+02,1.044758918863215591e+01
1.668622431232507211e+02,3.620514895031449853e+00
1.764354374309317848e+02,3.749154856347031384e+00
-1.690704635209544335e+02,7.694292581796144503e+00
1.743558662401567858e+02,8.628838452112475466e+00
-1.721029777642215777e+02,6.716052275839787811e+00
-1.588425903757918149e+02,5.446133513603287568e+00
1.599562690037627704e+02,1.613834185253384845e+01
-1.521538325183624920e+02,1.924642411076549564e+01
-1.494017227019375298e+02,1.018488996293351612e+01
1.582031343812384421e+02,1.376160376673492536e+01
-1.668257991289266045e+02,1.144769506172928430e+01
1.735114916683096169e+02,1.090950894115004388e+01
-1.743374299354942707e+02,1.236758712431410601e+01
1.760246295008134609e+02,9.894653538895770595e+00
-1.748965814838967674e+02,2.386758308930735595e+01
1.731928286834884148e+02,1.316740484602078709e+01
-1.765635296056441916e+02,1.225780828747917361e+01
1.754412139423464509e+02,2.113010515692861091e+01
1.790158753489532160e+02,1.082042809804840466e+01
-1.791487508334311656e+02,9.200410187747335655e+00
-1.796315951896840488e+02,1.063344440016517289e+01
-1.700221574586065572e+02,1.394983388156073190e+01
1.771941130782845732e+02,1.844533767832890447e+01
1.765342446413800701e+02,1.296633161921933741e+01
1.691801571284973420e+02,1.471435715369352693e+01
-1.658720226478074267e+02,1.132589904504419209e+01
1.702438743302739397e+02,8.370389613505587079e+00
1.774080542975204935e+02,1.343120124409769645e+01
-1.650007567907735506e+02,1.020490229450309805e+01
1.636993312839507837e+02,1.032630626017539655e+01
1.789651001939394064e+02,1.337259809991682324e+01
-1.709167019523546287e+02,1.459427242282904302e+01
1.704466276495681711e+02,1.316289748747307264e+01
-1.708370346262055648e+02,1.515988111517523507e+01
1.731495238677324835e+02,5.440759007483208620e+00
-1.778233413629625659e+02,1.770345892955164047e+01
1.744502085679940251e+02,1.078011858591036543e+01
-1.638550954844972978e+02,9.078733118194929119e+00
1.637856658522381963e+02,1.214517404408431744e+01
-1.740834342737110489e+02,1.476684046857258892e+01
-1.788442221828784113e+02,6.538603268999966467e+00
-1.798815910077666445e+02,8.713256719701060860e+00
-1.775308546632955995e+02,1.972067344222152840e+01
1.602531369560288397e+02,2.169045165298939892e+01
-1.698025102377757207e+02,1.685288411006168730e+01
-1.676958043802957263e+02,2.456853957709771663e+01
-7.660544178824501671e+01,2.834997795326088621e+01
-6.144365553483438447e+01,4.203262826334362501e+01
-7.942477342678249386e+01,1.763830655283536686e+01
-6.296877854157419563e+01,3.333000359388232425e+01
-6.268110232552198369e+01,1.014727813654252309e+01
-6.902340414501132670e+01,3.233294358633158083e+01
-5.910430769506648119e+01,1.858915788341506925e+01
-6.242423132044857681e+01,4.111558260021050160e+01
-6.269144522621184734e+01,2.070490393740757895e+01
-6.853864723838604789e+01,2.465869545430361143e+01
-1.729432089150419927e+02,5.613614811074954858e+00
1.581254422338877532e+02,9.944100892449959872e+00
-1.654894829690732934e+02,8.197857040021876429e+00
1.725920394987641089e+02,1.355954915216558732e+01
-1.765501106843501304e+02,1.413644389770051113e+01
1.598441487150273019e+02,2.030390120704115731e+01
-1.586909778061690020e+02,1.783136473391273569e+01
1.701241939665731309e+02,6.939450411069905122e+00
-1.757602778325245367e+02,7.810421139673964674e+00
-1.784513216581266022e+02,7.423574169716829374e+00
-1.727171774619900759e+02,4.992467225062564751e+01
1.698102585660880095e+02,3.064698454506116931e+01
-1.714519043444427950e+02,1.987815487714812335e+01
1.621318250358298485e+02,1.034605109573655390e+01
-1.759528638283866826e+02,1.937252241296461364e+01
-1.669809122974134823e+02,1.338965182509442897e+01
1.796195348974923149e+02,2.095099267273641530e+01
-1.610816010656130572e+02,3.314181303397533895e+01
1.132071269530150772e+02,3.409150635491928938e+01
3.216114958008746783e+01,3.864987273207097473e+01
-1.629847916180848131e+02,1.291244118573408883e+01
1.652169121460789540e+02,1.361482377763037377e+01
-1.617300170941342117e+02,1.538982681872359848e+01
-1.561848785012073506e+02,1.402042301496709165e+01
1.622885223402498696e+02,1.115774115329641525e+01
-1.787349046944464988e+02,7.987388275542008031e+00
-1.508344578144282764e+02,2.527816826984506093e+01
1.680897004338354748e+02,2.212157200305597016e+01
1.687437478725852600e+02,1.476818201538280562e+01
-1.594588659432425288e+02,1.348641218110110884e+01
1.702639117528620716e+02,7.591904855146847098e+00
-1.637469461303924447e+02,4.566734112623851871e+00
1.720977989769236558e+02,1.245253814784596713e+01
1.727862440189501569e+02,9.904286286409968554e+00
-1.734149179105606606e+02,6.182431397021918684e+00
1.677894267208634460e+02,1.438079677875827045e+01
-1.731885321351506093e+02,1.333901293333127214e+01
-1.755288807047012085e+02,1.062382136720337122e+01
-1.768978614035454200e+02,4.534361640387089665e+00
1.659333984723601247e+02,3.929790065686793454e+00
-6.007558910220743087e+01,1.238629194980849491e+01
-7.543016316647157282e+01,1.578218303622966445e+01
-3.814635646781501777e+01,1.498637594381026794e+01
-7.403591234554711775e+01,2.362535042986296219e+01
-6.243420711998599870e+01,3.133546554504693660e+01
-3.881235044018919211e+01,2.880049565649277810e+01
-1.107330050127235097e+02,4.111491923617032285e+01
1.622479450860936936e+02,2.617110073877027787e+01
1.634900335078957312e+02,1.656022612020992213e+01
-1.426585718980584545e+02,1.776142134660913996e+01
-1.740595484564666151e+02,1.692312308515893804e+01
1.660742622382965976e+02,2.480085317533533384e+01
-1.784674823277817950e+02,1.413429780968942140e+01
-1.661433747712985962e+02,1.311406151876738413e+01
1.729390306454690176e+02,3.469337441944583134e+01
1.769889303829507980e+02,1.676161719523554439e+01
-1.686087386980947258e+02,2.198732083343131194e+01
-1.758728036660908458e+02,1.667935986789586522e+01
1.733051894323662907e+02,2.198070509866888500e+01
-1.717160229692103144e+02,2.615332162123198501e+01
1.745325616530583090e+02,2.391762129475027976e+01
-1.682919999065949241e+02,2.859903486258563632e+01
-1.658727289214140228e+02,2.587302567799344999e+01
1.492894600296709200e+02,2.986876798791337961e+01
-1.631491807804455050e+02,1.532322606304612655e+01
-1.671774569563376076e+02,1.307276624245019825e+01
1.753769794509213398e+02,1.206157644809419516e+01
1.733719078485833620e+02,1.556848958906909530e+01
-1.682424838261893854e+02,2.965332901434809898e+01
1.747421091211651571e+02,2.714035324325064380e+01
8.833867350984088773e+01,2.025424925219653716e+01
5.212041930006414958e+01,1.539554246924203440e+01
6.907158828427058950e+01,2.376352710068903207e+01
6.449342520801779699e+01,2.186065276187783013e+01
8.738083228637952971e+01,3.169455917205536366e+01
6.980434840742749714e+01,2.524177032997929260e+01
5.227869981638735908e+01,3.175365892839890236e+01
7.968038339866660635e+01,2.467943179408990062e+01
9.629643822065693826e+01,2.326604315472996731e+01
4.577272355121817782e+01,1.752960381917797150e+01
-6.780372587084916347e+01,1.845420790501364294e+01
-6.750424987563617663e+01,2.168695722113725211e+01
-8.861619594501570418e+01,2.629761199139413463e+01
-5.533595875346297532e+01,1.819207794927067212e+01
-6.712755051093603242e+01,1.203775765950720888e+01
-8.259076074673879475e+01,1.613336336486149492e+01
-4.899199568418954698e+01,1.930398265058921226e+01
-8.081079726263392615e+01,2.293894141708876688e+01
-5.279128282304072428e+01,1.777810834839642951e+01
-5.889285355877943573e+01,1.500311166827488663e+01
-9.321852722134586600e+01,1.871382050468524838e+01
-5.655493073527252790e+01,1.017806907288527896e+01
-6.397979746298994996e+01,1.195153176061636913e+01
-8.236232498774366206e+01,1.810421191036505917e+01
-5.737196670485292316e+01,1.067028652108901987e+01
-7.487435891393235465e+01,1.661907127424722574e+01
-6.415417979143897753e+01,1.336040003365592455e+01
-5.920161316359363468e+01,7.954020754726116138e+00
-6.967696144608623854e+01,1.888083606389198366e+01
-5.468545851809056302e+01,1.295893863398594625e+01
7.408285461064927802e+01,1.380727514231472952e+01
6.443382515440089264e+01,1.222196901292099191e+01
7.014718418918478449e+01,1.438747367901503793e+01
5.994487846055941560e+01,1.447169157969263686e+01
6.102143980699507608e+01,1.299667737539578027e+01
5.582568550591402357e+01,2.040511661718802117e+01
6.346867395553130109e+01,1.509588334605039250e+01
7.429331741599445138e+01,1.316033985268215467e+01
6.746488530097875014e+01,1.533087181143462630e+01
8.046088572048756760e+01,2.731010248839401200e+01
6.657450195376850388e+01,1.392447791194764051e+01
5.988021138209214200e+01,1.069985186365202523e+01
5.730146851793889340e+01,8.322595394319311168e+00
7.420456653429008043e+01,8.160176493206435566e+00
5.278572209548332239e+01,1.372122021052170027e+01
6.580280101868014242e+01,2.180571373577190286e+01
7.197028142426864861e+01,1.192666766561219660e+01
6.155249917223745371e+01,1.894972004174391245e+01
7.307997910394783503e+01,1.513020893592294236e+01
6.122971141246227944e+01,1.936349471101675590e+01
1.743306434975920070e+02,8.856387280550041652e+00
-1.651974664991555244e+02,8.932170339884624610e+00
1.539106888896007490e+02,1.140100440783238867e+01
-1.702766797898621576e+02,1.041389339373887957e+01
-1.780245988211283645e+02,4.871589371350422581e+00
1.700412928597003486e+02,1.050572021930014444e+01
-1.783521139365792578e+02,6.576745345961679590e+00
-1.720311667481813060e+02,1.009586980116720056e+01
1.706230664728243482e+02,5.039120806034986799e+00
1.781192365004865508e+02,5.650296726586844898e+00
-6.055048725916147134e+01,1.259295433316312796e+01
-6.398378687402038167e+01,1.952824638435484417e+01
-6.779239139223004429e+01,1.229490951429796119e+01
-8.036647986682258704e+01,1.820811847540689499e+01
-5.982919508042433421e+01,1.560775774367027680e+01
-8.566151322059931772e+01,2.367266235892250847e+01
-7.718061955399818430e+01,2.364303308082824628e+01
-6.653646399586602911e+01,1.942596499921875619e+01
-7.552333407530473153e+01,2.506529644379686061e+01
-4.130473551871733662e+01,2.083111400644924061e+01
-9.625383892873045966e+01,1.348234958225200941e+01
-6.523188400556190913e+01,9.505905785285232668e+00
-6.493950428325466362e+01,1.229218708694591200e+01
-6.537236837552586621e+01,9.795389591506610927e+00
-5.719289341540859084e+01,1.087008112454224040e+01
-8.188098238275448182e+01,1.512254165575765619e+01
-5.674036862548111770e+01,1.507524177834065426e+01
-7.396019083871831867e+01,2.378340040619732321e+01
-4.730467373209503279e+01,1.552393006627992378e+01
-6.222789577210825485e+01,2.419827457063472664e+01
-6.802993151685613782e+01,2.168923747371602673e+01
-5.737500508431492818e+01,1.039934425060399370e+01
-9.693145689888154948e+01,2.428417527863797432e+01
-5.917894021966489504e+01,1.372178951353298260e+01
-7.077599261837561073e+01,9.712616591219676465e+00
-8.235364304306884264e+01,1.116847357801369967e+01
-5.051783721054736986e+01,7.833625986658754314e+00
-8.463455081215074927e+01,1.142800513048500477e+01
-5.895103538565835777e+01,8.920907558459177267e+00
-5.577102931120860774e+01,7.452964765715799800e+00
-7.480773773839045759e+01,8.982935393565313120e+00
-6.160890364961696974e+01,4.362414651392652054e+00
-6.404187601426752963e+01,7.198511517626585032e+00
-5.550169336344139737e+01,7.018255163280450404e+00
-6.499455289479814724e+01,6.668749044014989913e+00
-6.655145201497528262e+01,8.502308920666663994e+00
-5.981319657088145902e+01,8.971847912569732131e+00
-7.885849437862830769e+01,1.015127417380598551e+01
-5.695861697547888269e+01,1.157317381887244068e+01
-6.601557678684845598e+01,1.242059633611177993e+01
6.846060800597216200e+01,6.943568700714108033e+00
5.287326433178277085e+01,1.881979553121185944e+01
8.187790775389622411e+01,1.000555206729255531e+01
4.591735127444127329e+01,2.310849061779921954e+01
5.802298892031690514e+01,1.007621216599801883e+01
6.788135766722925268e+01,2.051720184653658308e+01
4.782532642957117019e+01,1.240772764739192979e+01
7.471000597388882625e+01,1.386678324394785911e+01
6.610651023779429636e+01,1.242387828560953089e+01
6.242304825088000797e+01,9.393110958644202313e+00
-6.210256003097805433e+01,7.690861285175902395e+00
-5.937224524292457772e+01,9.641886867214218171e+00
-6.968329439044173057e+01,1.667088734639538927e+01
-5.718696267922543086e+01,1.242496460324058205e+01
-7.804088775142895429e+01,2.295947205168685201e+01
-6.173484130556814620e+01,1.470154703936605145e+01
-7.682581482920903682e+01,1.539976319692686957e+01
-7.057083860888762672e+01,1.366334738992754616e+01
-7.002417964607795398e+01,1.586830334778408513e+01
-7.553549816566518871e+01,7.248189681983607358e+00
-1.675565926342056002e+02,1.494012015592219811e+01
1.683332458569501853e+02,2.254878289805352409e+01
-1.725754024592381484e+02,1.864465465868748950e+01
-1.696050945711155009e+02,1.447267938689321198e+01
1.569394782969061168e+02,1.715154904251646784e+01
-1.562638308296596392e+02,2.214814752094318351e+01
1.589765186979817031e+02,2.489468527057384151e+01
-1.697353171043106101e+02,1.552004772056298521e+01
1.722143480349670597e+02,1.175438852540433210e+01
-1.475661921386893596e+02,9.698620787924774334e+00
7.802117147002061870e+01,2.463690150171360926e+01
8.647162383338165625e+01,2.529839608119388927e+01
7.067940107339646261e+01,1.591497401706720183e+01
3.101629003141429308e+01,1.705738366873351808e+01
8.445916280486630967e+01,2.590711113322448966e+01
2.683028223629049691e+01,2.741589338063604586e+01
5.500383310861275987e+01,2.367760825237585465e+01
6.540912458388022799e+01,1.205428534281522346e+01
5.818996796336391242e+01,9.470207162968847570e+00
8.336406561742705890e+01,2.866912319071277437e+01
8.204603647217425078e+01,1.915600234438118221e+01
5.081169353351656781e+01,1.658283539595745282e+01
7.627455024638889824e+01,1.618240387233633015e+01
3.755523790366996195e+01,2.562145532177256158e+01
5.542865284950200078e+01,2.701703117337886795e+01
3.887948130811327019e+01,2.290042679250589686e+01
6.786534479973703071e+01,2.490881550460045091e+01
3.871767663462247810e+01,2.527229422918285451e+01
6.452499708976137072e+01,2.247507340714061641e+01
9.859397767661894818e+01,2.041354547110725548e+01
