dihedral_deg,energy_kJmol
-1.795619332679703177e+02,7.719152560252666717e+00
-1.795001600757585436e+02,1.076401840334884952e+01
1.706207301320635565e+02,1.148745748081904594e+01
-1.658724665195111641e+02,9.494593690740281033e+00
1.637215876612784484e+02,8.693837876048888802e+00
-1.788224155431551594e+02,1.366961487749328441e+01
1.798120417301743998e+02,2.140199429156826483e+01
-1.720015898588102914e+02,1.603807144665019990e+01
1.533847468152375484e+02,2.207889011550763314e+01
-1.545273937423140751e+02,2.544082603438112145e+01
1.766737368257821004e+02,1.060245534048434557e+01
-1.749480870044823178e+02,8.808523518617002779e+00
-1.701006841173417854e+02,5.987590935638924527e+00
1.710727915484888229e+02,5.157180149294420701e+00
-1.733510362881337130e+02,7.546857539110996882e+00
1.653934319619251596e+02,1.787489864520875216e+01
-1.439390115256919671e+02,1.715538035401281647e+01
1.643183012421556839e+02,2.682479983792328682e+01
1.720665976536613755e+02,1.757895654973648192e+01
-1.744293467419944932e+02,1.406337928033851803e+01
6.113588426557855371e+01,4.884606166954682749e+01
8.007651301509837083e+01,4.437897418691211726e+01
5.530781117210757003e+01,2.510974332595388603e+01
5.399513549360487730e+01,2.589893428645400064e+01
1.012896730455804999e+02,3.479216108643549177e+01
6.785538581268296809e+01,3.023318503565922200e+01
4.677925782614378392e+01,4.715852953231210165e+01
8.335630871101034245e+01,2.585429610895376840e+01
1.532141896218622605e+02,2.637841436661884487e+01
-7.541667378608102013e+01,4.205988491781184280e+01
1.641799544207698034e+02,1.581122563914903623e+01
-1.559710957226908477e+02,1.464510243654767585e+01
1.540689677150874104e+02,2.391917111016384112e+01
-1.648751760925538292e+02,2.224899294765263491e+01
1.744235424445766967e+02,2.213104045329122727e+01
-1.622412430931537983e+02,1.951554191060967725e+01
1.617049943350422438e+02,1.170413179075998045e+01
-1.607472315266898306e+02,2.180515636080333053e+01
1.677558219891598981e+02,1.686702144196477704e+01
1.667502678593820917e+02,1.554681821489682569e+01
7.447487680435796165e+01,4.074936922427018970e+01
6.793344814089168437e+01,2.999261098323881924e+01
7.629955613906490441e+01,1.847599932021557834e+01
5.829785986808845166e+01,5.239788507970730791e+01
9.086532619746574824e+01,3.482964865898848927e+01
5.262862754145695732e+01,4.067625590850623496e+01
9.972558423163144425e+01,4.199412932029785850e+01
1.142944719882526385e+02,3.586947338555165032e+01
1.402303094354901702e+02,3.575343031314947240e+01
-1.500761295767585750e+02,3.483254044554961126e+01
1.590780964481919852e+02,1.958404415670601395e+01
-1.589089422220147583e+02,2.234222248015586132e+01
1.709437124721658847e+02,1.890516781853726869e+01
1.775794889285820659e+02,2.497716210080790944e+01
1.728443025879848562e+02,1.527850259432148405e+01
-1.541401648697944324e+02,1.446727342786385861e+01
1.595314300721471454e+02,9.616308962675439886e+00
1.606822244774077433e+02,1.557695758021817767e+01
-1.557349433908501055e+02,1.683885386326548783e+01
1.785634163651823769e+02,1.066700707492879907e+01
-6.608436043674605287e+01,3.002918026288237741e+01
-7.936143889659129513e+01,2.335137275383437583e+01
-5.584864044912029613e+01,3.962759990846330282e+01
-9.318455392062074338e+01,2.984241239812425306e+01
-6.677804178961757486e+01,1.805406928549912138e+01
-5.005197112430768414e+01,2.605207142430952416e+01
-7.080868079512993063e+01,2.125128077391851633e+01
-7.462441906637411648e+01,2.486500115140215073e+01
-5.718979582748442425e+01,2.208805070872086418e+01
-7.234519578455046940e+01,2.082334889349535700e+01
-1.574342229330218004e+02,2.568979099085875362e+01
1.595136546324303595e+02,1.267305408525450972e+01
-1.577203646194023747e+02,2.057906371236276044e+01
1.720880330055840659e+02,1.526639462009436699e+01
-1.787114402372289135e+02,1.070799842225584442e+01
-1.744338034710943361e+02,1.483586263570014196e+01
-1.711192350211647408e+02,1.122219501677336062e+01
1.636631067625137632e+02,1.442609411098236194e+01
1.745099230782471125e+02,1.912915996372645111e+01
-1.707956314397401059e+02,8.155461337765759211e+00
-1.612125506795568413e+02,5.441885138344992612e+01
1.398742837175637135e+02,2.386664902683883227e+01
-1.554039949833933747e+02,1.991753608139759635e+01
-1.606522612599053161e+02,2.002212074724136670e+01
1.574347138836889712e+02,1.781339980406168166e+01
-1.779872888136535209e+02,2.066923718104696661e+01
-1.786609183012493247e+02,2.865807389254746695e+01
1.652041831233934772e+02,3.287166174670744567e+01
-1.624660097916181769e+02,2.018320930800373958e+01
1.437473994899202410e+02,3.117128597241791255e+01
-1.597544302382789567e+02,1.131679327202886398e+01
1.660762947939684011e+02,1.163586662997657584e+01
-1.759837189305118841e+02,7.475374420367516315e+00
-1.708937205417309997e+02,2.255598234854092610e+01
1.704630691484654506e+02,1.868624159856539180e+01
-1.757061673592643274e+02,2.415230414444472729e+01
-1.718439453213956085e+02,1.619741740436094091e+01
-1.741772527894247560e+02,2.984388933011823752e+01
1.635561331379863077e+02,2.003691691768306526e+01
-1.583671735098901934e+02,1.301220729156454681e+01
1.797438900114737805e+02,1.130499464294272371e+01
1.772315376870359103e+02,1.828777483015374017e+01
1.692807061156845805e+02,1.175145439407145176e+01
-1.756060845812648665e+02,1.246297025479907106e+01
-1.773232549874402650e+02,8.497916361706462141e+00
-1.701697687226954940e+02,1.590710860298661089e+01
1.680389404420756705e+02,1.831824177256185493e+01
-1.540415678486607192e+02,1.571330326616504536e+01
-1.643179757081812227e+02,9.795605636119002924e+00
1.701838442264036075e+02,1.775145751225073454e+01
1.778042941909418744e+02,2.043262717849348320e+01
-1.713699068373018122e+02,1.621664745541595209e+01
1.636369237568561346e+02,1.351681638157504750e+01
-1.676881932914411664e+02,1.251870709854636665e+01
1.795287807907304796e+02,1.701021515698184317e+01
1.754035643476354380e+02,2.118400524762894577e+01
-1.711818727996668201e+02,1.727485886544589988e+01
1.673305762758761261e+02,1.412276643618590199e+01
-1.795726918230935496e+02,9.802430851970125758e+00
-1.514350758340756045e+02,2.755499587181063958e+01
-1.791207707680996464e+02,1.160223373228646082e+01
1.779713117437034100e+02,1.532788449915348572e+01
1.754778081262606975e+02,1.508002123629238866e+01
-1.702344991327217087e+02,1.766578722061002793e+01
-1.776870568720499648e+02,8.650994472366114962e+00
1.543494234788980179e+02,8.731512408217584564e+00
-1.658840554223472736e+02,1.332032541124288016e+01
-1.581616162236755372e+02,2.175683521278142507e+01
1.691397651493867045e+02,1.389116971639049680e+01
-1.787415830524828380e+02,1.094343528224009532e+01
1.599241114893304427e+02,1.065115934497135974e+01
-1.641016303920236794e+02,1.011064325908164463e+01
1.752358510537391965e+02,1.195457356618546463e+01
1.666964669593166377e+02,1.484164171006140975e+01
-1.539274723580841737e+02,2.216724076579082592e+01
1.602347304327876714e+02,1.867807025853062441e+01
-1.648117197583534619e+02,1.344737471697249198e+01
1.721225884905406360e+02,7.660678643001599397e+00
1.773538791554086629e+02,1.006316594874505910e+01
-1.797500109544872657e+02,5.433849069449072644e+00
1.576925772990341557e+02,8.990117807242352654e+00
-1.698765201659290085e+02,1.319780828797730621e+01
-1.706437815902729653e+02,7.977752725599117412e+00
1.734320457735363163e+02,7.023062186978606292e+00
-1.694156352511495811e+02,1.736959111075784179e+01
-1.796573671833478443e+02,9.778690992490998823e+00
-1.797832503017413046e+02,2.043531380967712252e+01
-1.793709341859370454e+02,1.747891832909831322e+01
1.757560767422260710e+02,1.954702510362611179e+01
-1.601178919999028096e+02,1.990272397587774122e+01
1.768977440049486063e+02,1.296458895652855325e+01
1.772169906813769842e+02,1.103883135397880544e+01
1.707791835935907159e+02,2.498829015979193002e+01
-1.775056098997478102e+02,9.064832380674355150e+00
1.772085140859032606e+02,1.884597658077218796e+01
-1.731974510410229584e+02,1.393775277935141510e+01
-1.771998709904462146e+02,2.739065632826422103e+01
1.591949790970072058e+02,1.704540341807811288e+01
-1.752866681471903121e+02,1.098669838075360872e+01
-1.768491893621738029e+02,1.985399243702832450e+01
1.489244404604800707e+02,2.093166464178194275e+01
-1.787850687361191149e+02,4.740060332786325326e+00
-1.661236776262702790e+02,5.872110068550939310e+00
1.646980610728923864e+02,8.545995589238868817e+00
-1.579313611853223165e+02,1.196622824796671480e+01
1.625537341959802973e+02,1.144468636621507329e+01
-1.764895131488733284e+02,4.602546665228758549e+00
-1.762672082696319080e+02,1.334786959869727951e+01
1.777227923328360646e+02,1.351318175076987949e+01
1.753123838796347798e+02,2.129822423415341959e+01
-1.776692570731896694e+02,1.502114584755837434e+01
-1.780107242863369095e+02,2.601035445357846854e+01
-1.497177584956855583e+02,2.995471468009877825e+01
1.404851142579308316e+02,2.174734629055870272e+01
1.574151412928465277e+02,2.605266938736586724e+01
1.732951138974075604e+02,1.573937432308987638e+01
-1.675910979028064105e+02,3.752954675065312529e+01
-1.460451049359830051e+02,2.962993950411879140e+01
1.560057934434016147e+02,3.269555726094009174e+01
1.552332287552573575e+02,2.998526932810827361e+01
-1.480569825899367515e+02,2.829859586336896982e+01
1.745467431581102744e+02,2.274573949336530632e+01
1.678644293583895148e+02,1.877586483618379276e+01
1.736029112940237553e+02,2.322873336631817764e+01
-1.536529149032623138e+02,1.904091442753292185e+01
1.433086875423879292e+02,3.757387193685759996e+01
-1.595812945828617160e+02,3.109374587694070513e+01
1.660076559130418161e+02,4.589736998692008996e+01
-1.676637450840241854e+02,2.323607503977725486e+01
1.793576647256660976e+02,3.342007934042988637e+01
-1.653748594143311550e+02,8.138525090937893225e+00
1.694967490009402127e+02,2.093401714248245682e+01
-1.713758080080668833e+02,1.336187945180189551e+01
1.660213504022345887e+02,7.454169002284623424e+00
1.652737396056272985e+02,1.344039261293173837e+01
1.758189438499870221e+02,1.710417475397993314e+01
-1.704761866114484974e+02,1.723070253061175450e+01
1.681155431458775240e+02,1.201731155587419408e+01
-1.663109976644623202e+02,1.673463681753457166e+01
1.686911063163457811e+02,1.311862177295130394e+01
-1.781777939424342208e+02,1.408252898887738525e+01
-1.772206066752637525e+02,8.295562782273428581e+00
-1.749982947051138638e+02,1.855488241725835508e+01
1.644151226349984256e+02,2.515817208283212381e+01
-1.744919856488567120e+02,3.138673420166315964e+01
-1.661356396425443052e+02,2.780360480624334940e+01
1.754630187799365046e+02,1.894883869393338216e+01
-1.764735293720328002e+02,1.977684728672192094e+01
-1.598485659049025571e+02,2.372541261780112976e+01
1.792286382389039261e+02,3.685958612783609567e+01
-5.207877261846263650e+01,1.283946648211486696e+01
-5.739596601734388059e+01,2.010188184982707327e+01
-5.844234713310829932e+01,2.168044129673540610e+01
-5.837613102197177994e+01,2.125356136477086366e+01
-4.711782091978525955e+01,1.415149564099281676e+01
-6.031585405347388473e+01,2.216505976426978819e+01
-5.253217851387159953e+01,1.950728623162902053e+01
-6.825006211028495784e+01,2.739461765853372555e+01
-5.879141485421059343e+01,1.833669511355854098e+01
-5.974946622780643679e+01,1.497392283553365644e+01
-1.561308116293452315e+02,3.680761314710159127e+01
1.722409412027389237e+02,1.823016378093123890e+01
-1.720879526478868797e+02,2.319073410164907756e+01
-1.751404892744729693e+02,3.239243289729562036e+01
1.505867096884918226e+02,2.895120947184429028e+01
-1.673652755682105635e+02,1.335491105842946347e+01
-1.577966405491004593e+02,1.568424077251378890e+01
1.453353042682172429e+02,1.743527891017556186e+01
1.759712939693953615e+02,2.521996804292333394e+01
-1.605480995750993998e+02,1.837961750879969713e+01
-5.314518154871469591e+01,1.210556515906881891e+01
-7.191308076531822735e+01,1.216597139571072717e+01
-6.017156915090083658e+01,7.430574225817911937e+00
-6.489909960359251784e+01,9.425217795182161851e+00
-8.216435795599961978e+01,1.660712713730963230e+01
-6.116103442068534690e+01,1.031629189164708293e+01
-7.026860311317427943e+01,1.375670713888681718e+01
-6.731041192168210330e+01,1.007319920141652503e+01
-4.266547517559590119e+01,2.578302729871663956e+01
-5.493896839387728903e+01,1.762894927824672919e+01
-1.120693652562924854e+02,1.946931125750454683e+01
-1.327810818260303733e+02,2.591572295068168330e+01
1.455055694349342161e+02,2.631437188483321421e+01
8.507359345694210617e+01,1.107069669957339464e+01
3.225791034649414257e+01,2.684020610266638229e+01
9.694956493919829654e+01,1.730145964860573926e+01
-1.630559941272093738e+02,1.475044383491049338e+01
-6.127490461139932876e+01,1.120643441890098657e+01
-2.300349752517139912e+00,2.113797569841520030e+01
1.028696493464407524e+02,2.632609169600331711e+01
1.607966005589688052e+02,1.558111101077064831e+01
1.686352028966063870e+02,2.963348269596384554e+01
-1.719711209141432846e+02,6.602277923418317762e+00
1.665208704381063285e+02,1.388180966593139409e+01
-1.703501874604933164e+02,1.273203690835445201e+01
-1.721821403477537729e+02,2.132713368369627460e+01
1.687222688532315260e+02,1.609852060397505724e+01
-1.630284511573281065e+02,1.233984205847970372e+01
1.733493836352037647e+02,1.544093617760492165e+01
-1.613673054660192179e+02,1.720031209728848154e+01
1.766117757557076686e+02,3.502119676740868925e+01
-1.680596165624421303e+02,2.671156608604099958e+01
1.729445695489536376e+02,1.904178978089110075e+01
-1.768232296464807689e+02,2.671187106136554235e+01
-1.609719182000238504e+02,3.163863635130596919e+01
1.596907920470501381e+02,2.010079967081699692e+01
1.794378556296624652e+02,1.410016030105033913e+01
-1.608041020272143840e+02,2.013464666517920065e+01
1.636722206646002178e+02,1.718216925991944777e+01
1.636379393292305622e+02,1.748724488910132990e+01
-1.688094046472270406e+02,1.665811942205932894e+01
1.688433971262624027e+02,1.149557797597747744e+01
-1.761161966217480881e+02,1.251866350483149404e+01
-1.753495145978946255e+02,1.979852436832223717e+01
1.625856045423672640e+02,1.340902395235402089e+01
-1.779374982821051958e+02,1.233527393118271398e+01
-1.794665386295392295e+02,1.913496478358998232e+01
1.679025012383699504e+02,1.334945495404709703e+01
-1.711288411456253016e+02,1.341783188890459222e+01
-1.565291826703200684e+02,9.198420243701148635e+00
-1.771113120815119544e+02,2.272648860992362785e+01
1.588248667582655287e+02,3.082070897144490118e+01
-1.652783312395613109e+02,2.784035304199485239e+01
1.775764475098494870e+02,2.630281823730855706e+01
1.611199384484043549e+02,2.591839448725625772e+01
-1.622478295608368626e+02,2.937681033123307373e+01
1.772404131045693987e+02,2.221652218037220905e+01
1.748275470339789308e+02,2.683221468617029259e+01
-1.737786181651111974e+02,3.777448572382409253e+01
1.735307646348189792e+02,9.032929508503741545e+00
-1.672583074488106547e+02,4.420784199291932026e+01
-1.749507053861398731e+02,9.772988322436004793e+00
1.679077694598134087e+02,2.814163037589889882e+01
-1.650474467901623257e+02,2.924631308389264106e+01
1.691102652561873185e+02,2.289294876474075124e+01
-1.799627720102267858e+02,3.280032550828815374e+01
-1.638275149092441723e+02,2.392708768393989516e+01
1.688025026819223626e+02,1.634539384233372772e+01
-1.657053084529070475e+02,2.667682076938370983e+01
-1.797091439103991775e+02,2.095909655768431534e+01
-6.245553615893936694e+01,3.139024126736498488e+01
-6.377210444797697164e+01,4.432241775764679659e+01
-7.268135192088969632e+01,4.196616039760566963e+01
-6.260293648012305567e+01,2.795284605659559674e+01
-5.418661851709990174e+01,3.209099628671947357e+01
-8.066659159106173149e+01,2.576981677900969459e+01
-8.041387736381746265e+01,1.775547776967418656e+01
-5.043660138722422914e+01,3.329357761165123009e+01
-5.863681777748536916e+01,3.409354895832696997e+01
-1.009001555175386926e+02,4.043393713232195097e+01
-1.673962645896741037e+02,2.416484231443784125e+01
1.595856528956580860e+02,1.734639671546396400e+01
-1.770177199572974018e+02,1.758126992032944713e+01
-1.526458039535892794e+02,3.169891405977732290e+01
-1.787583514316169158e+02,2.102019386282816527e+01
-1.691143319602267923e+02,1.988679681854372205e+01
1.677173414590828315e+02,1.381297647846713872e+01
-1.746776004958706494e+02,1.309735503483753760e+01
1.713339499509114603e+02,1.938401665495874937e+01
1.748176358617770063e+02,1.430317703030913279e+01
7.886521742626511866e+01,2.919620358398380588e+01
5.500981056124923185e+01,2.016117580135748000e+01
6.161778126537640077e+01,2.492012405907473394e+01
7.545475300399095886e+01,2.198261469708040039e+01
9.721723316774105683e+01,2.450482043812743882e+01
5.098929756021087911e+01,1.945775676972278490e+01
7.257332846054333686e+01,2.526703657722820751e+01
7.485027219937541076e+01,2.595992671290981235e+01
7.721609619947277281e+01,1.992416970723817116e+01
3.968053333687398521e+01,2.735788285461403291e+01
1.619000739014253156e+02,1.697546633525693238e+01
-1.484464566992305095e+02,1.991635215374754964e+01
-1.682089206718968910e+02,1.374107909084751711e+01
1.332165030449447443e+02,2.027936127278616141e+01
1.160334500684815566e+02,2.198637472614325006e+01
7.153232139535049328e+01,2.109434589749970712e+01
6.485508509521437759e+01,2.317852902124419856e+01
4.764644702476782356e+01,3.046739748411279081e+01
9.451990998531763921e+01,2.927434314821348238e+01
8.540317594501316023e+01,1.581847267282853053e+01
-6.444140948595008922e+01,2.637647051489848238e+01
-7.855833791508325703e+01,4.236125673580983886e+01
-7.486606227970764849e+01,1.475780617364798175e+01
-3.295544796262353060e+01,3.417765502361592667e+01
-7.327350201423043075e+01,2.402293099275409460e+01
-5.029775807524551823e+01,4.182228056639480940e+01
-5.753476046493329221e+01,2.159558505152720187e+01
-8.891037352339117206e+01,4.119030317984984890e+01
-6.321317586151710088e+01,1.907846344644348946e+01
5.328831242892302100e+01,3.042154106891491594e+01
7.310067124609443567e+01,3.174620808008448591e+01
3.615410420103209788e+01,2.038998331422427768e+01
8.265673132832472447e+01,2.589530962118649882e+01
4.166581943767560858e+01,1.381087791783711438e+01
8.065873509722271706e+01,1.851368039276870547e+01
8.134956600791662140e+01,1.792140724216964642e+01
4.820614412764219736e+01,1.155963145953696269e+01
7.756227297654487529e+01,1.090787628354241079e+01
5.609541044839911450e+01,1.352836444624506385e+01
6.560299150330052953e+01,6.873577104706111385e+00
6.347171580070985186e+01,1.608790874894502210e+01
6.510487038584281549e+01,1.826226259267184560e+01
7.610778650599014838e+01,1.886272045175060441e+01
5.603703102428384852e+01,1.445038465021738716e+01
8.074501967515874412e+01,1.834423953554200182e+01
5.771667713316060144e+01,1.251853085880700611e+01
6.289458153565311704e+01,1.749505669367169958e+01
6.687146936852818158e+01,1.286465539522274959e+01
8.180435541410875544e+01,1.454644179390011871e+01
1.389723997716782833e+02,2.091290293426590452e+01
6.343296513703337780e+01,9.380036878667398881e+00
6.882518728752278037e+01,1.595213818563186337e+01
6.703912853970911101e+01,7.926303081169507436e+00
6.320188210848336041e+01,9.714589380200481017e+00
7.788562565216369649e+01,7.167103669146208667e+00
5.154671609113597697e+01,9.668666222153401435e+00
5.730134669951837623e+01,1.489242417245386463e+01
7.151605809641966971e+01,9.085318389612723422e+00
6.344769484091139589e+01,1.709084512039140691e+01
6.124400386960924436e+01,1.476656834215703462e+01
1.656032272171039494e+02,1.225174874635465017e+01
-1.655462039124043940e+02,2.265756248738110301e+01
1.690729175486720521e+02,1.350332756306952220e+01
1.713630448360545415e+02,1.818902596009650452e+01
-1.678682945225083074e+02,1.075348019108206188e+01
1.679811065205315401e+02,1.706731817717768607e+01
-1.772279860323484399e+02,1.236355097373632006e+01
-1.717551011422588658e+02,2.602382423462309902e+01
1.509496635568003740e+02,2.381240287915276355e+01
1.741728957719394657e+02,3.765197221774866421e+01
9.319006418430231520e+01,3.143321089634784471e+01
4.571270943100073936e+01,2.177683068370354391e+01
8.477307750095999950e+01,1.921136539431493517e+01
5.884180514285109354e+01,3.772705012945252179e+01
8.423572196810999912e+01,1.855048923136746453e+01
1.065008478508833747e+02,3.884872469328431066e+01
1.201881157795312163e+02,3.953143584622524997e+01
1.123006722735242136e+02,2.283883316457062662e+01
8.696725021791297650e+01,4.005368715204622276e+01
6.778918745519624167e+01,3.208756194665365058e+01
3.981357811396008373e+01,1.910698787185747705e+01
5.885283225248652172e+01,1.404656092648857957e+01
4.744782578188290501e+01,1.689984266868604834e+01
8.951703680737234947e+01,2.798190998688527031e+01
6.492352010687160657e+01,3.567594041038660180e+01
6.172665226050592224e+01,1.808831781382795256e+01
7.901819715012705103e+01,3.026321272154969932e+01
7.097008196151612935e+01,2.185384512133396129e+01
5.442333176686607032e+01,2.847743664196840641e+01
3.689337453967331726e+01,5.362024239084358612e+01
-1.743245539434032878e+02,6.742859759608215597e+00
1.740428148942910980e+02,1.084751730775464473e+01
1.533062424572237603e+02,1.398967190894329704e+01
1.752619405989886445e+02,9.704266245738944363e+00
-1.733824574196999038e+02,1.405037708906683847e+01
1.697532749763437607e+02,1.001794727090722148e+01
-1.769567199549062764e+02,1.079646215470913617e+01
-1.782259236520510797e+02,1.005326375468591138e+01
1.653205827507701997e+02,1.405237013454816264e+01
-1.645128970259573578e+02,1.816841489239796559e+01
-1.508979342123639356e+02,6.108269260005532431e+01
1.755797861431800300e+02,6.517510428582441762e+01
1.413022736213272310e+02,4.506548551544155146e+01
1.659585996865633888e+02,3.416689822328022785e+01
1.697537268386234643e+02,5.725458161040037197e+01
-1.783063644530242300e+02,5.074573727375137366e+01
-1.521173481798526836e+02,4.308734218321129816e+01
-1.652872711864417852e+02,6.858455621199573216e+01
1.698769082446709433e+02,4.694995309715937992e+01
-1.664472587534710613e+02,6.003184134932551785e+01
7.376486632012330347e+01,3.696728873199738530e+01
6.001994147069993346e+01,2.478571593795384587e+01
6.502284568852809343e+01,3.123960887723700353e+01
4.267699019197038268e+01,2.956945178136650298e+01
7.266138898718089933e+01,2.896210552286193263e+01
4.962714814929380935e+01,3.047266509578887650e+01
7.295674867313107370e+01,2.258266916818145020e+01
6.775988915817936231e+01,2.610247502602803493e+01
4.990524713898531672e+01,2.469110518549193500e+01
7.497908812357552222e+01,2.083160931629059576e+01
-7.630625879243794429e+01,1.982788335662285206e+01
-4.591606837303671540e+01,3.779177493949995892e+01
-6.665364945806568642e+01,2.659457373593532381e+01
-8.268262469275619253e+01,2.604791012296213992e+01
-8.412202330941082096e+01,2.216024054976941926e+01
-5.262693261691035929e+01,1.812279857313984621e+01
-6.792046634450670695e+01,1.893102605758487300e+01
-6.802025025092143551e+01,2.088347311592599098e+01
-6.229508351351964990e+01,1.344966876601253425e+01
-6.186271827735382800e+01,2.137843211790585585e+01
-5.500938428516668921e+01,1.236097977391904834e+01
-5.124820198670297344e+01,1.721714543567813394e+01
-5.501072189519290134e+01,2.092904664256318625e+01
-6.612286250419700195e+01,1.259796325461616107e+01
-7.663864562651178858e+01,2.717753127997089280e+01
-6.232545621669253677e+01,1.129285830783186739e+01
-7.338513417524481497e+01,1.991071862543370941e+01
-7.785281365728147307e+01,2.279432343938298899e+01
-2.707763962468320074e+01,1.795056808205994869e+01
-5.589272500382364228e+01,2.262515704565352337e+01
-1.691379557336154562e+02,3.032985718196085045e+01
1.794678136532679105e+02,3.118688902973991617e+01
1.751558186609215682e+02,1.931718215999095989e+01
-1.650706196774092120e+02,2.154042487508361603e+01
1.791568592953189523e+02,2.957748889743766085e+01
1.711942366659464199e+02,1.964871955259469161e+01
-1.682296647132301644e+02,2.479149934891494667e+01
1.715680709231994854e+02,1.399836073096922817e+01
1.759877912578566281e+02,1.891921634686776343e+01
-1.653957036639954197e+02,2.814242514350418389e+01
1.657070734329738855e+02,2.330863768601151165e+01
-1.762583137135660252e+02,3.046327342552693196e+01
-1.781628727466872135e+02,3.457176797985957961e+01
1.724384749902793601e+02,2.264795356723032427e+01
-1.752045289272621460e+02,2.038294019806106405e+01
1.724418226169146635e+02,5.585343632445487927e+00
1.714542274715862789e+02,2.149208288615357887e+01
1.734046999817061590e+02,2.898392741456218147e+01
1.515027781921035341e+02,4.264013123971055563e+01
-1.746735147222717046e+02,2.687153479095670505e+01
1.764441835064479278e+02,1.883610929255501176e+01
1.765306426452967514e+02,1.603198441271357666e+01
-1.763215071874552962e+02,2.047226931552124896e+01
-1.768881939804810486e+02,3.305482492248690107e+01
1.748087681133832234e+02,2.847377857493378883e+01
1.637528529711454439e+02,2.261689529045303004e+01
-1.797477180351558275e+02,1.186679027112087681e+01
-1.382654579087472655e+02,3.046890450316451293e+01
1.591532832046979422e+02,2.472002842573509440e+01
1.198873285865824130e+02,3.526238348319820659e+01
-1.091838179257549797e+02,1.834950799776596853e+01
-1.745709085598054173e+02,1.398269844077226409e+01
1.775912887907056472e+02,1.659398472690251758e+00
1.540611273083258936e+02,2.075808943844384657e+01
-1.750114629968088025e+02,6.506215659303014931e+00
-1.717968572456112213e+02,2.334945217524928296e+01
-1.580097596997747758e+02,1.524783501914459904e+01
1.427598329559378669e+02,2.761603499418027141e+01
-1.540011300234612577e+02,1.228282756647490004e+01
-1.672338287849914309e+02,1.757742325057374799e+01
-1.529132726828246689e+02,2.377512098096278592e+01
1.550420406011154455e+02,9.689482785257313324e+00
1.654471444112346887e+02,1.035664937265263141e+01
-1.531152971601212585e+02,9.725798609762655644e+00
1.791035402052519032e+02,1.559793132052784514e+01
1.710629154170846391e+02,1.095826182557950190e+01
1.703128499958484099e+02,1.301119631824172096e+01
-1.681263799305378654e+02,4.001606197710771085e+00
1.686505002586428930e+02,1.526897395045988404e+01
-1.669099145224986955e+02,6.849796746463299613e+00
1.713967760947060412e+02,2.356330241360605271e+01
-1.730850334519741978e+02,1.099426829853025822e+01
1.793332667307300881e+02,1.886449482091375529e+01
-1.788328036663982061e+02,9.795542708976862301e+00
-1.777331039098289978e+02,1.686922051379792364e+01
1.751299005635042931e+02,1.048198746497568301e+01
-1.710081108758406003e+02,1.387313570905771165e+01
1.749106457111408872e+02,6.317853276030516163e+00
1.722608779018248413e+02,4.265481375966174049e+00
-1.672502842933141665e+02,6.440480572718573882e+00
1.799962864441923500e+02,2.097903672064425962e+01
1.792068384922531834e+02,2.641402494957554836e+01
-1.779307682246191007e+02,1.945115446897096234e+01
-1.783840772547598021e+02,2.763812141546718948e+01
-1.743964782271667389e+02,3.717810850703175163e+01
1.728903830707380394e+02,3.271955374082869383e+01
-1.394483381712674941e+02,3.319818762784162658e+01
-1.446953297292193668e+02,3.271982256610908735e+01
1.605517278555602729e+02,3.539662493139641697e+01
1.329337904656170792e+02,2.515168746582762793e+01
-1.649357012902961799e+02,2.559793098622459695e+01
-1.401914811804525698e+02,2.063488984800174819e+01
1.702268456738019609e+02,2.469991823531320918e+01
1.426077903055258673e+02,2.902402716999766596e+01
-1.540686721116796605e+02,1.792244811487337230e+01
-1.495797264998176956e+02,2.101608306753159638e+01
1.681118660765619381e+02,2.065706497335851566e+01
1.758081641899124463e+02,1.991035124083248320e+01
-1.577250330296359380e+02,2.270055888252039722e+01
1.745686346416953256e+02,3.334098652606181190e+01
-1.796080556135062523e+02,1.698315139113949712e+01
-1.551515047008455781e+02,1.545959889275436439e+01
1.765839397553811239e+02,1.376510196865380209e+01
1.630886515763874627e+02,1.922110298090949954e+01
-1.564454480486113255e+02,1.589807510186829376e+01
-1.697577512167648877e+02,1.414166819562425381e+01
1.482548094043723097e+02,1.460290679778884915e+01
-1.697964018638057553e+02,1.372323045347355830e+01
-1.714634921126732934e+02,1.318449976510985167e+01
1.725413746828948263e+02,1.359907165388431238e+01
-1.566495431773897167e+02,2.000177016998351576e+01
1.782204509571187145e+02,1.343791340498522047e+01
1.684309533132677359e+02,1.978383070754124162e+01
-1.739536123044106830e+02,2.465260890829439333e+01
1.689988553101204332e+02,1.496845747812434979e+01
-1.734445230159228970e+02,1.064422527465035273e+01
-1.519532920372986098e+02,2.603496354312667904e+01
1.748705032914092783e+02,2.408717134460987808e+01
1.584127815143637292e+02,2.205455557817609247e+01
-1.315518026583166602e+02,2.190372789043577484e+01
6.830453393812398133e+01,2.940635788249280935e+01
4.427552835329053948e+01,2.932990707196574220e+01
1.012262689495752568e+02,2.769604292958044311e+01
8.308719361915780155e+01,2.636381982515666778e+01
5.035956411933735666e+01,1.864732428870741998e+01
8.081571545056156936e+01,1.762293532407258567e+01
8.027049660856744140e+01,2.017725155039227047e+01
6.452985199811473649e+01,1.766466895171196327e+01
6.232995215981371473e+01,1.520910996362457546e+01
7.277244792532377460e+01,2.014593177663883239e+01
1.766235896897117925e+02,1.455901295182636446e+01
-1.704057370126659521e+02,1.281312973777119524e+01
1.765491359619859963e+02,8.174548278010778546e+00
1.715061355094335340e+02,1.309332533777112673e+01
-1.660291447033084182e+02,1.241445712413024616e+01
-1.752633281003554373e+02,1.430894245476856597e+01
1.589151707755046345e+02,1.784664625658558990e+01
-1.798707433740967474e+02,1.328371891489691237e+01
1.781023483805260526e+02,2.482940133683953832e+01
1.609076254778502744e+02,2.366753721431610558e+01
-1.786021244397639975e+02,7.691826343138220778e+00
1.791641241498035129e+02,8.459919007698829319e+00
-1.682590168398573098e+02,1.186505963047928702e+01
1.774050896869236169e+02,9.697359722918998060e+00
1.646482748863031418e+02,1.289849998046657475e+01
-1.739676271738712501e+02,6.122971432472839481e+00
-1.738988312038742095e+02,7.900716369688559837e+00
1.734273792514645720e+02,1.214134846475013951e+01
-1.649130063970625031e+02,1.374358420410381498e+01
1.705190987921408521e+02,1.279136501148517269e+01
-1.755760143449979296e+02,3.534859686022391312e+00
1.696050337964609298e+02,2.092621646988026551e+00
-1.610534919871488739e+02,8.109874796311375533e+00
-1.774470454850453223e+02,5.791157573161694216e+00
1.651529043808305630e+02,1.165822974830461511e+01
1.735592956555045703e+02,6.494145126923214661e+00
-1.756223614166066795e+02,1.276963146697837814e+01
-1.729507956631511547e+02,5.024394893521850314e+00
1.580353586079023387e+02,1.118502256975871312e+01
-1.649298507812981143e+02,8.128587799835438332e+00
-1.791040249979881196e+02,1.325282831856733168e+01
-1.632476392529874261e+02,3.166462661561752157e+01
1.745995939832358488e+02,2.029644078923174888e+01
1.784168803505388610e+02,2.408330266634705907e+01
-1.755886867851191369e+02,2.237012838712229978e+01
1.650599209572387736e+02,1.617991981144476554e+01
-1.687661173488861550e+02,2.276035381440747685e+01
1.652996718906881313e+02,1.896298804708963814e+01
-1.755942223276058769e+02,1.928688770319118362e+01
1.767948274807186237e+02,1.821072087695517538e+01
6.992836105763097976e+01,3.240950249048197662e+01
5.430272126801389021e+01,1.695730978735469208e+01
7.607152254046593498e+01,2.617387375344381439e+01
6.103404927906773025e+01,1.592569239368901535e+01
6.959026983511500930e+01,2.457624992046041257e+01
6.493425521178602366e+01,2.108771112850961416e+01
5.956132671276159130e+01,1.261536313242667617e+01
6.314550549430574478e+01,2.198888620284252937e+01
6.190044949252089879e+01,1.460708416583520730e+01
5.770464990585408316e+01,1.585387231542880215e+01
4.673361350759980581e+01,1.456459518300436073e+01
8.640090434589075130e+01,1.986944495763843932e+01
7.126319043561120736e+01,1.083805523489269618e+01
3.240976811865981233e+01,1.359143261914769596e+01
1.002951509839537749e+02,1.684075296179052117e+01
6.604300309620781206e+01,9.259538750224823644e+00
3.685074228992430534e+01,1.735368213161932260e+01
8.972098332673324705e+01,1.727008552290534737e+01
4.605920778029458518e+01,1.250156905957811304e+01
5.361536321650488901e+01,8.331449887244559704e+00
6.418159437049210680e+01,3.012854690757715304e+01
6.759123513108274039e+01,1.595732397582936812e+01
6.019099671886304748e+01,2.170943285968045089e+01
7.655705587748801122e+01,2.494809939638646057e+01
5.421950140492813119e+01,1.744586679726322842e+01
6.693729081509295042e+01,2.001815499034996293e+01
7.635228249328983452e+01,1.953550287919238571e+01
5.927242896633446634e+01,2.998467474584362336e+01
7.375038762037000595e+01,2.537156899204116556e+01
5.990924168400707828e+01,2.527783354799576188e+01
4.157133158414438157e+01,2.132959562711423374e+01
1.034789028755627101e+02,2.580125763200449995e+01
9.122755633938761832e+01,2.899069448977236618e+01
4.131671012403502630e+01,2.815110264546304109e+01
7.225508960175751838e+01,3.296628487763638304e+01
6.843604013005095510e+01,2.130781553270133344e+01
8.596283083338504127e+01,2.472093457643852688e+01
5.129294633580006746e+01,1.894261601949417440e+01
7.644317417969867279e+01,2.563801004003654427e+01
5.621978791981821644e+01,3.022080341054794417e+01
5.975389377943545810e+01,1.255299884625992846e+01
5.689615450167066513e+01,1.469961598429368799e+01
7.043798826283155279e+01,1.623047854566620174e+01
5.071140398395848337e+01,2.328990861619080022e+01
7.053207090624397324e+01,2.542028321492706411e+01
8.696606936019024658e+01,2.566404530275453411e+01
5.097581023010836532e+01,2.474492118489312631e+01
7.306013540217907121e+01,1.796045279753598578e+01
5.319413217222285795e+01,3.048765328048459722e+01
4.253324561380100022e+01,2.445269635687023779e+01
1.612974609866102469e+02,1.847717756877377937e+01
1.619172575087742985e+02,1.809798479081487343e+01
-1.492120794977680305e+02,2.232755860186538399e+01
1.798679653783584058e+02,9.985924815378787400e+00
1.550563212699256326e+02,1.441368389930327609e+01
-1.611275754764363626e+02,1.581260756855050786e+01
-1.669777236647883569e+02,1.545214714925763033e+01
1.552887116655811326e+02,1.731930170245734502e+01
-1.786082266109373791e+02,2.084563019097627290e+01
-1.738676979656386834e+02,2.280776907104809936e+01
-7.553284594659614015e+01,1.562447425707451032e+01
-5.322345323235813197e+01,2.390663335837983894e+01
-7.314058386418618340e+01,1.363909128870252907e+01
-6.949461587336972457e+01,2.900745538781310273e+01
-6.508001887751687775e+01,3.318418828746332139e+01
-5.825379631411399828e+01,2.239435221461784664e+01
-7.569968332487066220e+01,3.544763092732351595e+01
-5.144621185748229664e+01,2.517486993808550366e+01
-6.641690403758109085e+01,3.426104023276855770e+01
-6.882662516228450045e+01,4.541156331328086537e+01
-7.130559252460861330e+01,3.318994077302191670e+01
-5.909032950004454676e+01,4.297876639223164119e+01
-7.902135240580884101e+01,3.455310128591780483e+01
-5.064232011183503346e+01,5.092869335966933164e+01
-7.620500018259275521e+01,3.615138668471357164e+01
-6.735971185049899645e+01,2.178258161612176025e+01
-8.228948172184732357e+01,4.564272360762641512e+01
-5.622565754761595969e+01,4.599775721689155716e+01
-7.378280823955262235e+01,4.098391498922416076e+01
-6.393511269137689368e+01,3.713621438586928036e+01
1.756073459736431630e+02,2.158110786625677946e+01
1.780480757868361650e+02,1.743846482723883184e+01
1.748731903092011351e+02,2.447320702944539761e+01
-1.748353400352972074e+02,1.718244036546769493e+01
1.784807959761135407e+02,1.782776811940319561e+01
1.751811874680610117e+02,8.165660890139101014e+00
-1.793622549764285168e+02,1.801746068197884654e+01
1.635014292531395199e+02,2.538258975384732707e+01
-1.771915902113748302e+02,2.424694359702192514e+01
-1.693553848203286236e+02,2.087529151601567179e+01
6.504752836415161710e+01,2.417220059681685740e+01
4.437353398020506745e+01,3.206138201723948811e+01
9.482457810463309045e+01,3.006778336237834282e+01
7.386217932682599496e+01,2.008974956889825592e+01
5.145209545061949541e+01,2.776245544017086786e+01
6.483210083039725191e+01,2.251657954745245505e+01
7.501685083335911486e+01,2.515221013680414686e+01
8.696939257959300562e+01,2.752062774980888094e+01
4.406399492391999928e+01,2.508953822969866110e+01
8.370627298251983461e+01,2.595597666554184713e+01
-9.854604964081939045e+01,2.289226734311051104e+01
-1.258667348886364579e+02,2.510679124320139266e+01
1.657968970618126434e+02,1.569345992518127275e+01
1.194830493921731431e+02,2.461170727529322022e+01
1.335991434053511000e+02,2.409023789258148440e+01
-1.682995375497055761e+02,1.332564426989337036e+01
-1.621812374464039976e+02,1.070541110525759265e+01
1.438691519164622150e+02,1.981395940337412043e+01
1.431258894231412171e+02,2.283409574035432144e+01
-1.565319337422493788e+02,1.552823337204361565e+01
6.457060348424711549e+01,1.462247556697163908e+01
4.327172749062184209e+01,1.349322769741007733e+01
6.684606152206383456e+01,7.766662029527681810e+00
9.792696538972251119e+01,2.528996029010540525e+01
6.533168396377209319e+01,2.920109737391202032e+01
-5.208969785879212111e+01,1.452711618654929104e+01
-6.823043807963762220e+01,1.402124824852691987e+01
-1.476714189920420495e+01,3.288086307532438468e+01
-5.270101309976616477e+01,1.792651473492061243e+01
-8.599410272906084174e+01,2.081968209121375679e+01
-5.884210664128325163e+01,3.418055620913904846e+01
-8.930000581549501248e+01,2.882008037569577397e+01
-9.189519267245253786e+01,1.319251361302789327e+01
-3.806592075115397478e+01,2.888350764835559659e+01
-6.741951938854923299e+01,6.216901979807947498e+01
-2.948310724820834494e+01,5.578850598026664898e+01
-6.288260535168385701e+01,2.580120404077999297e+01
-9.352941516431900482e+01,2.696720880210188653e+01
-4.515205082307394235e+01,4.948938073767982360e+01
-6.275626116986009606e+01,5.138328428282574123e+01
-7.124639419546585373e+01,9.249884709480880929e+00
-4.201749679196706211e+01,1.306960493893891773e+01
-7.222914055283503387e+01,1.514493384919196828e+01
-5.642382211813775683e+01,1.782749309257918569e+01
-6.117582256717193445e+01,7.609886120317268521e+00
-3.423546742275683386e+01,1.459885905234570025e+01
-6.409047536607988604e+01,1.233006568006116055e+01
-7.688229973435309716e+01,1.586687314714957608e+01
-3.750916362218224975e+01,1.836528307446690889e+01
-8.374413997620922601e+01,2.182925727848844843e+01
6.374791916298783434e+01,2.402574616308186251e+01
7.414583173383901737e+01,1.272122313064374310e+01
4.513820691155069653e+01,3.287926690671642405e+01
8.286798133384448306e+01,1.728019456617737859e+01
6.009800496432087158e+01,2.498215998488444001e+01
7.932270671584616650e+01,2.375669799700662566e+01
7.178584614050939194e+01,1.602761808868791604e+01
4.424529705875065844e+01,2.726525953060496477e+01
7.378076531019854656e+01,2.783802050236655035e+01
7.237288200904730218e+01,1.908034880312837345e+01
-1.447163270905622596e+02,2.128749821302945833e+01
1.681704605030890320e+02,1.538514183010723002e+01
1.590705323081150482e+02,2.479461083812710243e+01
-1.531619464029921858e+02,1.847708109589999381e+01
1.600226987537629100e+02,2.720759008866654938e+01
1.592649408307076442e+02,2.353466546552579786e+01
-1.671663928891791784e+02,1.914616487274247447e+01
1.729780610482944780e+02,1.737677823125945054e+01
-1.773811893570089353e+02,1.478075897865597632e+01
-1.791270085025804804e+02,1.735461749061214221e+01
-8.024603618481692990e+01,1.619743323618443753e+01
-5.620805066498282088e+01,1.308100899875838685e+01
-8.057884990197739228e+01,1.283223893976037999e+01
-6.047064229247143885e+01,1.188618656076968350e+01
-5.956710488920113988e+01,1.626984767978360225e+01
-7.707733024157985824e+01,1.547237920117099463e+01
-8.612271181346201843e+01,1.766346992402290894e+01
-4.356986439129156707e+01,2.259413214288052529e+01
-6.589052578797404180e+01,1.081263122887861883e+01
-5.608978450212046596e+01,2.479189348164792506e+01
-5.551821881821806670e+01,2.403949061498665429e+01
-9.602277987609812726e+01,2.761840118641640629e+01
-1.556671949980884335e+02,3.211051237312747730e+01
1.387202712299740028e+02,3.250676510565355670e+01
1.630033524112166106e+02,1.404931571583879268e+01
-1.539325379143961072e+02,1.626088090314037160e+01
1.630612122735186347e+02,6.908683495113101536e+00
1.570037766802579426e+02,1.996808088979338436e+01
-1.463375589086112427e+02,2.087799768772129738e+01
-1.773275667718133946e+02,1.200116823865593219e+01
1.471773577024914914e+02,2.261148289957730384e+01
-1.751187478930872032e+02,1.445493917617558211e+01
-1.610052984578649671e+02,1.807608382479508435e+01
1.591034676550319205e+02,1.403839938033548762e+01
-1.671549253506506147e+02,1.911957898218942020e+01
-1.603599651354622893e+02,2.515939312923509874e+01
1.630067372324672306e+02,1.921562420978878905e+01
-1.794780098918495241e+02,1.493955657948953863e+01
-1.740512244605233150e+02,2.287622523567010546e+01
1.728609811591065863e+02,1.364102131795364059e+01
-8.833953922543420845e+01,2.993105786584111883e+01
-5.987459811223363459e+01,2.251088423276705797e+01
-5.012890314649473567e+01,3.207100368615186881e+01
-7.671193801530732514e+01,2.522986307314997845e+01
-7.493187237889677021e+01,3.090714410365205111e+01
-5.858482913872739317e+01,2.479348974557575502e+01
-8.180544305824670914e+01,4.101810348708968235e+01
-1.053307032771182463e+02,4.028413232838472879e+01
-6.585550013662569313e+01,1.296515921911987768e+01
-5.908860278505218844e+01,2.668185135591644297e+01
1.561348001301707029e+02,2.589361506567863813e+01
-1.787079116469508335e+02,1.408224008983959763e+01
-1.729411741520044643e+02,3.136868346900819660e+01
1.748355134132094406e+02,2.024727586518498867e+01
-1.750218733459581699e+02,2.651569091853966142e+01
-1.571303856650795581e+02,2.037156141849319368e+01
1.755222742762814789e+02,2.062168100425187944e+01
1.520430580351955712e+02,2.435688257884035224e+01
-1.648181108223417084e+02,1.298173768707063580e+01
-1.555184214440880623e+02,1.785501445375724217e+01
1.464816656839863072e+02,2.296423576860735949e+01
1.790970770078899932e+02,1.925189140087537254e+01
1.709946200853873961e+02,3.688963717138821607e+01
-1.685555166892245609e+02,3.831822701731565672e+01
-1.425892824526154641e+02,3.641422959001788939e+01
1.511964350981629934e+02,2.523482768781013519e+01
-1.561954801085790052e+02,1.320751063921799329e+01
1.720946214264602361e+02,1.322816657504366589e+01
-1.739777958866215499e+02,1.823508964435453805e+01
1.783614506725366482e+02,2.216996770719316245e+01
-6.714221511088305760e+01,1.309703560915387399e+01
-7.070806670654735626e+01,1.565785128813583071e+01
-5.964380336824415707e+01,1.801873094216668036e+01
-6.240318355485609914e+01,2.169069891691917817e+01
-6.193333772021306061e+01,1.493389539632113028e+01
-3.844945177777277223e+01,3.005701922466081299e+01
-9.013616589301585691e+01,2.072679246111905371e+01
-8.023977811623639411e+01,2.538400692908137302e+01
-3.221288564180122904e+01,2.533126996837974332e+01
-8.382858399176230080e+01,2.698701666568941704e+01
1.703344743683342415e+02,1.025156362174102043e+01
1.767459519366916538e+02,1.715078536710651136e+01
1.564490335380284876e+02,7.917954627764217435e+00
-1.496371126143435788e+02,1.479696846668758781e+01
1.526258206368688946e+02,1.685763126884897289e+01
-1.675315855133370064e+02,1.766087665084064895e+01
-1.756006325729020148e+02,1.410988132052923483e+01
1.778117614870700720e+02,5.637788912579944522e+00
-1.690613961308761759e+02,9.396940027977073839e+00
1.697066433050746355e+02,1.538599751281388528e+01
1.798420814510474770e+02,1.800970128924601354e+01
-1.721181835856361033e+02,1.534810997450408188e+01
1.726648972750375606e+02,2.403799006157518647e+01
1.728538990722801429e+02,3.260285678335267789e+01
1.780655788879855947e+02,2.068143868279278763e+01
-1.529715098298644875e+02,1.796977104166078476e+01
1.641823522547396976e+02,3.064456172593565597e+01
1.684897998645864448e+02,1.819312695407346325e+01
-1.714052886687211128e+02,1.776363889677263685e+01
-1.697772912392423450e+02,1.139036767521549720e+01
5.285482181518237610e+01,1.923098911162937341e+01
6.375331561578217077e+01,1.413202189457377855e+01
5.804497272133198749e+01,1.462776934675599350e+01
5.588219981156888139e+01,1.661314597068209054e+01
6.154001770603710497e+01,1.461132391001802588e+01
4.123445655372036356e+01,2.071567529855212086e+01
5.734372809756751366e+01,1.536883849922830692e+01
6.410263428348463322e+01,2.178038454600328322e+01
5.475949674958296498e+01,1.376178874713495048e+01
8.067991139203917328e+01,2.448332373662847417e+01
1.617807777733678165e+02,1.207256947154982996e+01
-1.783370184656582751e+02,1.768985650181591041e+01
-1.783601128297704008e+02,8.284571813640413396e+00
1.645814514023645643e+02,1.240181579517716948e+01
-1.582812821026316783e+02,1.193078816703238054e+01
1.610829940058002023e+02,1.463534039315240420e+01
-1.714816023282161837e+02,6.259536687805441701e+00
-1.718084738856845206e+02,1.410498071143055121e+01
1.677237695269180051e+02,7.529145987609529023e+00
-1.752827979367571061e+02,1.237957052117733348e+01
1.643358547589735963e+02,9.169412237491794571e+00
-1.650216248740365188e+02,1.085446481461206503e+01
1.751363834938944990e+02,7.028843728031955784e+00
-1.771393319160345641e+02,1.014703805642238343e+01
-1.770277937317916610e+02,5.161051715025479325e+00
1.772619182104641027e+02,8.913841911781053895e+00
1.728046297825569297e+02,1.092238113774281594e+01
-1.771398591626416703e+02,6.352830936536392414e+00
1.761388838024351458e+02,5.808069778233582170e+00
1.754385151577716613e+02,7.919417889305293556e+00
1.715323835015882707e+02,1.652834076717543610e+01
-1.673534552643880886e+02,6.783557567338128536e+00
1.726161842467772942e+02,1.841051721041021239e+01
1.768493435407402501e+02,5.114975166436172671e+00
-1.731446799970983363e+02,2.214877673914128309e+01
1.723546091914971612e+02,1.542964106325313800e+01
-1.765948221253010217e+02,1.784850868431605164e+01
-1.697048942003790160e+02,1.626547913627956277e+01
1.587379749615321032e+02,1.487919545952703793e+01
-1.635071162489817596e+02,1.802853934484702947e+01
1.499830372791392108e+02,1.892268403838673763e+01
-1.540003130245025034e+02,1.878752675137425854e+01
1.670214556805663904e+02,2.279507200051756755e+01
-1.725273046441840279e+02,1.843233145172925447e+01
1.607417377789321620e+02,2.346946191097291390e+01
-1.632718970008716042e+02,1.588241376753671474e+01
1.768206880972282988e+02,2.211523375109548439e+01
1.718397540657402089e+02,3.761802244663087436e+01
-1.739237405336353390e+02,4.255607988384682017e+01
-1.698962127889233500e+02,4.234032328703648318e+01
-1.462480746392269850e+02,1.290739749685564064e+01
1.479034981954262378e+02,1.160720164432706625e+01
1.718410317958230564e+02,6.556891150539014390e+00
-1.419107891205918293e+02,1.879435706776643400e+01
1.585958817457850216e+02,1.628503203294492607e+01
-1.686994659643157206e+02,2.152993856562201813e+01
1.609081049280195543e+02,2.015359857898394580e+01
-1.657236747554630654e+02,6.737432502663582845e+00
-1.784156250174700347e+02,7.687387799439308722e+00
-1.765957687118864783e+02,1.953998838254523562e+01
1.481730231308313535e+02,1.953128899075066016e+01
-1.512697807415836451e+02,2.071248812631117886e+01
-1.591630257681906357e+02,1.412711934006969017e+01
1.406671904040639163e+02,2.724905150779871832e+01
-1.619670632560521710e+02,2.819866027960140897e+01
1.673073549988339721e+02,2.820767243890902165e+01
-1.647398231230855288e+02,1.667105727468752008e+01
1.699572728122286094e+02,7.914303832635756208e+00
-1.605325880228812423e+02,6.633190573002178070e+00
1.583316878768286244e+02,1.491102194015927296e+01
-6.265498948067767770e+01,1.851473650299407581e+01
-6.209978885613503508e+01,2.619587853750947559e+01
-7.172475495506439813e+01,3.215157625081076986e+01
-8.000004212640405399e+01,3.234624607338768243e+01
-5.445166041967290482e+01,3.338084102153307242e+01
-6.701286922184291939e+01,3.382403898119657271e+01
-7.511024276785589393e+01,1.864205950982455207e+01
-5.080493087476538250e+01,4.968088450446344950e+01
-5.726925019315167731e+01,2.235467674022851270e+01
-7.486893118225053456e+01,2.926759686913966618e+01
-1.486407904187459792e+02,2.604897175523700170e+01
1.551245897005554468e+02,2.755824351810715456e+01
1.794825442992921012e+02,2.056120122088226765e+01
-1.453500962627246622e+02,2.186198133303037849e+01
1.774241654307107865e+02,2.304401519778866714e+01
1.531834856374764797e+02,3.408692096998804999e+01
-1.706552663325456933e+02,2.669184505291286058e+01
-1.693333595104399478e+02,2.321751857043778244e+01
-1.640980364032460272e+02,2.035241881459101165e+01
1.508489054196611505e+02,3.226129399919165053e+01
-1.691421837213633523e+02,7.579065276213315272e+00
1.663181555656971682e+02,3.328694362879218716e+00
-1.702983910684841646e+02,7.049456270120153079e+00
1.707731086528834510e+02,8.368094161450748913e+00
-1.710365233140515784e+02,1.173019911561699402e+01
1.626072752718749257e+02,1.308801369263776770e+01
-1.720756720420509112e+02,1.879572191458001029e+01
1.592811540395994712e+02,2.174673665715659610e+01
-1.514377700258749826e+02,1.397457208050115440e+01
1.466546778050534385e+02,1.898832498089250720e+01
1.554760194477539130e+02,4.401383769798542289e+01
1.724066834760166671e+02,3.528333936012958816e+01
-1.348673883834121341e+02,4.760190471742954799e+01
1.732489952105805742e+02,4.669657719114729844e+01
1.647289170025204612e+02,2.763072807099125683e+01
-1.548082239885556248e+02,2.359048467184029008e+01
1.729493250186927469e+02,4.451976474352212421e+01
-1.761183160594573280e+02,3.758606621536126369e+01
1.509627308887454831e+02,3.571584523624726160e+01
-1.572257107218266583e+02,2.351971679452774566e+01
1.531846506507902461e+02,2.052241152435867022e+01
1.590493292064063553e+02,1.349626388266520749e+01
-1.458054574030364279e+02,1.854110216930049404e+01
1.509145692051757237e+02,1.455174102526404667e+01
-1.727146385426598272e+02,7.903811848077880953e+00
-1.347654884204991674e+02,2.294737380696124873e+01
1.385468867352573739e+02,2.021818321311819489e+01
1.264674606869981375e+02,2.170988717992115369e+01
1.610161791075972246e+02,1.775737553145838632e+01
-1.659424148609290341e+02,2.439648159514188208e+01
1.790086248838226481e+02,3.164642479600039593e+01
1.599536172821808861e+02,1.877604007443175149e+01
-1.702957776337783571e+02,1.414682415125651715e+01
-1.653365992713284527e+02,1.877394789021019861e+01
1.431904718600736999e+02,3.065800496088585447e+01
-1.762753281104859298e+02,2.874772981122875137e+01
-1.735123364759362232e+02,3.536167371039968543e+01
1.569081146452731730e+02,4.288547806507411053e+01
-1.710462874469714905e+02,2.658725907361845486e+01
-1.768765002401592881e+02,1.970599433240881737e+01
-1.635320221120527435e+02,2.647441334704513594e+01
1.611400884269838514e+02,1.827616162769388808e+01
-1.623207008112462404e+02,1.194051181363662018e+01
1.645451113113546455e+02,1.969157775764629292e+01
-1.618816779736928879e+02,1.374437663689479194e+01
1.628498479719324337e+02,5.882347671265216960e+00
-1.682738472742240390e+02,6.772951457206417558e+00
1.614592309929147405e+02,6.819549054499312035e+00
1.511331700027570832e+02,1.313181047963675319e+01
-1.653476935928345597e+02,1.649933265461521259e+01
-1.669037178337366356e+02,1.951181425577453155e+01
1.746154207702862777e+02,1.308279464685955595e+01
1.774548145906450713e+02,3.206315464157437134e+01
1.782152177003883651e+02,3.107046896548021309e+01
-1.732430865547615326e+02,2.625435610173175860e+01
1.683561511099086374e+02,2.649805735819199981e+01
-1.530773630187083540e+02,3.256642965591406380e+01
1.565184293322610927e+02,3.207140065562791165e+01
-1.591887124471060986e+02,2.784175565850315692e+01
1.494570681668231202e+02,4.281215704399067334e+01
-1.720468777791340358e+02,8.754768125727203198e+00
-1.763939173959139168e+02,1.470944160724449823e+01
1.534992365953653177e+02,1.512162082577393818e+01
-1.630465213120031649e+02,1.054045027535490853e+01
1.697196871497706354e+02,1.723999335556679924e+01
-1.787563651792203245e+02,1.132422569469658491e+01
1.791064195216177382e+02,1.709379812050356051e+01
-1.759331035376232251e+02,2.441622964027349241e+01
1.747711144539577504e+02,2.404055244440631967e+01
-1.485530430760590548e+02,2.780426984464619977e+01
-1.597082071267476238e+02,4.320860235746998512e+01
-1.786586097168011804e+02,2.779780275011705371e+01
-1.735578440547062655e+02,1.333395003652841382e+01
1.671962749136166622e+02,1.060777630651203651e+01
-1.647088988082212495e+02,1.055590843491110853e+01
1.607100383966021298e+02,2.964423414995862061e+01
-1.654986033610476284e+02,1.937620844406286835e+01
1.790949887196090060e+02,1.250370123507064513e+01
1.725069240887964384e+02,3.184683003216056818e+01
-1.744190921506109930e+02,1.578114040482779856e+01
1.786801176993694185e+02,2.135935690719419355e+01
-1.688611718932697556e+02,2.569124410641141765e+01
1.548862878795863764e+02,2.304353768254917867e+01
-1.548328728677276729e+02,2.594823437082654749e+01
1.669098080065591887e+02,2.071473283201177296e+01
-1.788013513906997503e+02,1.799427199222047236e+01
1.764524308828219432e+02,3.010443271482508720e+01
1.747148651487503059e+02,2.745567165563661760e+01
-1.743592556641044098e+02,2.779367008162386554e+01
1.721804300806676622e+02,2.475724943601419170e+01
-1.769826274795578911e+02,1.997282406373021857e+01
1.791301728640027306e+02,3.223219025051680120e+01
1.784511642388057453e+02,2.545688558550387981e+01
-1.717637709050123931e+02,3.344823190890099340e+01
-1.794707103515585800e+02,2.464194438441864676e+01
-1.776316975185721674e+02,1.268200203242483859e+01
-1.691104269683831092e+02,1.040764238142801368e+01
1.625496973222806503e+02,1.008865803375109493e+01
-1.589067365141507651e+02,7.575450579820579122e+00
1.750303862964745747e+02,5.563730495957193156e+00
-1.692351436515218950e+02,5.443696000238455568e+00
-1.642010388561782293e+02,1.097876878029376790e+01
1.590217024170365789e+02,1.690440596901946435e+01
-1.631667383787192307e+02,1.823743723091205737e+01
1.518691529542659282e+02,1.776210121220703542e+01
-1.543257988597867723e+02,1.713735836750167607e+01
1.746839433493088904e+02,1.396797525221709968e+01
-1.740073658864795050e+02,1.372935625671143711e+01
-1.478857302372801144e+02,1.296932514838336203e+01
1.672832548951869569e+02,6.629808319323810650e+00
7.813671136810749829e+01,3.536434460575173944e+01
6.664781429315850403e+01,5.443213331989997528e+01
6.182348211847136099e+01,4.034125827564735545e+01
3.765976418581305296e+01,4.376289975221685324e+01
8.715200724590175696e+01,2.092067374252195222e+01
4.173551666586200071e+01,3.791225051805972868e+01
9.236978614430137213e+01,2.366678245539409176e+01
7.242796059926934049e+01,3.275917864328364715e+01
4.707851136762706545e+01,2.005600572520462777e+01
6.359270372878853550e+01,1.664347129370207057e+01
-1.656857055126344846e+02,1.395601877004570923e+01
1.502173350659947175e+02,1.321313409626452540e+01
-1.590490100487577649e+02,1.618329802226340774e+01
-1.716726887672092516e+02,2.700502431966411976e+01
1.737105740557011018e+02,5.121129455907794892e+00
1.789819142641655105e+02,8.419591996115153520e+00
1.758315311190969794e+02,9.308517975247399434e+00
-1.439306895102923249e+02,1.222915572468602186e+01
1.433228191121390864e+02,1.536683419842871068e+01
-1.748532461249372432e+02,1.050738776149453813e+01
-1.506580908891552895e+02,1.824398355339647537e+01
1.654140102311660030e+02,2.947496727114395654e+01
-1.656251666512556540e+02,1.186654110950253838e+01
1.631181714780188940e+02,3.011892881659227328e+01
-1.688507401492306315e+02,9.545045430200261194e+00
1.754351152761482808e+02,2.247650869736676782e+01
-1.620972843500401268e+02,1.410187767370155498e+01
1.584665689883518667e+02,1.435779295978687209e+01
-1.686198259181427375e+02,4.842087875064580160e+00
1.693493775380075022e+02,8.589188396347235965e+00
-1.762718275524466662e+02,1.763625770612617671e+01
1.695345747578138571e+02,1.582151691733565002e+01
-1.751049029860118083e+02,1.546395377921863989e+01
1.668617192485175735e+02,1.370980387983869164e+01
-1.672727784453932145e+02,1.627903527700320296e+01
1.797181979840372890e+02,1.838796995288133118e+01
1.770415615803399874e+02,2.308685305213326799e+01
-1.733316348978711403e+02,1.970534749151720177e+01
-1.770833965783979238e+02,8.956993422196447341e+00
1.743784231128338433e+02,8.813589411145844821e+00
-1.753764273441395858e+02,1.935581818186529190e+01
1.746671046778373011e+02,2.470461622880575092e+01
1.720110043996592140e+02,2.807202983012277286e+01
-1.737979014795327544e+02,1.977221113241035866e+01
1.781497864916742060e+02,1.448148526396360936e+01
-1.790754858979755397e+02,1.184466669024403451e+01
1.772552427827720578e+02,1.217263154765457500e+01
1.683250630737902611e+02,2.900849186901436738e+01
-1.610930725118335829e+02,3.526502695853671554e+01
1.618718436954490016e+02,2.048514022691121994e+01
-1.737845775896846874e+02,1.731149923921585909e+01
1.696905957904370723e+02,1.424126210183218433e+01
-1.517691869147614057e+02,2.719046173917271858e+01
1.307742258581298245e+02,2.461800991526367710e+01
1.647024141863932414e+02,1.475718259282108846e+01
-1.700264447016517124e+02,7.195100256068990063e+00
-1.714294393443270792e+02,2.096699167714714562e+01
1.669072380762521561e+02,1.284318892846841109e+01
-1.739141489628535453e+02,1.335546737348328961e+01
-1.595391052540131227e+02,1.773579258220713584e+01
-8.917501784632865736e+01,1.705685789911257544e+01
-5.499009404696758452e+01,2.038139362617639705e+01
-6.744416568350052898e+01,7.857095607666286341e+00
-8.687855347296671482e+01,2.228766886338657471e+01
-4.029405894188658266e+01,1.669238500411164594e+01
-7.379949422919202107e+01,7.409711725854149833e+00
-6.820341914189098986e+01,8.558334525571238416e+00
-6.912678408353852433e+01,1.026322527366515658e+01
-7.006531371210927261e+01,9.804867512028325294e+00
-6.442043626909260468e+01,1.553056981344393250e+01
-4.394175028177823350e+01,1.500371734744652663e+01
-6.805046159018466767e+01,8.791622213679701758e+00
-6.689870975426441646e+01,1.118778406640378265e+01
-4.112650816761945549e+01,1.351152520010694857e+01
-7.585757214093194989e+01,1.005079956954279297e+01
-7.355140734485809162e+01,1.212772176331515084e+01
-6.349967075200716948e+01,1.801430884452026149e+01
-7.635836686798369044e+01,1.862537811029438117e+01
-5.188931741657169994e+01,2.523487493863900610e+01
-6.403376879209430683e+01,1.651858670547293428e+01
-1.782260647772137361e+02,1.988828464663735929e+01
-1.787875615954817761e+02,2.176429071885976185e+01
-1.791975053455363422e+02,9.152755647111373349e+00
-1.661387268784370974e+02,9.636683114793706650e+00
1.599022169514566087e+02,1.372966823595209185e+01
-1.604246345099466282e+02,2.243480102908855400e+01
-1.794448174550796011e+02,2.178554264956681052e+01
1.724002368192153369e+02,2.408350709474654749e+01
1.754816994121692915e+02,2.329110961547454650e+01
-1.650485183708122747e+02,4.118000205225705912e+01
-1.713622831245960469e+02,1.487031189010519583e+01
1.769804774263976128e+02,6.007259241942441541e+00
1.672720587604413254e+02,1.278957980961881091e+01
-1.689017408335801633e+02,9.103912172993899432e+00
1.720628740422387750e+02,1.073351874113217264e+01
-1.761745092522847074e+02,2.882860553224619871e+00
1.759556274734279384e+02,9.125779026423369800e+00
-1.714943361579941836e+02,9.252300216231541086e+00
1.659193997313622617e+02,9.045733518468587420e+00
-1.621675779429259023e+02,1.411206929056167425e+01
1.725695698941141814e+02,3.003937511560339857e+01
-1.293497447537239680e+02,3.363478527891940928e+01
-1.623212734805229616e+02,1.717633914176028398e+01
1.243650500689628728e+02,3.949921214967609018e+01
1.303879249398478919e+02,3.041695511498730298e+01
-1.622681988921735581e+02,2.965663308511032525e+01
-1.236937220116587639e+02,2.464579494289326433e+01
-7.337849307340447069e+01,3.223685993980465980e+01
-5.865838997295863066e+01,3.218645028690345100e+01
-8.809913711026192118e+01,2.551582533104901529e+01
1.710667254315537491e+02,2.845962221520020563e+01
-1.507432315535936596e+02,3.380968441840603589e+01
-1.781784161613303468e+02,2.685784144342967039e+01
1.748189090941875179e+02,1.690959658962792389e+01
1.746885155301732482e+02,2.574558018501664236e+01
-1.790947120262451904e+02,1.363829038206264421e+01
1.664095561504783518e+02,1.724380182153860375e+01
1.731815484389918254e+02,2.572849255531006207e+01
-1.761344897279874999e+02,3.390472646706582083e+01
1.649724784355335885e+02,2.034828403595445678e+01
-1.702378619735728762e+02,8.070310236663189585e+00
-1.713342264221706728e+02,1.231187469595667672e+01
1.592827197678823552e+02,1.334451750736665687e+01
-1.691813381136948635e+02,8.243932245454821839e+00
-1.783794030180029040e+02,1.268927170962360051e+01
1.708127169951549433e+02,1.252984701527327971e+01
-1.724815513553735968e+02,7.329295626305990297e+00
-1.688907720234461749e+02,9.817809772490114995e+00
1.749764224327773832e+02,4.573753393255665323e+00
-1.721912131850664025e+02,7.955733818583052397e+00
1.689891942042389417e+02,1.135781603300063125e+01
1.793219112660644043e+02,1.053308056885275690e+01
-1.555070092718331978e+02,1.283612400425299072e+01
1.736807265545434404e+02,1.079591537339218732e+01
1.767559281055870599e+02,1.028745390278793792e+01
-1.768760531638638724e+02,1.156426506242430285e+01
-1.664596647065924344e+02,1.398232578619054678e+01
1.677516710559479236e+02,1.792336601335094670e+01
-1.723549765314152751e+02,1.611973998700953103e+01
-1.559584103702175071e+02,2.423730611047505334e+01
-1.729591537343228254e+02,3.195356670924991960e+01
1.786690036307693958e+02,1.849371308949750414e+01
1.683525019428585949e+02,1.639774445502632716e+01
-1.730578902053966601e+02,1.733569120096402827e+01
-1.754991715720021546e+02,2.637522696988099469e+01
-1.571562790254248796e+02,2.395400359854511407e+01
1.640816375510437979e+02,8.998510800427938605e+00
-1.794122338811878876e+02,9.668269617624133616e+00
-1.648908110897715176e+02,1.980462517913460374e+01
1.553921197242387962e+02,2.749772503787858469e+01
6.580244952212827059e+01,2.533031870915432648e+01
7.268322418327463197e+01,2.004506541298219346e+01
8.096810665795615591e+01,2.134047157010598994e+01
1.082691461787274108e+02,2.575935601646152762e+01
1.422667763464787640e+02,1.640119347529705962e+01
-1.402372017073684844e+02,2.430787408200946942e+01
-7.320355874372268090e+01,1.430042338003837266e+01
-5.273661110412169251e+01,2.161236964283260775e+01
-7.896606678450525862e+01,1.882530428256686506e+01
-6.380726490134759388e+01,3.078128509032370630e+01
-8.206414210237927875e+01,2.526436796141353369e+01
-4.932673346605611897e+01,2.964859729745040795e+01
-7.802735621566564816e+01,3.009370435640014563e+01
-8.550032644367354351e+01,3.371143437069538606e+01
-3.232531695517943149e+01,3.740468228148083085e+01
-9.408171680087052380e+01,4.328166574667694988e+01
-8.464629174091204789e+01,3.081960039772389592e+01
-1.031748222080772877e+02,2.404366941594387086e+01
-1.411936014209073278e+02,2.769092686775059420e+01
1.470478859301632326e+02,2.805496528612888696e+01
1.714186854197494938e+02,1.442114406010021810e+01
-1.699756261051345234e+02,1.112009761251017892e+01
-1.785854835558505158e+02,1.624183604931269542e+01
1.668263440569169802e+02,1.327097231125478416e+01
-1.714847693507951760e+02,2.696670572256049425e+01
-1.755602552459495485e+02,9.643875241022364264e+00
1.730417851844423751e+02,1.691170100248589137e+01
-1.791340829391363343e+02,1.261347782989116695e+01
-1.757396981744097388e+02,1.355231129389500211e+01
1.772195503031291253e+02,1.689656609606578996e+01
1.681931590013216180e+02,1.611085694614746444e+01
-1.689053840429401419e+02,2.618310188075287215e+01
-1.738880873248103285e+02,7.782442603854418550e+00
1.651365553173805267e+02,1.866322375903875752e+01
1.777856680870932564e+02,7.137647978497117407e+00
-1.644201634594832910e+02,2.081066626486102678e+01
1.649307040412126071e+02,1.041827575045045151e+01
-1.770395290749272306e+02,9.937905933433743400e+00
-1.720965141518278472e+02,1.283352179405040339e+01
-1.775754948627511851e+02,2.495432408208472452e+01
-5.083106711232309038e+01,2.560464753639727320e+01
-6.399108985729753130e+01,1.678848607334838761e+01
-4.189828982052205930e+01,1.444399135532123779e+01
-7.409936227341691506e+01,3.193735906454786289e+01
-5.774869438194281912e+01,1.673166530797538698e+01
-5.048961087804787695e+01,2.564421223848037812e+01
-7.181092594689951625e+01,2.844455462028989245e+01
-5.913307815403794621e+01,2.185107496096990687e+01
-6.534989692354700708e+01,3.937836693401179389e+01
-5.225163196034711888e+01,2.102371308627281365e+01
-1.660286864168224383e+02,1.982799237266268833e+01
1.414113564246150077e+02,2.698745125708409986e+01
-1.659096648525431306e+02,2.876158895422134520e+01
-1.666329388671970264e+02,4.038992004176034811e+01
1.550283395508271553e+02,3.578282095764032533e+01
-1.416014438690103532e+02,2.986838126414996708e+01
-1.605006022257994118e+02,2.258438303938882186e+01
1.632450696710403122e+02,2.233275742852568868e+01
-1.683668622001271444e+02,1.823193587540959371e+01
1.618440755986213162e+02,1.668593258794965095e+01
-1.621818770468353534e+02,1.346440584823148789e+01
1.729103437239299694e+02,1.096057502319959909e+01
-1.691052664804839196e+02,2.052349223111145093e+01
1.773615351818364445e+02,1.583595807884909945e+01
1.740414677546776545e+02,1.201782466498389113e+01
-1.751377709956529145e+02,1.507554870072426922e+01
-1.785324685111003475e+02,7.386281415078213008e+00
1.689913432861000331e+02,1.226870929865623694e+01
-1.679985537184553266e+02,8.445996042773558088e+00
-1.718507459016544487e+02,1.064820358017069601e+01
-5.327079140147586145e+01,1.481471492473319884e+01
-6.107821793936969357e+01,1.609144466753999936e+01
-5.631605875747287371e+01,1.902528576751279488e+01
-4.568976393421488069e+01,2.078290340160988947e+01
-7.253256063190933389e+01,2.633071957524315465e+01
-3.267046161836984197e+01,1.622047873078784264e+01
-6.536326388643968244e+01,1.853553103431221416e+01
-4.756134552231021217e+01,1.635973491414591408e+01
-8.287983023878031474e+01,2.969844676212880330e+01
-5.809321497188940953e+01,2.123103510374976111e+01
1.653901981953740687e+02,8.192309072367081058e+00
1.795516592126164710e+02,8.319515856795803188e+00
-1.717253209772752314e+02,1.391207388610685314e+01
-1.774899711192699385e+02,1.063990971228852445e+01
1.661612113958705947e+02,1.119836470038876364e+01
-1.698553499175786214e+02,1.001221899684622230e+01
-1.706356054166403169e+02,2.012214887198154400e+01
1.669254810971490031e+02,1.111121230354099154e+01
-1.744252512354754003e+02,1.133154653571341797e+01
1.772858079157274176e+02,1.192353815686662522e+01
1.713789366744463791e+02,8.732402153781173126e+00
1.793268301297727589e+02,2.986810352024434678e+00
1.731074287800358036e+02,5.260090567469391409e+00
-1.614027901233744160e+02,1.788055546807836294e+01
-1.793037940379222448e+02,1.441693237908965131e+01
1.738118167726997001e+02,1.612174586288141853e+01
-1.492013513463142544e+02,1.625400792318168186e+01
1.471154461948082144e+02,1.783978795229563019e+01
1.762966860497292316e+02,1.078715839389210096e+01
-1.634708218826540929e+02,1.579065422568777066e+01
-5.526439161438511150e+01,1.485379352689755095e+01
-8.315229345546956097e+01,1.811388404928784723e+01
-4.710253388813177367e+01,2.944223885915518224e+01
-8.141737299265943761e+01,2.589249589659843664e+01
-5.104669710007077299e+01,3.546794937950723892e+01
-1.036525816632070445e+02,4.541797175575806733e+01
-7.378815067452134713e+01,4.275615864439205893e+01
-4.385657906162233388e+01,3.369682953394477920e+01
-9.460013420188593614e+01,2.397643399376778461e+01
-4.809558596036953304e+01,3.432871863386000655e+01
-5.867178330407066511e+01,2.620815069159903032e+01
-9.275214832048879998e+01,3.615658057855431196e+01
-6.673302967892693971e+01,2.070760945372347450e+01
-5.146870536415693920e+01,2.662354338633811324e+01
-6.702243183301318652e+01,3.091228622115713520e+01
-4.874671828425901765e+01,3.492360292120103082e+01
-8.971521190789400180e+01,3.232441481398372218e+01
-4.634787718291016034e+01,2.743528760451002313e+01
-6.805874794726470611e+01,2.637576574430010368e+01
-1.080781293907912755e+02,2.750790495131092328e+01
-6.088624690926298655e+01,2.714645458785479093e+01
-4.653176925336796188e+01,1.551677344886009635e+01
-7.559718925260700928e+01,1.708669888520989844e+01
-4.839663151275959763e+01,1.424852595840841829e+01
-5.711041572854855985e+01,1.230736413846781652e+01
-9.577109660239659661e+01,2.902426603438159702e+01
-5.884350705762538070e+01,2.844450672344358821e+01
-5.724741720352902519e+01,2.307938220033225818e+01
-8.981151996351243838e+01,2.344813968454128528e+01
-4.154677653334210419e+01,1.685791763198594140e+01
5.138754822332766992e+01,1.241381526121404555e+01
1.068832673740755865e+02,2.748439670605777252e+01
5.863066188862813277e+01,2.147466864854266788e+01
3.470266144034223998e+01,2.227746501257222178e+01
1.134358133355059834e+02,2.626783732994410769e+01
-1.728273875445359238e+02,7.531907649202345567e+00
-1.351085359559952792e+02,2.869465256213030813e+01
1.653673906725045981e+02,1.667922142823307752e+01
-1.746741507576795129e+02,2.855636648571822178e+01
1.652019037171900493e+02,1.275998134317620014e+01
-1.784888330848271494e+02,9.448957348835094194e+00
1.718746378783381772e+02,7.002475185173118177e+00
-1.686265034797262388e+02,2.257763009978146584e+01
1.559034175831502012e+02,2.327666439343568427e+01
-1.575867493732549462e+02,2.671302874405091998e+01
1.743270781560314333e+02,1.999541552204313888e+01
-1.732525692028618494e+02,2.383085126406602328e+01
1.673818762880276267e+02,1.858342401804416255e+01
1.790338461276077453e+02,1.091086363862313036e+01
-1.730290002837079157e+02,1.266872994592925750e+01
1.507895358814333235e+02,2.759431338497693531e+01
-1.479485018401388743e+02,2.661116311044575866e+01
-1.682796793985042711e+02,1.332840869705193576e+01
1.451481744898556201e+02,2.041797747977766520e+01
1.757770330023073768e+02,1.645691393535408054e+01
-1.546300538474823441e+02,1.909643591441633248e+01
1.562850796559362436e+02,2.197459693020092431e+01
1.680399518463553932e+02,9.015961745284206685e+00
-1.465632610212623490e+02,2.462245473616636460e+01
1.652803725367750189e+02,1.658448724001898356e+01
-1.585217307958761808e+02,1.267149241086253042e+01
1.728704232198184343e+02,1.623059585332615029e+01
-1.734725697658111301e+02,1.102710565820453503e+01
1.622822677584729547e+02,1.474014545516174834e+01
-1.761473874549444076e+02,1.244240657179210530e+01
-1.718708700911889480e+02,1.243310728115404729e+01
1.689122246719683744e+02,1.045540694010639804e+01
-1.793341011030712195e+02,1.011632897664274289e+01
-1.564934549318691666e+02,1.481651948488861592e+01
1.605952794676711335e+02,2.268076433755440036e+01
4.240207606564777620e+01,2.394552056934811546e+01
9.295160573106603863e+01,4.130628160370466162e+01
7.629932382182214212e+01,2.311888797058104927e+01
6.520929998436405128e+01,4.586056909902058720e+01
6.898882477066791807e+01,2.686850095962070384e+01
6.382344258324268083e+01,3.233773713597847177e+01
6.073533822167743779e+01,3.721739536505971557e+01
7.143745525743874225e+01,2.706281622995872027e+01
6.251520301515694911e+01,3.886365021557297439e+01
6.200882563773701861e+01,2.158407748524584946e+01
1.517952449125562850e+02,2.220904659749571053e+01
-1.666540664031336689e+02,1.967408897913281507e+01
-1.669465214880112285e+02,1.297563531992796726e+01
1.611272285754387212e+02,2.029860009033964374e+01
-1.517879427082692416e+02,2.085464456343806816e+01
-1.702778086261520230e+02,1.216477055261140450e+01
1.690569179457129678e+02,2.251913230580097647e+01
-1.580419870002070581e+02,1.812198793058525936e+01
-1.637417065108149643e+02,2.077026011574944775e+01
1.579696237094206595e+02,1.810032986079150419e+01
1.187754671240064965e+02,3.004428263153112155e+01
1.374559036488279844e+02,2.526194896604321727e+01
-1.411887794204675117e+02,3.618100478578313073e+01
-7.780358854997659535e+01,3.903544696557604254e+01
-3.133212596059043520e+01,5.480909310086610731e+01
-1.195344180511361571e+02,2.325875882180177001e+01
1.480514145299956112e+02,3.848549713976336051e+01
8.399595457434142531e+01,2.428869634973975522e+01
3.614548364368599920e+01,1.945786617745884683e+01
8.314416409015073839e+01,2.963933352500817975e+01
1.790082945923258535e+02,4.122575420495967258e+00
1.573280943367476254e+02,1.081722404195079790e+01
-1.561758743376868779e+02,9.848276942537991019e+00
-1.706447628997919708e+02,8.217292135686353305e+00
1.729899450716517038e+02,1.285556985773051508e+01
1.705341992777618714e+02,1.373653104417923032e+01
-1.587723667455263126e+02,1.720552538433680922e+01
1.550065942658924030e+02,1.091428603567209166e+01
-1.582678175635425930e+02,9.906154692621909064e+00
1.561850344741062031e+02,1.325059709311030254e+01
1.036594980987770214e+02,1.864612740211542885e+01
3.900339943663400533e+01,2.390018893301062519e+01
6.715205509815034191e+01,1.192681226463765398e+01
1.480180302591563759e+02,2.118343355906223024e+01
-1.203937672311291323e+02,4.048998063243836043e+01
-3.805717165972895799e+01,2.108256527113769607e+01
-3.898685780351536323e+01,3.475248444611042942e+01
-1.116398873834541803e+02,3.044856508213104718e+01
-8.999348555352864309e+01,2.256653664282846705e+01
-3.497243767829513672e+01,3.115451195053977074e+01
-8.282104683251692734e+01,2.590968781315195457e+01
-6.388728229004600223e+01,1.676863428479601481e+01
-6.564659035096559592e+01,3.133285380961857669e+01
-7.813318233028653026e+01,2.242552637219083067e+01
-5.724020244791373813e+01,4.799712275518309923e+01
-7.729203480236928669e+01,2.064209084960261720e+01
-5.875821128174632690e+01,1.847653913342255194e+01
-5.878983560734765490e+01,3.729984875824755619e+01
-1.029242181525939515e+02,2.042429882990211354e+01
-7.844830442787171876e+01,3.722474780770627234e+01
-5.943123855991920124e+01,1.692282374827213332e+01
-8.175662821909324407e+01,2.703007516177241598e+01
-6.929307936879847318e+01,2.106837334960045283e+01
-5.933112023646650357e+01,1.917392035070764678e+01
-7.045907672276625533e+01,2.856508725528701831e+01
-6.164172556529290858e+01,2.804102502730773239e+01
-6.816330889004720461e+01,3.173363976949519838e+01
-5.631883839597168873e+01,1.922814184844136065e+01
-1.134559414433344955e+02,2.997670876038829846e+01
-1.221614128509989285e+02,3.126278130501036401e+01
1.724361241779023999e+02,3.237304010459614290e+01
-1.572749180802000808e+02,1.198952181621618784e+01
1.681743929062586176e+02,2.943772729325764814e+01
-1.764487923342471447e+02,8.947235423378909758e+00
1.714236938910168817e+02,2.754653570857812639e+01
-1.567384128076163563e+02,3.609493640328731345e+01
-1.720811468224455609e+02,3.336166771767828720e+01
1.705511226211089593e+02,2.425767177351453441e+01
1.722963429893092382e+02,2.278819970553112739e+01
1.757860643834210634e+02,4.384726514462754210e+01
1.616788137374733765e+02,2.955771630193395083e+01
-1.721541472636592118e+02,3.547475187329659008e+01
1.767720345849803607e+02,4.133616339317696742e+01
1.753647076610724298e+02,3.648245565875022578e+01
1.748236603853883082e+02,2.821866599062244063e+01
-1.782229029130009792e+02,2.434876196783046964e+01
1.636001070761475091e+02,2.166269658319955482e+01
1.659142206624365770e+02,3.886071897029029287e+01
1.791737148910795838e+02,1.915360633412656810e+01
1.686959162692579071e+02,2.498110394114400279e+01
-1.780527240477122746e+02,1.704275664869286544e+01
1.576875480288422864e+02,1.527840083938600557e+01
-1.744672889456832934e+02,7.357739031799313878e+00
1.784237813022718626e+02,9.361649741771355338e+00
1.600450716056866725e+02,1.032437692843235766e+01
-1.593134522769750276e+02,1.114291285126531150e+01
-1.777650554527024269e+02,7.063646415074904539e+00
1.609974168274184194e+02,1.431499596211625658e+01
-1.685102755681489271e+02,8.356707620705517314e+00
-1.775252160794951237e+02,9.617672296149146760e+00
6.717682761990383256e+01,1.849024863328372703e+01
-5.323912200737725442e+01,1.446920446905262025e+01
-7.612575684437103973e+01,1.296251345695678481e+01
1.863487545423363478e+00,2.780152596381879704e+01
7.296084240696015399e+01,1.050439247785640262e+01
8.470130274067416565e+01,1.561832824371128225e+01
4.433294536005760023e+01,2.538826858243889362e+01
7.358796049188136124e+01,2.366712423368542417e+01
7.843853399461413289e+01,1.668796863822948850e+01
5.895073723712980041e+01,2.081540549160906650e+01
1.631301539378282826e+02,1.313534075210595020e+01
-1.786104057967088750e+02,7.150585672923756242e+00
-1.738726604083356619e+02,1.383349206369351769e+01
1.776207229010442461e+02,6.101132556648356520e+00
-1.738934981015311791e+02,7.418098798919769976e+00
1.596226891458919965e+02,1.461174805233627438e+01
-1.791121083471475401e+02,2.375969682115677628e+01
-1.709046579552355354e+02,1.553702975360557836e+01
1.670899961196770676e+02,3.069129553040389702e+00
-1.553466697453924326e+02,1.244802611516689339e+01
1.606019485833579097e+02,2.035904594716519611e+01
-1.654570881413627887e+02,2.292296112556917365e+01
1.772343823594338801e+02,1.881126149825013982e+01
1.715255527810496687e+02,2.176532414612768207e+01
-1.766812089910958434e+02,3.035055575594283184e+01
1.718762560797918582e+02,2.190314427403241382e+01
-1.759661332428397600e+02,2.936243476693351084e+01
1.789253775192516684e+02,1.836495870261874686e+01
-1.761149443889207475e+02,2.129255286869770813e+01
-1.772608036308097610e+02,1.405531266495272469e+01
-1.756266422986268481e+02,2.465461592382744627e+01
1.760861993860086727e+02,2.360535132051827389e+01
-1.617733180357779759e+02,1.386750083164831082e+01
1.741463635107025993e+02,1.380603650919509739e+01
1.758586498815140544e+02,1.308655195529347282e+01
-1.780023004170437844e+02,1.842824923136647897e+01
1.627743220105299997e+02,1.451693363910245260e+01
1.739480684046684473e+02,8.720061931989565807e+00
-1.461536931746342134e+02,2.009696481447843297e+01
-1.789179671246287455e+02,9.066050939239296724e+00
-1.681609826927332279e+02,2.923607081682713016e+01
-1.749242542730964090e+02,1.839289895975577593e+01
1.576545015847072477e+02,2.335417084596210202e+01
1.640799149605484217e+02,2.388427681558967919e+01
-1.579550286483983825e+02,1.468502053943212893e+01
1.680880726025394551e+02,1.334254829756080518e+01
-1.777876865016669115e+02,1.196080127078656119e+01
-1.754212247581509700e+02,1.290222874259957564e+01
1.718089825505732335e+02,1.650580378918164115e+01
-1.714467217495734133e+02,2.255526361890687070e+01
-7.484571335719813590e+01,2.638268934469078886e+01
-6.884014088967191469e+01,1.809005564893654139e+01
-5.342595198915041266e+01,2.974465339363837302e+01
-7.999682753296490034e+01,9.376569147709648888e+00
-4.867952376804318959e+01,1.698446855382369591e+01
-3.035128913553181462e+01,1.358198368216136487e+01
-8.951226239705461296e+01,1.611268854951091711e+01
-5.313167104603478208e+01,1.272272835150141468e+01
-7.449258299993324783e+01,1.545084332579813591e+01
-6.938617033991242522e+01,1.579387225521960048e+01
5.493276357678833932e+01,1.584245933869714307e+01
8.455455647752121706e+01,2.491152696765298202e+01
7.325424106351363207e+01,1.664521496147180812e+01
4.588448170430049800e+01,1.687300496314482956e+01
9.459809444535406442e+01,2.736207568347417052e+01
5.656282870034820576e+01,1.559324786686924824e+01
5.752645472509383495e+01,1.547771951733830065e+01
7.781789599057350415e+01,2.050971668751425625e+01
7.148971892721897348e+01,1.738068492461872339e+01
7.556190206694256517e+01,3.590036419739769258e+01
1.654790680434519459e+02,2.177986511874204467e+01
1.641481083036215409e+02,1.512560398318063193e+01
-1.673001282879633891e+02,1.868048430981147590e+01
1.714902772605595374e+02,1.630639453931269856e+01
1.796540787336415406e+02,2.102267107455767103e+01
-1.698818172138603586e+02,1.242842906934141922e+01
-1.766867467944430814e+02,2.988148195029710052e+01
1.668121231159823878e+02,2.739067265847598520e+01
-1.617669727996868403e+02,2.099733268673924869e+01
1.607436597880525255e+02,3.256149791834757679e+01
1.644987007832365578e+02,1.515070994157627737e+01
-1.621201483328695474e+02,3.156879657302721398e+01
1.793085384504301771e+02,2.429740941049268343e+01
1.793556305073911687e+02,1.480462992139172229e+01
1.757312686639674837e+02,1.392285936827447657e+01
-1.690099941595462099e+02,9.846661129058544404e+00
1.631941152727381450e+02,3.533008703100575332e+01
-1.628690310522513300e+02,2.637486215696460334e+01
1.748154192981931203e+02,1.617818559896159059e+01
-1.669783952663204616e+02,1.028145524920923570e+01
-1.729426163900018594e+02,1.518914325763875794e+01
1.619619815446642974e+02,1.462521854634973906e+01
1.757667274697068649e+02,1.080551558577908366e+01
-1.795967698817585187e+02,8.532888634260881844e+00
1.700057954369887341e+02,9.064014543004825342e+00
-1.681568259601422994e+02,1.260288255592312012e+01
-1.793715413548910362e+02,1.309176664069530105e+01
1.777445764203747558e+02,1.177643153510893015e+01
-1.670502425334062195e+02,1.828485069636977656e+01
-1.790199313465270450e+02,1.515366876777926564e+01
-9.057116276251133513e+01,3.464858822289127005e+01
-7.239985972970075068e+01,2.746479874986354019e+01
6.895434767994957781e+01,3.574922809016985781e+01
1.169764387505832133e+02,2.699807425416679152e+01
7.937560705288623808e+01,3.440544349808050839e+01
5.475319672239242408e+01,2.767420220932097408e+01
8.793097588099084305e+01,2.243221934624423852e+01
6.729380301926988750e+01,1.965353128855107911e+01
4.317065076616584207e+01,2.857017599608712288e+01
7.337818795115455828e+01,3.522580325174443061e+01
6.751718065245489697e+01,1.751802597580433840e+01
7.389795462469601262e+01,1.604223884425680779e+01
6.506307003676757006e+01,1.335384283449762854e+01
6.014638367410241671e+01,1.082323058167279761e+01
6.918380216101705571e+01,1.157057795496158725e+01
6.133026245542444599e+01,1.252656679774833393e+01
6.942822372228950201e+01,1.877276829706248762e+01
5.215067781360539811e+01,1.811303671411727123e+01
7.583547458499977267e+01,1.651291079182306021e+01
5.574673240547451769e+01,1.599937832351906408e+01
-8.706690407346461313e+01,4.559795300924007222e+01
-7.044741760931560748e+01,2.189932503644313044e+01
-5.455864859359263619e+01,3.164773999003007532e+01
-8.091421817638766356e+01,3.139142954659090634e+01
-5.137277724724799555e+01,1.706411078529275471e+01
-5.936576915139672650e+01,3.734481669420067362e+01
-5.958115918444062942e+01,3.225896415295990494e+01
-4.263955775801607473e+01,3.405882385037852345e+01
-6.663801891506030017e+01,3.400617828060291714e+01
-4.420255258947261012e+01,2.687730966198133231e+01
1.663018703257874620e+02,1.065491496310082375e+01
-1.560642666614473342e+02,1.526344329908981479e+01
1.632755635518098245e+02,1.875458593686827768e+01
-1.749403806010579672e+02,1.434304281916207913e+01
-1.705810911104115632e+02,1.934381701692143096e+01
1.603816073662410417e+02,2.373480850543567300e+01
-1.560678875679872988e+02,2.470708818150906083e+01
1.629202328822593984e+02,3.484375023843571739e+01
1.723012190512793325e+02,3.572321454487745029e+01
-1.566207842143481912e+02,2.683085952246882044e+01
-1.789336853964060765e+02,2.260261216306080456e+01
-1.490215080432368211e+02,3.886589729463409526e+01
1.746045942525601617e+02,3.331349118512575558e+01
1.722613717475515500e+02,2.872270071823488991e+01
-1.664909300122259026e+02,5.472531261625425714e+01
-1.732690077568484526e+02,2.161281826447642374e+01
1.516186145238209519e+02,3.715738821451673601e+01
1.687093480686720284e+02,3.534714009407051094e+01
-1.709316092779757241e+02,1.982548584194632824e+01
-1.510484427627109483e+02,2.908221150818912548e+01
-1.625416191648758968e+02,1.509700483260515647e+01
-1.797117841110620589e+02,9.524527175529065914e+00
1.708453488091274437e+02,5.278193545670740505e+00
-1.663809982449942595e+02,6.929844826377177469e+00
-1.791351764610380997e+02,1.000278173215656352e+01
1.661511387117275547e+02,1.165490573659400475e+01
-1.664582628466032759e+02,1.078340538354062517e+01
-1.742482812726712496e+02,6.289742669943445108e+00
1.555090954916202861e+02,1.037842648095570652e+01
-1.712453045517307260e+02,9.383080630124961630e+00
-1.779351949263688084e+02,3.444651207871689280e+01
-1.563415822084003821e+02,2.805482903950443330e+01
1.689472762230074352e+02,3.103241887831998724e+01
1.432744775449017993e+02,2.916381334338461073e+01
-1.483979221864920532e+02,3.601920041274685502e+01
-1.730435492409744995e+02,2.209450776123550497e+01
1.107536017290758679e+02,2.648395687257978182e+01
3.183274053895654987e+01,3.585017545319286825e+01
3.884401077981949868e+01,1.668215660113656185e+01
9.395567520908227266e+01,1.890116209865606933e+01
9.105198635223531767e+01,1.603078714531843474e+01
4.881180741889240693e+01,1.458252348766962925e+01
7.368076766896842855e+01,9.332072590886333785e+00
8.051282991409189549e+01,1.158202268846282834e+01
5.187841146122574543e+01,1.170429684921641744e+01
7.944444836783151231e+01,1.015542713758599902e+01
5.442511768815563045e+01,1.200229089342812649e+01
6.296238189876815738e+01,1.606658331593737898e+01
5.790680426557464244e+01,1.758249267519040870e+01
5.821406769951101268e+01,7.175525781430374117e+00
-1.778016374790136638e+02,3.148827060312292758e+01
1.766831099896658657e+02,3.602168224330056034e+01
1.751771975550674938e+02,1.270793470926513002e+01
-1.723844710631740043e+02,2.043556971472735384e+01
-1.751548069631998032e+02,1.496121200815993113e+01
1.600228268988971934e+02,1.985596913423304244e+01
-1.670473525409901754e+02,1.978057598285500518e+01
1.727889938441648212e+02,1.800642970808829801e+01
1.698018007811613188e+02,1.801366603914662790e+01
-1.629204643050492223e+02,2.179417633522673370e+01
-1.754492753272655818e+02,1.513633021556449698e+01
1.628989238969232360e+02,1.404310423883159409e+01
-1.748824971631313474e+02,1.114614838315673850e+01
-1.662267496367811361e+02,1.828372033647451644e+01
1.664452634864129834e+02,1.846960859961834700e+01
-1.762849563711998826e+02,2.394074269022795676e+01
-1.623835120529380447e+02,1.606938732567469685e+01
1.587467071946491046e+02,2.375504199756589685e+01
1.479308084544663586e+02,2.150264204473510787e+01
-1.467927267966353213e+02,2.957018624770992687e+01
1.575939258372621907e+02,3.011066266502234612e+01
-1.733041845031168293e+02,2.477925125989086297e+01
-1.510274597404793155e+02,2.786155500571425847e+01
1.600809953082952859e+02,1.855181360337434171e+01
1.497438647017917788e+02,2.533026019222462111e+01
-1.693174385116908809e+02,3.450624417024772583e+01
1.766286382983880969e+02,3.741634445755703808e+01
1.502341857181696696e+02,2.024877126046094844e+01
-1.595158166085759319e+02,2.142635761741117761e+01
1.780478402824103057e+02,4.085497041097227822e+01
-2.335573496270880156e+01,2.714305966920997548e+01
8.596040603369365840e+01,1.545440579406058390e+01
1.223532545465700139e+02,3.786854321547076552e+01
1.167170003488486429e+02,3.036842157592344194e+01
4.497429309964623911e+01,8.499038880673447593e+00
6.199524312923559677e+01,2.121479224976038580e+01
9.191080063249494003e+01,3.254869168531428159e+01
5.922523454871819837e+01,1.919084152588575876e+01
7.595424540919073308e+01,4.838703486744726234e+01
9.410392526777506816e+01,2.501697471503074155e+01
-8.824744420027086278e+01,2.751701255092006804e+01
4.637829403729047328e+01,1.070988968284257226e+01
7.516220600745980107e+01,2.393570288814045810e+01
1.756447863250889796e+01,4.414891794088283916e+01
6.951084803877061802e+01,1.398635485879015761e+01
5.685808517356821312e+01,1.197412737284621187e+01
5.762893499809204201e+01,1.695837227302754258e+01
9.376203631484047207e+01,2.977173245860642936e+01
5.950145756344927150e+01,1.326797463970705060e+01
6.333156095821902198e+01,2.094728494347648606e+01
-8.036686368934597624e+01,1.223419887784148585e+01
1.904066551262687668e+01,2.515023665531578345e+01
1.236570050440260360e+02,2.968181608174342045e+01
-1.329029597165620942e+02,2.101437167046649179e+01
-1.660730784536810916e+02,1.915770535798064600e+01
1.644126053401892023e+02,2.337174363903175234e+01
-1.692580220944189477e+02,2.173017705818829981e+01
1.765625142666944498e+02,2.852941071540368867e+01
-1.508033985724963770e+02,2.544632858720436630e+01
1.300222233989106826e+02,2.498945484075282764e+01
1.619749958354312867e+02,1.609243871233066869e+01
7.614978296305015704e+01,1.712257165734995468e+01
5.298462243708545572e+01,1.283602296356693628e+01
1.409943811886208209e+02,2.241174025203790166e+01
-1.613081979190096433e+02,2.913228633415021562e+01
-1.644040494910196912e+02,2.762478420927645928e+01
1.603050141129743054e+02,3.184908308294823343e+01
-1.456241963407727553e+02,3.025321508956241701e+01
1.502582267143170611e+02,3.015449105999660162e+01
1.575833786801314602e+02,1.972192808721125346e+01
-1.692419244743707623e+02,1.527702077540931747e+01
1.733778547904996969e+02,1.408508547329723548e+01
1.685731237480757727e+02,1.935758245751781459e+01
-1.679542972251122706e+02,1.914289289944009198e+01
-1.735841840818483206e+02,2.133485724194103028e+01
-1.749520985359307588e+02,1.285127872390672721e+01
1.783485052507326714e+02,2.880976829904714620e+01
-1.773170748786275794e+02,2.522938303825770845e+01
-1.573055350381874860e+02,2.254340984069596487e+01
1.792753227093945441e+02,1.702369590571320401e+01
1.757297666691267750e+02,8.483898921715121944e+00
-1.682123648814618377e+02,9.682873798013709177e+00
1.598450734853751953e+02,2.049472328608685601e+01
-1.725228409503725970e+02,1.243455416602207286e+01
1.699136546621611217e+02,2.335899734106151371e+01
1.738887369706363586e+02,7.847093839941511106e+00
-1.557875184610609267e+02,2.197055747470058407e+01
1.467188164284803520e+02,1.496346262297699958e+01
-1.697178918696931760e+02,1.159607311619467040e+01
1.797862617994229595e+02,8.373122278799929319e+00
1.707278984955348449e+02,9.064517714593996800e+00
-1.700204420406409440e+02,9.254157318002942390e+00
1.704955428606271539e+02,1.602150372711152926e+01
-1.785177229831857630e+02,1.759657562942192399e+01
-1.606098385191668854e+02,9.925058466099018872e+00
1.515231581628786159e+02,1.596282450871232328e+01
-1.791001155921873078e+02,4.775692916718075054e+00
-1.556501485148557435e+02,1.429460026616271406e+01
1.601131551115959439e+02,1.131573798943359144e+01
-1.695654232648950597e+02,2.274738796848986055e+01
1.719810858057530822e+02,2.054892830437954032e+01
1.610873887043013895e+02,1.164106634048189193e+01
-1.661305261024776883e+02,2.697886019914978561e+01
-1.594026391259149307e+02,3.191389320764604776e+01
1.567321224987020116e+02,3.070067945977244506e+01
1.603118013616168867e+02,1.597069529793217058e+01
-1.604310554818405308e+02,1.828114099099930812e+01
1.667314019764173452e+02,1.836407162459350673e+01
1.596321617200854632e+02,3.256405699880395588e+01
-1.653699273130008294e+02,1.265165159483843382e+01
-1.706242664683273347e+02,1.419804063108913006e+01
1.513616446750189368e+02,1.939005643723940508e+01
1.747445636591359346e+02,2.182717134429060479e+01
-1.544394308690520745e+02,2.728988222933898555e+01
1.703550967346867253e+02,1.807006451922580226e+01
1.788280860623275146e+02,1.934156200415992899e+01
-1.579476551366735748e+02,1.926024725795072357e+01
1.741932499427222183e+02,2.454378060209269918e+01
-1.694081304844031308e+02,1.643411203875337279e+01
1.689767215018440254e+02,2.422489201184241381e+01
1.421516051975434038e+02,4.871626509026179974e+01
1.418299017467258807e+02,4.321237541838904406e+01
-1.485317238396584116e+02,4.118136167608192011e+01
-1.094181743103457904e+02,6.588273539268718082e+01
-4.215763333912983057e+01,4.097289617885328283e+01
-6.835715037885974255e+01,5.294645572881387352e+01
-6.370735807617896995e+01,2.825997872788278897e+01
-8.329328607226582903e+01,4.664667782646230876e+01
-4.963809548206951661e+01,3.578165985493112089e+01
-7.287159628323138350e+01,4.522117559582571289e+01
6.295345411213335041e+01,1.636329923683352661e+01
4.338320513570776882e+01,1.949918539514425930e+01
5.299040705966962150e+01,1.776081610928361343e+01
5.502226066676076499e+01,1.122081956485387977e+01
4.754431933375190766e+01,1.128309598737835273e+01
7.690686204506364732e+01,2.103342893882625120e+01
3.840327863575589618e+01,3.229582968374295859e+01
7.665921744782467329e+01,3.042284726886849455e+01
8.793430685032690519e+01,2.050949005326920016e+01
3.569939777635141098e+01,1.854157424812460064e+01
7.055805886193302001e+01,3.607232112022371240e+01
5.854662566741207996e+01,3.940533645391239759e+01
5.644526305375662645e+01,4.148917186997733353e+01
6.371068269904373693e+01,4.389064329829644606e+01
7.432760798650625134e+01,4.840868103606405271e+01
8.536698018907314633e+01,3.524965796753235026e+01
5.404728761458306963e+01,2.176414738460687914e+01
7.632590678228940817e+01,2.199224951233691883e+01
7.845863442242242058e+01,2.556647642598720438e+01
6.899635397784378199e+01,2.724720097142810715e+01
6.290052241702107239e+01,1.332754980357821317e+01
6.227779548363840689e+01,6.845638402324939698e+00
7.166227718658420542e+01,1.084814649161739020e+01
6.796209802487683760e+01,7.547638448547647982e+00
6.708122898401980194e+01,1.242983163643257249e+01
6.202611969425230853e+01,8.510698080240835850e+00
7.656777724388381046e+01,1.253599492225271028e+01
7.049955695880326800e+01,9.981292268567207415e+00
5.373858636225434537e+01,1.036183141203835589e+01
6.629579326131877792e+01,1.695538456390020698e+01
1.684664365435143623e+02,2.323551883696930886e+01
-1.747540836573597858e+02,1.223326282887545347e+01
-1.637959005779837014e+02,1.592198992093791077e+01
1.576949447561153761e+02,2.200338667210645838e+01
-1.676510324424805276e+02,2.472135205120959611e+01
1.630251975294739282e+02,1.995422658175496622e+01
-1.739460800629106529e+02,1.370726139039955349e+01
-1.781020246529007807e+02,1.608006674490509980e+01
1.732148709209148478e+02,8.862294726850645787e+00
1.619415324098012547e+02,1.364667755626733125e+01
-1.686812644992618857e+02,1.817087623391235240e+01
1.685850484068606647e+02,7.522721639662227844e+00
-1.782176809947378331e+02,1.367171030305441981e+01
1.739931523236207056e+02,1.176537078731744046e+01
1.690657609228153717e+02,1.805772819611454238e+01
1.799086359451901842e+02,2.036398157245885798e+01
1.730262875937035290e+02,2.124397890532252831e+01
1.696779382322848733e+02,1.630382799401327532e+01
-1.708784869760799836e+02,1.737299369553031525e+01
1.574625660605856581e+02,1.252534071965126827e+01
-6.239771151686350947e+01,1.368055808238438864e+01
-4.792891299980981756e+01,1.107033149345563317e+01
-5.528610213033062593e+01,2.373106070053304251e+01
-6.494718689416865232e+01,2.296917163910622506e+01
-5.193663579964168520e+01,1.757739984905661146e+01
-5.807650590961672776e+01,1.807750576677339183e+01
-3.790231378702763720e+01,1.208766881339190746e+01
-6.139813895453880122e+01,1.031609334322187443e+01
-6.365277403461906403e+01,1.070905005217016281e+01
-6.021045352216568602e+01,1.778983508549417536e+01
-1.787442068236522346e+02,1.277479861574959941e+01
-1.734278359287770854e+02,2.142192995684023060e+01
1.645468465626598515e+02,1.944211969603410495e+01
1.714409703287986133e+02,5.289314518725396042e+00
-1.663143427757331665e+02,2.032140059028592560e+01
1.765681702728089419e+02,1.096894251446580171e+01
1.681366980838221536e+02,1.071885288472600450e+01
-1.583816312715849506e+02,1.167377868448640577e+01
1.636644340373280784e+02,1.277976710993022280e+01
-1.781381569469463955e+02,1.447449434583364614e+01
4.928842654714340910e+01,3.436769885109865186e+01
4.500729280284490841e+01,1.999727109520607371e+01
1.092346360364156084e+02,1.779129037401663993e+01
5.127447838906299182e+01,1.196417152789528870e+01
1.695312075937312812e+01,2.890446934559348335e+01
7.778476808469248738e+01,3.788499812841413927e+01
4.914917655214611614e+01,1.787999016724931778e+01
6.593150404751273186e+01,2.268375410201588238e+01
8.657085804615608993e+01,2.065072142845624015e+01
6.919553439735376799e+01,2.818242617058089650e+01
1.538732862073422893e+02,1.531868594033617370e+01
-1.596064062968222856e+02,1.458557293309988445e+01
1.679196939368619326e+02,1.235767420899635738e+01
1.598995033304636308e+02,1.740116523696688233e+01
-1.606508459621087184e+02,1.607265489339565789e+01
1.705859524230612863e+02,2.349588810214170564e+01
-1.692060545614334046e+02,1.193355643600106220e+01
1.745123335693109539e+02,1.361611313217020935e+01
-1.487033810723794147e+02,1.119848131638780941e+01
1.542627674032485174e+02,1.461858127037768718e+01
1.694803793275751502e+02,1.279164053683783919e+01
-1.447147270178857354e+02,2.027358598268718737e+01
1.737124380517619215e+02,1.992786173499873570e+01
-1.786256248377197835e+02,1.168453312512982478e+01
1.639203983815071979e+02,1.486239187576818388e+01
-1.582412662131795287e+02,1.303353872083387088e+01
1.766392978766937460e+02,1.185429573049945162e+01
1.719426164699067101e+02,2.075813993611821218e+01
1.799548464630005356e+02,1.272170087259040017e+01
-1.610425702401671799e+02,1.939322044689307134e+01
1.615026953224482895e+02,1.073392174895234064e+01
-1.700095962736278636e+02,7.254563010918893440e+00
1.692920233909171941e+02,1.303097137639938552e+01
-1.719411178104210478e+02,2.274655375108164534e+01
-1.699150578674259009e+02,1.449286648345520589e+01
1.768258263400286410e+02,1.262081175582069115e+01
1.734211060646530029e+02,1.433359349119653459e+01
1.796166304925162365e+02,9.022805212583481449e+00
-1.723912634318421624e+02,1.258384903861139570e+01
1.656081995762055783e+02,1.500465193405417530e+01
9.166951191564329804e+01,1.845803014858089242e+01
6.240302799185946014e+01,1.345300864115062467e+01
5.819635139919083855e+01,1.478943955675690525e+01
9.168806912101153728e+01,1.906468419065683406e+01
2.766949865928061669e+01,2.216727973690225539e+01
6.453540418893761910e+01,1.618382046467195678e+01
7.311488103105479297e+01,2.813842365990007721e+01
2.509363678441106416e+01,2.172484363038412880e+01
-6.546353594320451919e+01,2.526473710098987624e+01
-9.244547875757587008e+01,2.651615533324164176e+01
8.381009038454936899e+01,1.759312227202334356e+01
5.527382788941921632e+01,2.502293997422757599e+01
1.220679128204427570e+02,3.443170171575673066e+01
-1.645240408297033810e+02,4.599408254656924555e+01
-1.329563037138481150e+02,2.991338134192562137e+01
-1.408643186476330698e+02,4.022048528705058601e+01
1.445712146076225793e+02,4.308105845051602500e+01
1.568512286835673422e+02,4.307653916324598953e+01
-1.239772320364899088e+02,4.114486571717699093e+01
-6.259507992294525991e+01,1.764397107064181114e+01
7.071456196976991748e+01,1.321925293430464876e+01
7.687581546784946340e+01,1.184935543169004291e+01
4.629472866061526304e+01,1.382828424383634491e+01
8.546518268154026998e+01,2.094983487788050169e+01
7.300211229165967097e+01,1.928496263318270820e+01
1.421669810438783088e+01,2.849061209626150770e+01
6.878580623323061616e+01,1.564564568769241859e+01
8.798998729659400908e+01,1.572325809171611155e+01
4.660391292696481003e+01,2.984282032141476293e+01
7.327291953394832547e+01,1.669198577488456436e+01
-1.244595937625282573e+02,3.742153141996777066e+01
1.464561460836016522e+02,1.280226856001374713e+01
1.643237621643202715e+02,2.549855715914914356e+01
-1.683650262144455496e+02,1.255581533750581080e+01
1.701598418364741008e+02,6.169850903068722303e+00
-1.789764281059587177e+02,5.967314723615645633e+00
-1.751120127972864111e+02,1.597498666666168532e+01
1.747112426778000440e+02,2.004240252546041745e+01
1.787058576737810540e+02,2.216832137495099175e+01
-1.741269504325379103e+02,1.910305666164755323e+01
-1.522456330878629842e+02,2.698742215053501781e+01
-1.536377604200843905e+02,2.541507666372960017e+01
1.560183542633338618e+02,2.169887731115765561e+01
-1.574902871902232846e+02,1.994844101257602631e+01
-1.577134285246564787e+02,1.500580707473175934e+01
1.638757678388683985e+02,2.131885894971620843e+01
1.686362667215077238e+02,1.715040267392500795e+01
-1.371134893716779288e+02,2.804799491614931384e+01
-1.582509935434837587e+02,2.500461253364954928e+01
1.430441895606915352e+02,2.069126739337609067e+01
-1.670911999172970184e+02,1.331266452357592911e+01
-1.597581330871256569e+02,2.762744899959380263e+01
1.520084841387540848e+02,2.292617699922837105e+01
-1.569719990325326080e+02,2.482246353897235025e+01
-1.203823934141990009e+02,2.923116409621465550e+01
-4.025841710162691811e+01,2.150250718521963478e+01
-8.377181644921159887e+01,2.615302772223316907e+01
-1.636267214941905763e+02,1.047168767156721358e+01
1.429102896636630078e+02,2.881333919592774251e+01
-1.776034822519168586e+02,2.111713618450903240e+01
1.781095897261115510e+02,2.063004915969038322e+01
1.742869756787404469e+02,1.529271158483517823e+01
1.690244197689413568e+02,1.518893924569689347e+01
-1.628817868148917967e+02,1.531498743067460389e+01
1.591890967724477264e+02,1.242955987110564386e+01
-1.422155230811263777e+02,1.960188723947964462e+01
1.783173103332603660e+02,1.369991421276061772e+01
1.276033465109976390e+02,2.812195492177545475e+01
1.485821146766342622e+02,1.709652471675338248e+01
-1.494719072513220510e+02,1.778445303947887624e+01
8.915948782136649697e+01,2.750123547424181680e+01
4.610706030859799398e+01,1.083587834841629771e+01
6.534336410252944916e+01,8.783344662290970106e+00
6.329889621831411972e+01,1.551084001398491807e+01
4.611010664740455667e+01,2.220866537941379448e+01
6.587045631479256258e+01,1.354254428966088319e+01
5.808629645089916949e+01,2.359432303410109455e+01
5.057580859760400216e+01,1.459062101178062143e+01
5.811840575291991229e+01,1.090656371846521466e+01
5.377803161082055539e+01,9.051360246317829095e+00
-1.783640782281613610e+02,1.384489959639054035e+01
1.472917018099792301e+02,2.461560365013165352e+01
-1.653589512801297872e+02,1.826542357584605014e+01
-1.757648004473848005e+02,1.721802170450649072e+01
1.538734443050735763e+02,3.302207077020011639e+01
-1.687339437872560381e+02,1.678328372449962558e+01
-1.787047337108473357e+02,2.435481228138699095e+01
1.608637006709544437e+02,1.892252105588570998e+01
-1.780747174147072371e+02,2.676176851675178625e+01
-1.741182255639287746e+02,1.792165044287170872e+01
-4.197984379774305808e+01,1.239273942852087451e+01
-7.623379094440288384e+01,1.478696819214778202e+01
-4.344427880119309293e+01,1.202279774406616752e+01
-7.428985631658844113e+01,2.097104524422268312e+01
-4.488661897634334963e+01,1.874126307246841350e+01
-7.555936034831715631e+01,9.400344778584628358e+00
-7.687665343708225407e+01,1.879292089974820357e+01
-6.905158280054629927e+01,1.182728411964808402e+01
-7.422967767997329247e+01,9.628311067799302236e+00
-6.859863776283954451e+01,1.733371609597157104e+01
1.213463401734527309e+02,5.003459989072869973e+01
5.951454663967052028e+01,3.272253084015137858e+01
3.014401664377741952e+01,2.446309100883348719e+01
7.888420535161816360e+01,3.757395692423401101e+01
3.547771643846644452e+01,2.395481818859460788e+01
7.220120892988779815e+01,1.345536506203287885e+01
1.027966569772090253e+02,3.099028696300230834e+01
5.161873465329931321e+01,2.507702264072244702e+01
7.536752528244493021e+01,1.392541614806966166e+01
7.862966193085910049e+01,2.369403952145757231e+01
-1.767270616626014146e+02,1.026260304964882764e+01
1.562156679069738630e+02,1.410131074870873391e+01
-1.668224497025161668e+02,1.212462985109287850e+01
1.697693843187963694e+02,1.536403651139616500e+01
1.472867546080748298e+02,1.952179771100439609e+01
-1.707330388349681982e+02,2.017644959703450169e+01
1.701441226755931382e+02,1.876482018219977732e+01
-1.687306463142183190e+02,1.946759806197310283e+01
1.710227424762882436e+02,2.078225552791058561e+01
1.701071489574745499e+02,5.792185783435517266e+00
-6.480789741627569356e+01,1.691001300154017173e+01
-6.172654542998559180e+01,1.614966793982800297e+01
-7.608976778340378644e+01,1.698595065285330818e+01
-7.597890544112048872e+01,1.749020180707886851e+01
-6.277266117125761724e+01,1.422393482574736545e+01
-7.405802330935408406e+01,1.566377020535643538e+01
-6.693962785900984613e+01,1.787955087171001622e+01
-7.359823004249703615e+01,1.057891959499240642e+01
-5.748945062075856072e+01,1.472360167529716080e+01
-6.898092519132514155e+01,1.583401387331146282e+01
5.163668991921099405e+01,1.723409448749687556e+01
6.560023381753968863e+01,1.833457600812966604e+01
7.472967423857957669e+01,1.809326286596431288e+01
6.374125253094758392e+01,1.839328104504472350e+01
5.992254861872903859e+01,1.472740758626888180e+01
6.522389790796894715e+01,1.582824008796922755e+01
6.986040770408853007e+01,1.605998286123338659e+01
6.748257385441333156e+01,1.890019419008687152e+01
6.601069730045485073e+01,1.506953210120209441e+01
5.039309790648283638e+01,1.384812965747969926e+01
-1.672211433396585960e+02,2.144764864706014507e+01
1.748971025815963003e+02,1.875387737629861107e+01
-1.753689492289524594e+02,1.844205943817382831e+01
1.751089304863766074e+02,1.879923163308715317e+01
-1.633686097471456549e+02,1.543557757685079324e+01
1.668826041252095820e+02,1.885271073196641467e+01
1.685271677989026387e+02,1.429394351938547025e+01
-1.440008519786403838e+02,2.482638248167026518e+01
1.788069361411421880e+02,1.475241222333232827e+01
1.740712928366896790e+02,2.503972082459172555e+01
1.707820154566855138e+02,1.349120504696220912e+01
1.675511278814951197e+02,2.050611654421362573e+01
-1.750932053873500536e+02,1.508518583328896234e+01
-1.727892657583249161e+02,2.513311915177002831e+01
1.740287634739431724e+02,1.102144203940385836e+01
-1.782656550770788613e+02,1.439699318698521147e+01
-1.662280082945871413e+02,1.289948861036585726e+01
1.711376273447179983e+02,1.633171018112289019e+01
-1.728411585283752459e+02,1.792118681800681301e+01
-1.769980080679321190e+02,1.457868261885168870e+01
1.519951329576664989e+02,1.853169832148976326e+01
1.442834194285896956e+02,1.776067952446216935e+01
-1.492252573119870362e+02,2.335951169395592331e+01
-1.486542903388761943e+02,2.383903984199610449e+01
1.495641462950598850e+02,1.842908042614925179e+01
1.670270170367812739e+02,1.421194964271673022e+01
-1.489968225449343890e+02,2.774515032560798034e+01
1.568205836811374638e+02,2.209977459093356345e+01
1.686414566173058063e+02,1.306456647631209478e+01
-1.688678736177542135e+02,7.615339359488901394e+00
-1.767884129411879996e+02,5.324196174964959560e+00
-1.784322066662272164e+02,5.732266639381130346e+00
-1.794421910538333407e+02,5.993172600440250797e+00
1.751753711643536064e+02,1.556281826506905119e+01
-1.757229934944593879e+02,1.244122485515064369e+01
1.767435206018220128e+02,1.601212752429083963e+01
1.616917673830768649e+02,1.105007616510175872e+01
-1.791637989421101054e+02,5.269704957809838497e+00
-1.723892594499128279e+02,8.507956699924383415e+00
1.704848057579880560e+02,1.160533891554528552e+01
5.527071178949752550e+01,3.236550536163126424e+01
7.472644238464081923e+01,3.226549940955294460e+01
4.591085470232987120e+01,2.213715612575694536e+01
7.048543295954574717e+01,3.831198278123968493e+01
5.568615635176632850e+01,1.872076601660321415e+01
6.229438164889412377e+01,4.022658952600279747e+01
7.027337282224030446e+01,1.775953057873287833e+01
6.370361914794687408e+01,3.410367096626996641e+01
6.806546365651171016e+01,2.158535100355846126e+01
5.980223275603940181e+01,1.828651073547766259e+01
1.420890069419114070e+02,2.605030218652846941e+01
1.626531978798959415e+02,1.247235414450659974e+01
-1.602831957625625421e+02,2.246894765173131603e+01
1.681771808581718233e+02,2.071251166242074504e+01
1.753677300175753260e+02,1.556478121824504512e+01
1.758689249671195967e+02,1.278997355201155273e+01
-1.436856679856301753e+02,2.893471438596436940e+01
1.598424285453882590e+02,1.488335191568983618e+01
-1.632963996258503698e+02,2.696294136534931241e+01
1.532323356404800165e+02,2.507975794235515110e+01
1.773506375205416816e+02,3.946365877621146723e+01
-1.724224102786493233e+02,1.797880555644255551e+01
-1.751136391461331527e+02,2.448277530935074253e+01
1.657313960387132852e+02,2.490063324198847994e+01
-1.798823209404116028e+02,8.909648579007606983e+00
1.797500758780715842e+02,2.363350811290021625e+01
1.630027509958078724e+02,1.269096213750036029e+01
-1.634963990911119254e+02,2.597700947519945203e+01
1.734137090379944368e+02,1.999654276478954529e+01
1.762222300785706466e+02,1.145597721065560748e+01
4.805443075253359808e+01,8.981096064145834390e+00
9.281750043330958988e+01,2.408973822849119273e+01
5.775297474022855937e+01,1.114742770098818880e+01
4.247085284699672769e+01,1.817272878935963476e+01
1.008338374146789960e+02,1.475130680006701311e+01
4.471216784745080020e+01,1.137667274962576514e+01
6.741789911827025605e+01,1.131302126852214940e+01
5.182431688634362388e+01,1.940115418549884296e+01
6.316033245178009992e+01,2.012012568417599567e+01
8.963233506032665332e+01,2.435258064763288033e+01
1.584530877527816983e+02,1.072931246812200001e+01
-1.489320277808392632e+02,2.072461861655727233e+01
1.731271633556603149e+02,8.488900792706132847e+00
1.400521505096860722e+02,2.739690095693804039e+01
-1.750639867530876757e+02,1.348748007864314502e+01
-1.680371268868892969e+02,1.769130697153545029e+01
1.566110518332640993e+02,1.390613435379135154e+01
-1.751731868343613314e+02,7.263381297507740975e+00
-1.666889652756684370e+02,1.161085245266415811e+01
1.665763982182465668e+02,1.782774623261668978e+01
1.785044076701600204e+02,8.610018971545560618e+00
-1.602269428595397187e+02,1.389619881001297585e+01
1.725986161192863904e+02,6.961397326187661605e+00
1.774453249516655831e+02,9.859526378329636742e+00
-1.725072644517966864e+02,5.585393587216321620e+00
1.741634131105830079e+02,1.494132958042592918e+01
-1.754759237826364142e+02,1.520688678001339866e+01
1.770174489990635891e+02,1.873590306562607211e+01
1.769045421369722249e+02,1.379188282044224323e+01
1.742991789471078903e+02,1.803972084487476835e+01
-1.796461853824540071e+02,1.007888347897244685e+01
-1.706075942903805469e+02,2.542992704986931329e+01
1.745645360335851990e+02,1.202351078692038122e+01
1.242110415038371940e+02,3.420455730489322832e+01
-1.644915487987327083e+02,2.236834885091900560e+01
1.696163573795569732e+02,2.194542521906050325e+01
1.696143462515767055e+02,2.155034176464674545e+01
1.758912973887391047e+02,1.451074561232312554e+01
-1.742667370876983739e+02,4.266472135631039464e+01
-1.375820564584126942e+02,2.972320594584070363e+01
-1.717585177615567318e+02,1.187754359979035357e+01
1.690912557343281719e+02,1.022688238768412461e+01
-1.789994107158672989e+02,1.323624608730397689e+01
1.759975535964242681e+02,1.692756642416524571e+01
-1.741257506249255869e+02,1.831530818191204446e+01
-1.745929676680910347e+02,3.048349421844895701e+01
1.761531215006421860e+02,2.158266170317232024e+01
1.553253133235487837e+02,1.907341182618452891e+01
-1.604683068995129815e+02,1.723296396916263262e+01
-1.752911800459652625e+02,1.510774702577669437e+01
-1.464873134485474395e+02,2.455456774480411752e+01
1.525905563454904836e+02,2.914985667030871497e+01
-1.733424799923813850e+02,2.551439631673993347e+01
-1.732657570580870185e+02,2.687533714297243392e+01
1.734906580686598829e+02,2.509685005968834304e+01
-1.673360627365083246e+02,2.501031316101910562e+01
-1.752583893044713932e+02,2.602532798364056177e+01
1.741619531565194166e+02,2.308702483585449983e+01
-1.542180651523601398e+02,2.401508158287921901e+01
-1.799645205309901712e+02,2.116958799488225296e+01
1.703863598170815692e+02,2.958016161458729698e+01
-1.781702488897535375e+02,1.177517072971426160e+01
-1.765812530234436792e+02,1.534389754497783898e+01
1.748144131757155435e+02,2.035714563952632972e+01
-1.732339553706191566e+02,1.896031297253867010e+01
1.684879944342049214e+02,1.259641321356291144e+01
1.780709422705028828e+02,1.216987026707499453e+01
-1.679271508039630305e+02,9.887406888966825846e+00
1.637823453507502620e+02,2.380635488186845805e+01
-1.612446597837694924e+02,9.925683968523204115e+00
1.780157773613776158e+02,3.835047284120366839e+01
1.680185306559369565e+02,3.616464291482426319e+01
1.773316177174239101e+02,2.335155346039004698e+01
-1.786691999219220008e+02,1.610296550175530683e+01
1.709220404482040863e+02,3.773256292671612755e+01
-1.528867629734494074e+02,2.404414660436611939e+01
1.469216946402493136e+02,2.506282177612037643e+01
1.733156572939388980e+02,1.061513352366715424e+01
-1.592834155114609302e+02,2.064953074411786105e+01
1.590482568752078691e+02,1.494461250161036503e+01
6.909753019512653793e+01,3.620058271163906483e+01
8.799874751494910186e+01,2.582182817209623593e+01
5.651212731745159346e+01,2.091845752110375400e+01
7.297532090861840004e+01,1.983387624946880834e+01
5.846453940005969230e+01,1.983342748675714162e+01
5.678799733663694838e+01,1.428909465480377428e+01
7.000410043227346080e+01,1.615470651493187404e+01
5.540321151058570592e+01,1.203279253767970935e+01
8.347299544112644298e+01,1.182791086538071923e+01
5.426017615518717463e+01,1.261149708807279524e+01
6.613379096281464342e+01,2.171092046051890279e+01
8.846179626471317192e+01,2.530211977334670337e+01
5.811909461854586567e+01,1.280372261107562082e+01
1.094808916146941691e+01,3.395242774665507568e+01
7.110242126459705503e+01,7.926761853431171900e+00
8.993006417792385321e+01,2.273806755861805584e+01
6.323525234234600134e+01,4.221311095906306576e+01
7.619131370751520649e+01,2.327408177869783756e+01
6.320046571022402304e+01,1.271354021488514086e+01
-2.363665093974539833e+00,3.526335637818752389e+01
3.840182308396948230e+01,2.699104649768723974e+01
4.627589717794528212e+01,1.536243051947250571e+01
5.423502973730385435e+01,2.405012140577542823e+01
7.645399588260936241e+01,2.074957718822603780e+01
6.916531596609108590e+01,1.089550743193360738e+01
5.760828359505453733e+01,1.906723186582356533e+01
6.948138200178223656e+01,1.034857659193279389e+01
5.468473872185156637e+01,2.391057388709308640e+01
6.762885207138853616e+01,3.674013440332926450e+01
9.657479748818514054e+01,2.566647449067365727e+01
-1.660464830189060308e+02,1.956713250284918360e+01
-1.581139827604848165e+02,9.640188906405688485e+00
1.674894447699227555e+02,1.506759229545697920e+01
-1.650935828882650469e+02,1.815820823119519289e+01
-1.621796847023467762e+02,1.548878653679097894e+01
1.567362701567124361e+02,3.711905332243082967e+01
-1.758090895728639111e+02,1.632027541907173074e+01
-1.448834343163190681e+02,2.603530976696443133e+01
1.751112188312813771e+02,2.837883715473634538e+01
1.648663136835034777e+02,2.176312678542454293e+01
-1.759046844737768254e+02,2.152947628786582257e+01
-1.776844600423016232e+02,1.463638860924523044e+01
1.786573636646717773e+02,1.697807107176106101e+01
1.554504313541204397e+02,1.812800839507827533e+01
-1.797637401139684243e+02,1.396041795957478016e+01
1.788905446222475177e+02,1.586150351223780319e+01
1.661732349491729792e+02,1.320797118625256772e+01
-1.739740323680069309e+02,7.449814168006275494e+00
-1.714828261296568712e+02,2.022566562764912845e+01
1.637554835716188393e+02,1.506458833609996439e+01
-6.456736376941981348e+01,1.760735160915828601e+01
-7.172809229523220154e+01,1.624422742550829923e+01
-6.052376095287756641e+01,2.721894678016315794e+01
-7.156556280535713199e+01,2.475954288272608395e+01
-6.344795968660330487e+01,3.103041447482878468e+01
-5.107511748887915815e+01,3.012631027843061560e+01
-7.393002240498412903e+01,2.172668092371042192e+01
-6.517478576423962977e+01,2.443416986431980575e+01
-6.060881718746291114e+01,2.902583208904114898e+01
-5.099736473622191113e+01,2.100866180171252040e+01
1.745822458031507836e+02,1.323569456244793940e+01
-1.621957316917484775e+02,2.046886418934950669e+01
-1.594857457740600637e+02,2.158208367936368077e+01
1.511951370558257395e+02,2.840342769976414061e+01
-1.568329589497897132e+02,1.377256352570064379e+01
1.751155198969795492e+02,3.576195579883528097e+01
-1.553626394241533717e+02,3.340629179506227331e+01
1.429158202079320574e+02,4.009295955209766049e+01
-1.745660946805746789e+02,3.120202753453262545e+01
1.728279555169674495e+02,2.469739531326322890e+01
-1.653610063139537658e+02,2.186062788250231037e+01
1.456379282032963829e+02,3.502800820816672456e+01
-1.650231102912728431e+02,3.068649156253810517e+01
-1.482489238132689877e+02,4.684319729814000510e+01
1.586662025120934061e+02,4.055339833625448875e+01
-1.608623429013670716e+02,2.377306852035135520e+01
1.584937023712223549e+02,3.926272454808286483e+01
1.593578011527289675e+02,4.553918252210311124e+01
-1.193599934177122748e+02,4.113825329589873547e+01
-6.057179605527848310e+01,3.069415414817500221e+01
1.609789525248813788e+02,1.335386266719154236e+01
-1.601426540210167957e+02,1.861558330107563108e+01
-1.793937171447523440e+02,1.448731755880061911e+01
1.686925208061651063e+02,2.163507225545128421e+01
-1.698392139988203269e+02,9.992150554487169600e+00
1.525676954099807574e+02,1.651470580995098558e+01
-1.639294939904259536e+02,1.028990645151381855e+01
1.734608695650631773e+02,1.188774626044682137e+01
1.784257384826716475e+02,1.412973474472426538e+01
-1.715430573312815170e+02,1.694393467167916256e+01
-1.791046619497947461e+02,7.527802357210195083e+00
-1.677926157303318178e+02,2.317947678269525724e+01
1.520685483952140657e+02,2.135436322596332559e+01
1.682424882478736095e+02,1.920737354122431029e+01
-1.697673642662181237e+02,1.062827610292060854e+01
1.700573000512372062e+02,1.343035309148373813e+01
1.734728070542911098e+02,1.599482999066662003e+01
-1.640263533901750748e+02,1.776351840810286831e+01
-1.772550236092299940e+02,1.956816463188195243e+01
1.778634427095566934e+02,1.409838107542068997e+01
-1.557507665295688355e+02,2.233440078865666578e+01
1.656583020116767386e+02,2.599115346411613103e+01
-1.714500091819309091e+02,2.175480465739079960e+01
-1.600003521360410446e+02,1.412857489485793749e+01
1.404137450199581565e+02,1.611100788813842755e+01
-1.792455025922451171e+02,6.502363794538252861e+00
-1.651672031560302685e+02,1.264507559333608100e+01
1.777211020550331568e+02,1.768082918498364364e+01
-1.744126781270187507e+02,2.057008972125042590e+01
-1.756328088174871596e+02,1.199010393175013789e+01
-1.797206204630443551e+02,1.225742117055605540e+01
1.528883341562467706e+02,1.218518550574007264e+01
-1.526331147488730551e+02,1.356060231694924667e+01
-1.740746137557024724e+02,6.103168425490327564e+00
1.726161858498911386e+02,1.576903350232579371e+01
1.794571686783135078e+02,2.128346283976502917e+01
1.645918748060823873e+02,1.555053111693577250e+01
-1.761007747639030754e+02,1.384232399278501191e+01
-1.742346431333698433e+02,1.217883115239465752e+01
1.617465866387067877e+02,1.981775592076875014e+01
-8.232831565306960897e+01,8.421647444829087448e+00
-4.014951538813433274e+01,1.220003922483575565e+01
-8.069141444671647889e+01,1.202584779542781845e+01
-9.628287378850204448e+01,1.840827675975448585e+01
-2.558949349973546816e+01,1.741690255749917782e+01
-6.537499331159284566e+01,8.790552638543321251e+00
-1.051301611885163538e+02,1.913503208627422936e+01
-4.813369184503929432e+01,1.552154829357230170e+01
-5.558706295850780066e+01,6.251215694545815715e+00
-9.131137271933224042e+01,2.419391122129659166e+01
-1.741235268663184286e+02,2.250470483136209765e+01
1.549638112992176389e+02,2.725187726710403524e+01
-1.636761968987217699e+02,1.896732045353699903e+01
-9.098868038765837696e+01,1.932072967379109230e+01
-5.159318138263627418e+01,2.668115497161605276e+01
-6.642005718876644949e+01,1.206437427116606997e+01
-5.653811472216034417e+01,2.515841336299120456e+01
-7.047020719808581646e+01,2.136867334609127766e+01
-7.874890278843555791e+01,2.567854991851130819e+01
-9.727830755567899246e+01,2.851483561401119715e+01
1.742681749449986057e+02,2.971984707630500822e+01
1.761964130170809142e+02,2.291961157480571032e+01
-1.497492595175742451e+02,4.596203679607946668e+01
-1.764699039975001540e+02,2.576306882839283929e+01
1.647493734421896647e+02,4.779678766614136975e+01
-1.619030930299887814e+02,4.363541256885086739e+01
-1.710593023587603057e+02,3.633098891186635626e+01
1.532300836322309863e+02,3.757213776692280760e+01
1.773454588475136404e+02,3.400288476588588793e+01
-1.603955537678569669e+02,2.125352600264300662e+01
1.473542377519430033e+02,3.220366963050110343e+01
-1.772529156238827284e+02,2.311358981387051514e+01
-1.494738340297279819e+02,2.519263806475142076e+01
1.494393452491789560e+02,2.825544410041732135e+01
1.167286074924032278e+02,2.009441263602170125e+01
8.364940455331627334e+01,2.649045337145781076e+01
3.872718130571477246e+01,3.078996250462568085e+01
7.002340067795319101e+01,3.531675219989634940e+01
1.052058467096147893e+02,3.768142017498259122e+01
7.684228088330128514e+01,2.275965186981320443e+01
6.624305152900046778e+01,2.659287438192265185e+01
6.719626398237687681e+01,1.215436610860618494e+01
5.853719530974883867e+01,1.071252244948377808e+01
7.048639741777542156e+01,1.124544929343148780e+01
5.525668607456971415e+01,2.566232163215427420e+01
8.211461799602882650e+01,2.598750664777048414e+01
6.164098019906528236e+01,2.366257292633593323e+01
7.504361374518357763e+01,1.368503280434096325e+01
6.728578716066857623e+01,1.127584146084577910e+01
5.623248352623740942e+01,1.883706803738582636e+01
-5.574608994543533669e+01,4.176113522473862361e+01
-8.490426601879352120e+01,3.112495917795799727e+01
-8.349457218061259312e+01,2.293489445590079256e+01
3.088897806105299537e+01,2.791789553472821339e+01
8.109014883311580490e+01,2.324503944690720658e+01
3.394564276911503953e+01,3.195453859148113906e+01
6.333848027354456889e+01,2.256244561198082010e+01
4.599193703834539804e+01,1.877243338548658258e+01
5.999096047398295184e+01,2.376232801430922237e+01
9.448725847054937788e+01,1.912479059875229126e+01
1.710952108445702038e+02,1.714921576425266636e+01
-1.582165300366859810e+02,1.926209100151874765e+01
1.724807035577212844e+02,1.604193495476574682e+01
-1.763538425956050730e+02,1.037468113384097279e+01
-1.788446119571975714e+02,7.107881790608408856e+00
1.741852735872358835e+02,8.838710821433556575e+00
-1.716077517727821942e+02,1.038123038581706226e+01
-1.784639316297134144e+02,1.179359694504074874e+01
1.663523918432564983e+02,1.607513295216532256e+01
-1.708279502062275981e+02,2.204709723403391664e+01
1.757458825978656307e+02,1.019449212663641724e+01
1.756607597322415586e+02,9.521292854465725597e+00
-1.749295114340241355e+02,3.579228467356641907e+00
-1.766244624403826435e+02,8.038784865620948850e+00
-1.747437533384364770e+02,8.183299754177983942e+00
-1.772105397698452975e+02,6.722859433135098151e+00
1.740358180761778897e+02,7.336581134102725166e+00
1.789995874730806236e+02,1.315566162846229759e+01
-1.773461381542172717e+02,1.160648306854012191e+01
1.660106688455648509e+02,1.454327447859835232e+01
1.708658758029238811e+02,3.368648543312460220e+01
-1.603351624652160012e+02,2.250723625990434584e+01
1.286227508726959741e+02,3.151223059890557465e+01
1.017929214502303381e+02,4.073579372552802624e+01
3.809769765111898465e+01,4.157441024587195955e+01
1.048616250999287587e+02,5.994672255085929180e+01
1.692970109243806291e+02,3.119079487544894036e+01
-1.118091430070631702e+02,3.300915217519900580e+01
-5.810865159986887818e+01,3.333640163391984146e+01
-7.042838011269687115e+01,3.368869547379919993e+01
-1.743517590197654954e+02,3.553958326207116869e+01
1.781914637948420932e+02,2.437577843146359058e+01
1.695351461878233295e+02,2.479909345340011484e+01
-1.712651608966750132e+02,3.575601762469059253e+01
-1.776193760443977112e+02,2.346385918407059989e+01
1.607975777828143578e+02,3.036239491045368410e+01
-1.604268165192819708e+02,3.036634253407646611e+01
-1.751275861039609651e+02,3.487571273120997972e+01
1.550041625365586242e+02,3.502087737243896726e+01
-1.597303876873123443e+02,3.394287737009506145e+01
7.794724601444013956e+01,2.356601656936465261e+01
6.820409586061433060e+01,1.612512710837265928e+01
4.837812308909964543e+01,2.759314020397764011e+01
1.020616441438578761e+02,1.904039332026550468e+01
8.835945359751521266e+01,2.670917527359465282e+01
4.313679607365737922e+01,2.581488330032035705e+01
8.278842445828266250e+01,2.610764478091601148e+01
8.291768249418261405e+01,3.203653181256878213e+01
3.740859857875596362e+01,1.823058951312480502e+01
8.403019717555417856e+01,3.287465892472273765e+01
9.243315559793605019e+01,4.181274182473717360e+01
5.275617861511884854e+01,3.948123141137344305e+01
6.836210432913252077e+01,3.272524815103668772e+01
4.980607472160721727e+01,4.110398729793487860e+01
5.201459603829056988e+01,3.466451614535456827e+01
6.400191393597607714e+01,3.145994044978785809e+01
9.105377687270350862e+01,3.277080174933505674e+01
7.240973812520711306e+01,3.553875360302443198e+01
6.381464790499125428e+01,2.113284998625854882e+01
8.522220093471325697e+01,3.050854397462047629e+01
4.037168920544110051e+01,3.192290299737865666e+01
7.298309621878576081e+01,3.006434222175476023e+01
4.852860687403792639e+01,1.728895429747844759e+01
5.255829026785120561e+01,1.040034230959721029e+01
6.464194808252837277e+01,2.959594932721305582e+01
4.676841733467074391e+01,3.091156056435040966e+01
7.658546598004136285e+01,2.578149440769258405e+01
5.396540827880646418e+01,1.844909865940361016e+01
7.360902988489284837e+01,2.522851593155451511e+01
9.692330820406579051e+01,2.744627332996861213e+01
7.199066757634767555e+01,2.246703313197308205e+01
5.957550621146484104e+01,2.115020845334647603e+01
6.352820586108146017e+01,2.031904522325772788e+01
9.163861298896637209e+01,2.104940886348592954e+01
6.117112317989604264e+01,1.463505215329092124e+01
5.800231331225135278e+01,1.760039094845534535e+01
7.006235664431400778e+01,1.333425078993145263e+01
5.750819938368111650e+01,1.114833883771622780e+01
6.932612673632159783e+01,2.282110869281502374e+01
5.916681697878799895e+01,1.227694042136597830e+01
-6.317912548240765602e+01,9.972756781721281882e+00
-5.474435964749721251e+01,9.216608454745561119e+00
-6.696936559789827470e+01,6.194924657517177025e+00
-5.677218747726946191e+01,9.714369089758381648e+00
-6.840202922697001497e+01,8.894208959588302932e+00
-5.495449217615934856e+01,1.622393593713428572e+01
-6.990863321747347925e+01,1.333638268573674068e+01
-1.067612679054592206e+02,1.701473724153371236e+01
-4.817607448132729075e+01,1.420607622623786348e+01
-6.976394096077093820e+01,5.471623949751883487e+00
-8.393981344550986989e+01,2.768009820786656050e+01
-1.502698965689818351e+02,1.726597830906433728e+01
1.458236834212898714e+02,1.801988398059852869e+01
1.732127038477858889e+02,1.349460110883848429e+01
-1.646721159733201318e+02,1.412839065226208746e+01
1.681371147446945997e+02,1.538976974945998322e+01
1.788325669337982049e+02,1.596806548852942953e+01
-1.620508694080703265e+02,1.732367911697543406e+01
1.563406073563034226e+02,1.925866115270944334e+01
1.735160975659265716e+02,1.035447559568682863e+01
-6.784409062955059255e+01,1.703293571159042585e+01
-5.620960394467443422e+01,2.020574490533334355e+01
-5.355323706756936986e+01,2.781439954371073142e+01
-8.117633025488464682e+01,1.783776453439430298e+01
-6.067270363949369028e+01,1.945024322981808496e+01
-6.034708545856860695e+01,2.115884507275886506e+01
-8.021967611057924330e+01,1.706539146681474151e+01
-4.422543215491040058e+01,1.447528320586300055e+01
-3.820272055809073208e+01,2.146955498958763542e+01
-5.420715172978325569e+01,1.609542647835316487e+01
-1.605558856435978896e+02,2.393934954626508471e+01
-1.794424283139655358e+02,1.917733831032046155e+01
1.496951209911682952e+02,2.749626003299698240e+01
-1.788762873787639194e+02,1.845367478640192260e+01
1.782265964540430616e+02,1.402694839544856897e+01
1.594698737808901683e+02,1.556702468370956183e+01
-1.766521683264048761e+02,2.430418211695631925e+01
1.789277550463324928e+02,2.141707301825809751e+01
1.683778114502413246e+02,1.991658626943737076e+01
1.749275859091859786e+02,1.125703404947130792e+01
1.731373310196791806e+02,8.814802873937191308e+00
-1.626150767136886657e+02,1.370269113974479325e+01
1.573149561733685573e+02,1.069507603312782962e+01
-1.651697925180682205e+02,1.344573419964485517e+01
1.613046001032689389e+02,1.587910474831615915e+01
-1.718212587759587677e+02,1.142859159018237492e+01
1.670352457530717061e+02,1.620346923114167481e+01
-1.792310564977104548e+02,1.067531481377038105e+01
1.781477757971407527e+02,1.272951425506879630e+01
1.793750529782162175e+02,1.049647196190195686e+01
8.641241124291470044e+01,2.347156742851457523e+01
1.530140508562352863e+02,1.860599093753489797e+01
-1.311401332955809380e+02,3.075656876616354651e+01
-1.623351996062472722e+02,2.352057446897271831e+01
1.671208683165999105e+02,1.008096834359403005e+01
-1.679468811198416915e+02,2.001981817730453628e+01
-1.754046291422787078e+02,2.055899489476874820e+01
1.664468119030147477e+02,2.366590526353741808e+01
-1.634606675660207316e+02,2.377027415067443883e+01
1.686815379770168306e+02,6.510213333691783788e+00
-1.700288099362152536e+02,2.097039530788168449e+01
1.793201767841142669e+02,1.274633083651939458e+01
1.767494301920853559e+02,4.496842799696364068e+01
-1.682753877371469002e+02,2.020816374950837258e+01
1.757527675410489110e+02,2.887591455540273344e+01
-1.782286535149805502e+02,8.678546904843544851e+00
-1.730073472661896972e+02,2.661980701208785050e+01
1.765204347255986761e+02,1.328256794542125085e+01
-1.741770675730091966e+02,2.095214780876249350e+01
1.745431986849320936e+02,1.407498599991618882e+01
-9.418382678924538709e+01,2.046775110225360095e+01
-5.122786531673759924e+01,2.315758555291816378e+01
-1.364576098197241194e+01,4.373185434864065257e+01
-9.268243993264745484e+01,3.812594621324387845e+01
-7.736684813444875886e+01,2.785728995864462831e+01
-4.832251356253466668e+01,3.600920571371153045e+01
-8.495931066320285652e+01,3.709320525845978977e+01
-5.829034626287417353e+01,3.142263173234263718e+01
-4.095296243728426333e+01,4.021382762678638301e+01
-8.361356049710839500e+01,2.934556135726017700e+01
-1.558052075488666333e+02,2.100696072395044212e+01
1.726929345796004327e+02,1.564127301863030084e+01
1.707715361701238805e+02,1.133614413838060209e+01
-1.686713732628113576e+02,1.120492945358896719e+01
1.733568791510786582e+02,2.338816005247122121e+01
1.605952710663555081e+02,2.413300634210246187e+01
-1.708298525924666649e+02,1.555646456816012346e+01
-1.777660803578856132e+02,1.185892890876203509e+01
1.722688078916729353e+02,1.413277284762815711e+01
-1.675971278437025944e+02,1.743191220780151340e+01
1.786661158477332663e+02,2.869485535127999754e+01
1.506116056803010963e+02,2.663924764183330041e+01
1.790649563565189624e+02,3.914060632912671167e+01
-1.763832225463811483e+02,2.359094486911168076e+01
1.702635300893867338e+02,2.396336639887324793e+01
1.722859090402137383e+02,3.435141329885050254e+01
-1.640904499799754603e+02,1.755930043295829179e+01
-1.710131173056784917e+02,2.766211355215398271e+01
1.592489740310840887e+02,3.164401029591727621e+01
1.704611088595352442e+02,2.782613271608289551e+01
-1.684283364498691640e+02,1.349255555849216748e+01
1.720886527240906219e+02,1.568589771957178414e+01
1.733773717736829667e+02,1.174515769191601677e+01
-1.673220214394098093e+02,1.627072902444975000e+01
1.719061427678033169e+02,6.912877940159189549e+00
-1.797871683943171774e+02,1.569344992475378575e+01
-1.684031375705528149e+02,1.086865801004136323e+01
1.656923801123485305e+02,2.123112092608371171e+01
-1.716312392468525161e+02,1.683394998727388980e+01
-1.768606355868175513e+02,2.435115686754364361e+01
1.770431694960594200e+02,2.006061325972521203e+01
1.777159455651429028e+02,2.969544717721078442e+01
-1.606798386992563508e+02,2.063718098738397089e+01
1.599487547167865102e+02,2.780496230725535156e+01
-1.738987493298125457e+02,2.605717314882105740e+01
1.799891874910981073e+02,2.669426454740503729e+01
1.794022365059641402e+02,1.778957904686667746e+01
1.769238719109532951e+02,2.902306181436496146e+01
1.643567942553630701e+02,1.688927510643581797e+01
-1.736041343630048743e+02,1.926761352620482270e+01
-7.406958890804148155e+01,1.987471053486965644e+01
-6.648005435261893581e+01,1.710148655247739669e+01
-5.351247657745733477e+01,2.709697998803679653e+01
-7.410458679180652553e+01,1.999910834808907367e+01
-5.989435736749705796e+01,8.069912831273750697e+00
-6.764709735357538989e+01,1.135548812959987686e+01
-5.944647567320407688e+01,7.251972641778282380e+00
-5.274181350785384126e+01,1.276083161998136006e+01
-6.161284389456918831e+01,1.397913994114337832e+01
-2.949092233737595592e+01,1.561649666444579054e+01
-5.740922755692525214e+01,1.429224578975762938e+01
-7.456510289927081203e+01,1.026200190353116781e+01
-5.163739048729189562e+01,1.323487788007157029e+01
-6.279238414030160698e+01,1.073042376506379725e+01
-5.895202005503912801e+01,9.801002416004429563e+00
-6.744928789084438847e+01,1.057193257435307743e+01
-5.878969696786093380e+01,1.186170694366974487e+01
-6.255293111651004523e+01,1.139722066441910187e+01
-6.965108223286947009e+01,1.685820574089296287e+01
-4.844451235301774972e+01,2.185309384102359687e+01
1.787055145129133109e+02,1.806274066854540727e+00
-1.651578904186227419e+02,1.074845354613448123e+01
1.550446338038348415e+02,1.191091544512284273e+01
-1.661464096575365659e+02,8.384381772902219865e+00
1.676328955519184376e+02,1.297429506395829613e+01
-1.718702670677959929e+02,1.128365740815395668e+01
1.580039266878679598e+02,1.837424319205636181e+01
-1.419998820762742469e+02,1.354120971796678319e+01
-1.621299873608103894e+02,1.986279830609479546e+01
1.603949307465423431e+02,1.642486284444699152e+01
8.365025735325127698e+01,3.722493498638105791e+01
1.619829743786302956e+01,4.099814634528733848e+01
1.052546919375954388e+02,2.829164896461048784e+01
1.362098651260028532e+02,2.462503864378137663e+01
-1.577033003898135348e+02,1.386690120324971964e+01
-1.527491344785411229e+02,2.113248491346087832e+01
1.290331246502704801e+02,3.199966375564076060e+01
9.809929020486312368e+01,2.661692102766872736e+01
3.162104929693206756e+01,3.545282297903224134e+01
9.145102897616600046e+01,2.338314546375567460e+01
-1.797398391382159559e+02,2.522852420587004474e+01
-1.777704072560409827e+02,2.344759358179443254e+01
1.690873750051393074e+02,2.455076070735255200e+01
-1.791898673162066018e+02,2.710465771874077490e+01
-1.792633644066528973e+02,2.037342915679705868e+01
-1.743132015634369623e+02,2.257844202996336236e+01
1.579314043582792522e+02,2.318568011182366462e+01
1.747730578251893689e+02,2.167169135282903625e+01
-1.762945969135480482e+02,1.986709755352114470e+01
1.722012380805899738e+02,1.343314493942161647e+01
-1.630497075812575929e+02,2.770905737720413953e+01
1.134113793504159844e+02,2.714663579432865248e+01
3.856586918307316125e+01,3.230838987435110710e+01
4.641563608527280849e+01,1.696418357037740421e+01
1.023088502316917214e+02,3.214664894060596367e+01
5.700649535538768475e+01,1.936628830117093258e+01
4.779217672989109644e+01,2.570535927126469034e+01
9.587777262027164227e+01,2.608663143191330391e+01
4.158940460012107110e+01,1.610908890546296135e+01
5.506869460535773442e+01,1.392048731453521349e+01
1.666538010607831666e+02,9.268490128301905884e+00
-1.614870396538617854e+02,1.489620656180481895e+01
1.692384795009535594e+02,1.685128532854981387e+01
1.703585591895983100e+02,9.228819542605357640e+00
1.755226697560693765e+02,4.953203921642892027e+00
-1.680403789535489807e+02,5.492756864935707029e+00
1.635103625120025015e+02,1.332089039773218708e+01
1.547927250799506567e+02,1.874203024002865092e+01
-1.527906429799856198e+02,1.384729393589492119e+01
1.758042346260838258e+02,1.425850524851382950e+01
6.655991637801116667e+01,9.606922347215579805e+00
7.244475105449012631e+01,7.045328853728230811e+00
6.600319260908038643e+01,1.518461924262946994e+01
6.924004116812544396e+01,2.364028870353120837e+01
6.332807462848439428e+01,1.387024419972196654e+01
3.893020714058296505e+01,1.723574304352314712e+01
9.308877233804663831e+01,2.644644434187502924e+01
7.316232446574274206e+01,1.990406126191627578e+01
4.314602284072831395e+01,2.189690527920535601e+01
8.578056275223030980e+01,1.799831387335258626e+01
1.728561508460060736e+02,1.739112949030358024e+01
-1.770484695673610247e+02,2.815226381871347172e+01
-1.678985042543625070e+02,1.761222540268956394e+01
1.708603038500772016e+02,1.561842564585774085e+01
1.778605133490760863e+02,1.224479761332874617e+01
-1.769147173795029744e+02,1.451964513794476019e+01
-1.706935537002451042e+02,2.394722124394036200e+01
-1.775321473123439944e+02,1.429128743290545245e+01
1.762798651171571294e+02,1.684415097566133923e+01
-1.695579700538402790e+02,1.022917434511972345e+01
-1.643204035495537596e+02,1.416013638184969814e+01
1.612644645934363155e+02,1.210060451514588742e+01
-1.543491222191701127e+02,3.145705967747426257e+01
1.730804018757348217e+02,3.244135067281988682e+01
-1.654248541206720233e+02,3.393336946603569970e+01
1.648875824754375117e+02,1.605269813911016286e+01
-1.728139595034975855e+02,2.141454999986066454e+01
-1.674500981879991741e+02,2.365959631194533586e+01
1.723321418601273081e+02,2.499128110796069890e+01
-1.784386667622240452e+02,2.359010100166144497e+01
7.825536711335230677e+01,1.057109750931016023e+01
4.765112681489351587e+01,1.370226077947676657e+01
8.907499180552248674e+01,1.526385031497420464e+01
1.061013603943850825e+02,1.757909581431804469e+01
4.723349941012093467e+01,1.106723087776893877e+01
1.971352814834828848e+01,2.725430589645832669e+01
8.365778628969044917e+01,1.467981801288970445e+01
4.087498738452100611e+01,1.735702657155234263e+01
7.965847323667496482e+01,9.215784586254393673e+00
7.176750987085756606e+01,1.583169413966052019e+01
1.682915656550772781e+02,3.049453940635173055e+01
-1.765591728223472217e+02,2.994243693988578769e+01
1.759663906612202311e+02,2.851837483500502302e+01
-1.648015768158886658e+02,9.737853085793325647e+00
1.559752814433569483e+02,1.413452796337553963e+01
-1.599693508167901257e+02,2.103036579670162354e+01
1.554411416570420101e+02,2.612222570288081158e+01
1.788611893157579118e+02,3.246499441774101058e+01
-1.725093973792755548e+02,1.434641447409373072e+01
1.762259395325083347e+02,9.427011501001848259e+00
-1.765668923509498427e+02,1.850811727321525524e+01
-1.563942636088974325e+02,2.580812631430646675e+01
1.466684651968149069e+02,2.540827998796723364e+01
1.609679395510671043e+02,1.222085768818599760e+01
-1.224279943268577711e+02,3.158474245856751850e+01
-4.385062750120733455e+01,2.396577500685601336e+01
-4.431875824008097453e+01,1.321049934775618340e+01
-1.414200083675704320e+02,2.875632450705131404e+01
1.280541205400367915e+02,2.981640560444877153e+01
8.915985897351968958e+01,1.818418322919799124e+01
-1.584537088944377388e+02,7.944800035269528493e+00
1.484206847620718293e+02,2.982727228972078137e+01
-1.708461284238813107e+02,7.703885728244147302e+00
-1.721966717693439364e+02,2.034731133326357622e+01
-1.788460000591357186e+02,1.121067357642602680e+01
1.762159652096347031e+02,1.690937436542462891e+01
-1.786422711705442623e+02,1.602820238381810469e+01
1.741089463906731396e+02,1.118623896424189113e+01
-1.737511213879820957e+02,2.454023272477913409e+01
-1.700512611211315175e+02,1.133571204727993376e+01
1.735022378734720689e+02,1.131190654918752969e+01
-1.781545234794591011e+02,1.027406308914028621e+01
1.716903580086342913e+02,1.103330121127006436e+01
-1.662212625321014343e+02,1.427786864524191657e+01
1.639209583797638174e+02,2.703970030075148046e+01
-1.743425605105014142e+02,2.301243485697492375e+01
-1.712761812003979571e+02,2.164100107362541792e+01
1.543069489616208045e+02,3.134754005349257255e+01
-1.642071827928727146e+02,2.585054969906718725e+01
1.758216070166580778e+02,3.589871048095744044e+01
1.731507534110787958e+02,3.425093188640733644e+01
1.487699401573616456e+02,2.725089092625667320e+01
-1.571899489570271840e+02,2.907768853243185703e+01
-1.781333431485145127e+02,2.422300247261090789e+01
1.760553599929009465e+02,2.935553583316144000e+01
-1.725749187382367893e+02,1.326096947925185177e+01
1.749248495930106060e+02,1.590880368387015409e+01
1.689712168058811699e+02,1.535912077019312250e+01
-1.641471117846442667e+02,1.710027866639082816e+01
1.727523342547194147e+02,2.653462054106273627e+01
6.514747737704759345e+01,2.625326518579939261e+01
9.208198450313571470e+01,2.707059020269949201e+01
3.430264980463457647e+01,2.371405892344446897e+01
7.907426770318517129e+01,2.100963400045865015e+01
5.077401595518901445e+01,2.051534492792193731e+01
6.079072266886631581e+01,1.317061488711652473e+01
1.400244357810039162e+02,2.233033224602696265e+01
-1.393406214173189142e+02,2.895172298307921466e+01
1.680398292455673470e+02,1.244148096576041596e+01
-1.748015125103350442e+02,1.923215438606510830e+01
7.239496469633134268e+01,2.312791803248828160e+01
5.617618910037050028e+01,4.170601926590376252e+01
9.191584406723690392e+01,3.351135152444918930e+01
6.455466914222510866e+01,3.529679387415136915e+01
2.684268014265511582e+01,3.633435991981180280e+01
1.043411533166786285e+02,4.317525327080561226e+01
8.968520392060702306e+01,3.277449069467278520e+01
7.087296164384173380e+01,3.127780932501966760e+01
8.294271881475727071e+01,3.167997369352784887e+01
1.761536554128172440e+02,3.171228775719174564e+01
1.677525265707503479e+02,3.234269043147165945e+01
-1.691252430346096958e+02,2.378067535394568566e+01
1.712949123767187416e+02,1.092769948419801906e+01
-1.794759542838011441e+02,8.614747574531442353e+00
-1.749339519088252644e+02,1.090029904339259303e+01
1.647257259308505866e+02,2.525523748663918155e+01
1.715964066761960964e+02,2.614050004102528746e+01
-1.559505737483320047e+02,3.638324982408784791e+01
1.656047653920086304e+02,1.732166764217689447e+01
1.727884831490048896e+02,1.465718725566134495e+01
-1.748169691620190633e+02,1.755470218015735284e+01
1.744775417549799954e+02,1.266377177927007480e+01
-1.706498017640114711e+02,1.016885469028971478e+01
1.742556793990771098e+02,1.324461525467107137e+01
1.774748973679462836e+02,1.088544966754619558e+01
-1.734001623297341439e+02,1.414338455204837608e+01
1.708036286562807504e+02,9.329832326893969352e+00
1.765252089783761278e+02,4.336426632150629068e+00
-1.705145583101365219e+02,1.092467908723710046e+01
1.754011303038739413e+02,1.013824641565825857e+01
-1.767984922508482839e+02,2.294250030254345774e+01
-1.676012147892603821e+02,1.324600836554477112e+01
1.728219288702218535e+02,1.090745028940688321e+01
-1.763013182288312066e+02,1.078966770433662425e+01
-1.739184432226392971e+02,6.101859530586793312e+00
1.663034421531283442e+02,8.984151291272000961e+00
-1.690109162011726198e+02,6.125825408816107043e+00
1.671910706168089291e+02,1.162739553797845637e+01
-1.692563098294765780e+02,5.647717623035459766e+00
1.729497601154517952e+02,2.216755650306415859e+00
-1.779558370775033893e+02,1.032893459914641632e+01
1.757405174809143773e+02,1.465565783769649144e+01
1.744252717299568474e+02,1.036954136092127854e+01
-1.785602674676317747e+02,9.768027227817306368e+00
-1.736592386496731990e+02,1.157327411061633171e+01
-1.776154691064139968e+02,7.453181481607112246e+00
1.676968519758511604e+02,1.098707831277097036e+01
1.766997269915294737e+02,1.636915789329888682e+01
-1.755633290663917307e+02,1.226578090612292549e+01
1.590025947039144398e+02,1.771517077894862524e+01
1.768267595309620503e+02,2.554522321274571439e+01
-1.635162247151293684e+02,2.160153388407331576e+01
1.566606722497247404e+02,3.077404711952748073e+01
-1.712905749691275901e+02,1.455354403138833952e+01
-1.731781820771147693e+02,1.134378670152854518e+01
1.663372306216968468e+02,1.761304780510999635e+01
1.782666046532683879e+02,1.242540679171952966e+01
-1.577181920368337273e+02,2.336894416744470604e+01
1.699396491986170190e+02,8.344786043449420987e+00
-1.773984732095821926e+02,1.898209206905702473e+01
-1.690584610026492669e+02,3.967830735970970579e+01
-1.798575455230539148e+02,2.079404136054994012e+01
-1.757001049563723427e+02,3.117203740862221650e+01
1.689602426337243344e+02,4.416952857740572824e+01
-1.726774927197747331e+02,2.249507354171041840e+01
-1.558223585317618358e+02,2.551065269704550786e+01
-1.694249367425215098e+02,2.551700269044492586e+01
1.632882269517003238e+02,3.097878402334138315e+01
1.715535018867761323e+02,3.114973341047461020e+01
-1.654505144037629805e+02,2.132719594247527795e+01
1.765535715585824335e+02,6.787999882053672884e+00
1.633301879592627586e+02,2.138370578479845463e+01
-1.783780374413674679e+02,8.255451413021209106e+00
-1.745394166072382518e+02,2.276900211990467682e+01
1.780507083558785268e+02,1.596060283745449837e+01
1.689049061365656996e+02,2.549942850562198515e+01
-1.691453059981193405e+02,2.941127324132734699e+01
1.769264024119667624e+02,2.396675304938261775e+01
1.702372678615061261e+02,2.794631934834753650e+01
-1.610527781497953583e+02,2.234291549236519359e+01
-1.593566174664024118e+02,1.524381372056525485e+01
1.436390475971035130e+02,1.914171459445203993e+01
-1.785186141213906126e+02,1.694368963973849063e+01
-1.364536185527508678e+02,2.861655912906523724e+01
-1.681062323153472846e+02,1.887614359034422407e+01
1.412012021252690488e+02,2.710291145450151618e+01
1.675743464137495664e+02,1.745336461990545374e+01
-1.465721698877188430e+02,2.286487433891167953e+01
1.761801706036740143e+02,6.489373054875700930e+00
1.740888525497404942e+02,1.114638108904891212e+01
-1.719117552986882629e+02,2.114108133544619861e+01
1.716681685281481009e+02,2.420950180257746354e+01
1.769371740534845969e+02,2.058549043541648871e+01
-1.608307093276149828e+02,1.669308630749132405e+01
-1.791229856609616888e+02,2.849258941757259578e+01
-1.794986792321818996e+02,3.521005683301583389e+01
-1.705677094959532383e+02,2.778751849112866523e+01
1.610887275957820179e+02,1.714920611943501072e+01
1.695455749513262163e+02,2.679614889107655173e+01
-1.631311662588991851e+02,3.190874467700213302e+01
8.772812900020784355e+01,2.107612475546882180e+01
9.530267205889749960e+01,1.896916441031470058e+01
3.902874070594766920e+01,2.282517573124402332e+01
6.168007648240226359e+01,2.206724867805147028e+01
5.894609080818582214e+01,6.208741787809319845e+00
6.268137830047866288e+01,2.610470783730985289e+01
4.622094682330400417e+01,9.846699835281452096e+00
7.321373027493309849e+01,2.907083391908041392e+01
4.658557127129088116e+01,1.143931357875770694e+01
6.487226622624034178e+01,2.281633418023364612e+01
-1.488870971494884259e+02,2.933739283917545038e+01
1.740159942535491098e+02,1.364072958661025403e+01
1.463905399249954655e+02,2.531610068324980389e+01
-1.456742678078895210e+02,3.536868690744508825e+01
-1.628099330607654167e+02,1.032072474883347368e+01
1.431058623818483397e+02,3.651159887803544990e+01
1.745227598043013870e+02,8.728983323205728340e+00
-1.451723133753199306e+02,2.690518288638881828e+01
1.687999483133131946e+02,2.856451142559680534e+01
-1.771139969612199820e+02,8.752126480078857185e+00
1.185323542406369057e+02,2.644168113360982275e+01
-1.630349487954412382e+02,2.492993716895801981e+01
-1.396418902196131171e+02,2.990416370201385377e+01
1.683738826646120685e+02,1.232104247210561709e+01
1.560639612004470678e+02,3.035976549334055719e+01
-1.657923461543505823e+02,1.391585305436885633e+01
1.785470999936322869e+02,1.550961281031587902e+01
1.691447626954518171e+02,1.314574798351335971e+01
1.718163259358841231e+02,1.157653531505063427e+01
-1.713162840863435008e+02,1.784423380497644018e+01
1.645601244658696487e+02,9.996385440284162982e+00
-1.763567944540951373e+02,1.824821208346846646e+01
1.797108622273098888e+02,1.534760753064626826e+01
1.656828728343942601e+02,1.747702127010860806e+01
1.782905417352964719e+02,1.632100842654648787e+01
-1.746741911550778354e+02,1.496839946477222227e+01
1.620772285657396878e+02,1.466023305994151826e+01
-1.736784289504884669e+02,1.379932730228038373e+01
1.762001492610980620e+02,1.851890361799853935e+01
1.650082396255888000e+02,2.599313322506294455e+01
-1.278549831989030849e+02,2.046300366902732648e+01
1.616293620782920186e+02,1.502062406005900108e+01
1.366590794046148574e+02,2.130995936269741620e+01
-1.639217115556651834e+02,2.444126578354333645e+01
-1.730230339926836223e+02,2.434361258277201756e+01
1.554889275132119906e+02,2.286693808735157063e+01
-1.735465111197010515e+02,1.822365178251028794e+01
-1.660388447493587307e+02,3.282886972841885864e+01
1.365219096259588412e+02,4.015755923426583252e+01
1.291996648286952336e+02,4.896573808775097802e+01
-1.624418893357000684e+02,1.781450515957008918e+01
1.633122328980518887e+02,1.375302123998651105e+01
-1.771029702432437034e+02,1.699328527692647484e+01
-1.770671110431321154e+02,1.756762365507593771e+01
1.642213615267802993e+02,2.604921581845712808e+01
1.733213248482373956e+02,1.488065567631495156e+01
-1.697328855928375333e+02,1.416216547053169350e+01
1.626127473638702554e+02,1.969041459190438559e+01
-1.745979612096588482e+02,1.332590641899034090e+01
1.735929487979872476e+02,9.586913841112627566e+00
-8.542760556755000323e+01,1.536832484880053329e+01
-4.716498999935374314e+01,1.967685394058222670e+01
-5.114941590035775931e+01,1.171644329338890245e+01
-1.020907467809118572e+02,2.681544025845167667e+01
-4.773023597881607571e+01,2.154223623356687511e+01
-6.464638800209445435e+01,2.352613872752775137e+01
-7.038618938045310358e+01,2.071205378888732440e+01
-7.197350702826543056e+01,2.894306359694484243e+01
-7.541643671417597261e+01,2.124245143554529847e+01
-3.073466655632908839e+01,2.471579390738891036e+01
-1.770560393633761862e+02,1.118789908202251482e+01
1.790906112183763241e+02,5.634503232126679251e+00
1.774142164483365605e+02,1.303323489003802749e+01
-1.784257007017422438e+02,1.308060505712490418e+01
-1.691895442887586114e+02,1.660005598809970451e+01
1.651363190311843994e+02,1.861518435818990014e+01
-1.629547072552883265e+02,2.183093408658108459e+01
1.660494162033066061e+02,2.018647187433752066e+01
-1.773085694972609758e+02,3.000377553148465282e+01
-1.710943899728580391e+02,2.241743274141430220e+01
-1.748080840988654927e+02,2.100817013106923170e+01
1.599800586450379001e+02,1.483608551976891476e+01
-1.668098386510720843e+02,2.212641461875987758e+01
1.725634117504072549e+02,2.114260336408893792e+01
1.621906486415713573e+02,3.273871202795105972e+01
-1.675636041348202241e+02,2.278692839057891462e+01
-1.693594253485898946e+02,1.679989712815015679e+01
1.641311799200436496e+02,3.185868705413551538e+01
-1.588481576319045132e+02,2.213643497475867150e+01
-1.765324566214737843e+02,1.838650975129232990e+01
-1.711205737737064680e+02,2.985966870674664975e+01
1.789274858444819074e+02,3.188604797608018515e+01
1.663408171792403607e+02,2.804527083356840578e+01
-1.557469926703707017e+02,2.335029523502199567e+01
1.756617230669299090e+02,1.479092820954058141e+01
1.507665550906444594e+02,2.325549275992536735e+01
-1.528559621240450497e+02,1.919421308631254419e+01
-1.663848556550634328e+02,2.693250996309286194e+01
1.538237198906180652e+02,2.374554710477150721e+01
1.676732889581784036e+02,2.058683925825473793e+01
-8.413639207493581296e+01,2.857399475310134207e+01
-6.593315381371074579e+01,3.705084765776468458e+01
-1.134943333156213754e+02,4.514968747900828561e+01
-1.784773403769655147e+02,2.414176762838130230e+01
1.423722026389508812e+02,4.514879243280947207e+01
-1.570306505379594171e+02,3.929554416067072964e+01
-1.247089642416998743e+02,3.153678022660617941e+01
-1.437591170235612026e+02,3.140867111628666208e+01
1.365551927352278483e+02,1.591766641455435050e+01
1.447965429740871173e+02,4.099791423744228780e+01
1.535883744865472522e+02,1.588078409954370684e+01
-1.466664445642128953e+02,2.015475434754646500e+01
-1.748836410922973243e+02,1.065284290019663693e+01
1.417898925966762533e+02,2.201788354823206717e+01
-1.563709245613366079e+02,1.834551059018035346e+01
-1.535900697944053661e+02,1.772322207856593224e+01
1.443853469360290660e+02,1.769890504525587716e+01
1.614796826584834832e+02,2.087243673301109936e+01
-1.248010809395666882e+02,2.664566906582438222e+01
-7.089882880379751384e+01,2.220733727485220044e+01
-1.586382083380858887e+02,1.858510222605676176e+01
-1.378333337747382359e+02,3.681365286736747322e+01
-1.677499994788959725e+02,1.814180360236422018e+01
1.510215798846730308e+02,2.548938098459754187e+01
-1.779295380905824402e+02,7.022835279807995157e+00
-1.714084924985487248e+02,1.210854515650338747e+01
1.780466514004027943e+02,7.722300791082236771e+00
1.753389868358806041e+02,1.374393916163195151e+01
-1.747351400277733262e+02,6.849495733793600216e+00
-1.725400051204223359e+02,1.417826155649216702e+01
1.708932647899636379e+02,5.339807808673384670e+00
-1.650606780988475180e+02,1.473903849435020952e+01
1.621132966705912111e+02,3.449341119050592042e+00
-1.640631211984631648e+02,2.189490794238623295e+01
1.750863932715083138e+02,7.799163378726799323e+00
1.780912792862834237e+02,1.857229804670840068e+01
-1.792132369720340819e+02,1.448474537255849626e+01
1.770454961646787524e+02,1.568655026045446377e+01
1.719053638762966614e+02,2.012937213263370140e+01
-1.643793711592344948e+02,1.531628941838110336e+01
-1.733289948858673881e+02,1.747027221199675395e+01
-1.571139974776347970e+02,1.758674225158942761e+01
1.520832682221146115e+02,1.743284711635330098e+01
1.784185073197050428e+02,2.213465527550986423e+01
-1.675348342393931205e+02,2.122077014451359744e+01
1.506385615761381018e+02,1.890454922135211291e+01
-1.725077071509193445e+02,9.380368598127507340e+00
-1.709454562193679124e+02,1.741900490129784274e+01
1.574436379171421265e+02,1.846891116686373024e+01
-1.720179332728588122e+02,9.663378095311351501e+00
-1.481088215056039701e+02,1.495856446661356998e+01
1.436793053964766500e+02,1.904123255880456611e+01
1.437437684755680323e+02,1.757595848691375551e+01
-1.534757511236950904e+02,1.459579682553276569e+01
-1.725566765795166475e+02,1.118879432789955786e+01
1.603364300022099940e+02,1.292584328631328816e+01
-1.760220625051230741e+02,9.988458585303007453e+00
-1.796187953972939511e+02,1.176706412991915762e+01
-1.794316190725788260e+02,2.114518755414349016e+01
1.723231773152024857e+02,1.820496967430349855e+01
-4.421155351278456891e+01,2.918908543249300536e+01
-5.558343059718012569e+01,1.642357102612846376e+01
-9.379498277646958115e+01,1.823685713339214587e+01
-4.666740371617230920e+01,1.682219197767270202e+01
-7.201063134771254681e+01,1.129958437599516330e+01
-8.662312431021419457e+01,1.506822519543175964e+01
-3.862991935222793671e+01,2.665770303336960012e+01
-9.478156582474170477e+01,2.746967866071512532e+01
-1.228867488948672388e+02,3.947715804252955252e+01
1.556725487126041685e+02,2.440491569363748425e+01
-5.039436730713143220e+01,1.175279447823037771e+01
-6.937241055117013389e+01,1.226362201182949718e+01
-5.478150013733576884e+01,1.264914839520623779e+01
-8.077227691098981666e+01,2.190254859972844059e+01
-6.686348255063869317e+01,2.225063307981341865e+01
-7.656855597832962701e+01,1.318216089179421502e+01
-7.570096025517953819e+01,1.328417371228705690e+01
-4.640039549508295380e+01,1.393023059696458432e+01
-6.031638971434563246e+01,1.696783103745705290e+01
-3.822809720823018154e+01,1.543397160992376627e+01
-5.015021443506825705e+01,1.732175702625997360e+01
-7.621310468236467273e+01,1.331451785155140755e+01
-6.890940971657440173e+01,1.603777797091196078e+01
-5.291282355091987455e+01,2.867329934525514545e+01
-5.397888457642090998e+01,2.388225961168537026e+01
-6.875168943025182955e+01,2.025082240043755633e+01
-4.817624893968098831e+01,8.902433317973940774e+00
-9.945848271222008918e+01,1.986588029367496944e+01
-4.538315153689158166e+01,1.137646548120703116e+01
-6.513074701484445939e+01,6.487829352361586643e+00
1.799455281498300394e+02,1.201232955146878112e+01
1.794070784142213313e+02,1.581769287468238261e+01
-1.741324695500269968e+02,8.030953454949033343e+00
1.785343708436052452e+02,1.436755567635020725e+01
1.563724159084577252e+02,1.214881639837152605e+01
-1.472914817684286675e+02,1.711287084715732476e+01
1.495588337888543435e+02,1.557831598060275979e+01
-1.644177606255769604e+02,2.162920097176414203e+01
1.647086827241185460e+02,7.147763417598641311e+00
-1.770777923485067902e+02,1.335909237577238429e+01
1.534813414337717745e+02,3.312480012548391528e+01
-1.790962995613839439e+02,2.550829567023913569e+01
-1.763416745125967680e+02,2.140465713904769274e+01
1.725691521706231697e+02,2.971611396246035497e+01
1.774827419410742095e+02,2.626139659457435727e+01
-1.713319380071780813e+02,1.728142707915715448e+01
1.620839640383058224e+02,1.660069330890133799e+01
1.715451208239523169e+02,3.561708909366288367e+01
-1.619429128810494944e+02,3.378672495481956872e+01
1.660706092491791139e+02,1.913614879995076734e+01
-1.403997287533173903e+02,2.064313298528680463e+01
-1.492309675634713528e+02,1.948907177142537250e+01
1.466090986582941582e+02,2.504128281297914782e+01
6.435044965399004013e+01,1.985688714558871837e+01
4.188275389393022863e+01,2.861471400964010314e+01
9.453016802115513428e+01,2.736377701689198005e+01
3.820234131478371609e+01,2.731830502733959065e+01
1.007192263944297252e+02,1.985060541936484668e+01
7.564931713891230913e+01,1.935262021168954405e+01
6.004905007011712570e+01,2.700709312091648684e+01
-1.688837869071316220e+02,5.801597009589308840e+01
-1.637924708134280820e+02,3.626424860383207971e+01
-1.710506282273639727e+02,2.036893280954317476e+01
1.579492354197967927e+02,2.845036781099164358e+01
-1.726070248954545718e+02,5.244972386143030008e+01
1.603571452306341882e+02,4.388127577522268297e+01
-1.721670700548469597e+02,4.916503235959621776e+01
-1.587582835343652334e+02,1.849662488862068699e+01
1.386522234369892317e+02,4.504432520209628166e+01
1.484403700619200208e+02,6.117195033599809051e+01
-1.724187628980987483e+02,2.656337554131037493e+01
1.590432542138557892e+02,2.481811171167101904e+01
-1.696768876835221249e+02,1.471473134977060582e+01
-1.710850329142270141e+02,1.327075230953323093e+01
1.698805768524162545e+02,9.843568318694437380e+00
-1.724028096798014360e+02,1.705255465204448484e+01
1.746214412050069313e+02,1.521051701062603811e+01
1.791446599565651070e+02,1.412374322720286557e+01
1.715239637172418554e+02,9.859064840223986437e+00
-1.738862830969645188e+02,1.176507096155796006e+01
1.071167770280667355e+02,3.458288724335945119e+01
5.677893118210196377e+01,2.284256067599532614e+01
8.301768524594507426e+01,1.333342182284441613e+01
9.436569998758614020e+01,2.005942198751170835e+01
5.152375658690519344e+01,1.623203123641318868e+01
8.450595384207487371e+01,1.444408997882658952e+01
5.243362259714789531e+01,2.231141024195633804e+01
6.621764388444216820e+01,1.769081243724220087e+01
7.394768746028780981e+01,1.050632971813243266e+01
6.478814761959910129e+01,1.332942812588139070e+01
1.784585813037098774e+02,5.799820778755719886e+00
1.743025014168099744e+02,6.060668516238888692e+00
-1.710184680817780816e+02,1.609282471280888771e+01
1.768119601966934908e+02,2.271173645588837076e+01
-1.784332602614032908e+02,2.479965300872586198e+01
1.729887245682838852e+02,2.331859285729051834e+01
-1.715116710448471053e+02,2.342486807246420000e+01
-1.674327048188722245e+02,2.426653039245064036e+01
1.699432070676718070e+02,2.457644029827402932e+01
-1.756297431325754133e+02,1.872074997914003092e+01
-1.515976331597714761e+02,3.488766213721724796e+01
1.689919893080636086e+02,1.887791733043698628e+01
-1.530189946453439802e+02,1.233158113373471210e+01
1.446818021286459270e+02,1.315460375145431016e+01
1.293137658861688521e+02,1.853123894521178272e+01
-1.545323520603751035e+02,1.921811175514778824e+01
-1.744640337858648991e+02,1.415342603742547212e+01
1.041369303670762747e+02,3.234176834061728556e+01
4.346593544889788774e+01,2.159806802115360824e+01
9.210069203900005164e+01,1.949896973409600776e+01
7.741823271229962700e+01,1.753088291116544184e+01
6.261925210531528307e+01,1.253835505089644009e+01
8.685924108162438984e+01,1.781108366875243121e+01
6.646646270612578178e+01,7.619933512589788904e+00
6.689882905579770522e+01,1.621234032346616516e+01
6.752700085889513559e+01,1.288316385573663858e+01
5.367488167090841245e+01,2.245680639124266520e+01
7.869070044330867120e+01,2.255179405139824667e+01
7.267840752945967608e+01,1.456581608982108023e+01
7.503547409105914312e+01,2.138472233710679404e+01
1.665080756252965557e+02,1.317524073938330531e+01
-1.758467095174512735e+02,2.617434391995731602e+01
-1.730226255275419192e+02,2.999991346752234733e+01
1.690177616263785865e+02,4.880695451014450725e+01
-1.640694181237568330e+02,1.706333801387132709e+01
-1.791608766003442668e+02,3.025066109308217932e+01
1.562122549932234108e+02,2.462102836321709631e+01
-1.635258496027076660e+02,3.075489660139006531e+01
1.741524264670376567e+02,2.767531428168414109e+01
1.688978141468762146e+02,4.329729934253663970e+01
-1.772770163083498289e+02,7.917894249150938535e+00
1.489555044199004783e+02,1.557492616004232744e+01
-1.708629466861054027e+02,1.017119311424726646e+01
1.715496917151070875e+02,1.366342702615425786e+01
1.785390260939854272e+02,1.663757656072109370e+01
-1.660371124731911721e+02,1.444276257517792672e+01
1.656778820396254730e+02,1.063787267661068725e+01
-1.621174712411303744e+02,1.255866218948366964e+01
1.740145534592647323e+02,1.326982674206196222e+01
1.798295924388022797e+02,1.064932335328628810e+01
-1.768019882217104737e+02,1.568453731018460573e+01
-1.739977489695919246e+02,1.166435989765359693e+01
1.648407419296116245e+02,1.962385314026771255e+01
-1.623427542500857044e+02,1.129099756743564065e+01
1.799775793171388614e+02,1.215422083690345367e+01
1.536466523369839194e+02,1.683878821508565693e+01
-1.566462214967419868e+02,1.847113883079823182e+01
-1.794478930442369915e+02,1.151838337210512719e+01
1.600165478387303892e+02,1.847502069946101955e+01
-1.608395465729109048e+02,1.380005184175615973e+01
1.797904616599520580e+02,1.737840763191849192e+01
1.660559589179034390e+02,1.808115717714802884e+01
-1.666886388923869049e+02,2.390371690831579343e+01
1.743723318019429485e+02,2.127978156306868485e+01
-1.761235866779866512e+02,1.802421419780644030e+01
-1.773370577802161847e+02,2.130440039792514284e+01
1.742313027257098383e+02,1.276868565544659440e+01
-1.597406311014630660e+02,1.208883865418834525e+01
1.324498550978112235e+02,1.919829462908589335e+01
1.063462806810999126e+02,1.633553257341013421e+01
-1.420356290397457144e+02,3.316526302750993693e+01
-1.716420000077772841e+02,2.050912797524939180e+01
1.508043268971481723e+02,2.035146594512547935e+01
-1.710860330511332563e+02,2.525991999851319036e+01
-1.658043782622785614e+02,2.135413850686174797e+01
1.744990536103737213e+02,8.927573076396306817e+00
1.452805075067851988e+02,2.805487208065477489e+01
-1.686722589361483813e+02,3.319450833744555496e+01
-1.759158670764033729e+02,1.969922760733457423e+01
1.600540543209461646e+02,1.937816253061366467e+01
1.534991115793233973e+02,2.474659543663608474e+01
-1.729857912025187545e+02,2.808725524069686230e+01
1.708111476432052029e+02,3.344445344874588244e+01
1.617356990458284542e+02,1.694364748455599923e+01
-1.766195555714151624e+02,2.152240968106307051e+01
1.714174857550838738e+02,1.968328742479258864e+01
1.719931153724988064e+02,1.552425579255064036e+01
-1.665806696457788405e+02,1.942721729904175021e+01
1.616246875219543142e+02,1.669136251630477119e+01
1.663593970683976693e+02,2.067686513874107135e+01
-3.048157904570353516e+00,3.039522793244048060e+01
3.180122017711286730e+01,2.927165099511879376e+01
9.777056085475551583e+01,1.410347400109741756e+01
4.399186673249976565e+01,3.048192820443284745e+01
5.390494618084409240e+01,1.678616774027312886e+01
6.994039470009244042e+01,1.643677026986433276e+01
1.715852846978426172e+01,2.810407767136879897e+01
5.707952275370865891e+01,1.664306900349519935e+01
9.094259966705102727e+01,1.440885355385921507e+01
5.539579621286672051e+01,1.886207491144228499e+01
6.483002546396605226e+01,1.992399006176770371e+01
5.835358879007657151e+01,1.961622684808919459e+01
6.285993185917527626e+01,1.193108623506371302e+01
4.113116697619468454e+01,1.708198029624913516e+01
7.025035052429022642e+01,2.522648748101149963e+01
5.010249997677186684e+01,2.082938682928067564e+01
8.100949233338410238e+01,3.962949685616305828e+01
5.491869755498185413e+01,2.082330749374626677e+01
6.357057938780202022e+01,1.233407814965634941e+01
6.784977412152933596e+01,2.237284928663236627e+01
-6.023531135053953278e+01,2.393745568112366939e+01
-6.674305967105908621e+01,2.222793213262798062e+01
-4.725861427417885352e+01,4.162366302474660529e+01
-4.998231317848988198e+01,2.074271529428197880e+01
-7.841320741378503101e+01,2.952382488660617099e+01
-4.991028151996543727e+01,2.640193296520915212e+01
-1.020713331577569676e+02,3.605651046416210193e+01
-6.935892683509965195e+01,1.999930066285354258e+01
-6.076019246296126397e+01,2.189342634697464618e+01
-8.961469537253334749e+01,2.471812970018581623e+01
-1.650904794124668626e+02,2.886522094217855283e+01
1.629830742428879944e+02,2.365920079623455052e+01
1.620532509086430650e+02,1.286664086761737025e+01
-1.537716336050421262e+02,2.028289803663518143e+01
-1.782132154982079442e+02,1.534603786970087747e+01
1.433173339847168961e+02,2.463313849193921357e+01
-1.564004959212857955e+02,2.655172772154329408e+01
1.611691672579602255e+02,2.377649354713614471e+01
-1.653435612866411759e+02,1.284197776070200092e+01
-1.787091049529378495e+02,1.595736592193629022e+01
-6.095028663311330064e+01,2.384007305239178720e+01
-8.024780604307586884e+01,1.514133575975019141e+01
-4.276343455480726874e+01,1.918447575402053928e+01
-8.415562939544264509e+01,1.851815381685631934e+01
-7.272604565053201497e+01,2.120882770064560674e+01
-6.972830996654593605e+01,1.961148274680532211e+01
-6.239377120349109873e+01,1.650862365609881977e+01
-6.547065822614290198e+01,1.738530195786094268e+01
-6.562806484087239767e+01,1.832652806023517655e+01
-6.524104583035561689e+01,2.311371508674857012e+01
-1.673367018233218459e+02,1.444033858569275353e+01
1.721970903824594359e+02,1.441638990708372248e+01
-1.777101690504690339e+02,1.645996868552575521e+01
1.706404932648521253e+02,1.596087550599531468e+01
-1.665202415603690724e+02,1.452292046779517598e+01
1.592972596060282910e+02,2.211415581272110842e+01
-1.697129696714241334e+02,1.648222110932753992e+01
1.700565724478885556e+02,1.955194721775578515e+01
1.797076016243570677e+02,1.545567787514377400e+01
1.799769154786999650e+02,1.851716287736667610e+01
-5.702735935840494363e+01,2.694059390293101330e+01
-8.369195693412733306e+01,2.208935340114215506e+01
-8.065834581310704721e+01,1.831547299466726741e+01
-2.667146441748500862e+01,2.686960619978172105e+01
-9.740069708451612485e+01,2.618705729569617091e+01
-6.519788000247464765e+01,2.031597666717635775e+01
-6.717817875002883454e+01,2.560463244448619236e+01
-4.152371332339870946e+01,2.471065311274522713e+01
-9.352648337578992255e+01,2.950246220930127450e+01
-4.962059298449424460e+01,2.458594972082154939e+01
8.621908189800427635e+01,1.867127002071637776e+01
5.903715861643079421e+01,1.537424085671208829e+01
8.260725464030210219e+01,1.259789080785348148e+01
7.276799409830979926e+01,1.410074753478874321e+01
1.214007913736332966e+01,2.606107540770932474e+01
8.096501633183439139e+01,1.846936887424917728e+01
5.330979316693684211e+01,1.459354827782813047e+01
5.904012655641383844e+01,2.021315949211161467e+01
9.283393267286174932e+01,1.952492548194853583e+01
6.607416627156629829e+01,1.928126533095792894e+01
5.602906768189588860e+01,1.108311396163320950e+01
5.166739404727078977e+01,1.969123746353026050e+01
4.787059486911504536e+01,1.731871826001403036e+01
4.276382203277057670e+01,1.853679993002844029e+01
4.741111382811372010e+01,1.225795776631779255e+01
6.831028478464568821e+01,1.997829962019201844e+01
4.629415103494146422e+01,1.612929924065176479e+01
7.678375977373210048e+01,1.744317078053797587e+01
4.539239777114881491e+01,2.174791147506681455e+01
6.470951832066052134e+01,2.544816700457872471e+01
1.752189986323868993e+02,1.126828362238560111e+01
-1.754426858524666102e+02,5.653489202783255507e+00
1.705587278194538214e+02,1.046472947291373323e+01
-1.674435887021436713e+02,9.879570636632273306e+00
1.722463048381713975e+02,2.754274370187058807e+01
-1.535776132473174300e+02,2.354962240335069623e+01
1.233837576416941602e+02,3.684640558137863309e+01
1.537683943370836630e+02,2.482217054955662405e+01
-1.189318456212295843e+02,3.012632908259568154e+01
-4.876252481799043892e+01,1.412252565944440974e+01
1.180265805722504808e+02,1.864629898057977897e+01
1.141207706663069104e+02,3.829314899857612886e+01
1.168001811259451159e+02,2.921466180746728369e+01
1.124136587263915175e+02,2.620914163978343936e+01
5.613845220835633398e+01,2.049312985459452818e+01
1.041244069809276311e+02,2.804464737743916203e+01
1.047499984621995139e+02,3.702921538943396484e+01
7.374697312917746217e+01,3.457024301438350733e+01
1.272609116078748031e+02,3.369958122069698447e+01
1.710615000928913503e+02,3.219898477521436320e+01
6.592593432285677579e+01,1.321113735776401654e+01
6.135010424256082473e+01,9.206439721504453999e+00
7.209970350187843735e+01,1.101915078406518234e+01
6.703109855491327096e+01,8.542619323235683737e+00
6.016927279384071880e+01,1.269316420388108924e+01
7.784328723947805884e+01,8.145119867101282551e+00
4.911388979726567072e+01,1.768026610545803479e+01
6.192810583268664715e+01,6.944953082434921043e+00
5.663716189170921922e+01,1.242290480670886943e+01
5.798337203453166921e+01,1.422430411815287421e+01
-9.755306047935046365e+01,2.739845468493585656e+01
1.592371549710096872e+02,2.092970178010603988e+01
1.742288838547502792e+02,1.248304201701352945e+01
-1.692947304945670339e+02,2.785233630225913615e+01
1.752016469112801360e+02,3.025566677110821701e+01
1.685703682339808722e+02,1.933831021754310697e+01
-1.778004407997743783e+02,2.277269703560422087e+01
-1.748666206556702889e+02,3.272608909091846385e+01
-1.610455514507461601e+02,3.534116460938142978e+01
1.690878416425109094e+02,3.347184699290336596e+01
7.735044148280769605e+01,2.075432075197610970e+01
6.058946122093615116e+01,1.666338970268712316e+01
8.853077835429945708e+01,2.832389574781002750e+01
5.411042570956259112e+01,3.617538326096041601e+01
7.740550496535526293e+01,1.721194741511385828e+01
8.780061336517285042e+01,2.368290438949679810e+01
4.747383391324346746e+01,2.522790324423665709e+01
8.796145784808778956e+01,3.865565101393826808e+01
5.461216633147071065e+01,3.271157258934583467e+01
7.445004222983165221e+01,2.091998780551605819e+01
1.780822830501607541e+02,1.170330657654163176e+01
1.765308905588969992e+02,1.412865551477876025e+01
-1.684765062969309781e+02,2.140732502009735683e+01
1.749552486007274013e+02,1.955694337841627828e+01
1.655979627784808486e+02,1.608233944616483058e+01
-1.625475524858036920e+02,1.479624483016232084e+01
-1.797272001795174674e+02,1.305998669156973335e+01
-1.785005360194963941e+02,7.144107994524936167e+00
-1.671129061719612139e+02,1.073193752363377840e+01
1.605547638584523895e+02,1.588530221023901845e+01
-5.948284803169439527e+01,1.553051214410739078e+01
-9.708536823083284162e+01,2.156625675715171653e+01
-5.026474612898960714e+01,1.874793040743256256e+01
-5.801035331602408718e+01,2.674458341879874013e+01
-8.477560127252654354e+01,2.003789808481792889e+01
-5.862086558009004733e+01,2.266904862312955871e+01
-8.730847860951378436e+01,1.974968680714076541e+01
-5.996424354713678184e+01,1.489907475787986257e+01
-7.788869238925205707e+01,1.747577064894147725e+01
-8.636597330639413883e+01,1.996368413853954493e+01
-1.369714118733238024e+02,4.388245924785429963e+01
1.742563449293326414e+02,2.808067068412390554e+01
-1.557768698464444697e+02,4.096605652522218577e+01
1.625987453337497186e+02,2.681127367831473762e+01
1.751065463691581954e+02,2.308367920201957446e+01
-1.589843729300420705e+02,2.381795905396086610e+01
1.638437663709568710e+02,3.106583055942925142e+01
-1.635407148833601241e+02,2.270172270226850131e+01
-1.551768765503715031e+02,1.215913766806563423e+01
-1.631037514292607113e+02,1.348349430006427774e+01
1.309331804756387214e+02,3.684076345604839986e+01
9.063954422797451116e+01,2.761166583874082292e+01
6.628863893145697261e+01,1.311044594000681229e+01
6.465303579317583171e+01,2.825073758458699658e+01
8.107708863606296745e+01,2.498536947351000492e+01
1.309314190702694987e+02,2.442698576276286104e+01
-1.506377531058163015e+02,1.722435248372687511e+01
-1.033810832069646466e+02,2.361253518168035725e+01
-3.478086529621101874e+01,3.141959285584398742e+01
-9.734613944255298179e+01,1.690725287736410820e+01
8.395008800124945481e+01,4.200584938317683736e+01
5.461366417991793298e+01,3.102448365816706399e+01
7.594225655885635717e+01,4.311373947322616118e+01
5.995308516366957008e+01,2.561131302882965244e+01
8.011552539853239807e+01,3.044234466082530943e+01
5.751311427395245346e+01,2.680583464726920084e+01
6.117668628463682978e+01,1.715647703389143430e+01
7.327186890623730164e+01,2.220017542079254724e+01
6.230418806055425307e+01,1.611950168479189927e+01
5.782880241561535684e+01,1.834051240241512915e+01
-1.741066095856299683e+02,2.372117224113728184e+01
1.565049780714075496e+02,2.239575332189389911e+01
-1.713989469987607492e+02,1.559807357519468951e+01
1.646558187313786163e+02,1.688790261597325326e+01
1.683642481626372671e+02,1.449985034782364757e+01
-1.790355383953272224e+02,2.399476701140356738e+01
1.734438464390061085e+02,1.340691516445127718e+01
-1.711723162381703389e+02,1.034228762727159534e+01
1.540429419429479765e+02,2.022475939274693602e+01
1.668459306073327468e+02,2.466268482133702378e+01
-6.266481418885116028e+01,2.798760087695665888e+01
-7.037004111044329591e+01,2.583175043939721505e+01
-6.250317529838455499e+01,3.393421685427419732e+01
-6.701903706346838874e+01,1.710738084064333009e+01
-6.693946788421351357e+01,3.418139278204277787e+01
-7.080749992369841550e+01,2.190594852530224301e+01
-9.220520616326139418e+01,1.744100102582046929e+01
-5.557786492371576514e+01,2.644647062870343035e+01
-5.685720530235093406e+01,1.949734353269071363e+01
-8.005659288012253683e+01,2.487388870154639520e+01
-4.864858585516719103e+01,1.587746675683262865e+01
-9.223529547867531164e+01,2.289666627355635597e+01
-6.101614927509634612e+01,1.403036424184308295e+01
-3.628271848054204440e+01,1.912614676915445244e+01
-9.152067894086715683e+01,2.481237635976478728e+01
-4.009878594856321143e+01,1.965276529332020061e+01
-7.152239070140635135e+01,9.955402927751153541e+00
-6.783719091861490824e+01,1.160045782070020692e+01
-4.682847508038668138e+01,1.340051450235395336e+01
-7.664716682664497682e+01,2.292418442480817475e+01
6.965488784452513471e+01,2.197983668178484251e+01
1.011245286950991158e+02,3.166943905865365139e+01
1.748104278386581427e+02,6.120755436572592245e+00
-1.312823404561336531e+02,2.827180664302734314e+01
-1.661728511639109911e+02,1.070873865412407966e+01
1.373552157912957910e+02,1.893166266103178685e+01
1.619887112076611118e+02,1.740393730488954560e+01
-1.468216132174117092e+02,1.805984137362163011e+01
1.740265338997081130e+02,1.466350797635529446e+01
1.777156551945407159e+02,1.312001535293734733e+01
1.537810742300711979e+02,2.236545393335225995e+01
1.462353092009108479e+02,2.835538268160744479e+01
-1.709669360167947900e+02,1.221711200466743463e+01
-1.625677934660048720e+02,1.436009948523536828e+01
1.492641857822562486e+02,1.566152050779040650e+01
-1.766470768394837023e+02,6.859905068993227495e+00
-1.625513682530348945e+02,8.704560451709387081e+00
1.656193787347003763e+02,1.724912665001955503e+01
-1.730077810236361415e+02,1.174545727923270100e+01
-1.656235767243856003e+02,2.131226137088547290e+01
1.490345793318047640e+02,2.290282086016833318e+01
9.260755677107239592e+01,2.291957239404342062e+01
3.427793429764507493e+01,2.522969842910342209e+01
6.438980405467154355e+01,1.959688433216008008e+01
7.923064811518425188e+01,2.301082375118182455e+01
7.205830020867989560e+01,1.865909575595707537e+01
4.777440523419354435e+01,2.796346144318367521e+01
8.349859228683817491e+01,2.392219663998256252e+01
6.148500105040847785e+01,1.968076677065221247e+01
7.890618488943961495e+01,3.260318033248995562e+01
1.622813111644331059e+02,8.304990648889138072e+00
-1.673579753085014374e+02,1.272378602337741782e+01
-1.671105132539323961e+02,1.351755276474932366e+01
1.609010817493499701e+02,1.491728298375314132e+01
-1.699984883643473381e+02,1.313757032769026090e+01
1.720128877107713663e+02,1.476235893228648877e+01
-1.746704415496885758e+02,8.383067165664028764e+00
-1.776102066933923709e+02,1.051713321893607045e+01
1.705851696532819517e+02,1.580746662793568902e+01
-1.626349887104910579e+02,1.860286377668385427e+01
6.166095382247168288e+01,1.520028291387461294e+01
7.232970220035501541e+01,1.059465831441072226e+01
6.799960325186761168e+01,2.290306777774337021e+01
8.038080674900203348e+01,2.169207221972506616e+01
6.457410640795332313e+01,2.143806925715517764e+01
5.415890971419037214e+01,1.916563898364067242e+01
5.561533531860118984e+01,1.510920770872208863e+01
5.743050101044117639e+01,2.052954284383821459e+01
2.899446132036182533e+01,1.634062100260165451e+01
8.010667750401630371e+01,1.685128213579145040e+01
-1.739404349478304539e+02,2.124509686794323216e+01
1.682347813429517203e+02,1.078045858236796661e+01
1.756594038745412547e+02,2.768358735646981827e+01
-1.603562497988373252e+02,1.951187040624920144e+01
-1.061779623251251792e+02,3.054780859393213888e+01
-3.718817167019938807e+01,1.905925534839088442e+01
-7.973090532987281165e+01,1.889222365060273034e+01
-7.408409397669527152e+01,2.953240606062565377e+01
-4.723870885175878698e+01,1.701961592467753803e+01
-6.141140710641778355e+01,2.232125172742935604e+01
-1.790456710313174540e+02,1.863696503277886762e+01
1.698898327436806994e+02,1.583811706141592524e+01
-1.592978509046918134e+02,2.974051834564007635e+01
1.675301676348407511e+02,1.052207801792804709e+01
1.764622128167006281e+02,1.315954999883834731e+01
-1.591467353529023114e+02,1.763353986573628873e+01
1.616855528804467212e+02,1.960339959023060530e+01
-1.743795422202028078e+02,1.583597574915188488e+01
-1.746463032895798619e+02,2.234730418375050220e+01
1.700837458176541759e+02,1.460473140566691974e+01
9.599708936190901909e+01,2.811295324704263265e+01
4.244032189938768340e+01,1.653880468363922773e+01
7.275453364790094213e+01,2.535927885263995663e+01
4.468179548630591569e+01,2.950340914881923737e+01
5.258956776997226257e+01,2.148500006443956778e+01
6.364737788966917975e+01,1.567995466605201926e+01
7.306187403180133799e+01,1.721458866645460972e+01
7.476406913071370752e+01,1.806898520440939393e+01
7.479985772891151896e+01,1.351685740634367505e+01
7.326954680076283921e+01,1.195687459270199327e+01
-5.764865068337095977e+01,5.537505691212406767e+00
-9.589944609458677860e+01,1.422675271761936244e+01
-4.218384686251405213e+01,1.211070941760953801e+01
-7.348618925020679171e+01,9.541740319310459739e+00
-6.430565896342567100e+01,1.519244980937288503e+01
-5.259025083404394962e+01,1.507211774251289071e+01
-7.212807577951444671e+01,6.927293039646943207e+00
-6.855389319379986546e+01,1.689666525265065999e+01
-5.843964434702209587e+01,1.886709106190085095e+01
-7.849368957009951941e+01,3.137821775153843618e+01
-8.690723304815884376e+01,2.279180293629595866e+01
-7.446162244673584496e+01,2.085200539034078560e+01
-5.350680260886846185e+01,2.937388502958404501e+01
-1.555925902973646942e+02,1.218323089799118009e+01
1.329260452740373921e+02,2.796104538955413688e+01
1.328061366230411124e+02,3.439149279834153106e+01
-1.713180295778984998e+02,2.844329130633032676e+01
-1.795934301362842689e+02,2.670796340336022823e+01
1.504190998427981469e+02,3.014107843484451621e+01
-1.714020625972494827e+02,3.740627135432924177e+01
-1.582379437119077750e+02,4.376529629740598892e+01
1.435873393016263435e+02,5.090845751449522538e+01
1.553456398384936961e+02,3.980633255978502660e+01
-1.390720117674416372e+02,4.321103017738494145e+01
1.769471294607900234e+02,3.228569373234508788e+01
1.531022364108542320e+02,4.965017577021807682e+01
-1.638808786980861782e+02,4.039208626331608087e+01
1.774115141887687059e+02,2.881132209994610349e+01
1.717190322501039645e+02,1.345149569097409170e+01
-1.564563990976801904e+02,1.869743924085811670e+01
1.651114426925333589e+02,1.142688842576577635e+01
1.787736312441105611e+02,2.061851306397196737e+01
-1.571885304606137481e+02,2.678240844936823351e+01
1.643039830187104826e+02,2.670746122898881225e+01
1.722533841805959014e+02,2.866995292767269987e+01
-1.464389335713762534e+02,3.033054559898714686e+01
1.693914389429372989e+02,1.177225768007281559e+01
1.699524408079006150e+02,1.959139224612937369e+01
-1.710805491293145053e+02,1.049242817782339188e+01
-1.783040595692881141e+02,1.768191958799007324e+01
1.691967259281602480e+02,2.848443579528510838e+01
1.790021591017138860e+02,2.845746330389996359e+01
-1.759813095584854636e+02,1.982914584550089998e+01
1.752579878149941806e+02,9.779679015071426562e+00
-1.712708887062537713e+02,1.306779285781388822e+01
1.727270051407757308e+02,1.650369634274363762e+01
1.706171170961780206e+02,2.240993294268658431e+01
-1.623827295470894683e+02,2.469272076962695550e+01
1.740167462603359070e+02,1.384081126166059050e+01
1.742665356689635132e+02,1.017382861420341911e+01
-5.697429881178152300e+01,1.187766763348001220e+01
-8.399154183250227845e+01,1.472325137565065845e+01
-7.034955469316437870e+01,2.094036247021054820e+01
-4.835749229724188325e+01,2.016751319283890354e+01
-5.617928878175813168e+01,1.718231890465792588e+01
4.520794592453097671e+00,2.631338508365446671e+01
3.684999571110903815e+01,2.469511359852031163e+01
8.951406991195264595e+01,2.276750351874331102e+01
3.965582777725502694e+01,1.672472662098021345e+01
6.750096138278159685e+01,1.680237534953965906e+01
-3.569700708169649772e+01,3.380261237117876760e+01
-4.383083793993529298e+01,2.235778393046832946e+01
-3.572859915119965279e+01,2.013533224318974746e+01
-7.803831248843471258e+01,1.240014025136705911e+01
-5.853956597339763590e+01,2.144592536623784440e+01
-6.779285872268157220e+01,2.178126591590702787e+01
-8.133761566376421115e+01,1.152261969927517704e+01
-5.789477327239394100e+01,2.369364581936488534e+01
-7.689444266481700652e+01,1.291464210619907682e+01
-6.707984125691447730e+01,1.587754839096901094e+01
7.781075272045619329e+01,1.221111963780582599e+01
5.973902750659861738e+01,7.631631027675950918e+00
6.614939558132569175e+01,1.052137981725832994e+01
4.869990925774236956e+01,1.172983530306678013e+01
6.555921290745872909e+01,1.520820443740301542e+01
4.765353511832893219e+01,1.603788057102738307e+01
5.521890538133169457e+01,1.683879295565174417e+01
5.583654066677821959e+01,1.513460037335248920e+01
4.767329261674277063e+01,1.411663996683380695e+01
6.973425234759986324e+01,1.985375398747678588e+01
-5.062308972433054066e+01,2.865623698383055995e+01
-6.783466163860725828e+01,4.230922699376014862e+01
-9.566728826531056029e+01,3.681831357898614954e+01
-1.414193883471205311e+02,2.361413454637030895e+01
1.197668262537395663e+02,4.815439305798209801e+01
4.867391804958570134e+01,3.771227502278977539e+01
7.911139440911192366e+01,4.875095037751593452e+01
4.625314244435373467e+01,2.808005564869689152e+01
9.617001409742996998e+01,3.169675229541157080e+01
4.979202552333684650e+01,3.023358679842881713e+01
1.742546639505492863e+02,1.631227931424589528e+01
-1.634762779764352558e+02,1.735102205890685667e+01
1.738592767399266847e+02,4.631951963616792511e+00
1.767546794574717524e+02,1.160367778543891149e+01
-1.796984822509346600e+02,6.976752654438698187e+00
-1.732372805287526489e+02,5.116195632439557883e+00
-1.794544630430528116e+02,9.419740837811758638e+00
1.781662300732933488e+02,6.454999294830511936e+00
1.758405660169391069e+02,4.789161565116042851e+00
-1.661066935562576248e+02,1.130503717636001326e+01
5.076880492166191772e+01,2.037161939433008584e+01
4.414415362020014300e+01,1.958671237309929936e+01
9.222386993123622290e+01,2.182152770914784057e+01
6.284733975744282475e+01,1.268819745081574979e+01
6.052679946341421413e+01,1.113706161082981794e+01
7.206105892512447042e+01,1.534627152217692370e+01
6.331331772641337352e+01,2.456988857899436596e+01
6.640661526523844316e+01,1.988746707009418202e+01
4.992722936896294073e+01,1.840088768864022128e+01
8.937926592171187679e+01,2.277908834436851748e+01
5.671408820402283624e+01,1.278867445637647648e+01
5.855297373034882469e+01,7.440756022851997997e+00
5.821840315129153254e+01,9.150671123409315655e+00
7.316920649443112268e+01,6.831413041829760502e+00
5.538588375498530070e+01,1.046850233312746781e+01
8.428802225998811082e+01,2.189784078515395294e+01
4.803877366143201755e+01,1.189260270545338294e+01
5.768911462353284492e+01,1.400916361361953300e+01
7.716669777967669575e+01,1.443889472912047012e+01
4.241288084122558644e+01,1.469929520210204998e+01
-1.500613403549315592e+02,3.345434966000499344e+01
1.376195322793450657e+02,3.231047553728517130e+01
-1.667871154190193295e+02,1.240639164568934305e+01
1.757259118951560595e+02,1.129134193496382821e+01
-1.719977430200976301e+02,1.370009981347214278e+01
1.719678981553421124e+02,1.311546401825977171e+01
1.691132438162713072e+02,1.060429688252581570e+01
-1.731921946114014759e+02,8.984390541568467725e+00
1.711750058356263935e+02,2.028274614363845529e+01
1.785331491162389170e+02,3.473098341063806771e+01
1.581237198294470829e+02,1.049287031127351355e+01
-1.625893601260431183e+02,1.037272711410811787e+01
1.796100742095455871e+02,7.879000067542310859e+00
1.575690008835724143e+02,1.532840325265141956e+01
-1.612231829472855793e+02,8.676190044310077454e+00
-1.779120102682261972e+02,8.430403933715391318e+00
1.564888775356068891e+02,1.043720085750109838e+01
-1.622970521656623077e+02,1.289678531075630019e+01
-1.591915353819003087e+02,9.734325058879560899e+00
1.561270124524497476e+02,1.805660509990958928e+01
4.828412399875720240e+01,2.564602817964199133e+01
1.506450361365906474e+02,1.661618261106615790e+01
-1.350278851642259781e+02,2.385064505834877480e+01
1.644234213422963364e+02,1.886563397447588386e+01
1.748397054306741154e+02,1.001119006148020674e+01
-1.677672783145000608e+02,1.858677370139043461e+01
-1.693508894094521793e+02,2.123124527542931617e+01
-1.769114444463641291e+02,2.068647418317122089e+01
-1.799057872598237111e+02,1.888497236592735007e+01
1.772197798614098190e+02,1.856129238470687781e+01
1.574931568106546251e+02,3.124594126081675682e+01
1.754407064191103984e+02,3.003094889351329044e+01
-1.654820931120904675e+02,2.147588105597941421e+01
1.571914133560120774e+02,3.141884441299312414e+01
-1.490277638538477731e+02,3.251770120530849795e+01
1.573664732200471406e+02,1.973953192341500085e+01
-1.716123222212008557e+02,1.489371138398282923e+01
-1.593121934487155897e+02,3.021381114493730990e+01
1.539881233352215304e+02,1.946035744312122517e+01
1.669562636233051478e+02,1.991827516854186086e+01
1.719860481989870209e+02,1.342501948685810120e+01
-1.436780891051681124e+02,4.474655845457729697e+01
1.628992446973484505e+02,1.407410042946415807e+01
-1.780195154940718965e+02,2.609231985146077903e+01
-1.713509739408699772e+02,2.869386260326176341e+01
-1.591383554108296323e+02,3.606524062243380513e+01
-1.799395738527810806e+02,2.884134260878377276e+01
1.755741898563556731e+02,3.213227693289688602e+01
-1.768534827313469293e+02,2.555492478902628051e+01
-1.389591950223587844e+02,3.519489323553784033e+01
-1.656393346167035929e+02,9.314872789705965772e+00
1.676023666813093200e+02,2.031064646231585158e+01
-1.629099983340637152e+02,2.733087471767138510e+01
1.685942604289452618e+02,1.688534918870706036e+01
1.758994816870174418e+02,1.225976097475517257e+01
-1.698140973120162016e+02,1.993036034589580296e+01
1.701475141729126221e+02,2.459071271811041015e+01
-1.714413289675480030e+02,1.902908981596750593e+01
1.798802962568565533e+02,1.800505757179412569e+01
1.658383672675858236e+02,1.374261320122308838e+01
-7.214143786409864845e+01,1.174350169704644031e+01
-7.158007453289651778e+01,1.125658528421898374e+01
-5.485874210606497314e+01,1.511124426873374738e+01
-6.325854136778963976e+01,1.434336572641952401e+01
-7.772910067268314549e+01,2.139036377378416276e+01
-8.129292436914052189e+01,2.052634794232547222e+01
-4.806496518697831988e+01,2.457250462687223802e+01
-8.105381795613541840e+01,1.990559607523168495e+01
-7.778692338835287501e+01,1.813494015369787959e+01
-6.843747943807684919e+01,1.357568029963036160e+01
1.735745030588091993e+02,1.355509067025695202e+01
-1.744063002741843604e+02,9.443400171708688617e+00
1.758859049480576573e+02,1.538435679114287602e+01
-1.776015745813384683e+02,2.373040963834469252e+01
-1.681095500756339334e+02,1.877389079926893345e+01
1.738785619073979944e+02,1.949017902389052637e+01
1.652201723732677294e+02,2.380537096263204688e+01
-1.575641667804202939e+02,1.364952598337145417e+01
1.752270416130952242e+02,1.012660748443114045e+01
1.639754693026104349e+02,1.429234644383317310e+01
1.764470627229672459e+02,4.936659309674519847e+01
1.607586708835002014e+02,3.966944608177151821e+01
-1.425238774041179681e+02,2.817877596778128435e+01
-1.267763914850885669e+02,4.895385751366826810e+01
1.722833799878251853e+02,1.803438460584080616e+01
1.290976841088864546e+02,3.635277308243729522e+01
1.461271873527598473e+02,2.775612450700353762e+01
-1.563726234778249022e+02,1.877114498287267708e+01
-1.755731339512194324e+02,2.716057900280540949e+01
1.517641944690551838e+02,1.919443892780893535e+01
-4.243142928377545786e+01,2.271977843652465623e+01
-6.630773487403349975e+01,1.430478964707165090e+01
-4.883976027175611279e+01,2.073560696857965979e+01
-7.217371183139735535e+01,1.023935896793277678e+01
-7.073745504723244437e+01,9.467599630833406721e+00
-6.245522271275284965e+01,2.363727228228786359e+01
-6.340504433695938502e+01,1.350761376226871491e+01
-6.714260353559087946e+01,2.060859686216387843e+01
-5.549398917344001347e+01,2.182223397190947622e+01
-7.270205798387731022e+01,1.630734634895685176e+01
2.148622337496705015e+01,4.365094761114531252e+01
3.694946502625823115e+01,3.745962154502666408e+01
7.433266548101526894e+01,2.920934115947175158e+01
4.285393059030602814e+01,2.306389434064948318e+01
4.088153289886048469e+01,3.510197789737640051e+01
1.083964131724751780e+02,2.394655703578644790e+01
-1.420223066437768296e+02,2.758020704033357262e+01
-4.843838462614402118e+01,4.070901182102531379e+01
-2.913270461910941478e+01,2.610703924993290315e+01
-1.244793155739681225e+02,3.458017673455353247e+01
-4.164855832902252075e+01,1.919451805586545490e+01
-6.644363940823718906e+01,1.387953348857153202e+01
-6.656121617735711027e+01,1.486990890508445062e+01
-6.038074810750632793e+01,9.638534039434055956e+00
-8.038836485952391797e+01,2.032092745803662481e+01
-7.128802930279152861e+01,1.555913100064790200e+01
-7.043877467485020816e+01,1.511712658593028458e+01
-8.081847920514134387e+01,1.473018786478591124e+01
-7.333018289485653440e+01,8.359280177146889201e+00
-5.989478457188779004e+01,1.462601922687529310e+01
1.747199764660979611e+02,2.439696909861106633e+01
-1.730676400487802766e+02,1.995083068739782561e+01
-1.797341192536215715e+02,1.997527392794381029e+01
1.737499304257364088e+02,2.872687106566780812e+01
1.740097542389445096e+02,2.356211129882306921e+01
1.785880263932818934e+02,1.488236568361847567e+01
-1.618250929903632596e+02,1.402066152898834872e+01
1.609077776101268284e+02,1.195239762952298612e+01
-1.702936902756698885e+02,7.984324392356786149e+00
-1.744614023703047678e+02,9.892938636885707737e+00
1.671517006455139551e+02,9.713023578376358103e+00
-1.672594781130962076e+02,7.834396645524059011e+00
-1.696470481399258858e+02,8.364411950723246392e+00
1.655975403715972902e+02,9.305143883388055315e+00
-1.768280606773434442e+02,9.501594585232624013e+00
1.688640114704221276e+02,2.042361263465176435e+01
-1.585576788566005746e+02,8.490088859827945811e+00
1.721511124832051109e+02,1.567632487155198362e+01
-1.710853503946918295e+02,1.887841874134609199e+01
1.430593718959547971e+02,1.906873787668428122e+01
-1.514725427625882332e+02,3.051948242773308451e+01
1.528532694972978163e+02,2.530319969991545648e+01
-1.628654670744248847e+02,3.005781683380232039e+01
1.683889251350470317e+02,2.068148053736228320e+01
-1.707653205884997760e+02,1.298013046484327404e+01
1.723530184712539040e+02,1.227290281513082526e+01
1.780759377192507031e+02,7.777661316747368048e+00
-1.756510383810059750e+02,1.844094374727133001e+01
1.688818926381403003e+02,1.216635827665221470e+01
-1.662782285823546431e+02,1.464236913979095789e+01
1.793163737937447877e+02,1.343914679769142850e+01
1.598141710044232582e+02,1.240111565010625405e+01
-1.569394895420035994e+02,1.083662691399348788e+01
1.796767197461792023e+02,9.583426762115655251e+00
1.757158932733298116e+02,4.403299796791455556e+00
-1.620875242529855882e+02,5.590639765636283620e+00
1.615427204890387998e+02,3.589280292981625209e+00
-1.582744080930131645e+02,1.103156930362702326e+01
1.688089670489881939e+02,1.003161278588415328e+01
-1.778119172197211242e+02,7.546792113076335795e+00
-5.407619041377429880e+01,1.876382344047046757e+01
-8.864688769877459151e+01,3.931937981629647538e+01
-7.169231672342866091e+01,2.549577785582018308e+01
-4.953951679366932126e+01,3.305822035458706409e+01
-6.695527395769180146e+01,1.962099001117651653e+01
-8.309627749805237329e+01,2.157056801918216493e+01
-4.792229241520155369e+01,1.699552891380210440e+01
-7.586803457331325262e+01,2.841701855954142530e+01
-6.036117188584885440e+01,2.654097087004033995e+01
-6.765199225666806626e+01,3.708079477765600274e+01
1.685468122725912394e+02,1.961368463050585476e+01
-1.797645795805097748e+02,1.875502707194635832e+01
-1.747828222596334058e+02,1.285059787259128683e+01
1.457442693436185834e+02,2.010638062297310569e+01
1.692777383408215144e+02,1.308526528153090496e+01
-1.505072326950142951e+02,1.965430906368938224e+01
1.687722513526747150e+02,1.692010555170843134e+01
-1.761616198082811025e+02,1.264149410375757299e+01
-1.643999000559549017e+02,1.241117410538809729e+01
1.640511714384896322e+02,2.457612753977365827e+01
-1.721644252677101008e+02,2.091003869604772802e+01
1.316060271324342636e+02,3.745763044888275317e+01
1.710986827621887585e+02,2.103826351772324088e+01
-1.410852421440252726e+02,2.533084531035494535e+01
1.581078437973914674e+02,2.000611725964202492e+01
1.577130171911595085e+02,2.831581082871834099e+01
-1.567689936153819872e+02,3.818950030391343375e+01
1.751098946442120621e+02,2.596969881002911507e+01
1.616494377351927483e+02,2.248201881540920155e+01
-1.629440765010746190e+02,4.152422778986497320e+01
1.602592069618457629e+02,1.030312217940224251e+01
-1.729794520996910308e+02,9.279770298426676334e+00
-1.718299506584181700e+02,1.040287588145239006e+01
1.648253316712325329e+02,1.178072215363070008e+01
-1.790925550291717343e+02,1.163476210006314382e+01
-1.722556499132892895e+02,9.471927766230402668e+00
1.772976694498007930e+02,1.378248089453589564e+01
1.734039901274623787e+02,2.510423384604099795e+01
1.799106049918516419e+02,1.903639611380182828e+01
-1.627100653804745036e+02,1.022201335959318058e+01
-1.579883783896344767e+02,3.179588910337377428e+01
1.603655076706611453e+02,3.673393230838962609e+01
-1.586048210073480504e+02,2.837475704240982921e+01
1.601120396504686028e+02,1.789872683429623024e+01
-1.671460626012372757e+02,3.243496275104914872e+01
1.611002286471320701e+02,1.456555852986151045e+01
1.715236338086484125e+02,2.360474931640181140e+01
-1.737131668647833749e+02,1.510152940561509283e+01
1.726312306206617109e+02,9.159694293063704862e+00
-1.797650700271579183e+02,1.345722253922118483e+01
1.696356082663099869e+02,1.864673018507833291e+01
1.724347992777434513e+02,9.866513538483973278e+00
-1.540620971726991115e+02,2.361688263193051540e+01
-1.753238255843777722e+02,2.087125471003162147e+01
1.783613386080856174e+02,2.522425458125826481e+01
-1.615926866089595819e+02,2.797505700751475999e+01
1.719345790754073846e+02,3.226230075499215388e+01
1.723741252108112860e+02,3.235190092000273410e+01
-1.605746251352841227e+02,1.156765904702769632e+01
1.682367649885009087e+02,2.461656531997160613e+01
-1.771446901169624653e+02,2.143502691323375231e+01
1.639413577396294386e+02,1.963823824971041887e+01
1.681589779983775657e+02,2.021781164419681076e+01
-1.427374946105192350e+02,2.955611938916403858e+01
1.770534591354636405e+02,1.904185220887372054e+01
1.432915588469487886e+02,2.330396392264541561e+01
-1.591303220662923934e+02,3.616642104563931071e+01
-1.673031027326659341e+02,3.193115922016534114e+01
1.782990410982787637e+02,3.167432952717920358e+01
-1.614955215197799987e+02,3.937073797329268388e+01
1.584925319541531792e+02,1.759184690045777799e+01
-1.787306522458129621e+02,1.300897400945586746e+01
-1.798265598299863655e+02,1.707913266529766361e+01
1.695160735131577496e+02,1.308808142181018574e+01
-1.717361149457938438e+02,1.600524807559574469e+01
-1.757404246519506898e+02,6.522469514423658410e+00
-1.652395834685291618e+02,1.191970976488875422e+01
1.570686305839192016e+02,1.302305502703500117e+01
-1.625155935909400284e+02,1.378945708527712632e+01
1.673911656106946282e+02,1.770657808937566813e+01
1.539659605457410692e+02,2.564220364612749137e+01
1.740272197700899426e+02,4.823417739736179044e+01
-1.620965219864779101e+02,2.277570271478542097e+01
1.599021108790722678e+02,4.196058188707421266e+01
-1.627972068111085662e+02,2.463252712141008871e+01
-1.736721782302536212e+02,3.155595559724490329e+01
1.563262751915283957e+02,1.850161291217172632e+01
-1.589105787028827592e+02,1.977801778283722456e+01
1.791883338056736648e+02,1.783572236958621815e+01
1.491852498879157451e+02,3.195358770457619357e+01
1.748646444191973615e+02,1.215220625324218240e+01
-1.673653665973928923e+02,1.109463732326652874e+01
1.665974841707729297e+02,2.407101076287567665e+01
-1.589748452690807312e+02,3.335574698892801138e+01
1.544330680805232419e+02,3.197800768237942037e+01
-1.769548249781984453e+02,3.824908125316639484e+01
-1.647023369946605555e+02,3.459881492103053802e+01
1.704065016901832337e+02,3.113076594243012707e+01
1.705633200176938260e+02,2.550332984334297493e+01
-1.709180362305656331e+02,2.122241348094191693e+01
-1.777790212676064812e+02,1.338168475488702569e+01
1.760637997485981145e+02,2.106031872744322087e+01
-1.604486485968185150e+02,1.387670485247651975e+01
1.602643884358053015e+02,1.883550032560794563e+01
-1.737692057969777295e+02,1.177178387829121853e+01
1.767979602368043004e+02,9.450244136323689759e+00
1.775779139189475302e+02,1.200762484552820020e+01
-1.661072145922583161e+02,1.496249511930287568e+01
1.568942506091178473e+02,2.151652075354406435e+01
-1.775186671973883108e+02,5.747068088003349118e+00
1.769472634162467557e+02,1.368732626754771431e+01
1.570433067571712229e+02,1.193048084241669926e+01
-1.530929944737412143e+02,2.150840444059432599e+01
1.588435127425510132e+02,1.811632317814103033e+01
-1.702550837498185103e+02,1.001477021654795685e+01
-1.773017575427992654e+02,6.825564819531625638e+00
1.625222575119495616e+02,2.335235004078356980e+01
-1.708501124755428577e+02,1.383854814491247431e+01
-1.756306392026359617e+02,1.194579740693627912e+01
1.594767210170107603e+02,9.111659191884751152e+00
7.535241023161844964e+01,1.608581627181457208e+01
5.183903981829801921e+01,1.688623025829112123e+01
6.387291574943634487e+01,1.350740623629046766e+01
8.924446845511842241e+01,1.789081920464678177e+01
6.291141502377520567e+01,1.887926926840000164e+01
7.128336689391147729e+01,1.566461777453237403e+01
6.609976249462448550e+01,1.579586979691053017e+01
5.643573055036234365e+01,1.338098421715240249e+01
7.927021207297134708e+01,1.814553082322731825e+01
4.413936878422108379e+01,1.610732381508325517e+01
8.043239719022864165e+01,2.978717247990167039e+01
5.985098006843530527e+01,3.080410867983042777e+01
7.067489732522354018e+01,5.994418258988128301e+00
5.584776610080322712e+01,2.351532426014851751e+01
4.968220670306119757e+01,1.254672565201770240e+01
5.926956520947686613e+01,2.822494961676205349e+01
4.582687849944692005e+01,1.865437266251742088e+01
9.578234884076005073e+01,2.626830153858100303e+01
6.381567461480337755e+01,1.226976432138023476e+01
3.776135398230890416e+01,1.629997567882551834e+01
-2.886325790125616209e+01,2.841837402534626023e+01
-7.337952270611356198e+01,3.198775484145657089e+01
-9.432847286337296566e+01,3.996544275017404146e+01
-4.891579258954688214e+01,3.849907872251354490e+01
-9.105655501858110767e+01,3.941955430420254913e+01
-7.485591856722393800e+01,1.060512569902372704e+01
-7.529785431793852979e+01,3.784172878614013769e+01
-8.424809836946495523e+01,3.136020210575721023e+01
-5.844470318099421036e+01,2.887339065611267586e+01
-6.410237853771754146e+01,2.756702942029708936e+01
-1.645404056653406997e+02,2.025124615186215138e+01
1.545310002390536113e+02,3.029790732184465440e+01
-1.615907464101810831e+02,2.089587328927439813e+01
1.709534958150730120e+02,2.158190567118496261e+01
1.588357147291894194e+02,2.303429363758358051e+01
-1.357447338091889435e+02,2.076744064722974770e+01
1.737301415615478959e+02,8.177346617963824116e+00
1.621282990523941692e+02,1.584843111714265618e+01
-1.448041493037940199e+02,1.772495821562355545e+01
1.590790982747082296e+02,1.514069984055125850e+01
-5.406262409799715130e+01,2.692525772570650133e+01
-7.208344452843655858e+01,1.681416890381806084e+01
-7.115266786975784896e+01,1.394721009986288607e+01
-4.390723145033978625e+01,2.427468800875653443e+01
-9.215126950415400131e+01,2.058487403013669947e+01
-5.531282215823355841e+01,1.881685147518871304e+01
-6.654519653556481273e+01,2.182233483944417785e+01
-7.406759254585522001e+01,1.787399917781973713e+01
-5.801678639002511773e+01,1.107502858577156246e+01
-8.225274863637049805e+01,1.822586792309526160e+01
-5.613970522631662874e+01,1.516840062280296664e+01
-6.195536149158701988e+01,2.207213310958992736e+01
-8.132189384341943139e+01,2.191716479132168871e+01
-7.054162384120927243e+01,1.460382826262728706e+01
-5.687786571714011075e+01,2.131362502219286625e+01
-7.718738676269590826e+01,1.270493567554236236e+01
-6.415631840072330760e+01,2.799531609199400606e+01
-6.087967523702323547e+01,1.291572238908229409e+01
-5.522799011887067877e+01,2.932286753796785206e+01
-5.801872009202050151e+01,1.010455729460330332e+01
7.714746037962980552e+01,2.119707528548923747e+01
5.450770956546262624e+01,1.998557759209111140e+01
7.724075487395124640e+01,2.189443042537511630e+01
4.657779258931302735e+01,1.264160882658991092e+01
4.141384400259276788e+01,2.055363690779821084e+01
6.666683445577976386e+01,2.593564242894564131e+01
4.065473995510013339e+01,1.915885313779917709e+01
7.198574341043885738e+01,2.658705344332895493e+01
4.961896059716995211e+01,1.467307791282010498e+01
6.049291969512584188e+01,1.679899410123847048e+01
-6.680316851349893170e+01,1.268052437740271543e+01
-5.869413648957612395e+01,1.060106765250166916e+01
-5.605010878722934820e+01,9.281710584141324105e+00
-6.753410098278695273e+01,1.388851330004566087e+01
-6.948641613343247059e+01,1.359400793278527075e+01
-5.394892391306096613e+01,1.631804483868423006e+01
-5.665544532982982417e+01,1.611961072283014929e+01
-6.135288367350102590e+01,8.818050044449345037e+00
-4.851758181195641129e+01,2.693683517951493300e+01
-6.401031500494030979e+01,3.426912892549938761e+01
-8.731031201984308154e+01,3.535103204458371806e+01
-3.064895919488816034e+01,4.750802292128848592e+01
-7.287653799472235505e+01,2.949937180290709193e+01
-6.205178335842308002e+01,2.779349175197877386e+01
-6.175129350273645912e+01,3.520400723783478014e+01
-7.813411957324078116e+01,4.483871130057376320e+01
-5.351665498920683461e+01,3.531130295311086797e+01
-1.219001496492847707e+02,5.007459201440895669e+01
1.744842328968632046e+02,4.769002012432444815e+01
-1.755122094184357877e+02,2.264023698447179811e+01
-5.798027300632706726e+01,9.736473626358339573e+00
-5.625976147447044440e+01,8.965354754372143020e+00
-6.610342986181228753e+01,1.078170309725801346e+01
-5.172415162470173300e+01,8.523115623483853653e+00
-6.754602740313458753e+01,1.143398531734685619e+01
-6.971502366155674224e+01,1.303918010636387059e+01
-5.857889270639498847e+01,1.015327761895624548e+01
-7.918713211683103737e+01,1.936766920356907562e+01
-7.310223310810530961e+01,2.067271967000979771e+01
-4.771052779085341911e+01,1.798531519595562145e+01
-7.681650792662451011e+01,1.344744412221298901e+01
-6.444724284525217683e+01,6.730263696961325870e+00
-5.351324099899568409e+01,1.118932469584985867e+01
-6.900524667672330281e+01,1.411282092698540325e+01
-4.977864337459657662e+01,9.003303763424060691e+00
-6.060252263621252666e+01,8.982049367551290686e+00
-6.259832591382057387e+01,1.028803893513246592e+01
-5.784559651691535720e+01,7.386417719932554249e+00
-7.437931299277674668e+01,7.988359243078020810e+00
-5.239024236084392783e+01,1.549621929522340480e+01
-6.036394698684969740e+01,1.119187148738273585e+01
-6.588591720956959819e+01,1.132074435254330069e+01
-6.178446482615349566e+01,7.395440107204715119e+00
-5.930199366640373171e+01,1.162806281345191017e+01
-6.294364047194071077e+01,5.637015312796426869e+00
-6.144544407715903134e+01,1.526217500341476807e+01
-6.947003797043701923e+01,1.201556954005297229e+01
-7.685156824302548273e+01,1.542939472801747414e+01
-6.368572190203374106e+01,1.373901777939542512e+01
-6.553865433546131669e+01,7.789960299702148205e+00
