dihedral_deg,energy_kJmol
-1.750564587621916246e+02,8.429952224501892744e+00
1.653217353941437295e+02,2.248178199874404370e+01
1.698196218653801850e+02,2.246885876252972736e+01
-1.680211712321572577e+02,1.163540699596954298e+01
1.673171977619825554e+02,1.452726789894142456e+01
-1.740233396399483752e+02,1.808208166434972242e+01
1.734121127603220316e+02,3.484946824165398027e+01
1.759557373508552018e+02,2.930194759625407741e+01
-1.788531831424008089e+02,1.755595194012072824e+01
-1.790141760629707051e+02,2.442004815348270341e+01
1.792316698314915868e+02,1.657445664000552199e+01
1.784503671466667072e+02,1.478549820384465896e+01
1.705882292357973995e+02,9.569229589054785379e+00
-1.624143192126111899e+02,1.277102404592227813e+01
1.767269647602004738e+02,4.713795215273158590e+00
1.689223346150246527e+02,1.026620138812213767e+01
1.641693234547565510e+02,1.208277184594560083e+01
1.682436279014916636e+02,1.191291136818837870e+01
-1.722161237249627845e+02,4.530234950739134625e+00
1.792905648433975614e+02,9.013913104170100610e+00
1.734641284631883025e+02,2.098371272166172474e+01
1.745202489701807451e+02,2.475111362773954582e+01
-1.650678315285468898e+02,2.241064039346095527e+01
1.426369329314653953e+02,2.556669619038035535e+01
-1.630088937860335818e+02,1.655545239117616418e+01
-1.402564289685413712e+02,2.093763035089949653e+01
1.265006711097118597e+02,2.845516403359507152e+01
1.509886427307262693e+02,2.511298542712907889e+01
-1.619195731090239008e+02,3.299626893529390514e+01
1.647737531500365549e+02,2.222933233057526792e+01
1.606678470207511396e+02,1.476960309161903595e+01
-1.734453324090433455e+02,1.726568237197254163e+01
-1.394720021305316209e+02,2.554571281569086239e+01
1.382530252661934185e+02,3.245605161029509844e+01
7.805851013032332730e+01,1.705794352517883183e+01
6.641830403271298167e+01,2.152599617142045574e+01
1.053314346984753200e+02,2.823653199326921026e+01
7.246539582865496243e+01,2.236480434796320793e+01
-2.886213771612562873e+00,4.424247602696883064e+01
-7.428207439897110476e+01,1.283798662276443814e+01
-1.451531139596441449e+02,1.858821305075577257e+01
1.192103495237387563e+02,2.432597137775152163e+01
2.993281642529776576e+01,2.561071513745980965e+01
6.239572480341078631e+01,1.258206992593181361e+01
9.530887436781303279e+01,1.338148427904387283e+01
3.324370063299960520e+01,1.981685216390211224e+01
5.483028365531894366e+01,1.558085324407279515e+01
5.549106801564475688e+01,2.802712169541273468e+01
3.981301129197797195e+01,3.211963279747404698e+01
9.098351677189516806e+01,3.056281223022559246e+01
1.621659088487497229e+02,3.593694003882247756e+01
1.798137461507444073e+02,1.706013916599499680e+01
1.793190507791749155e+02,1.479363097810974814e+01
-1.395349539097977924e+02,3.407453885562684093e+01
-1.403580238209767970e+02,3.530441332932478105e+01
1.488182552106530920e+02,2.875564723261918587e+01
-1.793104577158120208e+02,1.653650909041015993e+01
-1.430427667024918890e+02,3.690063153132897611e+01
1.287975889840901687e+02,2.396376098727795423e+01
8.001232977278166913e+01,1.858967429104692570e+01
3.874883488757853911e+01,2.538800089498738544e+01
1.019450849682423836e+02,2.574248777262694787e+01
7.206639846241512259e+01,1.372693747285457988e+01
3.491577621124424979e+01,2.713393047845104888e+01
8.325221208141805107e+01,2.831814780687827948e+01
3.862238519180340290e+01,2.498098813172633470e+01
6.575247782796060392e+01,3.209421056916536230e+01
7.041625459055950387e+01,2.306270395521353223e+01
5.838114232292829797e+01,1.431285355657209735e+01
7.021005611849965078e+01,1.743541413857438727e+01
1.518518792542230358e+02,2.041162327132186505e+01
1.549319016207283823e+02,2.065840759952588712e+01
-1.642853125724352026e+02,1.272310359685074133e+01
-1.788392082551858664e+02,1.901275510667639423e+01
1.709977994456597514e+02,1.076683386237393414e+01
-1.442657210985838390e+02,1.517699916879911015e+01
1.676025179354208205e+02,1.238372404060867993e+01
1.515444387806203963e+02,1.850883736894471809e+01
-1.528787003229863899e+02,2.112757338275451602e+01
1.723289018164653612e+02,1.034967972113900458e+01
1.651794735692871541e+02,1.051975489576570055e+01
-1.539291513375584373e+02,1.735540442389554272e+01
1.772762927482067425e+02,1.822704952800351919e+01
1.618284463347925737e+02,2.040015230312133099e+01
-1.592619568801926846e+02,2.529168797463027474e+01
1.767051260141069804e+02,9.083025870653097300e+00
1.662932319831585062e+02,2.286258872931101394e+01
-1.517936270885814167e+02,2.917303261369890421e+01
-1.684653192509101132e+02,1.401380283291378603e+01
1.775355496207389763e+02,3.371797020221691099e+01
1.625450972794069173e+02,1.576354823239326208e+01
-1.654322729695230976e+02,1.468036239721684311e+01
1.701608319111697369e+02,1.271453238412980369e+01
-1.673888200069739014e+02,7.091199344618493328e+00
1.732796903783129494e+02,1.196065716938144874e+01
-1.721371950380469116e+02,1.070404328096416613e+01
1.682957535635089528e+02,1.699612340747765060e+01
-1.692299697399624847e+02,8.046118814514153783e+00
1.701659138743582105e+02,1.025041423796264617e+01
-1.718002836839418421e+02,6.588599207603761165e+00
1.680163970281169554e+02,1.590599909337356266e+01
-1.665032176552904275e+02,1.193032075286658511e+01
1.737933242018268913e+02,1.630529341429384615e+01
-1.615151651227872378e+02,1.300411356641454041e+01
1.556333833661498716e+02,1.300648650482975377e+01
1.685609420665925029e+02,9.363375739451274882e+00
-1.631371741588397981e+02,1.874133076854341695e+01
1.683102389579955513e+02,1.824237357920140923e+01
1.699789797926112556e+02,1.083280915494298391e+01
-1.747149473058099716e+02,1.244561352794210762e+01
-1.762106881461644434e+02,8.940222848979674453e+00
-1.780037365918191483e+02,5.661849297327601782e+00
1.738416655063860787e+02,1.365269367312511051e+01
1.774768167536019519e+02,1.638637273433636210e+01
-1.782838852798376763e+02,1.346189665560754456e+01
-1.755306546038412705e+02,1.533444714384889984e+01
1.704756938836600852e+02,7.721748337241571392e+00
-1.634325639512840098e+02,1.741193681739636290e+01
1.713837597623991087e+02,1.250870677527412056e+01
1.582593749710860322e+02,3.207162646659367766e+01
-1.475160827209513172e+02,3.062904642672237898e+01
1.760554270685823610e+02,1.935543138184355527e+01
1.748124881181770718e+02,1.113919746466176619e+01
-1.725129016680002678e+02,1.767803991095420102e+01
1.576837825650539173e+02,8.088915275901225499e+00
-1.648772604828030808e+02,9.099336069465659094e+00
1.798605981846788495e+02,1.762335294770244687e+01
1.609301610120044188e+02,1.637138413245261859e+01
-1.769056743510784315e+02,8.887213034275360357e+00
-1.645048826771694337e+02,1.191306812808960913e+01
-1.630753546430704546e+02,2.051121657382827124e+01
-1.798235965833876548e+02,1.761141586688883010e+01
1.344441294100080029e+02,3.179031974322575138e+01
9.515683856273034280e+01,3.120960293141552100e+01
5.049279509505603869e+01,2.323658946408801995e+01
7.128960293422903760e+01,4.076538880800860198e+01
6.285185124740467444e+01,2.793831082103447372e+01
7.172472439043276893e+01,3.704159333253730324e+01
1.055844274406401411e+02,2.264228629978290286e+01
6.548084524487435942e+01,2.565696498928477354e+01
7.241950025608119290e+01,2.268823396578210705e+01
1.254716635451291040e+02,3.442963425138624700e+01
-1.528088459699916086e+02,3.610540744525854961e+01
1.706657472695010540e+02,2.380297055796264871e+01
1.620892460404857331e+02,2.267433036673638114e+01
-1.519371766842870954e+02,5.462187870000017398e+01
1.673657764975223472e+02,5.062529957995540286e+01
-1.725638127863011562e+02,1.778294419238103430e+01
-1.443969053131627334e+02,2.298282451140021720e+01
1.677800153309156883e+02,3.335097523279009124e+01
2.996653970843824055e+01,2.927688151411020456e+01
6.368673666724028948e+01,1.423959473641865969e+01
6.186535601579907961e+01,1.925071826178283985e+01
4.624625703142236688e+01,1.174181095709569611e+01
8.964046289431242087e+01,2.940025022725777148e+01
5.053781291900141781e+01,1.030877865034097951e+01
6.003947570039748172e+01,1.954994597652288491e+01
1.249561789485077838e+02,2.474491352661808108e+01
-1.613935955365510893e+02,1.652595598801571697e+01
-1.794075283900871227e+02,2.701556651560577649e+01
1.316331749188033200e+02,4.190874393646112139e+01
1.643242894442468867e+02,2.721041760284373368e+01
-1.728437646796983245e+02,2.265919276714585351e+01
1.595643011032239258e+02,2.225030548147630327e+01
1.771720987180273994e+02,2.179823947423563268e+01
-1.687557035874012286e+02,2.277049796182264885e+01
-1.776918136478052475e+02,8.053141028142816182e+00
1.728091091652205762e+02,1.025047757897544010e+01
-1.703941789332013457e+02,1.557727264584404026e+01
1.565520649179199211e+02,1.367871672855628162e+01
-1.745158035146606039e+02,3.307447386232280451e+01
1.693494011016241814e+02,2.592326411229556271e+01
1.738672088956347466e+02,4.582257014127900874e+01
-1.727878478969622904e+02,3.894511412755554858e+01
-1.745031715690676606e+02,1.935808653085268816e+01
1.663396247444327400e+02,1.943092443333371122e+01
-1.776843037152724776e+02,1.445103244508499074e+01
-1.708572318715951894e+02,2.749813976229819446e+01
1.734778976499588055e+02,3.186210662490920242e+01
-1.667672398110969141e+02,3.638483270557041038e+01
1.784769454529345865e+02,1.179503422110561317e+01
-1.728673488457699534e+02,1.817399192703356903e+01
-1.630208551659167426e+02,2.463462035283045992e+01
1.684145668879110076e+02,4.397750677635823280e+01
-1.749003533134945201e+02,4.304701347685087143e+01
-1.617483992566207576e+02,3.638920371848599444e+01
1.620678635848721569e+02,2.093484999843430927e+01
-1.613655692773211285e+02,1.686034014962235617e+01
1.791538582230193981e+02,2.480585834849440374e+01
1.709538383708344327e+02,3.619338959056106830e+01
-1.628593672913458477e+02,2.222524385151275084e+01
1.604521629990273084e+02,3.123213027972121481e+01
1.715808311903012964e+02,2.436142890772220682e+01
-1.605669835053760437e+02,1.889615808525831042e+01
1.767100468929974113e+02,1.739846583976514438e+01
-1.754796251572896608e+02,2.511379157713718513e+01
1.749187831185022333e+02,2.892215518982568767e+01
-1.765328682242743241e+02,2.204239118168944245e+01
1.651330322860198976e+02,2.085968449162593430e+01
-1.572627123871745596e+02,2.961639751215244232e+01
-1.546989289273762722e+02,3.503713868689264643e+01
1.692497637987121095e+02,3.138895083811658537e+01
1.533730267890510106e+02,2.083565961387655108e+01
-1.316794561322838319e+02,3.291328005910169452e+01
-5.966074008044218857e+01,2.983218019258155351e+01
-6.505867204184798425e+01,2.160969972600144473e+01
-1.042069874854588676e+02,4.332889846840640047e+01
-7.187160867404132603e+01,2.145787138007804629e+01
-6.050037147313039299e+01,3.915732987298642342e+01
-7.886590829781576417e+01,4.745733083421203702e+01
-1.766514858523453313e+02,3.640072370700097792e+01
1.584604278020861727e+02,3.037007025333209498e+01
-1.768920946727992316e+02,4.119559295593565196e+01
1.371770878467470709e+02,2.213633500209211746e+01
-1.780868296708997889e+02,1.942891008203547898e+01
1.557595161303961220e+02,1.374204789480311639e+01
-1.509160258267470738e+02,1.991399499646119864e+01
1.571130780055719640e+02,2.469092945274052653e+01
-1.454793558427960818e+02,2.804082579684001786e+01
1.528664389840549234e+02,1.539630621817336475e+01
1.125367047600410615e+02,2.322521070602671145e+01
5.268108842011572079e+01,2.769563000460142277e+01
5.364730309573851486e+01,2.571084555648928571e+01
7.439219136992250014e+01,3.952404336409755814e+01
3.680955106124882548e+01,2.252246228509721604e+01
7.573602865357607072e+01,3.004465088955796404e+01
5.275121242386468623e+01,2.351997705220582446e+01
5.988609956991894734e+01,3.079563614820823148e+01
4.858976806704310292e+01,2.417216770181435948e+01
6.006946275073305230e+01,1.400418610092144078e+01
1.791230053612660811e+02,1.669664666412659670e+01
1.633012683444734705e+02,1.556378089947027377e+01
-1.508168382985124367e+02,2.984380135609172058e+01
1.374830996205910481e+02,2.069273901951844863e+01
-1.689611304780751198e+02,1.968867028198584279e+01
-1.587363221121530046e+02,8.797939168474211868e+00
1.473255607307733328e+02,2.025868258284145895e+01
-1.639020364174002680e+02,9.556311906731350447e+00
-1.743776184560132663e+02,6.134595316606110238e+00
1.679846555580047891e+02,1.146365213276866157e+01
-1.592181391332509861e+02,1.632139725450220524e+01
1.694284875345386183e+02,1.788021404900931799e+01
-1.664335610857806103e+02,1.497894262706200408e+01
1.642966325440790456e+02,1.658682694940348057e+01
-1.761009938328967337e+02,2.589971548143974900e+01
1.744243799022835049e+02,1.929220355439543155e+01
-1.687215237861319679e+02,1.665901858674504155e+01
1.515360288457494846e+02,1.821509545466454227e+01
-1.536121513079872045e+02,2.859815526945170561e+01
-1.724991115242705746e+02,6.568545953400246162e+00
1.472121940597632488e+02,2.701362137979192823e+01
-1.541234020672042391e+02,1.654215056127434735e+01
1.657653779847023827e+02,2.643754727165329044e+01
-1.713814619032312692e+02,1.867110904751503497e+01
1.547812028451039339e+02,2.786108000830858700e+01
-1.657701644549855757e+02,7.204264175530499692e+00
1.685133365419617064e+02,2.711954805102976707e+01
1.711874725674985598e+02,2.458060707065970973e+01
-1.407739580728038504e+02,2.972888709197183488e+01
1.611375166349428696e+02,2.269533154572512146e+01
1.765139658483488176e+02,1.832915660849971928e+01
1.718110355226852164e+02,3.823384537706454722e+01
-1.554547298301164346e+02,3.041703194798293453e+01
1.748898866564908303e+02,3.434248250443704364e+01
1.774709198025537944e+02,2.177410845305382026e+01
-1.319061882868161035e+02,2.841416952876544855e+01
-1.789835012884501282e+02,3.046471757879313458e+01
1.392918544205762430e+02,5.598717679580281725e+01
1.676018909084299651e+02,3.928121397997981745e+01
-1.649226011040344417e+02,5.081942997397096207e+01
1.773019825110310421e+02,1.273086841863884544e+01
-1.609487246873430593e+02,1.226059210023074542e+01
1.478878353046802374e+02,1.509171204959936929e+01
-1.714648236385424696e+02,1.422930311072913589e+01
-1.758883438258348804e+02,1.097141130463776015e+01
-1.642969893622115194e+02,1.198779989190535922e+01
1.669630036155964774e+02,2.060745756936611883e+01
-1.705459888573612659e+02,1.007580561361720584e+01
-1.585570690285621538e+02,1.610300181527788510e+01
1.615450042617778479e+02,9.142339447259971053e+00
1.764572820487577189e+02,1.660399686626238847e+01
-1.753145768176721333e+02,1.923817766377400673e+01
-1.698497694148711616e+02,1.802550970392174889e+01
1.649826252460925673e+02,2.217389907897410950e+01
-1.419516523878163241e+02,2.648902336353012998e+01
1.584223413142651680e+02,4.018832577902468017e+01
-1.665491279592842773e+02,1.450295256714139036e+01
-1.576050355301684363e+02,2.423604766141670552e+01
1.527314313906306324e+02,2.127392485431504099e+01
-1.633893002201597824e+02,4.549867597078373649e+01
-1.654400292537650046e+02,1.830082571693544224e+01
-1.727101602806788492e+02,2.119917029249073082e+01
1.695756912685704663e+02,2.970340963945904633e+01
1.789417357022162491e+02,2.591193133007980620e+01
1.699297531234894052e+02,3.846075184880298536e+01
1.764874973498997974e+02,2.734163277356377364e+01
-1.638368250687262275e+02,2.779031707982514021e+01
-1.687069274406472346e+02,2.439643523745565545e+01
-1.662960409894632221e+02,2.862936726990292868e+01
-1.757025187887902291e+02,1.635338407154861073e+01
1.794572374686010505e+02,2.024438127031129753e+01
1.738514546571251174e+02,1.507057300528038013e+01
-1.626247682891432476e+02,1.049669279006122302e+01
1.786900254858222468e+02,1.146254729530457794e+01
1.781735255985830690e+02,1.124724484945066649e+01
1.707358904475530608e+02,9.655464010194188873e+00
-1.448863654864671560e+02,1.915184471136869604e+01
1.535946265134518001e+02,1.641123751474127346e+01
-1.720161617003865899e+02,2.296493891346808880e+01
-1.793366930329399906e+02,1.380561127822378964e+01
7.530361813599913035e+01,2.840521604410539780e+01
4.512291807338912264e+01,2.193305379735602756e+01
7.634881321081721239e+01,2.979992174910959690e+01
4.256767524084680332e+01,3.656680615927841416e+01
7.226626950675358785e+01,2.198029466846114133e+01
1.287187684023012366e+02,2.756272960125050986e+01
1.753305246703859268e+02,1.552644496895927162e+01
-1.288923761097521492e+02,2.677649561483920593e+01
-1.570177716197466680e+02,1.397555341330851419e+01
1.193912279491537731e+02,2.198844016104317944e+01
4.242860922114354594e+01,1.938857067877025386e+01
5.644802070270583272e+01,2.049369472048641327e+01
1.427394427758163999e+02,2.138998292622155617e+01
-1.293005909779478202e+02,2.244605620603320872e+01
-1.536714574815329399e+02,2.527861611072238190e+01
1.649831714483531755e+02,2.327451168454823716e+01
1.741209540423651845e+02,2.838323565012136740e+01
1.758029925506874065e+02,1.121165612466251282e+01
-1.744349068675897456e+02,1.589204021196776750e+01
1.762221607060311612e+02,1.604708688777080638e+01
1.706407436891086036e+02,1.251370432814165845e+01
-1.581569897630553214e+02,1.486562448855769958e+01
1.544732736956012502e+02,2.677730966495322917e+01
-1.478685092400627354e+02,2.173957016679174714e+01
1.581754679736126263e+02,1.694486390614783744e+01
-1.727904457032135497e+02,2.755951401020512748e+01
1.636339470539872707e+02,2.624112137878323381e+01
-1.621288869962485535e+02,3.375471355944547724e+01
-1.779245409188352767e+02,1.325702450609466965e+01
1.294212636267126015e+02,2.507584852939985964e+01
1.619325546969854770e+02,1.746118048473447715e+01
-1.221733548484279339e+02,2.672205457919035254e+01
-7.341995710884414450e+01,2.509377992879538155e+01
-5.868395631677127255e+01,3.621951853560949530e+01
-7.040698320674634658e+01,2.098760399663488840e+01
-7.482068248640986496e+01,2.142602237076744487e+01
-6.703179222394473413e+01,2.403671737495299965e+01
-7.375042709196806356e+01,2.524236052247900020e+01
-6.908327396447010926e+01,3.174991056077082874e+01
-6.186448407014966477e+01,1.844738191820509599e+01
5.055146277579004988e+01,4.438860832281609703e+01
7.358226705874544393e+01,4.773497218525187691e+01
3.798597878339973022e+01,4.420466883716852635e+01
4.819846521249176874e+01,4.646359735130219093e+01
1.085896152409824396e+02,6.318415513527359195e+01
-1.761764725811143819e+02,3.508722275085114717e+01
1.697197132295480628e+02,4.109056327858704805e+01
1.742373725001428397e+02,4.679962506594218752e+01
-1.569991473070984682e+02,3.851114384843960181e+01
-1.737057969203871721e+02,3.279614972594767153e+01
1.673425342664319828e+02,2.970639402841990062e+01
-1.633386587504565739e+02,1.904877221422693978e+01
1.726748201986031575e+02,1.788421494148012414e+01
1.716297414005339590e+02,2.977565188254634876e+01
-1.727776697408930886e+02,4.857309094071261057e+01
1.767957323001090231e+02,6.000020647315369615e+01
1.544489361012975053e+02,4.104696663405339052e+01
-1.766838602483455247e+02,2.894367536557544440e+01
1.617665947036547607e+02,2.192802455043505105e+01
-1.765151413935723212e+02,2.881307537598551960e+01
-1.543477406726208017e+02,1.296650488907444299e+01
-1.644047137150199376e+02,7.359857416109196748e+00
1.753287975653471449e+02,2.221320259970170241e+01
1.614913425299114920e+02,2.599544530765370709e+01
1.600038220658457533e+02,3.649031965929395227e+01
-1.219899037060917095e+02,1.944686650944276707e+01
-3.619823653017028420e+01,2.087373828925310448e+01
-3.402970562767330165e+01,2.374454543503182435e+01
-1.441110924413265764e+02,1.369272161204434823e+01
1.302485654948217189e+02,2.718103157031054096e+01
1.183787861530255725e+02,2.202878292877337429e+01
7.302576785054566244e+01,1.111522654713249025e+01
4.771303954893355126e+01,3.155101216123152597e+01
8.028269476534264015e+01,9.080484533030167782e+00
1.301682256222830745e+02,3.223860717586232028e+01
-1.668971115234794240e+02,1.932523835161434178e+01
-1.561607045050548095e+02,1.704734421496588936e+01
1.467348560666375477e+02,2.462074923914624947e+01
-1.712825443522931721e+02,1.385723883014897417e+01
-1.398383205310395851e+02,2.144430577277243444e+01
-1.459136449605745725e+02,2.647678635711150363e+01
-1.589182548877690806e+02,1.505338979497566854e+01
1.194709141859640482e+02,3.071498564228190986e+01
5.641689793467104153e+01,2.797228645792709045e+01
9.114514328686647460e+00,2.891490091399742823e+01
6.054544474727006076e+01,2.500024219706438089e+01
7.094866328294254743e+01,1.388237169224381518e+01
7.061156677718011565e+01,2.508028770939105456e+01
7.147888978778269120e+01,2.414285771885174015e+01
6.407030534809689470e+01,2.906569842322368658e+01
7.462429390624566850e+01,1.703645468414776687e+01
5.614754666819341367e+01,1.462481579817866617e+01
5.487834586116727564e+01,1.878783778011251471e+01
5.514282083670128287e+01,1.649592737719272861e+01
5.214195673896838201e+01,3.015743952469275158e+01
5.571170980781639059e+01,3.355266176338075468e+01
6.417584795700321365e+01,2.975369357360141365e+01
5.188340034335814721e+01,2.005976847268472341e+01
8.263532086792251619e+01,2.050582989455353555e+01
5.781772010572594667e+01,1.697982289937139910e+01
1.718835020684372239e+02,1.826187802262447235e+01
1.552517910639190859e+02,2.175852408941287308e+01
-1.564108596722967093e+02,3.127125893763169273e+01
-1.748667342799356845e+02,3.130427055644076972e+01
1.525427999440348401e+02,2.155752052695783760e+01
-1.614446290906477088e+02,2.335941470175281509e+01
-1.271988279919494573e+02,3.198146731692122557e+01
-1.135545100635442282e+02,3.411799244969870415e+01
-7.323132714007768129e+01,3.824343523326218985e+01
-5.775548392057886815e+01,2.881400942952270583e+01
-5.901050906850297650e+01,1.895559803058567638e+01
-1.123608436443041114e+02,2.509346459261849560e+01
-4.958887344467407132e+01,3.130772314998164063e+01
-6.799973205096681284e+01,2.134070374685852300e+01
-8.476429983985387651e+01,2.782441507258951674e+01
-4.897770326580338462e+01,1.559558479164673983e+01
-7.465461068605709727e+01,2.140306931741818275e+01
-2.747827706306774687e+01,1.825627217829958227e+01
-5.796324100489095343e+01,2.005463735758662835e+01
-6.049260824564267125e+01,1.667871595276531949e+01
-9.516857947943917395e+01,2.212491459892214962e+01
-4.309258685633248831e+01,2.055958615516267685e+01
-7.205732981915558355e+01,2.370114969515025649e+01
-6.042312568092307856e+01,2.208176732307684631e+01
-8.539999133091581029e+01,1.743558280624333889e+01
-4.995921967700564892e+01,2.913790007397583537e+01
-8.570926486621657148e+01,1.985805797514731807e+01
-4.931922312490227256e+01,1.284646812407794236e+01
-9.498675523664580567e+01,2.497117068710828391e+01
-5.836654040773230179e+01,2.817239363303919575e+01
-7.079434447940660391e+01,2.004934416346455350e+01
-4.999537587946971229e+01,1.944105645155628181e+01
-6.877153659647467521e+01,1.588241645799649149e+01
-8.604268982272337496e+01,2.603557443851481423e+01
-5.997691400425622277e+01,2.061497859700659063e+01
-6.043916228119309153e+01,2.109567559968580497e+01
-6.311547622432611604e+01,1.653749944961599638e+01
-8.034662582689202281e+01,2.101492557165149577e+01
-5.438067181556376539e+01,2.354570662023992611e+01
-6.808940258714335414e+01,2.008339700778367387e+01
-1.320754292768236553e+02,2.789998988550789960e+01
1.681500272633255975e+02,1.082560101793351315e+01
1.584954075482031897e+02,1.498934035561126699e+01
-1.610984013503938854e+02,1.188564412449185248e+01
1.789787288342911324e+02,9.690206061595702636e+00
-1.760267774421093634e+02,7.585844420553879530e+00
-1.741757290753043321e+02,7.271219413060247660e+00
-1.779935187176142790e+02,8.909317073077389182e+00
1.694883456436052143e+02,7.814315977229963295e+00
-1.405708035536030991e+02,2.051603413757344185e+01
1.632887787007496172e+02,1.808560356858467344e+01
1.785987531250664802e+02,1.728342185537445275e+01
-1.696300921172493474e+02,1.411605462080126827e+01
1.681333056987147074e+02,6.960746250544892710e+00
-1.774449912503034739e+02,1.069249012965412504e+01
1.764844736520850290e+02,1.744739276807167272e+01
-1.682642530353833479e+02,8.120171822570595666e+00
1.518573528204925083e+02,1.999074268416631028e+01
-1.461518754613350097e+02,1.965884395831668741e+01
-1.700880702011388337e+02,1.118565236562602472e+01
5.976083491640702761e+01,1.117879267518747355e+01
5.918701971099045522e+01,1.232064679540483176e+01
6.445423615570493325e+01,1.821019149552205363e+01
3.739981194222678340e+01,1.309975428929836383e+01
6.629292074534100720e+01,2.165993739900947546e+01
5.517490710311142976e+01,2.077672151708640058e+01
6.063673763808294837e+01,1.369466395887302390e+01
8.383489537845379402e+01,2.153671472355676642e+01
5.565701923038509591e+01,1.405949055492278177e+01
5.784132037684081240e+01,8.242144842147190786e+00
1.020984324442676154e+02,1.976388144771477684e+01
6.563774326822293403e+01,1.354774907099819181e+01
4.372506711914282818e+01,1.472836246352079925e+01
7.676675536730674310e+01,1.887392096204006720e+01
4.207254883162702441e+01,2.518421742711518974e+01
6.855573175508561690e+01,1.442608343312720365e+01
5.367657199672500212e+01,3.055163991898340825e+01
5.074758958047487312e+01,2.823491890863543929e+01
6.237573805023060913e+01,2.042536041817785275e+01
5.816277841656046377e+01,1.207597666756002397e+01
8.839538849324394221e+01,2.402283900857285204e+01
7.313274220737176279e+01,1.439899395099045520e+01
4.779283458218206704e+01,1.403548381614711715e+01
5.250090654452254313e+01,2.701921070001752412e+01
6.200409401809002929e+01,2.523762676509506164e+01
7.123253457162829250e+01,2.247235170814312610e+01
6.082638572219401141e+01,1.965305358416577519e+01
8.223279002113532954e+01,8.611826421436184376e+00
5.926397420532675397e+01,1.099636139341212981e+01
8.011505061765815583e+01,2.429711207112045912e+01
7.965486494256164463e+01,1.463908497619337545e+01
5.043846657472496986e+01,1.958663282474473277e+01
7.787831145956091916e+01,3.150665405212770054e+01
4.466847790702044563e+01,1.385461005155494263e+01
5.256192972318368106e+01,3.581752300155039848e+01
6.151557171691175085e+01,2.291085432648356246e+01
1.310138080662700872e+02,3.404708577800855096e+01
-1.495605303367044314e+02,2.602527348284185393e+01
-1.416917138277830190e+02,2.528097901071733133e+01
1.375939409577421770e+02,3.612364142699652092e+01
6.114932617704882745e+01,2.963631970878452293e+01
6.459036167807771278e+01,3.452015358222567443e+01
1.000134683034760315e+02,2.376155263988604460e+01
3.461071746574017283e+01,2.405987512581761933e+01
6.067995839843849382e+01,2.979534591432429025e+01
1.056172502152958401e+02,2.366664731713161274e+01
4.240962388217709389e+01,1.967594963670127939e+01
6.866227481189046955e+01,1.229802153277648635e+01
9.368849802664504978e+01,2.045747504943170370e+01
4.930102492098287570e+01,2.579853506288205267e+01
6.298184777579168525e+01,1.208136852438398989e+01
5.311773186024379356e+01,2.413624854530866770e+01
3.261329790311318533e+01,1.843039531052421154e+01
5.221171977754828220e+01,1.569137891426555242e+01
5.729357785906136513e+01,8.575721045496866424e+00
6.669126965280881336e+01,2.173248956693333866e+01
6.724473394729972142e+01,2.637283794930409186e+01
6.947954729941636742e+01,2.352329938489600636e+01
6.856501546180595597e+01,2.237321432832083090e+01
6.761489914023464110e+01,1.292848837525740180e+01
-4.634048237303345275e+01,1.725741792663693275e+01
-4.321060488610302031e+01,3.223339082473045636e+01
-7.000065576549907576e+01,2.447226625330077709e+01
-3.347067070474111716e+01,2.052791724163222398e+01
-8.613589758452940259e+01,1.694794857434887803e+01
-5.291175650805077169e+01,2.225087350074010573e+01
-4.796415064875512968e+01,1.858290008893168377e+01
-1.067813369387996119e+02,2.584161535656429720e+01
-5.823200954136248697e+01,2.126965034043531944e+01
-4.269850394195123044e+01,1.755651244152934609e+01
-1.122643999153277719e+02,2.354692952611127055e+01
1.692683565170317479e+02,1.241676653611229142e+01
1.645836791883250214e+02,9.606320729741950615e+00
1.740549808787015706e+02,9.105844727375473013e+00
1.697346810658035849e+02,1.893931506194790160e+01
-1.683748849662178486e+02,1.266376658386996645e+01
1.777874865635933190e+02,2.517375073830159948e+01
-1.692965944803946172e+02,1.146672892141014621e+01
1.398680644593121372e+02,3.220825472318303184e+01
9.585056261162890223e+01,2.795543424331753002e+01
-8.626053141744820607e+01,2.667278099735244012e+01
-8.401128550190760791e+01,2.534125189325505545e+01
-9.155544089670813435e+01,2.456380729745942659e+01
-9.000526193964567767e+01,2.755645244612225397e+01
-9.634969324513966171e+01,2.487997377443316083e+01
-6.533626495231190745e+01,2.857840938333085035e+01
-8.202593540690367035e+01,3.057302546132496701e+01
-5.553796419470761236e+01,1.576680835940172543e+01
-6.441940084206684958e+01,1.720156171884254093e+01
-5.080190710576831492e+01,1.205491299155309903e+01
-6.117063650159854404e+01,1.843047542956593077e+01
-6.351698402840177238e+01,1.297585265658683440e+01
-4.989325806569807753e+01,1.609742939128206984e+01
-4.965301529619264898e+01,1.915368338958857919e+01
-7.431043385077298069e+01,1.946759081346717224e+01
-6.272236073746599061e+01,1.876177715310857508e+01
-4.180092486660569051e+01,2.363651274332572783e+01
-7.824395399609292667e+01,1.764526062679694718e+01
-4.234556214415740527e+01,2.290159735057844870e+01
-7.039420974338007397e+01,1.377926612861940292e+01
-1.047854173605891503e+02,2.825493984768753108e+01
-1.412511754874931285e+02,2.926099730483555561e+01
1.592085561329434427e+02,2.051707290663208738e+01
1.610308747170738286e+02,3.854236693034562222e+01
-1.052495184929825172e+02,3.302045198702792561e+01
-5.362207560770313108e+01,2.929848356420627198e+01
-9.491550819359453328e+01,4.515948955992500657e+01
-5.889201062132796949e+01,2.015823010629729595e+01
-8.667933553927956325e+01,3.332854694077971658e+01
-1.187067475303706772e+02,3.666188703470034227e+01
-5.521942253600556683e+01,3.494449037263692048e+01
-4.477459173586169072e+01,1.880941457525553773e+01
-1.592659558767246324e+02,2.920649376084569937e+01
1.506586477689009200e+02,2.855433471051180305e+01
-1.567609104811104714e+02,2.405038942595138352e+01
1.756713710736290466e+02,2.469421234950032584e+01
1.680647436232081020e+02,2.251617208391741798e+01
1.717653551040872060e+02,2.918535727783648781e+01
1.685471388507495476e+02,3.103182293541727788e+01
1.717944421210272878e+02,2.687025461814278771e+01
-7.936401120371451157e+01,1.960980552871263782e+01
-4.935503517396826823e+01,2.749909315660077169e+01
-7.252758894979733384e+01,1.447414897262105882e+01
-5.189866997121156089e+01,2.153448937536541408e+01
-5.354764643216439168e+01,1.274618123353697285e+01
-7.718778949321828975e+01,9.608188853542195318e+00
-5.970613087276323938e+01,1.312071277053024687e+01
-7.609870580838524745e+01,8.438614178245780195e+00
-5.731897939050250557e+01,1.617980809787328056e+01
-6.414355257390903375e+01,1.019488787233608917e+01
-8.080680630721205659e+01,2.439169855386733587e+01
-5.693004309360446058e+01,1.533471685855343836e+01
-8.566656024686305670e+01,1.975973836371687042e+01
-6.906901649589859460e+01,1.580941513681572985e+01
-6.383595511849897974e+01,1.638431164521317029e+01
-7.237353228820795437e+01,3.207581020464358090e+01
-3.991869455190044391e+01,2.502475325423563390e+01
-7.638717738275579450e+01,2.897178955631159525e+01
-5.485464713685791338e+01,1.480749655319912605e+01
-7.503174669045301926e+01,2.258552785503600902e+01
-6.515524543989067752e+01,1.089104246793802488e+01
-7.496950470890612905e+01,3.404102579656233729e+01
-7.404842643662504997e+01,2.248685821026263199e+01
-7.051158752665776319e+01,3.003860380646278117e+01
-5.326375855760220190e+01,3.315255092582223995e+01
-5.278307450891591657e+01,2.084089572744419172e+01
-4.767978143391216150e+01,3.531199637825073978e+01
-6.449919740490481956e+01,2.075954551475516752e+01
-3.492100522624006942e+01,5.357867019416821819e+01
-1.015811166336740285e+02,3.486654418688079460e+01
1.793882554256441892e+02,3.993795011722055932e+01
1.389762467489680091e+02,4.800200685158195313e+01
-1.680575319614095804e+02,4.525289823752103757e+01
1.782850481752377050e+02,2.764465615278905375e+01
1.789074141509309186e+02,2.989038649899869071e+01
-1.624422915818563808e+02,3.513893508498372853e+01
1.555182955195610077e+02,3.278169728169940811e+01
-1.740240362432255949e+02,2.299150170278132777e+01
-1.737504522624750507e+02,4.114064247182543710e+01
1.652020416523775168e+02,2.743397202448672800e+01
-1.647028931034033690e+02,2.285661282543387784e+01
-1.773221341360413135e+02,1.225558833229681888e+01
1.699067455948708130e+02,1.770138792482048018e+01
1.630326425872682421e+02,7.273930591912305843e+00
-1.391647616704438235e+02,2.333836406870127433e+01
1.661382058541579170e+02,2.206065292366970709e+01
1.580552409622651169e+02,2.243635737233071126e+01
-1.600466438078975102e+02,2.100467833683358521e+01
1.607209683935516296e+02,2.499658044078912766e+01
-1.691383822259263354e+02,1.853228950539818953e+01
-1.771985557506978921e+02,1.987204173927223394e+01
-1.554654198550064166e+02,1.141971058666108441e+01
1.527735526323267266e+02,2.355608626307309450e+01
-1.477510456129702732e+02,2.241734742008668135e+01
1.578784611116321628e+02,9.885685585511492235e+00
1.198627301601014494e+02,2.955286669740157990e+01
9.945828905950034482e+01,2.429003466749961149e+01
3.199334096273137362e+01,2.121412037636347492e+01
9.459817310273935220e+01,2.519753869532059554e+01
1.327148518020922268e+02,3.307365121674911279e+01
-1.610937529942670210e+02,1.999118805590308057e+01
1.725682294380976884e+02,2.645430291672647272e+01
1.778231795687864860e+02,2.839780042363278056e+01
1.790128370405273301e+02,2.089985314768882319e+01
1.736798191093162984e+02,2.066892381856889926e+01
-1.760736006012642179e+02,1.982936570721295055e+01
-1.761463827773276307e+02,2.469254943456197893e+01
1.718605768626106283e+02,2.535945478573813716e+01
1.726009401614299748e+02,2.463056914724484869e+01
-1.743847750315445069e+02,1.931603151079398373e+01
-1.747161580141936099e+02,2.163840757485639443e+01
1.733741423826937762e+02,1.279039252954197536e+01
-1.647721690925409064e+02,2.895616365712488971e+01
1.788105175658932637e+02,1.786863742229283147e+01
1.692110926936929047e+02,1.531926980513019032e+01
-1.660922115960183305e+02,2.186295137314643000e+01
1.727612309537418014e+02,2.245806486266813096e+01
-1.718057405387332039e+02,1.819842887577490842e+01
-1.704232183737469200e+02,2.038213388639596246e+01
-1.780361606699456729e+02,1.559023476205709002e+01
9.934078322273222739e+01,2.365038296541707297e+01
6.186289174769044052e+01,1.661213528390137384e+01
6.752259847262692460e+01,1.895161580016704406e+01
7.686053583646607024e+01,1.507643683010865665e+01
3.284329540963527450e+01,2.484743459741886795e+01
8.828171990945433834e+01,3.064187578188714411e+01
4.273207841899994719e+01,1.564406108723987643e+01
7.295239804164761210e+01,2.963885530459309692e+01
9.159532934487704381e+01,2.908979081714586812e+01
4.168700927905791076e+01,2.128427834140009978e+01
8.403707767104980064e+01,3.757534328922019284e+01
3.724674856388952549e+01,3.300692192911212430e+01
6.166082175932879039e+01,3.168417952763098810e+01
8.940274702079234714e+01,5.144340079395775689e+01
3.854219040876238012e+01,4.811237917048667612e+01
1.260061019076091640e+02,5.394033715772943083e+01
-1.663586313989682139e+02,3.531633464935313782e+01
-1.338183081548822031e+02,3.790040665028978850e+01
-1.135074386375966782e+02,4.221826063443495514e+01
-8.662493078090196263e+01,3.458676515769414550e+01
1.716397922322035754e+02,1.286337347416840693e+01
-1.741363126842969677e+02,3.794681299445268507e+01
-1.643466168472746460e+02,2.437269451533360964e+01
1.613427536457316478e+02,2.124304957349209033e+01
-1.746356191590326432e+02,1.956808578856238157e+01
1.627485036488999413e+02,2.628162704138365413e+01
1.797321557095193043e+02,2.331980684751265898e+01
-1.378782360164842942e+02,4.951953298425344485e+01
1.440652249241179277e+02,5.295493678752154665e+01
5.908262658219972252e+01,2.651730551854436513e+01
1.416702652654000261e+01,7.884390749730366110e+01
-7.100735834254336964e+01,1.609253779227592673e+01
-5.351222474531566320e+01,5.866050546855984038e+01
-6.112802616980674486e+01,5.329237829990967157e+01
-9.182789611612764702e+01,8.429915726972953394e+01
-5.287594100972903277e+01,3.703176481697749267e+01
-5.574089554807681424e+00,6.541575647409700878e+01
-4.977671343834854412e+01,3.346412280092361868e+01
-1.330924835969848914e+02,6.571505616294417962e+01
1.602793066589855755e+02,2.095116112108419770e+01
-3.760569038453435553e+01,1.539573696806928638e+01
-7.528055739521848011e+01,1.649536929763672788e+01
-4.393744698657040715e+01,2.274472654954095674e+01
-4.793569875446317496e+01,2.391870457800138894e+01
-6.048610496200743114e+01,1.535372065558975763e+01
-6.647451432112295322e+01,2.776077576177868522e+01
-7.792943262175981545e+01,1.641125368710946120e+01
-5.547298731882649747e+01,3.499355385164075471e+01
-7.876736222233408569e+01,1.762790856967112063e+01
-6.884946901606180347e+01,2.969007088109819392e+01
-4.600561778177029737e+01,2.546897810364124481e+01
-9.769387846700669797e+01,3.461315770469197162e+01
-5.507922559185070099e+01,3.237451058274450588e+01
-5.813488706743812173e+01,2.476722272838697236e+01
-8.215012832427574097e+01,2.459507930941276754e+01
-6.497593937064924319e+01,3.160970643706682637e+01
-8.267818128253040300e+01,2.482709382669948539e+01
-6.762705185232333349e+01,2.346079587602597627e+01
-3.138991053748895155e+01,2.236798405141492552e+01
-7.284691605971028139e+01,5.320266970067221735e+01
-1.569564758939480100e+02,3.186345304814670953e+01
1.630133619897448796e+02,1.892084103035324461e+01
-1.625535162613615796e+02,2.296017647801618011e+01
1.694642642827482746e+02,2.592515717690859134e+01
1.750439508744111947e+02,2.977513724668893857e+01
-1.771078141433502537e+02,2.624426594948402069e+01
1.773015279456081430e+02,2.481034267707785190e+01
1.740611024830949418e+02,2.687285658141158251e+01
-1.768819258175099094e+02,1.347353914605578851e+01
1.796049045088343803e+02,4.397384980024617107e+01
-1.793531500956884770e+02,2.736469370299522552e+01
1.672360353612039034e+02,3.449264522119041487e+01
-1.631550122230457873e+02,3.135702027562568617e+01
-1.783148670298598688e+02,3.148637274580083556e+01
1.772278508960216925e+02,3.128118708591388497e+01
-1.672226159916553456e+02,2.072378434511634282e+01
1.757388366161438000e+02,2.292945586641263844e+01
-1.663683357539792667e+02,1.595625478285800014e+01
1.734418328255854647e+02,2.330897784767442360e+01
1.659211344555410790e+02,2.011595767855774497e+01
-1.740052964262912099e+02,1.127171050139470054e+01
1.744789054883672179e+02,1.460138655580704992e+01
1.783791435433804509e+02,1.392179466963386503e+01
1.761681188163274498e+02,1.387184806195639553e+01
-1.784914392278537605e+02,1.090876914108022433e+01
1.693473361263849597e+02,9.996254309030732088e+00
-1.736695873720438783e+02,2.031375969630471445e+01
-1.657756912825895768e+02,2.169178919999956889e+01
1.753878850836347851e+02,1.700057686820932545e+01
-1.680932315294840578e+02,2.818223008436122967e+01
-1.794925039767408066e+02,9.090219285008469541e+00
1.710251998356118008e+02,2.798883430190538490e+01
-1.530938375172202370e+02,1.237255727070470890e+01
1.502039317115917356e+02,3.903439273944889010e+01
-1.719626746554721706e+02,2.460171836757223929e+01
-1.799444025576141257e+02,3.060066832530939251e+01
-1.709218936844557675e+02,2.927918854548349259e+01
1.684923273694163299e+02,2.007835913410611539e+01
-1.557699418519281380e+02,2.263323376931704445e+01
1.718790086883808783e+02,4.017226360937509178e+00
1.715837508255807506e+02,2.264390806185917171e+01
1.751325362628001869e+02,2.406686559245117607e+01
-1.707770678527370194e+02,2.195477976993078073e+01
-1.739894285085512706e+02,3.607956008833528472e+01
1.728612841747819289e+02,3.720889431977995088e+01
-1.564874896128345938e+02,3.538505343890247445e+01
-1.748846876596706750e+02,1.602575065330909965e+01
1.780570031562812687e+02,2.462961926969619597e+01
-1.782762477476907463e+02,2.855362312543574532e+01
1.725174045349787093e+02,1.709973126167941260e+01
-1.693221092382367203e+02,1.424127521466465396e+01
1.755541450837384616e+02,1.278342548434892656e+01
-1.760027780627230243e+02,2.733622870894988566e+01
-1.737008435513424445e+02,2.457807188258886910e+01
1.743629875581439990e+02,2.338286709861996115e+01
1.753241413408628375e+02,1.436213073398726436e+01
-1.701159583619524938e+02,1.871685277661359947e+01
1.567623572876219100e+02,1.209365809633550271e+01
-1.674095351341178173e+02,1.111261795261346919e+01
-1.652690722962112204e+02,1.278812974374749700e+01
-1.760130212198981212e+02,4.794318120989660770e+01
1.487130215546601448e+02,5.427218022711514323e+01
-1.773357383132664609e+02,4.569357822706453476e+01
1.739456903660322666e+02,3.637357487793677535e+01
1.622381078559711227e+02,3.084542400896102166e+01
-1.658672919142184981e+02,2.262909435478012909e+01
1.654858655969370602e+02,4.749897463704341050e+01
-1.693313846225516102e+02,3.606218591732743306e+01
-1.495973039353232537e+02,4.005489359845291375e+01
1.492653656498282828e+02,1.262774984433088221e+01
1.419777999810360711e+02,6.089865223323447196e+01
-1.531691289233339432e+02,2.726336978550581591e+01
-7.878232160637769255e+01,2.527782474193675455e+01
-4.591276844741716445e+01,2.487719834963441201e+01
-1.227365135543352181e+02,4.095094872548916953e+01
-1.692366049398743826e+02,2.569330059514792808e+01
1.532877707248061085e+02,3.873703357020418991e+01
-1.693237442184937152e+02,3.183330564777670446e+01
-1.622919037532927575e+02,3.644893232545465622e+01
1.456719128810427435e+02,3.920773097003667829e+01
-7.666539947994998272e+01,2.590711821468945786e+01
-8.159244540662393774e+01,1.753408343935005220e+01
1.614475582782567975e-01,3.239915545453991541e+01
6.096407008651370774e+01,3.235080176442590982e+01
9.868264766810972333e+01,3.780127504368157076e+01
6.852969752433995154e+01,2.156088508828479533e+01
4.586567037738819153e+01,3.031564657034439136e+01
7.382826354894858412e+01,1.874216916061824634e+01
4.771639752505463861e+01,2.317671018674468897e+01
9.689070139364156375e+01,2.802806782457908241e+01
6.184879446244468681e+01,2.441446469469807568e+01
6.000185500941218208e+01,2.030321590688211231e+01
8.412141327758568821e+01,3.524569284674053193e+01
3.537871362467465985e+01,3.369688405457367253e+01
9.317060126485307592e+01,3.891714039457976781e+01
1.032266829215103172e+02,3.084094729537797264e+01
5.099376445738463559e+01,3.550516102243857830e+01
6.528139315072928639e+01,1.228547048377498285e+01
6.747340286274959453e+01,3.029369308181189169e+01
2.902141746791619425e+01,3.423616869378589911e+01
-4.876512888914412258e+01,2.959481100313586666e+01
-5.226216249308314588e+01,2.974345369920242277e+01
-7.892060322143353801e+01,2.436137194033500464e+01
-2.995453855675467736e+01,2.812507303696207472e+01
-9.677119765870752133e+01,1.512453392669387853e+01
-1.185924888595553739e+02,3.554891803749759305e+01
-5.327615690468174137e+01,2.635820723901088414e+01
-7.547647568607026791e+00,4.327502063948880107e+01
-6.362767264142199508e+01,1.310969424028496633e+01
-7.412790018348729859e+01,2.154213582502680069e+01
-6.084808688391363063e+01,2.494447983601580532e+01
-6.261637418225944884e+01,1.172452476530087395e+01
-3.326023275314702232e+01,3.019497927511555346e+01
-4.609124913358235887e+01,2.550812959423760873e+01
-5.239668622517603325e+01,2.589074250512373254e+01
-4.731341138477109354e+01,3.401297255014339527e+01
-5.930207327157737751e+01,2.103011786471842015e+01
-2.896974532475814001e+01,3.558038744376966633e+01
-7.362585698688747016e+01,2.804789490461564228e+01
-5.997560341353813840e+01,2.390285644888217575e+01
-6.268969170120163170e+01,1.985642956182470442e+01
-6.010488738839060119e+01,1.920651369067866554e+01
-3.888048251968064051e+01,2.448026714745792987e+01
-4.144047153187388943e+01,1.877809973384564657e+01
-8.424128241069217893e+01,2.330900556225396514e+01
-4.017778165149456271e+01,2.700170540254702090e+01
-6.708308636189954655e+01,3.292747654228750065e+01
-6.065179905999678311e+01,3.957886272231662872e+01
-8.223888163351141145e+01,3.218772835175847291e+01
-5.386593456999258223e+01,1.452992125697433679e+01
-1.378047600394835968e+02,3.381735601310097650e+01
1.522453676651938110e+02,2.569586728399401210e+01
1.247631814145149320e+02,3.345337342926711699e+01
-1.706833969257435797e+02,2.575485486563954751e+01
-1.146965083593835431e+02,2.673035094381103605e+01
-5.546655701239613734e+01,2.399544412441522923e+01
-7.059333150133606694e+01,3.428732089077159628e+01
-7.907051471588242464e+01,3.828759157641347599e+01
-6.358785059155471231e+01,3.611022709255142615e+01
-5.724172692603348622e+01,4.022867239891982649e+01
-1.591520938953642883e+02,1.882311983817071877e+01
1.600711972517650850e+02,1.095746458413181124e+01
1.284771916191927232e+02,3.101788032783605686e+01
-1.609159233055548555e+02,2.711305496551239713e+01
-1.787139374677125261e+02,3.114711449173523405e+01
-1.615875097707777286e+02,1.655902186961544587e+01
-1.529843827771751990e+02,2.722439351808745300e+01
1.661775874287815498e+02,1.759248976465752534e+01
-1.749026221604283364e+02,1.165591518682006011e+01
1.609809281926968936e+02,2.197850786749656393e+01
-1.454255592798907344e+02,2.493391203827892610e+01
-1.610232570216555530e+02,2.266798888783015542e+01
1.389636809556308776e+02,3.055096377902782123e+01
1.233051365791262270e+02,3.542895473352726299e+01
1.609499043873990445e+02,3.332824493811071420e+01
-1.757925100568776600e+02,1.166815210814148251e+01
-1.719673860737321718e+02,1.204702932124085990e+01
-1.797290620389109961e+02,7.733961615900904363e+00
-1.770907842705218513e+02,9.129412670456527934e+00
1.734768144177963904e+02,1.165830352646487356e+01
-1.755050776165543880e+02,6.402740083322253639e+00
-1.736359340866322896e+02,1.214404398435918431e+01
1.762377965340087087e+02,1.520673308754505726e+01
1.638001592504562893e+02,9.791752624543342165e+00
-1.642042818243040188e+02,1.258549218656027335e+01
1.543707147905799388e+02,1.879501052976868536e+01
-1.789227960926030505e+02,9.102924667211508947e+00
-1.750878773823484096e+02,1.543174620531074304e+01
1.638559915272016383e+02,1.126493051786973076e+01
-1.682418043271440240e+02,1.873671006476639533e+01
1.726704642232930667e+02,1.778932522237550984e+01
-1.658429484208049871e+02,2.732007880694402147e+01
1.747613723378303803e+02,3.406027144625959835e+01
1.777444336626491577e+02,4.889323783222035047e+01
1.785110855902765934e+02,4.684818026944975600e+01
1.710783336426060259e+02,3.449607719611856993e+01
-1.625528295541167267e+02,4.357133296877398720e+01
1.730854539736531308e+02,3.313281131132762169e+01
1.779134377966525733e+02,2.867663879260010162e+01
-1.523562739476373054e+02,5.220308388841007741e+01
6.899492398483695865e+01,1.877949227807778598e+01
6.867514338779943728e+01,2.341314386359286459e+01
5.364342177635851527e+01,1.808108849224923986e+01
9.047317751099279803e+01,1.582478929627465192e+01
6.290513585202428004e+01,1.508881478653271202e+01
5.135051056616908483e+01,2.012328197242828054e+01
7.047877940756802673e+01,4.038332711666659947e+01
4.537887540653771623e+01,3.136507502724597174e+01
6.444158854158108340e+01,2.585013388125769751e+01
9.254933242200172572e+01,2.428974827064002184e+01
6.531874844345975362e+01,1.851625224065202602e+01
6.958943202016665452e+01,3.200309976032544057e+01
9.172460933104254366e+01,3.608807075614532067e+01
6.702684766298300190e+01,2.024543919223246036e+01
3.493245871417805404e+01,3.784978574354374814e+01
6.963792993045016999e+01,2.930197194901620250e+01
5.845622513318448199e+01,1.929806082604389061e+01
6.668810136493942764e+01,1.142363247139929427e+01
7.498922621088344442e+01,2.006411861446729006e+01
9.304167163390059159e+01,3.291918472625319225e+01
-1.709270575541605695e+02,2.363625882094277841e+01
-1.787067286208737471e+02,1.558692040950420576e+01
1.751615825188159761e+02,2.315078802985910755e+01
1.744334344107548134e+02,6.082372958742124247e+00
-1.797994791826412779e+02,2.544703793296024941e+01
-1.593369950501395635e+02,1.247313396733469482e+01
1.584108280849619064e+02,1.690245997823210189e+01
1.697110182834249770e+02,9.423155938261338349e+00
-1.413288172387981945e+02,2.280090881802259162e+01
1.720815814768319001e+02,3.170829165802545369e+00
1.580464580763680260e+02,2.045477777164871469e+01
-1.748246174608576098e+02,1.403792329852542409e+01
-1.599904886470491192e+02,1.111457561832855134e+01
1.614801631325424864e+02,2.795920450599690099e+01
1.780339761071171836e+02,1.526258596415754454e+01
-1.704747944417207464e+02,2.085166774936717360e+01
-1.747936317906884938e+02,1.475121409186752253e+01
1.444383048065384116e+02,2.124964093245303332e+01
1.487970337734682573e+02,2.447286402335251410e+01
-1.541119408506206412e+02,2.945876131478519255e+01
-6.382219823807435688e+01,1.601201494920799817e+01
-8.940140295070987975e+01,2.185640470782321643e+01
-6.299587592982165063e+01,2.005605684977066971e+01
-7.469805305781345339e+01,2.128909180551187319e+01
-8.198152830555794424e+01,1.991686110944357324e+01
-5.262066659880445485e+01,3.046697031937486599e+01
-8.408166055219770385e+01,1.701140201427588394e+01
-5.505742107307951017e+01,1.252312450693061763e+01
-6.307796107266197083e+01,1.743735883308315593e+01
-6.144167508347720741e+01,3.190689014495600873e+01
-4.799411502992786893e+01,2.524564750127603929e+01
-8.018793451487817947e+01,3.280835218497014694e+01
-4.426188989438734467e+01,1.507035863787737462e+01
-6.383609883163101983e+01,1.482332139958635508e+01
-6.950142549987310758e+01,1.204684916927857685e+01
-4.734818768142336864e+01,2.316958202324602922e+01
-6.971057194037152271e+01,1.770515817276768189e+01
-6.511610592659164354e+01,1.976581424160930212e+01
-6.829196882538160196e+01,1.769304681892591802e+01
-9.040197316967525865e+01,2.560544683121873177e+01
-6.802643084901812642e+01,5.907082583527021313e+01
-8.109172904354059597e+01,3.580437852161156798e+01
-4.770731396413491154e+01,5.308175877733602732e+01
-8.640087462698710397e+01,2.817226852001299164e+01
-7.829653345983930990e+01,6.319680669451150834e+01
-5.314205046917685848e+01,2.446408871544328534e+01
-7.761991090814767347e+01,6.917953504048371371e+01
-5.514939137281524495e+01,2.866695011880944577e+01
-8.661541908585172678e+01,7.062391932340825917e+01
-6.019439874825441450e+01,3.270521788069413560e+01
-7.623601970666855721e+01,3.408265685775943155e+01
-5.919828402142387347e+01,1.821828632775975620e+01
-4.793126947522247150e+01,2.814156233772096272e+01
-6.005765955813657087e+01,2.787589981031178610e+01
-6.448371128295394783e+01,2.428761896176962409e+01
-6.483766901159042106e+01,2.231378661559192267e+01
-6.812830239855952641e+01,2.390865691225908307e+01
-6.923157138368817698e+01,1.777094373888982659e+01
-5.702895424036966432e+01,1.880327445791782282e+01
-6.905458302412685612e+01,3.561091038555678523e+01
1.788210489406040438e+02,1.955982122177235283e+01
1.662782883878048779e+02,3.007257943515607934e+01
-1.586270209610400457e+02,2.041019892353107679e+01
1.606623170542429477e+02,2.269398921439022132e+01
-1.628909546523635186e+02,2.210675953613777978e+01
1.727422816301339310e+02,3.496101625353966824e+01
1.765289238089521859e+02,4.748107316477442907e+01
-1.750552875166463309e+02,4.055640677227477653e+01
1.744670226416532444e+02,3.613114016572619391e+01
-1.716174253362612774e+02,2.095035803446519651e+01
1.698303325781424462e+02,2.423651578478997237e+01
-1.704543844454365740e+02,3.300985264651531992e+01
1.765742551260440507e+02,3.368127616634641441e+01
-1.682904453991350806e+02,5.203633318037459077e+01
1.711383958961079657e+02,3.741155953962194758e+01
-1.758851786625045008e+02,5.082342611178562919e+01
1.648813868233160065e+02,4.137209604271980368e+01
-1.618982035916292546e+02,3.518020100380759629e+01
1.579359495523941348e+02,4.587778727556203506e+01
-1.556646058236800627e+02,4.037618703209595594e+01
5.081809278556426079e+01,1.206683643840108644e+01
4.793320397814389366e+01,1.733948675789215699e+01
7.110661290148267710e+01,1.204027100322378985e+01
6.314307818519591109e+01,1.751804318317456577e+01
5.962780076349542924e+01,1.834730715076242547e+01
6.674535187852013962e+01,1.808376807312061274e+01
6.523193282455397934e+01,1.516007753346139353e+01
6.039663508469694619e+01,1.020502984259135104e+01
6.091097262022942260e+01,1.449498805353063347e+01
5.721858293643407478e+01,1.081185716582202971e+01
5.070493387594014933e+01,1.708361649511015656e+01
5.355347931659951399e+01,8.663283532084459893e+00
7.323397170975022163e+01,1.141143097044628796e+01
5.836582176249270049e+01,1.153634922666107698e+01
7.411619917711199435e+01,1.515462722785431460e+01
7.878035531402412062e+01,1.273360858860580791e+01
3.739306311711234798e+01,1.333706824539939717e+01
9.556921677712080054e+01,1.978391512376029482e+01
4.582076039428892500e+01,1.533316893187556573e+01
3.969378480702474832e+01,1.426224952447860694e+01
-1.555324777346578458e+02,1.654472675286559991e+01
-1.176614395474406791e+02,2.813200409896182208e+01
-4.395978805084142493e+01,2.376435941718634126e+01
-6.685731590435665339e+01,1.899562405771890283e+01
-6.587278909849369768e+01,5.066243382617212632e+01
-4.326005215626992850e+01,2.785234060770470776e+01
-8.423575412528349204e+01,2.449168773913644870e+01
-3.990189236380563642e+01,2.190514311615923049e+01
-1.041334558373403070e+02,3.052383716770139443e+01
-6.767020697288637621e+01,3.202601157743674776e+01
-5.413789285156264697e+01,2.707135764353085960e+01
-7.245938976991138247e+01,3.860787866395712342e+01
-9.191354995682961260e+01,2.145403565124072287e+01
-7.389035048090752866e+01,2.368912319927380494e+01
-4.110781907985318639e+01,3.029063324070574481e+01
-8.353708463792793282e+01,3.341380095068321054e+01
-7.912929395510232666e+01,2.767618195517999879e+01
-4.471089940459592071e+01,2.527690177557613183e+01
-8.277576863519051642e+01,3.699012347488645958e+01
-8.590844777969391544e+01,1.767590432200699979e+01
-1.695674661428051024e+02,2.110899474321970359e+01
1.548019947009513260e+02,3.995959918489812424e+01
1.416426064332725332e+02,3.713445014132931021e+01
-1.363369750899036035e+02,5.043912689739780575e+01
-4.950938030212784469e+01,3.475839713585769175e+01
-5.057899497020844848e+01,3.732222473624925385e+01
-1.044731796836281177e+02,5.128116351822887964e+01
-5.243542408818219513e+01,3.847714490636828089e+01
-6.334743398890786636e+01,3.566195211050231961e+01
-1.081694397628168218e+02,3.247008294697053543e+01
-6.661142126350492276e+01,1.663898394470832898e+01
7.298110709137760921e+01,1.388274744470249722e+01
1.155686975954182287e+02,3.546250483902625916e+01
4.344392305197607840e+01,2.730047220373561956e+01
6.272001722371827981e+01,1.882774662733067927e+01
9.423174630986093803e+01,2.017571909960582843e+01
4.344213486537069713e+01,2.847939153956722791e+01
9.309033784230362585e+01,2.756000043103523467e+01
1.183423324046427183e+02,4.307207885508445599e+01
9.833813178470946070e+01,4.741369504825210157e+01
-5.860472538183965696e+01,4.390462615132371127e+01
-5.736992741087209424e+01,2.542490328127106380e+01
-8.100172064482339351e+01,2.872233296662052382e+01
-9.582597752828209536e+01,3.421150927003362341e+01
-3.569174907773687977e+01,2.195783181414875429e+01
-9.421548043839170816e+01,4.172559572996782151e+01
-7.599673304075858482e+01,2.703735593062275910e+01
-2.529741668756558681e+01,3.084095781905385536e+01
-4.664613209154595097e+01,1.979807832526826061e+01
-1.349966108506883131e+02,2.363134653383488626e+01
1.325789445037290193e+02,2.380063097645604842e+01
8.337909796196798595e+01,2.719706276238095555e+01
2.884465846653299792e+01,3.109325381017655587e+01
9.564999689597334509e+01,3.009777597192563192e+01
7.109479115512969827e+01,7.728445113321077642e+00
5.470206145968054301e+01,2.940395083755546324e+01
9.455455027002301449e+01,2.805291738562604209e+01
-1.790778578711201305e+02,1.082703910902982791e+01
-1.370957645492738664e+02,2.867321853679775856e+01
1.562704837794798607e+02,1.297122706789284052e+01
1.010567071570807371e+02,3.557306781407535112e+01
8.034708360573084462e+01,2.510740434817698841e+01
6.320063510657484329e+01,2.262639955693472871e+01
5.187520387923346021e+01,2.374873416460604147e+01
7.704064075158829894e+01,3.896152559505677004e+01
1.199608660235609960e+02,2.572800023767279498e+01
1.720816913485414261e+02,1.318265337516316649e+01
-1.722415069623986597e+02,2.826385247228525799e+01
1.628711831379242483e+02,2.195890777162401264e+01
-1.597900454208766234e+02,3.010939889641415590e+01
1.700636201162255929e+02,2.295780413891040439e+01
1.758416694943404934e+02,2.450360754651222805e+01
-1.747282238149832949e+02,2.769861547107400668e+01
-1.727048090780249652e+02,1.749364419521236869e+01
1.694599378947004595e+02,2.437514834432938216e+01
-1.706394359743460711e+02,2.940660504622892546e+01
-1.578431063802527490e+02,4.243949063298207847e+01
1.555751370409265064e+02,4.168342736834915740e+01
-1.620074725817824799e+02,2.056864069507863491e+01
-1.709210209219144758e+02,3.408401404151351244e+01
6.380606092822855402e+01,1.515314196784755829e+01
5.900684216192085785e+01,1.785362848810003911e+01
5.622791598817860859e+01,2.114640132355892987e+01
3.768588558532555766e+01,2.426786085540356197e+01
8.255651188066477175e+01,1.578493624635290260e+01
5.509974252858578581e+01,2.348069597046758972e+01
3.920795904880441896e+01,2.115336347642049475e+01
8.779748231357922350e+01,3.604743271385044778e+01
4.804315039337154758e+01,1.461096255516422815e+01
4.750009703141614636e+01,2.891432604089344949e+01
4.177171840032699635e+01,3.377791991541678840e+01
5.117588261148196693e+01,3.521667630815834116e+01
7.860866184978409876e+01,2.182952296227649924e+01
4.054642671729916970e+01,3.737347190754080373e+01
8.143798168562697981e+01,1.324484747222602010e+01
7.279036887516097920e+01,2.935162268622034176e+01
5.577784763857214045e+01,2.667324894650028710e+01
8.223979170738385847e+01,3.915650127013681470e+01
8.451017436424753271e+01,3.111391943342799848e+01
5.398978550648539709e+01,2.310993484985129598e+01
1.291968464221408510e+02,3.299698578977261576e+01
1.887305299641060685e+01,4.159183186049037317e+01
9.342823058333290476e+01,3.967861107060402048e+01
-1.318642860335807541e+02,4.838582438681146414e+01
-4.005564829747741840e+01,3.331223639576161588e+01
-2.770609438323382889e+01,3.205834968656365902e+01
-1.437365134362435697e+02,5.188655408265579894e+01
4.692158040696529042e+01,2.785154651260855019e+01
1.648799504029542717e+01,3.749155117353237188e+01
8.911824665086152208e+01,2.216078033271300285e+01
7.105099737321913267e+01,3.445080901385885852e+01
-7.066349688446882737e+01,1.559315794260265164e+01
1.631743730522677254e+02,1.950108025633640096e+01
1.039721397371635447e+02,3.803629023467829029e+01
4.883909724159892818e+01,2.766357777123217687e+01
4.814288572209319739e+01,1.090912642709765379e+01
8.444257893878581456e+01,1.636735334091828165e+01
3.385798647908085712e+01,2.513865020816412255e+01
7.354350578090036095e+01,3.481316748290415575e+01
8.251784340352695324e+01,2.271830033131507776e+01
9.661787740195033791e+01,2.862921084499988922e+01
6.153939873618001855e+01,2.094291106981922468e+01
6.172853844163846304e+01,2.629241253471368367e+01
6.801238558542753765e+01,3.136704553040733856e+01
3.114964712985410955e+01,1.901238368766567888e+01
4.755620892867239036e+01,2.959725467920091546e+01
5.168965827867349816e+01,1.962777819383390465e+01
8.256401118589056409e+01,3.405499461452291143e+01
5.260073760159713174e+01,4.839401170156220644e+01
8.774913282856174135e+01,3.695449083720197336e+01
5.555891747475029518e+01,2.471328737390109609e+01
4.972250145367665652e+01,9.468542046240340682e+00
8.843485540826802094e+01,1.829359515286543925e+01
3.069975895930804199e+01,2.474725153024683522e+01
4.120360876882034518e+01,3.078951983648509483e+01
6.216827255164660926e+01,3.583991339111384633e+01
4.916233145731207088e+01,4.756682241777896536e+01
6.488970803394241216e+01,2.819698584952468678e+01
5.515263362277455172e+01,2.158168420271842081e+01
7.078118392565063743e+01,3.275850944114886687e+01
-1.440771648887994729e+02,2.820449715734157792e+01
-4.019228854663332839e+01,2.643246440236503148e+01
-6.204973861131785640e+01,2.391093862815927551e+01
-1.494149171185028422e+02,3.222950385538470641e+01
1.315487197732973357e+02,2.632553284430284890e+01
9.658492068696020283e+01,3.719232124663281525e+01
8.555555203041383550e+01,2.976711405929818000e+01
2.791579019440555953e+01,3.805182918409757065e+01
7.665606732215219665e+01,3.870882341676437477e+01
1.257887015599035436e+02,3.008177425883068778e+01
-1.729931023591400390e+02,2.423454235562804726e+01
-1.589235200996269839e+02,2.819966297843277303e+01
1.739149695110491507e+02,3.786873428671957953e+01
1.790944459162641067e+02,1.568473486886561119e+01
-1.541719238976495490e+02,2.942674764614885419e+01
1.783163679933284982e+02,2.552694686916931133e+01
-1.754614479066456738e+02,3.625500240926293571e+01
1.753815297668747064e+02,3.811443438956752061e+01
1.664837093341952539e+02,2.610905049028508529e+01
1.794359678537095419e+02,2.329720426694564850e+01
5.436057576337433517e+01,1.844692349107894813e+01
7.746933157082578703e+01,3.528589546477212480e+01
6.558079759419238997e+01,2.909478727502965612e+01
8.356339963737366361e+01,4.474503619005548671e+01
7.220736668340306608e+01,2.151424365710587594e+01
6.698052440464539359e+01,2.200497940003605635e+01
7.623424120069779519e+01,1.833883107632463805e+01
6.925035111563444445e+01,1.856378705980588251e+01
5.565388459676216826e+01,1.622513483115245236e+01
7.919094065198135013e+01,2.286607827529812909e+01
4.660767006903706999e+01,1.478616087637805521e+01
7.112943426972360328e+01,1.223346488800338427e+01
6.869669626169996945e+01,1.191299454569071870e+01
7.199722809355750996e+01,2.386028180201195070e+01
7.087397880378971138e+01,1.242330618256239205e+01
7.130721939743784787e+01,1.433139258652056824e+01
6.567332955979244957e+01,8.382881040644072357e+00
6.974484792497065655e+01,1.713341490111222853e+01
4.216471666543534269e+01,2.944859216054040729e+01
8.921931662278736042e+01,2.245075617784973332e+01
-6.792298988095198808e+01,2.607702718301036171e+01
-6.596328884467320108e+01,1.992403183793501853e+01
-5.905789075653482456e+01,1.316535787160429827e+01
-4.283214008081571222e+01,2.082555406397399977e+01
-4.245839153213273676e+01,2.605852076226842939e+01
-3.462880409986252062e+01,2.190543913591137937e+01
-5.969723230977736250e+01,1.207019887465169816e+01
-4.884813930687650441e+01,2.737763653147486309e+01
-7.497153684795422635e+01,1.399251823302987141e+01
-6.280567870864984314e+01,3.160430790295551162e+01
-7.339944852303877099e+01,2.157853058795055290e+01
-7.266428602697466488e+01,1.109315627235985424e+01
-6.326125324622454116e+01,9.520875431414431489e+00
-3.931597717522023316e+01,1.982683024109887526e+01
-5.861862972322084886e+01,2.037491233478972674e+01
-4.681946880348935025e+01,1.505927436475418446e+01
-5.370598631307218085e+01,7.494467104737058349e+00
-8.335417022082378935e+01,2.899546594036871383e+01
-7.618156439079389486e+01,2.838015610907868691e+01
-3.328172927914247481e+01,1.338709925305530746e+01
5.962736473545461990e+01,2.036567618825594650e+01
6.543230416783428893e+01,1.704804229765322887e+01
4.259601773753468734e+01,2.823238668615497460e+01
9.792339035434547156e+01,2.809279399079849782e+01
9.262661495500330489e+01,2.312912377686365062e+01
3.807104616454140711e+01,2.837673905997334600e+01
7.067771432372113338e+01,1.982053813338486847e+01
7.318577699902294853e+01,1.428631775566688589e+01
8.878455186626879936e+01,2.175309449062311273e+01
1.277297834834968882e+01,4.577879101515763693e+01
8.034420559648511073e+01,3.978294541555828800e+01
4.573091112150538606e+01,3.199411107606698579e+01
8.034539614960155518e+01,1.955097627617882949e+01
5.430901942080527789e+01,1.759899175671046834e+01
9.933390586668727451e+01,3.022445306805377641e+01
7.794779796398654526e+01,2.903567526181757330e+01
5.912155176172887394e+01,2.691486830687127352e+01
6.314293690496405986e+01,2.238975586853199573e+01
9.768218969109346972e+01,2.337473713919619911e+01
1.060604893184795969e+02,2.445347419723442428e+01
-1.575809242122196281e+02,2.130385223519152760e+01
1.759167153374254724e+02,3.470787412411068118e+01
-1.464719826288849163e+02,2.970867673852946211e+01
1.410495557174239707e+02,2.635156334343908213e+01
1.695430993975728882e+02,2.017580036715316538e+01
-1.629513556565709109e+02,2.421180339883144939e+01
-1.423697519042652004e+02,3.602669880759980714e+01
1.290114383047813646e+02,1.891182780675864450e+01
2.414609852804461809e+01,2.631261767550873287e+01
-4.356697345309498814e+01,1.746476109295121759e+01
-1.636516817646887034e+02,3.099661952747887739e+01
9.678333560923358903e+01,3.987214024380630661e+01
2.516513684257487782e+01,3.656189838693784822e+01
7.837904576041449900e+01,4.797160183996191307e+01
7.262809521456185280e+01,2.670826791759747465e+01
6.005260408457073140e+01,5.086727547765723756e+01
7.271825401716654369e+01,4.019498251692200341e+01
1.517410556686605219e+02,3.069115283580212150e+01
-1.205850752977411418e+02,5.337122318047573799e+01
-8.780989823422852680e+01,3.948956253002879180e+01
1.714781093035018671e+02,1.005820048363025165e+01
-1.564650591896898675e+02,1.411949810953256090e+01
1.577799005422296830e+02,9.923815940218418064e+00
-1.559442339919949916e+02,1.348545215310954859e+01
1.687068865666323347e+02,9.827105470195142800e+00
1.702700467561248274e+02,2.043219268780598341e+01
-1.703487445517213814e+02,2.022714337481146885e+01
1.780121681773728426e+02,1.898982680241418208e+01
-1.665616043530668549e+02,2.017631650374597285e+01
1.672742714462184210e+02,2.621290033915378359e+01
-1.644198353230881082e+02,1.864883444871403029e+01
1.427797344482806636e+02,2.237478420737170381e+01
-1.677268942966179566e+02,1.355468092370674604e+01
1.686085751162596580e+02,2.111910023608881204e+01
-1.685314847456419329e+02,2.388431646648509954e+01
1.726922378699328249e+02,3.091383059004589029e+01
-1.522530577890325105e+02,3.567702627931062409e+01
1.540949499571553361e+02,2.191477754386400889e+01
8.703081708353812473e+01,2.087415186711892900e+01
4.433571405865487236e+01,2.847076290562756995e+01
1.517380662240213098e+02,4.403376300121052367e+01
-1.422253560108766521e+02,3.003768955050924205e+01
1.742185813208794229e+02,3.119028908620448348e+01
1.387483769518831309e+02,2.663674847724911743e+01
-1.623160563871291799e+02,2.821039950964335219e+01
-1.466863229105355799e+02,3.581452551513101668e+01
1.631796057808631701e+02,2.467311683476164319e+01
1.666897292605735856e+02,3.809689369055671904e+01
1.582943339501716480e+02,2.987134415833594403e+01
-1.664188487486318309e+02,4.699425855990775602e+01
1.576386368505997666e+02,3.077191658647657846e+01
1.628516210748192918e+02,4.499262116592340277e+01
-1.622707443490516539e+02,3.159598241761122495e+01
1.718522957205536557e+02,3.420034754366311347e+01
1.578093638613768235e+02,3.733437782974797869e+01
-1.743879425484709600e+02,4.304877477476112801e+01
1.627696676253622741e+02,3.851693328493439594e+01
1.584106157425291883e+02,3.520228725916696533e+01
-1.556092075953650067e+02,3.799361119322009017e+01
1.747451512706044525e+02,2.513455539393984139e+01
6.569875329670757935e+01,1.489365756311266331e+01
6.648007996466739655e+01,2.172221607256355824e+01
5.334393962512758947e+01,2.210817134029946018e+01
8.006747602527478591e+01,2.376851816279159735e+01
6.914163424417887427e+01,1.367350044298561507e+01
5.338517349504412834e+01,1.893215815655793222e+01
7.703552717037514697e+01,3.015443423284088098e+01
5.401472226420315792e+01,3.097928939846931229e+01
7.578836857546816930e+01,2.291042735057272139e+01
5.481051755214432575e+01,1.688337330615587462e+01
6.516973536464338679e+01,1.764564366569918974e+01
6.839197368112158415e+01,1.392992732823806179e+01
6.525306015664259007e+01,1.590611496688571336e+01
5.935810992523470730e+01,1.042865726701793250e+01
7.088564027305480408e+01,1.383173641401357834e+01
5.634421794848024234e+01,1.169610840832740450e+01
8.229394217877744211e+01,2.038593797358446480e+01
6.534814410924994377e+01,1.650443496006593946e+01
6.833167373390881494e+01,2.207701747000756853e+01
6.663741248240175707e+01,1.532053299012294900e+01
8.305268706334508977e+01,3.017920619336211630e+01
6.905536827371170716e+01,2.874950707711853326e+01
6.407412559228076532e+01,2.113678509988483256e+01
7.008434787794530507e+01,2.888314266315847334e+01
6.511619549944485641e+01,2.108113110501822263e+01
7.312255017660805834e+01,1.328866430328063686e+01
6.876863662718272963e+01,1.124891076510901300e+01
6.276498533286611803e+01,2.607194246715098274e+01
6.971473029480185346e+01,1.477787978717609008e+01
6.926625479827873733e+01,1.979256850525815636e+01
6.441383502528300653e+01,2.814723942618211083e+01
5.642802538856083316e+01,3.473835363523539854e+01
9.032247158524401698e+01,2.999070086439548533e+01
7.750976307991069802e+01,2.677904948612125580e+01
6.967839027134553476e+01,1.675482392457027458e+01
5.832310991706991388e+01,2.201473021899077054e+01
8.267450777094188652e+01,1.584810224337427087e+01
7.126104788028644066e+01,2.442294903250787996e+01
6.641888905736216486e+01,1.757905687413683182e+01
5.426486302361287528e+01,2.355972548904934172e+01
-1.421554799273488356e+02,3.811075483762785154e+01
1.505802132472268227e+02,1.455255792678227778e+01
6.326176977688194825e+01,2.474925033718228207e+01
3.923689989545729873e+01,2.660718477128677861e+01
7.365546136727783733e+01,2.175720444026241296e+01
6.331260406786871187e+01,3.663443560259538856e+01
1.029528254498987394e+02,2.059861718291708144e+01
6.407687146423531033e+01,2.496073687609348113e+01
5.789779480878662810e+01,2.696526528631490294e+01
8.405999740564503497e+01,3.294264317035331402e+01
6.293089076275675353e+01,3.069563105165007499e+01
8.576791207478160572e+01,1.988710823315107845e+01
4.276011547365916954e+01,3.022187740538668521e+01
7.995618155860762499e+01,1.908650865411497577e+01
6.735338945085715068e+01,2.702240609523398263e+01
6.984953238507921469e+01,3.856595893055673230e+01
4.872151763788333767e+01,2.453755482430794288e+01
8.617983757482622309e+01,2.456309589156201412e+01
4.985025826923746450e+01,2.482704273690808705e+01
7.042116642468002397e+01,3.013948353967422733e+01
1.582870343850426025e+02,2.251575671323481487e+01
1.690998435909491491e+02,1.370753794615644949e+01
-1.314328411074711198e+02,2.599938387431042131e+01
-1.141563855383713531e+02,3.894438673316467714e+01
-7.437555070299475801e+01,2.608685917450686276e+01
-7.161070562385668836e+01,1.599610713729479983e+01
-5.810318393745983201e+01,2.148803873234889039e+01
-9.495845473522805946e+01,3.164850182534773637e+01
-8.685130966607746927e+01,3.995938538075557744e+01
-4.081435524996562236e+01,4.344164728108171403e+01
-9.143167916190279243e+01,2.312884532201283605e+01
-5.895534402717724021e+01,2.594011393602396964e+01
-7.151766994974956049e+01,2.881001082750704967e+01
-6.987279463142445479e+01,3.028013442775845832e+01
-6.367912972255334836e+01,3.916273373733358909e+01
-8.568080663093923022e+01,2.963946244719509338e+01
-3.481061753729889574e+01,3.450010182146883864e+01
-7.435879819816715042e+01,2.563314851604541644e+01
-7.330551607236920120e+01,3.350020240442673725e+01
-7.851598425022469030e+01,3.216876368973735367e+01
1.569076212639145922e+02,2.867507515780383187e+01
-1.675806934924803215e+02,2.237615717040991825e+01
-1.783739590500234442e+02,1.262989316767574799e+01
1.611924986492041683e+02,2.517815879597166884e+01
-1.608560316556251166e+02,1.630376903013422307e+01
1.641900120361779898e+02,1.553535046171384515e+01
1.485568259982931067e+02,2.704038453148419308e+01
-1.647600523941182473e+02,2.290769448122885166e+01
-1.787664902785536469e+02,2.551563335173256775e+01
-1.451442023018415171e+02,2.477190214255970346e+01
1.359457918993343810e+02,1.486106745541842500e+01
1.644199952465937429e+02,1.698897707615354591e+01
-1.722712544427057537e+02,1.813219527674074882e+01
-1.711597803316110742e+02,1.498164741531032540e+01
-1.765783898148508797e+02,1.810107781322522413e+01
1.774550136793071715e+02,1.666830962118279658e+01
1.716810038003605143e+02,1.699555678429505079e+01
1.730322203045690515e+02,1.145880381512276713e+01
-1.500821204234561037e+02,2.729152540671425697e+01
1.447496996567181782e+02,3.530181394365172309e+01
-6.980072605468576796e+01,2.381357883169147271e+01
-4.908322940244386956e+01,2.829954491786673998e+01
-4.125901810841347839e+01,2.908439744103070268e+01
-7.524448762997185725e+01,2.525232469063070084e+01
-5.126476385584481221e+01,2.621645355045704662e+01
-6.489702884508218972e+01,2.154165642688337812e+01
-6.399031846139462232e+01,2.977313283073247163e+01
-5.127458239369048698e+01,4.255666276514570256e+01
-6.846614794781140745e+01,4.219265944384488165e+01
-7.758563401843608176e+01,4.150671635247216784e+01
-5.441722245217941634e+01,4.096909305641065657e+01
-4.839754195428951533e+01,5.525880268939954476e+01
-8.427372755044949315e+01,4.440207537410159944e+01
-5.284756433733776504e+01,4.080842715058514614e+01
-5.995075510940005614e+01,3.233186651874179063e+01
-5.572203311058932229e+01,4.144895168629244608e+01
-6.117635267789205500e+01,2.062423744201661080e+01
-7.378067299257537570e+01,5.048916433304759721e+01
-5.126097813116182067e+01,3.385864815372914904e+01
-6.576785925546032274e+01,4.763882548399467254e+01
1.639774703233853472e+02,6.518151422999838296e+00
1.794708333192960765e+02,1.509327850062722121e+01
1.799192683572331077e+02,7.226591105310981256e+00
-1.713767880317203662e+02,9.812022976006128161e+00
1.738259629632907775e+02,1.468701215113675929e+01
-1.719311773285639902e+02,2.452684400617206251e+01
1.774999567831575575e+02,1.938806872360511591e+01
1.789059325235204199e+02,1.566396882964880177e+01
-1.735606952594511938e+02,8.288536232960852956e+00
1.755677219563748963e+02,5.707704130705680612e+00
-1.695284258623552489e+02,6.576499278065795373e+00
1.621635605169930159e+02,1.329826192003353924e+01
-1.502007025690015780e+02,1.180391440369722034e+01
1.766838990613350404e+02,1.173287143413379496e+01
1.780456787730021802e+02,8.093473305624637959e+00
1.749963807164982086e+02,5.246003853208472734e+00
-1.777970092716410022e+02,8.601134042484453346e+00
-1.784526731089072484e+02,1.135888040612513272e+01
-1.673385286669756340e+02,1.601328856004719370e+01
1.623557741636246021e+02,1.010154306159254212e+01
-1.118610240242919360e+02,3.891458293477296593e+01
-1.385158266048320854e+02,3.253029874291762269e+01
1.792393668920456946e+02,2.315472876167971350e+01
-1.762628271168865126e+02,3.899400767804911538e+01
-1.754151256456136707e+02,5.075018025376211739e+01
-1.721425462173048970e+02,3.657865017351667802e+01
1.533154796083390750e+02,3.953217580925682739e+01
-1.527027995973797090e+02,4.090633351530955508e+01
1.702479149880492457e+02,5.534176938551351554e+01
-8.367719649304694940e+01,4.358897616526587626e+01
6.979654405078075108e+00,5.504241762565546026e+01
1.643426453939330258e+02,2.349283054996193698e+01
-6.950977786934783076e+00,4.106232392581678425e+01
5.422987630539365256e+01,1.728047626956994520e+01
-1.799233528506177606e+02,2.630536775646270442e+01
-1.391723451436739936e+02,5.325857573076011420e+01
1.679625160085106472e+02,3.388849282294499687e+01
-1.766829331300056651e+02,1.991871693750029593e+01
1.726785005151963048e+02,3.047974639899449301e+01
1.713673190758482576e+02,3.340383057972064051e+01
8.357927511491722328e+01,2.170499245818114531e+01
5.291783042658266112e+01,2.902542026895833160e+01
7.294648121255944773e+01,5.333643588430476967e+01
9.635743718719301398e+01,5.593888164469608171e+01
5.937987264168265256e+01,3.970974601571348472e+01
8.896099237891787936e+01,3.125860715431555548e+01
6.924937289920785588e+01,4.468954203580653228e+01
6.014730768999071842e+01,4.856910593688942868e+01
8.834365731078463568e+01,4.786851726802159135e+01
5.296088574135124105e+01,4.098177268532946016e+01
9.496249029591780300e+01,4.181267961888038798e+01
7.297324576041386024e+01,4.418114927858442798e+01
4.852197636811207104e+01,4.250418563825710550e+01
9.621281525384738131e+01,5.158325472981803017e+01
6.087397209925677544e+01,4.733818966113565807e+01
5.238656963443528980e+01,3.559038837634513897e+01
7.476494941765236035e+01,2.754403243737056428e+01
6.754418392988029041e+01,2.620595142318362036e+01
7.999925338036146627e+01,3.823278807637693433e+01
8.562320691897510017e+01,2.727107063495601125e+01
-1.738932277209682695e+02,3.308489706405779884e+01
1.722821548172245230e+02,3.494074738859566764e+01
1.532746243433978464e+02,3.048253690254669124e+01
-1.630704600500650656e+02,1.486115452039746110e+01
1.544839033108029014e+02,2.265986596348023951e+01
1.713210188781196166e+02,7.991924433858750731e+00
-1.771737347209621305e+02,2.369506531201854926e+01
1.767775292391532105e+02,2.100149414263199432e+01
-1.681443198492310671e+02,3.510391073541669016e+01
1.597957876140297628e+02,5.133522416579558012e+01
-1.702435640962681589e+02,3.620547372634041494e+01
1.630816715093165215e+02,2.688651577218590916e+01
-1.611028962884097950e+02,1.666095704146232137e+01
1.647269368817769646e+02,3.200393951070686427e+01
-1.407310770400801800e+02,3.122728840613293499e+01
1.421596462358178883e+02,2.760345804820557092e+01
1.732659351762853248e+02,1.729823974746854631e+01
-8.693653988142450828e+01,2.469236936713557284e+01
-4.380986309640266541e+01,4.075530610979867419e+01
-7.877763959738101107e+01,3.598512552122880237e+01
-1.646663158430612839e+02,1.727921091702876311e+01
1.774593925320737071e+02,1.705819217703983881e+01
-1.531975082549597289e+02,2.946037207614375575e+01
1.607833398683407893e+02,3.202857969770070667e+01
1.691403116759810814e+02,2.158910862772049200e+01
-1.565592500440495201e+02,2.130375148062198321e+01
1.641117647881558526e+02,1.428063621929161009e+01
-1.730243910184466642e+02,1.234064229444655325e+01
-1.674663522070563602e+02,1.432552434502630057e+01
1.764077420360497399e+02,1.447686789865397294e+01
-1.782243650878490655e+02,1.443932102119208771e+01
-1.722766522990774547e+02,2.106702601383205220e+01
1.501390322078821100e+02,3.189672831342867454e+01
-1.624548932111162003e+02,2.728608737798764849e+01
-1.722006764899919062e+02,1.419640498390124961e+01
1.703339877726726570e+02,1.642235252557163250e+01
-1.746214721472465783e+02,7.217849858651614881e+00
1.767296906898542090e+02,1.543404229892296264e+01
1.712807125035783145e+02,2.137652768033836992e+01
1.740775974088817861e+02,2.197431703889630228e+01
-1.499259038436943001e+02,1.664809421082976826e+01
-1.792268062385733458e+02,6.767826556033719854e+00
1.718556476440686822e+02,5.864061585605999660e+00
-1.763156632018898051e+02,8.377786286973673668e+00
-1.716686504627874115e+02,2.099916164071692393e+01
1.639463131459467604e+02,2.925528455800878191e+01
-1.785643563774004292e+02,8.296419312492600895e+00
-1.797148813154902030e+02,1.336780816691979190e+01
-1.780572663708679499e+02,1.476552146620930728e+01
-1.693594019417081142e+02,1.171451211435744533e+01
-1.696052436552550091e+02,1.981428071851111383e+01
1.615248156307318652e+02,1.567705535608895673e+01
-1.594851451813036647e+02,1.488555414814970668e+01
1.625030665165347443e+02,1.898370847189847410e+01
-1.706837408266273712e+02,1.514569206529663603e+01
1.611903648822069215e+02,3.247637482588260127e+01
1.623318525304615605e+02,3.423961059425201370e+01
-1.748321830962469789e+02,1.244586445615874482e+01
1.794853457482821000e+02,1.752348043326627192e+01
1.682393609908491783e+02,1.476315807790884094e+01
-1.752219548416565544e+02,7.727785095007138949e+00
1.684688672273790075e+02,7.194886528588579466e+00
-1.611288861435953379e+02,1.644860956978297750e+01
1.655046839034539232e+02,7.724272071460527300e+00
-1.701668567746813778e+02,6.738179070417642080e+00
1.743947868600376125e+02,6.504684619891414776e+00
1.784978921511923886e+02,4.347807146880263041e+00
-1.787520806089831069e+02,1.362680130459201777e+01
1.784989587196762386e+02,8.506880851185723458e+00
-1.780941248795679144e+02,8.808982084925526479e+00
1.751257414640206207e+02,6.537495400490698216e+00
1.769754015475183451e+02,1.531819464709385947e+01
1.779662850376076335e+02,1.354128074577212892e+01
-1.721330794421349424e+02,1.777903233142536976e+01
1.696957624797735207e+02,2.458004377212375147e+01
-1.585101982350938385e+02,1.239529790921392483e+01
1.679112581390944854e+02,1.780186223187655514e+01
-1.619461473149015376e+02,2.021452197624062208e+01
1.412169959068507694e+02,2.097030362559694083e+01
-1.700868518895072725e+02,1.053245165897147118e+01
1.792272977686226625e+02,1.322860404690245595e+01
1.385300776983724802e+02,2.302786837484253368e+01
-1.484280336573497152e+02,3.160862639483617897e+01
1.569741363393395090e+02,3.176327777963490462e+01
-1.723263082143416511e+02,2.140389872821788941e+01
1.685526041320003685e+02,1.390879791594407422e+01
-1.508099001973645557e+02,2.404741712341179039e+01
-1.299945452555884060e+02,2.798470969641473971e+01
1.662896298769948658e+02,1.977952333909894378e+01
1.141329517187117943e+02,4.090715819499124706e+01
1.430985575459778829e+02,2.611153625134521050e+01
-1.615372117516685648e+02,1.588487776654271499e+01
-1.517625008686096066e+02,1.925457557719170509e+01
1.573096305032362920e+02,1.986680249646807539e+01
1.717294771772120612e+02,1.630110122373029569e+01
-1.475530809571687030e+02,1.782845882918273617e+01
-1.702887036468061979e+02,2.548469259883204430e+01
1.427759823869654099e+02,2.562826671084064145e+01
-1.620617335244548372e+02,3.030123976931988494e+01
1.678884917993514705e+02,2.858233530060364913e+01
1.757258380652999108e+02,2.161976193802104973e+01
-1.709278948190052461e+02,2.583727787111199348e+01
1.678670239248965856e+02,3.460985138376748438e+01
-1.750449755909937437e+02,9.410313480349174142e+00
-1.784539440159595642e+02,2.364085411101412859e+01
1.777301088057836012e+02,1.765487282784468093e+01
1.768786870083636416e+02,2.189524653271944743e+01
-1.734905023564606097e+02,1.891369387073711295e+01
1.712557467302117971e+02,8.771135672509002390e+00
-1.699338108680718733e+02,2.263290551728502820e+01
1.728543630393499484e+02,1.205224058784879304e+01
1.783641410690009366e+02,1.975455105129051958e+01
1.783001498625049237e+02,1.859549824911683658e+01
-1.763715708154384458e+02,1.551155203080348954e+01
1.671448746545815425e+02,3.374050470867206997e+01
-1.775966771652601039e+02,1.464831723175239730e+01
-1.710375366944561222e+02,3.331000297191344828e+01
1.718045884619136814e+02,2.627122309277365986e+01
1.763694506305161838e+02,2.286904891961695796e+01
1.737533707171189690e+02,4.015907288193825053e+01
-9.321776342200614351e+01,2.330479477895685392e+01
-7.639337899330692494e+01,2.015727790974012379e+01
-4.795490778310183089e+01,2.791086946880952269e+01
-7.109381162464973158e+01,1.331172423629502255e+01
-7.999306091336873692e+01,1.940612793653507850e+01
-6.742401554728212432e+01,1.186552159582917199e+01
-5.423336101631393547e+01,1.218167907818531326e+01
-9.506226265365229722e+01,1.775147841997791431e+01
-8.721798294191764001e+01,2.093650186435856853e+01
-5.488042854317998120e+01,2.448651768365336778e+01
-7.091903678192608140e+01,1.395274255854237211e+01
-6.637997538001104658e+01,2.337070302880628248e+01
-6.461856564110895818e+01,2.328288856478744151e+01
-6.083923996794438693e+01,2.256610869696352140e+01
-9.634545486187820984e+01,2.383557351104777311e+01
-7.196110775483901989e+01,1.348358088952129563e+01
-5.036635948885727743e+01,2.891840227956357978e+01
-6.804334667366894962e+01,1.371182327553122526e+01
-8.623050324133228628e+01,3.298515503892851086e+01
-5.382313201276326708e+01,2.155793812786596675e+01
-1.771649185978737648e+02,1.569906905421945709e+01
1.629715873140518738e+02,4.319767716951831460e+01
-1.569960382261457710e+02,2.773289291133765033e+01
1.637822931932008430e+02,1.593171882411728291e+01
-1.616978248863140664e+02,1.943705910755755184e+01
1.760719211942531217e+02,1.019783090162634132e+01
1.676450123295226433e+02,8.554627524869715671e+00
-1.749681505129660479e+02,1.356282793973679901e+01
1.692296468043277571e+02,2.016939772913611506e+01
1.789165144822539162e+02,1.797911573665982488e+01
1.726676581955480572e+02,1.002296887094879096e+01
-1.753872207759429784e+02,6.494851288232084130e+00
1.629384962108766501e+02,1.023101934973347760e+01
-1.674261931299710682e+02,7.297880041479763769e+00
-1.469622657028866115e+02,1.383130275861187286e+01
1.145774972261763054e+02,2.238403587080382096e+01
1.716810242491461480e+01,2.093484401641304515e+01
3.156451092621969767e+00,2.768197713897003354e+01
6.686234231772031933e+01,1.256768911752351237e+01
7.806088843462167404e+01,1.133066257887173833e+01
7.882794397431932509e+01,2.362398389277793953e+01
7.172392867110193038e+01,1.428120033601855710e+01
6.086435934908086409e+01,6.344649120407307663e+00
6.671342739178058423e+01,1.811132828777544290e+01
5.394385877740950264e+01,2.298731241611758946e+01
5.096613472987240101e+01,2.236590978503071625e+01
3.271798407907377992e+01,3.065081557446516669e+01
4.899679067608911254e+01,2.978384701305764182e+01
7.314622998909894136e+01,2.171657845404381959e+01
4.266863367681780517e+01,1.751699828114237079e+01
7.258009964818214144e+01,2.536017199023897817e+01
7.052191486755523897e+01,2.651814926783603710e+01
8.464230159949734400e+01,2.435716519167517902e+01
6.466433349513631867e+01,2.677768610336215716e+01
7.909085802633410367e+01,3.797197444077930584e+01
2.716960968300684698e+01,4.296584829168354958e+01
4.684623154659650623e+01,4.590042137669708211e+01
2.622862651708310366e+01,4.630090968731353485e+01
-6.684542451292973908e+01,1.947625667099805113e+01
-7.606857848338430017e+01,3.329644381017651256e+01
-1.689347047570404072e+02,2.232968538782810342e+01
1.655586583123410094e+02,1.418957695231678429e+01
-1.680284032829751482e+02,1.422234449796364331e+01
1.764655942286990751e+02,6.633356898860071738e+00
-1.752238740427029597e+02,2.186421560328894031e+01
1.794758430102249918e+02,1.926926347870321621e+01
-1.786428389075511234e+02,2.541739991657114217e+01
1.779696199820949687e+02,1.799046667705973235e+01
-1.662447885983958997e+02,1.812722981928950361e+01
1.759563160859244419e+02,3.351346829736246491e+01
-1.677849618449735942e+02,2.495088394683615363e+01
1.540928893177838575e+02,2.992879148661133115e+01
-1.541804347740133494e+02,2.100705893193610052e+01
1.574324742990840491e+02,2.638614865659515374e+01
-1.664120650440786449e+02,2.786724325171331529e+01
1.745998933588790294e+02,2.014973438884742762e+01
-1.790271933564283415e+02,2.618979191294696207e+01
1.694593884118194751e+02,4.127704084734186374e+00
-1.660327581260017098e+02,2.565659687813668199e+01
1.693240365220502213e+02,2.048168475605266536e+01
-1.215114364883014559e+02,3.633883778269925813e+01
-1.536381991816778338e+02,2.779592630906260808e+01
1.069269036502403623e+02,3.334013097840893636e+01
4.649295819899516147e+01,3.094990860142251421e+01
9.999886662460643549e+01,3.021136901735807356e+01
-1.750585600511360553e+02,1.485668116348682055e+01
-1.016798173902522393e+02,2.476353708607680915e+01
-5.302597727374937620e+01,3.238166798489024245e+01
5.885252949614327633e+01,1.520145487056510447e+01
9.659590717490382872e+01,2.476603284301206997e+01
5.211030869887632377e+01,1.111737998956147422e+01
-1.438939841507137718e+00,4.333950062552047910e+01
-5.911898601935534003e+01,1.729193132827446533e+01
-8.757821384658819852e+01,2.805369918946304253e+01
-4.213955595742117310e+01,1.485542306192953532e+01
-9.313873421496802507e+01,3.115161321886168366e+01
-6.378716316843254930e+01,3.005401872663572505e+01
-7.202097673276692547e+01,1.464379934730845179e+01
-7.083736326217943713e+01,1.571106202513877648e+01
-1.949774986547918942e+01,2.302950943166867859e+01
6.751590465196733248e+01,9.295336340395063957e+00
4.320465434700842877e+01,1.743165003172844152e+01
6.659274241901614744e+01,2.106570928533638920e+01
3.519097544547133793e+01,2.249112972884752182e+01
5.086717412250754933e+01,1.546223005990510302e+01
6.250340584797083210e+01,1.542206135851501614e+01
4.934173121259006223e+01,2.759156730474999364e+01
9.768629687028627018e+01,2.258218564077065338e+01
9.091405427357211977e+01,2.905759894560188172e+01
5.625279899962829688e+01,4.203023262785247738e+01
3.107266957960684906e+01,2.323376820165157852e+01
9.332418788740520199e+01,3.788393778657675171e+01
5.245631806730506952e+01,2.263608128473201475e+01
3.822455365502244007e+01,2.974033774063248359e+01
7.657746308190894524e+01,2.692464920968684439e+01
4.317764099712846360e+01,2.564924878823030596e+01
6.145026645894584050e+01,1.890404979266320851e+01
5.040710055920853705e+01,1.751842520639096890e+01
5.071004403317562037e+01,1.273511614097801115e+01
7.015196001518066282e+01,2.173595541795474162e+01
6.009061866937808816e+01,1.485790107427581219e+01
7.206507414973326320e+01,1.298601849519488027e+01
7.434665731781380771e+01,2.448854583574173560e+01
7.671327350162320613e+01,2.510298173075485195e+01
8.468829209992713913e+01,3.369200849074430693e+01
5.049709151376539040e+01,2.316526435626166602e+01
7.228319184859302027e+01,2.985401414107308327e+01
6.509782449269407323e+01,1.574457664919364674e+01
3.822311465246492901e+01,2.797191723023882659e+01
9.975178993057477328e+01,2.580016881607911472e+01
5.045592070546366159e+01,3.001794106885876801e+01
5.547689891119579642e+01,1.637670411169098372e+01
7.235069324474915220e+01,2.722648313979105339e+01
6.800267120939703602e+01,1.668440204413649042e+01
7.627650976164682106e+01,3.602363196869863060e+01
4.118257211027412978e+01,1.409832957624511351e+01
5.978833379130519177e+01,3.179419706498456577e+01
4.246381832190095906e+01,3.729440375211979131e+01
3.720017228899171613e+01,4.374834269263266151e+01
1.046980229835878049e+02,2.347063893191428718e+01
-1.741983790971861197e+02,2.422803700192626053e+01
1.719023261157982461e+02,1.616730562796064419e+01
-1.657964716347104854e+02,3.533976457881230715e+01
1.625594372479629897e+02,3.208879229329320282e+01
-1.698809824229512913e+02,2.114238710617804529e+01
1.375380463709093704e+02,3.025788000003529987e+01
-1.458861715401669699e+02,3.846267574697842662e+01
-1.091553276770201961e+02,4.840736903916248934e+01
-2.998616241434346819e+01,2.769892757321159849e+01
-5.969089089221900224e+01,2.882123602394185724e+01
-1.019558089454780401e+02,3.180882328761743594e+01
-5.578182813513255667e+01,3.539594040739419967e+01
-6.168335548772167698e+01,1.577049086181594362e+01
-5.729472351512156081e+01,4.008634069205903927e+01
-4.799025735335273879e+01,3.294031586456019767e+01
-5.591426992842932719e+01,2.798534883236188975e+01
-5.717916245712316936e+01,2.167008840333247832e+01
-7.984448712758577926e+01,3.249849485167457885e+01
-7.480304506590520930e+01,4.084563369507900887e+01
-5.940503093478223207e+01,2.379479261461695216e+01
1.276836449015573578e+02,5.215472018446725855e+01
7.146057548093340017e+01,2.287489830098386534e+01
7.721255476608155277e+01,3.053235086622464678e+01
3.809183988240275909e+01,2.856507152546715389e+01
7.671787329449574599e+01,4.245336431763630003e+01
7.737085808544708243e+01,2.178494925130642912e+01
6.549631861605227812e+01,3.243041183008394057e+01
4.716562374404251301e+01,3.227309220629046393e+01
8.414074272208854666e+01,2.954422220060160598e+01
8.253226561283568685e+01,2.794280069049263915e+01
4.941536767506408978e+01,2.116037999235537370e+01
7.113605022774247288e+01,2.472313909141663046e+01
7.151783616109895547e+01,2.883042234171876217e+01
1.101306197354256966e+02,2.823713185701190298e+01
7.273439397116034399e+01,2.048745132761171561e+01
7.140462840686478785e+01,2.141559303734436526e+01
5.943754341876762481e+01,1.531461844866847954e+01
5.780363070271813086e+01,2.686543014371090266e+01
8.638516499650503988e+01,2.832472755971976497e+01
4.802780501478883934e+01,3.831002744897827483e+01
-1.605947159272798785e+02,2.703114415468289167e+01
1.726311569112742177e+02,1.431783646656867681e+01
1.779974561902028540e+02,1.962923045664901878e+01
1.753680013456264533e+02,1.542829216328512132e+01
1.721169026458666451e+02,7.989053721457292312e+00
-1.689186004446527249e+02,1.623845887824935375e+01
1.651786756628241619e+02,2.079525354002003823e+01
-1.751520594523869079e+02,2.168595635872917882e+01
-1.618264658742582753e+02,2.441006932188629364e+01
-1.635882189124663171e+02,2.373484467290452216e+01
1.686093316635281667e+02,2.565325553691336324e+01
-1.598603909338423250e+02,3.953891270869914365e+01
1.707603947710281602e+02,2.134633344722416126e+01
1.709039354738298471e+02,4.352426553651452679e+01
-1.583858276367593589e+02,4.401490786007943967e+01
-1.728454502692537176e+02,3.946218956460216987e+01
1.655457891878783414e+02,3.266978370291685962e+01
-1.593009739374591049e+02,1.881808922137747331e+01
1.551527942020804858e+02,2.376039464435182325e+01
-1.752152250318936524e+02,2.254365003311848170e+01
1.529193683878552577e+02,2.176248075636956258e+01
-1.760541547045750121e+02,4.334559730257625887e+01
-1.795546659343338831e+02,1.985269971024514035e+01
1.772563962811003080e+02,2.816722684788298281e+01
-1.671171187142566055e+02,9.613332778360256015e+00
1.641159142365300738e+02,1.184753112082036708e+01
1.693102233383782789e+02,1.531188220699453950e+01
-1.536866324490597151e+02,3.489256904479504584e+01
1.543948935852533566e+02,3.129301607966947429e+01
-1.704906233709943137e+02,1.194482423655822245e+01
-1.719604345874320757e+02,6.241413113752450670e+00
1.485667822943820227e+02,2.512168539127627298e+01
-1.510947738562119582e+02,2.457790937881523874e+01
-1.742704824698594166e+02,1.598727968429888335e+01
-1.767505695292562109e+02,2.858629161572965316e+01
-1.733146222670098950e+02,1.740055694230363770e+01
1.602656972253058711e+02,2.109278101408550654e+01
-1.795363271056491214e+02,2.099783835170442003e+01
-1.664504413698885514e+02,2.631225420874460497e+01
-1.729593448067371924e+02,1.351317116289086684e+01
-6.278479652888528761e+01,1.481895118320717941e+01
-8.185923674042416565e+01,1.811822247163570054e+01
-3.262600527120251570e+01,2.610196682600183848e+01
-7.375039347769948961e+01,1.548503894923231883e+01
-4.392209950745642999e+01,1.723780117656963284e+01
-5.117065586005058009e+01,2.582591934386149291e+01
-6.071443969848826328e+01,3.129503917432140980e+01
-6.572182444124624112e+01,1.192897945896115353e+01
-6.618673075535863859e+01,1.296193574332470178e+01
-5.432103184512583027e+01,1.082883510488629852e+01
-7.628144350090116177e+01,3.059455069951365402e+01
-4.064052500097869824e+01,1.507327379484993912e+01
-6.301999491112930230e+01,1.114338464892966130e+01
-5.647758945882017656e+01,1.405221825245591205e+01
-7.154199227832837948e+01,1.491807844442052655e+01
-6.158193972612559008e+01,1.507377784349141336e+01
-8.102847820035566428e+01,1.179065875944075259e+01
-7.331966860766091543e+01,1.676925746750898583e+01
-3.839194699797254628e+01,1.394693818564739196e+01
-6.366133205021690600e+01,2.671712675100404866e+01
-1.754483589043650227e+02,2.654179102616770791e+01
1.705442077708904094e+02,4.140961539945347170e+01
1.695169183713734640e+02,2.849158657500850822e+01
-1.798796253118189270e+02,2.301813048309635690e+01
-1.695690898230362222e+02,2.290931956748488574e+01
-1.729053979865444717e+02,2.577504457625757084e+01
1.699134235636748826e+02,2.719487149018562633e+01
1.635863009685784561e+02,2.619590362842347631e+01
-1.553267735483496210e+02,3.114755186744058335e+01
1.747193061955297821e+02,3.437027723672245116e+01
1.742413944745527203e+02,3.026546025196969225e+01
1.653441024798899548e+02,1.139654903990919976e+01
-1.723384526116526558e+02,1.182626808671693297e+01
1.766163063078600146e+02,1.034920128994166788e+01
-1.731172205082385744e+02,2.319977088734027149e+01
1.775504913799157691e+02,2.203537267535083188e+01
1.784117301269592701e+02,1.847170022388066357e+01
-1.743165899559915317e+02,1.511156959200499728e+01
1.671947701300879032e+02,3.160388887829899573e+01
1.687340871324912825e+02,2.516653240983304585e+01
-1.573463568170969040e+02,3.309502070502856697e+01
1.647802133822663109e+02,3.280170300660591209e+01
-1.653337154475524642e+02,2.569792726898441515e+01
1.747724284704204649e+02,1.530991909821261210e+01
1.733034228860837516e+02,2.942324908085261725e+01
-1.492960450039298337e+02,1.686772976091176091e+01
1.648145858028384509e+02,1.400679106134542096e+01
1.638891942941499451e+02,1.536424531927719883e+01
-1.459914306802136821e+02,1.336934888275817812e+01
1.713822769479494639e+02,2.015145059704342501e+01
-1.733214564586388065e+02,1.247806853118647297e+01
1.663171904347090333e+02,1.926965402580833597e+01
1.794390422577217237e+02,2.761291886157860631e+01
1.711691111344009641e+02,2.351325741861532137e+01
-1.671187926566186945e+02,1.173501434563961254e+01
-1.648541140106711396e+02,2.311421387254545223e+01
1.736349555053660083e+02,2.081215634108870560e+01
-1.770885962368776632e+02,2.667909125185024521e+01
1.741456484414405281e+02,1.860490433596870830e+01
-1.713986956979064189e+02,1.222608256132026838e+01
-1.651245914413534592e+02,1.763423854017977987e+01
1.611016693666619517e+02,2.292445582126384096e+01
-1.612359006177786966e+02,1.937415656096910865e+01
1.788305784143167045e+02,2.449065946255620574e+01
1.670520363805598834e+02,2.291015507050036248e+01
-1.485500844052283753e+02,3.011904625857549789e+01
1.527283671596881334e+02,1.585046398386683464e+01
-1.632073647312031994e+02,2.609730655652097653e+01
-1.799999046523136883e+02,3.120431915584506299e+01
-1.662093347766969487e+02,3.473516293800114596e+01
1.738784500717880803e+02,3.571476298355816681e+01
-1.777815325912114588e+02,4.254944381888566340e+01
1.725773830873104373e+02,4.088534413461638906e+01
1.676134371111270127e+02,1.781910163114688217e+01
-1.555442431431994521e+02,4.613179226313644676e+01
1.610455347418098029e+02,3.500256684202592794e+01
-1.720473924389613103e+02,4.695125101507272802e+01
-1.571563105502480369e+02,2.931964907485178173e+01
1.400035898858328665e+02,2.257335190679582837e+01
1.516089218658840139e+02,4.086665022922166202e+01
1.577281774140448931e+02,1.204963307032441122e+01
-1.755539165165532722e+02,9.740237381203547429e+00
-1.774098956340733082e+02,8.915156388906028795e+00
1.657662605874526491e+02,1.031514138965537342e+01
-1.673047788384192529e+02,1.276357893886171269e+01
1.750606939451195103e+02,8.098326647953513202e+00
1.628570869136643182e+02,1.555942724028109936e+01
-1.753931538165124948e+02,2.252862404675402885e+01
-1.614825619245173698e+02,2.878765644375323518e+01
1.656110477918243760e+02,2.671639932475090262e+01
1.706240880960481547e+02,1.819691188407631088e+01
-1.584833944436597335e+02,1.305183851010004581e+01
1.648617803589272341e+02,9.603145198726844356e+00
1.761962033754600441e+02,8.308991216926289169e+00
-1.683660693411402178e+02,1.282867939496244247e+01
1.742741705960339118e+02,1.063871388176915822e+01
1.788403856376577892e+02,1.527466393711129378e+01
-1.720686266298231430e+02,1.967159118576758203e+01
1.787975083811135448e+02,2.094924506018487520e+01
1.720028113771114704e+02,2.466915419776483986e+01
-1.582306200105084883e+02,1.656122451158662301e+01
1.594022814012353138e+02,1.117961348648943520e+01
1.605635463481355032e+02,1.750406108825990259e+01
-1.581210005197707176e+02,9.772838991545377496e+00
-1.788896732552703099e+02,1.078199242771345112e+01
-1.676029714581619317e+02,1.352624244032733003e+01
1.670291381060179674e+02,1.149375783614802771e+01
1.554329648984033270e+02,1.221746627350268355e+01
-1.532072334719746607e+02,2.237676734545854629e+01
1.642114238823882033e+02,1.396105887332288020e+01
-1.509315528966247371e+02,1.798333233379519669e+01
1.653360976538630212e+02,1.429345576500757531e+01
1.333857627147891662e+02,2.105515750445536227e+01
-1.460904626640507331e+02,2.664852526102227870e+01
1.721859389008252492e+02,1.438579224762143660e+01
1.559250048258183199e+02,2.701026433093718282e+01
-1.543645499808475563e+02,1.661766596421844966e+01
1.570341984867756935e+02,1.668700171163780155e+01
1.691472041430015736e+02,1.641618583321607971e+01
1.770786905728506611e+02,9.806970833677432609e+00
-1.686918865926453464e+02,1.925912488340978967e+01
1.784417326693747725e+02,3.919613672247255920e+01
1.631825403956798084e+02,3.803623857808730691e+01
-1.399871637092419121e+02,1.962736968213316402e+01
1.624767735184043431e+02,2.768115142913168825e+01
-1.543612201516818914e+02,4.217617242125071186e+01
1.477821467084273763e+02,5.515543580601168117e+01
-1.532448789330863121e+02,4.125335773899229252e+01
1.643043711841926324e+02,2.521749730663178468e+01
1.653454074856110196e+02,2.065166469074947031e+01
1.749361408418647557e+02,9.696321901303107893e+00
-1.741613071099994841e+02,2.319582375866491120e+01
1.732526133648840698e+02,3.416598653076766112e+01
1.689978542549970086e+02,2.276862297959125669e+01
-1.685473378161555331e+02,2.965883645251785339e+01
1.581129386524641802e+02,2.186376884743478399e+01
-1.619688411125580103e+02,1.121861246019992819e+01
1.733052321527424340e+02,5.656272113702675242e+00
1.794296514698018825e+02,1.332096836730677047e+01
-1.777525047860784184e+02,8.403693142391251314e+00
1.793528094308910283e+02,1.197725998145455328e+01
-1.634478518478660192e+02,2.057754546106767179e+01
1.302718741256387887e+02,2.169114101644161963e+01
1.410084574342278643e+02,2.641172582903116961e+01
-1.373461519677986473e+02,2.140122878075186819e+01
-1.353074125356176580e+02,2.491155811876272708e+01
1.726333188973590325e+02,9.888390657091772340e+00
-1.755235202763522580e+02,1.182768567060102249e+01
1.688679462596127792e+02,1.991208666777369984e+01
-1.703282624329458770e+02,1.977918406997925516e+01
1.595914613261271029e+02,1.264788819777513851e+01
-1.626180481460889098e+02,1.760829662354794323e+01
1.678088230749503396e+02,8.583487454342359158e+00
-1.731658252747924678e+02,1.410058073627342878e+01
1.747696463823713771e+02,1.653420752159605200e+01
1.789364249941796174e+02,1.203499365612303151e+01
1.646380007805865944e+02,1.694525834073060011e+01
-1.527830175942618496e+02,1.820051111478992922e+01
-1.460974796054757689e+02,1.854738715814228556e+01
1.302521134217114991e+02,3.416430951672697347e+01
7.725744005736417819e+01,2.983813168479074918e+01
6.663605740126646992e+01,2.464029053547145054e+01
4.887264502400647359e+01,2.891865890899549640e+01
6.884370756522578461e+01,2.007872567053658841e+01
7.440136758105391834e+01,2.732564259980314603e+01
9.248085247286255139e+01,3.282120245410412451e+01
4.343114352185385485e+01,2.408283374577522551e+01
9.013898054310409691e+01,2.418282820691388224e+01
7.169929881363918867e+01,2.311234617923064150e+01
5.979940330832451423e+01,2.814311690184120351e+01
5.639236060403445094e+01,3.104010089768939196e+01
8.580820257475073731e+01,2.567076195735045729e+01
6.441842095255755396e+01,1.994892866057092107e+01
5.294626707100760399e+01,2.772293084128106244e+01
7.630084422313068160e+01,2.424752950114311290e+01
8.070389808610686089e+01,1.848851609052460887e+01
6.217861325299740116e+01,1.095988221701880860e+01
5.781353791983973167e+01,1.797145633660161224e+01
7.790107724645260134e+01,1.580648982805179514e+01
8.047239993240889078e+01,2.822790379613157441e+01
-1.723670580152398770e+02,2.406028764744626969e+01
1.714438415864174488e+02,2.315761975818808693e+01
1.647881858174243916e+02,2.477349766244695672e+01
-1.703946963142315951e+02,2.350047392212034225e+01
1.666211174366645196e+02,1.244737898029935508e+01
1.757024600068184554e+02,1.350370461993387750e+01
-1.547469588651485140e+02,2.543120227531473176e+01
1.639125011156517928e+02,2.821875317162388797e+01
1.574610185650925018e+02,2.491083697557655086e+01
-1.661591525137963572e+02,1.370372913108304402e+01
1.604542171126809080e+02,1.047198769913786975e+01
-1.735289711374202852e+02,1.908020579251601134e+01
-1.677169231143861623e+02,2.516662668231819566e+01
-1.735594643329258133e+02,2.407851305274059683e+01
1.631382620347292800e+02,2.337296382953607221e+01
1.679552705163820576e+02,2.433890594928509188e+01
-1.475471543397247558e+02,2.836217415565333155e+01
1.759398430476740316e+02,3.986513488212271739e+01
-1.594378773100204967e+02,4.512708063609352394e+01
-1.642471300512141852e+02,3.064477774634763207e+01
-5.008159378060962297e+01,1.177437515284168157e+01
-8.011880614620825725e+01,8.260234450356852776e+00
-4.821437349680814322e+01,1.725945293120400947e+01
-6.507794834210434942e+01,9.717724127941441026e+00
-6.066692481285028293e+01,2.388953991768383034e+01
-4.227253260723463058e+01,1.482294715763107540e+01
-7.548672279055512035e+01,1.922435768446840854e+01
-6.214690268290697617e+01,2.328745457769468175e+01
-6.315556033115055357e+01,1.596200936704135742e+01
-5.606288944199248903e+01,1.296073476073587472e+01
-6.343741187911260937e+01,1.349951284889351655e+01
-6.422592467871523070e+01,1.163114609882908823e+01
-5.666471229028307732e+01,1.609529467943073655e+01
-8.176327737939304541e+01,1.290490063325941250e+01
-7.887554658754629600e+01,1.066032380755169839e+01
-6.682366698388939596e+01,1.900597131789789529e+01
-7.129468053886647283e+01,1.361806050953551761e+01
-8.447035506558107443e+01,2.301083856518621928e+01
-5.107794391900272046e+01,3.477534356912243396e+01
-8.669034862274816078e+01,3.584945229826400492e+01
-1.690108017092074704e+02,2.117572386324135891e+01
1.576796956109758128e+02,3.583027527769345966e+01
1.783290518592737612e+02,3.027334138120358631e+01
1.730423627616920044e+02,3.863533897758383517e+01
1.572930378188257237e+02,3.104522892162741243e+01
-1.580735079017675844e+02,3.016589764397908269e+01
-1.757489474067510002e+02,2.557621936400857265e+01
7.924816798252324190e+01,2.365513503140488538e+01
4.076685053176169760e+01,2.348274162039108859e+01
1.432775764088416111e+02,2.018427111289557985e+01
-1.309450939466141790e+02,2.531838932043820733e+01
-4.110107546899826758e+01,1.994288058954074572e+01
-6.298333236088584641e+01,2.329968658948687477e+01
-1.732625116866987582e+02,1.570336124482925300e+01
5.397743195489911017e+01,2.426075847635480542e+01
3.581576092728679495e+00,2.899517070156785792e+01
1.058802157472881333e+02,2.249555344377007415e+01
1.541263353849526823e+02,1.303715065154334418e+01
-1.137067063850565631e+02,2.011896407065885484e+01
-3.669593082567703846e+01,4.615493769449633277e+01
-1.627520381793070783e+02,3.248138643079441579e+01
1.751012161254726891e+02,2.153176211216014124e+01
-1.758783954837227839e+02,2.688777400606911527e+01
1.453598692837530848e+02,2.394231548473720395e+01
-1.580687087252204606e+02,1.755272571493132716e+01
1.571284612314140645e+02,3.206726024892029159e+01
-1.704496848227834391e+02,1.665051114232999296e+01
-1.169806180658881658e+02,2.896742938291051672e+01
-1.087146985965655119e+02,3.259356659663995970e+01
-3.520319832379628622e+01,1.912848580779378693e+01
-4.682896722880218476e+01,3.435706899822758942e+01
-1.247556058206218665e+02,2.642574865937877249e+01
1.769453150407483122e+02,2.789028480388160958e+01
1.662834435723236481e+02,2.861867449911985872e+01
-1.647343969835858388e+02,3.953301730310023743e+01
1.720131584834427940e+02,3.026394240499751476e+01
1.660116015588712344e+02,3.796248608076069075e+01
-1.674459660181052811e+02,2.944728120639488012e+01
1.655128067191070613e+02,2.080039020114379866e+01
1.601566373138185213e+02,3.129760030228220202e+01
1.789418748904496965e+02,1.729138115797556097e+01
-1.727962038601923211e+02,2.957033037497600247e+01
1.681518281510722090e+02,3.866158037329948627e+01
-1.690034500703944502e+02,3.076405526594372830e+01
-1.768659471465691126e+02,3.068611232451817017e+01
1.790914233564711537e+02,3.607124664764234723e+01
-1.638607572137976547e+02,2.157175755681890905e+01
1.598834083354145434e+02,1.506620357789612896e+01
-1.767401395636604491e+02,6.564423350025311521e+00
-1.702230271828404398e+02,2.327364998302882526e+01
1.658262869362052072e+02,2.929849891476815671e+01
-1.632376867447509312e+02,1.110662953790094676e+01
1.678952827863273853e+02,1.307240583811208623e+01
-1.770484737525436856e+02,1.516709961062722023e+01
-1.729499851726164081e+02,2.032519722335092283e+01
-1.773583741199257986e+02,9.875930867897999121e+00
-1.626377090378092589e+02,1.185945047332245750e+01
1.657732410855929857e+02,1.482791061586693360e+01
-1.751850769123025771e+02,2.324303959084881654e+01
-1.722920950514034075e+02,1.114487352872905390e+01
1.521161809620096790e+02,3.575215738094194506e+01
-1.574919800468687754e+02,2.754138448650722637e+01
1.742775085291806647e+02,2.163818547420367011e+01
1.791190439455874639e+02,2.190046026172491267e+01
-1.600445600725870463e+02,3.727452429360450026e+01
1.697772943061185345e+02,1.569604282814287544e+01
1.777847540948156393e+02,3.570010485414285739e+01
-1.602594777313084080e+02,2.362813523993020937e+01
-1.723595292345881660e+02,1.559044249920119540e+01
1.518514690494176875e+02,2.414482682031361094e+01
-1.758060142600957363e+02,2.581199833848825165e+01
-1.614109485032541897e+02,3.224319325364675137e+01
1.680689880330560584e+02,3.819545867085538049e+01
1.681616488542553327e+02,3.663920264213052747e+01
-1.645808068999689340e+02,2.608994651156495692e+01
1.478933546352467374e+02,2.841031900390171927e+01
1.695254896253805725e+02,2.721614589769648163e+01
-1.259004889372239404e+02,4.367216200401350079e+01
-6.845309956812324970e+01,1.802961347289741312e+01
-5.742430291220351535e+01,2.866632529655389661e+01
8.047041004601379655e+01,2.945251994334017098e+01
4.609702392952203809e+01,2.966558594280300554e+01
7.329201184747549291e+01,3.467743220545725080e+01
5.719923175854428621e+01,2.983232286197988969e+01
8.076020243873639970e+01,2.551140872476705823e+01
5.122045097540095071e+01,1.681453728241476142e+01
6.578709237408449439e+01,3.409539474461931263e+01
4.803075615195552928e+01,3.176173812143888142e+01
8.275666030649550464e+01,3.523218258772668321e+01
5.297710432202872965e+01,2.489019699982899425e+01
4.912175462372091062e+01,3.937951197900852662e+01
8.288604853304019571e+01,4.135631258469661020e+01
7.855848855468096303e+01,2.326204175010423825e+01
6.634765345572593276e+01,2.436665079218116503e+01
5.581217689824499217e+01,2.409158499310464663e+01
1.120778747571054197e+02,2.551153268802351093e+01
9.740685529055242853e+01,3.568059087187752709e+01
5.451841679630340565e+01,1.325370213325000535e+01
6.429232849148321804e+01,2.353583163799468636e+01
8.302467773398193174e+01,1.978726514262064384e+01
1.455180898557906914e+02,2.088851763667000938e+01
1.769080311333083273e+02,6.720027455355485735e+00
-1.472844685339039472e+02,2.470255477392624144e+01
-1.711854315724657170e+02,2.388598837613561798e+01
1.425730545842746437e+02,2.132176314567773190e+01
-1.521437435022709508e+02,1.780154679398907902e+01
-1.421044925191856976e+02,2.401616612498929371e+01
1.626925516094196666e+02,2.528987377313438856e+01
1.641087287114046376e+02,2.883607711176716393e+01
-1.709493834384723243e+02,1.406825684662057796e+01
1.753538958973059323e+02,2.259857047630866234e+01
1.692262571323188922e+02,1.290339004538920520e+01
-1.754540407946779510e+02,7.909973676856788316e+00
-1.714657476141684072e+02,1.160950964547976305e+01
1.787409933812546114e+02,2.451851274185142060e+01
1.626573770427442867e+02,8.386213236986677089e+00
-1.698171795838872526e+02,1.899427261343326023e+01
1.732500499203043205e+02,1.312018743089992512e+01
-1.724474426091765906e+02,3.391617644978791901e+01
-1.717674124910924434e+02,2.018993468794887747e+01
-6.165448579214277203e+01,2.194472302911873385e+01
-7.264133696288266151e+01,2.180179194349487304e+01
-4.675536983252876411e+01,2.246355333814681288e+01
-5.274890709020150581e+01,1.279042681502727419e+01
-9.451289262017979809e+01,3.965943341808084455e+01
-4.968181757189434222e+01,2.213226714357337599e+01
-7.132877189569444454e+01,3.524897229808000532e+01
-7.260524059736827951e+01,1.853978232727718378e+01
-4.603271052500089411e+01,2.794907029607448123e+01
-7.923193915454689318e+01,2.216298064625638986e+01
-5.071030057261549473e+01,2.240973365961758645e+01
-6.146295616672250617e+01,2.595687593046189789e+01
-9.459976830565712191e+01,4.018733183747797000e+01
-1.448763257489237866e+01,3.255451102396156671e+01
-7.191298373909927477e+01,3.003530861773463911e+01
-1.274285748274234606e+02,2.273091068048127994e+01
1.278218112103178470e+02,4.570482795125916198e+01
1.349119018636753786e+01,4.779772693691147367e+01
-5.254215905013944621e+01,2.993609583959516485e+01
-1.741953306983407401e+02,3.831331230125132237e+01
1.598180561644437603e+02,1.776710097131660149e+01
-1.499430745727607359e+02,1.796278319316367345e+01
-1.777280881983750760e+02,2.730177122360277409e+01
-1.742952827232104482e+02,2.656418786183285974e+01
-1.778568031409126888e+02,3.763678309778417486e+01
-1.794393498608498021e+02,1.513672547078344088e+01
1.746380874755350305e+02,2.907605894033909877e+01
-1.727656090310076138e+02,3.510403668394967269e+01
1.694635303365282368e+02,2.685459315475326747e+01
1.758388514858504550e+02,2.842406316199799932e+01
1.735409985690942847e+02,2.947638204143434493e+01
1.642087645386317547e+02,1.617010101798954480e+01
-1.700081229418611883e+02,2.985363489906036705e+01
1.797031527616757103e+02,1.908843623841166348e+01
1.787812763603974986e+02,2.814882470226762834e+01
-1.678883882021165448e+02,2.731732067059546054e+01
1.698923933549917535e+02,1.941531579359574877e+01
-1.796773504483439865e+02,2.246830263321851717e+01
-1.764500720494288544e+02,2.184276931396184551e+01
1.581554787923308822e+02,1.052984955892661212e+01
1.685786210276312715e+02,2.572432770863461826e+01
-1.531765761008840059e+02,2.470952827578576105e+01
-1.427244728143266741e+02,4.355561342363770905e+01
1.542954987342199047e+02,3.895137610024750074e+01
-1.605204208702863014e+02,2.354381069317456721e+01
1.653141907266932549e+02,2.783102706477735921e+01
1.672374610287485268e+02,1.709719216044628354e+01
-1.391315231004087138e+02,4.499170044379638966e+01
-1.765017830321362169e+02,2.884054931663236232e+01
1.537332996400423042e+02,4.056616904997565598e+01
-1.663544582053097258e+02,2.419420538684484967e+01
-1.781527661406536538e+02,1.527398739172758368e+01
1.639331349762378807e+02,1.910790989183166033e+01
-1.646756340123316988e+02,1.370189980279423558e+01
-1.791058666127838137e+02,1.606063571066418660e+01
1.656339232576368374e+02,1.816028665013773846e+01
-1.759297447919071544e+02,1.676779534267081573e+01
1.705674612512600277e+02,1.837130823022934933e+01
1.754247314106183921e+02,8.973903905883240384e+00
-1.769423966261404360e+02,1.489583300227549501e+01
-4.251452554522636973e+01,3.619652066201103224e+01
-4.630253743213378925e+01,4.377261345213962329e+01
-5.405943276012730081e+01,2.931998223507653023e+01
-4.826887961020703699e+01,2.594685569597195496e+01
-8.575014147881570636e+01,1.219047772643100913e+01
-6.174260841585651605e+01,1.766723616863584567e+01
-6.937283184985822970e+01,2.738096380721177070e+01
-5.976281805312649453e+01,2.553992685318002387e+01
-3.682049033103083069e+00,3.837721214485743815e+01
-6.518872229472482616e+01,1.973606858965005628e+01
-1.103722454374367885e+02,2.335378880702814541e+01
-5.942712452832629566e+01,1.527557336840830970e+01
-3.669663459851036436e+01,2.711655033342388066e+01
-1.312655729558894961e+02,5.107434641234114991e+01
1.358888314826550072e+02,3.242618895382590694e+01
1.645826947725215632e+02,3.607503725190100141e+01
-1.615059391552503314e+02,3.054769653228933279e+01
-9.965940924932033340e+01,4.730970115502761786e+01
-3.842272252283631673e+01,3.939571922351763078e+01
-7.613750199156618237e+01,3.771170628318653684e+01
-1.696239077510006439e+02,1.931239801169396841e+01
1.684396391304653378e+02,1.525403288681902225e+01
-1.722383643495764147e+02,1.302878843142560328e+01
1.769101062257412593e+02,1.874457385390520159e+01
-1.790377233924373002e+02,2.187831823899524863e+01
-1.627101437129157375e+02,2.445066795804284965e+01
1.633269640206411850e+02,1.337624691422001888e+01
1.783752483648181624e+02,2.507237148118766967e+01
1.684346241183519624e+02,1.889375639166190624e+01
-1.704655740816317859e+02,1.575200430480914804e+01
1.681936231656277414e+02,1.230535480929334469e+01
-1.515647717216556316e+02,1.494119710943376411e+01
1.666630787404172906e+02,2.561239570311613889e+01
-1.709598212562945889e+02,2.072827547964506323e+01
-1.745079266078683702e+02,3.782050279343172150e+01
1.789504156162443564e+02,1.401447153947503921e+01
1.730617129396675011e+02,1.403183089873837908e+01
1.792731363506952960e+02,1.212130421369982791e+01
1.779624462782648777e+02,1.515250016307994407e+01
-1.729163073862400211e+02,8.375536120295425491e+00
-1.654610235705331434e+02,3.230682135364466490e+01
1.693116239496205537e+02,2.020405974535755433e+01
-1.258798662765603353e+02,4.553742578412604303e+01
-3.887573530026084256e+01,2.956540488065999384e+01
-5.298702321907042290e+01,4.350891774853212013e+01
-1.346199872882912985e+02,3.162925571162742244e+01
1.468539437776433942e+02,3.510707057334787606e+01
-1.587441219001030390e+02,5.128307633387704101e+01
-1.761693627233709947e+02,2.149067061784982613e+01
1.544095014019987673e+02,4.825400804618647044e+01
1.645729519176524036e+02,4.362127614066641002e+01
-1.612524205146812903e+02,5.732105844124052396e+01
1.764315961577764256e+02,2.938270084658630310e+01
-1.780037292655628107e+02,4.045881559265765759e+01
1.740641762099291157e+02,3.200155986808995578e+01
1.719892512825694553e+02,2.040709709130370442e+01
-1.657679828157780832e+02,4.898093649526956739e+01
-1.625924315450990605e+02,3.528921816729589267e+01
-1.770963245984575849e+02,4.520083340015247586e+01
-1.735872979618619070e+02,2.894905176182575701e+01
-1.469267387272707026e+02,2.327687157585195976e+01
1.531461675310358146e+02,2.613689643134209462e+01
1.481323902762244415e+02,1.733576677796943599e+01
-1.307725853274173176e+02,3.499652996906517188e+01
-1.713949236833358896e+02,2.447037337889152298e+01
1.775150327111786623e+02,1.472813488793183367e+01
-1.685052223169805075e+02,1.920166566962448229e+01
1.612424842884335590e+02,2.973180669951291932e+01
-1.732113158764439618e+02,8.688423090011827554e+00
1.773998389689225235e+02,2.247273571322329744e+01
-1.586570031957745641e+02,1.444205343618814830e+01
1.158447818364052466e+02,3.603553988680673115e+01
3.716077703777171592e+01,2.774427706725862919e+01
5.184263183341936099e+01,2.051723228819408007e+01
7.343608896592806445e+01,2.083679732268274876e+01
5.526521085521183352e+01,1.903913893219284503e+01
7.810650653031240154e+01,3.032821178782890570e+01
7.923319919667711986e+01,9.409720826556013051e+00
5.878546315321380433e+01,4.076425639829400893e+01
8.080305527084648531e+01,1.626201934286055106e+01
6.815256959053880337e+01,4.202297826428693384e+01
5.819286145205867200e+01,2.934312006890450419e+01
7.955539042794842430e+01,3.869576677215067662e+01
5.842191436820855444e+01,2.363847692156329217e+01
7.668721951230772049e+01,3.814062127064639895e+01
5.260255325979491658e+01,2.799821336634783009e+01
8.156778424135278271e+01,2.291031234038788966e+01
5.212266197268730394e+01,4.696750444901125832e+01
7.807014609878444844e+01,3.297288302018051809e+01
5.450674166396699150e+01,4.546125400976641373e+01
7.356555811634812869e+01,3.704615537453403107e+01
7.303047780849401249e+01,1.645416267290281453e+01
5.901022502608171294e+01,4.385227292199013505e+01
4.949533600730932648e+01,3.630411909944166382e+01
9.021761317224449783e+01,3.701802417175363757e+01
7.620130817784111343e+01,3.433449804657229265e+01
5.114394927867993346e+01,3.280978076033529334e+01
6.337112737952033115e+01,4.415825339045746034e+01
7.389786543029617860e+01,1.876420429656582201e+01
5.960258023372089298e+01,5.193271673730678373e+01
1.588742145977324185e+02,2.760534323329561346e+01
-1.627570366697082704e+02,2.557348610408319445e+01
-1.783165701416388060e+02,9.418731770167774187e+00
1.724496314696765751e+02,1.881520698348449372e+01
-1.628315608940770005e+02,2.642297261449548174e+01
1.751383685976327911e+02,9.939660244517332544e+00
1.714055544403226747e+02,1.124391160825840963e+01
-1.681887620984300895e+02,1.219848666244046598e+01
1.746348496951874267e+02,1.404246719691825973e+01
1.783842162668591413e+02,2.898958374732401211e+01
-1.748983046033729636e+02,2.074600433324187776e+01
1.763789736966017756e+02,1.759950486202059494e+01
1.703501329175424530e+02,1.539175915025640506e+01
-1.582892100462566987e+02,1.582297859634021364e+01
1.622453617256827556e+02,1.671649128334962597e+01
-1.775455276778702682e+02,9.411708910342385437e+00
-1.756138585262565925e+02,1.677195971391841667e+01
1.580072111319072121e+02,1.985765847128429584e+01
-1.778920111009706204e+02,1.276872564397793397e+01
-1.784781708770182433e+02,1.100021512113190880e+01
-1.770709006655488338e+02,5.087223274385442195e+00
1.797743789892614927e+02,6.419919765943804535e+00
-1.785791319656981386e+02,3.355126419443409169e+00
1.778615263811082059e+02,8.056316975404955727e+00
-1.716728196491868061e+02,8.362306882091901983e+00
1.648746047834529236e+02,8.085372289649150446e+00
-1.664980417774613386e+02,1.090578720193488493e+01
1.781212316351400489e+02,5.135908262003868074e+00
-1.764240362392946224e+02,1.010339622760843703e+01
1.763259333941757916e+02,1.848860367784855629e+00
1.755689007147798577e+02,9.642838193690332460e+00
-1.758213701731129959e+02,1.081510854185155779e+01
1.702030661554831568e+02,1.224967015409164262e+01
-1.762159002538457742e+02,1.329281311856351344e+01
1.778585657839907697e+02,2.281193529113620944e+00
-1.773425226824048480e+02,7.239344776666035486e+00
1.785555866607224687e+02,6.522591678335237120e+00
-1.788490899061758341e+02,9.507821486880208894e+00
1.735517969321962255e+02,1.010467663260586413e+01
-1.713273186588772603e+02,1.819191084149976945e+01
1.458240348291752468e+02,2.057184903215494032e+01
-1.630959576664976964e+02,2.291652637617377763e+01
1.656634651574559030e+02,1.913265712839662314e+01
-1.674356476837895684e+02,1.762427489498101352e+01
1.603861355852239683e+02,1.943323565224862293e+01
-1.674001480592109488e+02,1.983950870572015646e+01
1.732982699687289028e+02,1.203491935489223863e+01
1.744230901206422288e+02,1.247389678126670987e+01
1.763953448374896311e+02,1.586902528430938375e+01
-1.753656885576275783e+02,7.103338257600971595e+00
1.754359003913461947e+02,1.195428749589065198e+01
-1.756914680549849095e+02,4.689028844361819992e+00
1.596023357645727572e+02,8.602640955442725001e+00
-1.709259920869841665e+02,8.259670122772266865e+00
1.747731954359162216e+02,5.148603993775476617e+00
-1.776366390565039524e+02,1.918088593227243166e+01
-1.782292210126472582e+02,1.675253749066184028e+01
1.756402449160094363e+02,1.979543626954383484e+01
1.791494105322010739e+02,1.616076057625728168e+01
1.759891135729923803e+02,2.160358477194925797e+01
-1.225722301978801170e+02,3.929229458292515176e+01
-5.133232701652131169e+01,3.473642815602068623e+01
-8.567714548707876077e+01,2.750523681109564222e+01
-1.067520063928549945e+02,2.219304435779364226e+01
-5.206678184825648259e+01,4.001080871172848674e+01
-1.961031957341311127e+01,3.225913200639008949e+01
-8.196188212980960941e+01,3.434840284642005059e+01
-2.992964966309157049e+01,2.239633116664791146e+01
-6.837180135009845117e+01,1.272814884488426301e+01
-5.076887523268930380e+01,1.069409648700839455e+01
-5.861206463621300600e+01,1.201320052734801536e+01
-8.531942074648840446e+01,9.655044308806953524e+00
-4.064225807082466702e+01,1.679478819053097993e+01
-6.538562272212141124e+01,1.506395269843504181e+01
-4.950580472809979682e+01,1.402625430624052960e+01
-5.346185975081294828e+01,1.495818117659371538e+01
-6.734522175769572527e+01,1.485982661528345616e+01
-5.228410091466659537e+01,1.099053122547848105e+01
-3.958165606407624182e+01,1.812212424898411101e+01
-6.883734569685938709e+01,1.406201150161787439e+01
7.566363762820483885e+01,2.930722893846021648e+01
1.008449322245888453e+02,1.942333745909435194e+01
5.285830417175705520e+01,2.154516282778714498e+01
-7.517588454574118373e+01,2.239173523157626988e+01
-1.013271789701393431e+02,4.058668736989579173e+01
-6.869987362333316128e+01,2.522219397984554945e+01
-2.729764158223377279e+01,2.231572345138881275e+01
-4.022035026360601506e+01,2.342106258624471593e+01
-5.639867566371643903e+01,2.885718587281484560e+01
-4.006862625977836956e+01,1.559429966656002264e+01
-8.039721876813058543e+01,1.081898971210494764e+01
-6.100335111879876848e+01,1.643461014763634864e+01
-7.409389165134186328e+01,1.333818114552340006e+01
-6.301528151276130529e+01,8.364127415409466693e+00
-5.586963359621363168e+01,2.360267190764751888e+01
-5.878167458120367428e+01,1.460553627430212131e+01
-6.950218685725144496e+01,2.694221973956902616e+01
-4.565428346520423730e+01,2.223052816932485243e+01
-8.077591533684156389e+01,1.225100401535576644e+01
-7.966783822211085919e+01,2.402959930593073778e+01
-6.023216498739417091e+01,1.703405023201138491e+01
-4.584671464024609833e+01,2.484811390386076368e+01
-9.972046865329033949e+01,1.995906845790382533e+01
-4.763137938268281601e+01,2.105315322880297657e+01
-8.202883306965151178e+01,2.283950726326074587e+01
1.791986820822665152e+02,2.973978091370378607e+01
1.733182127791538392e+02,1.676875423211336269e+01
1.717883233027131666e+02,1.627563466179090312e+01
1.342662796523292172e+02,2.995872718613054531e+01
1.787015557631015099e+02,2.884541867689355144e+01
-1.715304309879410596e+02,3.146779535823754870e+01
-1.665209356171936008e+02,3.312282965904373100e+01
1.566288277296252716e+02,3.062252406118371795e+01
1.790985994604853317e+02,1.529565795651097915e+01
-1.527985685147054085e+02,2.139949147774176552e+01
1.650711649659372142e+02,1.166511522522097977e+01
1.510958544983741376e+02,2.222510458106376774e+01
-1.354660222865576031e+02,1.685925564846627367e+01
-1.717362164821458919e+02,2.420187955046434780e+01
1.724236073747642877e+02,1.551052326008423776e+01
-1.396666315107131879e+02,3.779713549900750991e+01
1.782967066798874498e+02,2.424807965097489415e+01
1.448629172396177580e+02,3.068714884201548188e+01
-1.661214234011963526e+02,2.968981678458307982e+01
-1.717794621052433399e+02,2.425999950798299665e+01
1.711447968804533843e+02,2.643679774459445753e+01
-1.789083053750060515e+02,3.267648283095292072e+01
1.678601908397969567e+02,2.093584247735357096e+01
1.713149134328282912e+02,1.681277291127614859e+01
-1.611176717801976395e+02,2.086296340273106509e+01
-1.747428483957590686e+02,3.579847513865078668e+01
1.673890142362370739e+02,1.685606967575917992e+01
-1.614841029217900257e+02,1.924498019443268504e+01
1.760353639820790477e+02,2.901233872596976227e+01
1.587803200496579166e+02,3.357965468756216865e+01
-1.599759717829302588e+02,3.982557450657776599e+01
-1.701835697656874231e+02,2.727750611086772636e+01
1.752756788714820857e+02,2.521281954965107985e+01
-1.659478235259019812e+02,2.960458699061347687e+01
1.644553633001399362e+02,2.777822359871927205e+01
8.398312322978362943e+01,3.553106308029632743e+01
3.991804153071291950e+01,2.978611223266057095e+01
7.550215770876307886e+01,1.817527761270247311e+01
3.993481347011982763e+01,3.139194089061940218e+01
8.334541926477693607e+01,2.603786569453049893e+01
1.243944775327471746e+02,2.424125892425131923e+01
-1.761288832219375706e+02,1.154667192673785081e+01
-1.440019157349914849e+02,2.796406111524932570e+01
1.341478850409608583e+02,2.709711980073519655e+01
1.676098994194979070e+02,1.236077210397445825e+01
-9.522159727518810257e+01,2.193675541423156972e+01
-4.360730650619473181e+01,3.073640639366057670e+01
-1.107671921307482279e+02,2.669615048618823749e+01
1.446156457153834936e+02,1.707458308860750407e+01
4.496438566114208157e+01,1.639808981848824843e+01
1.255264604572895415e+01,3.177706334287630341e+01
1.033299474031119161e+02,3.751116058522511310e+01
7.279295196840377002e+01,2.260752083255062672e+01
7.085839641604046335e+01,5.392578868437529849e+01
7.888203191754324450e+01,5.078612586482009306e+01
-5.499849586186253703e+01,1.463913256703510513e+01
-8.173556423246387226e+01,1.877703966033836736e+01
-3.017334438179387135e+01,3.005209937530403863e+01
-8.764031458677484920e+01,1.926457658863979816e+01
-4.567790944797192054e+01,2.833438045197730659e+01
-4.638987384137421799e+01,2.205350652574884407e+01
-1.179564784651373230e+02,2.431533163378564311e+01
-1.626640647033638345e+02,2.233851111640507980e+01
8.965077613181009042e+01,1.741928084177119018e+01
3.029232664083912141e+01,3.425031202211385306e+01
9.382587650418584246e+01,2.880987550060905278e+01
6.548862889959585232e+01,1.354837281622658196e+01
5.759676122189663516e+01,1.358507487749712439e+01
9.693532576445839766e+01,1.264820761911640723e+01
3.068832868573867501e+01,2.214759062511601684e+01
7.113676371408611487e+01,2.019255315972428022e+01
1.010048921918829308e+02,2.553232083230641791e+01
2.184248894927798545e+01,3.026233991203289264e+01
-9.804440191196573551e+01,1.591528257109502675e+01
-7.565093568742601349e+01,1.549016976808340118e+01
-1.750321855147591918e+02,3.539109437570083116e+01
-1.645088363244319396e+02,1.498707947787961103e+01
-1.695020426557957762e+02,1.466963646798791032e+01
-1.742552419565074615e+02,2.212050543184984974e+01
1.756456608431829238e+02,2.037693582582128826e+01
-1.739212193664154995e+02,1.608878650836609481e+01
-1.773946323371155245e+02,1.324891585216221834e+01
1.764260250421103819e+02,1.566039689266702339e+01
1.558742509121318278e+02,1.708345136321841906e+01
-1.734148748379108724e+02,2.481107273407629066e+01
-1.479669515322793529e+02,1.827318950622189320e+01
1.426104633455360329e+02,2.260498044455516009e+01
1.541162897338831783e+02,1.241156145958785473e+01
-1.432868523574026369e+02,1.837015172960610698e+01
1.753637710762567679e+02,6.213560791604367139e+00
1.355204777677636798e+02,3.990786825209110589e+01
1.554156436990731152e+02,2.460258597644539691e+01
-1.700785014902096179e+02,3.761671088036908372e+01
-1.751751051563514636e+02,2.693796468660785592e+01
1.655049141633141971e+02,2.174061618485368541e+01
6.810596884691942421e+01,2.693960577442890525e+01
-5.391539718371881840e+00,4.607444871125072439e+01
-8.805432244178165035e+01,3.248603565809577987e+01
-1.472060701152785498e+02,3.453341004638127032e+01
1.377954305220203253e+02,2.503200064123104340e+01
-1.440712789048639877e+02,3.963773155129130998e+01
-1.464356339295819964e+02,3.490584180566786188e+01
7.458476635849072522e+01,3.077168670309871956e+01
2.438763938629258732e+01,2.901152119285049480e+01
1.121590315951769270e+02,2.144433581680210921e+01
1.549121504985344870e+02,1.286441208803883640e+01
-1.598424813173884615e+02,2.359493474842784622e+01
1.717010288341017485e+02,3.687726395297416104e+01
1.739823608854149768e+02,1.660906888308893059e+01
-1.542789551502403640e+02,2.458161849066145521e+01
1.698598927199149387e+02,3.735692397668354658e+01
-1.437973283933461630e+02,3.617210979324914888e+01
1.571050857212917435e+02,2.673863278795368359e+01
-1.682127911626857042e+02,1.920259744187644202e+01
1.755466528293233353e+02,1.502963000997088194e+01
-1.360511703469250904e+02,2.445748524996491824e+01
-1.528555972216599628e+02,1.502101074141944892e+01
1.202364958492441644e+02,2.611656449697175475e+01
3.797547488037272956e+01,3.025597501806426237e+01
7.985957403685875988e+01,1.366622167507556895e+01
9.644180766691579265e+01,2.685633495676029270e+01
5.097583645858524193e+01,2.323049718636451644e+01
6.155166225784697787e+01,2.517815044737071872e+01
8.732880278871135715e+01,2.307380467284674452e+01
1.338564542551826548e+02,2.796465370505191572e+01
-1.579961359278771056e+02,1.524349514767901681e+01
-1.471869530012924372e+02,2.283134664188381180e+01
1.459491221698686729e+02,2.594803066536074709e+01
1.578913827190753238e+02,1.825165119120190838e+01
-1.190875554196704940e+02,3.157589002191561178e+01
-5.082589458374363289e+01,3.959458249848827904e+01
-7.787960862979676335e+01,1.361145462691728802e+01
-5.242793817641170051e+01,2.046477562755971391e+01
-9.220249559654382665e+01,1.964375580793387854e+01
-1.182510337549609716e+02,3.538459792151344629e+01
-1.424005444291231015e+02,3.033390952613493141e+01
-1.465001994121208497e+02,2.791428298392720109e+01
-1.546792696911718110e+02,4.296820379999515183e+01
1.582130783980580588e+02,2.637228139828749107e+01
7.303577767292205181e+01,2.690523082238859942e+01
4.765683432564073740e+01,2.561643679289665698e+01
1.209305204216392440e+02,2.263386938037769625e+01
-1.474181769615243240e+02,1.816105898401234242e+01
1.649522477865321264e+02,3.627616693104108947e+01
-1.671093108679135639e+02,1.556160524300650749e+01
1.768664177759083316e+02,2.694224375046400155e+01
-1.767163015272713835e+02,2.386867565093632848e+01
-1.688102910670993708e+02,1.288946096431988586e+01
-1.797014016406521648e+02,2.410747843376249477e+01
-1.604773850966141424e+02,3.294573700855461595e+01
-1.775396900296751141e+02,3.085729133566040616e+01
1.676303011198790784e+02,2.719634851836636713e+01
-1.635456622458107745e+02,1.936697781041848643e+01
1.784101428451395748e+02,2.696282069207730103e+01
-1.775109539766372109e+02,3.066196424392180830e+01
-1.492876856228783709e+02,3.290639974296097137e+01
1.646897117325815714e+02,3.219199415149650889e+01
1.675044050416285017e+02,1.483089617115242298e+01
-1.527881666565682224e+02,1.973433275130421549e+01
1.438121651144783755e+02,2.573901449173136058e+01
1.508291562564960770e+02,1.575134932109892105e+01
-1.453195061508577055e+02,2.630566745935215778e+01
-1.658197610917173392e+02,2.049260217383429250e+01
1.251360000563132786e+02,4.633967844631987276e+01
1.494241231975716175e+02,3.319862728342236835e+01
-1.447086434555230312e+02,3.318794869978019335e+01
-1.499156837797538628e+02,4.438834466542221691e+01
1.355530218980496500e+02,2.254428987913368587e+01
1.197904245436845230e+02,4.099410444573289425e+01
-1.788788153801045269e+02,2.222917131225636211e+01
-1.336535485340432956e+02,2.932542089242572558e+01
1.768371532836912365e+02,3.527829755716691551e+01
1.626165316145571182e+02,3.497671314823048050e+01
-1.773829609216987251e+02,4.161997914280395605e+01
1.710591761733997203e+02,1.675675870790753308e+01
1.644894897378777046e+02,1.768215530817894177e+01
-1.620645722140349392e+02,2.418105761503094087e+01
1.678152527615444001e+02,2.264237556614009605e+01
-1.723274784806029345e+02,2.238197588938180616e+01
-1.649445304037884341e+02,1.228257160201078158e+01
1.444087501055936400e+02,2.394228023820638640e+01
-1.697121674131450675e+02,1.360931070919048835e+01
-1.194734452003145009e+02,3.903069670444996575e+01
-1.080053209142243560e+02,3.157992359493691126e+01
-5.765986764110870411e+01,3.614131027180999922e+01
-5.542003337594288581e+01,2.720158971169908924e+01
-1.025884652567873587e+02,2.974882597713395427e+01
-1.490184265428619312e+02,2.963560328186634862e+01
-1.696963721327080350e+02,3.028729855811825544e+01
1.654302595435812293e+02,3.685182939264740298e+01
1.487649909918213780e+02,3.849238133147880347e+01
-1.491224497941620655e+02,3.124575043797700857e+01
1.685864013156083558e+02,2.823230670546297461e+01
1.668218613224501325e+02,3.179922338662213832e+01
-1.501021961826722588e+02,3.422257038448459809e+01
1.448635611636621263e+02,2.854388845243875750e+01
1.622174317308999036e+02,2.552660445804721689e+01
-1.465716874581283662e+02,1.858501264977987688e+01
1.724672949193812883e+02,2.089278427231300483e+01
1.572860962657439359e+02,2.115090335504066132e+01
-1.592888090988342071e+02,2.484880924321682727e+01
1.746725053538091572e+02,1.089367917415390963e+01
1.665807338085002129e+02,2.812380919842924243e+01
-1.784042501585795151e+02,1.117466345787286031e+01
-1.780858472120411307e+02,2.601507653950523036e+01
-1.784172714917504550e+02,1.797026195075916633e+01
1.711355748871124547e+02,3.550521123669577150e+01
-1.766808555631407671e+02,2.903273622204048365e+01
-1.683373094787574473e+02,2.830784038671567515e+01
1.674897039670566983e+02,2.526713760530090980e+01
-1.718370939968440325e+02,1.720973431812844368e+01
1.770989357747051258e+02,3.727904168992656508e+01
1.583038934493783358e+02,2.202107139927545632e+01
-1.628993956685707190e+02,3.061348003274281027e+01
1.475257898751581251e+02,2.175832023822290395e+01
-1.689862584150006342e+02,5.141676495768192012e+01
-1.788878211529138582e+02,4.755075910303471431e+01
-1.404810313270752715e+02,4.088863367005102134e+01
-1.758671104715618867e+02,4.214719208530377159e+01
1.678828880879583210e+02,3.906819447478715546e+01
-1.509394701978310991e+02,4.651241701321551858e+01
-1.668535214748078488e+02,4.027295423964066146e+01
1.338732008641242999e+02,4.776018259172111868e+01
1.175108097579147426e+02,4.065968284627588503e+01
7.427628919837647459e+01,2.323989429485857983e+01
5.087832588847960835e+01,3.415224713400891687e+01
9.787179898715849902e+01,5.524248096409891673e+01
1.231389209756594454e+02,3.381791572556996073e+01
1.616710049015927950e+02,4.417584654817706280e+01
-1.670102385566355849e+02,5.132031628642128851e+01
1.437920888594767632e+02,3.761779076045105796e+01
-1.689757027739845796e+02,7.966875389869910862e+01
1.231377613838135829e+02,4.220776895517840899e+01
5.688846593392701578e+01,1.602890498277124820e+01
7.505773431911210025e+01,4.045110737793338984e+01
7.111191595139335675e+01,2.458693119330879284e+01
6.861419046967003510e+01,1.629021744060188936e+01
7.877454133676285153e+01,2.062804993704815715e+01
6.992873657101522156e+01,1.461786479104318026e+01
5.799087974846521121e+01,2.778716324994735487e+01
8.100744971402806982e+01,3.342377122034716308e+01
6.526397895223101386e+01,2.282885043297945771e+01
6.422861556063514854e+01,1.200733875841275378e+01
8.289282664665701361e+01,1.531918684727741997e+01
5.983764122421716536e+01,1.733241084425515055e+01
7.548513619563445332e+01,1.155997995427747327e+01
6.290412401477846061e+01,1.636406250870333068e+01
5.306524670082179540e+01,1.829121588949689681e+01
6.027559089405922066e+01,2.153730525243790339e+01
7.313470957607717082e+01,3.776588765025525873e+01
6.367383354709012622e+01,2.571579837898694265e+01
3.811971880277322100e+01,3.676366287616666284e+01
8.474552713159336292e+01,2.161526667402831947e+01
1.033616360769228777e+02,4.606269624892883030e+01
3.165344824414160385e+01,4.024789774202569248e+01
-1.535545894659209978e+02,2.315974480748105435e+01
1.725510884933898694e+02,2.718139322425838955e+01
1.530768804333861794e+02,3.122100480294928104e+01
-1.573191681883469926e+02,4.361517729340080507e+01
-1.586305093943260545e+02,3.079503448604965854e+01
1.403756859468764446e+02,4.020228795067428962e+01
1.729425090124890119e+02,2.832486793721976426e+01
-1.110243111061688381e+02,4.271556014636144027e+01
-8.317310490937347822e+01,4.248342352199892957e+01
-4.914400360260765410e+01,3.685514405102145474e+01
-7.193943300726424184e+01,3.277284590912680784e+01
-6.161678305201594696e+01,2.409828895952240657e+01
-9.936856087169647367e+01,2.655584418227658006e+01
-1.053242120332796219e+02,3.807764721245114714e+01
-7.356569135710805085e+01,3.094782107364970614e+01
-6.600869061296960183e+01,3.695879265245134349e+01
-7.228939030150547751e+01,3.011392089268563055e+01
-7.954811285982074764e+01,3.792220387905992851e+01
-6.521884252231855328e+01,3.277180063740271976e+01
-4.927420300896324079e+01,3.570021479050456747e+01
1.603851766568819812e+02,2.036786820067328563e+01
-1.553548580760214008e+02,1.856588304376898435e+01
1.522655118705271491e+02,3.972594954606223183e+01
1.747176688108696112e+02,1.286614909653784267e+01
-1.576599785705307397e+02,1.492773249954680992e+01
1.587348104692381980e+02,3.045236593468082020e+01
-1.768709477525454759e+02,3.601972071526024877e+01
-1.568881245576611150e+02,5.188359612772733698e+01
1.550761584032185851e+02,4.839727733811372445e+01
-1.783508942858898649e+02,3.433325061278020485e+01
-1.401583863872398013e+02,5.242956764933246205e+01
-1.620407057340932226e+02,3.849317422750683448e+01
1.636613217294220135e+02,4.156283207752922948e+01
-1.675978028014345966e+02,2.948986148496566173e+01
1.642841424795183514e+02,3.077866600450021295e+01
-1.736093556489453817e+02,1.911003792632920550e+01
1.647079525119150389e+02,1.151808857879033532e+01
-1.780430943996083784e+02,1.020969997629627279e+01
1.709525104357080636e+02,1.446968053169718083e+01
-1.726503774395893629e+02,1.035069466665107640e+01
-1.693621705408142475e+02,1.225094196029852078e+01
1.669638536316814452e+02,9.369309898239915668e+00
-1.561455821935270194e+02,1.800641630849924724e+01
1.788066842283558913e+02,1.013746091903870550e+01
1.666153029144167590e+02,1.899690350758760360e+01
-1.708670886932212341e+02,1.136294144742685219e+01
1.787942924355024559e+02,7.552961204069253753e+00
1.710547843441208329e+02,1.661396633715052218e+01
-1.701231223313412499e+02,6.510914681373402679e+00
-1.777480931729288898e+02,2.016730294927364753e+01
1.775611998567171952e+02,3.090020552264248543e+00
-1.763307359592559180e+02,1.022669253740334838e+01
-1.756574563882133191e+02,1.058482717005856522e+01
-1.754639357805297379e+02,1.287144938653611703e+01
1.693157916972854480e+02,1.320422930481339563e+01
1.498441708637982686e+02,2.629437476704727672e+01
-1.713597524567999812e+02,2.777767387039460090e+01
1.729856463846526822e+02,3.858465669328431602e+01
-1.486904219353965004e+02,3.050141475801252966e+01
1.598808040253073841e+02,3.056620631437304425e+01
1.630617428489961185e+02,3.265462259625971342e+01
1.688270582730702927e+02,5.239769892365639947e+01
-1.671552772564047871e+02,6.407175772920112422e+01
-1.647736209905975784e+02,5.912959691579622046e+01
-1.620818194625308308e+02,4.199381137272128228e+01
1.592578848597104013e+02,4.315932443763208681e+01
-1.740760612270066190e+02,4.006501756511479329e+01
1.790951721501612894e+02,4.917897451278476950e+01
1.671759602941716309e+02,2.960268437462458735e+01
1.754265136197954007e+02,4.297546560438729557e+01
1.613866369551351738e+02,4.454575515116661677e+01
-1.612591443746632933e+02,4.832113741163428244e+01
-1.520723271303641866e+02,3.721202495257453791e+01
1.469353336517329467e+02,4.563839469009318606e+01
-1.647133951067900455e+02,3.872396903947670666e+01
-1.507802015443680261e+02,2.768247985505156805e+01
1.609427472664090146e+02,4.202689978683488192e+01
-1.725534404971321578e+02,3.280094265986723201e+01
-1.492148471795876787e+02,6.421927429409116428e+01
1.609963200548396856e+02,4.646525164753728632e+01
1.669798040261082974e+02,1.252961712734990130e+01
-1.580963742165480994e+02,1.252657057345847846e+01
1.619275196619065014e+02,9.654285081806779800e+00
1.629769905754828585e+02,2.693703228787157400e+01
-1.547035974517947068e+02,1.721542433744820499e+01
-1.792766776830174820e+02,2.527009983319522846e+01
1.674339702893686024e+02,1.656430521910300158e+01
-1.699783095395227690e+02,2.472812899226900640e+01
1.603209427536738758e+02,1.761542439269687321e+01
-1.559967853074429343e+02,2.572959688177213167e+01
1.659684765847092081e+02,2.468876617857039335e+01
-1.337077186962415567e+02,3.767380026673767190e+01
-1.725418307657369894e+02,1.352997815736987519e+01
1.353929103466617505e+02,1.958633208005938187e+01
-1.756085329090330447e+02,1.947376974306441966e+01
1.688913722734509122e+02,2.086064778754256466e+01
-1.561386047040872427e+02,3.299629689113258024e+01
-1.758438543313087905e+02,1.955476688299171428e+01
1.541558505621570987e+02,1.270554605744544041e+01
-1.682241357284861749e+02,1.155150883769108816e+01
-1.277912802345507828e+02,5.079941055812444972e+01
1.473451436573931232e+02,5.727594581374262361e+01
-1.582859663763341871e+02,2.513455807163558475e+01
-1.795131168197418674e+02,2.512350224893803130e+01
-1.785790011519204654e+02,1.017182432451884644e+01
-1.799523405432045706e+02,3.955076044630588683e+01
1.774184914964290556e+02,3.413085443699243626e+01
1.795634012735564795e+02,2.779746047756643534e+01
-1.775918318960534350e+02,2.659888975618320472e+01
-1.738306751301626036e+02,2.437372166824649611e+01
-1.795220711658647019e+02,1.369961107765529107e+01
-1.716254573680291742e+02,6.550810010551017193e+00
1.560243387023886896e+02,1.008097360694500821e+01
1.682579774093006222e+02,1.129507824258393889e+01
-1.328001638814851901e+02,1.901273440564049011e+01
1.647299785273732766e+02,6.983879744362139874e+00
1.620748685019852360e+02,1.614096175592512239e+01
-1.660908498823619368e+02,1.326246811773769174e+01
1.739411920725180210e+02,1.291151255508227891e+01
-1.792308811864569691e+02,3.642192330622338048e+00
1.775141815539294612e+02,1.158946862307476167e+01
-1.615101526768662552e+02,1.095105850466933362e+01
1.520002817999425702e+02,2.144604586453721851e+01
1.320065970970067610e+02,4.532164246851986178e+01
-1.512038647476475717e+02,2.624926528132567682e+01
-4.342414441648406864e+01,2.641730926706505045e+01
-5.188092506816731486e+01,1.786393816827215275e+01
-1.108042217333192951e+02,2.818707197096240336e+01
-8.437159305981866453e+01,2.452014148802756210e+01
7.632477362879525629e+01,2.829023375188435097e+01
9.310493934529527849e+01,3.300862996407732197e+01
-5.827225809407423185e+01,2.710812009413864487e+01
-9.098635808403305703e+01,1.918175621215613447e+01
-2.810409415093208096e+01,1.886660077027949711e+01
-4.136512416609603804e+01,2.063659222743931210e+01
-8.409952359217913909e+01,2.313153731937990898e+01
-4.421416834185454547e+01,3.179226708074182284e+01
-9.030359212250853318e+01,2.837664031227503258e+01
-5.893872787311979522e+01,1.644202241258550856e+01
-6.959712907802179416e+01,1.515874057762988691e+01
4.980554271244201203e+01,9.645807966485570262e+00
5.119782552655586727e+01,1.441308139964928259e+01
5.529479352952363769e+01,9.192575498466155182e+00
7.329868932326756692e+01,1.475305530135605636e+01
4.454228149075964183e+01,1.756867875972641357e+01
8.237554195231268750e+01,1.137888528797862620e+01
7.431334637924359754e+01,1.123419645260345590e+01
5.372275181162528668e+01,8.526433171340762840e+00
8.318202693079760479e+01,1.199669165253568437e+01
4.214908386941552010e+01,1.219767451336551822e+01
6.929110899831051995e+01,1.008996495004572935e+01
8.508552626134267882e+01,2.024724910223668672e+01
-4.006238813550781686e+01,2.043073513830907473e+01
-1.343907425924479071e+02,3.632174442867616904e+01
1.641742553155068265e+02,3.059223031620847877e+01
1.681082720212951074e+02,1.849658369277890557e+01
-1.643207926105786214e+02,1.649439427454605323e+01
1.617770258712585303e+02,1.554772870729588163e+01
-1.596517355327279688e+02,1.779862480746779596e+01
1.769829985125212772e+02,4.107223927336597136e+00
1.585518328959132646e+02,2.548999670241871485e+01
-1.549652314133057871e+02,3.698159202695218539e+01
-1.615536698745318915e+02,1.811529425743735189e+01
1.620258105104965693e+02,2.632017834381538535e+01
-1.654077461048482860e+02,1.606462719830655317e+01
-1.794263502961865697e+02,2.062827642356796076e+01
1.695118990745884844e+02,3.562762169452017957e+01
-1.670587898528822279e+02,3.807375083335989530e+01
1.713460242485716662e+02,2.904695768929294530e+01
-1.699696467060902307e+02,1.332329061117139801e+01
-1.766675058493303254e+02,2.060751347271736478e+01
-1.776959281424065011e+02,3.202834536727984727e+01
-1.573147699479550852e+02,5.008708346879389239e+01
1.730547915880642051e+02,2.982670065072042576e+01
1.684407395255464337e+02,3.303718014729447106e+01
-1.543548511993387535e+02,3.288394892577991158e+01
1.537285240122977257e+02,1.941842469650471514e+01
1.787650531581602422e+02,2.099322329792683561e+01
-1.629995603605023575e+02,3.117717839976742056e+01
1.601605349327219301e+02,3.457370009113405729e+01
1.666037769248780478e+02,2.891743570011290387e+01
-1.735738450690779757e+02,1.332190893859458924e+01
1.744112230549638412e+02,2.574012626254530645e+01
-1.741884871167833921e+02,2.440404550111782100e+01
1.612211916645256338e+02,1.708637066379708003e+01
-1.618666498579849815e+02,1.769863751422778364e+01
1.586486354364630813e+02,2.345529631560789952e+01
1.682706028836434484e+02,3.326228570087133107e+01
-1.659459107042407027e+02,3.083472003165548614e+01
1.742985720147395909e+02,2.424978687787822551e+01
1.798927934071368213e+02,2.799204898301681865e+01
1.706822923717425340e+02,1.593051286640068298e+01
-1.632264638167584963e+02,3.277680859672820901e+01
1.655123827093272553e+02,1.976553491321644884e+01
-1.709954754619475352e+02,1.318107274579422672e+01
1.757311248346580044e+02,1.267336718647931626e+01
1.773765152756937198e+02,2.387228423950013578e+01
-1.782348873514814613e+02,3.875964937826498158e+01
1.709031628088944501e+02,4.239518339975799677e+01
-1.699971727667854111e+02,2.104731253675472047e+01
7.684173024754291248e+01,2.073469584442111113e+01
6.173262689925255131e+01,7.414593095520761068e+00
7.330592876957935289e+01,1.886805428890456682e+01
5.576128962154107427e+01,1.394199972243366759e+01
5.114659606700432448e+01,1.862236742748881468e+01
7.155304395947968032e+01,1.723268828408813391e+01
6.276331147629254303e+01,1.561184142942961017e+01
8.099480631771120898e+01,1.911766805201585129e+01
6.345188037986251572e+01,1.337186711855084553e+01
6.517122351877290498e+01,2.050310950603839544e+01
8.304519661634921590e+01,1.486918249579865758e+01
4.013806495611417091e+01,3.147573842330447746e+01
7.482495790449141282e+01,3.353596640855562327e+01
9.289855614800883643e+01,3.342118911558640093e+01
3.565787861015785154e+01,4.138372417996139063e+01
-7.106365735820929785e+01,2.799442774537420320e+01
-1.107333053364205995e+02,4.698366827315170013e+01
-7.115616660894006884e+01,3.646556450230886526e+01
-4.524662368036889148e+01,3.006610084984285791e+01
-1.012095814571858625e+02,3.890345396913998144e+01
5.380839490190608387e+01,1.819699188580491978e+01
5.955613719889503699e+01,1.042744537017083317e+01
3.107525527756230943e+01,2.239835719807672731e+01
5.247185126893439389e+01,8.867860851585659177e+00
6.480162118672231486e+01,1.939752912096032844e+01
4.428021467275171119e+01,1.792493538378154838e+01
8.409857697414243205e+01,3.323849949445281027e+01
7.607019529112484690e+01,1.987905250621476583e+01
5.594146881359566947e+01,1.715044129563529651e+01
7.690580180442466940e+01,2.106203576208728734e+01
5.734763645487338835e+01,1.365447665766501295e+01
5.011222798873003370e+01,3.157635594260316481e+01
8.084236336749471263e+01,1.783483603616449997e+01
4.572689724090307095e+01,1.034831491253414271e+01
8.219405877477743161e+01,2.755060020081854333e+01
6.086735133366049411e+01,1.693320397015327927e+01
5.767820772895488801e+01,2.132898653981884962e+01
7.628059078201992804e+01,1.248540153784537132e+01
7.484509852053244572e+01,1.942023310722006357e+01
6.616570806538555871e+01,2.399700144154669701e+01
6.057147683706027408e+01,2.112559311107941440e+01
8.049255829265136697e+01,2.213913449660530830e+01
9.342825377472539117e+01,2.170202209833493256e+01
4.980625661670305959e+01,1.640867889348010422e+01
7.772101341698191845e+01,1.491303560324690025e+01
5.497404850055738024e+01,1.902897460313483435e+01
5.538829098348367097e+01,2.784673082486499851e+01
1.021855381820310100e+02,3.735442727494258719e+01
6.167968736116250739e+01,3.752259855060528082e+01
6.635712065274114480e+01,2.261281868491789737e+01
1.158490617411303560e+02,3.514523776718365866e+01
-1.696480462802643672e+02,1.791118470464624224e+01
-1.780050139877515107e+02,1.613828808459373221e+01
1.651435093717268217e+02,3.277687132476874154e+01
1.794576516223531542e+02,2.672616476734275182e+01
-1.694164447026498124e+02,2.116923951445068752e+01
-1.699473724861658752e+02,2.965513387638456777e+01
1.702664763975785149e+02,2.278881506653178235e+01
1.797738211504725427e+02,2.076769979501469976e+01
-1.705184419561365701e+02,1.459759240453502294e+01
-1.786025723709672377e+02,1.275842243784930474e+01
-1.697866783730297584e+02,1.066154761637897863e+01
1.755386026914169975e+02,1.645856137661599661e+01
1.708511309841572654e+02,1.299744676621793715e+01
-1.625564294766459170e+02,1.490330161747027304e+01
1.763770915948518905e+02,1.089970071196365708e+01
1.634324895722998576e+02,2.273343709661393319e+01
-1.768487561551907845e+02,2.195694718578481996e+01
1.726438069107477702e+02,2.429203920158206742e+01
-1.777748277310474521e+02,1.768463850457925801e+01
-1.669984951958432760e+02,2.084923695082535744e+01
1.697927466669462433e+02,2.780900658589060725e+01
1.742644366147613368e+02,2.953717599484346579e+01
-1.590550907182598337e+02,2.363990537029153316e+01
1.738604463682557366e+02,3.282788313669426827e+01
1.591741883094555021e+02,2.333422973176999093e+01
-1.641520417306797981e+02,2.714112500708555231e+01
-1.756022213251135611e+02,1.124083716233752739e+01
1.700212114573193389e+02,1.594575070660578575e+01
-1.670828179385731573e+02,1.591745802530640930e+01
1.991169344127648699e+01,3.055087667560098197e+01
9.693089369335145022e+01,1.717415121250245846e+01
4.724213867494041352e+01,1.195523098373215731e+01
3.707018659768704083e+01,3.168023082957640213e+01
8.602604106237198778e+01,1.777103017462603418e+01
8.479282136080519194e+01,3.434037858177285329e+01
2.264388455579079817e+01,2.472532205442762887e+01
6.479297388609411712e+01,2.776412839777196240e+01
6.608815548290411357e+01,2.143638977009412372e+01
5.715433491252385778e+01,2.880822329987968544e+01
9.160238643818716753e+01,4.436981080755766271e+01
5.467973830268422830e+01,2.507825435909807865e+01
7.371915484592547330e+01,5.301931590651961557e+01
7.821084546392886239e+01,3.613521243840929742e+01
5.201294003894170004e+01,3.223080325317398120e+01
6.726608180454913111e+01,1.165547438863308471e+01
3.908569904831940534e+01,1.637963846558298187e+01
4.956732471653612038e+01,1.142094102039075310e+01
1.038894328329881205e+02,2.575002240653846997e+01
5.092848343292222779e+01,1.695260869053468866e+01
1.714381595326217678e+02,6.428434447733851087e+00
-1.308682203897477905e+02,3.363802462477622157e+01
1.702604166605978264e+02,2.819066015200265696e+01
1.619860157864044083e+02,4.558646063986007135e+01
-1.685242934932415153e+02,2.826839618464623527e+01
-1.649410342223987413e+02,2.397611948475184818e+01
1.736534430858503981e+02,1.812936480040107057e+01
1.533217433310568936e+02,3.367322140811386078e+01
1.221075814834212707e+02,2.811374022135066397e+01
9.749205149774023482e+01,2.671505156873950426e+01
5.730431083536019798e+01,3.155375198837028705e+01
7.102447617544908098e+01,1.357141162992418870e+01
1.041624233708501492e+02,3.755947228908959801e+01
7.985746899087672546e+01,4.013207960305086885e+01
3.837726779598217774e+01,3.658650636635394449e+01
1.064920140775106745e+02,3.727180044365599088e+01
1.582365193498902443e+02,2.827319042690607631e+01
-9.816581916787966122e+01,4.001054490901721294e+01
-4.954265338610082559e+00,3.652045310660216870e+01
3.550832494216888335e+01,2.882600388593113649e+01
1.706665689282876031e+02,8.580801334592408125e+00
-1.744204550965183955e+02,2.845457093276503358e+01
-1.737139484590610721e+02,7.548284180735516102e+00
1.573878378341013047e+02,2.378996918196107657e+01
-1.766186882498778061e+02,7.918275956038876018e+00
-1.570303939990248239e+02,2.244235971132622609e+01
1.667675594503393484e+02,1.612928501986652918e+01
-1.730394762296906777e+02,5.145278986557688228e+00
-1.690663445672333580e+02,1.513097580660198460e+01
-1.782211591069695089e+02,1.091660982065237562e+01
-1.772688291061039934e+02,1.809713758392271998e+01
-1.763327676298605411e+02,9.279161605504246069e+00
1.747602237078863254e+02,9.109278932988733146e+00
-1.693040887365014555e+02,1.599313341609280315e+01
1.758589967458642036e+02,1.530496254343449003e+01
1.785172358630350118e+02,1.464318956944417138e+01
-1.690909444323272055e+02,1.185074067775434514e+01
1.715026295037941111e+02,1.801563455119769230e+01
-1.688858712759190723e+02,1.214590156913012819e+01
1.684738393697258232e+02,1.534759654393281991e+01
7.557808399799968413e+01,3.032302971521387747e+01
4.628207084980112995e+01,4.382458042195220571e+01
9.928514294788485017e+01,1.965316299432009828e+01
9.121314219364847986e+01,4.936867028007376490e+01
2.617794563260287788e+01,2.639347918712060803e+01
6.627019274257132508e+01,3.038890598321863479e+01
1.638458851711834825e+02,1.773824787679344439e+01
1.786366743291106332e+02,1.654410984542898433e+01
-1.478029929019839699e+02,3.532178694216040071e+01
-1.561558173789066473e+02,1.334972866702985783e+01
1.752129933699838205e+02,2.765080254066881338e+01
1.705859497179696689e+02,8.824499913979400034e+00
-1.702861728868519720e+02,2.227693945233283301e+01
-1.638658942392210065e+02,2.228942177994249363e+01
-1.616988204615604161e+02,1.060148968374775080e+01
1.506443538603999741e+02,2.456783590898628944e+01
1.436042977758496590e+02,1.478169416231281907e+01
-1.518879774192037644e+02,4.164674032753458732e+01
-1.188243528301515397e+02,3.091072477469433721e+01
-6.042907175722261570e+01,2.653733819287967322e+01
-1.477834626656974422e+02,2.518083239321457611e+01
1.627892634995572223e+02,2.935792584271289485e+01
1.737157510706412040e+02,1.477002322740766616e+01
1.753388317242035725e+02,2.265587969863186402e+01
1.616103256742536587e+02,3.233456157288171795e+01
-1.755250627984972880e+02,3.375455225865978548e+01
-1.740347441689700929e+02,2.162905857802049070e+01
1.766316886893789331e+02,3.215989634925156793e+01
-1.794161954351678787e+02,1.953187477318343213e+01
1.660694448460324963e+02,2.576562249590820386e+01
1.746054481097451685e+02,4.142541119103186276e+01
-1.537204038710167140e+02,2.990354667235645181e+01
1.754507416802671287e+02,5.156808742306277082e+01
-1.707539210814047692e+02,4.022459244678118040e+01
1.763400793297271321e+02,6.042418629251346118e+01
1.520252345918398760e+02,3.634221771520468280e+01
1.725940687168086356e+02,2.441084683591622095e+01
-1.316899987438511062e+02,2.821543001621648727e+01
-1.662859663751722792e+02,3.245693765058868507e+01
1.443173150340843733e+02,2.419818274402668834e+01
7.410626520403502582e+01,2.364153193685584142e+01
1.247343102443292366e+02,2.749173260082872972e+01
-1.516611180606672633e+02,4.382245752342997491e+01
1.567834367822792387e+02,2.917525035314082515e+01
-1.540023622094578570e+02,3.040092967570105031e+01
1.706822359685755544e+02,2.546011964633481028e+01
-1.690005906454013314e+02,1.391780015251825198e+01
-1.475991797292249714e+02,1.792483701747882208e+01
1.477992689395676962e+02,3.422103822122055305e+01
1.675776384625523860e+02,5.283214914533778739e+01
-1.749098021844441178e+02,3.062546907531699603e+01
-1.592346148944118909e+02,3.698681946631671025e+01
1.398717630888475867e+02,3.641114921768814838e+01
1.462818304526214206e+02,2.823273604097907352e+01
-1.525955376930642728e+02,2.161615593318358819e+01
1.630613615535971803e+02,2.499472761730696746e+01
1.690382570079566449e+02,2.271544413348017244e+01
-1.643534322934200986e+02,3.221030228662240802e+01
1.529252929807519763e+02,2.863568602139496377e+01
-1.618331444107174377e+02,2.247259399979059324e+01
-1.657094999213171889e+02,2.358394457007850775e+01
1.572403159185248569e+02,1.845739987892768141e+01
1.610300265095725649e+02,2.144914411636894158e+01
-1.573610795295008700e+02,2.650387569613872074e+01
-1.795771044446260305e+02,1.780528635125552128e+01
1.614361506727482833e+02,1.511220673637000189e+01
1.698527851210069741e+02,3.114937588921306499e+01
1.753507534300354394e+02,2.804640212181038095e+01
1.670173881382899026e+02,3.531729730244952492e+01
-1.779618628378578364e+02,3.987819648735500522e+01
1.670706636423784914e+02,4.313287540572498813e+01
-1.772891819777393323e+02,3.090387262813629121e+01
1.643025870585073847e+02,2.528625087828109486e+01
1.708668976565842570e+02,3.542837457611288698e+01
-1.639883503123008097e+02,3.631099367225759522e+01
1.453767909979143553e+02,5.176457049013541223e+01
1.324238908779092867e+02,3.219999184879070242e+01
1.648420000400449794e+02,3.111961108535977871e+01
-1.375852472237363315e+02,3.231488668767670447e+01
-1.773606192700880229e+02,2.526838435033893759e+01
1.759041365038901290e+02,1.107100906329566570e+01
-1.788824420886113273e+02,1.841032996079638906e+01
-1.528699133173180371e+02,2.041667185193921341e+01
1.647119980235308105e+02,2.211375560970490994e+01
-1.756071210649001841e+02,1.774701548739252388e+01
-1.722141409063386561e+02,1.959233832488719429e+01
1.588232939838201503e+02,2.218930960684802045e+01
-1.776749943632185307e+02,2.180930517949528991e+01
1.778776067951934294e+02,2.153390024744226494e+01
1.744067794312891806e+02,1.969591204499873527e+01
-1.621694330480002577e+02,1.345272476505794401e+01
1.653097817321367700e+02,2.255080222016286129e+01
-1.789338129047054338e+02,1.868362149248716264e+01
-1.726230153890085148e+02,2.770479238665989996e+01
-1.662036667478824370e+02,1.946821862462882535e+01
-1.644999892558248860e+02,1.646487241794215350e+01
1.650312993655308844e+02,1.849825714107835140e+01
-1.469819635649728866e+02,4.880581684347417593e+01
-1.645111455727700047e+02,1.143262928852066196e+01
1.526813200928249046e+02,3.565829078764051019e+01
-1.503796960200257899e+02,4.360618248625181792e+01
-1.785487338613611712e+02,1.598913259204363868e+01
-1.663738147913428804e+02,4.431751472082248711e+01
1.595737762908072455e+02,1.779542646695219688e+01
-1.744129643317773173e+02,1.916192040175800315e+01
1.640084855714577827e+02,1.160808701729927961e+01
-1.656640869881131266e+02,1.836709567305694435e+01
-1.694615968726658934e+02,2.437197261825385652e+01
1.520661881249749570e+02,2.928901035734195091e+01
1.793158171903367588e+02,2.467279606933690062e+01
-1.682239160491406835e+02,2.085387273118179507e+01
-1.618908098565471221e+02,1.698213541618625300e+01
1.646220832746357416e+02,2.734983143198261502e+01
1.710564929938099681e+02,2.486162442765960634e+01
-1.580937185387919612e+02,1.963412100706721120e+01
-1.689782617740015951e+02,1.359231722395033515e+01
8.434873746581820342e+01,2.541019093492656111e+01
3.307967440794504910e+01,4.266195843675589572e+01
8.384674885916109588e+01,2.499680733239650010e+01
5.884099745100419199e+01,3.643089774991975105e+01
1.671433847078039889e+02,2.117916129212402510e+01
1.631947458236359978e+02,2.321008528257985049e+01
-1.758440546938521720e+02,2.446760104727843910e+01
1.549088420293703336e+02,3.596164251719365268e+01
-1.793306283199906659e+02,2.799536783080227309e+01
-1.597855886206911293e+02,3.022801570287802519e+01
1.408948750808932004e+02,4.385770548690404524e+01
-1.732219006208380279e+02,2.758995224080763364e+01
-1.355809258320111326e+02,3.681808850593287730e+01
1.770390871357234630e+02,4.024490959917408617e+01
-1.691167747692271064e+02,4.967650794100693190e+01
1.775824956246330544e+02,1.714048690895810267e+01
-1.719106405215069913e+02,1.351553374229843207e+01
-1.735566368229391685e+02,3.337674250061641601e+01
-1.565542463599816188e+02,3.164962362691088771e+01
1.703565299674381492e+02,1.445483820142211684e+01
1.609627882827955148e+02,2.547997174263410614e+01
-1.674133529852016409e+02,2.137759952986299794e+01
-1.748622456626057158e+02,2.345282301182085405e+01
1.435754194994041484e+02,1.722880135373000243e+01
-1.614535028282595022e+02,1.283638469173229524e+01
-1.749221181096877444e+02,2.367783566445535826e+01
-1.673542138060431910e+02,3.142944886145942363e+01
1.633922399882339676e+02,1.437427457001431108e+01
-1.629881405183337506e+02,2.760312305279704503e+01
-1.658236403095528999e+02,2.534748176417574683e+01
-1.774192975545956301e+02,2.886441225438469260e+01
1.635193502589054901e+02,1.702546405131205276e+01
-1.774048085342022603e+02,1.803426606161784207e+01
-1.604499378148127278e+02,1.743320886290473481e+01
-1.789531745566901293e+02,2.074112477471806670e+01
1.711233331807083289e+02,1.906443425118952462e+01
-1.696671505680469352e+02,1.941253860411035959e+01
-1.698550638299231821e+02,2.307572787693192140e+01
1.555625642453128137e+02,1.909186154565791682e+01
-1.644916858513064994e+02,1.508307647508265426e+01
-1.765780486427081541e+02,1.410376585788493031e+01
1.665719395924563457e+02,1.615722171427925957e+01
-1.663359121125150750e+02,1.504794770674491922e+01
-1.622747555683485245e+02,2.171288748828449400e+01
1.652291315537271430e+02,2.277433890455611731e+01
-1.758600068395451501e+02,1.645445889115465476e+01
-1.592426714350800410e+02,1.180614511889739227e+01
1.565467093528761211e+02,2.034546061833594877e+01
-1.655610781851040088e+02,2.247550574830825454e+01
-1.264067430119357027e+02,3.164507678418403458e+01
-9.768114384575473252e+01,3.143737082167356789e+01
-9.167031065923924871e+01,2.999203590413313236e+01
-5.271392596349616610e+01,2.398978635028389661e+01
-6.135142728001223844e+01,2.723197181764299302e+01
-1.071978060738617415e+02,3.106652958697821987e+01
-1.330758148332278950e+02,3.213514657226988191e+01
1.542642662293247895e+02,2.277486366313778277e+01
1.367451252719343131e+02,3.311335925581660433e+01
-1.539480570766274923e+02,3.789303283047642879e+01
1.758032406793263362e+02,1.553277028643594804e+01
1.537154387626880521e+02,2.548521562046618527e+01
-1.618076289114874555e+02,2.190364521605062009e+01
-1.617837429506236617e+02,3.865708393289695266e+01
1.461461379194654739e+02,2.197939182569599126e+01
5.345861963179896748e+01,2.378358114908431986e+01
8.317994558454631715e+01,2.397784659694869447e+01
1.639616594108307481e+02,1.660946619076404573e+01
-1.081892512716109422e+02,2.915866532323902049e+01
-9.024608809220373473e+01,2.204747747061123420e+01
-1.147085580268910121e+02,4.332678527559281179e+01
-1.016610520889923492e+02,3.465211020315436485e+01
-6.614318424013572439e+01,2.566182284331083707e+01
-3.948409098447557852e+01,2.069382992283885869e+01
-9.705263712921374974e+01,2.174811547265794331e+01
-4.615571267539571920e+01,1.919090797723673347e+01
-4.670354792376273423e+01,2.014247737286721218e+01
-9.074033436015561449e+01,2.624043337275397647e+01
-3.912034694226090181e+01,2.179397971089868946e+01
-6.474592184730757083e+01,1.935668787708574001e+01
-5.854933617596898898e+01,1.228086578589013911e+01
-4.246463583091094307e+01,1.133184098827196884e+01
-1.030444554756368234e+02,2.522011196114661047e+01
-5.838178915535792868e+01,2.273085709090101503e+01
-5.045837375619137077e+01,4.327581715863649947e+01
1.510535681115315469e+02,5.170275412618427424e+01
-1.736329814400376961e+02,4.068794926392308042e+01
-1.391014393925476327e+02,3.882784640518687524e+01
1.738605367485165800e+02,2.471226291042011169e+01
1.621683891838524119e+02,3.029673334056768041e+01
-1.485067132543012747e+02,2.246630123267816259e+01
-1.635742052772871205e+02,2.402952470011542374e+01
1.437122569962438661e+02,3.888141810739472248e+01
9.063928124901764249e+01,4.010525130384089465e+01
5.176547832959222006e+01,2.502635356511624565e+01
9.720449575153132571e+01,4.617331261443236201e+01
5.587216926177345044e+01,2.709963408283039854e+01
5.266507426153999916e+01,2.673930503066809905e+01
1.021703257876392570e+02,2.683297985088278637e+01
7.764300041632529314e+01,2.474185906328677476e+01
3.708292823220397594e+01,3.966462256078401083e+01
1.141475454551894018e+02,2.853606176788353110e+01
-1.785199073724515131e+02,3.096481122568640387e+01
-6.358375671845799815e+01,4.305927498565682754e+01
-6.278875318823935459e+01,4.153391381378038716e+01
-6.737540510438481078e+01,2.858924102161940439e+01
-8.456707066934436057e+01,2.189784514374654023e+01
-8.182905591008611168e+01,2.110046826113449825e+01
-4.802328743157080737e+01,1.935331090968469070e+01
-6.508972370072567060e+01,4.075092814418879072e+01
-4.071303884011232554e+01,2.010100246753198405e+01
-6.306134719068150929e+01,1.676861390468511459e+01
-5.898126394302826014e+01,1.189833364040000774e+01
-5.581205791179903031e+01,3.390785115324946730e+01
-7.481609183145201314e+01,5.152595527849592827e+01
-7.156461207749380549e+01,5.554312476486808237e+01
-7.346064654097757796e+01,4.931555820745590779e+01
-8.394975256666563723e+01,2.583101550658684786e+01
-6.891281658354957074e+01,2.260379507156551426e+01
-7.070182624289427054e+01,3.226154896273823880e+01
-6.410156368351356093e+01,4.060265108934470391e+01
-4.328795009329013510e+01,3.637636401634890149e+01
-5.996300075259005524e+01,2.189022896343587021e+01
-8.869467647235403263e+01,2.568871932188246632e+01
-2.935333393072044217e+01,2.554439753777704070e+01
-1.597883982312268074e+02,1.609417553266446177e+01
1.670601150589466499e+02,1.145507876993546681e+01
1.632110980472443202e+02,1.680025167960360477e+01
-1.683541530774744217e+02,1.292467572778843810e+01
-1.637557981316693940e+02,7.632342896596293613e+00
1.659888715659992329e+02,2.892284420684365287e+01
1.623343297726062815e+02,2.778507779824673918e+01
-1.379446952965280673e+02,3.589347393632549199e+01
1.617229761661367888e+02,1.182391586255377192e+01
-1.775202808201209734e+02,2.710091655076971762e+01
-1.305097883146853803e+02,1.894804430609536183e+01
-1.660713381188304538e+02,3.003072997861995574e+01
1.392625505447961984e+02,3.387341380472447838e+01
1.718613538710427520e+02,1.339948542584788882e+01
-1.481212542502214831e+02,1.432491968482879585e+01
-1.781929088735266191e+02,1.372262841359914987e+01
1.636407048175682348e+02,3.975052995050565130e+01
-1.762903638073280774e+02,2.196768114985442111e+01
-1.479130053064123445e+02,2.623940509530454435e+01
1.667058088622757452e+02,3.022804730013486108e+01
7.268183060432251352e+01,1.330587872330093901e+01
4.586144138853702401e+01,2.311880580472067237e+01
9.309058736631629927e+01,2.950412605948006473e+01
6.262202844428247772e+01,1.261460216620915986e+01
5.483062579299544126e+01,2.436480682240893003e+01
6.110498737304097716e+01,1.658139906804595753e+01
9.731338758864968952e+01,2.560234471259097688e+01
6.626013714046811742e+01,1.566797353032028894e+01
6.060862502890822867e+01,1.818183913918930372e+01
7.071987859550559108e+01,1.306600669682605265e+01
7.757623678647308907e+01,1.860483999580589654e+01
5.594752893181930631e+01,1.865765816359430573e+01
6.673501216828914551e+01,1.669875373665192342e+01
7.542277376008944145e+01,2.936627237438649018e+01
5.237285435043289539e+01,2.972307451107320020e+01
1.069941556074423801e+02,2.747785295814979989e+01
7.455532795642911026e+01,2.982767996244163200e+01
3.327129825931498885e+01,2.212558874808267362e+01
8.672870082763108712e+01,4.091399900719034832e+01
4.167326347749321513e+01,3.628226324997469732e+01
-7.333617452870096542e+01,2.035404484365352928e+01
-5.791291216261311092e+01,2.669164059535151523e+01
-6.416120127459544165e+01,3.831586584981256749e+01
-8.885944221710747115e+01,2.120438824864596938e+01
-3.397771077628630110e+01,3.324944234719204417e+01
-7.596230282562163438e+01,3.775386423287998383e+01
-8.424324169378182603e+01,3.200382711730844676e+01
-4.561846189686519892e+01,5.023841102949039339e+01
-6.289470478372611950e+01,3.454952545284194798e+01
-1.227149266401907681e+02,4.139175815738334308e+01
1.420508050664626012e+02,5.359010151561647461e+01
8.596829455390451358e+01,2.917008410176866562e+01
3.971307893140664902e+01,4.749747194603057210e+01
8.024061953272536130e+01,2.990118826176135869e+01
4.391283498468422408e+01,3.087592910961138415e+01
9.111117851917721566e+01,2.510661449032967241e+01
1.149142577681391231e+01,3.591839512844761373e+01
5.552189503718156516e+01,1.915035114872784661e+01
1.405312428237818665e+02,1.654989899924375862e+01
-1.307502396735379193e+02,4.056593787743642565e+01
-6.255347541043997239e+01,2.245372637435558261e+01
-9.360376284118382273e+01,3.100473693916618600e+01
1.768854824506455259e+02,2.858536128353286898e+01
7.347980565695721111e+01,1.482014079554073582e+01
4.822826823592219370e+01,2.854741026021864769e+01
1.171100247136168662e+02,4.561738888158666327e+01
-1.538163843585486745e+02,3.426371350419655215e+01
1.779008578136792380e+02,1.842263394643854113e+01
1.490952450540630707e+02,2.127901406610815016e+01
-1.661556844777626338e+02,2.252849140061501743e+01
-1.665608478543151421e+02,2.642594070448073751e+01
1.586121313973238500e+02,1.610094949341347004e+01
-1.611935570993044564e+02,2.940673785185173728e+01
1.609951307268325991e+02,1.770921776774383360e+01
-9.972077473145559168e+01,2.849636181176745708e+01
-4.802058442212130274e+01,4.240356111820473473e+01
-9.116725512155402100e+01,2.244810699397616460e+01
-1.718213318861309631e+02,1.777615756902714139e+01
9.016282421462909724e+01,1.644934398877380133e+01
1.434644986745340134e+01,2.888858259711130927e+01
-1.770385257589395849e+02,1.702725622080215118e+01
-1.771276828961393335e+02,2.739943911142579225e+01
-1.774452935290822211e+02,2.722837935151660460e+01
1.439177925102375752e+02,3.315884469785745381e+01
-1.624006893336827773e+02,3.889825734176972816e+01
1.508131927338560274e+02,2.580705432404251809e+01
1.712644353227817078e+02,1.914391587461095412e+01
-1.543647128417310626e+02,2.346931438986434770e+01
1.485101425968070430e+02,3.021567290027363129e+01
-1.460234969995306074e+02,2.793322514673793933e+01
-7.820035446500322962e+01,2.647256178553523398e+01
-2.492794070919842042e+01,2.271073430997072862e+01
-8.468367409869169649e+01,2.474290049546601367e+01
-4.430405269745559593e+01,1.215910843074114922e+01
-5.052167073751801496e+01,1.197039912691520058e+01
-1.038385376528223958e+02,3.269736036343949337e+01
-5.317082396217707441e+01,2.308099800605967999e+01
-5.771537533101380291e+01,2.738022554364452077e+01
-1.299275977543472607e+02,2.433644262049236318e+01
1.501858927533113501e+02,2.548279393273081439e+01
-1.753465085172061038e+02,1.698909984815087881e+01
1.732396359065670595e+02,1.139687060852901013e+01
1.729123089887362710e+02,5.049096542712216085e+00
-1.725612996837885191e+02,1.490790696807544080e+01
-1.772011053519503889e+02,2.828251559007430416e+01
1.595655971917052227e+02,1.948860772669241825e+01
-1.680445582573172771e+02,1.134383699965573378e+01
1.685262062313331910e+02,1.011342455260769313e+01
-1.698039870476961823e+02,1.264343135276068963e+01
1.612559825172693593e+02,7.106220964024298148e+00
-1.720440636511513617e+02,8.675489019309386762e+00
-1.799460424651881851e+02,5.184359889958204626e+00
-1.783747025066249989e+02,2.281656173215511529e+01
1.682171788768202703e+02,1.754389498465438990e+01
-1.659807580047193198e+02,2.419167874987148537e+01
-1.787413938297062828e+02,1.881712426533684379e+01
1.670152375139714991e+02,2.816030116372640890e+01
-1.703737892666553364e+02,1.962053710247853644e+01
-1.779245732325120173e+02,1.845389777153007316e+01
1.780206538260244713e+02,1.866499893631975482e+01
1.664224423431583944e+02,2.856699164328021823e+01
-1.566935473678650794e+02,3.615895027025288044e+01
-1.768161986522808888e+02,3.631488094381972331e+01
1.150807877466582170e+02,5.495371928451125143e+01
5.838901438796712995e+01,5.778892726707347549e+01
9.299000854260043525e+01,4.699829924630097366e+01
1.319952670235023504e+02,4.370613310382269390e+01
-1.658862384417712406e+02,2.937070396436529407e+01
-1.453842092266676786e+02,4.527592801985410631e+01
1.495566137463069367e+02,4.448253746119743113e+01
1.698835748102807770e+02,1.085039992300349709e+01
-1.423618084751843185e+02,3.081481885554531175e+01
1.637557515479116717e+02,9.673211643678403249e+00
1.786939370828777669e+02,2.867319032708633131e+01
-1.642132880870308895e+02,1.407776127699899149e+01
1.766754619154290538e+02,2.003797534973585215e+01
-1.645832241246476428e+02,1.006544437829951733e+01
1.771205069663553502e+02,1.992077575549354407e+01
1.750987643586323088e+02,1.841241633300837677e+01
-1.690516914203446106e+02,3.442246538414750034e+01
1.739056317602918114e+02,2.006839385926368635e+01
-1.769736889904047530e+02,2.381224791525294648e+01
-1.593935066355442132e+02,2.572840707428694174e+01
1.672583958313943810e+02,1.518038899945742060e+01
1.755274400577740437e+02,1.312197982978431909e+01
-1.556911248220766595e+02,2.300663778201195697e+01
1.757540750152336386e+02,1.124685993544117579e+01
1.606661037059443231e+02,2.986192766178813685e+01
-1.678358769795630394e+02,8.751717481354095440e+00
1.651640444786724515e+02,1.790350633895319277e+01
1.794663362396267132e+02,2.098483099233599347e+01
-1.699471428681650309e+02,2.451273349158988069e+01
1.705701948784880244e+02,2.007161778839955346e+01
1.533046182267192989e+02,2.314718176154168816e+01
-1.594271418772919162e+02,2.087030643376903782e+01
1.655642522051774392e+02,2.582076700588642382e+01
-1.746809131633249876e+02,2.079100345484253509e+01
1.758257013501775532e+02,2.637987183146793413e+01
1.755168532783022215e+02,2.044745522165815288e+01
-1.785021326427680037e+02,2.548076706298834893e+01
-1.601893883992234748e+02,1.670391669127434042e+01
1.427592637847644994e+02,1.851639287019057889e+01
1.472227739478767603e+02,1.686926231280925492e+01
-1.497498117720865025e+02,1.889724699424072796e+01
1.653718723204160881e+02,1.772927688563260418e+01
1.788320635763967061e+02,6.758642677989360692e+00
-1.720895759643931626e+02,1.336750259396956153e+01
1.627667644047267572e+02,2.268277695321732779e+01
-1.776875150281112781e+02,2.350888049179685879e+01
-1.653249028317123361e+02,2.689223545538508020e+01
1.642027863583864473e+02,2.229100732836235110e+01
1.743787867437410739e+02,1.800971489928058134e+01
1.758578183635857499e+02,1.938318321417504819e+01
1.534838975227294213e+02,3.034548074823565145e+01
-1.683748442466362292e+02,3.657671401599404959e+01
1.684275691580764942e+02,1.066183775108835619e+01
-1.788963919233497677e+02,1.616923657782176349e+01
-1.786954271490837414e+02,2.755505339776824769e+01
1.711489641650093176e+02,3.001181622768471513e+01
-1.757411754318695500e+02,1.492691192055459481e+01
1.754964026831933666e+02,1.052922456112167993e+01
1.757949618692508977e+02,2.075242652894707618e+01
-1.792260517414379137e+02,8.672546686189523513e+00
1.780208783937318344e+02,3.077212315614917593e+00
-1.633573036201401862e+02,1.733495887909730726e+01
1.669467637879859581e+02,2.850343142207949398e+01
-1.617903613533505904e+02,1.794416395586696922e+01
1.622039477891179899e+02,8.795197858149229830e+00
1.794514284706186800e+02,9.213744320283149492e+00
1.793922679888216578e+02,1.288397128537746994e+01
-1.754549034324663808e+02,1.666741713986576556e+01
1.739538209371400796e+02,1.963966159843888093e+01
-1.790047565002331851e+02,1.344073831043922773e+01
-1.584518099627500760e+02,1.674608388557836136e+01
1.478470676722959070e+02,1.393482747601922256e+01
-1.747172982358971751e+02,1.080042605207425943e+01
-1.668673667111212353e+02,6.935731221915093947e+00
1.565010827926279546e+02,1.897267715654076170e+01
-1.536997775867480698e+02,2.390573881578575310e+01
-1.641786148058654646e+02,1.752661296524081180e+01
1.731973799891505905e+02,2.327677273284647796e+00
-1.613603457404407777e+02,1.606550835486490669e+01
1.599752843713108916e+02,2.208546929997429942e+01
-1.550058522429727077e+02,1.952068641951457906e+01
1.687752492419578800e+02,1.331363234432612686e+01
-1.733143792010457958e+02,1.017053133575569568e+01
1.765648018201439982e+02,1.683247026053421180e+01
-1.677846665300970415e+02,9.923363347165830461e+00
1.591771818552401214e+02,2.474932935269990253e+01
-1.551395859684211587e+02,1.440470048239199485e+01
1.733122283545722837e+02,1.984105104780773488e+01
-1.739215362921354142e+02,1.696486667323684117e+01
1.762300469118257240e+02,2.892191621427552661e+01
1.675474030827590468e+02,1.366616556366746771e+01
-1.647709582005556967e+02,1.914799415519806303e+01
1.722482927471473886e+02,1.865817776415453721e+01
1.677799532713409576e+02,1.843889743132115910e+01
-1.514560112917710342e+02,3.715995136408130151e+01
1.676286200620649538e+02,2.431610818031821708e+01
1.541645192279690662e+02,2.410064317055939753e+01
1.562127124744947650e+02,3.111599553869601209e+01
1.667069848131662582e+02,3.295291561729654006e+01
-1.215377178644995695e+02,2.744658260401096328e+01
1.608989463594618030e+02,2.951209882547226826e+01
1.751001921308412079e+02,2.056427743605484082e+01
-1.562356195021698397e+02,2.090437271345993508e+01
1.540827944456097498e+02,1.061074975380924634e+01
-1.668789081608017852e+02,2.104139797945181911e+01
1.584408278596912112e+02,2.499237350879294439e+01
-1.776380831263811046e+02,2.902195681574885455e+01
1.665019078959546164e+02,2.050902503650330999e+01
-1.534642207829024585e+02,2.608598239520253514e+01
1.580509359771818652e+02,1.421265425757112055e+01
1.632294762830733248e+02,1.873410507152961202e+01
-1.587987553562150822e+02,1.881297565910256964e+01
1.649522421702035615e+02,1.673086604778729125e+01
1.754691770179664161e+02,2.763383414067810406e+01
-1.187029403805998697e+02,2.705448542814539081e+01
-3.837739271249474626e+01,3.599604430303379843e+01
-9.863697273632487850e+01,2.595832066232850721e+01
6.589219445539187348e+01,2.223010337970613648e+01
7.753237685487673048e+01,2.199286958979335793e+01
5.350102577509829160e+01,2.458101217426222718e+01
7.954907146327479950e+01,3.724765074483129723e+01
6.272140497597949604e+01,2.532170129579527185e+01
8.229945902904371735e+01,2.147165745590281105e+01
7.877063150314135953e+01,2.775466871200979924e+01
5.813596106425905674e+01,1.701057322250605353e+01
5.751678852077531445e+01,2.203979485722771159e+01
8.096394108329259609e+01,2.009671812272266678e+01
6.462288122057445605e+01,1.664383403654653293e+01
6.111160189558894018e+01,1.782636554503270432e+01
7.161851888699939650e+01,1.527854353978604962e+01
6.336591868148230589e+01,1.508128304749230431e+01
8.162834979199021745e+01,2.218752077127693312e+01
4.841236372221306539e+01,3.168868653085240794e+01
9.604884705138221079e+01,3.279874389756836450e+01
5.707428203721016047e+01,1.596546830365056380e+01
7.176399417799424896e+01,2.236534735974666432e+01
5.998730583605381383e+01,2.097152228908851868e+01
-9.201645265252749084e+01,2.326968597501095104e+01
-7.784526937180660866e+01,2.862883156377350247e+01
-6.738489665044342303e+01,2.376312041043604140e+01
-5.743415939500278711e+01,8.636630520623430840e+00
-7.467617457843212492e+01,1.994251014661536914e+01
-5.792288926776852520e+01,2.141854098792951433e+01
-5.788447365264845956e+01,2.255207366234256483e+01
-7.513303217834798886e+01,1.702926615946064715e+01
-5.066641632566190623e+01,1.410338891604198253e+01
-7.499732513964767122e+01,1.602714628016259368e+01
-7.292689251389619187e+01,1.297170901825908373e+01
-5.935066258909218107e+01,1.230878903604375907e+01
-8.306710470721321826e+01,1.410636213349148882e+01
-5.816574592701080348e+01,1.816489827699473381e+01
-7.891456545616097173e+01,1.474322311968219879e+01
-5.709860430661630204e+01,2.354688295115923324e+01
-6.785185942833803097e+01,3.268427812489411366e+01
-9.330083614597467090e+01,2.376258698127854530e+01
-6.047987434398140749e+01,2.724536332480434098e+01
-4.812179884301824018e+01,3.401410431688900360e+01
6.836405617450112970e+01,1.969924762773914750e+01
6.726677368909332699e+01,1.287425489159974745e+01
5.099762044481684597e+01,2.767115743539840622e+01
5.439929325295955209e+01,4.925455225349158184e+01
7.011145235284644173e+01,3.043666703510276861e+01
5.737093092970440722e+01,3.644395142066650806e+01
6.456865365198896711e+01,1.505925370364901106e+01
9.053948824185671640e+01,3.820530083994437831e+01
6.753237210267319313e+01,4.399895608280777992e+01
3.955100819168916360e+01,3.213231035219081377e+01
1.211508687124558747e+02,2.976528812635133292e+01
-1.391125453260386280e+02,4.739589106081773906e+01
-3.024339788617892921e+01,3.668054367935740601e+01
-6.615539676246189060e+01,1.061141929683272700e+01
1.583991314027802559e+02,1.979852407646431445e+01
5.624858891328805299e+01,2.653429798580526722e+01
4.476148493600473444e+01,2.921085798628060459e+01
1.175338577695113429e+02,2.520470689008685383e+01
-1.620268424346350002e+02,1.188855167881913921e+01
-1.370885226637898597e+02,2.091341014002964727e+01
-1.666914989861173240e+02,3.075245807508026452e+00
1.718144983119287019e+02,4.140330912359239335e+00
-1.666589710162038216e+02,7.332498786505806443e+00
1.779136805329629283e+02,7.796807521227350435e+00
1.760656643585566314e+02,6.355837869496982151e+00
-1.686916757854129969e+02,5.184120958534492729e+00
1.603153801573005808e+02,7.661393303122684628e+00
-1.554637085614762952e+02,1.572355916921087271e+01
1.513177676610245612e+02,1.439609230216213831e+01
-1.695277975704885307e+02,1.189787093962549491e+01
-1.690871990004399947e+02,1.645058358265558596e+01
1.704422993620287627e+02,2.074387822300380435e+01
-1.483704105105098847e+02,2.424843681566610343e+01
1.782838240031900341e+02,2.628330212373694152e+01
1.596238347414055170e+02,3.271159278678146620e+01
-1.435366826117997334e+02,4.939129254139587033e+01
-1.416240371926150488e+02,3.473127076306897720e+01
1.558239397083119400e+02,1.691232292799332981e+01
1.588661251479275336e+02,2.555828760602772576e+01
-1.522106400358527196e+02,4.349648566115511983e+01
-6.291969551520714532e+01,1.970661914274791116e+01
-8.514384917017774512e+01,3.704157265266371013e+01
-4.923792752518630778e+01,3.747276844181449462e+01
-9.144543814476418220e+01,4.198016485411421428e+01
-9.931325781688963161e+01,4.512851051529143831e+01
-4.012384688532774391e+01,2.340702459268073454e+01
-6.869274046395311473e+01,2.717675279003212552e+01
-7.209257254084400302e+01,1.757275812338473742e+01
-5.099016924440543619e+01,2.203922079627767161e+01
-6.178991899099976592e+01,2.908495386041492026e+01
-7.033855236468357930e+01,3.231694080323478602e+01
-6.946268528256555896e+01,2.902743827722398962e+01
-6.529601122000528335e+01,2.931647765672911987e+01
-7.697549713360633916e+01,2.095780661338160655e+01
-6.659287623837975900e+01,1.050415236890053450e+01
-6.279127274921325608e+01,4.084792359747625312e+01
-5.540664282487517056e+01,2.686662051972964349e+01
-5.756712641514977946e+01,1.802987975817714528e+01
-5.749830624343137941e+01,2.613677032472567419e+01
-3.393620090519829091e+01,2.770285907316181095e+01
-1.612808027364761188e+02,1.777245135468702841e+01
1.620812079674891493e+02,3.170174583023752035e+01
-1.628523983273024385e+02,4.770178477206657419e+01
1.435326644708600838e+02,4.042551094486410079e+01
1.799949083877043563e+02,1.728941961506526326e+01
-1.414755370165866566e+02,4.388851232563347082e+01
1.578075412122348951e+02,4.713535797856266640e+01
-1.600842122242237906e+02,3.776119679052553124e+01
-1.602293114533807739e+02,2.140583800262895409e+01
1.543482807664873917e+02,5.646176092468662233e+01
-1.669789707329168209e+02,4.612142623014056397e+01
1.293892303374225605e+02,4.029692252005618514e+01
1.792045250662316391e+02,1.596398512991094165e+01
1.691772105837804929e+02,4.853100335618252359e+01
-1.641295657707121052e+02,3.713451919903535270e+01
-1.297238845091516453e+02,5.101862374035772518e+01
1.630764040644042723e+02,2.953948687166701959e+01
1.247928257381514499e+02,2.873457160340520034e+01
1.729813304143955008e+02,1.834528558671992116e+01
-1.044774279784451352e+02,4.380960194501162164e+01
-4.238428528789312111e+01,1.135181650582314461e+01
-3.326039627803235277e+01,2.013777792536807709e+01
-8.215837170038801673e+01,1.997041538861972043e+01
-3.555562859865752756e+01,1.983724173052301865e+01
-6.570120646579091783e+01,9.171333716212879850e+00
-6.833782527324227374e+01,1.552486620764612368e+01
-7.797303729624159985e+01,2.840211785800864064e+01
-7.900554748682773720e+01,2.066668964963797350e+01
-7.104793346522224340e+01,2.020890257251011946e+01
-7.034076890754549538e+01,1.626810905374351535e+01
-6.419418154599557624e+01,1.386019877690601021e+01
-5.786653230186395547e+01,8.556490745842664225e+00
-6.894306271533537256e+01,1.481489579188509254e+01
-4.307974525684561939e+01,1.606194941726429093e+01
-4.520020837808176850e+01,3.387118223628112901e+01
-4.406779447215239287e+01,2.433403255480758176e+01
-3.788525568953829747e+01,2.484286099706090312e+01
-5.264710715779050076e+01,2.084566780175172340e+01
-1.003285551235113218e+02,3.931506896440611598e+01
-7.071503952041284435e+01,2.276253289773289268e+01
-8.568649280255142742e+01,3.184864966907858275e+01
-2.998816632108403013e+01,2.941203525863497248e+01
-6.222182746133026399e+01,1.351028853175644961e+01
-1.019946428557326072e+02,3.153309385535088438e+01
-6.143956421960201197e+01,3.347781004586682485e+01
3.919856123418774541e+00,5.063624482756320333e+01
6.285327042054624513e+01,2.369425012017473975e+01
1.007773766022469317e+02,3.891224652061224987e+01
1.067887899818083071e+02,3.726840441107201940e+01
8.564619130739413322e+01,4.165288349384944411e+01
4.333200090898091617e+01,5.959496168587936893e+01
1.339520700084601401e+02,4.056445442019303016e+01
-1.639389939137232943e+02,5.509648870329458248e+01
-1.580110350542985884e+02,2.564625965198768398e+01
1.755910968376441588e+02,1.940219954837331784e+01
1.594177187803320521e+02,4.157939350787907529e+01
1.691955825026279570e+02,1.535022976161656061e+01
-1.683850988833801807e+02,2.098405953320563810e+01
1.776820132910276300e+02,1.101523290435090985e+01
1.745757463059367751e+02,2.577926017357208011e+01
-1.680294888793191319e+02,1.163110123977657651e+01
1.443744023490158099e+02,2.170384575967138829e+01
1.520865230398656820e+02,1.138262175978401913e+01
-1.498635534945998984e+02,2.315713981279325395e+01
-1.692474922172037566e+02,1.386896859591569786e+01
1.486166600876788095e+02,1.529717222675947497e+01
-1.562197655815069481e+02,1.938247531372378063e+01
-1.158198248284764702e+02,2.139914728119121889e+01
-1.033840821364150599e+02,2.565827863383142571e+01
-1.350912578912510469e+02,2.261757855461383571e+01
1.644591658256391895e+02,1.935173508713463519e+01
1.684603989394578321e+02,1.436579211799768352e+01
-1.450140063388289491e+02,2.159590970088922646e+01
1.781300231117328963e+02,2.265913820408848522e+01
1.611413143061728590e+02,1.630334799267119195e+01
1.689517275229111704e+02,1.873260349341306608e+01
-1.766540595648005194e+02,1.833856268602934492e+01
-1.509201796256776902e+02,1.743141259876448146e+01
1.449364005757252585e+02,1.791187690093544660e+01
-1.776908928034271185e+02,1.406709196127931349e+01
1.710592469785185301e+02,2.772649228798528931e+00
-1.674695827282420169e+02,1.074363003076803125e+01
1.707090628896087594e+02,1.201471637592196373e+01
1.787153674965715595e+02,1.543210164808703055e+01
1.778018257855618458e+02,1.430492167431383166e+01
1.706747590496968598e+02,7.249815091699392866e+00
-1.588762697483578279e+02,1.906489677482187872e+01
1.440043917177959827e+02,1.297910902068147365e+01
1.748974702240645342e+02,2.127062013804053464e+01
-1.720718210342201644e+02,1.488320814227744293e+01
-1.715580129476767866e+02,2.847213103613191265e+01
-1.757878673972686272e+02,3.030972545908576166e+01
1.758043270363273791e+02,2.679765780160851563e+01
-1.611245836511770335e+02,2.612829929152032804e+01
-1.742838058849173706e+02,1.286182616401869261e+01
1.564246620611900198e+02,2.251753308520682495e+01
-1.494362792163267954e+02,1.892629990845065890e+01
-1.644168612255199662e+02,2.395958843060724064e+01
1.567596516603803423e+02,1.712731992372712497e+01
-1.554800385646497887e+02,1.807365288890420629e+01
-1.692100717900733287e+02,5.871371240299995797e+00
1.695204187533929314e+02,1.532449676207088629e+01
-1.717997508449074076e+02,6.232909697435493612e+00
-1.751323011432453427e+02,1.598059543158771234e+01
-1.743890695064073952e+02,9.574646148772311349e+00
1.642361702568495332e+02,1.919843711835447309e+01
-1.504906649800580283e+02,1.742562302967988686e+01
1.716042129396113296e+02,6.973523668359777439e+00
1.786471212829806632e+02,1.187948589145530320e+01
-1.740165682460498147e+02,6.644505732524828012e+00
-1.779370921582237202e+02,1.111699752969871646e+01
1.686604888610211503e+02,1.302747950006347466e+01
-1.745911219008449962e+02,1.020659546401209816e+01
-1.710621670783465902e+02,1.158101566076859257e+01
1.781047564031148056e+02,4.914092626577554412e+00
-1.759753945647241551e+02,8.981208616652573085e+00
1.779172444391221006e+02,1.030188346511127939e+01
1.727362674687229287e+02,3.748013511989487512e+00
-1.741189238335776110e+02,5.301792289856713580e+00
1.709277554047858985e+02,9.890194340696613295e+00
-1.492992891906652346e+02,3.654949910030371996e+01
1.411930560679323037e+02,1.945912675387834767e+01
-1.585305927467258300e+02,1.844754076893207895e+01
-1.601434330579596974e+02,1.550080642950285714e+01
1.325344229117168595e+02,2.644997786965534559e+01
1.434022857817839167e+02,1.943738024590840396e+01
-1.508351049214126078e+02,1.362978354144199855e+01
-1.731997874058437787e+02,2.169956971113847999e+01
1.102833462527833746e+02,3.422820539271184970e+01
3.265670589794933676e+01,2.151455478106433361e+01
7.832210083421416869e+01,2.758468991300422601e+01
1.639107541654224747e+02,1.238943083830814018e+01
-9.746330804143920545e+01,2.702405801152709586e+01
-5.358968607495551595e+01,4.292010024679338187e+01
-8.952339919655378253e+01,2.673934755001720021e+01
-6.360812116271062422e+01,3.439390434111007266e+01
-7.458222913381325725e+01,1.600530740307553401e+01
-7.970930767737227995e+01,2.233660587560764554e+01
-3.560070688650507975e+01,2.334062476723322987e+01
-8.006840758972833783e+01,1.779371812123245533e+01
8.203161391429719629e+01,1.349259733737851796e+01
5.628318345634729525e+01,1.581554422482533084e+01
2.966965448780873871e+01,2.051116915942866825e+01
8.295937505023010772e+01,2.491342657108453196e+01
5.902354308564784446e+01,1.834819840097913612e+01
7.051515480640709654e+01,2.564570541942853055e+01
6.986284896554850832e+01,3.059090550589900204e+01
2.652295598727239323e+01,2.984645154500287134e+01
7.390106093506427953e+01,3.467326618081867906e+01
4.497299918646729111e+01,2.449160958270316257e+01
6.918285553799530874e+01,2.061406499086205812e+01
6.560773268921208512e+01,3.798335158020715596e+01
8.496988357620065813e+01,2.807135081089259288e+01
5.712321488462655594e+01,1.205666210060580035e+01
7.236738845827754574e+01,1.093857913727991260e+01
5.876687744086702736e+01,1.439658534662301115e+01
5.983514800606258888e+01,2.851056296482538954e+01
5.313672244084143159e+01,1.162403286960336146e+01
4.953265276870398282e+01,1.899619127037808397e+01
9.702357988938979361e+01,2.528521243840578947e+01
1.549488755004148572e+02,3.405846740728129873e+01
-1.677172534790653913e+02,2.392917177242663129e+01
-1.570291142937923894e+02,2.709771043176370142e+01
1.556996569038170719e+02,2.021724334638330589e+01
-1.715587322736920157e+02,1.806283085216533735e+01
-1.707195156693522620e+02,1.223478066634848815e+01
1.746277628109399700e+02,1.391004377342159870e+01
-1.770256981568102503e+02,2.511230149025260516e+01
1.706209100881470988e+02,2.344836050800840255e+01
-1.744816731596202146e+02,1.554531993197451456e+01
-1.709132021571487883e+02,2.241021526373014794e+01
1.722994240875965488e+02,2.175567279991351555e+01
-1.656731706741922210e+02,2.632792709768543915e+01
-1.752111763132552653e+02,2.118756673381192002e+01
1.763195868673024052e+02,1.356121452228581958e+01
-1.715931531773378822e+02,2.166085971790604603e+01
-1.723567261945772486e+02,1.523669367824129317e+01
1.640746832949465954e+02,2.614022071957156612e+01
-1.692696365641857312e+02,1.394563369648525963e+01
1.793137930131669577e+02,2.203045363799108713e+01
-1.629394633389658509e+02,2.417966091947026896e+01
1.696826966873067875e+02,2.295890666885991038e+01
1.248416485060663206e+02,3.270793295088323305e+01
1.691392585126156121e+02,2.975310022591833459e+01
-1.458946934621108937e+02,3.582802105348358168e+01
-1.702616974344785206e+02,7.950123653153372771e+00
1.630390266621941464e+02,2.513801133464126281e+01
-1.602618416703483604e+02,2.184278117233241900e+01
1.702919348896149927e+02,1.641789834660152891e+01
1.745928091462326677e+02,1.581780656949315045e+01
-1.587950471998626654e+02,1.038456016219062228e+01
1.670636173900647634e+02,1.567289784849859657e+01
1.717180994104131742e+02,1.022676399272991077e+01
-1.519186703692171534e+02,1.819319724354813061e+01
1.569336472202149935e+02,1.383072734981628571e+01
1.535690026898573421e+02,2.152475154772065835e+01
-1.604084892382798273e+02,1.884230458213098558e+01
1.637226411847730105e+02,3.566176360666703005e+01
-1.663290759060619166e+02,1.670313575850942911e+01
1.605139317886086872e+02,2.923098559526275508e+01
-1.787496326270774318e+02,2.118022873602966172e+01
1.361731776621294330e+02,2.576876726893429748e+01
-1.724797227491076512e+02,2.614948230089778747e+01
-1.733900543999364459e+02,2.592846980542815416e+01
1.781660923605818994e+02,2.126356973776826109e+01
1.675853089826762243e+02,1.588400297274999318e+01
-1.750684184756074160e+02,3.076174110904263159e+01
-1.657054157785378266e+02,4.073685012445639586e+01
1.770459496223370763e+02,1.344973600696530980e+01
-1.692589072633078899e+02,1.663228362524828441e+01
1.797860411713130020e+02,7.757535274411232251e+00
1.715918943199254159e+02,1.031110109245942397e+01
-1.772405483845425920e+02,1.624592450013783562e+01
1.758473126662640595e+02,2.287911220801520074e+01
-1.734230456420208100e+02,2.178984893357367625e+01
-1.715133389906164609e+02,2.350679138827782566e+01
-1.732822285252856318e+02,1.919549762924602732e+01
1.570129480135493623e+02,2.137607018488085941e+01
-1.516876552170680554e+02,2.682229334172460256e+01
1.672634119212478083e+02,1.758419831348055240e+01
-1.640551716597998109e+02,1.424745420506950033e+01
1.601145971033852788e+02,2.752279888235242922e+01
-1.767667470342493345e+02,2.132657166882917110e+01
-1.725676670046561298e+02,3.026294602471887174e+01
-1.721019010945373964e+02,3.004254542754898338e+01
1.592794577372899880e+02,2.917609931381358734e+01
-1.738149739304346610e+02,4.420997644239887592e+01
-1.691464075538771965e+02,2.293430779632567251e+01
1.766461646350816466e+02,2.533253623453846970e+01
1.662498442181673397e+02,1.534145647426675474e+01
1.633592420134106931e+02,1.980687519449408640e+01
-1.767087313580405521e+02,3.044430319276506935e+01
-1.671283863375608973e+02,1.907443917366839514e+01
-6.065507902473515145e+01,2.876178857968440994e+01
-2.189687258712496742e+01,4.442446467800449739e+01
-7.962187315545054389e+01,2.514292083300892244e+01
-1.373605043418719163e+02,3.152626531401539012e+01
1.493530842996906074e+02,2.453028510456415745e+01
1.285252276242969458e+02,2.917625273066301617e+01
-1.729980509993173428e+02,1.400116103781969201e+01
-1.358510134689004474e+02,2.924358569546058817e+01
1.657338160740267483e+02,3.070063732954717040e+01
-1.718437420181492996e+02,3.793995210832336085e+01
1.480418866622429164e+02,3.082178520569353353e+01
-1.797858096141967792e+02,1.479536142396421283e+01
-1.077557357486827385e+02,3.337856741680318606e+01
-4.191499231738172426e+01,3.061287210617962273e+01
-7.388525927726662701e+01,2.738420443112488201e+01
-1.511615348608044371e+02,2.880828785536605352e+01
1.350746967722527927e+02,2.786942464603074043e+01
1.382978852378833778e+02,3.167151522750799586e+01
-1.596769591525184069e+02,2.486257091934640329e+01
1.784349787462762436e+02,3.060823411716492615e+01
1.743189150539065793e+02,2.438541145994064507e+01
1.749217819835554337e+02,4.102316022217483749e+01
1.490162151807497253e+02,2.429996519398331145e+01
1.797324032580998221e+02,1.509390046853941314e+01
-1.396235287416336064e+02,2.194666024586015496e+01
1.654645554531076357e+02,3.801806635555426084e+01
1.601101826653529372e+02,3.739430512406977414e+01
-1.762608924368557837e+02,1.715984287984212386e+01
1.784292002362258529e+02,2.288910460004886360e+01
-1.401745752877939140e+02,2.081013400988022255e+01
1.704328539645424598e+02,2.394950152986066882e+01
-1.629406553614782069e+02,1.376763350235498784e+01
-1.401478623668945716e+02,3.044667295247987937e+01
1.425818185019467137e+02,1.969911293110838457e+01
-1.681611952438854019e+02,2.066462217561106129e+01
1.781288198657736075e+02,6.886433448005538693e+00
-1.681715278210155020e+02,4.267293697472144487e+00
1.741881410737328224e+02,9.168996683846735607e+00
1.698406496849426048e+02,1.616271060777625124e+01
-1.694469900377971783e+02,2.323931841074862348e+01
1.697883071396759078e+02,1.627456590358612587e+01
-1.795117963480713854e+02,1.580527057192686513e+01
1.736918108231396900e+02,1.838715509782382895e+01
-1.628225825586792155e+02,9.178368203142138526e+00
1.683191009039917390e+02,2.402446278513432176e+01
1.610666407767978399e+02,1.989033149663195843e+01
-1.709089340334335247e+02,3.282948118786711689e+01
1.782083717162767584e+02,1.433911052533151675e+01
-1.731895342964361362e+02,2.117794516865701127e+01
-1.774936193893184964e+02,3.308993611946164748e+01
1.587263075584317846e+02,3.087212372796288662e+01
-1.623201748347060800e+02,1.726383122576434914e+01
-1.618160362598745508e+02,1.850648413958671412e+01
1.573715062148174582e+02,1.165986972932787857e+01
-1.737212684012230000e+02,2.024910927979087205e+01
-1.689862533397497657e+02,1.414427754665910442e+01
1.554847394731343968e+02,1.283393009715013555e+01
-1.640566203793139266e+02,1.169761255538216460e+01
-1.773008621457607319e+02,1.159582762168639647e+01
1.597779929714494642e+02,1.963361290989190167e+01
-1.768275857977234296e+02,1.656603853009050198e+01
-1.720132203021200610e+02,2.169035792161990273e+01
1.564577697711479800e+02,2.897422856290609161e+01
1.763372964909841016e+02,2.574208780147967346e+01
-1.575224173179277898e+02,2.990884447043003291e+01
1.658668364924868399e+02,1.574386859174323661e+01
-1.644336607601698574e+02,2.623487732351054547e+01
-1.791495767501431828e+02,2.979323202403698900e+01
-1.749274343264626737e+02,1.134265246825163764e+01
-1.728516571201129750e+02,1.491945074061477605e+01
1.734469875591283881e+02,8.906068261559100918e+00
-1.699114999980818368e+02,1.136927702913054006e+01
1.663418180408805256e+02,7.223227070977935149e+00
-1.761360409422320572e+02,1.120908335383689725e+01
-1.794007309489855686e+02,1.160929781368162850e+01
-1.700967810592358660e+02,1.793307211473340956e+01
-1.751534143206347949e+02,1.765638231539333702e+01
1.751543651048407639e+02,1.651716331495067536e+01
-1.799313667440750635e+02,2.078279301775809529e+01
-1.761959848783351390e+02,1.809513242388488408e+01
1.736060588208212323e+02,1.928308270324268392e+01
1.788981746632844363e+02,2.205862135503700827e+01
1.562006381509613675e+02,3.236486794213986684e+01
1.708063891324994188e+02,3.719106277444286945e+01
-1.487668299268709120e+02,3.046591874290612267e+01
1.370725814952417352e+02,2.168932117598399145e+01
1.235130615251211736e+02,2.476604971230848662e+01
8.000853269469229190e+01,1.720680074822348260e+01
7.011822581280624433e+01,1.851551436248411520e+01
7.100927213542669847e+01,2.519558930811245290e+01
7.515803990615742691e+01,2.267631727344961234e+01
6.239132643081839547e+01,2.377942089398108649e+01
7.345801199387737768e+01,2.507986927597186622e+01
4.765254473939650381e+01,2.170227027830982180e+01
4.882871587260119384e+01,1.264967321491467089e+01
6.233230714287115859e+01,2.550286927732810938e+01
3.612401524853504498e+01,1.897638521660544342e+01
7.471618337995809611e+01,2.506840021579301947e+01
4.799164424544834162e+01,1.096321800343802622e+01
5.647556028892573465e+01,2.227105768554031329e+01
4.996602790426852891e+01,1.640487549820412028e+01
5.555770255538821090e+01,2.325572836281976663e+01
9.313614939389887581e+01,1.967521862078951500e+01
6.395709915929054290e+01,2.033855669415968492e+01
6.340032092873604341e+01,3.403308371415656097e+01
9.362639541686313294e+01,2.658780382251967822e+01
4.593856282105878819e+01,2.183815108660684956e+01
-1.764008885564207390e+02,2.530015170777237543e+01
1.601938000548767320e+02,2.280776651733690485e+01
-1.762161560914853737e+02,1.639042389950117240e+01
1.641127741300218474e+02,2.174016835592328079e+01
-1.688608155172739202e+02,1.286281303184879832e+01
1.758377366998040259e+02,2.837465566022465424e+01
1.686408408944969324e+02,2.805370025122350341e+01
-1.717756249580276915e+02,2.167392495531308327e+01
1.629561114180123411e+02,1.519036246836791904e+01
1.623149715318521942e+02,2.785528573435570365e+01
-1.767057129194900256e+02,1.751656038423427830e+01
-1.797757906015156948e+02,1.052353525493952624e+01
-1.749074758320792569e+02,1.909616025563044062e+01
-1.762640965221236513e+02,1.937385878088541702e+01
1.756080533593618895e+02,1.329213844623393470e+01
-1.765866205051558779e+02,1.161027634215148474e+01
-1.780297702699025422e+02,1.362326129757499160e+01
1.773362034163381225e+02,1.695750667638188958e+01
1.675239363610127441e+02,1.940626963164618246e+01
-1.644187720007472535e+02,1.514590094354760197e+01
1.613592911928667206e+02,1.946497173713011364e+01
1.642756204126024215e+02,1.401463387489899404e+01
-1.746538505247444846e+02,1.772617836624882415e+01
-1.756655928269260016e+02,1.215734814645861661e+01
-1.658204277500238391e+02,3.779402766754905230e+01
1.706941514416598125e+02,2.391513628217191467e+01
-1.711089296397018700e+02,1.638785640822656120e+01
-1.722374777643152015e+02,2.659168558095623069e+01
1.715823446648955155e+02,1.211562445885957473e+01
-1.664678871626549324e+02,1.166695029244829840e+01
1.573676106096494323e+02,1.481619645017553211e+01
-1.635516945597214544e+02,3.177951322949592594e+01
-1.767081688228934127e+02,1.486860238886961127e+01
8.711190090525673213e+01,1.683340785340702794e+01
5.132161379222835507e+01,1.779396653434454834e+01
1.127979050736272058e+02,2.678169343596641383e+01
-1.770476189326915915e+02,1.107874878341957725e+01
-1.282814316840140805e+02,2.424227844145364941e+01
1.665513122726582651e+02,1.389715621124339506e+01
1.696103018900564905e+02,2.755225887581103450e+01
-3.090844075954592896e+01,3.826343467362021755e+01
-5.855517036830188715e+01,4.877988300231467633e+01
-3.870473226316599380e+01,3.853185747309909459e+01
-5.996151641960852885e+01,2.740312118685713116e+01
-4.763494411153309471e+01,1.954199738851408696e+01
-1.005155641105322246e+02,3.826183896991624067e+01
-7.750823819990776542e+01,3.158867879335289075e+01
-4.596137212007465678e+01,1.173674529871714256e+01
-6.644989303441154505e+01,7.875103155751006057e+00
-4.402705241517437429e+01,3.627311941159147324e+01
