dihedral_deg,energy_kJmol
-1.686978095236044055e+02,1.244639878016801227e+01
1.692645985671394442e+02,8.523459541943674722e+00
-1.674493920995651308e+02,6.107533999236685496e+00
-1.771541503591975300e+02,2.640974726098419989e+00
1.686389942555718164e+02,4.221184998094150487e+00
-1.619445266799543219e+02,7.215913410373175907e+00
1.667515156433321977e+02,7.568453497615838188e+00
1.791227784840586139e+02,4.386420166500448303e+00
-1.763604783794728235e+02,2.223684217656379580e+00
1.779451025890433300e+02,1.090218059181488952e+00
1.792603421793476741e+02,2.280760420296247482e+00
-1.716845441999168145e+02,9.675621952287109195e+00
1.712545403404168098e+02,8.719654578255145339e+00
-1.767563348713166818e+02,7.923982944117963001e+00
1.788523636075538832e+02,6.230064980196280189e+00
-1.762969372781390689e+02,6.468238903191452671e+00
1.675828093747622631e+02,9.575968798123566827e+00
-1.637230200143234811e+02,1.242125988836070327e+01
1.631139851358771296e+02,1.344331264591380659e+01
-1.706350200744047356e+02,9.538367065977396919e+00
-1.721803091301835025e+02,9.925759903934350703e+00
1.563698173303563692e+02,1.073772124181571996e+01
-1.694647004673024924e+02,8.819524240428640027e+00
1.724871603439092382e+02,9.595611319042884446e+00
-1.775501249453683386e+02,9.670976284008913737e+00
-1.706834463977755263e+02,9.693118905601837199e+00
-1.760478488932445487e+02,5.363850059298223449e+00
-1.761066068648066505e+02,7.773378434512851598e+00
1.760328358775662991e+02,7.025728757785001832e+00
-1.719407309807245952e+02,9.003681954206140148e+00
-1.693284708013220836e+02,3.391661771889527444e+00
1.679205029696562121e+02,3.150336482671974192e+00
-1.726591451715583787e+02,2.200462993410948531e+00
-1.782673745058383190e+02,1.073137478095581354e+00
1.789975894750676275e+02,3.148128983916253176e+00
1.784257413016781300e+02,2.982237223133281656e+00
-1.733604958863739114e+02,3.914643765037500778e+00
1.727012618289997761e+02,4.801995637659876692e+00
-1.690535648931158335e+02,4.716233400922696717e+00
1.775624130554384692e+02,3.244859944731760759e+00
-1.509449468067404609e+02,1.948880053401938994e+01
1.712481523591525274e+02,1.217485623698817321e+01
-1.766725031043438889e+02,1.387106750514663034e+01
-1.684128213968827765e+02,1.746621784075804840e+01
1.795020224739372168e+02,1.345825492549166746e+01
-1.750855294562675510e+02,1.554775060451229862e+01
-1.722797928085448973e+02,8.076036750234953487e+00
-1.728557768091726814e+02,8.861975315921053920e+00
1.775236618422465256e+02,6.271465122615395238e+00
-1.770883160999979395e+02,9.691321124031619050e+00
-1.782517501727977560e+02,1.505114228749067307e+00
1.778238234281301970e+02,3.722315438277173705e+00
-1.767973859340501122e+02,2.923778415179573820e+00
-1.798900029543833057e+02,2.731576030217517825e+00
1.783232270536464910e+02,3.551361516559877529e+00
-1.754169387306659758e+02,2.182815063768555497e+00
1.708932514095689896e+02,2.208428915249674773e+00
-1.725461324124167390e+02,3.331973490654849712e+00
1.745240841922969821e+02,4.682203603198919595e+00
1.782080706879852983e+02,6.296098899752969658e+00
-6.628355866190685219e+01,1.087285571948544849e+01
-7.250626999729438182e+01,1.365321769335406898e+01
-5.655284274435929603e+01,1.415092203880588961e+01
-7.099466853509822784e+01,1.153089162203325913e+01
-6.064733421144441650e+01,1.562324298731495631e+01
-6.951927786148674215e+01,1.555722942920771601e+01
-6.678216474310912076e+01,1.670678880693287383e+01
-7.048576925131381188e+01,1.536369756934459296e+01
-5.712265240740427430e+01,1.531190064727356237e+01
-6.825140019137735692e+01,1.686830889776195264e+01
-1.766508940404135330e+02,5.314084552987185184e+00
-1.768812216947545721e+02,7.874529929300544850e+00
1.603327834753646641e+02,8.032032406761002719e+00
-1.591251980037604596e+02,1.023538038563270369e+01
1.794968594740247454e+02,9.386473476261489424e+00
1.701223976214018876e+02,8.075195859514085583e+00
-1.745796563399458421e+02,4.976344101172758272e+00
1.704844244930476975e+02,8.064639181991967831e+00
-1.709374558014154104e+02,8.833609333954278497e+00
1.777097416063010940e+02,8.527782452733141838e+00
1.775015081012003861e+02,1.198753505964128507e+01
-1.694111050625730286e+02,1.210378845246434665e+01
1.721588740719783175e+02,1.048478076837863604e+01
-1.694100366092083618e+02,9.620220622442417380e+00
1.748838902987734798e+02,1.045440776866982091e+01
-1.761687287032461597e+02,1.016402145423027292e+01
-1.678038809031171752e+02,9.609777888819337477e+00
1.758412121004312496e+02,9.780000452930661226e+00
-1.727997999505074915e+02,7.563362773580905696e+00
-1.714745216461417670e+02,1.007197330715695038e+01
-7.488987520507917850e+01,9.797092681296419414e+00
-5.382648173936089364e+01,1.051011800840405108e+01
-7.753785475168541552e+01,9.190995828005924295e+00
-6.091610458521176241e+01,1.052668230879196898e+01
-6.323497262063041546e+01,1.431080350922267286e+01
-5.975503028782600268e+01,1.333775409966392722e+01
-8.778213857114479879e+01,1.403605265716620565e+01
-4.672120467350443818e+01,1.540071314101687250e+01
-7.695923799374847363e+01,1.308392627141522979e+01
-6.138034781489108127e+01,1.495211713056090730e+01
-7.819772047640881851e+01,1.422055870112650133e+01
-5.715619807905171967e+01,1.104746403382247699e+01
-6.861544130515446227e+01,1.518205372989721802e+01
-7.066079491788515554e+01,1.462767891552950061e+01
-6.718215389559044581e+01,1.438370841213063400e+01
-4.949337577671273891e+01,1.616181145391722751e+01
-8.361323652122797512e+01,1.200596635313909033e+01
-6.815527961838422755e+01,1.282817376063220927e+01
-5.252085887460587088e+01,1.488075914340746309e+01
-6.358153552876243708e+01,7.953966822855672802e+00
-1.718500480169726927e+02,8.245013284582807245e+00
1.720819218257205705e+02,1.033401754987633581e+01
-1.735616036842950507e+02,7.791071536974254030e+00
-1.778426756313980945e+02,1.557223073130167990e+01
1.773456796045988710e+02,5.842875669588575072e+00
-1.741280411536976942e+02,1.210279000655368442e+01
1.773378474153393540e+02,9.079977703654156684e+00
-1.747719590107871852e+02,1.013229364465720828e+01
-1.746945870939046870e+02,1.480680545591532749e+01
1.652411881691242854e+02,7.514161684138914055e+00
1.757691758763950247e+02,6.975136135659800729e+00
-1.712202048194435235e+02,6.137485564241820235e+00
1.661185086056185582e+02,6.563333692681267983e+00
-1.693757999538399304e+02,3.562643629817162427e+00
1.710894341142359849e+02,2.967543730028598503e+00
-1.760962332473108347e+02,4.303848300751567990e+00
1.793555956161428924e+02,4.530991160529898920e+00
1.744144795545280431e+02,4.636471638433443232e+00
-1.795272822742615517e+02,5.269017163947964377e+00
-1.707069584858959388e+02,3.425121295430034962e+00
1.688161253190772015e+02,9.233979209223615925e+00
-1.691954620193357925e+02,5.651994375474282073e+00
-1.772342692321509219e+02,5.984788442625006866e+00
1.527272049796121962e+02,5.966220030005652042e+00
-1.539678956215414019e+02,1.276770439563741633e+01
1.626079233421515085e+02,8.148790176320442669e+00
-1.742839222239382195e+02,6.890045487079793141e+00
-1.726404369133966270e+02,7.642808092245672924e+00
1.757449406404228398e+02,9.065109667718612485e+00
-1.771076509506981154e+02,7.064521077337436950e+00
-4.136895958489025560e+01,2.705346016519918351e+01
-8.564723503085620848e+01,1.521447550008007354e+01
-5.313733608570682065e+01,2.214000571845065579e+01
-9.027660614249880666e+01,2.175301076517960297e+01
-4.341507124949666974e+01,1.644329350950344093e+01
-7.877110587368306938e+01,1.896124881680299978e+01
-8.954326367687771437e+01,1.808267850426763701e+01
-5.420558248746829122e+01,2.090668011631340661e+01
-4.327097216072918684e+01,1.777403951602401122e+01
-9.476273498130834128e+01,2.287484046556563655e+01
-7.071566048672690386e+01,1.075078515583038197e+01
-5.637860436055538571e+01,1.005042065521561412e+01
-6.475846075352404796e+01,1.081469095679394599e+01
-6.539238212417831164e+01,8.919625892851557936e+00
-6.257300301403788012e+01,1.382357588647428415e+01
-7.428322545048878567e+01,1.009031424315979741e+01
-6.376345773014025298e+01,1.021705664910401801e+01
-6.413384007883124127e+01,1.434018610140979710e+01
-6.347534568689266621e+01,1.174054645316005185e+01
-7.956975772692089777e+01,1.252146272146049810e+01
1.761015835686934849e+02,8.464961416353663282e+00
-1.777997915586789475e+02,4.832915714931254492e+00
-1.660664715662576043e+02,1.076799923344953314e+01
1.664269960160900155e+02,1.459670763608454536e+01
-1.759380734406567512e+02,2.154375027410919330e+01
1.746294792074469058e+02,1.440679476295628803e+01
1.728483075836640808e+02,1.487022927210148282e+01
1.778117602424432846e+02,5.070195535081600369e+00
-1.725969595381883721e+02,9.522213743744931236e+00
1.738526570262630173e+02,1.120821724688641297e+01
-7.182183570921252169e+01,8.773646249869289093e+00
-6.077324246860445101e+01,9.176315865561690543e+00
-6.411116105958903688e+01,8.514861311845125513e+00
-8.254936119422575302e+01,8.668134410706299420e+00
-5.342686720675004608e+01,1.102710624839101250e+01
-7.474821609080228768e+01,1.274940969631365206e+01
-5.881656831701751997e+01,5.950048043146023424e+00
-6.639685690461895717e+01,1.222299679804905637e+01
-7.451075358379793556e+01,1.202710665488111630e+01
-5.982295329715751109e+01,9.994283360763830615e+00
-6.807509955042793592e+01,2.154307973911893015e+01
-6.769928434473177958e+01,2.077497129541400156e+01
-5.803473074559664724e+01,1.887982122250192063e+01
-7.545628701209568590e+01,2.362957208224394634e+01
-6.000577159254983428e+01,1.449528944814804099e+01
-7.327343799066778729e+01,2.025781985116518769e+01
-5.659392827588244046e+01,1.788820708313438246e+01
-7.733043209999685530e+01,1.840607280949697611e+01
-5.177353453421203255e+01,1.602187470437663563e+01
-6.532530597008685902e+01,1.294295853603983204e+01
-1.792385905180152861e+02,6.833384873121055136e+00
1.780615981697930863e+02,4.407991040664374083e+00
1.738474192638047100e+02,7.973154157359399363e+00
-1.781525820560084981e+02,7.032851678697041642e+00
-1.791519417422829576e+02,4.507612619008570576e+00
1.776506834732896607e+02,4.050436263524176184e+00
-1.736940238111379813e+02,7.131614024676396824e+00
-1.788259879942606005e+02,8.726079188237392259e+00
1.772694609963376138e+02,6.677820013868843496e+00
-1.750141476169038128e+02,6.732971455885932599e+00
-1.788239112302216256e+02,5.198688049113342480e+00
-1.759426725885420808e+02,6.772005410171212603e+00
1.789471051963495256e+02,3.789757261028420032e+00
1.780757363574473402e+02,3.929616766798085692e+00
-1.753839679397684108e+02,4.126016743195091152e+00
1.718377834948203144e+02,1.686456646836779427e+00
-1.731491409370850079e+02,2.780565095853766877e+00
1.768506303274397453e+02,1.797459381875800677e+00
1.794153041032083706e+02,1.782033663494897890e+00
-1.751539100416415238e+02,3.367406121688567566e+00
1.764996499883908143e+02,2.989841350083870086e+00
-1.749313646022396824e+02,2.871376459846710638e+00
1.775498796479173507e+02,2.310240335216948715e+00
-1.738903557076382356e+02,2.167290788856187422e+00
1.761348726349099820e+02,4.178478048355448671e+00
1.722071101264576214e+02,3.112103451864147718e+00
-1.775661573900602832e+02,2.668687338112453400e+00
1.763220856063641122e+02,1.018798083635390483e+00
1.793987634246110190e+02,1.501881175112649958e+00
-1.710248716263235167e+02,3.003430937381040611e+00
1.731895991966144095e+02,1.883603151255200103e+01
-1.644472075781708043e+02,1.673007712940219349e+01
1.628887664541066442e+02,1.631381263902167689e+01
-1.586778995455040615e+02,7.904459034449940802e+00
1.514470884658154546e+02,1.381797483210687361e+01
-1.660673783694851409e+02,5.590429875596283793e+00
1.723601525102679943e+02,6.917465790032675699e+00
-1.756085340782106243e+02,2.902694976541801530e+00
-1.668552740149408464e+02,5.597667147331935489e+00
1.757836719545299786e+02,7.224687787716555398e+00
-6.900695583533432398e+01,8.301592790914655851e+00
-6.175618710035321612e+01,8.901241945164692027e+00
-7.042565597409065958e+01,7.945642838797660090e+00
-6.672774707006328754e+01,9.869339868862613940e+00
-6.271834059638327119e+01,9.375023238004679627e+00
-6.709331869764402256e+01,9.516400608001056582e+00
-6.546498282264126090e+01,9.397879033862139408e+00
-6.563971343013704995e+01,8.070047318031784656e+00
-6.926900392817233865e+01,7.611952011920056549e+00
-6.844584881256555775e+01,8.708008920156956378e+00
-1.666640992165223452e+02,1.325462177066343372e+01
1.442492589522016999e+02,2.441369019476503510e+01
-1.623723704520472495e+02,1.785261955891320085e+01
-1.574464219975217532e+02,1.940441279919703987e+01
1.588723245001795306e+02,2.213402122265842564e+01
-1.747139639763856849e+02,6.594039362899989598e+00
-1.575512956301548400e+02,2.049695591493703972e+01
1.591491291885925818e+02,1.390162077311740063e+01
1.781875402669555797e+02,1.129424859459950170e+01
-1.674285571282960063e+02,1.540226017158197891e+01
-1.700936433412768451e+02,4.871959747963956033e+00
1.628577761394900847e+02,5.896324792198146980e+00
-1.548954307468990521e+02,8.386449260988563026e+00
1.682079313189510970e+02,4.080376463613291982e+00
-1.799661766961284286e+02,6.597842719537851508e+00
1.790467471834639639e+02,9.676611763486604900e+00
1.777860118788313173e+02,6.247256983055336832e+00
1.799881176248652253e+02,4.148470378682723059e+00
-1.652152452130731035e+02,4.399073082616914654e+00
1.640878666554180541e+02,7.834673224203113406e+00
1.691269843383038562e+02,1.027931971825809043e+01
-1.797117486136007187e+02,8.530306919290364220e+00
-1.704536943264726290e+02,4.860670880479046829e+00
1.660985186784183441e+02,7.084372828239175135e+00
-1.654972114649347077e+02,8.571814843610548351e+00
-1.784149087099896178e+02,9.818669570963486137e+00
1.708866795307694701e+02,1.294018857460410743e+01
-1.682829663729579579e+02,9.788772575523360331e+00
-1.784660217471987380e+02,7.765380816307594358e+00
1.755076439368078240e+02,7.009054845783694532e+00
1.796139937249936054e+02,8.095584630577970842e+00
1.799469129861012391e+02,9.137693393173549339e+00
1.737638662928093254e+02,7.006045029678490188e+00
-1.705085764111377955e+02,7.232468661187759551e+00
1.784129150136276678e+02,5.919351060875532866e+00
1.679447128462559533e+02,7.857198110447475514e+00
-1.624515677046331064e+02,1.017465653607790443e+01
1.634646303400264458e+02,8.060120141669077753e+00
-1.763902220012251973e+02,7.093301804079841233e+00
-1.686044865580709597e+02,6.411642805078541230e+00
6.074943972717999685e+01,7.623611216470813190e+00
6.172881833945011465e+01,6.356275448320055865e+00
6.467348144720322978e+01,7.658650253220860904e+00
6.853707236189458740e+01,1.119803709012480297e+01
7.213038035161365258e+01,1.365919590913745019e+01
7.268963418320100800e+01,1.190972739146419102e+01
7.282722532299726481e+01,9.107130798347915501e+00
7.410284040371985270e+01,1.407168157403377506e+01
6.085244035242963889e+01,5.904205610970620910e+00
6.135089702277181800e+01,1.247975780800967271e+01
1.776802915069479241e+02,1.058445578611214088e+01
-1.771414580466008033e+02,1.362166647577992862e+01
1.791128181220985596e+02,1.066944637473643098e+01
1.761619906120665462e+02,1.336331410959552457e+01
-1.716509316656778310e+02,6.437827763327208075e+00
-1.791995577180598787e+02,1.154259626173218578e+01
-1.795281960795938119e+02,5.871245414953947694e+00
-1.746490437631119619e+02,1.055589422293559210e+01
-1.795650973097054646e+02,4.911499529574522072e+00
1.763733728938031788e+02,7.277211770745845243e+00
5.900860496354123796e+01,1.251923411071359560e+01
6.687558823847248846e+01,8.479829704607086072e+00
6.727148365848802314e+01,1.186477101881442842e+01
5.861039614248569052e+01,1.044844922411709476e+01
7.887471468717899370e+01,1.119886553841024934e+01
4.894748915912418141e+01,8.441173474836524804e+00
6.121029086188055857e+01,1.281427019855858340e+01
5.518965778994177640e+01,1.665823522081290875e+01
4.848623193929962127e+01,1.231061984680182952e+01
6.897125507083157459e+01,1.168530557642583645e+01
5.460803677588866378e+01,5.187791840035684388e+00
6.223462986160642885e+01,5.918876623135759019e+00
5.384816545839689184e+01,4.443988214157267969e+00
7.428853668971821378e+01,5.997029874180014097e+00
5.611309061312327628e+01,5.542496620852823241e+00
7.128805172455061268e+01,5.120557856284612797e+00
6.909606233631782857e+01,5.200377057715916962e+00
6.330964124832703277e+01,6.163829843749359938e+00
7.429078579583413955e+01,5.371530463750439743e+00
5.145682545663648710e+01,7.165164714612853203e+00
-1.689570775224760837e+02,4.624521954965973514e+00
1.770210370452788311e+02,2.309092692608246011e+00
1.764919953151793095e+02,5.241790106945767747e+00
-1.787604210514226395e+02,2.059093851901391492e+00
1.708601001217941189e+02,7.188091474056577113e+00
-1.721227498596656176e+02,5.577014874580211057e+00
1.784751033687772690e+02,8.682336840663756661e+00
1.765252836771852571e+02,1.072390210736949534e+01
-1.731148067016376046e+02,9.203091635246718027e+00
1.711252274277999845e+02,9.095656872587250419e+00
7.375775868198599028e+01,8.980704958528802351e+00
6.214519800333206945e+01,5.344120904736837652e+00
5.763130826647140026e+01,6.177545858776023024e+00
7.739167233829286374e+01,6.514408439284348873e+00
5.451021690560720856e+01,1.103784123991268018e+01
7.158475885735569477e+01,6.158782376977181450e+00
6.872798876579869898e+01,7.368500272777195548e+00
6.523314488625506158e+01,7.454003633884253688e+00
8.077475055676222837e+01,8.192068292238499083e+00
5.452123429773803309e+01,6.566163245581059016e+00
6.756380918653140100e+01,1.200600951439509601e+01
5.747228237850445964e+01,1.413895027104356039e+01
6.511946679034628005e+01,1.294613513221512946e+01
7.285857906770799275e+01,1.287477646585676538e+01
5.768044700983842432e+01,1.069409097455399582e+01
7.233139062659860485e+01,1.543703841911614560e+01
6.277817298135991564e+01,1.237228239429874677e+01
6.963964566766368591e+01,1.262679062797606200e+01
6.164997823682784883e+01,1.458204841842802324e+01
7.134939065104286726e+01,1.645416341293352858e+01
1.688906393631786216e+02,7.438309777237599008e+00
-1.723583939587168459e+02,9.733199336610674379e+00
1.688327083319965993e+02,4.104394096458812591e+00
-1.716599947243595636e+02,3.222804020570820160e+00
1.701692224844670136e+02,5.465211963523898930e+00
-1.691813937955878941e+02,7.248570918501854976e+00
1.634756221950699171e+02,1.077613165795800754e+01
-1.586499651049440160e+02,9.496430732003634745e+00
-1.753619396473522158e+02,5.637289446424910366e+00
1.637701185462672413e+02,7.228985094616280804e+00
4.989534294019241401e+01,1.113341845479823888e+01
6.595869858936760011e+01,1.068945372104035130e+01
6.711594470806690538e+01,1.204026133062076198e+01
6.535881909416438873e+01,8.877978500847101273e+00
6.817022290732209910e+01,1.162117928567068859e+01
6.244128264894255409e+01,1.286574408334584518e+01
6.108319351274410991e+01,1.484083036416496171e+01
5.930946519108764647e+01,1.054689362293007981e+01
5.725103311994783439e+01,1.022385181087815553e+01
5.826601837714366638e+01,8.643378823741786121e+00
7.781431695409007432e+01,1.135006440466025346e+01
5.258953197841709937e+01,1.089080550027650673e+01
6.744665110731118318e+01,8.680947268196742783e+00
7.360639206310507632e+01,1.321182844038834858e+01
8.747569904113976236e+01,1.415507307578144847e+01
5.584120679405148024e+01,1.116729038079196101e+01
7.266878279012745168e+01,8.839400214864445715e+00
6.154447626468767396e+01,1.102492967675532043e+01
7.333882713238151041e+01,1.027045137737599489e+01
5.448274929602507655e+01,9.147265323523555480e+00
-7.513424294348433818e+01,2.257564877156738348e+01
-8.563463656668044166e+01,2.475517202578783582e+01
-7.320773152917367099e+01,2.331372973762942280e+01
-7.577405390009145947e+01,2.294863648315995874e+01
-6.571687175508697010e+01,1.918857598490323468e+01
-9.544002383178491300e+01,1.866976309736055128e+01
-9.341448755681388150e+01,1.866720794740605527e+01
-7.740485300042190886e+01,1.683033529205442491e+01
-6.136301151230571804e+01,1.797606276694624583e+01
-8.256707505083068099e+01,1.823071060702377721e+01
6.357671633336198624e+01,5.607556346314136242e+00
6.011320829896083495e+01,7.317402079955776628e+00
6.430455708918594837e+01,8.575983020627909070e+00
5.943331675222311361e+01,8.870522007626142624e+00
6.746146031231718609e+01,7.750293495738267424e+00
6.570973316401821762e+01,6.763309120431493682e+00
7.084538033621504383e+01,7.920868908635810612e+00
6.336508428208323096e+01,8.755306038548470227e+00
6.272050666218007819e+01,9.507658800640438557e+00
6.280740137940545509e+01,9.279835024002355937e+00
-3.974385283091928045e+01,1.828765001444240923e+01
-7.554607973430772461e+01,2.151815971517266490e+01
-4.694842236567787808e+01,1.317271472181466052e+01
-6.708523485272293385e+01,1.066996279639165657e+01
-7.394885595874767148e+01,1.395265503419636666e+01
-6.990748159351011282e+01,1.302004717337426598e+01
-8.154732990887529809e+01,1.759930340495694523e+01
-6.005452660369160611e+01,9.056513580807669328e+00
-5.481397052738459053e+01,9.199804739343557358e+00
-6.281692202951449389e+01,7.900237286621438315e+00
-3.980626826129211793e+01,1.219058096692993765e+01
-6.864658093662438887e+01,1.106278567991789430e+01
-4.345561511437831115e+01,9.809537889230250940e+00
-6.612861981975125047e+01,5.189068987409402922e+00
-7.040750509363105891e+01,6.610018138704035096e+00
-6.185516041323284497e+01,7.541210916419629484e+00
-7.678278099683160463e+01,8.870565652053837624e+00
-7.587810732034776606e+01,7.131290682226615552e+00
-6.005960852098728253e+01,7.450987424964514716e+00
-7.159129118823148019e+01,7.340530256753014626e+00
7.051204343469169089e+01,1.440968757317163274e+01
5.485190264539638605e+01,1.914145040845009760e+01
7.962435491539500276e+01,1.835055926035583695e+01
6.725488547248238547e+01,1.193336573150914148e+01
5.708141193648120293e+01,1.400314929572292399e+01
6.849287865728962288e+01,1.220725380677469829e+01
7.086610959391242659e+01,1.031208635759670855e+01
6.362697342944569812e+01,1.132418452144997545e+01
5.991477607906943348e+01,1.061211067039769418e+01
7.343575771186762324e+01,8.580753192522193373e+00
1.728403685356890094e+02,5.001518893020004519e+00
-1.645547042949356467e+02,5.852048601734296973e+00
1.711404169289424431e+02,6.821291051822508500e+00
1.736395933077622828e+02,7.401446502139501504e+00
-1.666760898494358969e+02,6.835288519696841369e+00
1.606217940620024365e+02,7.978354841912967288e+00
1.708951108904170724e+02,7.662585010330735358e+00
-1.565591034260257857e+02,9.993267394843119433e+00
1.703867633149014296e+02,5.445845565095593699e+00
1.709519904389998999e+02,6.353463996863517593e+00
6.347431852233884086e+01,1.041492102424103905e+01
5.010669435248217951e+01,1.097561106544398335e+01
7.471457242314569669e+01,7.190905753503506581e+00
4.995398227310248274e+01,1.028062711601540258e+01
8.295459006080189113e+01,1.230765538977978935e+01
6.612571286553591676e+01,8.653555095614422044e+00
5.923004518092876225e+01,1.308795084174398582e+01
8.600742488361122184e+01,1.060711924253315352e+01
5.404893526197100329e+01,9.320520226679061437e+00
6.414677093271923525e+01,9.192702344801286785e+00
5.959222091307578495e+01,1.057915564987403734e+01
6.631228820286361270e+01,1.019814018691241841e+01
7.164465467537691268e+01,1.067770399770884104e+01
6.059287756947560410e+01,1.134158503580219346e+01
5.873178261141939771e+01,9.717519126505091975e+00
7.714392590175690145e+01,1.069209141155644005e+01
6.092718825296286411e+01,9.563935608719223325e+00
6.853768735029512982e+01,1.150054990773916330e+01
6.007836344409131613e+01,1.300215888188862046e+01
8.100269275742732589e+01,1.411743675710346402e+01
-1.746153417507728136e+02,9.567080477465141897e+00
-1.618336494631325309e+02,1.486319292762669164e+01
1.694414828361072978e+02,1.622388119696775632e+01
-1.737669874585364767e+02,1.375023825192792160e+01
-1.717899999392056998e+02,1.238937809389701528e+01
1.708534804655314190e+02,9.690273545552443579e+00
1.779535606715530491e+02,9.065459075661358668e+00
-1.668228906146321151e+02,9.645290549284462500e+00
1.677196410625761587e+02,9.394712542278803369e+00
-1.717838845690902474e+02,1.364505816441042363e+01
6.445157260866332649e+01,3.706564930565432014e+00
5.889047969830058804e+01,6.917560692801300704e+00
5.608183589809645753e+01,7.725767706075718166e+00
6.763532472751242608e+01,8.763418986421557477e+00
5.274664325467600179e+01,5.918946365130529408e+00
7.757341435154499720e+01,8.193033114279296925e+00
5.810764309021623575e+01,4.757096782904113752e+00
7.887863312499683843e+01,6.708019594238774808e+00
6.254838248159824587e+01,6.203970805836400260e+00
6.319722315238172428e+01,5.521894257251629412e+00
-6.873606629780103106e+01,1.355035549175744691e+01
-6.150129795700961921e+01,1.656224662353285737e+01
-7.816540992668605270e+01,1.382404885005908568e+01
-5.835091045400862697e+01,1.361882513409340234e+01
-7.392505404414895054e+01,1.504521219852077429e+01
-6.668080231763558174e+01,1.230185477528586802e+01
-6.128129296412011229e+01,9.752535411897476081e+00
-7.055159706563530619e+01,1.316526274771211469e+01
-6.465845002283850818e+01,1.088825288301996963e+01
-7.407531034037764073e+01,1.328078159760030630e+01
-1.723171916133372861e+02,6.858716415730638616e+00
1.709903725935304237e+02,7.515469974131166353e+00
-1.771189255325832903e+02,8.143276060198656907e+00
-1.769599537606455044e+02,8.893479081773108419e+00
1.680166354364758092e+02,8.847575323945628512e+00
-1.756829558656206700e+02,9.265303947216580127e+00
-1.753825746533088079e+02,7.222125011613342416e+00
1.655975355679279630e+02,1.056380250397591425e+01
-1.569116540872758208e+02,1.065452859017996623e+01
-1.707317716623742854e+02,1.131089944255275270e+01
-1.792091161051874622e+02,8.758224163818301378e+00
-1.708403261845802490e+02,8.842214868175982900e+00
1.739776353854070976e+02,8.449689484885070101e+00
-1.799171596823321977e+02,5.650254152537858232e+00
-1.677173818484386061e+02,8.821351413808141473e+00
1.716366321623100077e+02,8.051139799660978369e+00
1.784621574586893473e+02,5.159373382295918020e+00
-1.795836548259621281e+02,4.821471216117387826e+00
1.789873548497067759e+02,7.465501100284191338e+00
-1.729094862194986604e+02,8.059991886060291932e+00
-6.256991725341334387e+01,1.191157415082347804e+01
-5.735075997919227575e+01,1.108269731018210180e+01
-8.543518049371367340e+01,1.136343642983378288e+01
-4.332184017988358704e+01,1.400265115906966429e+01
-7.730551968059846502e+01,1.357255887897649593e+01
-6.016647993424990659e+01,1.595981607909988753e+01
-7.842749748484385464e+01,1.478727939291915661e+01
-5.357102749196738500e+01,1.255162796907288225e+01
-7.760523853090973034e+01,1.597574316701789598e+01
-6.419455524196361296e+01,1.581253778851155189e+01
-6.857809945856952538e+01,1.539327285533506995e+01
-6.395135764675354295e+01,1.194037167842345681e+01
-5.847757475711083686e+01,1.416568000768667446e+01
-8.207636996600987800e+01,1.540844326750936943e+01
-5.442660732392759826e+01,1.520162909210779034e+01
-6.914661820557491012e+01,1.946930122747076197e+01
-6.706382845703187456e+01,1.895922610465151337e+01
-8.292066891117187311e+01,1.401472974025998397e+01
-3.970937337880635454e+01,1.788209325846779052e+01
-8.299540022015877128e+01,1.271878344506050951e+01
-1.785415853143226173e+02,5.146553698532795984e+00
-1.724826919650740535e+02,5.910330016519464991e+00
1.745422581390834864e+02,6.957773911494849806e+00
-1.666760846868313308e+02,6.162183148412752054e+00
1.777938110435097769e+02,6.019754218692250802e+00
-1.796180277875276943e+02,4.089500746967898337e+00
-1.727048548805048824e+02,5.491597741791598430e+00
1.745904196039314797e+02,6.778068524381955839e+00
-1.799364999473907574e+02,6.669056472794244073e+00
-1.771664780894513171e+02,5.385326544900157941e+00
5.044526951450591667e+01,1.552671262217244319e+01
8.161955751911558821e+01,1.230706575165501704e+01
5.964196264144836590e+01,1.157719078965911130e+01
6.833524649570939857e+01,1.267181494436585609e+01
6.215029394469401325e+01,1.650104449905684234e+01
7.210242299482152362e+01,1.732867999305429052e+01
5.864626769632081960e+01,1.112082288771144967e+01
7.135036439880883563e+01,1.138638167631622267e+01
7.519552670370774194e+01,1.326088019310282995e+01
6.392236272034886468e+01,1.267481175696078921e+01
-7.209907730373573997e+01,9.073586050440823669e+00
-6.880158376749773197e+01,8.223894343181690658e+00
-5.871241729281263133e+01,1.053750264534990322e+01
-6.560807663025610736e+01,8.338156450977482592e+00
-7.332103227422589953e+01,1.058318347581446517e+01
-6.359434689495665083e+01,8.939112334185390196e+00
-5.578908602869989153e+01,1.068939415578770102e+01
-8.216431499375715930e+01,1.155711765216930331e+01
-6.135264423204846906e+01,1.134217418793650545e+01
-6.143161103384206001e+01,1.172261665914094664e+01
1.588673897892090565e+02,1.511839991833971908e+01
1.736595564371570504e+02,1.044931936679214246e+01
-1.658253540425297103e+02,9.359929419668326034e+00
1.694119918469511390e+02,5.498280637629958889e+00
1.771848602803936501e+02,4.810491486524822946e+00
-1.706757171850469774e+02,7.493622817700316574e+00
1.775475620186425090e+02,9.177405408594729863e+00
1.778874689701933107e+02,7.605947013339809715e+00
-1.681734152772993127e+02,7.370385920655275314e+00
1.648061428624501445e+02,9.004729852131042378e+00
8.054687757859984742e+01,1.198246295893590840e+01
5.128200637153399555e+01,1.116135511122462631e+01
7.416345272220033280e+01,1.181926400809643241e+01
6.497859686768937593e+01,9.615426357734712326e+00
6.577686358151237300e+01,9.557547823518525831e+00
6.071330688032694667e+01,1.002969823611147682e+01
6.686879587625172405e+01,1.044443872646444760e+01
7.823072610400269866e+01,1.153803573758786705e+01
5.742164682015668120e+01,9.873255582314882872e+00
7.150791600711546891e+01,1.626874015282072961e+01
-7.392131094948834402e+01,5.821847412163294599e+00
-6.177899483248573631e+01,6.226924682772152053e+00
-6.964806280163834629e+01,9.452946351387359059e+00
-7.615298136163912091e+01,9.059284821159589995e+00
-5.204361821139028166e+01,7.691390480126717222e+00
-6.871408485545376266e+01,7.981245978836843946e+00
-3.909322044006976427e+01,9.677933270184448489e+00
-5.448676934018742912e+01,1.230841471576066937e+01
-4.570099559010632362e+01,9.541728152366133031e+00
-5.956696482618014699e+01,6.153700862869793120e+00
-1.710556709063860694e+02,7.057528118882027357e+00
1.796793383760066831e+02,9.007464792015976940e+00
1.728538067669846896e+02,8.521545198030544555e+00
-1.744187842886787223e+02,6.224503233991791618e+00
1.730381258528294950e+02,5.954284793232853978e+00
-1.792163607635671099e+02,8.012495436788425351e+00
-1.678750338234511617e+02,1.108434948497690442e+01
1.791303987879424824e+02,1.342035232917753440e+01
1.748510422512908349e+02,1.190571839875546800e+01
-1.639696192437881450e+02,1.049076395544581075e+01
6.854833814820888449e+01,1.181342433356627453e+01
7.340101895087677519e+01,9.560195497842002510e+00
5.830070176143448180e+01,9.671390560381770030e+00
6.582064088402988489e+01,1.066587159658416084e+01
6.586580028207980320e+01,1.427778455276899550e+01
6.398456816557841620e+01,8.093336760168641675e+00
7.046519065521779623e+01,1.524883147668255390e+01
6.347761962094072885e+01,1.245837157775033788e+01
7.875373710856763410e+01,1.203494690502096454e+01
6.569435153280544171e+01,1.307251623569806398e+01
-7.037487563550132563e+01,7.176552229284640205e+00
-5.824972601561619001e+01,7.531208780350221232e+00
-4.718462349576926584e+01,5.873595965996299739e+00
-7.029650356802989108e+01,1.062592530307502336e+01
-5.668795334395255026e+01,6.147671980988960172e+00
-5.829020367473894026e+01,7.969203032262610620e+00
-5.926247046827023013e+01,6.679606945720004241e+00
-5.671610594387956894e+01,7.895443558784197791e+00
-6.226231821985439296e+01,7.245966949686014402e+00
-5.726723797280435235e+01,5.212881452224342738e+00
-6.903234239460438459e+01,1.206048321528741596e+01
-5.697743313987299274e+01,1.677136407618114688e+01
-6.952487264314159177e+01,1.220069923473112183e+01
-5.893566256644379564e+01,1.429880393783695780e+01
-6.839949632125399148e+01,1.073100727343732252e+01
-6.784257382966404748e+01,1.541237341584169229e+01
-5.945589373007677381e+01,1.130985272724215207e+01
-6.945662269663793609e+01,1.490287247343105292e+01
-6.251924865806641662e+01,1.207043632084788243e+01
-6.385955177452137832e+01,1.305681245884940367e+01
6.525436194852494509e+01,1.096556379743227261e+01
5.801559977741208485e+01,1.200216979469146850e+01
6.998307652982646232e+01,9.582254748014696233e+00
7.205855765948466285e+01,1.351598312343516994e+01
5.113067925779849787e+01,1.077758763575234013e+01
8.281002902663183818e+01,1.772378104992692016e+01
5.653741290467010572e+01,1.371599998772765794e+01
7.465772390389537350e+01,1.373503428414658245e+01
4.813282373681322923e+01,1.510523945754924213e+01
7.942840850362823346e+01,1.968756511003349630e+01
5.295657076600394930e+01,1.724219548266231783e+01
8.027032398811330438e+01,1.830032036761690506e+01
4.690126483387623324e+01,1.953381284137857321e+01
7.947509258721085246e+01,2.136682487882126580e+01
5.528771946863487585e+01,2.071641611346629475e+01
7.426042429042112758e+01,1.881048938945183835e+01
6.179423435292488165e+01,1.413700737752685654e+01
7.048775979092108912e+01,1.010713806516097435e+01
5.987378692740305297e+01,1.272382976767803875e+01
6.815259380677403556e+01,1.139473277784187921e+01
6.550188413758857564e+01,1.294321700989079815e+01
5.208132310153219180e+01,1.560540610602166112e+01
8.908364892686327607e+01,1.330412091382818929e+01
6.156010404124707946e+01,1.161380778034142836e+01
6.890490459111155985e+01,1.394110653424144886e+01
6.285833742534791924e+01,1.568932905331629968e+01
8.611799121470319562e+01,1.524585031325302964e+01
4.232515647695492333e+01,1.326156830864704084e+01
7.241321423646586197e+01,1.232375982847672091e+01
6.685975116032091137e+01,1.709459888151983620e+01
8.051984823403353175e+01,1.342409229110427482e+01
3.887725774625778996e+01,1.724731354771793690e+01
8.592008597817347493e+01,1.232667028245619711e+01
6.635145272175483910e+01,1.423722752893659482e+01
7.608290918578821049e+01,1.299799902794202389e+01
4.437076170317044443e+01,1.274504383793799356e+01
8.510985478739850407e+01,1.322305466334613833e+01
6.638693781651544157e+01,1.308380563348828929e+01
7.089421878610322381e+01,1.354570556332777542e+01
5.572796492062676066e+01,1.191995650794234329e+01
-5.933197409333881467e+01,8.374431923757022389e+00
-7.428833352132122059e+01,8.814908760686627431e+00
-7.803001736015360734e+01,9.426313094692179817e+00
-4.991598804723088989e+01,1.219428548888167718e+01
-6.158265353548561194e+01,1.010510279077082529e+01
-7.999401068705067530e+01,1.275802175942744832e+01
-6.144087873098074226e+01,9.717766098498902494e+00
-5.937690278611238170e+01,1.086868745804893521e+01
-6.771446325695099233e+01,1.052758424196223075e+01
-6.970698972224644763e+01,8.766072290617936247e+00
6.203474428432443943e+01,1.615422743019789920e+01
7.082859825459429715e+01,1.883557505291931378e+01
7.995708573653735129e+01,1.505365220943135895e+01
4.921468646351991794e+01,1.527517315720694846e+01
6.625887022360426215e+01,1.512570213662751506e+01
7.314320948347227613e+01,1.463430165488067303e+01
6.902430158025732965e+01,1.033444269165467944e+01
6.181045988554979687e+01,9.170742648936194286e+00
7.044993406750555209e+01,1.046747674320012855e+01
6.705194454602757048e+01,9.662060065933461672e+00
6.214068043489948678e+01,1.114373749075709341e+01
7.592054001538190278e+01,7.842295349061888743e+00
5.899504249250444587e+01,1.022420639582520252e+01
7.315254884177157635e+01,1.160170550873517215e+01
6.017069746903462146e+01,9.180127623558133720e+00
6.373593943007881535e+01,1.636550616948188974e+01
6.565429873030470276e+01,1.149640347370016968e+01
6.247336506870234274e+01,1.294803726242994202e+01
7.131126717388185909e+01,1.594541746964489803e+01
5.693164275319261947e+01,1.281319715601091680e+01
-7.801755123308549855e+01,1.699831446843732508e+01
-6.901023702359857737e+01,1.251570467451928437e+01
-6.980376359854470536e+01,7.949118766931569269e+00
-5.497162583861729246e+01,1.235667472320859517e+01
-6.752032654066489670e+01,1.295263193384429101e+01
-5.606711042716333537e+01,1.595827827079431316e+01
-5.171865299990221843e+01,1.222076328689716007e+01
-5.877628922129252942e+01,8.759484534280661094e+00
-6.395480000964894174e+01,9.760293839592357301e+00
-7.013603978836081865e+01,1.206047805466471701e+01
6.213112516361790938e+01,9.301391408003963690e+00
6.652024518595581526e+01,9.122673531781041234e+00
6.005127056947311104e+01,1.130082641732064985e+01
6.740030980255102122e+01,1.005877258694378185e+01
6.869553098948080105e+01,8.133150632376398903e+00
6.406544528892683843e+01,9.707123497896713360e+00
6.690353960809295586e+01,1.124351650351229459e+01
5.767485747336868940e+01,9.940448724032243888e+00
7.394999624049751219e+01,1.178821953598572669e+01
5.848221126631841571e+01,1.062996189672296232e+01
-6.111700279772066580e+01,1.259589371051606577e+01
-6.383415996395413572e+01,8.911948808918950249e+00
-7.020326020215328811e+01,9.431961023272519284e+00
-6.401535426979781107e+01,1.061080188159891335e+01
-6.862346084105656985e+01,9.231237272372418090e+00
-6.223049074337240683e+01,1.125000462008810942e+01
-7.651230787892804130e+01,8.896135324297787861e+00
-6.062437977739670458e+01,1.319679624311029720e+01
-6.956817882398765107e+01,1.194151261046379275e+01
-6.361302245636107955e+01,1.025217395941536758e+01
-7.107862413422409986e+01,8.203643399926534130e+00
-6.178311969535817383e+01,6.806212312949578624e+00
-6.717159021579570322e+01,5.708418216093662956e+00
-6.259896819584346872e+01,4.811344763409468150e+00
-6.145246458002632295e+01,4.504317903195277140e+00
-6.050561125209229374e+01,6.325111362213684529e+00
-6.108571297370346542e+01,4.656590165836799855e+00
-6.476396389211561200e+01,5.656730981484495047e+00
-6.009838084629586774e+01,8.301756255298773368e+00
-7.586475853320752094e+01,6.705728598426632381e+00
6.525354659111904709e+01,8.620127916311487226e+00
7.448781826118302263e+01,9.088691617637788767e+00
5.952160822255724781e+01,1.070695545190337228e+01
6.029961885951672684e+01,1.019976003815283860e+01
7.251194707507886505e+01,1.220089002417395108e+01
7.160853467843070064e+01,1.045666183969236762e+01
4.981742162505020843e+01,1.227477380023954900e+01
6.777934467848385225e+01,1.180784022610869144e+01
7.363667050153877369e+01,1.101100389048364292e+01
5.805878314632640524e+01,1.234668632606331684e+01
-6.430495671977189431e+01,8.498399895392424241e+00
-7.423108105206220841e+01,9.740896359819348760e+00
-5.409784162230765503e+01,1.074011593817625076e+01
-7.749753137009746240e+01,1.020910797611401755e+01
-6.461328625817466786e+01,9.191579428311332123e+00
-6.458238081685556153e+01,1.002747880708779959e+01
-6.094374193942877582e+01,8.651538749172740239e+00
-8.169675058667677092e+01,1.091732312194330845e+01
-5.573370106766208920e+01,1.149367667078958277e+01
-7.150812497649690158e+01,1.099793431099530494e+01
6.264526557585197963e+01,1.931284889048818698e+01
8.636753492819207167e+01,2.228339613872063651e+01
5.815815550640692777e+01,1.527814728500979413e+01
7.427443085393809952e+01,1.876785316550483884e+01
6.142031588567400746e+01,2.212668193366954839e+01
7.325121953671727226e+01,1.139655283720384382e+01
5.331896104771227130e+01,1.532634675388373147e+01
7.053846101540658253e+01,1.270896348465766046e+01
5.967567074293176432e+01,1.320736017361658732e+01
7.471860354778260671e+01,1.463877441627138509e+01
7.840564115437200599e+01,1.550011726072943219e+01
5.422344065253491152e+01,1.810861848682144881e+01
7.730295052644059695e+01,1.705107480130325115e+01
5.905307607068177589e+01,1.055055576652803673e+01
6.921016455629361985e+01,1.077734252425777228e+01
6.527543501185171237e+01,9.208903800155731290e+00
6.944805404159647821e+01,9.258832679393700360e+00
5.662568191519793714e+01,9.274799217152214226e+00
7.622125583737715715e+01,1.108639970896576266e+01
7.270371456488709327e+01,1.255350421426551932e+01
-6.958615790347302266e+01,1.350994162936920517e+01
-4.670149650551890375e+01,1.571833395784989307e+01
-6.599132918453008756e+01,1.032387680103554572e+01
-5.697726973649142224e+01,1.361847444552324760e+01
-6.617896833052954264e+01,6.443337493981005082e+00
-6.657856448249656012e+01,9.113971457793761388e+00
-6.862835892480231337e+01,1.192056925923092336e+01
-7.004847049284185800e+01,6.163096947061802666e+00
-6.211156274765532714e+01,8.210222665633818195e+00
-4.997618867209678939e+01,6.202674995641155320e+00
-6.607842867157322075e+01,9.041517068867864992e+00
-4.946460875792342193e+01,5.342712065292675838e+00
-7.266496249130715057e+01,4.991292005142766719e+00
-6.219179955474736232e+01,4.707847398854502430e+00
-7.063346273794724084e+01,5.345075205902028337e+00
-6.634325720288106254e+01,9.089152113213753381e+00
-7.033955044181384153e+01,5.975386268747154617e+00
-6.099881227080502555e+01,6.289799129045942294e+00
-5.030541216591458920e+01,8.054964859873521732e+00
-6.788116400889003899e+01,7.247756126009395672e+00
-8.221616876213873581e+01,1.909817544451070503e+01
-5.877730814075212606e+01,1.896626968111939604e+01
-8.831491061255339048e+01,1.702383412405009722e+01
-4.647589135293478790e+01,2.040888419955719257e+01
-6.818842109154077491e+01,1.215895766856097993e+01
-6.773954722038777732e+01,1.981191522990287268e+01
-7.769373864755263526e+01,1.128458609872045315e+01
-4.355266762263123326e+01,1.901031076752659388e+01
-7.076964832632044988e+01,9.863432413532191134e+00
-6.788063081553259792e+01,1.348169919097736624e+01
5.163544900965234774e+01,1.438441484983622942e+01
7.684842044163637809e+01,9.744862868760032271e+00
6.370431391217702810e+01,1.182587777835576048e+01
6.329136782698124364e+01,1.236026250230263202e+01
6.032852884563545359e+01,7.856451822677916752e+00
7.359871856607794882e+01,1.019464957694680152e+01
6.502196884321560333e+01,1.114081875490767004e+01
5.890506189876781917e+01,8.583218309960310322e+00
6.685784156192765693e+01,1.139327167921886108e+01
5.339867727180558887e+01,1.043451018584451440e+01
7.690125772781918556e+01,1.023740617979303913e+01
6.028441950997260079e+01,1.258772827523646143e+01
6.528328855486613236e+01,1.119504444894754513e+01
5.846599029018545934e+01,1.081681985721512618e+01
8.106377723463184282e+01,1.026279363107042286e+01
6.110190230442278647e+01,1.339863975372653293e+01
6.705377064995708736e+01,7.993024138715105309e+00
5.882921067164204487e+01,9.771307701880994401e+00
6.247674027474793235e+01,1.029265602539157598e+01
7.029107749169705244e+01,1.104456817870559249e+01
-6.608682520042042086e+01,8.434490523213874269e+00
-6.416825204681023820e+01,1.109655317522677009e+01
-6.339310207545960196e+01,1.112708743235310749e+01
-6.795347192134873637e+01,1.191111330677868096e+01
-7.066111586502377406e+01,1.021165060182925899e+01
-5.476171719336343102e+01,8.370126576085427317e+00
-7.325907461456075964e+01,9.740406151341561625e+00
-6.447705861450056375e+01,8.155074800444051419e+00
-4.829466008569997371e+01,1.083490552484331104e+01
-7.449563810489733839e+01,8.373453585566428714e+00
-5.882944503164827665e+01,1.426285161427509429e+01
-6.729353800547714570e+01,1.339011452367225630e+01
-7.553589344160005226e+01,1.366378948755612655e+01
-4.805372179702415281e+01,1.038557202951510661e+01
-7.369416779206537171e+01,1.416689962483618181e+01
-6.629304637822204427e+01,1.346739741025323589e+01
-7.152481160090765400e+01,1.611469949220275311e+01
-5.331955770213932766e+01,1.433298285835349795e+01
-8.024906602543522638e+01,1.803517872208207251e+01
-5.768556107508741349e+01,1.767554010531765130e+01
6.182393023811964383e+01,1.155315117410748016e+01
6.386566036611119301e+01,1.004130152102681706e+01
7.147673844343616167e+01,1.137803643950321231e+01
5.625638847668644615e+01,1.408821821152639586e+01
6.260949840538731337e+01,1.003086112213506809e+01
7.388603338592024272e+01,1.396292430851428179e+01
6.178557536955698026e+01,1.114215946160250681e+01
6.331437091213194890e+01,1.464653616876824671e+01
6.370971899823938855e+01,1.308245170320043371e+01
7.012925349861842506e+01,1.305205643586016429e+01
1.783627818120611721e+02,4.990340586728521544e+00
-1.760238504824738186e+02,5.291344001397993324e+00
-1.787968541995191174e+02,6.528511775161082831e+00
1.787261475539029618e+02,6.356996934755064999e+00
1.646688243155485907e+02,2.984304115588789941e+00
-1.553609712707023505e+02,6.864148389388329718e+00
1.622335170056566085e+02,4.332991475511356327e+00
-1.720173458812782883e+02,4.181173863939859459e+00
-1.760452671979931267e+02,5.391092756538316877e+00
1.750003553091790423e+02,5.123958875246643174e+00
-1.723469181760434026e+02,5.476364766123967165e+00
1.778838354720542156e+02,2.237406421477440066e+00
1.743739068670719803e+02,8.241543486468112079e+00
-1.694661140566979327e+02,7.489669759604412391e+00
1.677540291481263068e+02,6.929617172183879070e+00
-1.740812058331559911e+02,2.934549530375563098e+00
1.761427854764734491e+02,4.721473084423252864e+00
1.721433429051099893e+02,8.382020639847640453e+00
-1.612681870644130697e+02,1.050657637787672272e+01
1.655597064736209632e+02,1.142166753885252817e+01
1.604522251892345821e+02,1.152007653711100232e+01
1.710012094791227355e+02,2.006552446297882497e+01
1.709844098720911347e+02,1.388326570030738694e+01
-1.562213376007441354e+02,9.275786224974151395e+00
-1.795672132175828608e+02,9.389876985215133587e+00
1.682642977529884263e+02,9.423241259388424496e+00
-1.512520535811954119e+02,1.614426688849822966e+01
1.569009875809846619e+02,2.064961274004729930e+01
-1.651177487236030288e+02,1.756611686541326378e+01
1.583469450643015932e+02,1.460714328706961496e+01
-6.324075450459523040e+01,1.104743302418423667e+01
-6.340954851445631846e+01,1.053263141812238146e+01
-7.338439781640467174e+01,1.140495987574930226e+01
-7.179814356658552299e+01,1.076324353213584573e+01
-4.803140138994361763e+01,1.510232987056223664e+01
-6.871787330369234326e+01,9.866625350268162009e+00
-7.921589443839120293e+01,1.377143162321810621e+01
-5.362821810488497221e+01,1.053799399090869926e+01
-6.212281705608330640e+01,1.096267724587927361e+01
-7.483791243706014029e+01,1.352274192256819596e+01
6.516318071316665339e+01,2.160803955240851693e+01
3.880308002643705123e+01,1.859781071290220922e+01
6.551174303110012431e+01,1.909918071299668796e+01
6.389549208975824968e+01,1.644497826253635964e+01
5.689552210693278056e+01,1.220389773478071227e+01
6.514578229289749345e+01,1.656124990113614714e+01
6.112648614497578592e+01,1.839641786924200773e+01
7.624807899435484160e+01,2.256360604054594177e+01
4.282990777783367520e+01,1.440232076128982186e+01
6.108681635711850078e+01,1.816263997957282328e+01
1.736554323039624421e+02,5.257169535863257082e+00
-1.743680696108285417e+02,5.920787998414138720e+00
-1.746280228526849214e+02,7.578258171359782303e+00
1.648195075076608589e+02,8.402162536285576522e+00
-1.707767307428441654e+02,4.491585337633944519e+00
1.764855548957452243e+02,4.011889574745176823e+00
-1.787027055915625624e+02,4.888579123536048066e+00
-1.731065216670241398e+02,4.476175255151403576e+00
1.714034582471138322e+02,3.578337445965247277e+00
-1.758658803305204970e+02,4.011686391031585863e+00
7.811907683769247512e+01,8.557360993180552100e+00
6.353618462777545517e+01,1.163597958263030030e+01
6.926867656598699341e+01,5.641003701797138170e+00
6.995756581278088504e+01,5.899347690591799420e+00
5.512987992353912858e+01,1.124964196141825212e+01
7.975634776152925554e+01,1.073073496217491929e+01
5.318133984382193091e+01,1.051242151785376677e+01
6.855877657744741782e+01,4.931262403775614089e+00
7.177356593722613809e+01,6.783516589044111811e+00
5.395966808679301607e+01,9.907034605345609535e+00
6.369387821865334587e+01,5.134216218582339231e+00
6.621102056175912765e+01,6.469846094922074187e+00
6.343530257442802167e+01,6.912780700990870386e+00
6.110555125099817531e+01,4.801673242939690667e+00
6.822382844395198731e+01,6.220998981180647647e+00
6.045365334881311981e+01,4.614629775239022180e+00
6.527446119601701469e+01,4.271935923984868211e+00
5.878101338609054238e+01,4.630081787815768735e+00
6.746429159834839595e+01,6.024666681715857841e+00
6.430043639338155970e+01,4.861791245088145530e+00
1.689893546231947710e+02,6.404113385506042810e+00
-1.632095212985415174e+02,3.771214340452464064e+00
1.635195196949649130e+02,7.832422602029037506e+00
-1.774674666452670238e+02,3.420260578389537898e+00
-1.784682308411076122e+02,1.322088180109609290e+01
-1.776070484602248314e+02,3.913224151258785533e+00
1.750799137480462662e+02,9.094584179398289336e+00
-1.752930122425357808e+02,2.776998585828179600e+00
1.795055572902990662e+02,7.887957069873717586e+00
-1.724619062148663033e+02,5.006546926561141753e+00
6.462876384636687987e+01,1.434517720729567003e+01
5.392177536945489180e+01,1.070907529037266137e+01
7.132457805441801213e+01,7.998030753125508596e+00
5.476972229376396228e+01,4.828468288726007529e+00
6.128856968537319716e+01,5.918615266879908354e+00
6.796092363099650413e+01,7.249981705294102241e+00
6.140324444953457572e+01,9.342386730447774568e+00
8.032670953063768593e+01,9.098329114694095665e+00
5.961149932014152597e+01,5.213974468477355906e+00
6.555845977954092518e+01,3.961565942624754477e+00
1.605132311487676020e+02,1.000488287394471421e+01
-1.732173517996934891e+02,1.272122550489153880e+01
1.591655417392550476e+02,7.266022126751217058e+00
-1.598422445310142450e+02,8.570631744911263894e+00
1.709506110725184271e+02,7.113470296585767016e+00
1.786680242791850617e+02,2.823725065701716108e+00
-1.693618921277443690e+02,4.317371595692172548e+00
1.493991847771786183e+02,1.120626011559734181e+01
-1.532547507547807584e+02,1.057868005830343350e+01
1.742463206605098947e+02,8.516545322008285623e+00
-1.692661629926115836e+02,4.240894320952786956e+00
-1.792817278599864039e+02,4.953412594311012107e+00
1.742584430131738600e+02,5.129364056450599563e+00
-1.671226446605147373e+02,8.430476367151310768e+00
1.550613269802112484e+02,8.703442702140259613e+00
-1.603927098697932934e+02,1.010002261875769847e+01
1.731911652842461820e+02,6.168768070829747430e+00
-1.787362438741356243e+02,8.024763475081405417e+00
1.760848536574332570e+02,7.693956332719858793e+00
-1.657413484713128753e+02,8.784850318195058350e+00
-1.744559694032479626e+02,6.654778396104632066e+00
1.765928432152720120e+02,5.649308432930927104e+00
1.783313988738642593e+02,4.477690394960978537e+00
-1.739915679945328293e+02,4.990873279491623293e+00
1.711647323907808982e+02,4.187414977461516585e+00
-1.740547755966090619e+02,4.799457342409395366e+00
-1.790007533188246498e+02,4.530471398054155330e+00
1.776609072678471080e+02,4.143892567711146668e+00
1.779350694888991029e+02,3.435544444765077809e+00
-1.719524030095932403e+02,6.200245476746448325e+00
1.771162844123631999e+02,4.496509529476027112e+00
1.781047645589937360e+02,5.153442028926026097e+00
1.782002853444209336e+02,7.780283986013174058e+00
-1.783131900506598129e+02,4.538003574123047557e+00
1.761428733511253029e+02,5.239108859365536830e+00
-1.756766528830899290e+02,2.301541945541686118e+00
1.728132995434407917e+02,1.244169104310608454e+00
-1.726903352765867794e+02,2.542369187187233148e+00
1.696864177010641299e+02,7.676415946778774924e+00
-1.724873748038762074e+02,6.464286201371324481e+00
1.686097357209250163e+02,1.008939255562519577e+01
-1.711249920741309154e+02,7.872506714631432700e+00
1.636807524987022759e+02,9.935884623538342453e+00
-1.675536394025613163e+02,1.036357702367733857e+01
1.685513702285400370e+02,1.458322036720766057e+01
-1.716690979219291933e+02,9.869570703095099873e+00
1.785757325340341310e+02,4.619133855928746257e+00
-1.774042279749289719e+02,1.683942329282807293e+00
-1.791296463477409304e+02,5.610156606427741721e+00
1.751849781115089684e+02,1.161149367674645028e+01
-1.778823631377291576e+02,7.206536903388761850e+00
1.770201694604681961e+02,7.708137031008968520e+00
-1.707505723773593331e+02,6.889372181984380283e+00
1.775935291634010014e+02,4.021120079003752679e+00
-1.779926676376565524e+02,4.484073687552132093e+00
1.784080727772413013e+02,2.468297587272407334e+00
1.796454490924102458e+02,7.814957271138375461e+00
1.786306030772234692e+02,6.199161822043236292e+00
-1.763523803192020694e+02,4.666073325013534223e+00
1.766848016048235479e+02,8.085684442751004397e+00
-1.779471394861078295e+02,4.445669009904116287e+00
-1.793393552867634924e+02,4.591369131778526125e+00
1.701102486873093085e+02,4.281265779447512188e+00
-1.691340820341941082e+02,2.483105696127966056e+00
1.679546256336480212e+02,2.966002126106217940e+00
-1.704894957224790630e+02,5.723655180646443519e+00
1.724117082536127441e+02,9.183041797535742568e-01
-1.786971972376184397e+02,6.762862776725370395e+00
-1.743850538373611130e+02,3.263288420514363519e+00
-1.770724025261189070e+02,7.260363955174176098e+00
1.737399101102544421e+02,3.803696697886218558e+00
-1.754413740113265021e+02,4.465606435941393393e+00
1.784359613730991043e+02,2.988793485615683476e+00
1.790931184344287317e+02,1.041923385683773073e+00
1.768197367024835955e+02,1.410654871651319198e+00
-1.799661747830622573e+02,1.369343787753529940e+00
1.782569681914299338e+02,3.623265957790005931e+00
1.782998487816740010e+02,5.391571693220842398e+00
-1.783329089828738461e+02,4.365286572479405436e+00
-1.785696786569642143e+02,4.863565585629739729e+00
-1.678244608890730944e+02,7.039590329334831864e+00
1.734856361928571005e+02,5.478531238075456500e+00
-1.785738853795632224e+02,4.801293421069301459e+00
-1.788749779518648495e+02,8.376382929593702897e+00
-1.795747056226329335e+02,4.686990657760429002e+00
1.728845815312483012e+02,4.735240284765938945e+00
-1.758297107250366480e+02,3.117279445852108477e+00
1.679267880215193713e+02,2.149893260973097853e+00
-1.683934254425163317e+02,3.659816209992584390e+00
1.695801948340240699e+02,4.945417341252738019e+00
-1.705675668930609277e+02,7.701096355114422920e+00
1.673541226784849130e+02,6.504652652506164756e+00
-1.674202079284183071e+02,4.915320248042690743e+00
1.701324514282648011e+02,3.473086458763086526e+00
-1.749662229593578502e+02,2.655331498268876267e+00
1.793498889816412714e+02,2.472596394151005406e+00
-1.776443335119702454e+02,3.114512874454386626e+00
1.730758130708994429e+02,2.602741449579851540e+00
-1.712329745762256437e+02,2.454623720509709894e+00
1.728988435329580113e+02,2.702605497810846913e+00
-6.037393516597605014e+01,9.808381007025857912e+00
-7.284742842067772983e+01,1.123900954366270355e+01
-6.269183370145595546e+01,8.176422170071475648e+00
-8.729032849632838520e+01,1.167161170336433607e+01
-5.627213616887991776e+01,9.309216449496830137e+00
-7.439521786075478360e+01,6.789836839491911746e+00
-6.978898554423261658e+01,9.060503104887340342e+00
-5.161766245169730638e+01,8.649959700863865564e+00
-7.412523286914206722e+01,6.198777882356898417e+00
-6.269921682882736036e+01,8.183172054598236045e+00
-1.654291864296590120e+02,7.598848012718029565e+00
1.705014951931987639e+02,8.736527524717516258e+00
1.797048158028891862e+02,6.040775586271129427e+00
1.750984707252677026e+02,1.079797163125509485e+01
1.779766390221544157e+02,8.188981358111783848e+00
1.781308227835372122e+02,1.262021379994478387e+01
-1.696293638047395405e+02,1.101563621287369266e+01
1.644755005082651849e+02,1.514782279986496505e+01
-1.622625146239547007e+02,1.237587595202107771e+01
1.607034656047481747e+02,9.201896422745665660e+00
1.662205577466713180e+02,1.541077685025721777e+01
-1.646428068084865970e+02,1.078881255480894197e+01
1.685509220534070209e+02,5.944617599780377404e+00
-1.739281860452158242e+02,7.140970638654100533e-01
1.761097878327955755e+02,3.622624416887997079e+00
-1.773804762521349119e+02,6.857784779303809586e+00
-1.774796813426315794e+02,1.108178389793215324e+01
-1.769233633821003195e+02,5.603883394946993945e+00
1.603392569271773311e+02,6.950836858896998649e+00
-1.604119596803051877e+02,7.768572113559857328e+00
-7.032614508691573008e+01,6.718899062638776343e+00
-7.313590492689654354e+01,8.450264672584635761e+00
-7.010192436454602216e+01,7.258839020258698760e+00
-7.080159270735092036e+01,5.753489110856872202e+00
-5.634909830145017651e+01,6.932178911987692871e+00
-6.331842802878215792e+01,7.640208361374410728e+00
-5.370505179823008746e+01,8.635035221095673563e+00
-6.956486342355721320e+01,5.257832759701817515e+00
-5.630786739924872109e+01,8.741068746021706914e+00
-7.026548721295891653e+01,4.646773009668065058e+00
8.509700604266855350e+01,1.503150324086135470e+01
4.908834930476974989e+01,1.509037454319842730e+01
8.372533677586920930e+01,1.737845963848923247e+01
5.288740075855515244e+01,1.190679764928351680e+01
8.261305671943750895e+01,1.325822771811702694e+01
5.204513317652439497e+01,1.246604965361148487e+01
7.946389419372447094e+01,1.467258256977863340e+01
5.513078131480748567e+01,1.372085877859759329e+01
7.880791877268062251e+01,1.338513737338375620e+01
4.089960583934408334e+01,1.585039762930237295e+01
1.736895654767197357e+02,3.835797714244908008e+00
1.775241190749286204e+02,2.952513338845180968e+00
-1.780799123819977012e+02,5.122120312744653070e+00
-1.762981256274453870e+02,1.737254468294205267e+00
1.759321320086769163e+02,4.876056946111895662e+00
-1.720983927447382484e+02,4.131986675468394488e+00
1.686599583098931703e+02,5.611130000131042905e+00
-1.740334947835548860e+02,4.491613246079491972e+00
-1.732751440568359271e+02,3.477959478710465291e+00
1.693598810088135735e+02,3.587763533468615762e+00
-1.707382957426501093e+02,6.089026071487995573e+00
1.680170887739976422e+02,5.057925064052263053e+00
-1.677710555632487797e+02,4.357026485250002246e+00
1.752978602492310642e+02,1.736086217678213472e+00
-1.775151606462126495e+02,1.748261361681032522e+00
-1.791569993087674675e+02,3.041736219255339879e+00
1.733554304261531058e+02,5.161053165730689507e+00
-1.788172342229186427e+02,4.501994482077460447e+00
-1.758015954233275977e+02,5.898718155263146024e+00
1.730881232501357658e+02,6.681394599579002502e+00
-1.690643031842011226e+02,8.538937560592271936e+00
1.680336350659355276e+02,4.997940583754714616e+00
-1.704810769692022063e+02,2.574117745436101501e+00
1.774721022137292437e+02,5.844897739826782512e+00
-1.788258665960287033e+02,4.310052316567920094e+00
1.765239850973231341e+02,4.658479099626274156e+00
-1.773566187735586084e+02,4.701123566581054902e+00
-1.790706517711101355e+02,9.065064242727665089e-01
-1.768572068773934802e+02,5.265702086080505495e+00
1.784575099518662569e+02,5.297437514591200269e+00
-1.788972235415466230e+02,1.174172687858888864e+01
-1.772505128930714307e+02,6.690201125714406061e+00
1.682539547274939196e+02,1.216167831517523013e+01
-1.669160566336989007e+02,5.654357076556507877e+00
1.714414169964018981e+02,1.019139469285592270e+01
1.770445041112638478e+02,5.391673086876731524e+00
-1.708239863579628377e+02,8.079201264028656126e+00
1.679427605980036446e+02,6.830767077452388314e+00
-1.643802783517493822e+02,7.200230656262041506e+00
1.793983924099578076e+02,4.853014819709748018e+00
1.737726654599734673e+02,3.795335127328362645e+00
-1.735065516870071747e+02,5.680871168758325318e+00
1.720610908574589075e+02,2.564691351631092076e+00
-1.733150304151253351e+02,2.434359203600906518e+00
1.778916594902272266e+02,1.225080309184886973e+00
1.735775239821118703e+02,2.346240548528736980e+00
-1.733828189214683277e+02,3.220775336406384248e+00
1.730457362211057557e+02,2.849872247722422536e+00
-1.794052023748128022e+02,2.779519095837978959e+00
-1.794701302316433953e+02,3.547795889661614410e+00
-6.553074634927924080e+01,9.217477191600202957e+00
-6.017430250512138201e+01,7.690654728807187368e+00
-7.194934714269236053e+01,6.229285964368239448e+00
-5.750800099601853788e+01,5.099469789047592627e+00
-7.368688229334095752e+01,6.041159772720455123e+00
-6.687787217916373095e+01,7.621745266884429881e+00
-6.307784452577948286e+01,7.810964843841253114e+00
-7.223593719763496779e+01,8.914314771483370592e+00
-6.371847628770397876e+01,1.076745726113119161e+01
-6.544279775027175106e+01,1.191486423722936117e+01
5.258234635691454883e+01,1.533251801010946735e+01
7.806517686281608803e+01,1.138690829294033691e+01
6.419163450404671778e+01,9.606568412643706978e+00
6.171296399216809192e+01,1.322438543205015904e+01
6.945191108755825837e+01,9.457814564073737884e+00
6.528296131166233351e+01,1.192264481892927286e+01
6.538154677647803226e+01,1.021987667359190155e+01
5.889546888327369345e+01,1.226090883097481665e+01
8.153901987549041053e+01,1.116998144547222083e+01
5.620980409803184585e+01,1.065699511226349827e+01
1.725876631120416960e+02,6.698306093675110873e+00
1.791663967362009373e+02,4.087263173446491926e+00
-1.780300122037280062e+02,3.528855580410079629e+00
-1.781969923976468237e+02,5.575239375053285151e+00
1.715372318817387338e+02,3.600918171088366648e+00
-1.780413869040041845e+02,4.884149459353537281e+00
-1.765278341763412584e+02,4.707402891252822741e+00
1.767796701637431909e+02,5.772027985184188914e+00
-1.691096098454045205e+02,7.426330632752145888e+00
1.655552934595860677e+02,9.949473989162573417e+00
-1.685099147752753481e+02,7.250201514393459057e+00
1.752739412108281556e+02,4.667264182541446260e+00
-1.759338735541901428e+02,3.899318900513911501e+00
1.796060255578314582e+02,2.580784754472776221e+00
-1.755387218977502926e+02,4.523116169527067854e+00
1.769467244226934213e+02,2.890826097237487069e+00
-1.755881926591403897e+02,6.949783520160597305e+00
1.681173209535089654e+02,8.361308736920863183e+00
-1.607186856874942862e+02,6.996151639611090545e+00
1.565428880940698662e+02,8.118395203464114473e+00
-6.402799179159030984e+01,1.363062238970734441e+01
-5.707335151034703102e+01,1.368940816943888805e+01
-7.664226951804080556e+01,1.206746579604108049e+01
-5.618832489776166028e+01,1.269342360234123035e+01
-6.130182144081792472e+01,1.297262673431212221e+01
-7.305683334118432981e+01,1.736859502267108013e+01
-6.808274869383656380e+01,1.498763841006095987e+01
-5.835787379794995644e+01,1.681954504385898730e+01
-6.867764494436934797e+01,1.696903532353907451e+01
-7.185434791391057274e+01,1.587416525084410068e+01
-7.165748878525640464e+01,6.579086915638316491e+00
-5.918905376531530038e+01,6.308862176518816867e+00
-7.775526178844860681e+01,9.481402593858055283e+00
-6.256009637751309072e+01,1.072576052799889545e+01
-6.790859754147945182e+01,7.502920210548914781e+00
-7.391502089520164986e+01,7.911049903194189881e+00
-4.177085931279603415e+01,1.198101573724170343e+01
-8.710759078523632581e+01,1.068453502834778313e+01
-4.962789855708073361e+01,5.908576347804253004e+00
-5.285442926004683528e+01,6.642415710679212104e+00
1.778905235909377325e+02,3.643422297728688974e+00
-1.600186610607991042e+02,1.126599497200113653e+01
1.662408049662367091e+02,1.325762807813882205e+01
-1.762074255537607712e+02,5.882446103724984887e+00
-1.798427954223196537e+02,1.120941832574016139e+01
1.756704257672651011e+02,1.032079575457989939e+01
-1.716014426828122907e+02,1.077284806060988664e+01
-1.718955683054365693e+02,5.488143823361808060e+00
1.625631974269228692e+02,5.150088201186628467e+00
-1.616183714504227282e+02,6.407110861042562888e+00
1.565778488889172309e+02,8.932599211343070778e+00
-1.644181069086462799e+02,8.376420230267836331e+00
1.751756999588841666e+02,8.690081708681660189e+00
1.747231831615484623e+02,7.093639371490233714e+00
-1.637832488593560356e+02,9.860034630457910509e+00
1.608467065566076428e+02,1.254983135024815333e+01
-1.668460139242324374e+02,8.777543692810214182e+00
1.792036681021714628e+02,4.141404455934233120e+00
1.760028392342236430e+02,2.903605319002031671e+00
-1.683037147503239623e+02,6.398425283014103293e+00
1.665885648663835639e+02,7.176816916130122515e+00
-1.794952704749892689e+02,5.673622564751378050e+00
-1.748243819867959985e+02,1.095329220442958018e+01
1.786387809263690087e+02,1.366224759390193100e+01
1.768723514833897639e+02,1.128648734060605818e+01
-1.694040843128939855e+02,8.465022961118290112e+00
1.678364913126082740e+02,8.122844441656077663e+00
-1.719125318423527915e+02,5.572269260123360546e+00
1.770216006320000872e+02,6.664203249761734504e+00
1.747113956598818163e+02,5.129530054183254251e+00
1.790361781606431748e+02,7.556708855918298440e+00
1.771653262575490260e+02,6.038910127622395763e+00
1.762756678370404018e+02,8.234207938789856129e+00
-1.775687676065403480e+02,7.097529340646373086e+00
-1.760495183278181912e+02,6.112789772773075114e+00
1.779179606542862189e+02,5.611495261605780271e+00
1.783816202593132800e+02,6.649013167408213576e+00
-1.790374816191381626e+02,7.040281963795061770e+00
1.775627291866071573e+02,6.293015547451425107e+00
1.728689625338301994e+02,7.823783384231061788e+00
1.727041984485440196e+02,1.977973084190009168e+00
-1.762791612847912575e+02,2.147991057640616042e+00
1.790774159220989645e+02,2.668754465904184414e+00
-1.762319156406156822e+02,2.449052640007589154e+00
1.787284052958121663e+02,2.544382955574155503e+00
1.795672427378206066e+02,2.842530528266911105e+00
-1.777748055895322636e+02,3.930447590576407357e+00
-1.749141431646178830e+02,4.063649198210232960e+00
-1.765587295554404932e+02,5.930535646493082957e+00
1.735687995470458134e+02,4.919470894422844687e+00
-8.038796671703539687e+01,1.219824102686855127e+01
-4.819999225011756749e+01,1.340411799878415167e+01
-7.453976695123337493e+01,1.287199937482883882e+01
-6.495050801746680236e+01,1.443582125532143934e+01
-6.374653767596083043e+01,1.316893206244118453e+01
-5.927079409543466681e+01,7.567899586010806701e+00
-7.670045089966178864e+01,1.378990730547755028e+01
-6.269436743925218281e+01,1.099793496581441943e+01
-6.686280876331444745e+01,9.857642248240132687e+00
-6.029932306852031587e+01,1.190819745206715652e+01
-1.765282242929429799e+02,1.356473747869243951e+01
-1.771576220298277917e+02,1.339899195727475600e+01
-1.775431807774288302e+02,1.209888497787869710e+01
1.783662300616583138e+02,1.478882996110490033e+01
-1.772356236888997216e+02,8.846256273660344505e+00
1.710867157174999136e+02,9.312316062862059596e+00
-1.749622123396839299e+02,7.249529414931855875e+00
-1.753770270965623865e+02,7.583371582901369479e+00
1.710471807986038755e+02,6.630010045254621787e+00
-1.771519717401353660e+02,6.053228501296048947e+00
-1.722344843649958079e+02,3.495488172170869934e+00
1.686137634131885079e+02,5.513469640026520402e+00
-1.676264744744448194e+02,1.014700868266695721e+01
1.683312385634301052e+02,1.005721403440581341e+01
1.740537847907574189e+02,7.287984773433740848e+00
-1.531215277955892020e+02,1.797921142394299920e+01
1.619832328781903072e+02,1.499276811596097403e+01
-1.698682686430864806e+02,1.075547037027998520e+01
1.722540454653899360e+02,7.425054104860009829e+00
1.689939345013811476e+02,6.314583788570534040e+00
-1.736249301405200640e+02,6.560820815921424298e+00
1.737059062598863761e+02,5.770730606034337740e+00
-1.730433120507797469e+02,6.394559008188180016e+00
1.696139531716299302e+02,6.630933493017549196e+00
-1.699965054133644458e+02,6.644006043932568772e+00
1.763214336984254373e+02,4.926242842201263628e+00
1.768337124204846305e+02,6.931337015483339137e+00
-1.771590541993345767e+02,6.618243744951489482e+00
1.792921027900557931e+02,5.064957192865957580e+00
-1.756777584242552734e+02,2.980441490491454459e+00
1.603076171605469540e+02,8.185113357284922841e+00
-1.633247293883882207e+02,1.251696133151427759e+01
1.785115126689670717e+02,1.235514911713381103e+01
1.691153794765669431e+02,8.701805199103013422e+00
-1.622147717445219826e+02,9.512345138148681656e+00
1.708752414635478374e+02,9.047387112094805062e+00
1.683901289267378445e+02,7.820227103958593773e+00
-1.607542389214947320e+02,1.063285857520322608e+01
1.702579584593001982e+02,9.026623626674354028e+00
-1.710832231971834858e+02,1.306076969977699243e+01
1.780612757193631808e+02,7.871486299754195670e+00
-1.766490634655064866e+02,7.782783032708792348e+00
-1.734138038726221680e+02,5.048530059606977538e+00
1.723943647696561072e+02,9.379093260143299915e+00
-1.768317955578649787e+02,1.001257843637514355e+01
1.752910736919718886e+02,1.131507625374290171e+01
1.734288216119107346e+02,1.208120571840701984e+01
-1.795658174917845145e+02,1.188127280270922270e+01
-1.754496881127753909e+02,1.109807838600097973e+01
1.665094339135487758e+02,1.421840263667912652e+01
-1.781584169888830900e+02,2.128579620149003926e+00
1.782598427390973654e+02,2.564525962377114610e+00
-1.784034489658060352e+02,3.429143365753554829e+00
-1.783878758189775340e+02,3.860487263355163456e+00
1.792314254220983969e+02,3.190967084573363088e+00
1.799851293866877313e+02,4.049240742000581150e+00
-1.797346116436825127e+02,3.544764219089302504e+00
-1.775196306154126660e+02,2.430342611131302455e+00
1.771391506966274392e+02,3.557607983093999948e+00
1.791947145647870059e+02,2.468818346837982070e+00
-1.745257334796522457e+02,4.391912553092841343e+00
1.788949460481279914e+02,3.859801807110359029e+00
-1.793747714966206672e+02,2.609999688804808038e+00
-1.784242274907697947e+02,4.419918096668702390e+00
1.761756425361171523e+02,6.538215488406346587e+00
-1.756863536809240713e+02,6.051361377205502379e+00
1.756088046215563452e+02,1.615387966828257582e+00
1.787914330486372876e+02,1.065114164891416637e+00
-1.762136675720711310e+02,4.664131489017981025e+00
1.550017039036660265e+02,8.723351721196792141e+00
1.781832828528916650e+02,6.156068384819000983e+00
1.741918853083703880e+02,6.495868370374195067e+00
-1.741227659708335409e+02,8.496803661637626348e+00
-1.788127976449341645e+02,8.096482503096353867e+00
1.725389246531265712e+02,8.235242931070686723e+00
1.790266289363804617e+02,6.013904223468484744e+00
-1.756468409594122022e+02,6.438457922020504931e+00
1.678266151108000201e+02,7.993928766766369876e+00
-1.774019487352691158e+02,1.029790037520669088e+01
1.735812161643185334e+02,9.132754823539794842e+00
-5.656072073125402255e+01,8.221767320790338118e+00
-6.025984267528446026e+01,5.263597217525416205e+00
-6.114455791808359919e+01,5.157261295937760615e+00
-6.559205444108992822e+01,8.631845324708644185e+00
-5.590202524083703395e+01,8.003364369564600622e+00
-6.460145627764227072e+01,8.455638520216714582e+00
-5.060755058431099229e+01,8.277685424121122182e+00
-6.185872943247421318e+01,9.189859492310047173e+00
-5.964689007355193695e+01,1.006651627577112151e+01
-5.892211881144061891e+01,8.930804917862646519e+00
1.635555562283648214e+02,8.703081196439708123e+00
-1.506358717814524368e+02,1.377814661268868335e+01
1.668899928085640170e+02,6.293327024282929116e+00
1.625604285897606758e+02,1.283859920850484215e+01
-1.665808865179987777e+02,7.329124302261446289e+00
1.765993273317219803e+02,3.618705764997972807e+00
1.793722507966467106e+02,6.481595160395447586e+00
-1.722224963791844914e+02,7.990700022537669867e+00
1.673430449605303068e+02,8.406498496647703433e+00
1.787648462528530615e+02,2.627033271555306637e+00
1.739671515606726189e+02,2.036393505016324212e+00
-1.760113705138362548e+02,6.246347318448396635e+00
1.696557894845826411e+02,1.245168522151052315e+01
-1.785410068209687893e+02,7.604029153158371024e+00
-1.719646674094533125e+02,1.130738694234251440e+01
1.681326568202077283e+02,7.592205229181626436e+00
-1.796688521625617341e+02,5.831058781178898087e+00
1.748561043247987072e+02,5.188481589240703684e+00
1.767775299921098338e+02,4.690939593093389703e+00
-1.638576003852630549e+02,9.130605587869329298e+00
-7.441449852254802977e+01,8.728519651952709069e+00
-5.963053822425322181e+01,7.786231512581165859e+00
-7.455589674466180838e+01,7.352186525871803546e+00
-6.090135518223881661e+01,6.286290735038473798e+00
-5.986108667649446602e+01,4.118451599990295975e+00
-6.678015791042751914e+01,7.967379968239647781e+00
-6.999121441830092749e+01,7.094704919062362336e+00
-6.824509891607277723e+01,8.629124585950044946e+00
-6.152934640266081345e+01,5.760868635020064410e+00
-6.473944203730255254e+01,6.022686149703972980e+00
1.788140871812913701e+02,7.802785993975710710e+00
1.748296879825830104e+02,6.349544681647000033e+00
-1.692701688103606159e+02,5.987182581535744674e+00
1.695979961152102362e+02,5.759926166355961108e+00
-1.790210144910618908e+02,7.001497141292635007e+00
-1.790626698195522408e+02,8.639014721340739555e+00
1.700346006453001451e+02,8.573447725277091536e+00
-1.715474587173838472e+02,6.576414808589936101e+00
-1.784390769022376730e+02,6.336017952408173670e+00
1.732948173412320045e+02,7.517278309236399281e+00
1.731779308624030307e+02,1.912202636731755945e+00
-1.694224808121371666e+02,2.406474206978243657e+00
1.672691952519307108e+02,3.759076417159306516e+00
-1.717336794718148951e+02,3.667301737644747206e+00
1.715535159653596224e+02,4.667830706985904854e+00
-1.793999241882360423e+02,3.547932191917628320e+00
1.775731457013395413e+02,5.364915912852175062e+00
1.795373079928803293e+02,2.901322399083247738e+00
-1.789349618493078822e+02,3.250355084806175743e+00
1.746613615074828658e+02,8.467738724229580960e-01
7.842373441705882442e+01,1.772587331750280271e+01
6.630435540953216389e+01,1.267119817796740833e+01
5.674171949442432350e+01,1.464240906374248041e+01
7.524896117676254903e+01,1.260501087201770787e+01
6.810723428657576051e+01,1.234473238744506496e+01
7.037637505769927770e+01,1.118555788320216493e+01
5.551899025180762948e+01,1.024931972202803188e+01
7.432137206926132933e+01,9.229849694164947493e+00
5.905398927903669204e+01,1.022188892118918169e+01
7.059673146654296261e+01,1.095316637062074605e+01
1.771891941517772580e+02,6.004796751453939763e+00
-1.612066841776854744e+02,7.811704124849240927e+00
1.722227542162229099e+02,8.908801147943183452e+00
1.713684900889872438e+02,7.899433258463886887e+00
-1.609367436028354632e+02,9.134226944305526175e+00
1.770132341128672522e+02,4.540307107926029317e+00
1.663228365459870588e+02,7.664977947120036106e+00
-1.630901998860565243e+02,9.162066187453724808e+00
1.719795413694121464e+02,9.771858582566611773e+00
1.770606073486753189e+02,8.910237499643201886e+00
-1.639594083015184083e+02,8.731162287481879503e+00
1.744637882530362845e+02,3.181132451123058758e+00
-1.750272165409574825e+02,1.467067283257888377e+00
1.791476020138009346e+02,2.087106292495239046e+00
1.792469606108849973e+02,4.279149264547828402e+00
-1.788386150628112716e+02,5.726706031559639420e+00
1.773449090098131080e+02,3.377370963426040706e+00
1.749309488687945873e+02,1.305395786847586725e+00
-1.687422538123691425e+02,1.465384172328530354e+00
1.671916017532097385e+02,2.869626851880443752e+00
-1.693422541120922347e+02,3.438629699399490480e+00
1.753294226787229775e+02,4.447467504853120701e+00
-1.792747754719965201e+02,2.151538251714631311e+00
-1.778381685499825551e+02,1.958041673830670071e+00
1.778860137609910907e+02,2.165653970455966970e+00
1.710431755815326369e+02,1.651147478192772411e+00
-1.705024912233680254e+02,2.485190465648075442e+00
1.724966139624609696e+02,3.677588878646477433e+00
-1.764990349768365832e+02,3.768388573722520007e+00
1.792146088901237988e+02,3.713155313413209591e+00
-5.480708515589552121e+01,9.489780535736942468e+00
-6.904980006786486513e+01,6.228891853092247466e+00
-5.023674294456409228e+01,9.175984455879067525e+00
-7.265636580673843525e+01,8.441706611600331200e+00
-5.938840379848387840e+01,8.525494740594776744e+00
-5.448943840649724990e+01,1.232396641708277585e+01
-6.658376895187990385e+01,6.355724910256057569e+00
-6.158510437950799599e+01,1.174239769938112055e+01
-6.469810034323683112e+01,7.687666092008690555e+00
-7.404532797321348880e+01,6.279868099290236039e+00
6.624698792053381169e+01,8.128821184466444194e+00
6.585431421441644773e+01,8.875407833701618898e+00
7.400483297635062740e+01,1.056863410822554350e+01
6.248290238492051429e+01,1.015686853717342331e+01
5.267474317666096084e+01,1.124735120638554520e+01
7.414378389047601559e+01,1.029944961250049040e+01
6.974461498050504815e+01,9.116029651966369940e+00
5.619246928040210776e+01,1.403053838426428968e+01
6.708047031478825772e+01,1.161267596309014749e+01
7.209254898676192624e+01,1.066452874280675189e+01
-1.770946352846614218e+02,8.588731802382913116e+00
1.673157332866976219e+02,7.365707031548158312e+00
-1.797747882688532854e+02,7.580251695560946246e+00
1.741221792359777965e+02,7.185817702217994096e+00
1.778780646436424604e+02,8.429943873295670187e+00
1.742746457553223536e+02,7.081136108654302319e+00
-1.770471347717578112e+02,7.402553135727696798e+00
1.670253184613906114e+02,8.052224841440359882e+00
-1.683112998872287278e+02,8.881297675947697812e+00
-1.758207728348986620e+02,7.838484611662838830e+00
-6.231699376644031929e+01,6.118699985456282242e+00
-6.186583416135042768e+01,4.814581625483472571e+00
-5.984600483329762000e+01,6.995313097966483262e+00
-6.549282001256821673e+01,5.365486802858038473e+00
-5.685429632436235892e+01,5.569904768309314136e+00
-6.985870421959695875e+01,5.504013427442281170e+00
-5.929127394563920461e+01,7.406089951268086224e+00
-6.728977694304496993e+01,5.334010764258397153e+00
-5.978358552140187498e+01,6.127464359952367268e+00
-6.150175850858882143e+01,6.451222135795408263e+00
-1.770467158965147405e+02,1.305249674889040001e+01
1.633674277477343253e+02,1.603421095144809172e+01
-1.602006703849857558e+02,1.682365318731521242e+01
-1.728883748381688008e+02,1.478642161251150355e+01
1.769892697569634947e+02,1.297955542697682318e+01
-1.640282707137675118e+02,1.134425530092444312e+01
1.740505165648490618e+02,1.072116538651604323e+01
-1.779144450528965251e+02,8.234984806091373954e+00
-1.764961168379913943e+02,9.625653381262189612e+00
1.763025947851927810e+02,8.140229831403775762e+00
1.679740101685933666e+02,8.096347197494996095e+00
-1.648877216858565475e+02,7.130129300987260166e+00
-1.796741718733468929e+02,3.453030844556737478e+00
1.706573487381915015e+02,5.605424374538882759e+00
-1.579923644201416266e+02,1.067586147002538155e+01
1.791792211394423759e+02,7.728582427491122786e+00
1.750231133119868900e+02,9.199165344349442108e+00
-1.634819822605281558e+02,8.011844146776679665e+00
-1.794462420605947841e+02,1.280843063695854767e+01
-1.775375434501221150e+02,9.404730070465909364e+00
6.033984312066126421e+01,1.816165377635574529e+01
6.965930544609659592e+01,1.570183364125431069e+01
5.816760391836625388e+01,1.276160149508556430e+01
6.632825275111960650e+01,1.343120195539010986e+01
6.568511197862189022e+01,1.220198382450300123e+01
7.228637502997948161e+01,1.349646869278155314e+01
5.866104844392427964e+01,9.162352452146434345e+00
6.552892359310347103e+01,1.094780275948047787e+01
7.714112221174893591e+01,1.053625874382342431e+01
5.852520323584297302e+01,1.558801631652899644e+01
-1.708291685653423997e+02,5.954442372667905659e+00
1.702883326338086931e+02,6.060291366891208398e+00
1.796976014836033642e+02,4.649537989697396512e+00
-1.768477348650654051e+02,6.808897212060577964e+00
1.794185947515445889e+02,8.001833257008112099e+00
-1.787948696219544615e+02,5.751646254297780203e+00
-1.768312936314746366e+02,7.269672712385845337e+00
1.735396405235621842e+02,7.858440139046484418e+00
-1.729041743951662227e+02,8.124969371046924849e+00
-1.686779311410149376e+02,9.135766633211620302e+00
1.786730139180795049e+02,1.937705690363397437e+01
-1.759743004407679052e+02,1.595340613240357897e+01
-1.738701425667715341e+02,1.751162633813654068e+01
-1.768951793372516477e+02,1.278094050054619757e+01
1.796952070487419348e+02,8.893485290675950949e+00
-1.686145560818942783e+02,7.558152906114031566e+00
-1.774007515890821480e+02,9.483854408349902343e+00
1.771166036747333408e+02,1.097170107183576704e+01
-1.752483345807857802e+02,9.620943700864618364e+00
1.780959309646438555e+02,6.919304553967384308e+00
7.185282781781265271e+01,1.217229210011855045e+01
5.398778146992033555e+01,1.120999726397416651e+01
7.143525829462652155e+01,9.893424365158637102e+00
6.181394708403146865e+01,1.049422436439937556e+01
6.224413007810456833e+01,1.209082112938179066e+01
6.905808946421343819e+01,1.114677261019815191e+01
7.966387911177557157e+01,1.095306209071209125e+01
6.088573247794281684e+01,1.041822678659776713e+01
6.787785514439221402e+01,1.068496180720972077e+01
6.544233843556949637e+01,8.372375286296996677e+00
-1.709382979692329343e+02,9.455012025039524204e+00
1.599993290223434883e+02,1.900512070194222147e+01
-1.698340741459110177e+02,1.097656140960518911e+01
-1.740646797742547847e+02,1.045385470850518317e+01
1.784729204986731190e+02,1.294642559262087822e+01
-1.684354819608126377e+02,5.788012886481521235e+00
1.762223209208854655e+02,1.248223415390471303e+01
1.754910778432853249e+02,1.044736507309136897e+01
-1.751090349475500432e+02,7.293757588270144865e+00
-1.742004925309835528e+02,8.429727273343701199e+00
-1.715673632724850961e+02,6.349348356209436162e+00
-1.792525986088270997e+02,7.901518246861680694e+00
1.779045829450095084e+02,5.826799680240783985e+00
-1.752459537797482767e+02,6.527952617604889873e+00
-1.765797934990339400e+02,4.868498069826648234e+00
1.750486241790619033e+02,8.286796944234655626e+00
1.796112425568055642e+02,9.513054690080881670e+00
-1.724787067161618097e+02,1.075217592340483108e+01
1.671842306402846248e+02,8.077906532376898596e+00
-1.692668536796189755e+02,8.941149679298177944e+00
6.318553627342367918e+01,7.744406633477339597e+00
6.833203329734577380e+01,8.293291724491115957e+00
5.294796429267641713e+01,6.832666779813752811e+00
6.415815386886309568e+01,6.181814066396353446e+00
5.892260956148924578e+01,9.044708634216812371e+00
6.282545242062100499e+01,7.244684543501287877e+00
6.955278432756446705e+01,9.143112674876729074e+00
6.530287282452130171e+01,9.675043837868223306e+00
6.496693087002834943e+01,6.191129990053379828e+00
6.206794252681131496e+01,9.613426810606796380e+00
-1.787605326780127655e+02,9.502700682284748623e+00
-1.776008217122878534e+02,1.183447140652696561e+01
-1.655459551025377891e+02,8.275239940941757411e+00
1.723965799237677459e+02,1.216859835735512974e+01
-1.737158876806313117e+02,6.254904918371766875e+00
-1.694370290067927840e+02,1.367682996021003206e+01
1.722444499817893586e+02,6.963230160147121595e+00
-1.697171464698301691e+02,1.304374410423505282e+01
-1.783010020372201723e+02,9.527229132580973925e+00
1.763698078361950365e+02,1.240942973873407951e+01
1.722632751360842747e+02,6.022177667066857865e+00
-1.781924337359453148e+02,7.700223586614882265e+00
1.687034897085946170e+02,6.745672028911554818e+00
-1.754068077345419567e+02,8.489915799859144130e+00
1.775287836794929319e+02,6.659029724013041829e+00
1.685266751711545510e+02,6.269351143149823891e+00
-1.678796237129991482e+02,9.560755600808892751e+00
1.657473920185549616e+02,9.892392243916496852e+00
1.790196098941981404e+02,8.712054063242522517e+00
-1.630934719651458238e+02,9.635453940131107231e+00
6.373618906834639120e+01,8.605773139819753226e+00
6.200499911788624985e+01,1.011775258676880540e+01
7.050238918002241917e+01,6.066520375070973969e+00
6.316442676974508430e+01,6.813596474068571496e+00
6.721384735316897263e+01,4.882347686957979604e+00
6.858111224075437917e+01,8.708002540192193663e+00
6.012042399557010697e+01,8.429432308073110391e+00
6.372053080346822895e+01,9.256492521298575582e+00
6.203879307784954023e+01,5.559135267712262518e+00
5.403154389598907414e+01,9.533284564871696176e+00
4.522274918485076256e+01,1.312579667154924579e+01
6.076475292039921783e+01,1.334628244070028380e+01
6.779391647205858362e+01,1.744952889814115338e+01
2.936843222806430020e+01,1.380388959311679287e+01
8.299347720612115609e+01,1.140611594655978678e+01
5.902739106002383096e+01,1.380629485562261038e+01
5.683583795556061347e+01,9.355981266490148940e+00
9.200044650607993901e+01,2.138169094865629916e+01
5.987737413286227905e+01,1.296332681892465644e+01
7.238365324791860189e+01,1.050587535180689258e+01
-1.735997875138625943e+02,7.352184044574553212e+00
1.798310189251836562e+02,4.578073735003060918e+00
-1.710110675529640503e+02,8.515072805112339438e+00
1.739017841282592371e+02,3.985559570908914218e+00
1.793775008394085262e+02,6.786034903500432591e+00
-1.689235742000965104e+02,5.698777108076839681e+00
1.718641347644496591e+02,7.258285607904287673e+00
-1.791264883577951537e+02,7.734116870532314891e+00
-1.712215118721411500e+02,8.469143659600808505e+00
1.741719826555234079e+02,6.040919397739906493e+00
-6.675672845809424416e+01,1.040438704014620797e+01
-4.308263860898561148e+01,1.016604565149631689e+01
-6.147096529467979309e+01,9.314409281744252311e+00
-5.205574874352981141e+01,8.166807204255789543e+00
-6.205174055569004565e+01,6.284811096133209318e+00
-6.876178886675467083e+01,8.147791250826037057e+00
-6.175330473259460007e+01,1.279876596373519426e+01
-7.835020228052601965e+01,1.194115989769275643e+01
-6.129862646482852995e+01,7.216669417237449480e+00
-6.130058765503670770e+01,7.115212401165235789e+00
6.287538866418859840e+01,5.079910347816653626e+00
6.013147769982520430e+01,6.633160512252581853e+00
6.293897879545875895e+01,6.474411423728290593e+00
5.532124208838464341e+01,1.297577030005633070e+01
6.695840414454906409e+01,8.716924962725340009e+00
6.685386439043141138e+01,1.102983181583260830e+01
6.429550119077002535e+01,5.186149162662237799e+00
6.820777410691560760e+01,1.050135491476903127e+01
6.745234743771094088e+01,4.616488986326768185e+00
6.215072077081038771e+01,9.336854031512414664e+00
-1.747474089318834274e+02,9.842184591043920960e+00
1.685776572152014694e+02,1.295418201896285915e+01
-1.738031099341250467e+02,7.450683030718181499e+00
1.764897750496553499e+02,4.300384677088379348e+00
1.739375689865995867e+02,6.867838436508480804e+00
-1.773557676765719293e+02,5.363228183209409750e+00
1.666370157806546217e+02,6.675309346402153565e+00
-1.748968603021355648e+02,7.043928349681313428e+00
-1.753126571744982130e+02,6.451296609547664040e+00
1.713826046119727948e+02,6.180910931219230520e+00
-6.912190480013276783e+01,1.165186890046955881e+01
-5.546751821871983168e+01,7.562599134069884599e+00
-7.259587347228416832e+01,6.379025772986063103e+00
-5.116452157937511913e+01,9.811199690171886090e+00
-6.976072632073191926e+01,5.730937934935624867e+00
-5.512643094451180303e+01,1.016130651496633597e+01
-5.161031638389948029e+01,9.089094233488401287e+00
-6.807558786253950700e+01,7.476138447726940583e+00
-5.086723357273035617e+01,7.192158367262731389e+00
-7.377510220239166472e+01,6.337387279397594497e+00
4.777950965468615863e+01,1.312216561841563056e+01
6.477770883769545662e+01,1.783985102721952742e+01
4.117277395582589605e+01,1.425705206876761721e+01
5.058557908058636343e+01,1.361409019971653045e+01
5.307325316933986414e+01,1.226504251616287533e+01
4.574813740592548328e+01,1.360352057550017157e+01
7.354588166161511253e+01,9.971095579151159072e+00
4.817565449123300425e+01,9.471874692718987632e+00
6.053443629557475703e+01,6.279174246387313474e+00
7.397645917938761784e+01,1.114924857292588101e+01
1.796416093066183919e+02,6.070804281477167663e+00
-1.711685923913120178e+02,4.949071120012940028e+00
1.603113935693335748e+02,7.583728806654939092e+00
-1.770307922004467116e+02,4.428572168136542864e+00
-1.717812074144018482e+02,4.436059840535449439e+00
1.712682824199175400e+02,7.027644332015379192e+00
-1.789549167530276463e+02,5.046808242970745262e+00
-1.718552461340630657e+02,6.251649459794581531e+00
1.778359941112333615e+02,6.759388089511905839e+00
1.746649251954211763e+02,6.155535770910610438e+00
-1.647443916180559427e+02,7.646989940149836684e+00
1.667733752613473541e+02,2.227606525102320489e+00
-1.647181174748544379e+02,7.960467219689974172e+00
1.629744560466301664e+02,4.804508434664054306e+00
-1.720550374157243709e+02,3.177387705952323671e+00
-1.740213421119510713e+02,3.707912960284857284e+00
1.743127441616490216e+02,1.895932291501564393e+00
1.788019879130725087e+02,1.590808240270009666e+00
-1.765229542519664676e+02,5.276200723137364212e-01
-1.793793149950606960e+02,3.008534880399296174e+00
-1.789923960702265902e+02,8.230975085467653329e-01
1.795561005534804622e+02,1.733293753321826891e+00
-1.764056358273353737e+02,8.466582095407981789e-01
1.792133915797571717e+02,2.895009043776400892e-01
1.761339391967690631e+02,1.449171429551851631e+00
1.797562612680902703e+02,1.155730446271098666e+00
-1.744212430499090374e+02,1.772638888470709162e+00
1.735672105467831443e+02,2.580719407664477494e+00
-1.744709284103387574e+02,3.765930671167424748e+00
-1.769092392920063617e+02,4.592965962364698562e+00
1.743170632712664201e+02,9.989012472435275569e+00
1.786356345123010385e+02,1.370521153632884293e+01
-1.775103788215747329e+02,1.036426344923440368e+01
1.732452893461777137e+02,7.792175905619938447e+00
-1.760689533333146812e+02,1.063189688545304357e+01
1.663554159094318834e+02,1.126463607779309939e+01
1.796402935165520773e+02,7.372402106790890031e+00
-1.772649276456455141e+02,5.637907593811828377e+00
1.783133180881169437e+02,6.705394729974234025e+00
-1.791585353981301978e+02,7.325597754332669354e+00
5.730151602234084152e+01,5.115442158996254207e+00
7.126805497252509269e+01,5.886927074811904248e+00
5.447510338380468653e+01,6.846987468120194542e+00
6.922763647431519018e+01,5.939679483261230075e+00
6.050766611858581712e+01,4.148864286613082264e+00
6.580085014299298507e+01,6.234906870747824570e+00
6.008650164211182698e+01,6.478398001637021508e+00
5.616264592152121793e+01,6.683457282013902656e+00
6.516739122234837112e+01,5.636353716708494943e+00
5.552449008550598109e+01,6.358085286627485289e+00
5.584103052454673843e+01,9.316456654759029732e+00
8.261095592530348597e+01,1.314310344671777742e+01
6.265508659585606210e+01,9.234510855526389506e+00
7.223679004984562368e+01,6.672879391775733637e+00
5.719527510447620955e+01,1.186844921951642107e+01
5.875987349512949720e+01,1.135846433886002593e+01
7.406097069970277857e+01,1.186355171317095270e+01
5.102134884099131540e+01,1.288782102109001571e+01
7.575889643769357917e+01,8.618554746707324909e+00
6.197419179623164354e+01,1.144612254382155747e+01
1.770697807426090264e+02,7.221870738165802273e+00
1.798383010522009613e+02,9.115385338348728439e+00
1.795357038652961990e+02,1.527525672171556437e+01
-1.794703170734248090e+02,1.133710339540544076e+01
1.795758348490079754e+02,1.172440447075860703e+01
-1.766855983606011193e+02,9.805631757592632169e+00
-1.662227966497218858e+02,1.235056384908454419e+01
1.692207715781501349e+02,9.661966537447140624e+00
-1.692576148534478477e+02,1.828481206954580074e+01
-1.746309770626430122e+02,7.799963510273240530e+00
-1.750732853083502505e+02,6.561382996928964317e+00
1.775534899365329693e+02,1.088495612515626654e+01
-1.773020873539721833e+02,6.082211265393611122e+00
1.715982057920580814e+02,6.697024301552232828e+00
-1.651731223610816528e+02,4.213648893473600943e+00
1.694287417454890772e+02,9.875194951212318273e+00
-1.700400086366382197e+02,5.221792857845806601e+00
1.757822310847627705e+02,1.349243909952653020e+01
-1.784025653196600558e+02,7.158928299758891889e+00
-1.770829715477037496e+02,1.708119795569919575e+01
5.791726988205395799e+01,7.500605138356831958e+00
7.358861046706473985e+01,5.700191008892289801e+00
4.767702132877992227e+01,1.006298901711185678e+01
7.901690307152794901e+01,1.614299369110083404e+01
5.106624732412443990e+01,8.893594996089607463e+00
4.683313375796659273e+01,1.118672065437217711e+01
7.519983390352535935e+01,9.500925760617761284e+00
4.620985310389551159e+01,8.555517112969969418e+00
6.471511761552267217e+01,7.724856327523767163e+00
5.795640155167941288e+01,6.987274684555807802e+00
7.445521801708835596e+01,1.133361002436536324e+01
5.047077398691516947e+01,1.055540891620116994e+01
6.021483473425909949e+01,1.302327466385264998e+01
6.236319737021076293e+01,1.072358635925910519e+01
4.209786857199362231e+01,1.410811926847779674e+01
8.578928311159732800e+01,1.476855544518680752e+01
3.943700634426693341e+01,1.334468808411772400e+01
6.423170921917380838e+01,1.031877871389008305e+01
7.131050448428635491e+01,6.251099996026300509e+00
5.895502311389444117e+01,1.209663494921986882e+01
1.727134858222951550e+02,5.851646281109307068e+00
1.785695486088269490e+02,6.126606010436828065e+00
-1.693395146216192018e+02,1.080630291576402868e+01
1.656381681637262488e+02,1.168682107201526676e+01
-1.693593405821914644e+02,1.088862231118798896e+01
1.738291605128607955e+02,8.869867173629153001e+00
-1.707808379902140246e+02,8.478687087538222755e+00
-1.779288932107126300e+02,9.133593370980539916e+00
-1.761920614204063043e+02,8.646695533485530660e+00
1.581486431360398228e+02,1.138142649286508501e+01
-1.576007105085693922e+02,1.164673869517775451e+01
1.635272786180809135e+02,9.193531654465038727e+00
-1.754250577980639036e+02,6.709922911304211368e+00
-1.723875592997213460e+02,7.780298719507648286e+00
1.695755897120289433e+02,8.440629001599228687e+00
-1.644102804244637923e+02,6.632757797267551325e+00
1.757069411108485610e+02,5.247279289199914487e+00
-1.725460887260239247e+02,7.333193038694199473e+00
1.752978844411142916e+02,7.417023572939207554e+00
-1.797559701940119794e+02,8.806851474714004979e+00
8.639171535072604513e+01,1.244829151436612946e+01
5.971032828033724371e+01,6.412048554741975437e+00
5.663984345839428158e+01,8.607303942234050709e+00
8.805989883128937379e+01,1.360437036368406893e+01
5.727529285463746334e+01,7.059000946331626558e+00
7.261727152930647833e+01,7.655437522833185682e+00
7.282438151621806810e+01,9.390822714239302371e+00
6.378729234855474317e+01,1.412538913630806192e+01
8.401207966342960276e+01,1.300791298241951210e+01
5.015609108997322352e+01,1.198547771841130150e+01
-7.136070423866790691e+01,9.287439960945604867e+00
-7.092065404510415760e+01,9.469311722149299726e+00
-6.196294453499193366e+01,7.603335059739079860e+00
-6.375601745071675452e+01,7.957539367757576088e+00
-7.266958768152221637e+01,9.086879448696082662e+00
-6.299019891251931114e+01,9.737697773584695682e+00
-6.711792800670636439e+01,1.187806915709326461e+01
-5.162773529611479972e+01,1.193752074492562976e+01
-7.624143025203034085e+01,1.103147639267778857e+01
-5.705314888372608806e+01,1.231234616170261731e+01
-1.729540147206621725e+02,2.198808843122036727e+00
1.718534576751909242e+02,2.417691334645566403e+00
-1.734122620982531089e+02,3.062849912386970797e+00
1.716807381759105056e+02,2.952890953825665132e+00
-1.686941163939985984e+02,3.331874459667577781e+00
1.752821805275916631e+02,3.165469024858082570e+00
-1.736649965965207230e+02,5.511836899970524506e+00
1.700438742217672541e+02,3.589275876689902667e+00
-1.749514477805965385e+02,2.519569717394253061e+00
1.745315570142678325e+02,2.562914719143463138e+00
7.848996365604664049e+01,9.344589057176396096e+00
5.210554044341932212e+01,9.712665213932712760e+00
7.855711976154451293e+01,1.054640366600282242e+01
6.549202474162036935e+01,1.044793726451139193e+01
3.882774064700802086e+01,1.339833440151994992e+01
9.195052639468838152e+01,1.363584650689905331e+01
5.522017618537602601e+01,1.150369754657178234e+01
4.814287995519179475e+01,9.924600615810847515e+00
8.573833167082936768e+01,1.220687936008665808e+01
4.559324857131137065e+01,1.543779521256396947e+01
-6.925625443969185824e+01,1.150091561930628714e+01
-6.227248661804468810e+01,1.029981168129851810e+01
-6.820054291703480942e+01,8.855875189817060900e+00
-6.602266174314536329e+01,9.177765111816373889e+00
-6.664857565150335006e+01,8.778562142252686940e+00
-6.398361005193599027e+01,1.207916503306904765e+01
-7.505036621817384912e+01,1.232001483886552862e+01
-5.902546017911931386e+01,1.003527037884961359e+01
-6.621369262170037473e+01,1.267160000924298835e+01
-7.328434446910304700e+01,1.541571675690211052e+01
7.186008954039586172e+01,1.026161421945786678e+01
6.160475842216135334e+01,1.273050200137680577e+01
6.900109306292520728e+01,1.182574872716585013e+01
5.807529570396737739e+01,1.621223813427927496e+01
6.974413724021482608e+01,1.091264951834433106e+01
6.600241386455185477e+01,1.123063597356920695e+01
8.164462743534213018e+01,1.264671347061682027e+01
5.260202316449222337e+01,1.041958281714767587e+01
6.570165888639488116e+01,1.196587248713491469e+01
7.313522967726069623e+01,1.411954743552309210e+01
5.484386699572782220e+01,7.835143750780758864e+00
5.517879830387561668e+01,9.080295932309253359e+00
6.354258559829712993e+01,8.749946264052784528e+00
6.153847820269176339e+01,7.522699867414569752e+00
6.266113907153889073e+01,1.013047996954510488e+01
7.201682488648900460e+01,6.373048911606058908e+00
5.417234378346171297e+01,7.147275538255215110e+00
6.999973885072449775e+01,5.212615919321988756e+00
6.637551418627982969e+01,6.805009122596834104e+00
6.434982406959821333e+01,4.160326187476307780e+00
-7.274177062195671795e+01,1.631919874668351511e+01
-5.720779133222912094e+01,1.738754119958365507e+01
-6.342129673965614245e+01,1.219248986697792247e+01
-5.231828227886045113e+01,1.151712641236221657e+01
-5.865426043078647922e+01,1.255992936502996038e+01
-7.787951801913709460e+01,9.854859585972185698e+00
-6.070045367476761555e+01,1.137883804974395829e+01
-8.067504039239153713e+01,1.083122399424941307e+01
-7.063434206180991737e+01,1.565606565017411356e+01
-6.347908647057325027e+01,5.027042354165121907e+00
-8.290112059081145901e+01,1.416491749069760075e+01
-4.437947678217171443e+01,1.219846745560740153e+01
-7.266032759354027348e+01,1.456153571005980751e+01
-5.402397409455851829e+01,8.183514547059067112e+00
-6.621017013116590988e+01,1.553567473988336189e+01
-6.269204237784815348e+01,7.487301239877304226e+00
-6.226098269138108776e+01,7.859632767481368631e+00
-7.946927570923695328e+01,8.933989523437130487e+00
-6.514875243809055405e+01,1.457882814289777329e+01
-7.193945408500169947e+01,8.625040714782144846e+00
5.200203116457350916e+01,6.702279815395201013e+00
5.466955394636180898e+01,1.118343395127160100e+01
4.801125560829038363e+01,1.075179056627623098e+01
6.019030378266710102e+01,1.116409921276355277e+01
5.049519669919876463e+01,9.667149326638583062e+00
7.085270727763581533e+01,9.932768171556677572e+00
5.689610039088589843e+01,8.743591995146566376e+00
6.839616428318213082e+01,7.901434553301104557e+00
6.794299313310366983e+01,1.223362393845316731e+01
7.156147016547313910e+01,9.104709316122978180e+00
6.576452503268873784e+01,7.741053255436547431e+00
7.193614194367400216e+01,9.137318695176192662e+00
6.341465846949444796e+01,7.492923450559358045e+00
6.476986462661439248e+01,8.726298541655655328e+00
6.507597562412421155e+01,1.042748461593261311e+01
6.814627871441622631e+01,1.004373586311772648e+01
6.214858344502062693e+01,7.603199843039297079e+00
6.484745906998317366e+01,8.739777600944318436e+00
6.225052060076966143e+01,8.553499786921481274e+00
7.857707342108921011e+01,1.164155851113264006e+01
6.121321352000445870e+01,1.029483295497034234e+01
6.074874598940824910e+01,1.157973058733169225e+01
7.181911568758074793e+01,1.078334160433161060e+01
7.811285154346671789e+01,1.289770271524968059e+01
4.517163831228211279e+01,1.438221202639637042e+01
7.694133564475642117e+01,1.161653193902371939e+01
7.328744565278171308e+01,1.453668836320374780e+01
5.888231678715509787e+01,1.331649870686310067e+01
5.941951252039451958e+01,1.008533958611499770e+01
8.746292241783392285e+01,1.438439563081375816e+01
6.500500135301534499e+01,6.686929518804761940e+00
6.532584866199540841e+01,6.216229868203417830e+00
5.976937071732452011e+01,4.883259010575239145e+00
6.974911344125780488e+01,8.620205503968380256e+00
5.720490909839492844e+01,5.241805359944624598e+00
6.053507486439869467e+01,6.303751276911977897e+00
6.215929744076142782e+01,4.535998222272665359e+00
5.706322652184850597e+01,8.005966741737726267e+00
6.150892192485574839e+01,5.931058626092127639e+00
5.477260480817616184e+01,5.415586974782800489e+00
-6.284033018591329522e+01,9.507439390068194385e+00
-5.841058538522666055e+01,7.225238220981134774e+00
-7.278411132891055502e+01,1.155755034128572056e+01
-5.863788195155255778e+01,5.521183825580319393e+00
-6.130413782473240758e+01,1.246519570562013968e+01
-6.930246099940463012e+01,7.000516454459888571e+00
-5.850502815847324456e+01,9.504078237129856888e+00
-6.646142477838023410e+01,9.383095531282879875e+00
-6.606900792466484518e+01,7.290218793440860878e+00
-6.368336808347444844e+01,6.271070520688270200e+00
-6.918873666123188571e+01,7.288398278832293187e+00
-6.675607241689988314e+01,8.964703111686571191e+00
-5.741719611029725456e+01,6.434714115532226941e+00
-6.142605669592560247e+01,5.925097037046988646e+00
-5.755322238111417477e+01,8.842721915886674111e+00
-5.423320289930330773e+01,6.454475530859991039e+00
-5.715248811357550807e+01,1.077390364194066663e+01
-5.961227128881850490e+01,1.000570789023624663e+01
-6.766938722326415245e+01,7.459520690208410798e+00
-5.587192572098071253e+01,7.788415171474175835e+00
7.170880045711534478e+01,1.791327066933736134e+01
5.157691718327733099e+01,8.425098847702813032e+00
7.055306309902771034e+01,5.113585813290116633e+00
6.202332837442693148e+01,6.378049194989465320e+00
6.947818185982359296e+01,1.124223858151260913e+01
7.746449760434319387e+01,1.254928559259974463e+01
5.683159116290698165e+01,8.172890531820549143e+00
8.129273520313704182e+01,8.367047044032318581e+00
5.725932050817996810e+01,5.066709318698176645e+00
4.656299730251631530e+01,1.212785811907396649e+01
7.139781514383656713e+01,1.348101579185914112e+01
6.472279490652425693e+01,1.178863422052143939e+01
6.451393387093237664e+01,1.159922672964802892e+01
6.026822305986654982e+01,1.297114904888617382e+01
7.470655459120381181e+01,1.256410551528411723e+01
5.316824037223372557e+01,1.356118131373548863e+01
7.949632004209470892e+01,1.295905901407193284e+01
5.961534573527990233e+01,1.516721599400926124e+01
7.869913399349130145e+01,1.202004510338538701e+01
5.744688872004316238e+01,1.035677928593607788e+01
-1.498070533804819320e+02,1.476168137575609407e+01
1.573014942370133156e+02,1.556640109209088507e+01
1.796494901469639558e+02,5.168696324908797379e+00
-1.520925118084878704e+02,1.245343756338057162e+01
1.674107102956666608e+02,7.356187290738873230e+00
1.750405130136888943e+02,6.265672069199780481e+00
1.796937625817287199e+02,4.545677072749956693e+00
1.782354843724987745e+02,5.357467776044886776e+00
1.787492950293092520e+02,6.020014598705815345e+00
-1.729450284791290642e+02,7.302614162786270846e+00
6.575727600197600964e+01,4.968690783689902801e+00
6.311282667303650129e+01,4.577679490230286419e+00
7.076546048288230395e+01,6.208347508002518111e+00
6.976745161599409073e+01,8.280620284568854572e+00
6.577570462877736190e+01,7.974541207800280418e+00
7.684566729854752509e+01,6.631074923743002891e+00
6.376002139952234415e+01,5.607434873484054449e+00
6.108597859506594574e+01,5.276430894314055209e+00
7.175380564412995454e+01,8.317086640409094400e+00
5.356251346480725317e+01,8.384119760752334116e+00
1.757379629425397241e+02,7.543685685131824137e+00
-1.753228558011249731e+02,4.653184419641608116e+00
-1.791182634170849042e+02,5.170888571624121965e+00
1.650609213110439271e+02,8.097466629591719922e+00
-1.626472132840551694e+02,1.224027435396292773e+01
1.662327823907603772e+02,7.247451066390681262e+00
-1.723259856856842589e+02,9.096667016965321650e+00
1.669664553287094009e+02,1.077364181462933423e+01
-1.709512913964312020e+02,1.184398312816158416e+01
1.745887514843974770e+02,5.084871157524614382e+00
1.771447640009931490e+02,5.897932427472289518e+00
-1.783415751788413957e+02,6.150543609077008256e+00
-1.742076536883910478e+02,7.641141717469285055e+00
1.761601889846361644e+02,7.304053061212483655e+00
-1.773542782508799860e+02,6.158715444029962072e+00
1.782117498031431921e+02,5.701616296912460413e+00
1.735453592635815028e+02,5.701591470199204537e+00
-1.698750817708528871e+02,9.223515432720159168e+00
1.725473421239682921e+02,4.901433512099528045e+00
1.705987381249975385e+02,7.397367682366578379e+00
-1.626635526747962786e+02,1.062984539618153512e+01
-1.485596396887620756e+02,1.158187537270836742e+01
1.368851475182974866e+02,1.450461789198110019e+01
-1.784698918809880297e+02,4.054211746519804649e+00
-1.634361955948896252e+02,1.366800403911176254e+01
1.647345676863075710e+02,1.042338181937616781e+01
-1.709808556985405517e+02,9.928771539145397895e+00
1.698023701317501946e+02,6.131089087451964126e+00
-1.734576868836052483e+02,1.355077223412471632e+01
1.637062568421919195e+02,9.694367462428623128e+00
-1.669834523206932886e+02,9.067151246780625229e+00
1.713353268227224078e+02,8.341189097433726829e+00
-1.726870097077010371e+02,6.662253190667967395e+00
-1.755478486031643115e+02,9.470793452203457363e+00
1.709079642398212400e+02,8.057473851466792070e+00
-1.593978271386201016e+02,1.073561546187056592e+01
1.631738089674545904e+02,1.038653168276811734e+01
-1.657826082905997396e+02,7.102564408518689199e+00
1.741268621606587885e+02,6.053976411638726240e+00
1.795881760706704711e+02,2.633467741890433089e+00
6.072533145623992112e+01,1.287800667755481854e+01
6.943186408596400838e+01,1.129262946898433384e+01
6.259581660839286599e+01,1.063763641131155779e+01
6.386753368195747527e+01,1.608007496129334868e+01
7.627036590713569808e+01,1.202440081301978303e+01
5.881650553171319729e+01,1.282366155485042647e+01
7.438752746262289861e+01,1.287283432601589794e+01
5.996467570899418575e+01,1.151452560908672496e+01
5.965610544891968203e+01,1.540733534345601186e+01
6.769831912732406920e+01,1.259163930812364640e+01
1.716498879071256454e+02,1.767857790695851694e+00
-1.692745037149679206e+02,5.158671466738609546e+00
1.600647692526647461e+02,7.943626597601788575e+00
-1.643075153227455871e+02,6.949407816436421470e+00
1.739351025267383477e+02,5.995912361843446448e+00
-1.660968643274542274e+02,6.706583900524087483e+00
1.689179953748152911e+02,7.808198788356818909e+00
-1.637653351574074634e+02,1.410771663035353107e+01
1.587061897728897577e+02,1.331188072027500979e+01
-1.625684157537047270e+02,1.456418076538208872e+01
1.619925523819409818e+02,1.194503913332600220e+01
-1.719540713702272114e+02,1.012448344461202510e+01
1.770159224231701103e+02,1.012469979846447288e+01
-1.718651552745938602e+02,8.158496778669476868e+00
1.660071917900094149e+02,3.716157416324264773e+00
-1.623999976383967407e+02,5.326474989661488024e+00
1.594577619812214948e+02,9.984576580621736142e+00
-1.783106614024655414e+02,9.526569415181269207e+00
-1.773140064273193843e+02,7.393080823204474683e+00
-1.796697885166884703e+02,8.897463405549078885e+00
7.382552592629204469e+01,8.603349592877762575e+00
5.958727757628473398e+01,6.260135905013550328e+00
6.506541776803700827e+01,4.632513645980260719e+00
6.642450276114180951e+01,4.945321244466803989e+00
5.978190009708318087e+01,7.877765942748229833e+00
6.540930651918711192e+01,8.923669000695932496e+00
5.266833474885311972e+01,6.983277139854223492e+00
6.163139255374628789e+01,8.401301292074517590e+00
5.700012526649019406e+01,5.485732829260959953e+00
5.850329508999518424e+01,9.263239365623221033e+00
1.651524914816324667e+02,8.201777708878889683e+00
-1.794811919038702115e+02,5.728815136937348562e+00
-1.749540827363989308e+02,8.680891531377557868e+00
1.733133328698775415e+02,1.038128589798717449e+01
-1.713709080988494975e+02,1.133719640933433581e+01
1.714796871920304966e+02,7.890065694014095854e+00
-1.704769997966277231e+02,6.832084927222672022e+00
1.700109774984015303e+02,7.907292409617209472e+00
-1.774914565378381326e+02,1.053395380493238243e+01
1.760109828309059594e+02,9.546212434657000756e+00
1.662673474586045756e+02,4.820814683732625561e+00
-1.659245930789386989e+02,3.404206352119046208e+00
1.719243552815818532e+02,4.594558636100336102e+00
-1.777047922677205918e+02,4.401009198794080923e+00
-1.771972397934350170e+02,5.805301848971330614e+00
1.764141566468135807e+02,3.926564063770987545e+00
-1.753148742821107646e+02,2.865872024277608787e+00
-1.728501351536887398e+02,1.353877475293661092e+00
1.671578283141676593e+02,4.099943708399001352e+00
-1.735267155137167947e+02,5.446545533957458218e+00
6.663932632110122256e+01,5.603491715643117210e+00
6.196085200439763696e+01,5.889525501259402773e+00
6.678147591082114332e+01,6.601080105137373089e+00
6.440559508486023788e+01,6.928837564407621663e+00
5.957504503233328563e+01,4.489700941349423324e+00
5.979715173604972733e+01,5.593017587559803161e+00
5.853454955360000156e+01,4.508434392344457642e+00
6.292648857015898756e+01,7.659087920137258365e+00
6.403074036524273538e+01,4.962368246347446998e+00
7.176195955199551690e+01,7.818012490807166870e+00
1.688674412478241891e+02,2.589631399022179536e+00
-1.656728518514953237e+02,5.919852917437829376e+00
1.752152292898402663e+02,1.096190244768594058e+00
1.778410051030888042e+02,1.867384116870344002e+00
-1.705136207991122035e+02,4.480903257751726265e+00
1.752081981057031328e+02,1.730248794971354087e+00
-1.785553178104266294e+02,3.175963401659437135e+00
-1.775497660062028729e+02,3.498089928373788737e+00
1.760156707024978004e+02,2.983404586858487750e+00
1.769330348286121932e+02,1.813979809206827110e+00
4.478020463663607131e+01,1.269777811134051149e+01
5.795552658587138950e+01,1.354248338205628244e+01
5.618048450614413980e+01,1.496479873711109931e+01
6.136095447977037054e+01,1.118222358210690714e+01
7.922491429581030786e+01,1.673562528972264474e+01
6.054485312127830809e+01,1.598096609311533456e+01
6.926362812733017904e+01,1.447606896297619272e+01
7.067218242662139005e+01,1.424077169093204631e+01
4.777419000559437734e+01,1.464111861321263852e+01
7.031614177915953690e+01,8.550923479564509933e+00
6.877338383807503419e+01,1.151962652462144376e+01
7.221567470170680281e+01,5.953725757198343516e+00
5.311908503368730550e+01,1.543259447288981789e+01
7.128072626005867107e+01,1.511753629054778614e+01
4.468755453213223205e+01,1.916392288923522358e+01
6.311654577397708721e+01,2.462810718031882828e+01
4.670647308350520177e+01,1.605841244222656883e+01
6.766897279089853612e+01,9.311904216999703721e+00
7.093270719915970801e+01,9.438556800683858938e+00
6.428048708103440845e+01,1.614978392094972648e+01
8.135374229102122001e+01,1.565009255164152790e+01
5.871111855284076597e+01,1.317517371255826930e+01
6.427358871504581828e+01,7.564727369746712782e+00
6.768403496883088621e+01,1.214866171175883203e+01
4.797671092290458716e+01,1.369613903881567296e+01
7.123099724610504779e+01,1.398848686906034544e+01
5.491270745899518602e+01,8.374060178484899808e+00
7.373250766001649481e+01,1.828370343043393476e+01
5.712167047738392966e+01,8.407365172704796663e+00
7.293198158236478434e+01,1.240667236390729400e+01
6.800898749884532890e+01,4.738336379926010089e+00
6.084651734724276650e+01,8.622052973810864884e+00
6.898923023934737842e+01,7.650707899706834070e+00
6.600728577395832986e+01,1.202933052358654820e+01
6.705872291457454537e+01,1.069366963125936465e+01
6.163617478349455325e+01,9.812211098973934398e+00
6.021596101705831217e+01,1.128485058642943528e+01
6.749997844669344715e+01,9.784860855805398216e+00
6.091361119776951938e+01,7.103689162261918710e+00
5.821880040613427809e+01,8.144044477510554714e+00
5.741659442149536119e+01,2.110445155988785615e+01
7.215474176649850335e+01,2.180741701356093998e+01
6.859184138352402726e+01,2.434208119592231157e+01
1.089132731285796467e+02,2.336468742928916953e+01
1.206426586959221083e+02,2.288431002353821953e+01
1.518127092060102541e+02,2.095871180158727753e+01
-1.385461718583945867e+02,1.926145850139989335e+01
-1.714153604039188963e+02,8.074506543268796577e+00
1.346621207893415146e+02,1.934156014702364246e+01
1.501882923097407740e+02,1.705334994838261409e+01
6.780469307031536630e+01,8.853949205066099282e+00
6.592237326759671134e+01,8.417220879107492948e+00
6.189971192440451375e+01,7.083051381307223338e+00
6.484951195687568770e+01,7.630058615813069878e+00
5.523690367823662228e+01,8.580918855161634440e+00
7.340505898251723238e+01,9.559222472797980430e+00
5.394125378787406078e+01,1.030198074705863220e+01
7.372209878910061320e+01,1.083113832854403213e+01
6.661871832665916315e+01,9.349278918091787460e+00
7.282211812584074551e+01,1.109050019490173788e+01
7.878459064709744553e+01,1.129894171974336103e+01
4.987125207490348799e+01,7.220241593175119377e+00
6.520065566220104358e+01,9.024321463854645842e+00
7.768794869763890176e+01,1.115326090390719216e+01
5.735543453348567766e+01,1.163012363782227432e+01
7.881128977329093743e+01,9.189294264097332743e+00
4.696108707064964705e+01,7.758962034787616702e+00
5.433684090375737696e+01,9.701883092222175264e+00
5.280034954266984215e+01,1.033559000411488427e+01
4.918500473421327257e+01,9.880577293586849663e+00
-1.778284880597403230e+02,5.407505630249586304e+00
1.734926643596687370e+02,6.138713782414630060e+00
-1.699953017889816635e+02,1.080913742161890312e+01
-1.790730707815285143e+02,8.734674219101547621e+00
1.757392107102289742e+02,7.373243149242075134e+00
-1.698508465423237794e+02,6.647458687084683682e+00
1.751866649115040673e+02,7.257474512293244473e+00
1.763436462579035720e+02,7.703910333543820599e+00
-1.759535999375021902e+02,6.425491338986196510e+00
-1.791923126106199220e+02,5.001373190924807588e+00
-1.727972021005907379e+02,6.427218566561254676e+00
1.671989593861796664e+02,7.321416676524439282e+00
-1.712032641727722080e+02,6.768752695249860452e+00
-1.762800906358169470e+02,7.162415237935237045e+00
1.720736076637166434e+02,7.087127281587262573e+00
-1.669886366461424245e+02,9.210561830867565192e+00
1.786819280312565752e+02,1.131740939900264564e+01
1.719795416714889029e+02,9.312439370416480955e+00
-1.745630260740967117e+02,8.230669295817836684e+00
1.790520589125266042e+02,7.698675813036023996e+00
6.916460949377749046e+01,1.132193098793882946e+01
6.650138568546279316e+01,7.536903061382259850e+00
6.474352939985999456e+01,1.015291985585042056e+01
6.361282014730777945e+01,1.097312190573139645e+01
6.925922226758463296e+01,1.023945268762742522e+01
6.108172290306323049e+01,1.000782508988780961e+01
7.662191626828843027e+01,1.207327564233919759e+01
5.788522026210015525e+01,6.646603735405220093e+00
7.322496884888332147e+01,8.597439969471214027e+00
6.520256838462080395e+01,1.455924468219839163e+01
1.661002092419282121e+02,1.018048543926848382e+01
-1.744072255307538626e+02,9.152325343061601615e+00
1.796274957072572533e+02,4.321517331506958826e+00
1.730261859598091121e+02,1.222617360682545140e+01
-1.695519497855094073e+02,6.464830901498949345e+00
-1.788253947125314482e+02,1.278382789015016563e+01
1.758824890631079256e+02,6.256042632455679708e+00
-1.751821968989541176e+02,9.081750238425859933e+00
-1.795788398759609947e+02,7.349234845138532535e+00
1.775073949253922478e+02,7.780046973511737463e+00
-1.731895484876353351e+02,6.993357346681893461e+00
1.792488563076649086e+02,4.328786228031304084e+00
-1.797649045965218875e+02,7.936534131469265674e+00
-1.710807983793962137e+02,8.783335267084723341e+00
-1.778978667217145357e+02,6.733962917287631633e+00
1.767918733753379286e+02,9.199666533474278651e+00
-1.783621884617653279e+02,6.509041682058819056e+00
-1.682602643825545670e+02,9.502723021971025474e+00
1.693595553455702145e+02,7.958790688702675808e+00
-1.767532714734572039e+02,7.788736240546031198e+00
-1.610580660506477386e+02,5.034949524050157166e+00
1.644176796925697488e+02,7.437782046034413952e+00
-1.746913427201497200e+02,7.913732636180473179e+00
1.730687423517173897e+02,1.217994577923910349e+01
-1.663999790398559924e+02,1.117344906399754123e+01
1.700657370262207451e+02,1.071763697952249395e+01
-1.749484731396766506e+02,4.168566407670685869e+00
1.641885042331238651e+02,6.273378216451959588e+00
-1.630249334028273438e+02,3.311016734633052572e+00
1.671505003155984070e+02,2.801429809275975735e+00
-1.742808303219315462e+02,1.834202854494848989e+00
-1.792026042727942468e+02,4.020150104301561278e+00
1.762838576894349956e+02,4.066624088778965529e+00
-1.672715545869702112e+02,5.952450907316698903e+00
1.736495288657381195e+02,7.875175539628034294e-01
1.733546106115376801e+02,4.420217979034890554e+00
-1.769656291454635948e+02,2.864668068578070326e+00
1.716403698608472155e+02,3.069882553627523158e+00
-1.720518328916492976e+02,5.290839214071420216e+00
-1.790003698868509332e+02,3.050888426485822702e+00
6.260690572943936161e+01,9.475588939201283978e+00
7.965506120115477984e+01,1.100963035418698155e+01
6.594008497732797025e+01,6.592553068895728785e+00
6.044245051845572902e+01,9.531402544370727981e+00
7.051091183081324232e+01,1.058554184675093701e+01
4.622279343433374521e+01,1.483263794228158972e+01
7.192284869268026171e+01,1.270837598121514844e+01
4.752687953306054425e+01,1.289691875873059956e+01
5.692036070227988631e+01,7.826678931510551607e+00
6.474952396748942363e+01,8.351516724096853750e+00
1.697364646060865425e+02,1.368104286311636919e+01
-1.671372036185460388e+02,8.584398249503504275e+00
-1.760209299739767062e+02,6.254638872422390250e+00
1.663674394555025629e+02,6.215541862395319583e+00
-1.709977130925149424e+02,1.210133484008239613e+01
1.765766775985512425e+02,1.032366815419054262e+01
-1.771872400649115775e+02,1.159659438306140800e+01
-1.760513586747102295e+02,7.905424767617137860e+00
1.765123336384274637e+02,5.948734344450581801e+00
-1.764232187941088625e+02,5.405831439098871982e+00
1.796450731693034584e+02,7.705519140772537412e+00
1.780279077954297691e+02,1.112304493144126383e+01
-1.791029871567541250e+02,1.021439476877421093e+01
1.774248847338463690e+02,8.943520980176881352e+00
-1.774131048629550378e+02,5.682715108022763140e+00
1.786450366273243731e+02,1.318713164891875733e+00
1.742145883353853719e+02,2.641763429375054262e+00
-1.766093187737480719e+02,9.983460739888290192e-01
1.790560683049079671e+02,1.177873185439336279e+00
1.768979364698866732e+02,1.375029622642445215e+00
-1.777438184838331949e+02,2.657445903375669438e+00
1.784996760979212809e+02,5.036074420545380903e+00
-1.733136094472915829e+02,5.688569987075505097e+00
1.776457791105520982e+02,7.696190159665027508e+00
-1.741385307318612661e+02,5.055624316403076079e+00
1.715794397646476739e+02,4.448774805576737990e+00
-1.704301946777808610e+02,3.936565486379858037e+00
1.740824208381023652e+02,1.732188744553084359e+00
-1.768843528224816737e+02,3.266363181099995572e+00
1.743546923703032405e+02,2.204416061807467297e+00
-6.996839801533957370e+01,1.207800897863477729e+01
-6.159852152870963948e+01,8.000603833080617733e+00
-7.212981654146798860e+01,1.115748104599381385e+01
-6.544558512756248092e+01,1.048157106358974744e+01
-6.316429849168022770e+01,1.360903832122497192e+01
-5.948208927422555803e+01,7.391319132732348862e+00
-6.957449711801936587e+01,8.897618462689404595e+00
-5.470727269482168964e+01,1.261811667677595139e+01
-6.321394286117874373e+01,1.789749399669668151e+01
-7.354820291609183869e+01,1.471111589024016375e+01
5.521985475937052001e+01,9.113529391944471314e+00
7.027359031465211103e+01,9.128245329815673159e+00
6.558410198707579752e+01,8.888167731102996072e+00
6.596124116534107884e+01,7.076164530749887049e+00
6.945613517975257878e+01,6.625712678842696768e+00
6.550978767671351477e+01,9.818723748977642884e+00
7.814059051870005135e+01,7.737098945389472959e+00
6.763107463696509569e+01,1.137559828872974244e+01
7.025598810635801783e+01,6.071581085470494799e+00
6.364232957105564736e+01,7.501456671751093097e+00
1.652991404040099894e+02,6.951055257033176282e+00
-1.609357409327671746e+02,1.047548204416029094e+01
-1.733416137976343236e+02,9.028944666906003391e+00
1.613449355466757140e+02,9.634203135421589792e+00
-1.621924969311182849e+02,9.670472880029043594e+00
1.708267784313963489e+02,4.250965268743390979e+00
-1.749206548874140879e+02,5.283296946853262455e+00
1.792660415613990779e+02,3.718693060359046676e+00
1.748358194375267942e+02,3.607248380823596889e+00
-1.770016404981022049e+02,4.224515881298156472e+00
-7.738793601668167810e+01,1.228112439193217398e+01
-3.787450565936552493e+01,1.249543660671869638e+01
-7.734005475988342937e+01,1.095075986119540445e+01
-4.854130129720718401e+01,1.154151282011847002e+01
-6.006773352551409317e+01,1.254707779030964332e+01
-8.305800780109966297e+01,1.426774778620145412e+01
-5.206573168500949578e+01,7.240491192476339322e+00
-8.456241622648200007e+01,1.033333181251703081e+01
-5.952182528826657659e+01,5.395985628861676986e+00
-4.542636047338331906e+01,8.895481465974933499e+00
-8.903469704927319128e+01,1.444555382312311664e+01
-4.231420556465263161e+01,8.646201505738881465e+00
-6.841515157633317301e+01,5.205469597480185229e+00
-6.666674457184754488e+01,4.135870129167451559e+00
-5.817000465913531571e+01,8.150113838402202049e+00
-8.014426721513272867e+01,1.010010529083512232e+01
-6.594945096312605415e+01,1.092274842247238276e+01
-7.115341784812839876e+01,7.257492337267896332e+00
-7.027201768889979405e+01,7.730522851407467755e+00
-5.712130077424222208e+01,9.624384705535923956e+00
1.777856442284713694e+02,1.621965262245407047e+00
-1.777895883878165080e+02,3.002765414788160392e+00
-1.799296795730818133e+02,9.813174331409491025e-01
-1.740950502121396539e+02,3.924538319326154934e+00
1.723853830175847861e+02,2.734047704622941666e+00
-1.747806425348797177e+02,4.151499485140448087e+00
1.769085128656748793e+02,3.071619438224821863e+00
-1.792239645274471229e+02,7.416884790358749591e+00
-1.759571171533476672e+02,6.352911543269208927e+00
1.743210357876039609e+02,3.745612692246036879e+00
1.487298269298325977e+02,2.223871683317723580e+01
-1.664306442159990524e+02,1.301515749684606860e+01
-1.622713473381904805e+02,9.616735075365197005e+00
1.569989762853690820e+02,1.793250262370100856e+01
-1.721960794486535917e+02,1.587341455823804992e+01
-1.659239722950183875e+02,2.456428475066635997e+01
1.646849412099924734e+02,1.931716139511696184e+01
1.793739034878388452e+02,7.024841929219789449e+00
-1.636415396611680819e+02,1.269322514017226133e+01
1.770685241206127216e+02,1.314336840508441639e+01
-8.058741755378562743e+01,8.518061024098111389e+00
-4.828988148309106521e+01,7.983345790574858825e+00
-6.771240907705966094e+01,6.416896018211954100e+00
-7.548068209231537651e+01,7.886159094047668461e+00
-4.624776085382182345e+01,9.572709672559163607e+00
-7.513667803950977486e+01,4.933426785296171957e+00
-5.151060446163346285e+01,5.471097772642799839e+00
-6.375043946253676808e+01,6.252253970797490013e+00
-6.938630024605625124e+01,6.595350157660066159e+00
-5.068464101874214833e+01,8.530432080471367584e+00
-6.408436962322457475e+01,7.716862938834239571e+00
-6.519616800775392562e+01,7.047506934311963178e+00
-5.880372985982901923e+01,7.188019464239408407e+00
-5.316723142271938940e+01,8.842482729791072416e+00
-5.799109825632985604e+01,8.345436259590311323e+00
-5.861134860736598995e+01,8.641346913977965727e+00
-6.781133884665825917e+01,6.662956841659658735e+00
-6.022048459017948829e+01,9.036699959895397427e+00
-7.321373917660623931e+01,8.430114298785500893e+00
-6.393880064628658033e+01,6.150452692394198451e+00
-1.712569932690003611e+02,7.834257292768565861e+00
1.715214183539981434e+02,9.308834041840032825e+00
-1.770439553848282799e+02,1.102234014576949050e+01
-1.762313716948784190e+02,7.660014939716759841e+00
-1.743142966502857121e+02,4.315673497135579240e+00
1.760695429834932781e+02,5.189450077196012145e+00
1.772520075080095694e+02,5.707503764341541164e+00
-1.704891520181332965e+02,7.569294503575633826e+00
1.738704105130714481e+02,6.408813354376270865e+00
1.776098375976486921e+02,7.608348751604280480e+00
-7.474650274655769522e+01,9.738823732154592960e+00
-7.645095185694451345e+01,9.766964593628628677e+00
-5.864171129675323613e+01,6.705631603699059085e+00
-6.751682831244312410e+01,6.556476935831838659e+00
-6.201533095319096134e+01,3.620755033907373743e+00
-5.741987833789058016e+01,6.430521376783306486e+00
-5.377659052252951000e+01,8.625965233772213026e+00
-5.679931025289810975e+01,7.522813105485154139e+00
-6.236573209115348249e+01,4.803804050105771495e+00
-5.941328680624475567e+01,5.874942875651608887e+00
-7.419585624225715037e+01,8.086685734593979547e+00
-7.063961001445510135e+01,6.676772580520301759e+00
-6.785280068170045809e+01,8.438228086664054217e+00
-7.107797420912007169e+01,6.302611858614984186e+00
-5.549471498556567894e+01,6.329100736528342708e+00
-5.845088428917521384e+01,5.987411167340096263e+00
-5.281075129413262204e+01,7.824516380235341018e+00
-5.948981671031359753e+01,9.893213729293009351e+00
-5.920314197301644299e+01,5.889579405865110751e+00
-6.786066469813023616e+01,4.979773624995607051e+00
1.757832597416601175e+02,9.350608713747019962e+00
-1.703810747047294569e+02,5.858984607312990534e+00
1.774255864702010683e+02,9.518441501711832231e+00
-1.787014230584909740e+02,6.006122482003105389e+00
-1.794706094485218273e+02,5.580941322177073616e+00
1.773081195216311414e+02,7.490723254714512613e+00
-1.742785324538109535e+02,3.189028818162669587e+00
1.768610524320438628e+02,8.077558170033890761e+00
-1.744217609406569238e+02,4.199179710777530161e+00
-1.775914812149096633e+02,4.736780161626692909e+00
-5.839678819795224030e+01,5.097281036691223122e+00
-5.879791387228539179e+01,6.647745318177005203e+00
-6.386432982445487738e+01,5.055468926778611483e+00
-5.627182697210734119e+01,9.102227699441304054e+00
-7.223395626438419015e+01,9.451094257487785200e+00
-6.445599553384482761e+01,9.674140441483181974e+00
-5.968009240869052690e+01,5.830715088529879964e+00
-6.935161444741645198e+01,4.939824298660282054e+00
-6.006348466154013721e+01,7.800328936294949500e+00
-7.071786493485105041e+01,9.606446297179097371e+00
1.738953352589494727e+02,1.243837707953013449e+01
-1.687975783849228719e+02,7.492933167327354482e+00
1.683046375310923679e+02,5.418491920598620837e+00
1.782471972212037485e+02,6.301763259309796084e+00
-1.675698256001620337e+02,9.099892242258322383e+00
1.712781947537316114e+02,1.150929318805306067e+01
-1.747068327293013681e+02,7.486336862506220768e+00
1.781716097624407666e+02,6.811712767747108543e+00
1.790380767292210464e+02,4.090496464974826551e+00
1.777855749300808270e+02,5.982266131963031697e+00
-1.651532282688099826e+02,4.624571585664305928e+00
1.722342974372164406e+02,4.172527842288262789e+00
-1.666482020797896269e+02,6.184489538581108725e+00
1.669838971117471544e+02,7.897948289738703664e+00
-1.703795759863763237e+02,7.102687884470079815e+00
1.694160640096729082e+02,8.188093187067055467e+00
-1.665854905041597078e+02,4.514047489354396703e+00
1.700827861851167313e+02,5.363221678947453164e+00
1.785551007764794633e+02,5.143352626741785727e+00
-1.754297526894351051e+02,8.610507867621098654e+00
-1.576055702922684247e+02,1.268343720738460156e+01
1.554992815760874691e+02,2.102906497321853863e+01
1.697529394333215578e+02,6.910829009475005336e+00
-1.669896165416543283e+02,1.177740875281029886e+01
1.641189522365174298e+02,1.528278450820702261e+01
-1.791323426382068931e+02,8.648549653283323480e+00
-1.729926941952331845e+02,5.831072612079836404e+00
1.699141061725306940e+02,5.410021241926401103e+00
-1.750818833773780341e+02,7.238496696919196616e+00
-1.771915995808128912e+02,9.411918264325313643e+00
-1.762142095001704547e+02,6.226670970977220776e+00
-1.768561506415765336e+02,6.658672105243192973e+00
1.731111791303671907e+02,7.449648999470545263e+00
-1.787967954862672855e+02,6.018440948936103929e+00
-1.798420823584385744e+02,5.376742099424834720e+00
1.774873960349274284e+02,7.700765396362307058e+00
-1.768064167352061702e+02,1.204167823166795159e+01
1.768388460275775458e+02,1.050864060460967586e+01
1.792978169111410125e+02,7.208637985791318314e+00
1.772812160221183433e+02,1.024031785947346407e+01
1.788672422048654198e+02,1.212859244780602985e+01
-1.737169704200666729e+02,1.152574751783094342e+01
1.684873700396078107e+02,9.796048400510544596e+00
-1.787399762415827240e+02,8.159149990050213574e+00
-1.777273143923918610e+02,4.734319564327941876e+00
1.764997078589835837e+02,6.944941063465591036e+00
1.776430981317003557e+02,1.036538034172619582e+01
-1.771160257012271586e+02,1.018785282885796306e+01
-1.775802978146042506e+02,5.910674257679337629e+00
1.724209205056828296e+02,4.394131333785142424e+00
-1.767602904332411811e+02,7.401619519588585661e+00
1.719721180692383200e+02,1.114948320169614071e+01
1.722633755542275935e+02,1.411746317543186890e+01
1.797245146183360305e+02,7.838817297490237479e+00
1.773684122769686553e+02,7.399456754284079452e+00
1.783617516017722551e+02,9.228208996861440028e+00
-1.722870135630310244e+02,9.531644615926834874e+00
1.765440140815856012e+02,1.314962053655881036e+01
-1.786601254640117133e+02,9.877506306937405611e+00
-1.672616689222808191e+02,1.046585268924652468e+01
-1.666541507628332681e+02,1.123438827167290199e+01
-1.750221477780097530e+02,5.237582305026826646e+00
1.655496090068792512e+02,8.751318983644448934e+00
-1.679203673175606752e+02,8.931726124413565060e+00
1.788864692486478418e+02,9.440631159201480216e+00
1.691252552733289747e+02,1.130045197292986714e+01
-1.742501553450849201e+02,9.766005953575234599e+00
1.657224146185303937e+02,1.212997342014507041e+01
1.719421381838943432e+02,1.191529884182098620e+01
-1.633783501840908627e+02,1.429135462964498515e+01
1.792397681690033266e+02,4.385328502176407461e+00
1.626716736696357657e+02,9.844412348579366423e+00
-1.706329498031266780e+02,1.108927443385956302e+01
1.787423362294620404e+02,9.476499526962960829e+00
1.793730130902887936e+02,5.675790936759638861e+00
-1.756287753027922918e+02,5.465409596718044938e+00
1.726285949945305731e+02,8.074274237067630366e+00
-1.780640265591758578e+02,1.104293949275063014e+01
1.763377297898877032e+02,8.211545953158967848e+00
1.799779597853402322e+02,4.441049902342227185e+00
1.635316096564201587e+02,3.775876363065279406e+00
-1.672146187594748596e+02,3.414644699174995690e+00
1.698884243024828038e+02,3.744381205676718949e+00
-1.781163122084595329e+02,5.687581778746793049e+00
-1.779741105856840875e+02,6.975601699098415764e+00
-1.726849083850033253e+02,8.468778278664622405e+00
1.751788576817478713e+02,4.023878495997251115e+00
-1.693049039605632231e+02,3.832288681445735534e+00
1.703799597995256363e+02,6.399958211601631142e+00
-1.771055618076444773e+02,9.949719538329024004e+00
-1.747475642849351516e+02,7.817066023972534694e+00
1.594064047007865668e+02,1.420276907280515033e+01
-1.682003350254702525e+02,1.576762371961373077e+01
-1.747609389159026421e+02,7.795468241628510597e+00
1.577927095547612737e+02,1.096886035279070981e+01
-1.571152962984942576e+02,9.567975185298640994e+00
-1.670684380512581981e+02,9.571219325823010493e+00
1.643124570941394325e+02,1.241236377886363229e+01
-1.660527752195922346e+02,9.716969036034418750e+00
-1.764751175156215197e+02,5.681714602989831775e+00
-1.687074286071694473e+02,1.105877093742063266e+01
1.755561758139800190e+02,9.485597616128831788e+00
1.689838616136644873e+02,8.683510279611294180e+00
-1.671609323318848510e+02,1.001026943450455775e+01
1.775716626678527064e+02,9.720229300685517160e+00
1.720833937523929933e+02,8.155308832812510289e+00
-1.667925314955253384e+02,1.232697802886049487e+01
1.645393185301185213e+02,1.187633959191952826e+01
1.743782424977594303e+02,1.148220528521962613e+01
-1.613294342763806810e+02,1.017808911341932898e+01
1.790390504325899599e+02,6.991284179051449499e+00
-1.703870821984222346e+02,5.635106536370662944e+00
1.720574137317786096e+02,5.684611187107682539e+00
-1.737783546063907636e+02,6.652332378410875435e+00
-1.761292239016369194e+02,1.926854662285955477e+00
1.759337084166053273e+02,8.927030647516259521e+00
-1.755275676726557492e+02,3.988291777373006219e+00
1.799889269253844191e+02,5.203358263711687748e+00
1.772129185826622120e+02,5.252531219256191264e+00
-1.722227040193928929e+02,5.398447234507219861e+00
1.643927094777044147e+02,6.872544932862502343e+00
-1.724477101697873991e+02,8.328999694084259886e+00
-1.705437129308445208e+02,1.106378200142021484e+01
1.718107271318437768e+02,1.062494563789115887e+01
-1.688897800027982328e+02,9.611752967907086997e+00
-1.778551664067011302e+02,7.480914324867669052e+00
1.691780113767065927e+02,1.208731447271257409e+01
-1.722430719649764796e+02,9.479736491310177371e+00
1.764688853380862668e+02,8.266494068281156515e+00
1.745993898562319657e+02,4.094138602057642018e+00
-1.743101389519367785e+02,5.020724895236669205e+00
1.741879475706105893e+02,6.326104808765404819e+00
-1.784949372891288135e+02,5.762957877213887414e+00
-1.749854440294734559e+02,5.795252843419165245e+00
1.793754939775313062e+02,4.501652885565502693e+00
1.765293468059583404e+02,6.495719524319635951e+00
-1.786981201421083938e+02,6.787896849151112022e+00
-1.776027786098133845e+02,6.628445499884508152e+00
1.751391624562433549e+02,5.971321002791575516e+00
-1.758740677172702647e+02,3.406194340703573076e+00
1.708953145678459009e+02,7.852334046844219984e+00
1.772660159649643958e+02,8.277707925456722293e+00
-1.629662636868942514e+02,1.136457355404595049e+01
1.695819374418492487e+02,5.371776739988798788e+00
1.785797014223272186e+02,2.717587277056202399e+00
-1.760106402866275346e+02,2.179979980768950387e+00
1.752456917477120157e+02,8.106499683533451517e+00
-1.718702100785214952e+02,8.722315525724926744e+00
1.782926259908241775e+02,3.523240538500006735e+00
1.735313828504408491e+02,4.061067467169372947e+00
-1.716328136867178955e+02,5.920766327101754101e+00
1.709395410009989860e+02,1.117039531126060403e+01
-1.695052280446104476e+02,1.065827184290892049e+01
1.788683500277626592e+02,9.358702137348215544e+00
1.727816830149322982e+02,5.426833253247298039e+00
-1.702908727688119370e+02,4.089913202094266786e+00
-1.794000631840229403e+02,1.099040533315984725e+01
-1.750575990937371671e+02,7.095939011736227542e+00
1.793348903043698215e+02,6.976794290884377858e+00
1.717532075166430445e+02,4.756482567099006076e+00
4.925488184233758204e+01,1.305762158908837378e+01
7.584157300732061913e+01,9.939942893944103020e+00
4.575424615711310850e+01,1.261725425760007369e+01
6.601725075346284655e+01,1.329584966540922331e+01
6.690242854121683536e+01,8.600241203590872630e+00
5.673112211240571412e+01,1.243382223177722956e+01
7.947968966477023400e+01,6.331814818058572492e+00
5.936263242687397224e+01,1.267679618942996100e+01
7.127969399671937367e+01,8.994270204845799199e+00
7.048370412702698218e+01,1.211852670080203787e+01
-1.719920742303061161e+02,4.979174257899757094e+00
1.675195398127992803e+02,5.302546131416139730e+00
1.743219630332238239e+02,5.320415809751148473e+00
-1.714158796013502979e+02,9.569986269522484434e+00
1.668541925029257982e+02,8.648842363419550594e+00
-1.755504309668714029e+02,4.651125192585629620e+00
-1.759949418600849640e+02,3.936781897339323599e+00
1.645935554283038300e+02,9.085101023865693293e+00
-1.746385228087037547e+02,1.012652626226146779e+01
1.751477838937680644e+02,1.033567743595499344e+01
1.646929296714813518e+02,1.493436097412990549e+01
-1.676702074584767104e+02,5.589352249908440484e+00
1.663973129666489115e+02,8.166655759655817803e+00
-1.508792794332307210e+02,7.568094446683955923e+00
1.665402785481012415e+02,1.084999156579932489e+01
1.597233647421293199e+02,7.210648660638707241e+00
-1.500682573984678356e+02,1.642842160927592587e+01
1.616389074707780935e+02,9.386849265786940677e+00
-1.714638120885366561e+02,1.166842992100110266e+01
-1.734035885777789474e+02,5.825730068137717765e+00
6.004841369303752430e+01,6.668550260128371932e+00
6.313166848718138624e+01,7.741678639481012425e+00
6.798342531818504142e+01,9.549691532103810943e+00
6.470368200884387022e+01,4.191343902430430646e+00
7.066560442203321202e+01,8.247780440189778517e+00
6.520811933113375858e+01,1.124752209888854537e+01
7.639249762199138161e+01,1.023856285946661160e+01
5.543230216870992422e+01,5.922144536789689440e+00
6.058882872855012636e+01,6.944271927287207546e+00
6.927773659595067102e+01,7.770990104188319592e+00
1.698152198492125819e+02,8.166258954730487574e+00
-1.714378844609642556e+02,5.575985586047981002e+00
1.608692917830971112e+02,4.742559187836306478e+00
-1.576860041925128257e+02,6.495297825319468643e+00
1.727282457897277936e+02,2.420865933786015223e+00
1.794086705924069918e+02,3.657261884072470437e+00
1.782445009815327239e+02,1.457897315062665289e+00
-1.763403453326363604e+02,1.626118377838579487e+00
1.768016456715122047e+02,1.727210501296126743e+00
-1.725443533032870675e+02,3.632912337956306636e+00
1.736940499252155234e+02,3.517617608107410199e+00
-1.677415854498190697e+02,8.426215921107313989e+00
1.643804302934232453e+02,8.495381738491882828e+00
-1.721902513644473061e+02,6.395971992572468068e+00
-1.758768888341550110e+02,3.299233198081934049e+00
1.746181173470996271e+02,3.489646118013265408e+00
-1.738950848252486310e+02,4.819425639472011191e+00
1.785366023124188644e+02,5.248652103320181617e+00
1.746562912459310724e+02,5.241982809529922349e+00
-1.718004491202526367e+02,7.029807044919000880e+00
4.585809221330931962e+01,7.060700286492615163e+00
6.241586813487505481e+01,5.051976799139677787e+00
6.749660867446189627e+01,5.214649745601538378e+00
6.310840796159509125e+01,7.436276918317624052e+00
7.072569851566720445e+01,8.013970280993703454e+00
6.810016080583913833e+01,7.771440480432847409e+00
6.226218766196890186e+01,6.138750440349340920e+00
5.753959006749794014e+01,7.514075263315318054e+00
4.700078396604662601e+01,1.052956920148541897e+01
5.835265174973033453e+01,8.847890240652775518e+00
-1.702763063284821783e+02,2.842903267080384211e+00
1.709035403202326506e+02,2.083925752291031053e+00
-1.716223028900521115e+02,2.766353702282288385e+00
1.653952264449817164e+02,2.539939094388453888e+00
-1.656403374997736080e+02,2.961493643960122046e+00
1.700119588666643438e+02,2.816621872861756692e+00
-1.742703784042222424e+02,5.268293387487467783e+00
-1.767397050560653611e+02,5.595283836018947632e+00
1.781569607897457104e+02,3.909867308711310940e+00
1.774909173940086191e+02,7.432091344664326638e-01
5.117145043959797590e+01,1.056653455951969889e+01
6.464454431420483616e+01,8.227972017616927758e+00
5.873953168863160101e+01,1.101955418946917753e+01
5.326017483162289068e+01,1.053732043300194832e+01
6.816244185602761263e+01,1.107430353019861968e+01
5.716731251926008639e+01,9.605106374121465507e+00
8.005098722728867244e+01,8.460726616072010486e+00
5.246462850356230945e+01,8.772635131508748074e+00
6.234735159554801953e+01,5.340535339428642558e+00
7.051587297480143945e+01,9.232040076384206984e+00
5.227050955714096858e+01,6.382307265882168679e+00
7.194345254450793448e+01,8.182283490005669790e+00
6.063808359921726066e+01,6.010367318308656337e+00
7.193920884053054010e+01,8.836675970412214198e+00
6.501577432016560465e+01,8.617843163016447150e+00
6.958198836779142482e+01,1.428548238968868311e+01
5.649180384605744365e+01,7.090470279524403452e+00
4.992199790446879604e+01,1.172610681446063907e+01
6.285012240592996591e+01,8.123614999502283496e+00
4.962400839436609346e+01,1.169691135403422777e+01
-1.729254051637417149e+02,2.179480624482764917e+00
1.758304756879925890e+02,1.689428677452383454e+00
1.795289705308083796e+02,1.620367479492896834e+00
-1.749635655179729667e+02,1.965622735248459207e+00
1.711883889010498763e+02,2.331073053126678118e+00
-1.711507481558745098e+02,3.352677288819981172e+00
1.758799090710591599e+02,1.651603780377923769e+00
1.795208968123159252e+02,2.571440748822088729e+00
-1.795030171249254636e+02,3.878903408470506520e+00
1.774895958891624161e+02,3.505002248145641541e+00
5.726081745045361515e+01,7.937951981848058836e+00
6.663322466137199740e+01,6.529462421033084496e+00
5.787296776067053372e+01,6.779634985082416243e+00
6.420530666164906108e+01,6.598116504332947052e+00
7.048039987992009969e+01,9.480651000467087641e+00
6.407629651323058795e+01,5.501935961338392467e+00
5.986386779864570684e+01,3.882225508520495971e+00
7.163854602869167820e+01,5.543823202581215526e+00
5.644743678470985060e+01,8.951219579276578742e+00
7.020314895383194198e+01,5.527971595926571169e+00
-1.793359502809588832e+02,3.950552880965923386e+00
-1.790260456794302115e+02,3.002799920014005419e+00
1.776841476332153889e+02,5.552361628324998577e+00
-1.738290780264150044e+02,6.202940450274017081e+00
1.746793240500869615e+02,6.466179732068144226e+00
-1.719824031359416381e+02,6.554454509878313573e+00
1.790962959887977490e+02,5.946884323635773129e+00
1.790328612263140826e+02,5.730377150825326282e+00
-1.770703643860410352e+02,5.570363491862594607e+00
-1.755901121996583640e+02,3.952087665294646612e+00
1.781275052465138344e+02,3.756743318160753908e+00
-1.741059851840131785e+02,7.275606771783457383e+00
1.649079767969485033e+02,6.723176117813302710e+00
-1.699508947359153410e+02,6.432343501645409134e+00
1.762262313997115086e+02,2.820077651993901924e+00
1.782746517736488556e+02,2.750216290652225837e+00
-1.732117708413370849e+02,2.437527552177550128e+00
1.764248986033151141e+02,3.022883722596122258e+00
-1.707840031994876995e+02,5.705483725520012150e+00
1.781296523297399403e+02,2.321827905170268380e+00
-1.747430606106880475e+02,1.437746449298637152e+01
1.606559114761206217e+02,6.183988260724573749e+00
-1.654596452376099478e+02,1.699949850608825841e+01
1.730112369751236656e+02,6.444618938426971866e+00
1.667828412914549006e+02,8.799949069305739613e+00
-1.786948098709692374e+02,6.695197731391196783e+00
-1.698021101222157370e+02,5.588482002034042218e+00
-1.771127780850576414e+02,4.886962880142422527e+00
1.632030692763942170e+02,6.602631711393588176e+00
-1.559279621577152284e+02,1.065708970368946851e+01
-1.777894115137856375e+02,3.540566330158038344e+00
1.735770471928795473e+02,1.897154166554654964e+00
-1.723717692803680848e+02,5.337589188629551451e+00
1.744285934065272272e+02,1.423687825888462211e+00
-1.791485499636738723e+02,3.652721311631841772e+00
-1.758459111193014905e+02,3.449771534564340048e+00
-1.782481151031326192e+02,6.449387159873931630e+00
1.784009619844840415e+02,2.747083739493846988e+00
1.776923990495575936e+02,9.379430441594731604e+00
1.788312104922601691e+02,3.874317913178296990e+00
1.755675150350326987e+02,7.370679225855814920e+00
-1.797288060665076728e+02,7.402258746132526213e+00
-1.776063632927176457e+02,7.956230505428035116e+00
1.792305012529583053e+02,9.114979322110499993e+00
-1.719565004248100024e+02,7.735737298224609759e+00
1.731533771247884488e+02,6.246185833872004878e+00
-1.791001165620887150e+02,4.280912031070185364e+00
-1.726667653482797675e+02,7.710737044347780511e+00
1.733645731463095672e+02,7.870089231893924619e+00
-1.787163970860734992e+02,8.866730659286991667e+00
1.755344277100568888e+02,2.002314022326095788e+00
-1.689763348546943860e+02,2.272913842505251303e+00
1.698430386240030998e+02,4.836532122322974026e+00
-1.777567218591304368e+02,6.591983913013173435e+00
-1.757545644697796092e+02,6.753186967811843466e+00
1.702184128575561317e+02,7.304153122806013698e+00
-1.710347264336939475e+02,3.146218602736517767e+00
1.707150663843456755e+02,2.467428066346617044e+00
-1.758394663647746654e+02,3.109270737256423889e+00
1.764253479676073653e+02,3.781743244696503581e+00
1.651922518139526233e+02,1.207501952779744059e+01
-1.668212982116476724e+02,7.883926872716571665e+00
1.793876718232955056e+02,5.374074104222689385e+00
1.663973025013628160e+02,9.611605438844847527e+00
-1.629973634304919585e+02,8.930343391081493110e+00
1.798046386045635927e+02,6.685533769247552272e+00
1.662752937073609871e+02,6.146244847819932744e+00
-1.604296595514194337e+02,9.055793641815895967e+00
1.745137725403172624e+02,4.154495692829034859e+00
1.640752697244516298e+02,8.585828784993088547e+00
1.726040007533846676e+02,9.974026770849230061e+00
-1.737378077240908283e+02,1.055916905846539677e+01
1.792123735120691208e+02,8.561972241594901334e+00
1.766090265909877530e+02,1.198224611988752741e+01
-1.736742855908601086e+02,9.637767032733970396e+00
1.708768015700142087e+02,1.169669293616274786e+01
1.795890625574145645e+02,1.125604980441001146e+01
1.742887739461087904e+02,1.182609458829826465e+01
1.757657343365974612e+02,9.356953819456720112e+00
1.739135352535576544e+02,9.616239657359006543e+00
-1.755390323723070765e+02,9.532350539417418389e+00
1.688277863288209915e+02,8.228761868527334045e+00
-1.764977743576610862e+02,1.022015140336552719e+01
-1.738286712037998143e+02,9.151409193670811959e+00
1.729509863066655271e+02,1.285175137117670729e+01
-1.694556679246061321e+02,9.890266230604568776e+00
1.701177282876206505e+02,8.279434193732676306e+00
-1.771330918869711013e+02,9.872732058029283664e+00
1.786580885456696137e+02,8.009291210299169350e+00
1.718647642225627408e+02,1.289547974865924296e+01
-1.729552271511749950e+02,7.918751717326300010e+00
-1.776703248225874745e+02,5.369297829820727230e+00
1.674797143513899584e+02,6.212296595688123091e+00
-1.666520469327147111e+02,7.690551557853812170e+00
1.736553502657025376e+02,5.001283238276737819e+00
1.749185931074084124e+02,6.936869568476302206e+00
-1.637246683696450305e+02,8.365787691675894422e+00
1.696910565630028600e+02,8.564753926368016579e+00
-1.787816964930742358e+02,5.252772842427555489e+00
-1.722204867937235804e+02,6.974504228584313736e+00
1.726644179639604886e+02,1.266441257510136786e+01
-1.766869531619122711e+02,1.075447338901458494e+01
-1.753226380158090763e+02,8.972449179652343787e+00
1.681558124424636844e+02,1.322253027356971344e+01
-1.640681102317854823e+02,1.192001903483777170e+01
-1.784286554812785539e+02,1.447191703945785335e+01
1.621083757889260539e+02,1.423139750462785003e+01
-1.642558027322646979e+02,1.647840520807783804e+01
1.770839966338825207e+02,1.556231855033340850e+01
1.711088759251644831e+02,1.677071115049085392e+01
-1.746290331692089524e+02,4.754279194077883020e+00
-1.747467120539796781e+02,7.071669667134385051e+00
1.739081198030322639e+02,1.206034188254208850e+01
-1.710157677262141647e+02,1.191457288356553867e+01
-1.773059846329534537e+02,1.494499522266939096e+01
1.688728971709854818e+02,1.290305568212878384e+01
-1.514224795074779308e+02,1.982267303068254094e+01
1.788634221487071159e+02,1.468820180434315859e+01
1.646961677268300264e+02,1.155822746181398308e+01
-1.599184604005742472e+02,1.333915058160799383e+01
-1.590104903206217557e+02,8.825312361103478054e+00
1.633973269364529415e+02,7.474883422465978811e+00
1.792963022122438588e+02,5.905352638086181827e+00
-1.619288802694364051e+02,9.744099464952309830e+00
1.699322307377231311e+02,5.794757404097370390e+00
-1.775697085314465653e+02,5.601844484335236629e+00
-1.700179655162233416e+02,5.018859157691792916e+00
1.657333724757913842e+02,8.008897603225429762e+00
1.799847419539204054e+02,5.509130822011317541e+00
-1.621871295183693178e+02,6.929650222050188546e+00
-1.796593902613353464e+02,5.652744764624891616e+00
1.705606251961158932e+02,6.937759129883155573e+00
-1.612669099032257236e+02,8.616420745947692694e+00
1.734496125168497542e+02,5.318828625905005936e+00
1.780022421108493234e+02,5.238769156206673827e+00
-1.789116400668004019e+02,9.791128550962170607e+00
1.619731305585817722e+02,1.080824672392401098e+01
-1.729285190071829561e+02,1.000162521542829275e+01
1.732952551720435395e+02,9.909322392843218807e+00
1.759125139244984837e+02,8.066303227365658302e+00
1.614521599682544775e+02,1.311700010659578197e+01
1.706045237489909709e+02,1.364861947206083137e+01
-1.553182669098929409e+02,1.473734445048693864e+01
1.647488655004312932e+02,1.222599990867289677e+01
1.629868173245925220e+02,1.392600731736879993e+01
-1.630196910699845034e+02,9.284732160184695715e+00
1.699210667709336633e+02,8.433813219509184833e+00
1.727605421032186257e+02,8.813397050921508935e+00
-1.587892389556775186e+02,1.309954914547855154e+01
1.697630576796619550e+02,6.634040628504816794e+00
-1.707768725459049222e+02,6.179754806123886723e+00
-1.729149516354219429e+02,8.026565808090452947e+00
1.698977989167309204e+02,1.156034681699268063e+01
-1.741840346614384600e+02,7.408030273685321632e+00
-1.607507004790918188e+02,1.012767642821086156e+01
1.607560106449809894e+02,1.157507667052139055e+01
1.769499200100020744e+02,8.514718599188945802e+00
-1.516812798496888490e+02,1.295354038162776611e+01
1.652152248842325832e+02,1.176755734819488275e+01
-1.730294062717062786e+02,1.038617286033297837e+01
-1.727117174474741148e+02,7.965769668167718365e+00
1.727491041573119901e+02,1.128294400066593006e+01
-1.648959484301213081e+02,8.972854690040723113e+00
-1.797675516988629454e+02,8.807570558261552662e+00
1.741971575922194972e+02,8.629526567355439326e+00
-1.671741513645577015e+02,9.016782388105726298e+00
1.729042452476639653e+02,1.044092782801338792e+01
1.747783981351967100e+02,1.098326082627504796e+01
-1.693221306525048533e+02,1.103250786271719264e+01
1.774289768351507064e+02,7.472343480340676081e+00
-1.611323977212548186e+02,1.259844488474575286e+01
1.757409977269223589e+02,5.775440588611976622e+00
1.715420897142080889e+02,7.863676389478005291e+00
-1.729503653772144389e+02,5.601520314112545584e+00
1.765804414976591090e+02,9.593986756171403840e+00
1.755252078663821180e+02,6.292420916617680327e+00
-1.779979430407001644e+02,9.047558476267575145e+00
-1.787614980144938954e+02,4.600865792652468755e+00
1.744771751488216580e+02,8.214868674111711400e+00
1.756398531684347972e+02,4.998902170725099126e+00
1.700036630512881288e+02,1.038522869595192510e+01
-1.769404397006439638e+02,1.230250797143920849e+01
-1.792381822385906673e+02,1.149857382518394999e+01
1.684988247778430548e+02,1.052266334099299527e+01
-1.763774591648467265e+02,1.233485697333627584e+01
-1.741987176497915186e+02,1.295837139153383077e+01
1.683392330044523533e+02,1.332916328925478844e+01
-1.665076149276781621e+02,1.304831174515192949e+01
1.692069540590231043e+02,9.841793907079793513e+00
1.669380092666929158e+02,1.714750806689672658e+01
1.605266855908754735e+02,9.794046443467291141e+00
-1.676512931097593651e+02,7.404038509017063063e+00
-1.771676038529900836e+02,8.955743151398444013e+00
1.642567497626940280e+02,1.187257496477023011e+01
-1.691317847878766258e+02,1.018321692456121852e+01
-1.778499177230150394e+02,9.205484506762578789e+00
1.780271913734761711e+02,5.548426538710145905e+00
-1.778524778053270836e+02,8.120088554974049799e+00
1.786652938682824185e+02,8.526605585719593705e+00
-1.748095468813084494e+02,8.509507473659288834e+00
5.022776347739632996e+01,1.260679945628274901e+01
6.708267148389725776e+01,1.378173235925188145e+01
6.468236223598886170e+01,1.352169085155716388e+01
8.726087917667111071e+01,1.296739253722659235e+01
4.163786131125854695e+01,1.419196711480449125e+01
7.571434300701287157e+01,9.648153414988998477e+00
6.447296968781208193e+01,1.243690765303408163e+01
7.026938253505552723e+01,1.298244810694218465e+01
5.580575798643272378e+01,1.175578494450170197e+01
6.916361421895106787e+01,1.178417281611147338e+01
1.793825073310439677e+02,1.412562189875639262e+01
1.745754846145954957e+02,1.295032542840959700e+01
-1.763487279935466745e+02,7.191846094724610339e+00
1.728828055932383450e+02,5.719762248301007546e+00
1.774292783590368003e+02,7.764612939618002585e+00
1.771664134504475214e+02,1.042809168558135546e+01
1.774230476144138606e+02,7.566978208900335900e+00
-1.774188501546663304e+02,7.121055471116767066e+00
1.718347483618238982e+02,8.804753774067680894e+00
1.797804505528636980e+02,6.122704478766719305e+00
-5.148294636419173997e+01,1.309343216369634533e+01
-3.842538980522352432e+01,1.497687866516863764e+01
-5.133642250296136211e+01,8.564933298649240356e+00
-6.201181038368078902e+01,1.497708936035826355e+01
-5.537744007140081948e+01,1.183211622078478875e+01
-6.614105605460106574e+01,9.806064732112727000e+00
-6.363840293326946096e+01,7.866001867926499358e+00
-6.024257840143057763e+01,1.251708026312459410e+01
-6.704743089020713853e+01,1.022158598152154063e+01
-6.110314963201537353e+01,9.921508178101806408e+00
6.938398721806956360e+01,1.256278232570857512e+01
6.926227744207977821e+01,9.205240285451495197e+00
5.578338153991383308e+01,1.214778382444045945e+01
7.020639311009277606e+01,9.939956868230405362e+00
7.263694786299009820e+01,1.151120479589783407e+01
6.176783924642381862e+01,1.089205123383520402e+01
6.112029378323710205e+01,1.098979460422136967e+01
6.544256096582591908e+01,8.970489118573979681e+00
6.674069835302093168e+01,1.090083563757833218e+01
5.916018104225524610e+01,1.139327750200938993e+01
1.682642242310040501e+02,6.864646187030208679e+00
-1.660220372699538984e+02,8.385068566339707985e+00
1.766275843943020050e+02,1.137219537553017012e+01
-1.786009075272992561e+02,1.257298617786923423e+01
-1.718409796496020476e+02,1.093596520189475996e+01
-1.730835913030304880e+02,5.653117978912466590e+00
1.725868114788178787e+02,9.035779630377341221e+00
-1.710450815482343216e+02,1.081797661166548430e+01
1.737212790522224566e+02,1.535763161533073173e+01
-1.731074818258532275e+02,1.244083925486945930e+01
-5.039504859994988095e+01,1.215157853606476124e+01
-9.267506799773263992e+01,1.354500982561847522e+01
-6.348711545332582062e+01,7.517761797928400824e+00
-5.522423416549334263e+01,7.029393479478112106e+00
-7.378825067057957199e+01,8.622475814512849723e+00
-4.358845918228096394e+01,1.247056380299835254e+01
-8.080417882866382229e+01,1.247066184903149377e+01
-4.924794577745604585e+01,8.130733388938129025e+00
-5.946541197981130722e+01,6.713705749410342705e+00
-8.519724038055908011e+01,9.439226381738802019e+00
-1.724696422782591014e+02,9.910637295281823356e+00
-1.670840698747593080e+02,6.890228662802527104e+00
1.696115563320624062e+02,6.830179570631401909e+00
-1.719407546466176768e+02,8.531580950071230518e+00
-1.784639659065074682e+02,8.643979599312695328e+00
1.674462891438774363e+02,8.861038128768358391e+00
-1.626832312273313619e+02,8.592907762021189555e+00
1.744899922490533868e+02,5.815046286166591472e+00
1.749352512182247494e+02,5.202373278135951296e+00
-1.686625293746950263e+02,6.202455793200660317e+00
1.788620384711252314e+02,7.461627749144769339e+00
1.638952635735555248e+02,7.843920880923962002e+00
-1.722597239239526061e+02,7.174718739340634421e+00
-1.769323299267088032e+02,3.893188084286631323e+00
-1.796325821690627436e+02,7.258993582389088317e+00
-1.749039411888376776e+02,7.511664113937314369e+00
-1.786855923937044679e+02,1.013525655745988630e+01
-1.674388928162784396e+02,6.985297033266333777e+00
1.662956401798058437e+02,1.194040661154563310e+01
-1.751680834682160537e+02,7.782970690352971843e+00
-1.746865651321402026e+02,1.457529468009161988e+01
1.716912456798907840e+02,1.345394588486109910e+01
-1.796342065351925612e+02,8.546329681605769224e+00
1.797486474079399272e+02,9.815511194455503130e+00
-1.744972394047014461e+02,1.076652709119899143e+01
-1.769144973054908405e+02,1.667399867047195272e+01
1.772858144277079759e+02,1.459265843467616186e+01
-1.753667781712346141e+02,1.337991752590577477e+01
-1.708352097920522681e+02,7.170396617496507474e+00
1.764794968323626279e+02,1.238901318623972436e+01
1.770484817872228689e+02,7.418442634715463058e+00
1.737692093815685439e+02,4.985693451866209713e+00
-1.711639020394287627e+02,6.886412846807897559e+00
1.673984933752865913e+02,6.423588042277942556e+00
-1.729317280151470584e+02,4.671515723605457637e+00
-1.681397941566158352e+02,8.145387887166053886e+00
1.595013252251390554e+02,8.199158132226703088e+00
-1.705456537225730358e+02,8.246265564780356883e+00
-1.673627570736326788e+02,9.206175004825869479e+00
1.683065635061454941e+02,6.915548972642502790e+00
7.625236599565921836e+01,1.067221872304270036e+01
5.644991704932559884e+01,8.865973982307306045e+00
7.675843740178103758e+01,6.297194172375492727e+00
4.917388257343910851e+01,9.248749426080788538e+00
6.000484587649997792e+01,8.721555858967146690e+00
5.397861951707718475e+01,1.366147191195682531e+01
5.583685702967341058e+01,7.870145723124341686e+00
6.223406869311234146e+01,7.626892969345421491e+00
5.845335312585769572e+01,6.293754261378101234e+00
6.527138780603458201e+01,1.069058374513559606e+01
1.760908637917443684e+02,7.223243518634587801e+00
-1.780414199379626439e+02,5.757248102587476879e+00
-1.742974140906730440e+02,7.798316727944069271e+00
1.736334189863777624e+02,6.718984066433667302e+00
1.766089698534457568e+02,5.254664416008640870e+00
-1.791850842604751506e+02,6.074389009748181856e+00
1.748492614525630131e+02,4.408365542695566575e+00
1.774220499725620357e+02,7.096073798070559491e+00
-1.704392167590252143e+02,8.687264138028952587e+00
1.743093976966945604e+02,1.059939690583356864e+01
1.679653116549044398e+02,1.082393233924167397e+01
-1.597687363635753570e+02,1.117258680647294966e+01
1.659747528827551264e+02,7.670715876800770161e+00
-1.791531380303626122e+02,1.410340602559849010e+01
1.762947365578925769e+02,1.069462907194413503e+01
-1.625618511421933192e+02,5.257070843224944667e+00
1.593572959428375100e+02,9.799368822403632606e+00
-1.729271828451994111e+02,8.519041335502915757e+00
-1.702852725352683194e+02,1.022351290410498947e+01
1.693145446431731784e+02,8.805870055365211613e+00
-1.788224678142525761e+02,7.575353356003285299e+00
1.702693853515736464e+02,5.625472614051856723e+00
-1.799330827442855423e+02,5.456046271576050266e+00
-1.783541051025578952e+02,1.016106406719021393e+01
1.728715681286365680e+02,9.529160064268550556e+00
-1.633989571855391318e+02,1.127544569198844648e+01
1.759777512969757254e+02,6.829968426137135395e+00
1.546296282326835581e+02,1.603702999398852569e+01
-1.500376627836101875e+02,1.388270109181682344e+01
1.766060989152794036e+02,1.030613160697321540e+01
-1.690027908728255852e+02,1.536169184984619562e+01
1.549136118367145514e+02,1.599032871054807714e+01
-1.585360020947977091e+02,1.087905477349451644e+01
1.540740417629423860e+02,1.214658678391472435e+01
-1.681402622578276009e+02,4.546084847644641158e+00
-1.679047243825430655e+02,7.125321288599700154e+00
1.723040151560827269e+02,7.719837691037463756e+00
-1.632742848763769246e+02,7.318694787402222346e+00
1.779628347027322661e+02,4.321251927308725982e+00
1.750533405407373095e+02,6.722103820455701317e+00
5.556105466622107514e+01,5.797548970043083116e+00
7.250746744867593918e+01,4.945372185378284158e+00
6.341661491322997790e+01,5.997617962984683082e+00
6.802903921205037818e+01,9.091683626934134566e+00
7.595252631942423704e+01,8.110239091052351412e+00
5.790221149572683856e+01,5.980420992655610668e+00
7.885896265311502873e+01,6.631826451793863875e+00
5.895607853559620537e+01,5.640520080292226623e+00
6.118941543840679032e+01,8.699003593527413258e+00
6.422714710842997476e+01,6.765149597943404203e+00
1.614603821397937793e+02,7.372363270199275398e+00
-1.514691046101216330e+02,1.045033515287676096e+01
1.496903426909022699e+02,1.193393546144999817e+01
1.740804063477563091e+02,3.358888168218095327e+00
-1.601534884873132967e+02,8.810819000232060105e+00
1.563420310719940858e+02,1.347381163102907919e+01
-1.532325168318701856e+02,1.284020035492381773e+01
1.710521142092927107e+02,6.511456611642431724e+00
1.722974026748169365e+02,7.864769922121361390e+00
-1.687494823640646189e+02,7.784446787371738452e+00
-1.786518964504808764e+02,7.434199990712478723e+00
-1.654198863232150529e+02,3.511586934950655881e+00
1.602344331636362824e+02,1.322653580827379827e+01
-1.657745540780816782e+02,8.112651963796015053e+00
1.760065077742903838e+02,4.883038134030522670e+00
1.786585828054859917e+02,2.491408464329561756e+00
1.766766442332458666e+02,3.694192749067086723e+00
-1.765524535967276449e+02,8.608065624152791528e+00
1.768662946221375591e+02,7.498125785347056649e+00
-1.784223707306366293e+02,5.637766071185624561e+00
1.764884256586151707e+02,1.145987530683237665e+01
1.693790220258813122e+02,1.074441337886653614e+01
-1.666248413163316684e+02,1.126592950334282683e+01
1.758090246644126751e+02,1.321672710347832513e+01
-1.774228279401830832e+02,1.848419623762345054e+01
-1.663559471836782677e+02,1.494605948994956179e+01
1.668423866780650826e+02,1.422428805312168443e+01
-1.747689924345663997e+02,1.045359705132035089e+01
1.776604584785973771e+02,1.127049077517570908e+01
1.662923615330349492e+02,1.538347374519366895e+01
-1.794743167330230733e+02,3.131727629651745559e+00
1.798091634678144999e+02,1.953986758608522223e+00
1.749082728951865988e+02,1.461392087517681571e+00
-1.730559830477671426e+02,2.102563179186361708e+00
1.718498362448766841e+02,3.794600538090726616e+00
-1.719715376385185266e+02,2.449886156978569041e+00
1.773237904832306526e+02,1.573327802591467206e+00
1.721331321977264963e+02,1.641046505502949060e+00
-1.737130908124978248e+02,1.607238587018026799e+00
-1.771632383430840036e+02,2.061132438396361177e+00
6.846060720339912109e+01,1.365175264105323905e+01
7.673389290565543774e+01,1.142805459612242203e+01
7.273155765467907941e+01,1.426531737497065144e+01
7.354279836034000084e+01,1.528726046122103455e+01
5.925820386784327098e+01,9.029463077841754171e+00
6.611590737722663391e+01,1.336790458532703596e+01
5.673730176509447176e+01,1.586877208693406871e+01
6.241274678722026437e+01,1.102103221537456434e+01
7.202201763742060336e+01,1.497411444744123443e+01
6.215501557329450577e+01,1.380278388057647376e+01
1.655277110091569739e+02,1.205900995938867482e+01
-1.745996564127844124e+02,8.168244658203995812e+00
-1.735693788210989226e+02,7.167844222798091636e+00
1.704686103375085509e+02,6.613978214099754283e+00
-1.790932371358784678e+02,6.075229407177893393e+00
1.795384297143788785e+02,7.459771898123337408e+00
-1.769348140703886543e+02,5.779149246280743668e+00
1.730799836420571864e+02,6.006896646858498556e+00
-1.780449806485086981e+02,6.309991879929911285e+00
1.732951186093908973e+02,6.768021414693031090e+00
6.804468058640382822e+01,6.450151086186599159e+00
7.713870535658365668e+01,1.156162528504711418e+01
5.594763628047615356e+01,9.688266255561918783e+00
6.695132788577899419e+01,7.126114991714141311e+00
5.957578365557942135e+01,5.748411339208452375e+00
6.037741533489133161e+01,5.736684198858489125e+00
7.099322024908730100e+01,5.449754601561128453e+00
5.986595734739483277e+01,3.733453954852405055e+00
7.020116027624882804e+01,6.551202342112254939e+00
6.215910814368407245e+01,5.071312208274491695e+00
7.047442631740699426e+01,7.588749594599507375e+00
6.481706875734882090e+01,5.304864418973910034e+00
7.067622320505157063e+01,5.699978680059576419e+00
6.421813293364367325e+01,5.041399254286462295e+00
5.795597409325040417e+01,5.151737328913205793e+00
6.252727048446609359e+01,5.456223231655263461e+00
6.038708338000234477e+01,4.599810508319447599e+00
5.990652972020428280e+01,6.119922479911955371e+00
6.644469673464485027e+01,5.261421590217399746e+00
6.154134168863699728e+01,6.379391329963449486e+00
1.798478395252351731e+02,1.599051261912964605e+01
-1.748317321954857277e+02,1.322848933751245681e+01
1.744891283906948729e+02,8.351420768478689638e+00
-1.740138729369080295e+02,6.764179922686599511e+00
-1.739046789741834687e+02,6.655455007152735192e+00
1.678963260228655088e+02,1.053923858904994759e+01
-1.738522543497568051e+02,7.892430120318220332e+00
1.780161668658261931e+02,1.039595724691464795e+01
1.682883535375113695e+02,7.174916484011758300e+00
-1.609236370946355805e+02,1.114815780567340298e+01
5.883790494443592678e+01,5.574913843231577459e+00
7.600951158317518264e+01,8.212873857516949982e+00
6.452810337824193709e+01,6.248217568117065746e+00
6.859861370633981892e+01,1.047830579422191200e+01
7.145937134194925022e+01,5.320472028015363009e+00
5.625193292284279778e+01,8.600330260142252214e+00
6.897311425477161606e+01,1.003638788019702588e+01
4.906273188865301194e+01,1.099238622807397903e+01
5.865137820110349054e+01,1.015217888210344910e+01
5.378120891135117887e+01,1.580058280072175236e+01
6.482384123498947304e+01,1.026862906118899765e+01
5.936459788842108765e+01,9.981718295378612993e+00
7.362736349256111623e+01,6.035324407226767995e+00
7.501718139941451113e+01,1.184242793375487679e+01
7.341498981512674504e+01,1.001540887747060360e+01
7.234872455348234155e+01,9.101804459733148889e+00
6.446979290479652036e+01,6.292012113788299388e+00
5.979286644015588337e+01,5.541497147026852588e+00
5.837208631788171687e+01,8.128216601634093763e+00
5.930456535214036506e+01,8.839838609275329162e+00
-1.729833184445344330e+02,1.004564404360157326e+01
1.755817731023588237e+02,9.572534975851093364e+00
-1.797667470949834865e+02,1.516549620489592876e+01
1.761182137460791068e+02,7.304752329545967982e+00
1.779687637812162961e+02,1.250127967118727668e+01
1.759749358683745015e+02,7.092060387933961429e+00
-1.744199473217488503e+02,1.351174043604901343e+01
1.749379862061128676e+02,7.922431196274798637e+00
-1.785906608082761693e+02,9.605478388793061484e+00
-1.687120679093336548e+02,9.925083807277822245e+00
-1.743523521736578630e+02,7.806148426370851823e+00
1.787702508266987422e+02,2.838278847524701831e+00
-1.788299021339863657e+02,3.466878893135619144e+00
-1.786794999441796108e+02,5.713303016349596142e+00
1.746111418028728792e+02,7.948919761912817350e+00
-1.753273922549955159e+02,1.127127865757333147e+01
-1.768105279488347890e+02,3.779879807704806360e+00
1.718234316634747643e+02,7.429907746000107949e+00
-1.726842092306242193e+02,1.141201532612331704e+01
1.740455016461025366e+02,8.356932645288468464e+00
6.960438520761954351e+01,7.466353683412346953e+00
6.307633296600067041e+01,8.064565398166338994e+00
7.375315198997141408e+01,5.903655559917509343e+00
5.647114370070580236e+01,6.957275653662797765e+00
6.376078810531477359e+01,4.322620917672011842e+00
6.324828556329901375e+01,7.370049958957453740e+00
6.568928016688802529e+01,7.523777727651843605e+00
5.287148828555368141e+01,7.517484148915226427e+00
6.701391187800597038e+01,6.719852596192374961e+00
5.932703362021113946e+01,9.082156307790736349e+00
7.432793006770459954e+01,7.606451480524301090e+00
6.429671987522034726e+01,6.142177978594397736e+00
6.906780912610581424e+01,7.703838257550462032e+00
7.688782696224866697e+01,7.876689137315763034e+00
7.045542518036171487e+01,8.118213310496681601e+00
7.000999203361760692e+01,7.617151119949575389e+00
5.695288008435995408e+01,6.714202468949543423e+00
6.371775953517505542e+01,7.718243585416120212e+00
5.374427146698961621e+01,8.956919467379158561e+00
5.963866068141763321e+01,9.375732424561814327e+00
-1.788330998108335734e+02,1.955585915598942570e+00
-1.641658354021658681e+02,4.442274234412957767e+00
1.547092487985873106e+02,7.791310583415594238e+00
-1.581201301664855805e+02,7.842685263290210429e+00
1.754240315275373518e+02,4.448040989536159451e+00
1.721158687237539482e+02,8.041369215183753028e+00
-1.741018231895415340e+02,1.009244435423245889e+01
1.728575464937820243e+02,6.333975855559462076e+00
1.793287542561047871e+02,6.362202408038911905e+00
-1.739802146898888964e+02,2.966262535275757894e+00
-7.093904657383721712e+01,9.561961438712920369e+00
-5.463559847365365840e+01,1.032161261698120924e+01
-6.731521133555501990e+01,7.800997934793350908e+00
-5.921076044657672810e+01,7.197517526756612938e+00
-6.305844395521339152e+01,9.631122310154680122e+00
-6.316975365449233237e+01,1.672293133870254067e+01
-6.108434768136462623e+01,7.992291190003561141e+00
-7.320254736324925204e+01,1.174619050145129506e+01
-6.476275292335904510e+01,1.107755905424591347e+01
-6.891323462260082522e+01,8.437911480520529750e+00
6.006453392059205498e+01,8.509055217589022391e+00
7.439350161104164272e+01,9.883833558333456892e+00
6.140614825406230892e+01,1.037330209671618775e+01
6.964208803602949160e+01,7.567622824058576114e+00
6.685099513734547827e+01,5.519829724406184468e+00
6.045769592661609693e+01,5.245650174675301258e+00
7.405950507235534985e+01,5.494095969546479274e+00
5.985428843471008520e+01,5.763414613728774505e+00
7.634915897542789764e+01,5.801731546262598904e+00
5.667815637337993451e+01,7.693835200226166293e+00
-4.735250893261282812e+01,7.766328294585861158e+00
-7.950294954476089515e+01,7.302642943204597614e+00
-5.929426928233404936e+01,7.625236361616805070e+00
-6.559563178073821632e+01,6.094411912534526188e+00
-7.681610280332256480e+01,6.650938393944691995e+00
-5.564731256072111876e+01,4.658376685268589945e+00
-7.353442646090155677e+01,5.403518200312312558e+00
-5.265663410572386738e+01,5.255249364000002643e+00
-6.028908845258225568e+01,6.172672817061256367e+00
-5.866633130784666150e+01,5.298220044315439914e+00
-6.736231036125964522e+01,1.100981532292054510e+01
-6.772295889386016654e+01,1.217967465771820557e+01
-7.022201170906485856e+01,9.885848365523886017e+00
-6.315641656978277751e+01,9.366758773628697909e+00
-7.707452009139792892e+01,1.289349852041705979e+01
-7.315064010439581921e+01,9.303952478382761626e+00
-5.699960995145148956e+01,9.326872718052408473e+00
-7.847158008502661630e+01,1.142998002567977167e+01
-4.104464426892342743e+01,1.104640541409040821e+01
-7.509810908421323461e+01,1.078251363236238092e+01
-8.116063210894367330e+01,1.771993588716363632e+01
-5.662992668581576083e+01,1.495107299778764975e+01
-6.343945073891406849e+01,1.190791893547666369e+01
-6.921742917278855600e+01,1.038620883699980268e+01
-5.818372751891198646e+01,1.349025518931319922e+01
-6.210494211658647856e+01,1.019931504478769746e+01
-7.561450657910222617e+01,1.025102251659002484e+01
-5.309010194909240710e+01,1.034655804627102960e+01
-6.797660145497705741e+01,1.104143280120882942e+01
-7.211870778094544221e+01,1.279693048070210715e+01
-5.448330098037013869e+01,1.046164680398254454e+01
-6.681075561027300580e+01,8.226426100221310378e+00
-5.367283867656151131e+01,6.637492402824282323e+00
-7.280427119432100369e+01,5.376511172284352824e+00
-6.530466203148769466e+01,3.670843928419234459e+00
-6.375111140205209637e+01,5.546698304012242176e+00
-7.282164361517959605e+01,6.793216096334405485e+00
-5.713057379166568239e+01,6.399263622201317503e+00
-7.686135348748400986e+01,7.466267427460287820e+00
-5.497905280751984947e+01,6.737416536574960091e+00
-7.119913076651370432e+01,7.166657655412596029e+00
-5.859721617412477457e+01,8.487729526499929733e+00
-8.542512828756387933e+01,1.011132455110992012e+01
-5.633790317043087725e+01,1.076494659667086751e+01
-7.187538088415044513e+01,7.064669618185042133e+00
-6.658502411350423245e+01,9.699527730734621045e+00
-6.385770725493069477e+01,6.673874955783899665e+00
-7.653974166188793049e+01,9.089397529646037199e+00
-4.968214394811446510e+01,8.954071534894824325e+00
-6.731319508344982694e+01,9.078280242061030236e+00
-6.399880320008315948e+01,9.954048679326792382e+00
-6.606526630013921420e+01,9.172844022066129810e+00
-6.218881686046209722e+01,8.634875521423049705e+00
-7.208838158796166340e+01,1.115379105235486179e+01
-6.394660602111228798e+01,9.214754578617320391e+00
-5.702889985302691400e+01,1.070873615611305851e+01
-7.100739597039105888e+01,8.348310048749917556e+00
-7.416197145235156540e+01,1.078516803335815410e+01
-6.199689060460547552e+01,9.621754104200906710e+00
-5.636200722887112136e+01,9.567506223820954503e+00
1.722001356012501105e+02,8.932488991146703583e+00
-1.654628820198676920e+02,1.121834523712826659e+01
1.749064863097963780e+02,4.966654058319690535e+00
1.639911227432146177e+02,1.052065626271500065e+01
-1.628655406564992063e+02,8.088812826767075137e+00
1.670122553464012753e+02,8.861747764351401102e+00
1.726097675160474125e+02,6.062209579210321664e+00
-1.637863069044375379e+02,8.166481359035275389e+00
1.652778975393750329e+02,8.929510535030605212e+00
-1.792756903869765210e+02,5.941280582510880315e+00
-1.594919037012860770e+02,9.763490636196529238e+00
1.562585308997549021e+02,1.024936484569417772e+01
1.604899300392183079e+02,1.069848641439400083e+01
-1.511595532905045900e+02,1.925452145356581468e+01
1.796596343123855206e+02,5.827929058746563307e+00
1.507500082164048081e+02,1.400069321176269810e+01
-1.635446033105586139e+02,8.084809329945153777e+00
-1.608746087865113168e+02,1.167948378744360660e+01
1.626193211054626602e+02,9.736482268785623617e+00
-1.767948744117726392e+02,8.721993321834503377e+00
-1.733411154579060280e+02,1.593452087004096640e+01
1.773773065906612487e+02,8.239010505466136891e+00
-1.696101184691676451e+02,1.525592196794439737e+01
1.760873680972763680e+02,1.261282557117269576e+01
1.733771828745395283e+02,9.310376447319121951e+00
-1.637099282315798519e+02,1.537626248115343586e+01
1.731919403681022231e+02,4.451344385860752872e+00
1.787760153911102634e+02,6.933336537167019031e+00
-1.694727891331325225e+02,6.039245506360082061e+00
1.742427816540873948e+02,5.201768360859866824e+00
-6.901109796851899603e+01,8.751447423247725510e+00
-6.193956751072114031e+01,1.042297789228263483e+01
-7.576795750674089902e+01,1.179725629728908665e+01
-6.472522181019098753e+01,9.683911446914127197e+00
-6.113088401113599701e+01,1.025145208584431700e+01
-7.797243269999707138e+01,9.362825205569997422e+00
-5.501753407460862633e+01,1.082812676441719901e+01
-7.885988027024450275e+01,9.542842713513142172e+00
-5.937055742665751268e+01,1.024573920932702897e+01
-5.083934681220333118e+01,9.076573102951243754e+00
-8.049209104739479415e+01,9.301907853616343758e+00
-6.746449422139779983e+01,1.149070359834656152e+01
-5.634173268739999685e+01,9.774835981078798142e+00
-7.062394091511627892e+01,8.224328461905967558e+00
-7.046828405572439635e+01,9.581776851214065971e+00
-6.499317362457198044e+01,9.580991605111075060e+00
-5.768830185982562853e+01,1.014272110964760820e+01
-8.081614586965504543e+01,1.108645828263699329e+01
-5.907811687607094342e+01,1.137361914433754428e+01
-5.799236968249774549e+01,1.236017660568381160e+01
-1.751747468456789250e+02,6.677359494377290261e+00
1.742995551381539485e+02,7.422527788085069744e+00
-1.721953727188422079e+02,6.415198167230172110e+00
1.769094634584400580e+02,7.258923523230292218e+00
1.795757756028367282e+02,3.790075527074797890e+00
-1.767263534649147516e+02,6.473669089218748063e+00
-1.726804708172033997e+02,6.570146869003593793e+00
1.723751206129732054e+02,1.015026409190571144e+01
-1.717331535753515652e+02,1.302390162433870913e+01
-1.774685818898938692e+02,1.355836159324932311e+01
1.671058809964584384e+02,5.807729966697849910e+00
-1.614641557558452689e+02,1.368977143969246590e+01
1.706887157008972054e+02,8.426136645025399829e+00
1.689990238409641847e+02,1.290534780586036234e+01
-1.662303647726617442e+02,9.615632392898287861e+00
1.733139113634773025e+02,8.340323213740074237e+00
1.708079170629325745e+02,6.216166069977605346e+00
-1.670077004936324840e+02,9.787568782746411955e+00
1.623610189734309301e+02,7.903334689514705858e+00
1.755431801399909943e+02,7.650762459226900347e+00
-1.665946183426195262e+02,7.315883242873979064e+00
1.658870079298505686e+02,8.637907081015328004e+00
-1.743400656202564676e+02,5.785959199353043481e+00
-1.713706129218938941e+02,4.670836875359078988e+00
1.635031841463034539e+02,9.243979868169132530e+00
-1.731872578251764594e+02,5.420452146607779298e+00
-1.677668449894388800e+02,8.525618758875395997e+00
1.645759779213078673e+02,6.031228906849198879e+00
-1.758646305142731308e+02,7.752234390717150703e+00
-1.743384863936642262e+02,8.767181502693643935e+00
4.998900832141070083e+01,8.536819022070414320e+00
6.351818877635292893e+01,1.319654977100853976e+01
4.997739934031171316e+01,1.523349384333891088e+01
6.241465482296094791e+01,1.608354763602432769e+01
4.469025295067058323e+01,1.729227455861303753e+01
5.831138081494758296e+01,9.587362402042431953e+00
8.849901069079427884e+01,1.635342799019956672e+01
5.374261010568601904e+01,1.211369264853293259e+01
7.912682505749930328e+01,1.346358752305013695e+01
8.399723488514348446e+01,1.207406426860447013e+01
-6.251908766560243436e+01,1.052150509136289891e+01
-6.494367619994451957e+01,8.681984481078391269e+00
-6.742958030761693067e+01,9.589193611080926161e+00
-5.625168299681140383e+01,1.375140545334705244e+01
-7.644163812232042687e+01,1.030880800086575633e+01
-6.010081644916448340e+01,1.054065208000090692e+01
-6.295608395643073862e+01,1.286491006152612826e+01
-6.890694119346660784e+01,1.080651738877557300e+01
-7.156139843718744942e+01,1.190666223915620670e+01
-5.634182190074022856e+01,1.319204931912621248e+01
-6.884104835769741726e+01,9.567685251416859771e+00
-7.082539428436525952e+01,1.287241869125982241e+01
-5.984101865810750809e+01,1.242491810138479202e+01
-6.541009688124412946e+01,1.174020326086622035e+01
-6.890417707082342247e+01,1.157776615381534846e+01
-7.121072653246065443e+01,1.336562960608526041e+01
-4.249349288259904966e+01,1.868118744980599644e+01
-8.467258543079547906e+01,1.923165617617301848e+01
-6.544623346639335182e+01,1.588028127071574858e+01
-6.763176660838676924e+01,1.616302748020746094e+01
5.598507841435134935e+01,6.237054813426937017e+00
7.104155140046583483e+01,5.611879815939497362e+00
6.052222013057348704e+01,5.522420929892990493e+00
6.949184646447655211e+01,5.626271381366111157e+00
5.981777367781259613e+01,6.695931864829876901e+00
6.143765273996059761e+01,5.829707432099162645e+00
6.185819549013717022e+01,7.845234436930780930e+00
5.799351804200321681e+01,7.586233393807107817e+00
7.405718533816620663e+01,6.854523218961539044e+00
5.379226036500378427e+01,6.447421629969486645e+00
1.645559333096314845e+02,8.374070140637915216e+00
-1.521062685152919300e+02,1.058172647384671095e+01
1.786207461483417660e+02,6.090180972735870668e+00
1.631557163673519995e+02,7.999668593329428035e+00
-1.543453197861232411e+02,1.048234964233192912e+01
1.762186401467746180e+02,6.964387245564390483e+00
1.582093563312984088e+02,1.086447601590045942e+01
-1.658165054272242855e+02,1.102160691736874654e+01
-1.776412267166934384e+02,7.689980621111464743e+00
1.655710262044050296e+02,1.215728126345245563e+01
-5.606500614625528556e+01,1.202446181066084385e+01
-6.266405393883028552e+01,8.725140631434195271e+00
-8.429871018317069797e+01,1.250435858605013983e+01
-5.200554731010660703e+01,1.344267325968539062e+01
-6.280756896687127266e+01,1.152147050969989905e+01
-7.780271523058222272e+01,1.569696195294292451e+01
-6.936202895295372173e+01,1.409109014066351406e+01
-5.779531044081016944e+01,1.175776877445679958e+01
-7.011710210629262008e+01,1.365079170508260020e+01
-6.667224013246422487e+01,1.630752723506367374e+01
6.835054747257775887e+01,7.061036859324698156e+00
5.537607179982834538e+01,8.076842734842312410e+00
7.395810937029020238e+01,8.951047034419383763e+00
5.187474152539174810e+01,8.842225601680947733e+00
6.505964923408389211e+01,6.810984081528038914e+00
4.704101230157274927e+01,9.427973395838190385e+00
5.862647298851992872e+01,9.345768127871640019e+00
5.678984555598310635e+01,9.453564137684319135e+00
6.165794318711417077e+01,8.992586015008525280e+00
6.636723235394183007e+01,9.496109836866107656e+00
-1.545881088825621532e+02,1.304733953647593481e+01
1.709935103629206310e+02,7.152383622278626341e+00
1.660273545447015238e+02,7.878959933448648201e+00
-1.593483798380727876e+02,9.257307034494658637e+00
1.732840986136062611e+02,5.461274432360109898e+00
1.748706160262733533e+02,4.349329967521707196e+00
-1.676822659698925690e+02,1.046326482382168166e+01
1.677209395822744114e+02,7.710571868900860437e+00
1.775953503470893224e+02,5.023339360701113421e+00
-1.710192422594709569e+02,6.885086169951972757e+00
7.381907912095398672e+01,7.471246452532366078e+00
8.044438579831789582e+01,7.184670059653882390e+00
4.900692891614640700e+01,1.048125166290453514e+01
8.962912524633607347e+01,1.011466456584801321e+01
4.706157060506650680e+01,8.345823120780313076e+00
6.618816359710604047e+01,1.105864679287416052e+01
7.143084236124684594e+01,1.140758505296459902e+01
4.305211597054422157e+01,1.130344478279890552e+01
7.932821147663858596e+01,1.029572655947584714e+01
6.244874887040548828e+01,7.116777468956266617e+00
7.350031637094441805e+01,5.312961502486709620e+00
6.785044252290440170e+01,5.115083223707665994e+00
6.846694252067672437e+01,5.092717559398776572e+00
7.206514178800421178e+01,5.421018875552586103e+00
6.266427188538104787e+01,5.560499491797386895e+00
7.063026442002387739e+01,5.270257503145337807e+00
5.596908912717688622e+01,6.074118982775067010e+00
6.409289145001191912e+01,5.928285184840599520e+00
6.580428766292470755e+01,5.448210400270310672e+00
4.678486056904782231e+01,6.874981752068475060e+00
1.668360244377009565e+02,9.601535010697086037e+00
-1.705673956499143173e+02,5.149100626282423931e+00
1.797644707897357819e+02,6.892031727372496697e+00
1.709636841260139590e+02,5.843779193284472484e+00
-1.658690505565331534e+02,9.365549812362361948e+00
1.672749690848620787e+02,6.701142642343815403e+00
-1.712766036109598531e+02,4.209773265355854832e+00
1.773733166707141606e+02,5.067967652912594545e+00
1.783028848220832572e+02,5.480874014114893278e+00
-1.748702762420795409e+02,8.550515476321832509e+00
6.988381246585288409e+01,7.798343892014361955e+00
5.126954021708642983e+01,7.185873092613062951e+00
8.101436139070372633e+01,1.131214742137338192e+01
6.382944598926314228e+01,1.168703491570551378e+01
6.495831193753134869e+01,8.904269672826233162e+00
7.105797817419738749e+01,1.279835506790829669e+01
5.457308132766978304e+01,8.557697103515259585e+00
6.210094348887034243e+01,1.100201633079124619e+01
6.325460653308756065e+01,9.838595676004691981e+00
4.915190944846406040e+01,1.373959751903293913e+01
5.858791924475708868e+01,7.458391236030045945e+00
5.823252765004485099e+01,1.150743601771325153e+01
6.445786309735090924e+01,6.908199416285836669e+00
6.344610955687256393e+01,8.169708108337676578e+00
7.382212907441588357e+01,7.811148158933676200e+00
6.013407750617368919e+01,1.019643163031723887e+01
7.298346977046398365e+01,8.538572891535764597e+00
6.338221379770843100e+01,8.896997146271962364e+00
5.735175240742480440e+01,1.143448422512306095e+01
7.055863559054770917e+01,1.015816974190600597e+01
1.736374747373145340e+02,3.023175585998888693e+00
-1.751304071760767158e+02,2.171687353926127440e+00
-1.712032718374928777e+02,1.308346563654731565e+00
1.720639294472748873e+02,1.950739067875677080e+00
-1.790479994910604660e+02,4.601888880691886285e+00
1.788164912573912773e+02,3.629795439753711328e+00
-1.742617280609881050e+02,6.204460442301461320e+00
1.792533412097020005e+02,2.687484851654299511e+00
1.784910638586019047e+02,4.382277271883871173e+00
-1.756144024971614499e+02,4.966490740548419325e+00
-1.762985068809872473e+02,1.154368471636173155e+01
1.795330272654445594e+02,9.917096880313955864e+00
1.723523668630001566e+02,1.173561064143403065e+01
-1.681651719551061319e+02,9.451629797224187612e+00
1.730532967537706384e+02,1.017012302955207304e+01
1.716573542407193429e+02,1.061319391689711722e+01
-1.674140031749478226e+02,1.340396739461331777e+01
1.705032835531315811e+02,1.256235371212465424e+01
-1.779543170940216896e+02,5.956777326810325235e+00
-1.727658904201124130e+02,6.237966949658808602e+00
5.460427998124516336e+01,6.390239518424275289e+00
6.815651208970690789e+01,5.516505964405022056e+00
6.487199278570709282e+01,5.839812383801548989e+00
5.843975450872518707e+01,8.049536241345776943e+00
6.807182002948789545e+01,6.534457663221878931e+00
6.188821647267958070e+01,5.730666518054192693e+00
6.008387120288228544e+01,9.861570339438518573e+00
6.270764938918092213e+01,5.587734864486289865e+00
5.987867489535012311e+01,9.003933612031797651e+00
6.826592267814463355e+01,8.294999694353508701e+00
-1.787212936722283416e+02,1.708308457016702775e+01
1.730233633393810067e+02,1.223389606530621521e+01
-1.715668252714670530e+02,1.325051566228509081e+01
1.615538549482881763e+02,1.149221304255458165e+01
1.666194177524802456e+02,1.112618968428384747e+01
-1.742228269488120702e+02,1.607807123579125630e+01
1.672190969021732485e+02,1.087305250581165517e+01
-1.705543651796176903e+02,1.171700430481192612e+01
-1.777228847644546192e+02,1.299103428588475317e+01
1.788250007882058128e+02,1.417530311720425473e+01
1.629940810736817696e+02,7.120850529552306796e+00
-1.708296156180093703e+02,5.350043071986485543e+00
-1.748860143072500648e+02,4.121241497647051055e+00
1.694981487554050830e+02,6.091160670695805024e+00
-1.709610842046883761e+02,6.305244473212822776e+00
1.758290146470749562e+02,9.588372235493123341e+00
1.752861455396646591e+02,8.048561674379584474e+00
-1.715912966486081928e+02,7.060237928073385127e+00
1.760587967477672748e+02,4.508753270475176933e+00
1.745553221048952537e+02,8.490712962937276842e+00
-5.450399145911525522e+01,1.447399843006187226e+01
-5.780876605258018941e+01,1.363243556504835752e+01
-5.924682859100053633e+01,1.178817504262350901e+01
-4.916772887525146984e+01,1.014871113228230115e+01
-7.257222651299618121e+01,1.064287666342409366e+01
-4.693850322434943223e+01,1.157532584429042188e+01
-6.252392105705204983e+01,9.474674118291179781e+00
-6.497858162005209692e+01,1.011903167240935986e+01
-4.351140245747202329e+01,1.384414271206953551e+01
-8.131128320887322047e+01,1.179628505356460977e+01
1.649392535457862436e+02,8.647105752670887213e+00
-1.703850979332359827e+02,1.306654559458470288e+01
-1.784310095208341806e+02,1.125652502089040397e+01
1.787573877286188520e+02,8.368464921772684306e+00
-1.695254809309620327e+02,7.653808576222481008e+00
-1.758122302070724174e+02,9.834728159170548878e+00
1.764172333931698802e+02,1.328147294749957119e+01
-1.629325578683051958e+02,1.223984739151352841e+01
1.734637903133175882e+02,6.815484185974647779e+00
1.739883644755983312e+02,9.772793042200332181e+00
-1.799543701531819124e+02,5.477390423194251845e+00
-1.757241233894173433e+02,4.815332924956276628e+00
1.643183631393685005e+02,9.612052721341143524e+00
-1.558637686570386904e+02,1.201607254127084623e+01
1.703016504386000349e+02,7.762328167469073392e+00
-1.755776411417601821e+02,7.458487099633498651e+00
1.721438043078521787e+02,7.737038873693400376e+00
-1.727114906732968223e+02,6.153102559187044740e+00
1.673175743762881211e+02,4.853816325154024724e+00
-1.617404463197954954e+02,6.876158169318805413e+00
-7.007325897335120146e+01,7.025397278679150759e+00
-5.640248423178444881e+01,5.790999408973490858e+00
-5.952421402822749741e+01,6.079203566636766531e+00
-6.794056008330861118e+01,5.178540282184036059e+00
-6.334499841548988996e+01,3.845562248861762455e+00
-6.509711006968530000e+01,5.077124973992331647e+00
-6.266687664672456037e+01,4.790361172190182870e+00
-7.092656719156275358e+01,5.259549590643334049e+00
-6.453783727674009185e+01,5.704331639050916891e+00
-6.626481946457539607e+01,5.641326490993134435e+00
-6.937854493222486951e+01,1.052056038616108324e+01
-6.402340385570123260e+01,8.818499376506753862e+00
-6.896746319945994230e+01,5.393885737346643339e+00
-4.758229746790667747e+01,8.135782481775029495e+00
-7.498673125397770889e+01,7.695300926370260086e+00
-5.508910510579469388e+01,8.549907719292065167e+00
-5.593794917701323044e+01,9.066719530888136092e+00
-7.964906152758801738e+01,1.124980270715128228e+01
-5.910675016776846036e+01,9.379352788303522814e+00
-7.619821215387844404e+01,8.354500629387956678e+00
1.765627147469285774e+02,2.196557157716869657e+00
-1.745100891279295183e+02,3.960376320491438840e+00
1.749468646489733885e+02,4.136808741481294405e+00
1.791113063663888454e+02,4.061915074927460623e+00
1.793620276420756738e+02,2.712817534001219055e+00
-1.747059724705278256e+02,4.565642057576430268e+00
1.753796573462073809e+02,4.357641462660176046e+00
-1.662804645819869052e+02,3.910191217609670034e+00
1.700114041734514103e+02,4.181091457824313906e+00
-1.751845558225405739e+02,5.489151939353673626e+00
-5.814094162889318085e+01,1.162654484081611983e+01
-7.680137727991180441e+01,1.011730041614339726e+01
-6.918972025991243413e+01,1.437230254386243899e+01
-4.397887291062417603e+01,1.421250407679066186e+01
-8.197402365733503871e+01,1.808934585751573465e+01
-3.593248389268441656e+01,1.945144298148775519e+01
-8.166462741981820272e+01,1.232304669110862250e+01
-6.288371400605824135e+01,1.475430557305608836e+01
-6.166315972825176317e+01,8.440917873827789464e+00
-7.838590180674941621e+01,1.284903948761902193e+01
-5.516286873918416944e+01,6.162573307886422214e+00
-8.153784408979778675e+01,1.164523637226764308e+01
-5.936940827578486335e+01,1.050083413266708554e+01
-6.870566159208998158e+01,7.617246029645468042e+00
-7.278752656522985376e+01,6.641307235313925972e+00
-5.514848127972791758e+01,7.569568379647098055e+00
-7.957866635470246308e+01,1.361923395126932768e+01
-5.027990704303034164e+01,6.222462815364819377e+00
-6.349527558218306922e+01,9.545789252229010202e+00
-5.691125283680113967e+01,9.742800053940452898e+00
1.632337772065130537e+02,5.775492531562402831e+00
-1.715951901908222510e+02,1.087811375452966445e+01
-1.776435160095383310e+02,4.417562182308309104e+00
1.757729837062645402e+02,4.536555622039308844e+00
-1.733232219568230903e+02,5.795260752075718003e+00
1.796620972734815780e+02,2.546293877047161036e+00
1.772331190139483397e+02,5.888836210697830253e+00
-1.791355351626803269e+02,4.243109836494890708e+00
1.719966814619484126e+02,1.100927107485130918e+01
-1.702620572297563797e+02,7.894032733157212434e+00
-7.114539488439743309e+01,6.257586436247092543e+00
-6.924950906357494773e+01,5.982706005655861858e+00
-6.003797796332735004e+01,7.132155115101686427e+00
-7.316732157443350104e+01,5.183717455005966812e+00
-5.000927301085795307e+01,5.398731567209036797e+00
-6.867497420492048832e+01,6.632519504806704269e+00
-6.149363973180287957e+01,6.293059992854352025e+00
-5.483907099890191006e+01,6.396854585612796740e+00
-5.897105456200826268e+01,4.827363728525680742e+00
-5.962469971320153661e+01,7.740482938499837928e+00
-9.889666958385963369e+01,1.521329282417922535e+01
-4.932341484534542531e+01,6.748155299822875541e+00
-4.567590325767428538e+01,1.332980033421165800e+01
-9.663161340959884171e+01,1.647800819792719551e+01
-3.474413562900902974e+01,1.364119810151149537e+01
-6.023073035301499800e+01,9.587542325747801186e+00
-8.516766001934414021e+01,9.336720535969924128e+00
-4.861293563999431910e+01,1.042673146940181184e+01
-8.043157871659825275e+01,8.781949337439243664e+00
-6.766229179256117732e+01,6.044820448362551168e+00
1.659723029680367858e+02,3.576476143900140237e+00
-1.632520953891202851e+02,3.718048594436813126e+00
1.731814623151461490e+02,2.587561674608144457e+00
1.784978445128285500e+02,2.586294107645711993e+00
1.782940205770134128e+02,4.658321935146812365e+00
-1.731874073346113789e+02,5.899610093002943145e+00
1.612288526050316477e+02,6.921053299308345785e+00
-1.647491490515832311e+02,4.003169463172730147e+00
1.689073141362222543e+02,3.640581876479966006e+00
-1.733931013228542213e+02,3.610078379438371954e+00
-6.332198054276025090e+01,1.210973489692196559e+01
-6.486993578478507061e+01,1.174873245516011977e+01
-6.536273717357344992e+01,9.848232062817226407e+00
-7.601907360442294248e+01,1.436165904111134850e+01
-6.260989725201650202e+01,1.324119173701518548e+01
-6.923324387508782252e+01,1.070100076648185805e+01
-6.427170501280215831e+01,8.307291545775276731e+00
-6.975546636128926536e+01,8.885973992849777403e+00
-6.468061883017088576e+01,1.418905223155029560e+01
-8.011886786540269156e+01,1.588274004827213659e+01
-6.644916044016346746e+01,5.244580931163296711e+00
-6.423763436970087071e+01,6.617901931100393043e+00
-6.924381323732245619e+01,6.512344300707615830e+00
-5.728189312623660356e+01,6.732551741887744967e+00
-7.811560179062260545e+01,9.613376211390125547e+00
-5.718674700219253992e+01,1.000337435031936550e+01
-6.830097120791569409e+01,6.661493969706765661e+00
-6.664078397463723036e+01,9.254224561883061639e+00
-5.276662107873215035e+01,8.255908191396105877e+00
-7.772673858329764585e+01,1.090350853552139654e+01
-1.784890174129649552e+02,1.540461323601163812e+01
-1.666615760047714900e+02,1.537923956739101783e+01
1.704646682777251101e+02,1.990055214340859990e+01
-1.799907577294249279e+02,1.865105869142025696e+01
-1.631928928132681449e+02,1.800370815496948040e+01
1.700727973358939664e+02,1.457121266138452853e+01
-1.788517467831008787e+02,1.620047875379718505e+01
-1.669493580512752544e+02,1.837108108368684967e+01
1.746505240712338889e+02,1.488055982686683976e+01
-1.611038337192601091e+02,2.396508531639033635e+01
-6.816514338700730491e+01,1.116347665787430543e+01
-7.203101991279912397e+01,1.289696532730581779e+01
-6.636636458357713764e+01,1.170840084018997551e+01
-6.179080173531185949e+01,9.424738468184898466e+00
-6.837534658645493835e+01,1.094046687097496218e+01
-6.352745578171366958e+01,1.185919717449565702e+01
-6.642830831064541997e+01,1.241734623157129924e+01
-5.926956376742457877e+01,1.058166577409418352e+01
-8.313514368521704512e+01,1.125415222926001135e+01
-5.763692828564099102e+01,1.250289883877201547e+01
-1.682441283701991210e+02,1.743222461203409068e+01
1.743168067794127296e+02,1.196019284652975934e+01
1.762377557506316919e+02,8.516179574767756222e+00
-1.701221554065010082e+02,4.374168822472674023e+00
1.732719037664005270e+02,6.178967505198021293e+00
-1.726790759008500231e+02,1.103348207516805068e+01
-1.733764133165787484e+02,8.640287462011244202e+00
1.680575098056421552e+02,5.163465304208544993e+00
-1.664533523607906886e+02,3.221590532468916912e+00
1.698185122377276741e+02,2.762021365463440237e+00
1.784905888236590101e+02,6.652823422102224882e+00
1.793873475882998321e+02,8.925779898502367971e+00
-1.773150333825881262e+02,6.965088751787277488e+00
1.791827812801721223e+02,4.879211806164581944e+00
-1.764664016189800009e+02,4.924625158505011591e+00
1.742681187053285043e+02,4.881914920139606373e+00
1.765191115377009794e+02,6.338561681927041391e+00
-1.755382390270318922e+02,5.090919800972779186e+00
1.726862909669370651e+02,3.530165613734427055e+00
1.798954915130418044e+02,2.225291391084578407e+00
-5.902569795689058907e+01,9.050683048042040824e+00
-7.565118308678739822e+01,1.294596629500363072e+01
-7.596918315401926236e+01,1.446907767955266699e+01
-6.358434184829606295e+01,7.231756950603248413e+00
-7.711037506140499431e+01,1.212697749102797573e+01
-6.296500875295070898e+01,9.398308538324402051e+00
-4.887230203811762408e+01,1.142408311386261133e+01
-7.364334873288566996e+01,1.663576280413045083e+01
-5.569099397469319257e+01,1.047298611223514975e+01
-6.377148175658092555e+01,7.395214595047312045e+00
1.697264668016345865e+02,6.738727047829963013e+00
-1.734130756822357853e+02,7.555585548896187831e+00
1.683528064859940798e+02,6.811353018349425525e+00
1.790457256116878000e+02,4.206145249638132633e+00
-1.694609846133676854e+02,6.873170695837508504e+00
1.701658470673972374e+02,6.612543421681291278e+00
-1.770851367970975616e+02,6.659559806628646328e+00
-1.751039085742841621e+02,5.278796027342234964e+00
1.630733346846912752e+02,7.176123200632579469e+00
-1.721514500842218069e+02,5.180548017505708813e+00
-5.545460179949062507e+01,1.062334269255020658e+01
-7.326419030241108032e+01,1.012087641807006655e+01
-6.167724725417879483e+01,9.928054516488195702e+00
-6.034481815528370419e+01,1.124037909067606833e+01
-7.439174366436526498e+01,1.213580398124177329e+01
-7.298321957717401176e+01,1.109268567677440309e+01
-6.126442802590389647e+01,1.038941576940559841e+01
-6.656910122988377054e+01,8.673619832434830812e+00
-7.497316855128202917e+01,9.200327910603807169e+00
-6.250756078884847255e+01,9.874025460008402533e+00
-6.991859686140720953e+01,6.107363380261585206e+00
-6.319062392059362310e+01,6.029350647017846399e+00
-6.544602641727712466e+01,6.892430306649657723e+00
-7.319437661704851905e+01,8.101912000788866308e+00
-6.485115886552422637e+01,7.151076931041860263e+00
-6.781371540099833339e+01,6.448676221591954416e+00
-5.624357977394772234e+01,4.420193261290416231e+00
-7.011950043440211289e+01,6.371507707747115390e+00
-5.250007840941579218e+01,6.286330599491183335e+00
-6.432661665249830207e+01,4.949476546360619622e+00
-6.360638389500752510e+01,7.472970892603200355e+00
-5.237763380301912974e+01,7.767409333749920819e+00
-5.493482951289310279e+01,8.110915894902522183e+00
-4.410342780118081407e+01,9.661143679400993278e+00
-6.644424960862201601e+01,8.600379053898388193e+00
-5.208629194546217889e+01,1.127992964714450608e+01
-6.751583434649174364e+01,9.764215825264244586e+00
-5.769999005591302677e+01,7.603947240251265782e+00
-5.533216751653938559e+01,9.154523770442548170e+00
-6.098037637166439850e+01,7.321955609014134225e+00
-7.367635252921215283e+01,9.395347275236323625e+00
-6.705851355916219347e+01,1.310009124144449366e+01
-6.753117942372949756e+01,1.090445858164073911e+01
-5.588148191399907461e+01,1.361113090573553208e+01
-7.545983333975621576e+01,1.149564917342252812e+01
-6.964556789455428998e+01,1.072914767858342522e+01
-5.881587869129146640e+01,1.299586993229060283e+01
-6.452732705224366327e+01,7.740850431057541670e+00
-7.661706504647288796e+01,1.303875271800690250e+01
-6.438848861554556890e+01,1.010324741982369723e+01
9.644564711055352291e+01,1.966784423382987512e+01
7.097675821121062256e+01,8.868145831812494606e+00
7.695952963384399048e+00,2.038453915799440352e+01
7.077421876580702076e+01,1.069782863900883285e+01
8.558570335242420413e+01,1.291055197781671993e+01
5.927820075518381060e+01,1.579986880519647841e+01
8.200474627255080406e+01,7.728519669306351147e+00
5.879103596147835020e+01,8.046440766222076491e+00
5.267394887264694603e+01,9.034321509262014160e+00
8.136303560942610602e+01,1.433716490429558021e+01
-6.720999401135267703e+01,4.778450817589114052e+00
-5.719633584104492741e+01,5.911018226855063062e+00
-7.892959967754700301e+01,9.420343676018084977e+00
-5.302077746375755396e+01,6.202286795440232758e+00
-6.645924458730162598e+01,4.834770276411224366e+00
-6.319424146838650103e+01,6.738796974203311585e+00
-6.214227879267284038e+01,1.007810259675618880e+01
-6.693479324534060027e+01,7.561346010964353326e+00
-5.712129477089689544e+01,1.056194749824617851e+01
-6.889845562461130157e+01,7.909596489507304540e+00
-5.225123117422695884e+01,1.814863911634321170e+01
-7.267557168996530947e+01,1.523246552003185705e+01
-5.929846111336488690e+01,1.617081189727492685e+01
-7.161728819024956749e+01,1.587532215190262264e+01
-5.021111231498122862e+01,1.728603805130631343e+01
-8.179809046072624312e+01,1.593683798404214613e+01
-6.188935340508921712e+01,1.515518298763198501e+01
-6.197937623363671378e+01,1.709073525661876403e+01
-6.496814687866641691e+01,1.140165659805156828e+01
-8.433738035807159861e+01,1.438814985769393218e+01
4.864805007292550698e+01,1.178399520036209935e+01
8.626004665576274988e+01,1.259503074359025376e+01
5.760484573468976066e+01,6.882127856981152370e+00
6.711854204810046554e+01,7.232191618337283856e+00
8.661222070793101580e+01,1.422901309239861334e+01
6.130488977377312665e+01,1.417031027498527607e+01
8.131378516653336419e+01,1.074436317500277305e+01
6.507559236549413129e+01,6.364876539207573458e+00
6.581540190236468391e+01,1.147420280731998865e+01
6.558440038916312176e+01,9.862957764988170339e+00
-1.598998046989053705e+02,1.298404396422994367e+01
1.748105266083776712e+02,8.472750245349178755e+00
-1.721650865321826132e+02,1.497368983437002044e+01
1.769650814175573714e+02,7.417842078870947375e+00
-1.711416379613021945e+02,3.735749362394071404e+00
1.613294021837795071e+02,6.779873253303396297e+00
-1.679009274755141803e+02,7.401033505197723628e+00
1.717586205353019864e+02,6.556255531557765082e+00
1.709756901323751777e+02,6.998567595352461979e+00
-1.617106890774172996e+02,5.628737423014757546e+00
1.577966121069294161e+02,8.002036522017926146e+00
-1.664236196667364709e+02,3.359554187135947778e+00
1.787938006139037554e+02,3.663094658608537557e+00
1.666820775044032246e+02,1.094753059767804260e+01
-1.711850506463395334e+02,8.206527394033507505e+00
-1.756479917556344503e+02,3.699202702565953516e+00
1.749603106371574199e+02,5.520105558149793978e+00
-1.639550433550160449e+02,6.226913620199143296e+00
1.651126734856688074e+02,9.395599715484431513e+00
-1.742158689100702986e+02,2.525346255436507814e+00
7.422617835508205530e+01,1.007011885241196403e+01
7.189023046881840173e+01,8.039480797518164579e+00
5.351787397870505458e+01,1.269167253966218034e+01
6.266537072749436277e+01,9.353357430316407317e+00
8.058257491904734593e+01,1.081848899604732850e+01
5.590608828664150565e+01,8.606280984311586835e+00
6.524255832803982003e+01,1.064792102426882536e+01
6.679725682412511389e+01,1.251854380900377706e+01
8.453706123784232318e+01,1.311974034819028567e+01
4.170411103466011582e+01,1.595868292844562930e+01
-6.310137028516693647e+01,5.097041767583153415e+00
-5.630074826158602974e+01,8.559520665664242856e+00
-6.412744490241951212e+01,5.702647378286968660e+00
-5.772523523543220136e+01,5.212146434580168908e+00
-6.478799613878722141e+01,6.246021340830276714e+00
-6.509000117520768924e+01,7.349797392557482212e+00
-6.585927826603450796e+01,7.797951472466028378e+00
-6.443629003986680459e+01,8.243553248213579820e+00
-6.450714835600113872e+01,6.977437974771776297e+00
-7.535250290519464045e+01,6.211555411915545832e+00
-7.275112240095134553e+01,1.158319333399967732e+01
-5.949370693394361354e+01,1.143200804769067602e+01
-7.503533952713198119e+01,1.811436897250498390e+01
-7.057504738605913985e+01,1.020308751042809092e+01
-6.243763805163740699e+01,2.054526719603805418e+01
-7.241618753776837991e+01,1.084362741205401370e+01
-5.608275987432980969e+01,1.053852411310507264e+01
-5.876655304378533629e+01,1.134275586423671989e+01
-7.093819662613040578e+01,7.952344256684284574e+00
-5.753486819975840660e+01,2.086433285060448739e+01
6.677778681603356858e+01,1.106369886992014173e+01
6.969098138989772906e+01,1.278401924875353401e+01
4.877434958002092458e+01,1.229485370155074442e+01
7.498159285698531562e+01,1.437615528857719482e+01
6.713820375995396716e+01,1.162759471655217602e+01
7.087954695003702454e+01,1.652483799815190935e+01
6.207339809084869842e+01,1.100731658471649155e+01
6.034224236736093161e+01,1.298823125185642269e+01
6.719932539874967858e+01,1.055460124610566197e+01
6.695944271782637713e+01,1.073710843554556149e+01
7.832428227155415357e+01,8.120993713767278521e+00
6.873562586614595205e+01,5.809961815511080374e+00
4.970074461559623558e+01,7.876977478857963177e+00
6.843302960367829257e+01,7.482599206628046673e+00
4.513068558589402102e+01,6.862439466123206877e+00
6.788379130318730859e+01,7.064777554503866241e+00
5.421404020402987101e+01,5.340555912117955550e+00
5.745856807494857321e+01,5.744150158771294201e+00
6.485293809695116352e+01,5.621077485827450815e+00
6.070275213581047780e+01,6.502916008694951344e+00
-5.675272790016332181e+01,1.055138851947068268e+01
-6.640533025984373694e+01,6.070738269490039585e+00
-6.517548196292899831e+01,3.698057188788163252e+00
-5.425500170475280015e+01,7.695925946707376397e+00
-6.962468122002164250e+01,8.700787740276481941e+00
-4.720120334852342836e+01,7.874509892314527804e+00
-7.905444450111140497e+01,7.473272822655395942e+00
-5.320540516656607366e+01,6.229493570281956494e+00
-6.547993835665000972e+01,6.475762965072699551e+00
-6.852220788953749775e+01,9.118906819738315406e+00
-6.003923729398459130e+01,7.310617776839487547e+00
-7.761702114325345292e+01,9.684531841708675870e+00
-6.687329523568664058e+01,1.522387230817458814e+01
-7.497102119460924996e+01,1.377381166390990153e+01
-6.446168026126819939e+01,6.193402919598080203e+00
-6.953837137188509132e+01,1.052746323514659110e+01
-6.493193305730301290e+01,7.691976802637345401e+00
-5.727546189524139919e+01,6.704932141162474935e+00
-6.311145786722533302e+01,1.254964065130567974e+01
-4.671467406389364641e+01,6.762296721483801676e+00
5.701396785680318402e+01,1.100705068177301982e+01
7.414076015246324403e+01,6.479293383038386089e+00
6.676396671091703183e+01,1.062600774556706540e+01
6.902335016419064573e+01,1.101559367644414422e+01
6.277481009938724554e+01,8.734095502689434909e+00
5.548689584244573325e+01,1.375627622139150397e+01
8.584845980916865926e+01,1.759679129259900776e+01
5.020556577460151004e+01,1.582054615177798595e+01
6.764943670630523798e+01,1.178753977493554927e+01
5.249428975270568287e+01,1.077234214394122525e+01
5.843133354121203382e+01,1.402826716673846263e+01
7.479819396240498008e+01,1.123753556098767348e+01
6.412120807286981972e+01,1.428973384167579042e+01
5.588789055201858247e+01,1.160487953936543271e+01
7.229212386318249628e+01,1.031700102833348964e+01
5.975605131546041093e+01,1.277979303983160619e+01
7.241449444120935652e+01,1.126662957941864462e+01
5.367050003910708256e+01,1.375453962736344238e+01
7.428657454388530823e+01,1.065461254975256011e+01
6.137823910733354893e+01,1.022207741418525728e+01
-5.317233769377631347e+01,4.973348642690467614e+00
-7.106250640154460996e+01,7.289041860901464887e+00
-6.313129067786464788e+01,8.081461783723053571e+00
-6.186699446983524098e+01,8.578009952046230069e+00
-6.895375725431449609e+01,6.665836194337376064e+00
-5.604448542751125473e+01,7.479338694271646659e+00
-7.892963527066676477e+01,8.209072389295110739e+00
-5.252940830949808060e+01,7.909103442496558500e+00
-8.051707044773127109e+01,9.517850413644124430e+00
-7.201675020686975870e+01,7.293628565180222623e+00
7.322834154481233782e+01,5.116965632365324979e+00
6.028018288915779976e+01,8.548573528917012609e+00
6.302680751661571890e+01,5.701583549415234486e+00
7.020549657099641649e+01,9.895210726637921894e+00
4.764502690226144921e+01,7.713938383320044778e+00
7.675195594155623269e+01,1.045018538653817330e+01
5.492875210180393708e+01,7.585982523576303649e+00
6.313829411878095499e+01,5.468549251677968570e+00
6.917637021280302179e+01,5.031034459577892193e+00
6.100506673921420742e+01,4.859596264449876024e+00
7.295360508432590052e+01,6.875877439308681005e+00
5.009595367770237573e+01,6.458284715102383444e+00
6.548012716049599646e+01,7.987270326731239933e+00
4.545480416315318450e+01,1.171323449205280554e+01
6.156374449297618412e+01,1.062485328030347098e+01
5.351019841839998037e+01,8.620056985702852614e+00
5.441732150451355210e+01,9.893606115531554224e+00
8.454342418046819319e+01,1.521029582004923242e+01
5.926104009782889648e+01,1.465528796018188018e+01
7.092956820129671769e+01,1.035616924901082925e+01
