dihedral_deg,energy_kJmol
1.743502991316212558e+02,5.139587107647203723e+00
-1.769363494823959400e+02,9.001511226391951226e+00
1.762728235264412717e+02,1.226828858397682964e+01
1.760487648428913587e+02,8.451882919726216414e+00
-1.786137602778113376e+02,9.140412700860972350e+00
-1.774554144607838566e+02,7.811130200585086669e+00
1.753751267672177789e+02,3.417695819803432400e+00
1.786963856728250448e+02,1.204713832614648616e+01
1.765710308002708757e+02,6.963982631978731241e+00
-1.780290144540285837e+02,9.007667214063623362e+00
-1.775795217816886691e+02,1.732978801445116801e+01
-1.500147051643625673e+02,2.086702362306266423e+01
1.702010396499190961e+02,6.616998267429899272e+00
1.754618655173999571e+02,2.216010360402437840e+01
1.779779207394187779e+02,7.076540564763272201e+00
-1.728625655310290483e+02,2.448922991199547639e+01
1.736213935838074747e+02,1.429442819163755551e+01
-1.711533596571155158e+02,1.175241161709424276e+01
1.695600328422338805e+02,1.125380310421767582e+01
-1.707291185183936477e+02,9.244436197705990566e+00
-1.756506998159383386e+02,1.476590190210426456e+01
1.775845047865363426e+02,5.566752922250437940e+00
1.784102470508011891e+02,9.651310324097952531e+00
-1.757104066187753801e+02,6.460583938823222461e+00
1.643070418199026221e+02,8.471669974452019858e+00
-1.661478516648954269e+02,1.344162124913640000e+01
1.758260555157921203e+02,9.524318552612349720e+00
-1.791337658526050518e+02,1.565010740280943935e+01
-1.705734877403168923e+02,1.190697215135923237e+01
1.715730351053181835e+02,1.250547780366904860e+01
-1.738231658108454667e+02,2.595094423649137383e+01
1.755861236848070632e+02,1.862324881123251075e+01
1.525148771994945776e+02,2.712370258157303127e+01
-1.755566669496248267e+02,3.093700698114410841e+01
-1.481671387102149140e+02,2.588273648497772683e+01
1.400376986323261690e+02,3.102198194022411215e+01
1.262755887853493277e+02,3.370309966180738570e+01
1.752721047286145222e+02,2.739304570056416566e+01
-1.442555600016748372e+02,3.634071118177205051e+01
1.750874776221591276e+02,1.464935293337654798e+01
1.676105278349169225e+02,2.593275036940207912e+01
-1.724880837750216358e+02,2.271572224360770065e+01
1.726354331174500203e+02,2.927583350743186230e+01
1.666828887033520914e+02,1.563475960639420492e+01
-1.609345056171416672e+02,1.339199767100168614e+01
1.765105754278073675e+02,2.455631031911250517e+01
1.718140310685423344e+02,1.543062902279276116e+01
1.764055706541008419e+02,1.989979807615409513e+01
-1.734760178457447637e+02,1.651179779013521198e+01
1.731406450629681899e+02,9.163644325841037386e+00
-1.640880371399834701e+02,1.810601178051509308e+01
-1.718093562931999259e+02,9.587766826081729477e+00
1.560846795309469428e+02,1.280289432414659423e+01
-1.646831749297293470e+02,1.693848030997841647e+01
-1.744898883581531663e+02,2.191564216655226005e+01
1.674114404988200988e+02,1.575505547247742300e+01
-1.524116385160550067e+02,1.861080958191200097e+01
-1.756236039054153935e+02,1.444475444680256260e+01
1.607288787957303100e+02,1.972435504997640265e+01
-1.531228955225333550e+02,2.712906527657267119e+01
-1.639951990298356748e+02,8.588661726210069958e+00
1.578018057687314410e+02,1.010498235728673144e+01
-1.423696343880089330e+02,1.142645563103674178e+01
1.786904843792253814e+02,4.631310123853468852e+00
1.572976162344855595e+02,6.878827184535639461e+00
-1.519633787092386967e+02,1.240169055598924785e+01
-1.799235926155687650e+02,1.193715030152992540e+01
1.750587849420797397e+02,1.892903858438348053e+01
1.720140982068735696e+02,8.283335257555858533e+00
-1.670595600010711053e+02,1.106019965881436562e+01
5.272020404028751273e+01,2.626094067850053193e+01
5.666449332415285056e+01,2.159947644805142630e+01
4.717973460912489969e+01,3.123910820577657432e+01
5.133008466170880268e+01,2.893372351526288710e+01
4.348552167580730554e+01,3.356577413061162929e+01
6.040741622109978692e+01,1.866136228968925082e+01
5.196285941478635806e+01,1.534411813102768463e+01
7.162522249141611042e+01,1.632252166916696012e+01
6.039119444498009415e+01,8.121687354693635896e+00
7.498967150817745164e+01,9.678696413215565286e+00
-1.757414960803991448e+02,8.003518076895492328e+00
1.763493376616926582e+02,7.350847361534205149e+00
-1.732320118246737479e+02,1.414247549322235820e+01
1.733704438862135646e+02,1.937961968845557337e+01
-1.772509325141139698e+02,2.024064709534562567e+01
-1.790367284055032542e+02,1.506953461146813389e+01
1.771977506589364566e+02,1.488323756923666785e+01
-1.707855589679898571e+02,1.322995831024316615e+01
1.725364687946516824e+02,8.755120923410148137e+00
1.716111544045913320e+02,1.386919295789546780e+01
7.668863834153536629e+01,3.006541717673925262e+01
-1.398971231314314956e+01,3.763534281378037605e+01
-8.534008681675774710e+01,4.585268449301491955e+01
-1.431953553536434924e+02,2.799005018451302718e+01
1.071702679490985304e+02,2.628489404846442312e+01
4.138797823877116855e+01,1.771658787011109837e+01
8.646591395655562451e+01,2.684846561804450715e+01
-1.733050882303871845e+02,1.614618637007919943e+01
-1.044925527789840203e+02,3.212467896349263441e+01
-3.313911704548826265e+01,2.032867617979338704e+01
1.789519063288070129e+02,1.168049204580310274e+01
-1.722782059444637639e+02,7.905606709490081485e+00
-1.761647722493038088e+02,9.785362210176625553e+00
1.694575792034411847e+02,2.353950932143411379e+01
-1.611189088160516860e+02,2.828877247547426066e+01
1.509248921034869682e+02,1.827501856320733609e+01
-1.721018096850798997e+02,1.100037879851912592e+01
-1.543546759802194401e+02,2.071441987244808658e+01
1.601064415576110491e+02,1.958634943742208634e+01
-1.691996447964165498e+02,1.121244161572514564e+01
1.731463372956276885e+02,1.155472501703477128e+01
1.675153252879458705e+02,1.075358830373934538e+01
-1.652035592529117025e+02,1.675523833675504903e+01
1.720486960060318893e+02,1.173163992711501180e+01
1.704061441798623946e+02,1.168410905868097061e+01
1.769864670874723060e+02,7.478749614365497678e+00
-1.713889515915532513e+02,1.665654626028710084e+01
1.631972952033325441e+02,1.664221663515632343e+01
-1.754990746500268131e+02,1.617430844318478478e+01
-1.795711227206942340e+02,1.545384419593702319e+01
6.650595647049364345e+01,9.914011801847133043e+00
-1.732557946636662793e-01,2.990437813071127948e+01
-1.016262617242565369e+02,2.066972048639208026e+01
1.516451588062743099e+02,1.992040531486395238e+01
1.359947378431536151e+02,1.838403657640633782e+01
-1.429257065564810603e+02,3.381086382065938523e+01
-1.700210707376927814e+02,1.682538047828127858e+01
1.194865673458402000e+02,3.295116644024948016e+01
5.634892057490257145e+01,3.303511385598454098e+01
4.297936498836259034e+01,2.227065598138601743e+01
-1.590329523157791698e+02,1.809236158637061109e+01
-1.792452220041734563e+02,2.750241265476654462e+01
-1.688922708802861621e+02,1.864619208953309126e+01
1.529018395598386064e+02,1.731744074979464187e+01
-1.556696110101876513e+02,1.016681409628490584e+01
1.508157356551225519e+02,2.382136451819052070e+01
-1.752244266169155935e+02,1.541756957957329455e+01
-1.546490164144391315e+02,2.033518872704497582e+01
1.564640289467350840e+02,8.558743432411134222e+00
-1.580179638678984304e+02,1.333466538079362884e+01
-1.785513937861413467e+02,1.912514651411715505e+01
1.713197689473965113e+02,1.878055583382564464e+01
-1.790169335728159012e+02,2.300549803728016585e+01
1.688212751633659252e+02,9.102591378212462558e+00
-1.545787385358706274e+02,2.135067121253815259e+01
1.573813972654311044e+02,1.041491788214856484e+01
1.637765454491949981e+02,2.561451339864072807e+01
-1.436276129715612910e+02,1.548554995724443373e+01
1.500395111020423826e+02,2.681412207188849450e+01
1.793121343977049378e+02,5.305983953463345060e+00
1.682379561278914935e+02,1.318235667815195455e+01
-1.763458095576315543e+02,9.861973686289326579e+00
-1.715798501651831600e+02,5.145515086783512437e+00
1.659379866918479536e+02,9.534547416357700200e+00
-1.687462357374139685e+02,4.523082026659235311e+00
-1.783430323596107314e+02,9.677339842543688064e+00
1.718808332379364856e+02,8.831821473623094221e+00
-1.703103683296467068e+02,1.351119550936389579e+01
1.709632716317509562e+02,1.038141452940403120e+01
-1.733389902412369850e+02,1.194986743565700849e+01
1.785593569467996247e+02,4.923514253134568364e+00
1.780254381869446263e+02,8.998504568386824332e+00
-1.754564222728057530e+02,1.105088494254832554e+01
-1.774438869279413495e+02,9.943933428236617189e+00
-1.724165419722876038e+02,8.189659586234469657e+00
1.635921786616775080e+02,4.673169107738492478e+00
-1.797717123231575727e+02,2.299184269268073066e+00
-1.733221945160798612e+02,2.013304497534171400e+00
1.622173377508800058e+02,7.203034843277063004e+00
-1.586747311073921196e+02,9.037040103728656959e+00
-1.743190068788871940e+02,1.923955821328906524e+01
1.780889498028978153e+02,9.114800110510627107e+00
1.685018818122674418e+02,1.772686280909823964e+01
-1.537680372017380819e+02,1.386078276663244679e+01
1.658702236346863401e+02,2.520476616980220896e+01
1.755948396131201150e+02,2.270429785880464379e+01
1.736025166983116037e+02,1.707425552952273762e+01
-1.763345944244885857e+02,4.347315876079374419e+01
1.782575459641761881e+02,1.456088784725533891e+01
-1.678882180173863787e+02,2.173117800836332947e+01
-1.763710313981473234e+02,1.994867774278013428e+01
1.703620558237377054e+02,1.518238329028029554e+01
1.757118107495209927e+02,2.032391158362108285e+01
-1.651188050345169813e+02,1.915858456397286602e+01
1.743540786685671833e+02,8.963861908120653865e+00
-1.706462531434638947e+02,3.165594582044450078e+01
1.704951320887014958e+02,1.880117831817922180e+01
-1.693209652944317156e+02,2.216929421472632455e+01
1.798688187565606711e+02,1.286562468973503215e+01
1.741310556297673315e+02,1.824922736215488683e+01
-1.595281399337079336e+02,3.645376356168072363e+01
1.337954889697461454e+02,3.337441869889870105e+01
8.371791400854931453e+01,2.141475004420280470e+01
3.982209760980902757e+01,1.863350592819792695e+01
9.350230902741726879e+01,3.531329937636611760e+01
8.790250009425153621e+01,3.254161696820691674e+01
8.415129356574716724e+01,3.375998177549045920e+01
8.883853440553963310e+01,3.323881651055659603e+01
6.689930604908457212e+01,3.850307941357412744e+01
9.816152056501377388e+01,4.023621633128583142e+01
1.738512224666946508e+02,5.123882527797445796e+00
1.768117508559049043e+02,3.240700011208141884e+00
-1.750303201519055847e+02,4.155426029029904100e+00
1.646342971541191673e+02,6.203121131795699128e+00
-1.658788252496276812e+02,4.545778040851492285e+00
1.703463934868311185e+02,2.821896978175889359e+00
1.752666017018815694e+02,5.760345656087300092e+00
-1.752071472727357673e+02,2.553958152694540740e+00
-1.779608250718360978e+02,3.952687407919701634e+00
-1.786590074829412345e+02,7.763886265573336942e+00
1.748968311474197890e+02,2.535206278780697531e+01
-1.615946519733750790e+02,1.591666879451008398e+01
1.573463118950804471e+02,1.612910984693867178e+01
-1.556711485013649110e+02,1.157310745858178969e+01
1.689945161015694737e+02,1.442962699386116476e+01
-1.688424916413568440e+02,2.047077183686620216e+01
1.700595849221898561e+02,2.135111964987388333e+01
1.787696562274070402e+02,2.231929071102704043e+01
-1.786309794220619267e+02,7.926402673990986969e+00
-1.661933260155730352e+02,1.576478265877686979e+01
1.782941071902444605e+02,1.548071742830011210e+01
-1.656675762385839903e+02,1.192769845293873665e+01
1.568903339495863349e+02,2.010518580328629668e+01
-1.665395115206108301e+02,2.089570236022414917e+01
-1.581764702949797936e+02,2.022309041321377876e+01
1.590849314683694615e+02,2.329002297576363389e+01
-1.730992931728614508e+02,2.118062528722997939e+01
1.797236215466555223e+02,2.251344918181943555e+01
1.796257893791875802e+02,1.688035734123264220e+01
-1.511580666298285962e+02,2.611776505142537275e+01
1.630592518982712988e+02,2.299866174346657743e+01
1.674180515111799536e+02,2.314179506895486327e+01
-1.500800874266282108e+02,2.647028324375473929e+01
1.714852651638165355e+02,3.366753992531162964e+01
1.626281187855007602e+02,1.761649639738825002e+01
-1.795621451490563061e+02,1.956197302839010632e+01
1.797789241273729886e+02,3.768012475736784950e+01
-1.016859832682601592e+02,4.231171210165137353e+01
-1.543256594477724164e+01,2.980437593658469098e+01
6.005498584605560808e+01,2.439884163814726747e+01
1.770608317825896449e+02,1.511966113698110803e+01
1.794777899504551897e+02,1.506478697589276550e+01
1.596554921097823012e+02,1.164379242189727748e+01
-1.544415513392332286e+02,1.203782305673706787e+01
1.496738534549083113e+02,1.127835770814017025e+01
-1.579922484776583076e+02,7.455181545138360732e+00
-1.563820471310069422e+02,1.036119136885754521e+01
1.561673194045043545e+02,1.072953316500149512e+01
-1.697630856384324431e+02,1.398354333078654577e+01
1.690055569157563866e+02,1.006060250012398249e+01
7.720915115061654888e+01,3.061125197808325282e+01
7.092176730727436507e+01,2.119470094135689919e+01
6.950017988244832168e+01,1.347789469855357858e+01
5.809689292110412850e+01,2.073421856635229688e+01
6.639733167335411679e+01,2.824997698126419365e+01
7.228632654324995599e+01,2.662653362828145021e+01
2.528361275986711831e+01,2.700767292219001803e+01
6.578585763323019364e+01,1.206251460742762305e+01
6.559490866924623731e+01,8.352807536676033706e+00
5.838108900051269501e+01,1.189486137363964247e+01
-1.776363467766945519e+02,1.740038699642663644e+01
-1.710635249627152632e+02,1.305991184277340267e+01
-1.799619805741092193e+02,1.146502795216012771e+01
-1.719442724481076823e+02,1.873958467503181069e+01
1.798862528736426327e+02,1.595204627183696289e+01
-1.683792624208367101e+02,1.980231794472349449e+01
-1.641667907638554880e+02,1.444524617698874636e+01
1.574690233056859654e+02,2.674106897593855692e+01
-1.665239481623675317e+02,1.246948162891572665e+01
-1.484506696299738451e+02,2.238544427492566058e+01
-5.049734462108131794e+01,1.924143098741315683e+01
-8.462734402148424806e+01,2.066166994406519564e+01
-5.243316625522983543e+01,1.947814864167405347e+01
-7.344098178936623356e+01,1.752943236467916677e+01
-6.765025359320415532e+01,1.359650357328865411e+01
-5.749966434426026751e+01,1.291517286640796414e+01
-6.368221795991147616e+01,1.247110267023598951e+01
-4.624410581444388413e+01,1.950963786380786047e+01
-8.163355542774421281e+01,1.653165627754062683e+01
-3.652238611716781236e+01,1.795859129385979003e+01
6.602645939879282366e+01,1.610817343106906563e+01
7.471434469314095850e+01,9.641549168479716769e+00
6.557838189950858521e+01,1.154676115001968562e+01
5.494171872918939670e+01,1.364640521760404823e+01
6.704492757291589555e+01,1.054125278640345797e+01
5.132825603483654930e+01,1.357973631791056235e+01
6.585539297790386115e+01,7.853581711324219228e+00
7.325188671713490862e+01,1.659244734874644678e+01
5.336017713026316756e+01,1.812491869128377431e+01
8.679462172269903419e+01,1.218658721011350288e+01
1.698167633281439919e+02,3.728548483976720895e+00
-1.593549257174980198e+02,1.724791238381455827e+01
1.729140991269461836e+02,1.144606992114267108e+01
1.700128716181363018e+02,1.188418119846791043e+01
-1.488159829773845502e+02,8.239705672078482479e+00
1.544777489456111255e+02,9.852997346567599735e+00
-1.575054631759716131e+02,8.766062744678237095e+00
1.740977479932624021e+02,1.540210114609247150e+01
1.794818092445284208e+02,1.111426541502550691e+01
1.644517243839427181e+02,6.550780145798931642e+00
1.715196947329659167e+02,8.767584963176753732e+00
-1.748116167034984869e+02,1.224944487830434880e+01
1.684236566728926050e+02,1.438197207468939887e+01
-1.726510461635691911e+02,2.224417482925644407e+01
1.712271927621754628e+02,2.245231250690241254e+01
-1.652094001109500709e+02,2.232411875892096376e+01
-1.753136609236366326e+02,2.101958028825679747e+01
1.636249177679849822e+02,2.325457279579440240e+01
-1.738424197408991176e+02,1.872327761221663778e+01
-1.571360613787559544e+02,1.958190124472820770e+01
-1.737560980889379039e+02,1.430968300594375364e+01
-1.675569507409608718e+02,1.345004158495021152e+01
1.510366218381712997e+02,1.462524232349460007e+01
-1.532579123790720530e+02,1.567777452337603705e+01
1.751452402590557256e+02,1.571981833787563687e+01
1.763093316648109408e+02,1.619554773736156150e+01
1.373059368329059851e+02,2.033338439151581412e+01
-1.706093655213556133e+02,9.540507611346214389e+00
-1.774017984757091142e+02,5.425506523898192768e+00
1.575343440079285244e+02,8.491355700215576618e+00
4.181909235801283131e+01,1.572455613046045642e+01
8.033923616687093272e+01,2.373525490185899756e+01
5.402229199010744054e+01,2.158414756857879979e+01
6.268100841404561407e+01,1.254106342798026219e+01
6.627359620105208649e+01,1.366694523812154571e+01
4.685669976515565338e+01,1.304042834811004248e+01
7.087215901050758760e+01,1.282728229510734863e+01
4.258970630293847393e+01,2.477991391714201441e+01
7.355731660856406506e+01,9.032787362283816179e+00
7.146821182523166271e+01,1.353085519299394690e+01
1.555875342100399621e+02,3.912079467965652668e+01
-1.609348135071574575e+02,2.114078531245743875e+01
1.704393634940562663e+02,1.833264343817445052e+01
1.656129351810118067e+02,3.017302451427272558e+01
-1.681570112810429691e+02,3.637018819691559202e+01
1.687389094356035173e+02,3.046222955452638104e+01
1.620757251770379810e+02,2.105034689451601793e+01
-1.789574619279832177e+02,1.241372746326114296e+01
-1.734906875567147040e+02,1.461929026912507723e+01
1.580769406935514212e+02,2.111103447686641843e+01
1.545790311940376967e+02,7.380165321667397471e+00
-1.626631372627030601e+02,8.989856915932518788e+00
1.699967922747647151e+02,4.334519079617694004e+00
-1.667540270092210051e+02,7.377057165521854643e+00
1.617033442683467968e+02,1.309535439566662873e+01
-1.757026143668974498e+02,1.087404476734339909e+01
1.708089605444038739e+02,8.046204457959607481e+00
-1.449213923578245442e+02,9.158281719335306548e+00
1.449831386472202723e+02,1.398287200782938555e+01
-1.761031890821447519e+02,1.114762919797724194e+01
1.623070162601996458e+02,1.517896717809301066e+01
-1.595129518393846979e+02,1.534275892797375818e+01
1.735921233494908904e+02,3.963348790380627484e+00
-1.741370159513931526e+02,1.110889087920581808e+01
-1.675808906567609711e+02,1.633826262114596872e+01
1.700865251918942249e+02,1.246844019538121984e+01
-1.737944748299305786e+02,8.499352091219197547e+00
1.567358532213284832e+02,2.164687553830807332e+01
-1.658031380251104849e+02,3.057889060721415575e+01
-1.721054601441404941e+02,2.941848402724410150e+01
1.620386931067859848e+02,9.290851722659601464e+00
-1.656633761650044789e+02,1.227706028685660478e+01
1.691833426220067622e+02,7.685934289088331539e+00
-1.755816094203563864e+02,1.374651648835601492e+01
1.799468312788901301e+02,1.636498841895517486e+01
-1.680588259153179820e+02,1.355867726750391178e+01
1.614098346416483878e+02,2.357015638825247095e+01
-1.488472653100906200e+02,1.812231349919355239e+01
1.711535182076735566e+02,1.348009088849926052e+01
1.535821217611071461e+02,1.836833915281773955e+01
-1.864196176639698876e+01,4.821205848415122830e+01
-5.647832461335973875e+01,2.089543851960421250e+01
-1.360272199805393427e+02,1.737112995565295037e+01
1.384551772417446500e+02,3.863911046691484330e+01
1.598493348968215173e+02,1.442442874794827645e+01
-1.609592243179184550e+02,3.052950577507177599e+01
1.660961587275855322e+02,1.497224169968946228e+01
-1.586599208541712756e+02,3.258647775054371465e+01
1.570484665625149034e+02,1.015485807165942767e+01
-1.745454489051817859e+02,1.162982812235289742e+01
1.718472721678415098e+02,1.730857473244886791e+01
-1.631103904379541234e+02,1.899992973410201103e+01
1.700773324590778941e+02,2.141955249492303537e+01
-1.748803965554912168e+02,3.690542489454103681e+00
1.761813562973677278e+02,1.055355493334855055e+01
-1.740645631065328587e+02,1.198626422699372185e+01
1.773569858620042794e+02,8.166750600973809782e+00
1.763595674713799895e+02,2.235481749804914031e+01
-1.746649444550221517e+02,6.837862671141184734e+00
-1.790165196979295956e+02,2.194968164402789768e+01
-1.786708583567591120e+02,8.762676288637564426e+00
-1.688761164950663840e+02,1.066009062681967201e+01
1.649923603892515018e+02,1.049508491784737529e+01
-1.728376336424113333e+02,9.866726331163192754e+00
1.788762028909407888e+02,8.860413406873043130e+00
1.719428180216974908e+02,7.211712042658840360e+00
-1.790843390797992924e+02,4.675830637268594714e+00
-1.757085285606245009e+02,1.074001923383014656e+01
-1.722392693476326428e+02,9.426402408633132168e+00
1.712437852105499587e+02,1.663348067116849904e+01
1.764019214221326024e+02,9.454502026592736641e+00
-1.749412938952771128e+02,1.191605829871948075e+01
1.797428553375767990e+02,9.167340011232823827e+00
1.687626780058436395e+02,1.538425180226538558e+01
-1.729133573491337188e+02,1.397620416625762729e+01
1.704443241651263463e+02,1.783774533787780925e+01
1.795321568445525315e+02,1.632847254875438381e+01
1.698319904030053067e+02,1.840821895185205648e+01
1.710988501623454567e+02,1.543382640208820078e+01
-1.699836238170375111e+02,1.749301997037476752e+01
2.216095415955379622e+01,4.306989829191045516e+01
5.303217281243186676e+01,3.523365895356261035e+01
1.259678623675385865e+02,3.846214610589437655e+01
-1.776325653720776074e+02,1.618739373765849265e+01
-1.276915964753216599e+02,3.226252628070693618e+01
-8.632342252244443159e+01,2.753393956767246920e+01
-4.956583783591164405e+01,2.385520958931205016e+01
-8.420180339734059771e+01,3.767904986485112317e+01
-2.988339906042194372e+01,2.165625406282902077e+01
-6.202259023534184479e+01,2.765777451772246920e+01
1.655037173138612729e+02,1.835589094947100719e+01
-1.755039447447474572e+02,1.052356591907981098e+01
-1.676680510234766928e+02,1.944411519719022863e+01
1.659170898878172693e+02,1.864123853096938888e+01
-1.764873035698456079e+02,2.039795439898969320e+01
-1.773653257569692414e+02,6.991311795033038123e+00
1.655820572959991637e+02,1.922083690481870377e+01
-1.649920699702711318e+02,1.017021337389892999e+01
1.697847797399500394e+02,1.486309474368555250e+01
-1.774294253286626883e+02,8.286607619349606324e+00
-1.553953973558456312e+02,2.186212630200871132e+01
1.554543307738468343e+02,2.094943968526181521e+01
1.540387593176249936e+02,2.404218548877347672e+01
-1.549933095871409137e+02,2.684388117959608522e+01
1.729575750263144585e+02,2.774421994233595257e+01
1.581941304577106848e+02,2.525849221493781727e+01
-1.619477366918232519e+02,3.275904233533391618e+01
1.720302075671989712e+02,1.841914536925926171e+01
1.667797245902571319e+02,1.768878855518597959e+01
1.756958642039123788e+02,1.559283319271504809e+01
4.715209277374383134e+01,9.553818295014426809e+00
8.852378015926835531e+01,1.698079327305617170e+01
2.606529653185109652e+01,1.974733766708573768e+01
5.901272917909321336e+01,9.569116438249073653e+00
7.374967678884743805e+01,1.385333987973543657e+01
3.859469798842113875e+01,1.189196104640602591e+01
8.428972833878947313e+01,1.682227479800882008e+01
8.518366050943930645e+01,1.390088391847692328e+01
4.492809900527200284e+01,1.602981689405429222e+01
8.005328491533255431e+01,1.435331909297369002e+01
-7.597941093978008098e+01,1.649418040010256448e+01
-5.311173874619666435e+01,1.800352060646515184e+01
-7.706730431011133930e+01,1.435318846744844379e+01
-5.748254493471453230e+01,1.105473644633640262e+01
-5.196758376137636759e+01,9.393578770272249301e+00
-9.516194207587342646e+01,1.922230926399300799e+01
-3.894375920785893186e+01,1.747902631192749823e+01
-6.463596595866836481e+01,1.553453206938156228e+01
-7.339761656305151405e+01,1.126732457766818918e+01
-4.703585614963280648e+01,1.195787901598504455e+01
-1.740632464672449942e+02,9.360604241386397462e+00
1.394704908911138546e+02,2.154860234581411049e+01
-1.563710320645146226e+02,1.470936928917261532e+01
1.601867905082055756e+02,1.330521672545179435e+01
1.759586063441120984e+02,2.220862718837229721e+01
1.727656985865623653e+02,1.748234366350569502e+01
-1.636791440859268789e+02,1.375955515780145788e+01
-1.749054452235837687e+02,1.470345941575817861e+01
9.877238155707591716e+01,2.839797486302425966e+01
3.261184191993672243e+01,2.619848771932662856e+01
-6.502640436790341028e+01,1.714580976857599381e+01
-4.954472677726660379e+01,2.131894458400192249e+01
-8.242774373728306614e+01,1.486885087495567959e+01
-6.398923664914469356e+01,1.027078137234603261e+01
-4.537788252921984622e+01,1.898837919370595984e+01
-8.295324508857758872e+01,2.077438698179151544e+01
-7.774729040873883434e+01,1.348865023670067664e+01
-5.850407482080408528e+01,1.822540816391971674e+01
-5.582146352622898888e+01,1.050724580865012037e+01
-7.491240789887648077e+01,1.764489653641149047e+01
-1.783418018234978604e+02,3.649412345181034745e+00
-1.786524196143519703e+02,1.123297236107973163e+01
-1.700659669243765109e+02,1.072291792649138387e+01
-1.611646707629666651e+02,1.386409904634831669e+01
1.584708951792850371e+02,9.645790152377577087e+00
-1.557794562634143745e+02,1.794458106169049927e+01
1.704361353506135970e+02,3.173198673929181268e+01
-1.595033930276861156e+02,2.675893154889175918e+01
1.552652423969246627e+02,1.442577486656866093e+01
1.791347536604794470e+02,7.490401793956040777e+00
1.676068512472256771e+02,3.025240195891842898e+00
-1.594025887612119732e+02,1.148648658121792820e+01
1.700247880336306423e+02,5.091178327443408591e+00
1.747042645473549385e+02,4.695585686153091132e+00
-1.709308277047634022e+02,4.922248113773425970e+00
1.751224126271079342e+02,4.662956558727585410e+00
1.727814228404362495e+02,8.369449234974574381e+00
1.782907550181874967e+02,1.617829787893322546e+01
-1.728596332357323320e+02,1.485569240545043534e+01
1.755768325670300669e+02,8.959748021607230939e+00
-1.593655974019562791e+02,1.645150925213316384e+01
1.525631963539183005e+02,1.345480477040751133e+01
1.412406480285124530e+02,2.375019928218585363e+01
-1.461279359846938348e+02,1.139849288781504200e+01
-1.760695467398230107e+02,1.024556133633419996e+01
1.441363503131569530e+02,1.273979705368168780e+01
-1.536738811163740195e+02,1.126728199864366786e+01
1.675787262133473234e+02,1.172325587743518227e+01
1.793977558158231886e+02,6.600394388763749731e+00
-1.692300348348856005e+02,1.307989507802008688e+01
-1.419711214864008468e+02,2.808044262839538874e+01
1.535042067590896693e+02,1.955810994412751569e+01
-1.720553302113608538e+02,2.369664924931341687e+01
1.733401025935628468e+02,1.679916012283677418e+01
1.639004344852935446e+02,2.366442595676583238e+01
-1.699871158055584885e+02,2.037504895440061858e+01
-1.772459021199778419e+02,2.134130947486554675e+01
1.784847393002903289e+02,3.478803157577655014e+01
1.798654413807195454e+02,1.152850292383198827e+01
1.645935922747020186e+02,2.720364751802029701e+01
-7.329275535458218371e+01,1.590145373990182520e+01
-4.831449860466747737e+01,1.898232189857195351e+01
-8.113249251268713635e+01,1.470001604685754160e+01
-6.188860306719920601e+01,1.061733617881876768e+01
-6.301088323010971237e+01,1.605906673054054679e+01
-6.796469403887394378e+01,1.318312019872131025e+01
-5.510729007752740927e+01,1.395554102543023411e+01
-7.289622023286618457e+01,1.672296732591270541e+01
-6.015485031011646555e+01,1.618449255899794181e+01
-5.742108720908232300e+01,1.243989310518472635e+01
1.646218585583627032e+02,1.562375613933968665e+01
1.771347857914883264e+02,1.738151779216002879e+01
-1.725191032031584086e+02,1.530427817591291273e+01
1.754833862751561071e+02,8.810528163585203743e+00
-1.770215818238423537e+02,1.231632173991086887e+01
1.772726417918666471e+02,1.283716427828091966e+01
1.677320385788392514e+02,1.916791608266474611e+01
-1.641132586726689340e+02,1.125186477504714588e+01
1.671300271239900042e+02,2.176090711527717758e+01
-1.722797958344589233e+02,9.921829194982160871e+00
1.732519139277527529e+02,1.763962082456875180e+01
-1.620259922286521714e+02,2.140448957593715917e+01
1.753754980241843668e+02,1.551435751714721434e+01
1.707170092308937797e+02,1.748302945428282840e+01
-1.744779060952762961e+02,2.227227450854415736e+01
1.793440599521763943e+02,2.317489372914778656e+01
1.798434870415315743e+02,1.218797643252747598e+01
-1.727465183257290562e+02,1.771534745224833429e+01
-1.791002546013803283e+02,1.534957596329631713e+01
-1.617134858662970487e+02,2.237309017661586807e+01
8.315680855558454709e+01,2.518639108499478141e+01
6.846899836343789048e+01,1.203153683414972264e+01
5.418457663242859468e+01,1.881258206741003747e+01
7.017470022798019613e+01,1.726358737090238193e+01
4.765861405994412081e+01,1.643053633541999403e+01
8.321914108794568676e+01,2.133672041728513946e+01
4.812256302722535395e+01,1.745646465770830957e+01
6.623390495438532355e+01,1.594719174930549954e+01
7.753143454352415631e+01,1.202062471765084695e+01
6.216947133844355733e+01,2.047794590418205019e+01
-1.657171268663354056e+02,1.348635227885220189e+01
-1.780904715280335608e+02,1.306661492515508982e+01
-1.763241316457050800e+02,1.395229818700093816e+01
1.617588638466669124e+02,2.317005864042439001e+01
-1.795112936663853418e+02,2.410530441248075206e+01
1.642193747193419995e+02,1.394898552588451324e+01
1.782607150491654693e+02,1.281098617497573677e+01
-1.790338927207748156e+02,1.506108006200826033e+01
1.783043887702669394e+02,1.207537378621356616e+01
-1.768812722495194691e+02,8.244267804417034995e+00
7.982359094511662079e+01,2.784764441089964748e+01
3.243766787291291109e+01,3.256490460646671181e+01
6.633650593782689953e+01,1.949696438898370232e+01
9.013251774837020491e+01,2.301993899535188604e+01
2.878548762093543090e+01,2.726027106682071377e+01
8.274350830714662663e+01,1.945622019451544560e+01
1.219386711602038105e+02,2.780557958412240538e+01
1.561555650665515316e+02,1.613572193676354516e+01
-1.408413350869927569e+02,3.146288255039721804e+01
1.533551891100628097e+02,2.550922997183411312e+01
-4.778189360483651882e+01,9.904803058077277456e+00
-6.999526676434214778e+01,8.441019754273767717e+00
-6.325193262817082740e+01,1.444222519030304142e+01
-7.793937935640737180e+01,1.275445034279210432e+01
-7.089831886351706203e+01,1.196200473134961584e+01
-6.751125885591766007e+01,7.924469734588928560e+00
-6.754510877258600487e+01,1.399879578905267508e+01
-6.187562763763592955e+01,2.017058775227807033e+01
-7.467894120288625004e+01,8.380362243304908532e+00
-5.315965326710757921e+01,2.215847166539868951e+01
-1.752865990645035481e+02,9.596418073815627281e+00
-1.626553102631510512e+02,1.449600366724733291e+01
-1.724341886531672969e+02,1.896698075132504613e+01
1.671517351885980815e+02,8.775956091155055816e+00
-1.744472678463700106e+02,1.903262519652752616e+01
1.799303553676290335e+02,1.360436804826892931e+01
1.758010299272336283e+02,2.193605602302636370e+01
-1.687966930307609630e+02,1.693319691826753370e+01
1.687680573617708717e+02,1.966898313191091674e+01
-1.637737401129475359e+02,1.541689410597527754e+01
-1.638060311255307226e+02,9.652888729762590714e+00
1.734741066858784109e+02,1.125229389400212554e+01
-1.660374180784051816e+02,1.130233585695889431e+01
1.663760920132851311e+02,5.520091637624840786e+00
-1.668164696342836351e+02,7.945471541174660146e+00
1.713284157011156879e+02,5.316841917947066065e+00
1.754227646964473308e+02,5.144651884030196243e+00
1.770486995696524275e+02,2.428088580345204139e+00
1.792067083416383184e+02,4.699343190524029268e+00
1.749726786735798783e+02,7.989940288430679161e+00
-1.284968545951346641e+02,2.988936358435224250e+01
-1.660574156111294712e+02,1.034761041069918974e+01
1.394157348941518251e+02,2.169998815714147611e+01
1.793339090029639635e+02,7.731689720949313838e+00
-1.315313023168777136e+02,2.200735062756751148e+01
-1.369263693839490657e+02,2.332495475486000558e+01
1.657435201775113853e+02,1.378813013487644668e+01
1.745093248889112090e+02,1.695714176309055432e+01
-1.441315687844808053e+02,1.740955282406174121e+01
1.769791038953658244e+02,1.323127821263658888e+01
-1.477327526547151706e+02,1.839880512324905837e+01
1.778105547461020421e+02,1.022260779465919711e+01
1.430609049279912881e+02,1.910203531385018039e+01
-1.670518400441948756e+02,1.243124268837423685e+01
-1.479292811163088572e+02,1.668985951857523276e+01
1.570589323616671891e+02,1.138431701946166008e+01
1.754832054609857437e+02,1.046278389397197728e+01
-1.526018025200392856e+02,1.612263543355634354e+01
1.709819600576832954e+02,8.410978626672928726e+00
1.680669389953393136e+02,1.776649125038572308e+01
-6.695431540002839199e+01,1.668314219814059385e+01
-4.959822899870672330e+01,1.023400001592883690e+01
-6.123792915172299445e+01,9.213132672178275584e+00
-7.938421004624341037e+01,1.041976270678250849e+01
-6.641386398964814930e+01,2.063257918607799368e+01
-7.959781976608670107e+01,2.106646104394030061e+01
-5.953598687443440696e+01,1.535693655760100640e+01
-6.106839205181803720e+01,1.968829361384575094e+01
-6.385423580167179836e+01,1.361411915822954555e+01
-4.124682279739192836e+01,1.290273581081887855e+01
-1.786008631578889663e+02,2.071534380868856928e+01
1.661595958593351838e+02,1.236498244399346724e+01
-1.689622892378332324e+02,1.999342758526218589e+01
-1.791110016806026408e+02,2.607233183750055261e+01
-1.798158484267574408e+02,3.199216495353510936e+01
-1.797476723284477487e+02,1.676454884849840710e+01
1.763823933852633559e+02,1.405344639451394428e+01
1.710270806097664718e+02,2.890151249278795831e+01
1.669975299116857457e+02,2.589905136704954813e+01
-1.575429352139672119e+02,2.585250876876079573e+01
1.692563953153124885e+02,7.376388011821421564e+00
-1.751647703805638514e+02,1.655817548702380293e+01
1.776913615267467605e+02,1.124747247329349875e+01
-1.736311105863046862e+02,5.703112700469768370e+00
1.755087374741617339e+02,1.297187260887045568e+01
-1.718395419537909561e+02,4.317023205124757013e+00
1.701400332513140370e+02,1.736401085439696956e+01
1.793600144258802516e+02,8.367747242648347239e+00
-1.682953872191414462e+02,9.476988335791043383e+00
1.693347206729976904e+02,1.271308315958062174e+01
-1.769445018969998102e+02,4.133074242308592439e+00
-1.782493617780092734e+02,1.563915374318167650e+01
1.758263479935382918e+02,1.090774287672249088e+01
-1.718434663410391465e+02,7.194053424741803759e+00
1.697721733061777343e+02,9.227656037991652127e+00
-1.711131669425030282e+02,4.112148310035665943e+00
1.725506199260740914e+02,5.529736927562735715e+00
-1.784979029244819344e+02,5.278159383931858351e+00
-1.782931217080794113e+02,1.368531563080311741e+01
1.783312198381635767e+02,1.140247686645320080e+01
1.733582087890244736e+02,1.350306420350100645e+01
-1.708967434415934008e+02,1.512355739513635200e+01
-1.792127472423674419e+02,1.288476073151447565e+01
1.775420457391796276e+02,1.790145299317664040e+01
-1.531837458783275281e+02,1.966739964750066605e+01
1.682640485420625680e+02,9.523859870050984000e+00
-1.703695827853755702e+02,1.366546090381054057e+01
-1.773340358840135025e+02,6.465236002877926325e+00
1.739296077003478160e+02,1.294187351387691720e+01
-1.662955608101913469e+02,1.957641390797897074e+01
-5.804963765983689683e+01,2.736886352869791494e+01
-7.007934443114716316e+01,3.716474595604966424e+01
-7.271040438638726755e+01,5.081086762221714537e+01
-6.389419380334419429e+01,5.258890574853600697e+01
-5.907063403369659227e+01,4.592162871559777670e+01
-8.552711324598566023e+01,3.896332458967633983e+01
-6.873397128377719412e+01,3.092809131560353109e+01
-5.102310099242232866e+01,3.254237317423218911e+01
-7.984560546474769183e+01,2.453777606365853359e+01
-6.825629939916848343e+01,2.527104228380608930e+01
1.781752028066754576e+02,1.976764234201543502e+01
-1.442717326283234627e+02,2.858769091076541358e+01
1.548439161612218982e+02,2.078815791447561523e+01
1.542239955639243760e+02,2.190032288506634472e+01
-1.527913943824043770e+02,1.670671685699049291e+01
1.745933488486052454e+02,2.440012146582886743e+01
1.747313256280763198e+02,2.254869994356367613e+01
-1.691588383365804873e+02,1.979380135655007322e+01
-1.761581406836202177e+02,1.464877693752969989e+01
1.656547212298945908e+02,2.630838788972862119e+01
1.677946135310159264e+02,3.368007823806301815e+01
1.606410756943431863e+02,2.882310830232323440e+01
-1.512819097444007070e+02,2.206379225916628783e+01
1.682851602826702049e+02,1.060488612159640098e+01
1.705794315791374345e+02,1.563273956698872524e+01
-1.351406068739800048e+02,2.514047201834426559e+01
-1.522991461569441469e+02,1.406418145401602082e+01
1.635355112462486318e+02,3.143638366904701797e+01
1.660252535482866847e+02,2.498950979046260557e+01
-1.513784764962629765e+02,2.570622476425747038e+01
-1.582230261382817673e+02,2.426308353911526083e+01
-1.195192800563757061e+02,3.166121851095878270e+01
-1.642571448719296257e+02,1.999720990759419692e+01
9.384406808804394018e+01,2.774111239223187653e+01
5.968275271867039322e+00,3.336187345872396293e+01
-5.394795696505231319e+01,1.364814920113931507e+01
-1.025569440948354725e+02,1.425304973902638395e+01
-4.293895206333954206e+01,1.325914161864296936e+01
-4.881462984989684628e+01,1.319245921905094576e+01
-9.213919354500457359e+01,2.189076657409977855e+01
-1.609512593452931810e+02,2.922484446651207790e+01
1.744702853117474035e+02,1.531085658858999921e+01
1.787975481105803226e+02,1.750363186789553183e+01
-1.743728096150360329e+02,1.828564768524062600e+01
1.739615597607177619e+02,1.003860347332352632e+01
1.580044627675711695e+02,1.773409457575201742e+01
-1.568953496542869743e+02,2.076686138239749368e+01
-1.766938724956528404e+02,2.456816384106070572e+01
1.401285463867040448e+02,1.962319895995971564e+01
1.579066111726295674e+02,2.253918222736317389e+01
1.604987366930058101e+02,1.696297645541899257e+01
-1.696346768096799451e+02,2.420516381884130652e+01
-1.723719271724926614e+02,1.526995435445728333e+01
1.691716779357944915e+02,3.779570743837423663e+01
-1.451836054300154331e+02,2.768865143495369807e+01
1.760509304671252835e+02,2.012196484449350464e+01
1.730425307141604776e+02,1.071763020771054187e+01
-1.723813659747346492e+02,2.420556106595642021e+01
1.751208287408499871e+02,2.655637719218424664e+01
1.777197653395796806e+02,2.540693314531116442e+01
-5.997621142579961884e+01,1.336745870678582548e+01
-6.052811210845556644e+01,9.101434666207474322e+00
-5.718564262561405798e+01,1.375264714951566347e+01
-6.351518746633789902e+01,1.866439648481401292e+01
-5.333175617611330921e+01,1.328979274057694226e+01
-7.345176461499828235e+01,1.146701186094426461e+01
-5.864824280415860613e+01,1.074873622305310406e+01
-7.998771116751110810e+01,1.251204588860301747e+01
-7.195339488643878667e+01,1.109374919715813235e+01
-6.054057047874075437e+01,1.285248328358410674e+01
-6.025564406658519800e+01,1.540857978334530998e+01
-7.915889129775585786e+01,1.499169083414392567e+01
-6.489567837804155204e+01,1.101615017399919871e+01
-6.047904547690573196e+01,1.033413764306561688e+01
-8.696936630874689911e+01,1.230842311457915628e+01
-4.185526841425807731e+01,1.834692572013726419e+01
-8.139647116609700106e+01,1.576000101760431704e+01
-5.180043339479583153e+01,1.288637917653054288e+01
-6.562050420771129211e+01,9.941927660256652644e+00
-7.954575732202127369e+01,1.168212321621260052e+01
1.731794162875878555e+02,2.140699792418614322e+01
1.667760079446458690e+02,1.778615658721826520e+01
-1.722854703758298456e+02,1.510782072691123190e+01
-1.763077734303093678e+02,1.317118520303819196e+01
-1.789523518625708505e+02,1.142665731121820905e+01
-1.753756285404602409e+02,1.147585875272447709e+01
1.729363271328903409e+02,1.117623809591343331e+01
1.681750556500064988e+02,1.797173643897571793e+01
1.794518375045042262e+02,1.087466585490067317e+01
1.766130509365466708e+02,1.109327128379702998e+01
1.491063029842229355e+02,2.713992913069631641e+01
-1.736789026925048915e+02,1.172318455290700534e+01
1.776620934476672744e+02,1.768456901633739520e+01
-1.668061777039577578e+02,2.714082568484248270e+01
1.636422162392068742e+02,1.323198835407930218e+01
-1.647430154570039633e+02,2.420789658502999586e+01
-1.671698438498924020e+02,1.164500209565414224e+01
1.624403902206752548e+02,2.215315316273242985e+01
-1.488473288005496897e+02,2.571247105415417522e+01
1.587096510365388440e+02,2.848528519456046126e+01
-1.776257470658100885e+02,1.370081233451022840e+01
1.686318611139173527e+02,2.571398180647003073e+01
-1.641474091187230044e+02,2.622771118366356546e+01
1.739909941026139109e+02,2.406120458877610346e+01
1.598492745031914239e+02,3.131677433222686346e+01
-1.682234408685613118e+02,1.007138565383113971e+01
1.657756879712935643e+02,6.580016964791213674e+00
-1.373165946042949486e+02,2.820772333645047070e+01
1.463690274882972915e+02,2.691062599253891108e+01
6.262690807996807507e+01,1.690275500714158596e+01
1.607523185847929312e+02,3.230065643487627369e+01
-1.749878726336594355e+02,1.983408944757105985e+01
-1.666622019739664040e+02,2.422452175980046007e+01
1.750492912819047433e+02,1.205154991017939992e+01
1.562396887765810902e+02,2.140704607474835441e+01
-1.780217004831771987e+02,1.722012143129128248e+01
-1.725007927246113866e+02,1.912969038806856759e+01
1.792020122186725075e+02,9.077713658628690396e+00
1.616830605198731234e+02,2.012172748066907246e+01
-1.740855885726632550e+02,1.805177792798376757e+01
-3.198824501262373943e+01,1.332735856611425973e+01
-9.506950008605321045e+01,2.958071271285618309e+01
-8.596399135606353070e+01,2.669276554881435004e+01
-3.340969157035225834e+01,2.799621389653050230e+01
-7.634313722168350580e+01,1.944581947250934562e+01
-6.300945647993064824e+01,1.027165275161600455e+01
-5.869750748707085819e+01,2.212957931437815517e+01
-9.926154814441377994e+01,2.771254470294928751e+01
-6.056214462697982270e+01,2.279203362214197170e+01
-5.955683875822346351e+01,1.891902468338463805e+01
-1.777588360902898046e+02,1.271472717621380433e+01
-1.789671140400021159e+02,1.814293217368685163e+01
-1.795682926200617828e+02,2.052005959482917774e+01
-1.762777841570749047e+02,1.234616710492684710e+01
1.796149106450795614e+02,1.480972963163989320e+01
-1.755893537062610790e+02,1.316732257669830730e+01
-1.748915865849226918e+02,1.130123613639989344e+01
-1.757434991028400475e+02,1.614016855705700948e+01
-1.775885907654572691e+02,1.574584839681763171e+01
-1.746744801857146854e+02,1.432784713868211668e+01
4.821257355788084453e+01,1.758902228099763931e+01
4.896373352919221134e+01,1.687731585561653702e+01
6.186181039364165457e+01,9.115147412847919739e+00
5.125111554128960023e+01,1.584975695285374542e+01
6.780284847742005638e+01,1.099659440930681420e+01
4.867610986691799013e+01,2.013668025861228017e+01
6.788510959735296524e+01,7.692991691388417763e+00
5.823866502747746665e+01,1.107758783385098411e+01
6.604166609829337631e+01,6.165373555991516596e+00
6.873230418517429996e+01,9.312045525791621259e+00
3.907118445207158430e+01,2.705177399549730666e+01
3.740729968226104063e+01,2.733487938440414666e+01
4.487551344315485835e+01,2.844604209970773567e+01
5.265065698128544369e+01,2.865074391520768415e+01
6.562814362544422409e+01,2.236694573522851215e+01
6.062655717214437345e+01,1.027550666530242296e+01
6.507904364228566862e+01,8.883192680505832328e+00
7.842571966655680171e+01,1.418996173486488033e+01
5.368648430997001242e+01,2.147114984379214775e+01
6.440221511055815995e+01,1.532193814390749509e+01
1.693871500433896244e+02,7.428836778416839870e+00
1.785066574648626556e+02,5.576535454370546319e+00
-1.767404554297357606e+02,7.645013564230465519e+00
1.791537735365691049e+02,5.418787729521362451e+00
1.775451610192420731e+02,2.382478312382912300e+00
-1.638307050493719430e+02,4.250371418401740264e+00
1.645339090232255899e+02,7.124967445700965740e+00
-1.644019649693242116e+02,1.328713364836061928e+01
1.732039043390506095e+02,1.533991756684358876e+01
-1.507478103996388086e+02,1.299797697654731188e+01
7.252594986028931601e+01,3.144615159569802643e+01
5.679234440091525471e+01,8.883742202499526286e+00
5.835148959237383792e+01,2.343855790769006120e+01
4.622052900186898228e+01,1.239124810509982666e+01
6.854426227897063484e+01,2.312483602050290088e+01
4.141577741943577706e+01,1.865560851978090540e+01
7.845000572322668120e+01,3.314998246084554268e+01
4.159308053363776025e+01,1.636692895114698132e+01
9.462370345773854297e+01,4.178250600575618279e+01
4.822955513881311873e+01,2.100357925629790046e+01
-1.770987883900563702e+02,1.459128719936237317e+01
-1.780444521624324921e+02,1.899559061829430107e+01
1.730574248858174542e+02,2.018356736406162000e+01
-1.771497118283092789e+02,2.396329839375385973e+01
1.706112410206373795e+02,1.782122296967251174e+01
-1.676851064197174423e+02,2.345781003697504730e+01
-1.793544457580891844e+02,2.468959609301242963e+01
1.489085825375824470e+02,2.655061522212873015e+01
-1.762487643866959957e+02,2.750666440830386250e+01
1.534172426390672683e+02,1.839260850405841907e+01
-4.568199203294312127e+01,1.913337995184030049e+01
-7.525113738017945764e+01,2.298433350672586784e+01
-6.432715386258060164e+01,2.499405241716380033e+01
-7.456442014339100410e+01,3.065145356583856540e+01
-4.109793196531816761e+01,2.347949340248702654e+01
-8.054895549465285853e+01,3.067778273507166631e+01
-5.242830682975822754e+01,1.532383821524864942e+01
-6.996944255921533795e+01,1.459346708424311423e+01
-4.520447114893737250e+01,1.147426494162147392e+01
-6.815130714724378436e+01,1.069607388687984617e+01
6.377984262676316263e+01,1.381399571181434638e+01
5.915316788872060272e+01,1.634481031032220955e+01
7.210713021274635537e+01,8.357465928031434288e+00
7.173919823613860558e+01,2.533960469004509264e+01
7.614731405499145467e+01,1.436099723110505977e+01
6.281044583962020766e+01,1.913663233688494714e+01
6.878748524900858285e+01,1.813158513951378481e+01
7.979089532255704853e+01,1.914491365987093729e+01
4.176654168492053998e+01,2.297378719211382503e+01
6.881772270084401555e+01,2.414133794987128567e+01
6.808064828227657017e+01,1.796922862476299798e+01
7.670746854666781189e+01,1.237351074925036443e+01
6.870184184713212971e+01,2.052615118818280138e+01
7.650514650631515678e+01,2.200362485514392574e+01
7.816976290111419701e+01,1.853049824074106766e+01
5.973261427783743471e+01,1.545900774873575756e+01
6.008855553942812122e+01,1.847616113986889985e+01
4.912115295676156279e+01,2.026838182972655389e+01
4.789884929247246248e+01,1.962716832923541332e+01
6.433903314813711916e+01,1.982945208797173819e+01
1.707034826307667856e+02,1.291206521862137180e+01
-1.381713010570530287e+02,1.706364436268201601e+01
-1.661215473389287638e+02,7.702544417002059163e+00
1.372746031433190979e+02,1.967608122413297167e+01
1.390613800708333372e+02,2.080516411887956707e+01
-1.669183088078669073e+02,1.091011166954160494e+01
-1.545162147416935738e+02,1.305784044863962734e+01
1.599211968142787441e+02,1.301748340619996114e+01
1.678345554797432158e+02,9.107498114441387571e+00
-1.432384982857156501e+02,1.863852072303892982e+01
-1.778673653009901443e+02,1.194895263103316907e+01
1.565830197889375484e+02,1.520125371985828089e+01
-1.634906936358106577e+02,1.326648062230189140e+01
1.783504156240230714e+02,8.830870987483930179e+00
1.601394001167423369e+02,1.738227829506185174e+01
-1.574588261950047468e+02,1.979606743489311782e+01
1.631278709209992428e+02,1.023024966302935113e+01
1.709849221410858888e+02,1.309565797013461363e+01
-1.639416100674819745e+02,1.002600576903082796e+01
1.553032710756691017e+02,1.417352891452664032e+01
-7.972325472873856711e+01,1.040597741047763414e+01
-6.592109344244363456e+01,1.058533832661863272e+01
-6.399466077999946378e+01,1.667679089521517710e+01
-8.239194026325874631e+01,2.013611005241035912e+01
-5.432686555917169358e+01,1.872935446927655434e+01
-8.440461779621738003e+01,2.104165220634278199e+01
-6.021114620709526122e+01,1.978890635063721959e+01
-6.870538999671524039e+01,1.669193173435157007e+01
-7.860003188651664630e+01,3.032862963753787255e+01
-6.499081241524734764e+01,3.755896729179448101e+01
-1.734602703045645740e+02,2.313981794412163850e+01
-1.719658955556211026e+02,2.770055240744301983e+01
-1.730106575636997661e+02,1.947964213926243104e+01
1.773266712646519920e+02,2.564436790522294629e+01
-1.641925640445498118e+02,1.656362982274189477e+01
-1.685601309338167653e+02,1.471896770001389498e+01
1.504626887775797286e+02,2.370542719188964043e+01
-1.734805537819152050e+02,2.700716820315140865e+01
-1.519015711731221927e+02,2.331242807193673627e+01
1.715175031287288334e+02,2.156053553044353777e+01
-1.773771514523731980e+02,5.099099699031354405e+00
-1.773962446449308459e+02,9.467370220002987224e+00
1.719361884476913360e+02,1.649012273933013262e+01
-1.783157599598349634e+02,8.880210559923325420e+00
-1.774021124238201423e+02,2.048241595256992653e+01
1.720761868737074849e+02,1.617774507642767645e+01
-1.570249228473003313e+02,9.081912905385639334e+00
1.454081065432836510e+02,1.424441624581734978e+01
-1.757783338944431364e+02,4.624889858724062108e+00
-1.681933633511199275e+02,7.314853165066336871e+00
1.747928363522589024e+01,2.830809680962487818e+01
6.514137358670181754e+01,2.196646499742828951e+01
1.765085947335418552e+02,1.987439024960897882e+01
-1.376191223943093007e+02,2.447189351529699763e+01
-1.714008231106423068e+02,1.531781952117428425e+01
1.446250501793171281e+02,1.711032003848465166e+01
-1.750702232128105891e+02,1.470244959919405048e+01
-1.745436506639673553e+02,2.712654509641680178e+01
-1.713732117718577399e+02,1.502318584392384970e+01
1.560915346032263926e+02,1.719197544618818796e+01
4.510685485557988272e+01,1.207224525534363302e+01
5.633542097742066801e+01,1.198775055856360972e+01
3.940937392770882042e+01,1.771577460075916122e+01
4.764128930731476430e+01,2.208692174666392560e+01
2.964663343549248964e+01,2.465839065767998051e+01
6.803286460063027619e+01,1.211169195169425272e+01
8.199624698149540336e+01,1.268711367564493386e+01
7.033374066675993674e+01,1.232688142698422595e+01
7.829429604388629116e+01,1.058331688206412480e+01
6.344880061499071644e+01,2.163618332679609324e+01
-1.780362611981904308e+02,1.081935495433664407e+01
-1.752460649299798945e+02,1.228723315997309840e+01
1.716478420279552495e+02,5.354386671992662272e+00
-1.727442033651706765e+02,1.037262525337316177e+01
1.743144993186706131e+02,5.537406938766303632e+00
-1.692346623586989836e+02,6.684642182350108541e+00
1.714792290650601387e+02,6.478433005957021429e+00
1.719102306299171516e+02,4.601785941978610239e+00
-1.685695683970424454e+02,1.073041231143610119e+01
1.759567722161744996e+02,6.353747391776820130e+00
4.897464836559186097e+01,1.965538748798276458e+01
5.232376460113531635e+01,1.604524834907106268e+01
6.788465311217279918e+01,1.793446945160528827e+01
5.997408866037906705e+01,1.308811707271936342e+01
5.060630512120990687e+01,1.062963471643480418e+01
6.787050226187476198e+01,1.239067238366993351e+01
5.645717094858642326e+01,1.322457937048470811e+01
5.810218136245180887e+01,5.762323008815766201e+00
6.500456407197302156e+01,9.110939023591143382e+00
4.749459871889204265e+01,1.217037920213029523e+01
1.609752314225006558e+02,1.254717791066579302e+01
-1.666479340618882077e+02,1.032229150103448845e+01
-1.789413768086959067e+02,6.268337031707100770e+00
1.639609212767603026e+02,1.315057518501902578e+01
-1.764560068467121710e+02,1.337125082787670216e+01
-1.777786778965500503e+02,1.757549704019610459e+01
1.762047812733416094e+02,2.221050576922104369e+01
-1.754522485477126850e+02,2.039557679703920456e+01
1.753628546682126910e+02,2.761966424914538365e+01
1.691751387906922730e+02,1.767625573398088079e+01
-1.753347389039866187e+02,2.207377420528949585e+01
-1.705368460481259376e+02,2.361335360327553445e+01
1.748602067611593043e+02,2.084983407479526818e+01
-1.724669573150711699e+02,2.379494058102858389e+01
-1.578159824258133312e+02,2.288738072833813320e+01
1.465678458330514218e+02,1.970701147047313384e+01
-1.706515757292075932e+02,2.022609513958266803e+01
-1.287093748127169874e+02,3.000979377648597435e+01
1.754384729406943961e+02,1.342940736744875174e+01
1.731116130810734717e+02,2.042352409372151101e+01
-7.859145245513208522e+01,1.021959200921704891e+01
-4.346704214740660888e+01,1.030257419655586304e+01
-7.595453681437737714e+01,1.187002639716778418e+01
-5.569592179851299107e+01,7.732227570692163710e+00
-6.088702253368554551e+01,7.192680508985816346e+00
-6.199353851393473036e+01,5.982266633289642144e+00
-6.902099724118521351e+01,7.332303124184313958e+00
-6.629526392316729755e+01,7.642106530545390797e+00
-5.793167308190408704e+01,9.224008835444829302e+00
-8.426896648445743665e+01,8.152937067484895550e+00
-1.728418901299549475e+02,1.483311945688407540e+01
1.529546273477009493e+02,1.563146590116052437e+01
-1.577012345501413506e+02,1.458922515810339249e+01
1.630475565328485743e+02,1.094838513705494698e+01
-1.718291581977937028e+02,1.003931039180784346e+01
1.725912025134701935e+02,9.428783359236744488e+00
-1.751055852608758983e+02,1.435644743807570123e+01
-1.796846852075433105e+02,1.183728386585067938e+01
1.767246502450259982e+02,5.794028626043063568e+00
1.754874290388620466e+02,5.396959869229869255e+00
-1.689988710862252788e+02,1.725813155573018420e+01
1.722702615517314086e+02,1.234337273571624927e+01
-1.701235151300869575e+02,1.368378108550615835e+01
1.701430465994968131e+02,6.883268650688322055e+00
-1.629126114772388405e+02,1.782539914782509527e+01
1.654493664079549262e+02,1.265318913961517744e+01
-1.665279970734298161e+02,1.137102243590515194e+01
1.700378952498694218e+02,1.233593120401527088e+01
1.790882464256090145e+02,5.966602387155754528e+00
-1.723187688643049000e+02,7.739417592898398368e+00
-6.256019092412754645e+01,9.480516878747650367e+00
-7.951451623876026531e+01,1.987376939708500245e+01
-5.976543986902453298e+01,1.061646347348204422e+01
-6.178803978043021061e+01,7.200406071872428981e+00
-5.796535215856940226e+01,1.211931885287031463e+01
-6.525619649440082526e+01,1.101170704199322259e+01
-5.149912125101478466e+01,1.444862200500563354e+01
-6.662592561894244625e+01,2.187140337235287291e+01
-5.417066010716447977e+01,1.662262429226704796e+01
-6.681288172977430406e+01,1.460054573974976755e+01
6.982587578305185616e+01,1.768265832319234931e+01
6.764832187518854312e+01,1.853907001500132523e+01
5.766250578948452699e+01,2.121292552606250581e+01
8.189944177904264677e+01,1.784717240604045330e+01
5.183659440680017383e+01,1.796055661544529158e+01
4.866007868855896135e+01,2.546205974086358736e+01
6.046039077451414556e+01,3.043452458994931931e+01
4.419913272935955462e+01,2.343256877481738698e+01
6.184260857327340943e+01,1.686141624343249035e+01
6.280499735452818300e+01,2.877971354991914055e+01
6.847806794079897941e+01,1.530476905324476178e+01
5.599198716510376528e+01,1.157542088384266066e+01
7.483621884549181402e+01,1.424641605441207837e+01
7.317523352636916911e+01,9.124521719057236524e+00
5.454243970204927194e+01,1.263543200033790370e+01
7.301972527360049980e+01,1.262303812451379059e+01
6.470085704435207674e+01,1.062654127230765511e+01
4.911166269017598296e+01,1.598994038445405508e+01
6.729975783102744913e+01,7.007616678354262163e+00
5.864926425000048482e+01,1.569661947542934399e+01
-1.747406023696769353e+02,6.970808490770898480e+00
1.690837917832587891e+02,8.344053110713428367e+00
-1.697413192977759593e+02,5.816675201885519009e+00
1.729496897620131222e+02,6.798659852368438727e+00
-1.691068160066496091e+02,8.968256661587718170e+00
1.767933064386568844e+02,7.416990520896163730e+00
1.752264557148731114e+02,1.075376767306382320e+01
-1.757254171020823321e+02,1.312267628709884981e+01
1.676131253286496872e+02,1.806635660723669901e+01
-1.645521421647234490e+02,1.713794194850952479e+01
-1.703228264166095300e+02,2.074733002452497743e+01
1.777001128100991139e+02,1.033574912897761600e+01
-1.774011292501655817e+02,9.977590558013570643e+00
-1.786170052032260003e+02,1.398768673235042925e+01
-1.744884623715645944e+02,1.383498841258846390e+01
1.614701494021705059e+02,1.847060828832933765e+01
-1.559944128534076242e+02,1.991535846013687561e+01
1.608480391813716892e+02,1.563788323223522170e+01
-1.675831498441866358e+02,1.226796857120765694e+01
-1.795732369616600863e+02,1.773523513187683776e+01
8.274178283280112112e+01,1.168800770582379656e+01
5.793774920697958208e+01,1.323877169240841312e+01
7.550145972978479847e+01,1.133303125556407664e+01
7.122299428567437474e+01,9.461514983564889292e+00
3.831129176046886897e+01,1.315997722023233507e+01
8.265403696336710482e+01,1.371265821936322737e+01
5.080515096838647793e+01,1.708563167890309131e+01
5.979301587499139004e+01,1.497754779856441232e+01
6.653788325816444171e+01,1.719915621053226573e+01
5.761876451268741306e+01,1.686090149948018535e+01
1.666199592644079246e+02,1.609323756622170976e+01
-1.641912424560402997e+02,1.785100252165641876e+01
1.641899630854907457e+02,2.434037779002224866e+01
1.621160126652188751e+02,3.148549734742375250e+01
-1.561592953552078882e+02,4.005885773630834024e+01
-1.621041209222523776e+02,2.040869595823703264e+01
1.658350866328963491e+02,3.521435765324329026e+01
1.681596186029294984e+02,3.931475458453346050e+01
-1.707272430015815701e+02,5.310440571065859672e+01
1.759520775210579302e+02,3.698474813666993555e+01
-1.615088501444285782e+02,2.179231830509071344e+01
1.720209186361473996e+02,1.160003467820163081e+01
1.632026830461257703e+02,3.475512708118838390e+01
-1.685547429732968965e+02,2.210495740838545231e+01
1.754758882802516098e+02,2.468584594392892129e+01
1.756786844983276126e+02,1.681853160661977142e+01
-1.755887458088086248e+02,1.357825423467103931e+01
1.645307792798462572e+02,8.807316311077553195e+00
-1.670057618606116989e+02,1.007652992592310781e+01
-1.780885838270065449e+02,7.812265209927769405e+00
7.429539809731502942e+01,9.958547164015518760e+00
6.260822025457078155e+01,1.820028235117527515e+01
9.347685589197611478e+01,1.780393679852259226e+01
5.536432494396985504e+01,1.584330483063480699e+01
3.290394274441266731e+01,1.697231162763298684e+01
1.128357031910264112e+02,1.853516383654900324e+01
1.512312412605513146e+02,9.472322291552368156e+00
-1.499257082692558356e+02,1.564937099833896283e+01
1.709575565841294349e+02,1.090359945026191113e+01
1.754387199474516876e+02,1.737569186102980012e+01
1.495608737328254847e+02,3.086617387971770654e+01
-1.372150560477490160e+02,3.251318927550627080e+01
1.610353715626998223e+02,2.726974363529297563e+01
-1.732215042581849787e+02,1.340163148109847313e+01
1.379066783271393319e+02,4.663103846857137569e+01
-1.690666384730914729e+02,3.636363032852753463e+01
-1.714045089487962343e+02,2.213014831528979087e+01
-1.065367309227691521e+02,4.923323335062870854e+01
-5.431418489958895890e+01,2.279135673442090848e+01
-5.548150683705450348e+01,3.792344616748513886e+01
-1.795427563247759224e+02,1.511461562194318731e+01
-1.782240719445439652e+02,2.313729916831273670e+01
1.695671458283193829e+02,2.378182130915295289e+01
-1.682473482307146639e+02,2.537856991928778427e+01
-1.784355352736005784e+02,2.310515972268523299e+01
1.613310928368023838e+02,1.603300651545418987e+01
-1.392173553506754047e+02,3.348524955835696915e+01
1.666562519648040848e+02,1.636979978170209549e+01
-1.463954285420890358e+02,2.305554091569826980e+01
-1.729888981244725699e+02,9.527807155177226761e+00
1.743471702051604098e+02,1.829928421351863932e+01
-1.597574155225971140e+02,2.517715527359340300e+01
1.627997257961641537e+02,1.841766130527685874e+01
1.632679652540312532e+02,2.252157930571662803e+01
-1.486474485855589762e+02,1.694791366135381239e+01
1.745562160402062375e+02,1.516379044919474239e+01
1.489060477686718968e+02,2.373097232849780625e+01
-1.686630726874302297e+02,1.779911613192557596e+01
-1.713389926094920384e+02,3.007315786493635912e+01
1.593008736165300832e+02,1.718820966588828725e+01
7.100140576630376188e+01,1.194964415427988413e+01
5.885276405960283341e+01,1.175923863331206931e+01
6.359907115279023770e+01,1.287517518954625473e+01
8.322702114849921884e+01,1.379986027130084736e+01
5.355902694813592291e+01,7.160879172852996355e+00
7.940348604303413538e+01,7.497724516863737421e+00
5.196925260342292319e+01,1.424924360404251367e+01
7.158683028895764267e+01,9.597067660041567194e+00
8.015870588707589661e+01,1.469198430699944424e+01
4.946465102834797278e+01,2.159193853013928077e+01
6.053947600514499783e+01,2.270914484796416133e+01
3.547874355878979458e+01,2.781932944661692630e+01
1.141582145202531819e+02,3.399326262110875518e+01
-1.508972575864310386e+02,3.578536041429767778e+01
-1.746947344301366911e+02,2.786782150972888417e+01
1.528708070981573997e+02,5.150409803916139850e+01
-1.762090205137211569e+02,3.236369052332098306e+01
-1.686489287449253140e+02,2.879889745683381364e+01
1.743164673847170718e+02,2.749908352933897504e+01
-1.722116951174328392e+02,1.936254542802122458e+01
1.699028669156303977e+02,1.682693112396101398e+01
-1.759679123386365802e+02,1.242835659584802066e+01
1.632479721653691058e+02,2.226699141299616969e+01
-1.505949189612240389e+02,2.016783181726795249e+01
1.504843448049277015e+02,2.801431372528069375e+01
-1.715384974097027282e+02,1.336380991384254280e+01
-1.517229547323516954e+02,2.916702392886324091e+01
1.577184397074016147e+02,1.487905684231657943e+01
-1.671432675201434108e+02,2.603555429020595113e+01
-1.709457982319999019e+02,1.072072088051246475e+01
1.402043918838756724e+02,1.601107325115616931e+01
-1.266880213980093686e+02,1.593493301240347648e+01
-8.784559219854484979e+01,1.002265221459527922e+01
-3.184216962337612244e+01,1.911130281089646843e+01
-7.983967043333363733e+01,2.042047374597566289e+01
-1.031888262167305328e+02,1.890307121023376169e+01
-4.857641433782782059e+01,1.102614580304136638e+01
-5.617432963192395334e+01,1.352921035166791874e+01
-8.662381211613127618e+01,1.823524749832361280e+01
-5.736042417171805141e+01,1.550888096368783664e+01
4.827499019408026015e+01,1.861620475424903987e+01
7.016015448587471326e+01,1.933690911567321891e+01
6.592761551671954123e+01,1.801744425026648955e+01
9.179711533812572100e+01,1.834726767645286927e+01
3.860311454043534951e+01,2.179989654055189163e+01
8.159440304085647711e+01,2.029199432369602718e+01
6.733288773692403595e+01,2.111635008133955793e+01
1.109376016221340393e+02,2.342789378607385231e+01
6.446127690143910627e+01,1.672990816379372347e+01
4.876783001024269026e+01,2.480123758215369634e+01
-1.580412686267124798e+02,2.464784107285723636e+01
1.694740958557178487e+02,1.563552452997930686e+01
1.742819557901267729e+02,2.057565610487252883e+01
-1.698470674323713467e+02,1.721301563569588566e+01
1.719832022394105309e+02,1.592248513838390878e+01
-1.751073930543274741e+02,1.142868879205165200e+01
-1.751222413963079134e+02,1.184830795781934398e+01
1.728492701150243249e+02,2.295234904600188486e+01
-1.778249505167219695e+02,2.654610094924090191e+01
-1.648044440256159646e+02,3.515741625852957952e+01
6.469549498405162069e+01,8.083251166280486899e+00
1.140485402742470171e+02,2.474582792839511214e+01
8.590133167223578425e+01,1.217783875449606512e+01
5.215564338398564104e+01,2.181237149110335238e+01
9.020473459789064918e+01,1.554403252570708105e+01
6.494305327876530498e+01,7.129370426746842959e+00
4.375792189192605264e+01,1.721746944977948601e+01
7.164208538717835495e+01,2.172969459834119732e+01
4.073229559358784968e+01,2.711504288256992012e+01
8.502913767648135490e+01,1.912255963031294215e+01
6.119286014446606714e+01,2.009657502987245437e+01
5.879734077307051621e+01,2.383916615553724583e+01
5.611400224059568131e+01,1.620072013369316721e+01
5.671860864383663170e+01,2.057403998180450344e+01
6.434750847614206748e+01,1.992216287581438650e+01
5.452492308017766476e+01,1.475950227396374004e+01
7.766111011424824540e+01,1.843780612947549002e+01
4.685612670570984761e+01,2.172425108541704830e+01
6.788349531491083155e+01,1.066806733863478485e+01
4.527782866990981603e+01,2.376751435059909312e+01
1.651234925048188700e+02,1.376350044371313075e+01
-1.667816366744326331e+02,8.652103947089674563e+00
1.587011535522281918e+02,1.262081740925715856e+01
-1.632739118442143820e+02,1.837548759576797508e+01
1.685221717794013614e+02,1.569294472571404597e+01
-1.633791497812207183e+02,2.852694589360732991e+01
1.683932296379148283e+02,2.470335907520904328e+01
-1.649721931787765072e+02,1.833287736587416106e+01
1.588418613153343415e+02,2.006569595724007016e+01
-1.628017178096064299e+02,9.762461415864351011e+00
-4.072110143633145185e+01,1.344080524901020901e+01
-5.830129177072576852e+01,1.262312063410815099e+01
-1.192474566186072025e+02,3.142445341834172723e+01
-9.355016794190248675e+01,2.163177345063207468e+01
-4.952333795891107826e+01,2.070069327918304936e+01
-8.517682109813235058e+01,2.039394673443644734e+01
-5.828140606201586849e+01,2.420843884376390776e+01
-5.277955570525541162e+01,1.760025443850853222e+01
-6.373230488289949136e+01,1.191169326734757661e+01
-5.250680875431304173e+01,1.350608614106173988e+01
5.960061518684305781e+01,1.062670236728227735e+01
7.835292876321875610e+01,1.494995782213914737e+01
4.872100154369520908e+01,1.583530472860181249e+01
7.835211524431804264e+01,1.163711627618178213e+01
5.542927407514621763e+01,1.225310602687784289e+01
6.012771465182063224e+01,8.635525615082105588e+00
8.166151449879983204e+01,1.336811533058610735e+01
4.178169094983025644e+01,2.210291354855894497e+01
7.704961112520763322e+01,1.548715358333795677e+01
1.063205645466430269e+02,1.408566699917499676e+01
7.500409970701412021e+01,1.747906445318153601e+01
5.260423113997474331e+01,2.089178330276915574e+01
6.609309431236529520e+01,2.268323369192144412e+01
7.879394087498931754e+01,2.222504794098415459e+01
5.371565004792282849e+01,2.758336496212514888e+01
7.392204681279622491e+01,1.776903789809777123e+01
6.133096567805426247e+01,2.446917044693248755e+01
6.304635076811717909e+01,1.930689802438001124e+01
5.943330065925083261e+01,1.537607362766459040e+01
7.691992224769251152e+01,2.225022340193738302e+01
1.702632413386375845e+02,8.111156519997507530e+00
1.795451132266273078e+02,6.420175547116260262e+00
1.674619656619384216e+02,7.923230697303072390e+00
-1.771045295112515419e+02,6.559009074922946603e+00
-1.749518871215947797e+02,1.074660716760459067e+01
1.572324541627218366e+02,1.681367800867543849e+01
-1.754970656688430779e+02,1.625426059339152829e+01
1.667343354846963450e+02,1.973956816867125497e+01
1.740391740759663151e+02,1.285286776573762779e+01
-1.741295502501559156e+02,1.604145830042194021e+01
5.712001852079607289e+01,2.808775150092358786e+01
4.642457506867339134e+01,1.988939636597744709e+01
8.282071023932154219e+01,2.587981762407088837e+01
4.679091695101902104e+01,2.708030753021775539e+01
8.901771332373242274e+01,2.402613631172462050e+01
6.871399919982373206e+01,7.801029952621009400e+00
5.470604274700293246e+01,2.501272134040300443e+01
6.820845614162895743e+01,1.211904794772876315e+01
7.244574237829827723e+01,2.912317490175023948e+01
5.489612708682778219e+01,2.122377994014386005e+01
-7.313560250723659806e+01,1.710543175408334093e+01
-6.648994899483545851e+01,1.271861010486809462e+01
-6.910766008408759831e+01,9.180900462310932042e+00
-8.299461734242156297e+01,2.433071208914279637e+01
-7.341591966636448774e+01,3.098901411216704815e+01
-7.833537101558495408e+01,1.965453688758153206e+01
-5.102277182426885105e+01,2.290297435895049816e+01
-4.675045806832719109e+01,2.696003022142107142e+01
-6.667477106172287904e+01,3.475432357287827756e+01
-4.295074866516787893e+01,2.617238775824077024e+01
-3.047835505007293833e+01,2.542001598143043140e+01
-8.993379393277422196e+01,2.230031738223966187e+01
-5.840027942120126880e+01,1.438761298099151098e+01
-5.693878535135742425e+01,1.432932396192568802e+01
-8.978029792500721840e+01,2.085256973359444288e+01
-4.983991164414640451e+01,1.672354517849329625e+01
-7.071417456901883725e+01,1.729522704263877841e+01
-3.585818008029878712e+01,1.686294905760914276e+01
-5.860442940262755229e+01,1.131769376732493271e+01
-7.502006841299265716e+01,1.604387005890005469e+01
1.627020361399001160e+02,1.134833351478981456e+01
-1.753011200822633668e+02,7.633263994031349142e+00
1.752510034783981041e+02,7.476465999924879924e+00
1.737976666831469856e+02,1.665599047134208277e+01
-1.678247979475379168e+02,1.254586835162073122e+01
1.735736183671548929e+02,1.836083224754170118e+01
-1.792924045388038508e+02,1.406856978139485292e+01
-1.666462222158756674e+02,1.212866170876093719e+01
1.631235595932457159e+02,9.612488122645627797e+00
1.776376159705598639e+02,1.714194812294945791e+01
-1.585728151389592711e+02,1.189102080144413165e+01
1.697550250951753128e+02,1.485593182222654463e+01
1.787848103712063619e+02,1.684388441025558336e+01
-1.656348576904999561e+02,1.662089204235774531e+01
1.443720449719891974e+02,2.529050868824202070e+01
-1.770384698703005313e+02,1.193965769934244392e+01
-1.521054072113917925e+02,1.542784381969153173e+01
1.558487273636494024e+02,1.682910843178800775e+01
1.660426850330018738e+02,1.540818671502135828e+01
-1.497255759334820198e+02,3.111911971351907624e+01
-3.482280904353110174e+01,4.624223165610160891e+01
-7.646957251261783028e+01,2.690853170491367763e+01
-7.827779052377688629e+01,4.520501295507153827e+01
-5.666866364028007297e+01,2.593886568034514184e+01
-6.479188635592076650e+01,3.946151458567925374e+01
-7.633352205765132226e+01,2.668274986427041995e+01
-5.701381850400549922e+01,3.206192318929824836e+01
-6.189815744528464592e+01,1.353964142612571564e+01
-7.320786361972699297e+01,3.765586743883611121e+01
-5.624600573524472935e+01,3.046069282383911769e+01
6.632644935520085028e+01,2.598901047839741807e+01
6.875935149107085920e+01,2.736513171800440958e+01
5.459351498088227572e+01,2.835937044142107055e+01
6.925362105509803712e+01,3.200540313332444242e+01
7.985829081576214605e+01,2.672445499934337221e+01
5.751178107422371966e+01,2.619235399853783619e+01
6.639181723132836055e+01,2.076605946744891185e+01
9.019157636196364081e+01,3.157480075831472277e+01
6.210458536022004949e+01,2.812045642815220248e+01
6.124986043223508148e+01,2.512293460613396689e+01
1.638140951348665908e+02,1.048841268957899509e+01
-1.743271817864512627e+02,1.101728685565430688e+01
-1.691372002931485383e+02,1.068519677727229045e+01
1.709088274071475269e+02,9.071261142023988810e+00
-1.716964710878092433e+02,7.584274675842575419e+00
-1.785994352336701922e+02,3.127324181643930778e+00
1.586048409677441953e+02,9.412850339005506939e+00
-1.549580519307820055e+02,9.542230885635618165e+00
1.734889628837175337e+02,6.420003122913536586e+00
1.761114917912738633e+02,1.013923590006181641e+01
-1.179186215709393935e+02,4.287049283238678754e+01
-6.690545626220034592e+01,2.055617275229631957e+01
-6.016021746999678754e+01,2.638757683546845811e+01
-7.893735193740089073e+01,2.151250897613484625e+01
-7.143462362527854737e+01,1.723109209856361090e+01
-4.072688130271628637e+01,1.563847005571552806e+01
-9.281148559544941179e+01,1.445912758219880523e+01
-8.089175011612050525e+01,2.383044654407209606e+01
-5.444258016757684970e+01,2.138398377983781273e+01
-8.814975373456171326e+01,2.960595942797776559e+01
-8.903975003597300031e+01,2.590479506687896816e+01
-5.973040571774426155e+01,1.448594088356339249e+01
-6.913676130139063503e+01,1.341690015575180794e+01
-7.199562642248626787e+01,8.673689627639376454e+00
-5.792066254980638718e+01,2.326325670692893155e+01
-7.671583642849249429e+01,2.249551244471738443e+01
-6.079239303470749434e+01,2.795576155034228805e+01
-7.731663996321780985e+01,2.553184001393549352e+01
-6.693999423314321007e+01,1.258547201502303992e+01
-6.904964370290922204e+01,1.524730734590788117e+01
1.528230335124674184e+02,1.163377946075142866e+01
-1.698523129022763953e+02,1.427821609614364817e+01
1.768268612794901742e+02,1.160639134284018503e+01
-1.752275487765606101e+02,7.485214133013290194e+00
-1.671753944703077082e+02,8.555523294949377799e+00
1.706636439967992942e+02,2.058867059886166828e+01
-1.700913042573843370e+02,1.689384927098539890e+01
1.769282084462423086e+02,1.988224990473835518e+01
1.787531005940605553e+02,9.911221786257003785e+00
1.752858288924275882e+02,9.637008710141939716e+00
-1.538660312954623066e+02,8.323955798021327013e+00
1.494229660450048982e+02,9.892914273180856810e+00
-1.570791614913257774e+02,8.880314916532864089e+00
-1.790219188495646279e+02,8.595923027904094127e+00
-1.725074667401905799e+02,9.243383040257725725e+00
1.767611064812944903e+02,1.053354916819701614e+01
-1.725236760418344204e+02,9.033744882994010794e+00
1.621129817129121591e+02,1.748390044583543812e+01
-1.636187867150353270e+02,1.365475813743361044e+01
1.769080862796195959e+02,1.175814988475078771e+01
1.772274857848319130e+02,2.617264560256283445e+01
-1.694179003943091857e+02,2.499831664367196993e+01
1.668661267689897159e+02,1.706873278788730275e+01
-1.563036612796439613e+02,1.830396792870949696e+01
1.608247179350172473e+02,3.032849016785714014e+01
-1.767648693476140238e+02,1.900767656840054087e+01
-1.547007646923485140e+02,4.087313268940567923e+01
1.639795378074104235e+02,1.963941948145917138e+01
-1.661508613914065506e+02,3.302971025490901269e+01
-1.659660673544269684e+02,1.941177607233730384e+01
-1.782488184417580896e+02,2.404113166110609257e+01
1.764303152425453050e+02,1.178382942766289787e+01
-1.648507037765512280e+02,7.406460682568379639e+00
1.787179027905590942e+02,3.249652474419455928e+00
1.536718837096687480e+02,9.458756169070380082e+00
-1.328924221838059907e+02,1.821115343422352595e+01
-6.961825907831808991e+01,2.214914535268080087e+01
-2.786576374874694650e+01,2.702677189250832868e+01
-9.094464084370284240e+01,1.333606762391289990e+01
-6.780986015085238705e+01,1.335995554894483028e+01
-7.376713205451153499e+01,1.663654732479052001e+01
-6.412332337831132634e+01,2.556510121823266957e+01
-5.345894331151090029e+01,2.555668496711843929e+01
-6.582229976230038915e+01,1.732320939460919362e+01
-6.430720977831410323e+01,2.204678173592264301e+01
-7.122906630886993185e+01,1.591702120639660123e+01
-4.520371415297958606e+01,1.491861397515190824e+01
-7.368076786674259893e+01,1.956024078034424463e+01
-7.124436586203394484e+01,1.815213006906169113e+01
-6.047905957571661872e+01,2.269903165037253245e+01
8.324598772127126267e+01,2.216581260404916165e+01
5.919375254565822075e+01,1.144721662275089180e+01
4.562573072110469496e+01,7.972807445223375922e+00
6.462248642062866111e+01,1.452180224127894270e+01
2.494932476373757169e+01,2.432636796561142489e+01
7.149370274717475127e+01,2.574780879321729898e+01
3.880192047434773173e+01,1.896181139484452416e+01
5.541068699798383790e+01,1.740778475501095457e+01
6.057064568992571907e+01,5.192533966958389868e+00
6.114241723157996944e+01,9.062515646544820669e+00
1.710844040702743314e+02,1.094808474668358045e+01
-1.760357623091336166e+02,1.187121536576801262e+01
1.662388788108297604e+02,9.776681658478885595e+00
1.757819263290186882e+02,1.385116521391609368e+01
-1.663871974903025261e+02,1.363841325766069446e+01
1.618969517883377875e+02,1.008297350412579974e+01
-1.669276387512481392e+02,1.263587705300582620e+01
-1.634067981580434719e+02,1.571515535408313013e+01
1.513743635538792205e+02,1.484867651909604902e+01
1.767535371608271930e+02,1.892085913112987328e+01
-1.622071748388022741e+02,1.451472107753889773e+01
1.629400843356390851e+02,2.322119062658295974e+01
1.677851973115574253e+02,1.134805474985244089e+01
-1.637271317297269775e+02,2.055875556288012618e+01
1.716033497176648552e+02,7.710445073179551301e+00
-1.721577469087683880e+02,1.536102044329997085e+01
1.410296650111662586e+02,1.707198215776915262e+01
-1.465580275091412830e+02,2.080085007252588980e+01
1.717954720584178006e+02,1.126713446671561591e+01
1.583778451496336004e+02,1.524002564672228388e+01
1.775661268172570431e+02,2.516164134933710983e+01
-1.754156063516551001e+02,4.318043028804799732e+00
1.730686930747982331e+02,1.458388767031559041e+01
-1.667465108809965386e+02,1.053414249795313573e+01
1.697090131603716827e+02,9.658415308019950629e+00
-1.769420802295229862e+02,1.195412540074158869e+01
-1.611741302386418795e+02,8.822428818342249457e+00
1.658011720776933657e+02,1.341637684184480328e+01
-1.786254567322420144e+02,1.341084416356406983e+01
-1.798043228143646957e+02,1.532519033196290792e+01
1.639212602128462777e+02,1.828304267476050171e+01
1.792660258872053873e+02,1.296088112241841728e+01
-1.788892512409703102e+02,1.160224031629193853e+01
1.716889121938716585e+02,2.023208494293160342e+01
-1.755834505407760560e+02,1.794687178983478404e+01
-1.727855783442299469e+02,1.612091787279546651e+01
1.647089276052034847e+02,3.287218213143771095e+01
-1.578972646506818762e+02,2.365234846193541429e+01
1.693595424087821755e+02,3.027900928424515570e+01
-1.758907304304671584e+02,1.184844168884276350e+01
-1.661101698941262725e+02,8.093087909142965941e+00
-1.622109304843292819e+02,8.901489207550596916e+00
1.544894154785365004e+02,1.452422216804522392e+01
-1.771368357163887310e+02,9.901741955354129487e+00
-1.674345705366088168e+02,1.207744564348335103e+01
1.798736605396576635e+02,1.331867500044335806e+01
1.736170372570536529e+02,7.702794700862870769e+00
-1.775675298555277095e+02,9.319605817788957580e+00
-1.735576611519330754e+02,8.645652544871156309e+00
-1.773704155290364497e+02,1.517122534332091810e+01
-1.741427781131128256e+02,1.764866185816040911e+01
-1.771134513438098850e+02,1.862009281882281186e+01
-1.716913810765705648e+02,2.054316702182756416e+01
1.748475318501830600e+02,1.330007972125719817e+01
-1.703360647783176205e+02,2.389110692488750942e+01
-1.660752180340700477e+02,1.440447077971095879e+01
1.596816074750971666e+02,1.443889195268670633e+01
-1.569079571271988414e+02,1.222370992261414457e+01
1.792737657356180137e+02,1.338824279452308730e+01
1.629496098922936937e+02,1.652575876216131689e+01
6.843401886033548465e+01,1.818525829132066463e+01
3.851024790337600479e+01,2.763085503414519906e+01
5.941484986795310164e+01,2.450533995506772200e+01
5.320549908260079519e+01,2.114991480475788421e+01
6.292018928919210197e+01,1.581463405460176830e+01
7.444211048365922068e+01,1.550847232308802859e+01
5.922356979670169608e+01,1.533892900551980532e+01
7.741760752272546142e+01,1.672550642366496021e+01
7.479211944172634219e+01,1.308385842538706711e+01
2.778631490644472990e+01,2.068447487452975508e+01
6.163125106087980498e+01,1.519418019797910091e+01
5.779928309282247056e+01,1.472679278130361169e+01
7.280793628924809013e+01,1.664673618287804757e+01
6.321433200629481775e+01,9.202568680604841234e+00
5.848471552509477789e+01,9.278855903084068046e+00
7.258843751436414493e+01,1.074143462017279838e+01
6.737427208560455938e+01,1.151507208806809857e+01
6.872362190922920888e+01,1.277300207540255172e+01
6.147624856676304006e+01,1.240233144259167908e+01
7.333513448132823953e+01,1.027551405377940696e+01
-5.246075773948988541e+01,2.011418476979252290e+01
-4.925835457495633563e+01,1.598584400667420269e+01
-4.357935599144855132e+01,2.464586205824431886e+01
-4.985310990390087937e+01,1.981968477030364895e+01
-7.374495735503980143e+01,2.142875253002109659e+01
-6.743349725237847281e+01,1.556321547390671256e+01
-5.108936789783722787e+01,1.120254623640838076e+01
-7.287845272510355699e+01,1.176072750294312286e+01
-7.544233053417751478e+01,1.076315121622698001e+01
-5.803282970241427563e+01,1.068810543454186224e+01
-6.277534418974046559e+01,1.795615066172386065e+01
-8.670499753930016595e+01,1.788869740579121270e+01
-5.244669688038143107e+01,1.172675344182109569e+01
-7.111719002214512386e+01,2.211113047044357671e+01
-7.256384609216800641e+01,1.388946240193069670e+01
-7.775589354195619762e+01,1.734231782518950382e+01
-5.088110520185956176e+01,2.242288701813437513e+01
-8.305505414890193094e+01,1.798286162757414886e+01
-7.349902017382011365e+01,3.007705381917161702e+01
-5.459479565686366698e+01,3.271306506910852363e+01
-8.676236001696058509e+01,3.575879627648437520e+01
-6.959450940686920717e+01,2.156246088968886099e+01
-7.347948815329026218e+01,3.178889689382866379e+01
-5.544667918592613631e+01,1.897642832816041647e+01
-7.934964191846609083e+01,2.613793865685006068e+01
-5.996268469906056708e+01,2.068277887044938268e+01
-8.910571975933140720e+01,3.139124605437091020e+01
-7.374740341934933952e+01,1.196583142200486982e+01
-4.089061211125227402e+01,2.875047318972070087e+01
-5.671339627117357196e+01,1.834613439401870849e+01
5.735608035826739126e+01,2.783808375555710057e+01
7.329327150331553753e+01,1.031838348724859955e+01
6.926517991511202865e+01,1.540860663734277658e+01
2.537084923690800409e+01,2.614113519667719743e+01
7.097633138873084135e+01,1.675231741945764341e+01
4.336839970090981211e+01,1.745051035773924042e+01
6.541273804411237336e+01,1.216173683351449419e+01
6.975175892959072144e+01,1.035875141838944735e+01
6.700161868214897254e+01,1.734928447508543314e+01
7.013508989432830276e+01,9.370596956444124714e+00
1.464788417063578834e+02,2.158606443119957419e+01
-1.627061276076115348e+02,2.291823061819029306e+01
-1.628667623093083421e+02,2.757447201578308693e+01
-1.574464321706753367e+02,1.883044227584151287e+01
1.248737777512243667e+02,1.862060697144961807e+01
5.245129049480606653e+01,3.100344506589498650e+01
-5.759625834827498458e+00,3.436690109469202525e+01
-7.283142373200691111e+01,1.425201790144169323e+01
-8.744367551223581358e+01,1.909549161557441721e+01
-4.361803460840425828e+01,2.875293566441910897e+01
-6.552466418668743131e+01,1.453634301841881005e+01
-7.038641706397204700e+01,8.836969647106815984e+00
-7.183803170507248126e+01,1.618033858178072748e+01
-5.091621535578128999e+01,7.508368337269761383e+00
-7.062389086444346731e+01,1.432072186248469059e+01
-5.273267461487276364e+01,7.755382006187982569e+00
-7.672546918518631287e+01,1.184971535457170688e+01
-4.031306982998048483e+01,1.742267552541104791e+01
-7.650748408571094217e+01,8.570837963472611065e+00
-6.199624005052829290e+01,1.023488898450432671e+01
1.724253333388361114e+02,6.301348183127020164e+00
1.793935984182994332e+02,3.188598976018171438e+00
-1.791398005999982104e+02,3.864264555217150843e+00
1.753272589846312428e+02,3.565080588008164408e+00
-1.727226315211444785e+02,7.473498640410398686e+00
1.752162815181560518e+02,9.889561780904731592e+00
-1.697736188746105483e+02,1.404495923285928960e+01
1.755670253709445205e+02,5.642047630812277781e+00
-1.758837225896546954e+02,6.425535580691217774e+00
-1.783491745220435121e+02,1.197752341597906245e+01
-1.582149571597923625e+02,1.786557360207170220e+01
1.546251292248023219e+02,3.601247464126149822e+01
-1.511396635527707133e+02,1.588896380666789909e+01
1.667350262498954407e+02,1.556080464108494610e+01
1.602557973575215158e+02,9.708916276074528895e+00
-1.354320592822416813e+02,3.163124388387635122e+01
1.593580797905746351e+02,1.580664864061388641e+01
1.707344898205201957e+02,3.282998238528308121e+01
1.764518331016311947e+02,1.982440603791652123e+01
-1.793298426845892095e+02,2.809150441513339658e+01
1.388291642267566317e+02,1.782625189257502640e+01
1.566418162347415262e+02,1.683566414952299084e+01
-1.349488017345568664e+02,2.686164919896234693e+01
-1.601372237674706298e+02,1.725576288617599374e+01
1.342107399057844361e+02,2.823639618556875774e+01
1.601888164555340381e+02,2.372190717927809800e+01
-1.295321754755249799e+02,2.791934439806218293e+01
-8.516817892524466060e+01,2.087506341130217535e+01
-5.753982640387060599e+01,1.238407809689972794e+01
-5.183672532027222246e+01,1.699796668960290447e+01
-4.427013133630737940e+01,2.617403502911408353e+01
-8.576177088213502486e+01,1.338042658955784958e+01
-5.489599808174450857e+01,1.974158480794375237e+01
-8.977051532541885592e+01,1.704771979815782146e+01
-4.676648738928121674e+01,1.875989000358616465e+01
-7.269271024317717433e+01,2.066971591006712572e+01
-6.697980650616041487e+01,1.674428391468073229e+01
-7.217583095325537101e+01,1.473302552722461556e+01
-5.892181015591810223e+01,1.164256719214709790e+01
-7.579146118396748477e+01,1.129740769991900073e+01
-1.633815784151947810e+02,1.449932341280991999e+01
-1.466597470656815574e+02,2.601640077554255370e+01
1.686311399743241566e+02,1.990940689923747442e+01
1.699239670336272354e+02,3.066122186042701969e+01
-1.615948828213820718e+02,2.786058169119558414e+01
1.721486050081794019e+02,1.280188701189796596e+01
-1.789751141815613664e+02,1.223453910897451991e+01
-1.681617556959494379e+02,1.384230524313350585e+01
1.545952445583562849e+02,1.553728335222189116e+01
-1.528060820580305403e+02,1.355013404811963618e+01
-1.794046788755130422e+02,1.311573288966245343e+01
1.654355997064943153e+02,1.785054523674304505e+01
-1.773572936691283815e+02,1.314951850931103650e+01
1.741002128526386343e+02,1.906790835415858965e+01
1.756374989438659497e+02,9.837425569510472201e+00
-1.709402661335941787e+02,1.894407207570948515e+01
-1.739347682500231542e+02,6.042160285446673385e+00
-1.790320184659760798e+02,1.329435888310995573e+01
1.690456950889775101e+02,1.023186882745533488e+01
-1.648337003756264494e+02,1.101647946077817330e+01
1.636676347141765575e+02,2.613859555066110119e+01
1.793934656031549935e+02,2.775813974645605953e+01
-1.716703645038719799e+02,3.095379346140473231e+01
1.679993924329048411e+02,2.092413267194282867e+01
1.740092940167265283e+02,2.444163040863824321e+01
1.741154131737788191e+02,2.062719333861350535e+01
1.672760835311805181e+02,4.382206932987394765e+01
1.777515924033160388e+02,3.107617130193495925e+01
1.781543423040108394e+02,3.571834722239084670e+01
1.779673352414423277e+02,1.359187891475443166e+01
-1.658005580481315064e+02,8.897743912004429490e+00
-1.347522020066173525e+02,1.896123752225537729e+01
1.435262073703088106e+02,1.340600324117439435e+01
1.609820653434143480e+02,1.177265916981451710e+01
-1.510395525141322537e+02,2.602598477576561464e+01
1.596464882053467420e+02,1.929696447797968517e+01
-1.671949754842909783e+02,8.188919626288633680e+00
-1.635692629601442434e+02,7.600120743392253075e+00
1.617611676411448229e+02,1.644083714743277724e+01
-1.672370482335404347e+02,1.260736210715273131e+01
-1.730664043639476688e+02,1.208186297381502072e+01
1.765462011577106409e+02,1.338600304591201784e+01
1.700978689034797355e+02,1.674351092587081880e+01
-1.764355840746727324e+02,1.028091950077055650e+01
-1.698342699363229258e+02,1.278168279422823517e+01
1.682261273383744538e+02,2.075351683410333692e+01
-1.707056342180221122e+02,2.001332071967129878e+01
1.582553159196966135e+02,1.838070802910402435e+01
-1.660316184223952405e+02,1.207600905324512297e+01
-1.764173933889072998e+02,6.600783862257992851e+00
8.335014661795106861e+01,1.442106208890296415e+01
5.443211092413338292e+01,1.462589271084108944e+01
8.022525158129751333e+01,3.179499076054082707e+01
5.919816185522764584e+01,2.939316552252858372e+01
5.908006110114157394e+01,2.131979464073057073e+01
7.321268833881988769e+01,2.104708812316841460e+01
4.487720861671157735e+01,2.300612188476197773e+01
6.618141313483346266e+01,3.031202542322719751e+01
5.855583786885082276e+01,2.582515610485446444e+01
5.885372823877998627e+01,2.257666226048822011e+01
-1.667962280054269968e+02,2.603552655212135392e+01
1.283430265256445466e+02,5.153746538031975888e+01
3.806740442482786335e+01,3.652710397198764269e+01
5.086595108020132017e+01,4.738041693357610029e+01
1.083367418060947784e+02,2.657552969886847194e+01
-1.604397922398689786e+02,2.773335747497132076e+01
-1.544418122143410983e+02,2.387398679506585708e+01
1.586737147658456593e+02,1.855420618290919421e+01
1.421714937797746643e+02,3.750769221949163068e+01
-1.761559543527691289e+02,1.636824240525093899e+01
-1.592961937599289399e+02,2.510402245650760022e+01
1.413696850943460674e+02,2.916505711435013382e+01
1.470404603833521264e+02,2.725202278358387886e+01
-1.600940686531897370e+02,2.229062638014617903e+01
1.714864084455600164e+02,2.015913103279730478e+01
-1.798758207652641090e+02,7.341631050750305754e+00
1.667398823707024746e+02,2.279404081755610889e+01
-1.635020554490604354e+02,1.754972160945769133e+01
-1.733415570058201922e+02,1.075836434568313749e+01
1.646525077386363591e+02,1.358418734382080473e+01
7.061871513355623620e+01,1.555106404234418704e+01
1.090528612687968888e+02,1.932412842853518953e+01
7.010992567663092245e+01,1.059196004728053353e+01
4.996285484095105289e+01,1.156460179294633761e+01
9.685091851443499422e+01,1.861293840658854037e+01
5.344394852969787024e+01,1.130669922719590481e+01
4.580834240503174470e+01,1.643647789604502663e+01
7.742626305976918388e+01,1.046520639119940910e+01
3.927834263913293000e+01,1.885863113429557814e+01
7.792958152729522681e+01,1.967439845941561671e+01
-1.544020680638532781e+02,1.195335366936429544e+01
-1.756076884814119126e+02,8.886289463304422043e+00
1.424163943353152604e+02,1.188178917942329527e+01
-1.515569868657083816e+02,1.482522303759115445e+01
1.556196662180944941e+02,5.636620256317380395e+00
1.002407210101913932e+02,1.766608147378619620e+01
2.063273614689187951e+01,2.909609022344256601e+01
8.446264651431084758e+01,2.074845132765526756e+01
1.683195215483704601e+02,8.821608423221842799e+00
-1.271893660354977840e+02,2.064470470064097896e+01
6.318760744602681712e+01,1.042729054011986278e+01
7.047489721871335178e+01,1.284273469375730770e+01
4.696506640208160377e+01,2.133469853218821299e+01
5.626613663721894909e+01,2.088774696320770730e+01
4.889922261714227858e+01,1.533473189032386941e+01
4.779190717151006851e+01,1.052287256360792611e+01
8.473732825141227920e+01,1.374412298227797891e+01
4.746821317909741111e+01,2.692135481660449159e+01
7.503658345451249545e+01,2.210903399154574700e+01
8.430374312965280126e+01,1.887478838301493766e+01
-3.582593590953796081e+01,2.359048264752485835e+01
-9.898957029645958983e+01,3.066563215180732271e+01
-5.607491692704788022e+01,1.686332884218965944e+01
-4.567847026269053146e+01,2.995533988341410492e+01
-9.768149025667760554e+01,2.210392620722312529e+01
-4.184257275582408653e+01,1.383362988619080980e+01
-5.918091469575451669e+01,2.224764918441121608e+01
-8.436529254021714053e+01,2.529441609177801809e+01
-2.820033527684833530e+01,1.968110086276507076e+01
-7.974658973973726006e+01,2.545656994796038930e+01
1.617608873865762575e+02,1.449965474140512356e+01
-1.679494018286488028e+02,1.480696353924359165e+01
1.662684747405373287e+02,1.840441770908440944e+01
-1.745466685119805561e+02,2.325263768558424005e+01
1.694637918689564344e+02,2.142755793212280935e+01
-1.740864548417932838e+02,1.319890917940034392e+01
1.783878092199706771e+02,9.553646270936443585e+00
-1.795914680298541839e+02,1.665639371480225250e+01
-1.799595660061994238e+02,2.052926984371738683e+01
1.783279292742568884e+02,2.678166879165468472e+01
1.648570703553699275e+02,2.998880558331977042e+01
-1.691969022973697179e+02,1.687695883632961724e+01
-1.708371529423146455e+02,2.678200048347040152e+01
1.632231707690829694e+02,2.906219439417710149e+01
-1.673790590461343584e+02,3.324686724262946314e+01
1.697026410194883965e+02,2.124435547747202335e+01
1.775138395967439067e+02,2.207546694658470443e+01
-1.544766604988058134e+02,2.182418437805756639e+01
1.674610363412129743e+02,3.042769100649724123e+01
-1.794140203102404882e+02,2.938736305532477289e+01
8.933345593717758959e+01,2.951020641832535318e+01
5.002920461573576461e+01,1.716317645998107366e+01
8.461602193527735949e+01,1.968848473738115956e+01
5.858735337647654262e+01,3.049998019267214033e+01
5.289141395661785339e+01,3.965816802111542927e+01
1.004900022193475166e+02,3.626959841494716841e+01
5.767844470426507542e+01,3.217388475702954764e+01
5.461572342499706423e+01,1.598056506772467955e+01
1.080227374965425042e+02,4.598815627093652836e+01
5.755029332307042012e+01,1.337746759715468947e+01
1.677607182966337120e+02,1.301064486159979516e+01
-1.627400855490761273e+02,4.507435501383033838e+00
1.731801996728519555e+02,1.084075643079977169e+01
-1.782915211915731959e+02,9.381193496756205619e+00
-1.798480297896615809e+02,1.368000067936143793e+01
-1.712963464841759276e+02,6.651761420055922969e+00
1.739725721160238834e+02,7.483723199451793207e+00
-1.534870299624348320e+02,1.085151011918478936e+01
1.721120041906539484e+02,1.178541940464344684e+01
-1.787498937845977025e+02,9.575500650528034896e+00
-6.745541060722496240e+01,7.147694236363723697e+00
-8.562813245369703452e+01,1.879784884982324655e+01
-4.722256532357607739e+01,2.210316943414828827e+01
-9.164143719347239880e+01,2.455538603123741836e+01
-7.113206810820673809e+01,2.172856259038566407e+01
-4.808587112101047012e+01,2.983797185578049493e+01
-8.156860732391177748e+01,2.859266487035621651e+01
-6.317507227385179647e+01,2.558647384479610309e+01
-4.548200237940030632e+01,3.459428287971297777e+01
-5.916825826692435442e+01,1.530564026405060929e+01
-6.850702056757882019e+01,1.945714058405761193e+01
-5.893528157264682221e+01,2.538466234427151491e+01
-9.010087886099972820e+01,1.706253352663048517e+01
-5.736417568892102281e+01,1.939385246793440132e+01
-5.906008707745106534e+01,2.492685834659246780e+01
-6.878604129733139416e+01,2.716565665176577227e+01
-9.197284609278767675e+01,2.676269560398479186e+01
-3.908801141929914991e+01,3.513075634716837214e+01
-8.588424589588301217e+01,2.015352532779657935e+01
-6.801735830992925003e+01,2.723251274737505412e+01
8.655284265516323217e+01,1.982994953776380243e+01
7.505424128513179483e+01,2.199814512758674567e+01
6.303147982852225084e+01,1.350021678942276004e+01
7.508411487534047524e+01,2.276759927606312317e+01
9.076393927851962928e+01,2.454715220919867846e+01
1.268834063209755811e+02,2.251079382008344965e+01
-1.699988872054055378e+02,1.789908468768220118e+01
-1.359154222264407963e+02,2.940126718553767304e+01
1.636425987952463572e+02,1.195387063636153258e+01
1.289443310678227590e+02,2.505913519617524088e+01
1.731506443120541121e+02,9.569835943247234411e+00
1.677465648581634241e+02,6.806910387326576384e+00
-1.634173435612377432e+02,7.538055947662986256e+00
1.736390796076942138e+02,9.866840956774689531e+00
1.598138749268099161e+02,1.076223080437689816e+01
-1.640570552280798040e+02,1.393333127711275488e+01
1.793621353711456550e+02,8.813219640348844308e+00
1.552169795654682787e+02,1.259000542186350557e+01
-1.600764031553754023e+02,9.865030085447266117e+00
-1.656065710282297516e+02,1.061883107724727182e+01
1.207793827190870388e+02,2.976357841601935661e+01
8.406479252178113981e+00,3.286928912813155534e+01
7.012762932719995490e+01,2.057493861891237685e+01
9.073382257301680909e+01,1.579116178184927577e+01
3.849129768100475246e+01,3.069742398721339072e+01
9.779706104872992967e+01,2.237272898108207642e+01
1.586345469045610344e+02,1.478692577107272399e+01
-1.380373602675996096e+02,2.464076345727765727e+01
-1.799309471712617494e+02,1.616532804745360963e+01
1.179064887384434996e+02,2.046831210894612241e+01
-1.700980610677962943e+02,1.313823185276472394e+01
1.767221661224764659e+02,8.981849538717789017e+00
1.652410766877790991e+02,1.886619321737802935e+01
-1.627835660741568233e+02,2.852742542948187676e+01
-1.776671664401881969e+02,1.611834020346140051e+01
1.709379324701405665e+02,1.442455095681024346e+01
-1.756264396679099775e+02,9.468847956969147717e+00
1.781443266167745776e+02,7.146408113709095566e+00
-1.777444858493856259e+02,4.241252244680535632e+00
-1.711644671167248362e+02,7.283588416206150384e+00
1.664983775954354144e+02,1.305978611808933820e+01
1.598828753964529312e+02,1.916588127696392263e+01
-1.633243329760686322e+02,1.948706436296617284e+01
-1.777622206966723297e+02,2.711715958237597945e+01
1.796869011681218353e+02,2.436088456793033430e+01
-1.737555380275381935e+02,2.740453877692413087e+01
-1.699943938977924347e+02,1.820425384375919720e+01
1.787860129497965147e+02,1.990292832272545098e+01
1.763037430639241734e+02,2.581039840172930866e+01
-1.736918394690499099e+02,1.927658150453585151e+01
-1.648448462830404253e+02,1.575191287642685722e+01
1.633989436950143670e+02,1.820086375028925119e+01
-1.795699135844458851e+02,1.245197610979472458e+01
-1.705175059910892514e+02,8.028710054974601107e+00
1.664426543018278721e+02,2.132229409112513707e+01
-1.794741377658718307e+02,1.968058201671602703e+01
1.743041693139956863e+02,9.652596078620065967e+00
-1.609102261833397733e+02,1.838960924951464193e+01
-1.675426154927554592e+02,1.060130460514586304e+01
1.307115299759252309e+02,1.499979202149833846e+01
-1.535078503752937138e+02,2.097289551562170473e+01
1.684151063292563038e+02,1.154512486046348840e+01
-1.700831036860784309e+02,8.274587565234295283e+00
-1.682981426679341155e+02,1.911536262114137941e+01
1.657485656616661629e+02,9.304975142798335597e+00
-1.713325995778606909e+02,1.269912485315690276e+01
-1.741359346712220599e+02,1.081693392717290791e+01
1.781736823779025940e+02,1.655500010228703189e+01
-1.769068032814655282e+02,2.150894408577204331e+01
1.798592732955203530e+02,1.456401527339615320e+01
1.795479265203720161e+02,1.276963808235730902e+01
1.778443859919684087e+02,1.581163881867708199e+01
1.790393251618871489e+02,2.003255925080713595e+01
1.768174056976715178e+02,1.736015883322382791e+01
-1.787928298225571666e+02,7.298168480074771480e+00
1.707298590924233110e+02,1.438178257111058933e+01
-1.724030803812357533e+02,1.679354079135392652e+01
-1.730053505331875101e+02,1.986199359631938677e+01
1.705822932043768674e+02,1.714308311152443665e+01
-1.727856421029725880e+02,7.822882638780431108e+00
-1.741541196293671874e+02,1.427204776262578889e+01
-1.799551056478640589e+02,1.766266474250774365e+01
1.696102612505654861e+02,2.251202702516835075e+01
-1.756250380306787804e+02,2.827714197734898605e+01
-1.745509177437275810e+02,3.751493502959067428e+01
1.527862301330936248e+02,3.502173605674133938e+01
-1.725802511936317956e+02,3.990579405903086041e+01
-1.530816986676874762e+02,3.782810113517857076e+01
1.605545115063947605e+02,3.933982195018312922e+01
1.662030160978373203e+02,3.003801829333955453e+01
-1.711190159769560921e+02,9.305912856022716895e+00
1.413107176571949992e+02,1.671499264228300063e+01
-1.621452000524474784e+02,2.177537035624292017e+01
1.774569481349580258e+02,1.241480063144969570e+01
-1.799567221179634089e+02,1.829336045876824812e+01
-1.739117494314645000e+02,5.395801928176448214e+00
-1.787523704652933816e+02,1.307412400222272630e+01
1.772893857496631824e+02,2.195854676563848429e+01
-1.749029729332092984e+02,2.108430274376687308e+01
1.799763872699692797e+02,1.803523500808078239e+01
1.499917935589845399e+02,1.886955066187728391e+01
-1.592934402062911659e+02,1.863711194608507782e+01
1.642557298714730223e+02,1.968111330097737266e+01
-1.576831846717202268e+02,1.354843709827039078e+01
1.504348608075450215e+02,9.532513566920529868e+00
-1.454547028026956639e+02,1.915143931351048678e+01
-1.605780049624329706e+02,1.472335241743296663e+01
1.650777631732923396e+02,1.910793696226345162e+01
1.743409070821586795e+02,2.079575473944772313e+01
1.709691054099875203e+02,1.705377246484030707e+01
-1.703469836442220071e+02,9.376381873788552923e+00
1.729758885370777932e+02,1.082005051521076133e+01
1.711517005682674153e+02,1.065783822519055235e+01
-1.724787627297326367e+02,1.131608966558943585e+01
1.675508660758824249e+02,7.727532152897063966e+00
-1.738714347404774117e+02,1.602072948736044111e+01
1.639355318260854233e+02,1.191820000783582501e+01
-1.563295981382493096e+02,8.835076312056049375e+00
1.554378199749793907e+02,8.391822449671625606e+00
-1.515956964453820319e+02,1.079955554753654390e+01
-1.650091863097702003e+02,1.338932209667487250e+01
1.742179592782169948e+02,2.031340399458768786e+01
-1.406946464805849928e+02,1.748675160621102265e+01
1.519304428390561554e+02,1.481261580060936289e+01
1.565445208059466893e+02,9.717823560970503038e+00
-1.495739121701962233e+02,2.342449642120342190e+01
1.608420886789759265e+02,2.193058466752363955e+01
1.780844465549192819e+02,3.606815249943391422e+00
-1.707625078355447670e+02,5.838372349599325162e+00
1.666232599162635779e+02,6.105403976836170976e+00
-1.741159225355634703e+02,8.318343216124187478e+00
1.775013023435506057e+02,1.107532628723004464e+01
-1.666684223349284935e+02,6.291242330006372008e+00
1.714709104361083405e+02,1.021077574023346202e+01
-1.732568946919915334e+02,7.403618066154935562e+00
-1.669679247109475568e+02,6.073739377169283138e+00
1.473552620239686348e+02,1.258304227308676460e+01
-1.679920404853164655e+02,1.087656709045703352e+01
1.699119608885970365e+02,9.672579020608774059e+00
-1.765320925450928371e+02,1.144349229248023647e+01
7.024694964760617211e+01,2.929625217280344884e+01
7.769608338065800979e+01,2.413802593340432878e+01
5.118807600364548449e+01,2.220375785990016482e+01
6.561153527947301711e+01,2.336216701001954732e+01
5.633512666851261486e+01,3.324730139744914226e+01
4.329141954295131711e+01,3.420531438727081763e+01
7.808701073373765666e+01,1.912046844182658845e+01
4.277990371192031205e+01,2.222418495267608307e+01
6.671690848997492651e+01,1.334708987537334401e+01
9.340983701244186932e+01,3.451780856097024497e+01
-1.593927909731918362e+02,1.065565355508353562e+01
1.651624254235487967e+02,1.002398616151519484e+01
1.714104116182082578e+02,1.784965163612438488e+01
-1.476188724723673431e+02,1.924870770276741183e+01
1.727842182416374328e+02,1.325889177434715549e+01
1.632213943628973141e+02,2.029241031080231039e+01
-1.652529426634241645e+02,1.827493517689804037e+01
1.734646685807061317e+02,2.049606915464915957e+01
-1.742975176726647817e+02,2.733485531037260685e+01
-1.647898302112291447e+02,2.875322514768832605e+01
1.542366897607416831e+02,1.635809884683897053e+01
-1.739249503648650830e+02,1.982140225417698076e+01
-1.326538630470498390e+02,1.948404850288034140e+01
1.760897561234261843e+02,9.296573662348720291e+00
1.623138637809871909e+02,7.612260103328241101e+00
-1.594074723899958315e+02,1.541012936131224009e+01
1.477895990669207720e+02,1.011170610336904829e+01
-1.709449957697329978e+02,1.396130803921143482e+01
1.610263998680404143e+02,1.826527377336575597e+01
-1.545162347137631400e+02,1.185970488220868901e+01
-1.705944633791034448e+02,2.387308472398179049e+01
1.712024678587542610e+02,1.744502256269778329e+01
1.789495618414295279e+02,1.183377543798887288e+01
-1.583680269960865132e+02,1.185745440917624194e+01
1.755544683990489148e+02,1.297696905504608900e+01
-1.702560099027025728e+02,9.496643315571443367e+00
-1.799439858748183383e+02,2.432826148734485017e+01
-1.786367787047188074e+02,1.894243357754302437e+01
1.764207046051268151e+02,1.401670284938844979e+01
-1.775247106547459737e+02,1.346476003466418980e+01
-1.759635341608496901e+02,2.816052473432626613e+01
1.678940170681668178e+02,3.495598769638663583e+01
1.538265193304735021e+02,2.003498461155595578e+01
-1.622132681258048308e+02,1.705855552636644745e+01
-1.622547010621867685e+02,2.618247982388962924e+01
1.488040946353558240e+02,3.578881622697467435e+01
-1.662424461760143402e+02,2.626621342036774465e+01
-1.729545820178364863e+02,1.547913668685003152e+01
1.718786399944607695e+02,1.202881199105537746e+01
-1.756177523236016498e+02,1.379041030406165547e+01
-7.807703710312196677e+01,1.202446008007214928e+01
-5.531522798236665750e+01,1.290777695802125713e+01
-5.624042563230697311e+01,1.663466799781299699e+01
-6.899945341314665370e+01,2.358133877829327218e+01
-4.914125593894618049e+01,1.819964927837540358e+01
-6.974141363684859130e+01,9.514553561522362202e+00
-6.117834098117380393e+01,1.945323530005730817e+01
-7.293340502131331959e+01,1.271431293101471383e+01
-6.329529382137666715e+01,1.866938350805869717e+01
-7.205589490515077955e+01,1.515524712676163688e+01
1.593671261270455091e+02,2.123214248335742127e+01
7.941746208782576844e+01,2.616056786372228871e+01
4.009326479856712666e+01,2.177217945563691615e+01
9.446195432261488634e+01,3.325323555193826053e+01
6.228490268763583515e+01,1.443525070485678441e+01
2.893306541855601211e+01,3.210128314868451582e+01
8.737766901208281922e+01,2.877858484878309753e+01
4.358948831997741991e+01,1.942881449310371522e+01
5.215079857115618012e+01,2.927402900919189221e+01
6.618062984763176360e+01,2.569792297956670168e+01
-1.637567897720218753e+02,1.288373139954764213e+01
1.618676256939523626e+02,1.458677871753103794e+01
1.515235618943880240e+02,2.103804270578950053e+01
-1.399709950078721477e+02,2.105022045654487073e+01
-1.329104777949280560e+02,2.139706810357747102e+01
1.461846121624002421e+02,2.331510725203495227e+01
9.939023075005724195e+01,2.143947397148943423e+01
3.742804164022205526e+01,2.615150091101645558e+01
7.976793861425858267e+01,1.578822365689109297e+01
6.903579950252078845e+01,2.715555655043096195e+01
7.513747989742766720e+01,3.255044170610544541e+01
5.963463570383874668e+01,2.396389635701373066e+01
8.128137466395958199e+01,3.535334475440385660e+01
5.982900756039503420e+01,1.728102061672339573e+01
7.169461999208814973e+01,3.445037525992222527e+01
5.851376083708279907e+01,2.473935026901632384e+01
6.778205742126610289e+01,3.329544896402713761e+01
5.940034886023354233e+01,2.304179377423032093e+01
7.488753342599385121e+01,2.093921814242218460e+01
5.795122330071499306e+01,2.915823783712354356e+01
1.782353225627149413e+02,1.124511538112588127e+01
1.519275718734475049e+02,2.045971482579128775e+01
-1.634225498589117649e+02,1.181728511503565215e+01
-1.711007268069404574e+02,1.665170528529633387e+01
1.454734919700251794e+02,2.390189145733042864e+01
-1.749042236679394478e+02,1.690280500149119547e+01
-1.483040535534900073e+02,1.611893202754036736e+01
1.638087079672326070e+02,1.465506461442486597e+01
1.586600256509511553e+02,1.709490800195338522e+01
-1.547157897034607572e+02,2.121601308320548185e+01
-1.582142988360019160e+02,2.937642184726615824e+01
1.722717821293308873e+02,1.593141116981082916e+01
1.475023830875738895e+02,2.293969857536764678e+01
-1.556745030165331514e+02,1.594663918518446621e+01
-1.755135502413019140e+02,1.492337473460993813e+01
1.568451134156352396e+02,2.580837131088868830e+01
-1.595594639073085830e+02,1.945100366939391634e+01
-1.760795312401835417e+02,1.246622933593559068e+01
1.674253144091856882e+02,1.845085779625718914e+01
-1.741932325814373712e+02,1.617611119332601533e+01
1.684505157889414022e+02,4.305144119088805787e+00
-1.698003962081355098e+02,1.583608992583755892e+01
1.773126442268402059e+02,1.466447318981602876e+01
-1.767009288890208722e+02,2.262120399609138488e+01
1.758156274497267759e+02,1.882552660872445927e+01
-1.692340215950401046e+02,2.034824587813557173e+01
1.663162194823522668e+02,1.321769602619979622e+01
-1.572624393563604883e+02,1.157138279232551348e+01
1.625556038855569909e+02,1.340522588015343786e+01
-1.630689666394485471e+02,1.007684795909854358e+01
9.642060589360600886e+01,2.328765791561641407e+01
3.527418351035304767e+01,3.203044632044903040e+01
6.874041749299858850e+01,2.064947320697042699e+01
7.080072777210452273e+01,2.054157562102240320e+01
5.186423275719101156e+01,2.672675922514885016e+01
7.737018663020279519e+01,1.603145987878544076e+01
6.164011859254301839e+01,1.843493094932566123e+01
6.372223293188809379e+01,1.540326858847629410e+01
8.797323988137320327e+01,1.582915352882856297e+01
5.756568358958244858e+01,1.972148123116916452e+01
-5.869496774217230239e+01,1.547498198027917127e+01
-8.878138644115608713e+01,1.816221825230659093e+01
-3.824154429925496856e+01,1.752031191813772182e+01
-8.676642078204496045e+01,2.259148534490989846e+01
-1.474160147288370695e+02,1.849951908008392820e+01
1.519401226031236831e+02,1.507504920649195235e+01
-1.468262859296142722e+02,2.199371569946534066e+01
-1.728782799371376200e+02,7.424677536374854725e+00
1.608750897018699959e+02,2.158773660026522023e+01
-1.522308271452137092e+02,2.376883972260620936e+01
-1.708273397557261148e+02,6.950341089361538494e+00
1.734882453874331532e+02,1.219204595413808967e+01
1.757193663087225275e+02,1.375473871693701078e+01
-1.760079391732161014e+02,3.405865757855451204e+00
1.685485931375115740e+02,8.964509413174116759e+00
-1.733843672963936910e+02,5.742309746695065442e+00
-1.756859909395165289e+02,1.340010260512693741e+01
1.737038609546862915e+02,1.462395041595813261e+01
-1.770027620731635807e+02,7.343958124167776269e+00
1.755556347614377160e+02,6.185340802755552758e+00
7.273059008076789667e+01,1.625141523034961466e+01
5.815197069163437504e+01,1.876977280235156798e+01
6.717302807701595668e+01,2.095920234705691243e+01
6.544579942808827866e+01,2.046940947421435908e+01
7.661837862411890399e+01,1.877193076278125972e+01
4.802119561440034090e+01,1.685223514031434178e+01
6.334040188142102323e+01,1.230163307783724136e+01
7.906732412129116483e+01,1.939677065549697943e+01
5.018646380405237295e+01,2.364859337410178597e+01
5.591943622463350749e+01,1.598855099046659589e+01
-1.787263239955594827e+02,1.445435383590442768e+01
-1.540221522015663993e+02,3.147424170343483851e+01
1.625781164781506050e+02,3.039730970443420688e+01
-1.773570566821135230e+02,7.137801217580368451e+00
1.786335923483774764e+02,1.419709379948530881e+01
-1.734160340621914997e+02,2.245351010455145868e+01
1.718838954563842947e+02,2.127279119270910712e+01
-1.675535798398259431e+02,2.201379272174719404e+01
1.691076952754887657e+02,1.859563965629011761e+01
-1.721372229390754853e+02,1.556677556788516625e+01
8.981793043775411434e+01,1.564559664242609571e+01
7.561131382284948188e+01,1.898074145141122315e+01
2.404030579641478127e+01,2.863601112508388624e+01
1.058059815640636003e+02,2.677643157927204243e+01
-1.620526238213651311e+02,2.249454067464054319e+01
-1.523406796322546199e+02,2.920606763478816248e+01
1.389866275474809072e+02,2.319265179559146617e+01
-1.741107290678805555e+02,1.277417592570823857e+01
1.783004019736757755e+02,9.516691418021530069e+00
-1.690103300697803945e+02,1.834693746400239078e+01
-1.705710189699384500e+02,1.688561485422968644e+01
-1.433782300127186602e+02,2.320741001034649642e+01
1.630648874472485943e+02,9.327561939954435388e+00
1.670704175063617924e+02,1.972293851303797751e+01
-1.489448243664658378e+02,1.817432118212639125e+01
-1.768466186642674245e+02,2.111607196922121332e+01
1.691569188635199339e+02,1.075992570347462873e+01
-1.660138123984862659e+02,1.748260340806798752e+01
-1.774114093428992476e+02,2.484005601860474854e+01
1.787886946335699463e+02,1.488054181319585112e+01
-8.002235838219301911e+01,1.883512700516602933e+01
-7.011723395254273328e+01,1.904512172241975776e+01
-6.763600029923374279e+01,1.759597743782600077e+01
-6.710243832743510950e+01,2.490700917099685086e+01
-7.596841617926969548e+01,1.615263043377047580e+01
-8.191683547079199457e+01,2.258247760794432324e+01
-6.454711844077669980e+01,2.075146646205626411e+01
-8.569336222816281179e+01,2.412455592197533605e+01
-6.672270700181846337e+01,1.921063859915865635e+01
-4.780205031440257812e+01,2.572671143191109167e+01
-5.209242343152526189e+01,2.279217640738461625e+01
-7.664127857545112477e+01,1.708467822811289238e+01
-4.746267086765354293e+01,1.633869175207176738e+01
-8.860614378224053667e+01,1.514656704926505704e+01
-5.667382791943241926e+01,1.589360192307109543e+01
-8.013819532222476028e+01,1.355484836148210448e+01
-5.319203963247970535e+01,1.871761508217774406e+01
-8.367970238590640975e+01,2.210507355560176990e+01
-5.879922064847582419e+01,1.664912821383928332e+01
-6.802660064970018539e+01,2.268822397625812926e+01
1.708086263702064684e+02,1.583597642772916458e+01
-1.668304205759900753e+02,9.615625883002429930e+00
1.662191474360822667e+02,1.048273612463457916e+01
-1.675476105098154278e+02,7.292044370515461615e+00
1.741841065966443125e+02,5.660390035449070822e+00
-1.607625987679308537e+02,9.904521690355259977e+00
1.556899361479530910e+02,1.448671115647282548e+01
-1.632131947186484240e+02,1.442887125859380681e+01
1.689619481425300194e+02,1.282509006505037163e+01
-1.741985492506024968e+02,1.480959123462065286e+01
-7.723388803200947450e+01,2.837322321344717224e+01
-4.652418102945947709e+01,2.150765970283779183e+01
-8.139685190734044795e+01,2.358564174827206728e+01
-6.663530916406041626e+01,1.905474951704545106e+01
-5.695438855542193579e+01,2.841242453503600984e+01
-8.300047673728634834e+01,2.980095496085793627e+01
-5.167665409919385411e+01,1.816675904909065764e+01
-7.906568596973406216e+01,2.978540042827774670e+01
-5.867519390104683907e+01,2.183875847674461923e+01
-7.724125200563074145e+01,2.016129733515946754e+01
-1.792294453048935736e+02,1.655592917663526009e+01
1.788909122104484197e+02,1.499574237039377778e+01
-1.797198001426033613e+02,1.559223172741721797e+01
-1.764547349441379254e+02,8.148476118499875298e+00
1.795868714311368990e+02,8.027139093337199327e+00
-1.788812217083363407e+02,8.510622693412111417e+00
1.727315288692163620e+02,2.199738861175978144e+01
-1.691067242956411576e+02,1.587758168528345237e+01
1.666743074261229935e+02,3.129128395155401421e+01
-1.635851048988108403e+02,2.105545194392636787e+01
-1.606067660852137635e+02,1.678343387767302985e+01
1.720996881780640706e+02,1.102372020622214066e+01
1.709127116801696218e+02,1.639026849615543568e+01
-1.775074306302038565e+02,1.177064313724097211e+01
1.697729309203615458e+02,1.233765141705518076e+01
1.774078713739678506e+02,1.037265179878219001e+01
-1.746278766817621033e+02,1.086595579290180424e+01
1.787116992330643370e+02,1.002710209247697293e+01
1.764055684407317699e+02,1.014422711192231219e+01
-1.784936678078525745e+02,5.931032288423887522e+00
1.796878866329450943e+02,9.530214244326611350e+00
1.751639527503725731e+02,7.182457218533074617e+00
1.787101350540714293e+02,1.402789299414940416e+01
1.644807807465833491e+02,1.179932993714090017e+01
-1.762617339256809714e+02,5.640392432935019684e+00
-1.725030209583449050e+02,8.167628958385947158e+00
1.606667238830036979e+02,1.754467554645963290e+01
-1.643901296596916382e+02,1.419253995150775260e+01
-1.534517323777541549e+02,2.571376801329994777e+01
1.550591079564939321e+02,2.159835829401308160e+01
1.743951206764660355e+02,9.320800326663293944e+00
-1.290555666995013553e+02,1.930673917677305695e+01
1.724415701094823987e+02,1.275406722800526538e+01
1.130986953406478790e+02,3.969223014372277447e+01
7.720502767778565101e+01,3.334225415273148485e+01
5.202195922224181146e+01,3.227394503782687707e+01
8.623554308728751039e+01,4.072259620249346312e+01
7.226855969551444048e+01,3.694927167918832822e+01
7.999432055192475843e+01,3.195602863866641030e+01
5.353810707951930681e+01,3.123260326826238042e+01
-1.650543102981786205e+02,1.890604861000032244e+01
1.690411538535497868e+02,1.296523609355749507e+01
1.601039732375135429e+02,1.663670957610417389e+01
-1.642505824629295148e+02,2.518049767864513200e+01
1.677681532272479785e+02,1.290767071964903145e+01
1.580009410539586838e+02,1.488457395564665831e+01
-1.571406799106860035e+02,2.217013600592994038e+01
1.447483325010117028e+02,2.979047388402910812e+01
1.572898268647867894e+02,1.749023808372999866e+01
-1.599853625903549244e+02,2.226440650589882608e+01
1.473068962623269726e+02,2.066708502146666504e+01
1.292046893884299834e+02,1.586959898648671441e+01
-1.489821363924046125e+02,1.625666476112181869e+01
1.781220697237235129e+02,8.007976685157590424e+00
1.602517182173761796e+02,9.066469764666381437e+00
-1.464988477878738991e+02,1.656083066478884902e+01
1.702704994472998976e+02,5.792729168007373808e+00
1.604522447634225273e+02,1.285923944303277722e+01
-1.605908908004063846e+02,1.316194529418886994e+01
1.585085657776473056e+02,1.731796285298593929e+01
-1.619106011500277589e+02,1.891911801451878716e+01
1.613353170815740327e+02,1.210813216184957319e+01
-1.759349340268050241e+02,1.854355804027581911e+01
1.774684075268244214e+02,5.593205988552394814e+00
1.760087552340731634e+02,1.958196793749736386e+01
-1.677967101986196212e+02,1.312048114891509343e+01
-1.764369000527461253e+02,1.369756819341874987e+01
1.632224542221691195e+02,1.320142428539295665e+01
-1.730821332635283625e+02,1.289419167637949037e+01
-1.677343602017695048e+02,1.551696169077418475e+01
-6.203883552165967785e+01,1.268981724037270098e+01
-5.976556095758432718e+01,1.736680415282689438e+01
-8.091477235617119845e+01,2.460580970553390401e+01
-7.317563778896409588e+01,2.267211101926316985e+01
-5.795899860648464141e+01,2.503932465248490757e+01
-6.621717914485878964e+01,1.985704526212455079e+01
-7.610946664111311577e+01,1.802305249427026723e+01
-5.874583481361353421e+01,1.879419552523289383e+01
-7.744248103382940940e+01,1.505841815690417285e+01
-5.293815622961092515e+01,1.304772727242842834e+01
1.419624020545705605e+02,1.712117541340338178e+01
-1.470879895387381282e+02,1.247599213648747529e+01
1.559946979380738981e+02,1.834015933488218053e+01
-1.646815707342877602e+02,1.375713554356473978e+01
1.794045966854683911e+02,1.473694232328966258e+01
-1.791953977502203372e+02,1.927336128061457998e+01
1.670411112527806097e+02,1.831848866395485231e+01
1.799090316763012822e+02,2.856378529152508250e+01
-1.420524536995571339e+02,3.520518453689529537e+01
-1.604821313472501458e+02,2.626614737042095982e+01
6.006897804190506207e+01,2.371674283983808351e+01
6.849547537117005902e+01,2.246938541206953843e+01
1.120779929826011312e+02,2.500902893646084735e+01
9.827483083551906873e+01,3.473630116132757450e+01
7.234340872650052745e+01,3.250909096025866774e+01
8.628059986895527800e+01,2.661626136417828903e+01
8.399619926303351747e+01,3.398674565718771845e+01
9.955922143350638009e+01,2.799761604214773314e+01
9.418038431481551243e+01,2.235070558244986927e+01
7.870434059767582369e+01,2.686067428445484495e+01
7.047172706093321892e+01,7.361105466606408854e+00
5.009571087501278441e+01,1.144122286316997972e+01
8.318960537727583926e+01,1.016146182958243749e+01
5.506389808639383432e+01,8.023123652251076265e+00
5.869541594981899379e+01,1.032119200692924110e+01
6.643284653462623623e+01,9.094595231429840609e+00
5.444947861478863160e+01,8.773974513906146910e+00
6.972101949589807646e+01,7.894236359200018427e+00
6.459275077327585279e+01,1.783423785808531647e+01
6.719827633694256974e+01,1.987130355906091950e+01
1.652251214362056544e+02,2.104092811616707337e+01
-1.601013173277623594e+02,1.637061822509639342e+01
1.585899701425250043e+02,7.268606876276741957e+00
-1.630768396514822882e+02,4.240361813413050740e+00
1.713865344572374170e+02,6.400666698039034763e+00
-1.793942476805153490e+02,1.357057230899218503e+01
-1.729815270642451424e+02,1.795013614129002377e+01
1.795230470202491517e+02,1.678704333109205038e+01
1.726982358322213713e+02,1.906353867698252103e+01
-1.732917257829152788e+02,1.443661996259286617e+01
6.027695404096955656e+01,1.813147881328991318e+01
6.291985209942064472e+01,1.407716029087637111e+01
5.737916037347647347e+01,1.580186554366189355e+01
7.771474656675138704e+01,1.797744004358167302e+01
6.125174239309673396e+01,1.417208517670511014e+01
4.884624128969631585e+01,1.213982757525338485e+01
8.198522057548362341e+01,1.704447347412909153e+01
4.864374347250036834e+01,1.898754326739915399e+01
6.721526933503911039e+01,2.176268170409125702e+01
6.728666987926573029e+01,1.536454173239527066e+01
-6.258461133698311585e+01,2.063348113143502260e+01
-6.763888109140819438e+01,1.337589963884261834e+01
-6.647421838217637458e+01,1.644828379518855854e+01
-9.233096783104963379e+01,2.589548208927820028e+01
-6.817468634800709992e+01,1.657194609983917033e+01
-3.943291976170485214e+01,1.510087282375386053e+01
-6.917687085473421860e+01,1.211716997633349813e+01
-4.756177464189386228e+01,1.553601629417445196e+01
-4.415519718467294297e+01,1.209784167750202855e+01
-1.040595753881619743e+02,1.934101172908236066e+01
1.789233118954355461e+02,1.237010157005580169e+01
1.780823791461498615e+02,1.225882734766834226e+01
1.706555486689244958e+02,1.147969198554669568e+01
-1.672764561360238815e+02,1.972244006491288104e+01
-1.579375223668108390e+02,1.534378114468135479e+01
1.448815905113057170e+02,1.968548972184942158e+01
-1.587635087451978677e+02,2.105077340299169464e+01
-1.749365955101616805e+02,2.341670570815183083e+01
1.746979281521088581e+02,1.644188722857589724e+01
1.650379634445855288e+02,2.013531519297738726e+01
4.027357230035513425e+01,2.619857628945332806e+01
6.959046731381714324e+01,1.842876219949414107e+01
4.902921058219665440e+01,2.231140045667801886e+01
7.544947554454688543e+01,2.599761444515822006e+01
5.060983308695073646e+01,2.132186149578471657e+01
6.987187922162016207e+01,2.357558000446879731e+01
7.887555311606541864e+01,1.419053321186896355e+01
5.869596587552056377e+01,1.462571842698391755e+01
7.913084627785440262e+01,1.609899878016641850e+01
6.157645575071274635e+01,2.598374242594250916e+01
1.601397077950754522e+02,3.310679474657439414e+01
-1.721337057385136688e+02,2.297276676285273567e+01
-1.463467442073420273e+02,2.407554448288114912e+01
-1.785061802055294322e+02,2.210606697939994092e+01
1.536678504062702757e+02,2.098952602847795035e+01
-1.776624754765465752e+02,1.035719280305897882e+01
-1.742980799322410519e+02,9.278949849590647503e+00
1.680104085592286651e+02,3.027218226728750849e+01
1.658473063418588538e+02,1.522494190491117649e+01
-1.503421641925517065e+02,2.650027577358138586e+01
-1.768166942407222564e+02,2.833448173030625483e+01
-1.701089901486621159e+02,1.323166434574277517e+01
-1.715325569354152435e+02,3.165973615102706873e+01
-1.768517985278790547e+02,1.680989497445001035e+01
1.570194900584058928e+02,1.494730766130555644e+01
-1.718319434479993788e+02,1.929025858400764548e+01
-1.795848312968359153e+02,2.347258669690096866e+01
1.591368478317165227e+02,3.270513912494077857e+01
-1.560865223718648167e+02,2.358374050790203569e+01
1.628079387653423851e+02,2.094754973511030016e+01
-3.475224630319043229e+01,1.238299392116130626e+01
-9.806734769994781686e+01,1.883356497617200986e+01
-4.912717438620443033e+01,8.777882849277212074e+00
-5.428973258350437447e+01,9.493922667694015161e+00
-1.003016840476625902e+02,1.644938069091198329e+01
-6.175792495015682704e+01,1.224502229674591192e+01
-6.141237211555787212e+01,6.415426829461482683e+00
-8.752200875576093608e+01,1.208875304257781025e+01
-5.851839171769396586e+01,1.111481856869191276e+01
-6.695298850832469384e+01,1.057182096115419867e+01
7.724847446957792840e+01,2.249092268130498695e+01
6.744211647601436255e+01,2.615281124732504026e+01
6.662421564494866288e+01,1.534562073488450196e+01
5.223643708993240864e+01,2.499088957009934120e+01
8.849121245721404705e+01,1.854858076186757287e+01
7.196852381368587714e+01,2.216018939308459679e+01
5.913646612771019306e+01,1.675711038912413287e+01
5.260261576407793882e+01,2.275175966719013587e+01
9.672039645958946608e+01,2.281770090529145278e+01
6.605555270717157157e+01,9.908630823657427200e+00
1.785198348542620010e+02,8.386933536392286115e+00
1.777339574454566957e+02,1.445318321469588696e+01
-1.710336552860522943e+02,9.203309310429290235e+00
1.699143669965818333e+02,1.269523475361665810e+01
-1.583918973678053987e+02,8.184705926898068640e+00
1.684869625120096828e+02,7.130425664962361409e+00
-1.743276830554986532e+02,4.915830169499010083e+00
1.760805136658102583e+02,8.979679249636062011e+00
1.768395260762513317e+02,4.241153181108798798e+00
-1.721814565095961314e+02,5.317112859867022756e+00
-3.958035645230909694e+01,1.497784504950598183e+01
-9.394803515630856339e+01,2.252243852015003966e+01
-5.262968978038873047e+01,1.898530346951428527e+01
-5.617047949152783559e+01,1.868192818830486956e+01
-9.743526059175023590e+01,1.762134247818164212e+01
-5.138024753740545236e+01,1.591475508722295018e+01
-6.994398430178991077e+01,1.086897581053618111e+01
-8.675592429286379570e+01,1.624432262412697270e+01
-3.002737997963900440e+01,2.854515153077723966e+01
-8.110044922284042457e+01,2.118735344229131101e+01
-1.721996743481843168e+02,7.863265278750620979e+00
1.672767880416497519e+02,8.886926990317082442e+00
1.733456328980521448e+02,1.549203435001953721e+01
-1.563301875950310489e+02,2.571382316401621182e+01
1.575229117900572078e+02,1.698859208851413527e+01
-1.533052806808821913e+02,2.112292581346869014e+01
1.627561964611726069e+02,2.080124729750171397e+01
1.788444565779261950e+02,1.113888589659746842e+01
-1.549998074153868686e+02,8.818977332325792062e+00
1.483941666947319504e+02,1.598300665974463541e+01
-1.070568441311223324e+02,3.783867174089361640e+01
-2.962429934791034469e+01,3.007686325321844834e+01
-8.539047950325685576e+01,3.860329705378325116e+01
-8.675100646228720791e+01,2.674101875433524356e+01
-2.774238659292639042e+01,3.605618711351075945e+01
-1.025423016559758054e+02,2.400207495695844884e+01
-7.567696853785574262e+01,3.138689198791418278e+01
-6.053830803676461869e+01,2.158646565337097201e+01
-3.594601984303618991e+01,2.767377828531523321e+01
-8.237439229625920234e+01,2.601822340505309228e+01
-7.249724001058130796e+01,1.867586562347925394e+01
-4.282953006039528532e+01,1.748694798421701435e+01
-7.639430045766583532e+01,1.080827851533341999e+01
-5.325261919379097719e+01,1.426316404750723166e+01
-5.922224330915933876e+01,6.124075933980708264e+00
-7.778545436434939120e+01,1.276406035379986648e+01
-4.911901046659367864e+01,1.660726225911840359e+01
-7.174536144378227220e+01,1.460922305939962129e+01
-5.896756155836279589e+01,1.346030828610325969e+01
-5.963340859590820031e+01,1.357589928382076394e+01
-1.563359865284564023e+02,2.111801524509004224e+01
1.324777376587600486e+02,2.704644742298147975e+01
1.298529319447342232e+02,2.898926742724809458e+01
-1.663240460535281500e+02,2.233927769115449991e+01
-1.537019611117694637e+02,2.467463720861850618e+01
1.693236314078898488e+02,2.548229805418132088e+01
1.747637802667138658e+02,1.849062130716321661e+01
-1.494422899874973893e+02,2.200779304782914636e+01
1.757269786674615943e+02,1.138926568681265472e+01
1.749559570740337051e+02,2.083766167202690411e+01
1.743448399761988128e+02,1.759040210945526539e+01
-1.638480540043818223e+02,1.453009313935076108e+01
1.702879362237622729e+02,1.696197289434545752e+01
-1.783815627142473375e+02,1.584891601506962999e+01
-1.460631339714022658e+02,2.142112738590590482e+01
1.426064448037479337e+02,1.677220948776651710e+01
1.173692853918067271e+02,2.148662205977020179e+01
5.431865812239262681e+01,1.637094469492180338e+01
3.783907563469963975e+01,1.678817803722535729e+01
1.326259712486245803e+02,2.068363803578334981e+01
-5.267433316817168532e+01,1.704904580011104187e+01
-6.046002694853181936e+01,1.690169331726249879e+01
-7.011386532174023500e+01,9.340339231324549019e+00
-5.218157407918263857e+01,9.739097823327547587e+00
-6.433323364945087519e+01,1.162296208216321602e+01
-4.498390849062862884e+01,1.540101816033124038e+01
-6.617503361821991348e+01,1.051950997084550465e+01
-8.989596338800537012e+01,1.821736686023747609e+01
-4.992104967892640843e+01,1.819931723771161103e+01
-8.716627466258259460e+01,1.615695625235258603e+01
-6.523864162223097196e+01,1.834397404925916675e+01
-5.382978177930002772e+01,1.184327729138667351e+01
-7.678535010351556878e+01,1.849346670513964597e+01
-4.428421428381026459e+01,1.939422126782825373e+01
-7.964952310053030260e+01,1.880816759151045403e+01
-6.885914190452683670e+01,2.231247872222851925e+01
-4.581971695356350693e+01,1.204934583703670015e+01
-8.700366096531695348e+01,2.209722071453370873e+01
-6.556406076171006703e+01,1.351115796656802814e+01
-7.020748775681475706e+01,1.639162000589681867e+01
-7.687815653957993334e+01,3.231000710489079353e+01
-6.186632241114173070e+01,8.636297722220092510e+00
-7.281903627341816332e+01,1.527174601473037541e+01
-5.493255128039710655e+01,1.668069915055247776e+01
-6.003068879545436687e+01,1.661659987545962736e+01
-7.400249903851427291e+01,1.526895271139424892e+01
-4.903880005860625602e+01,1.383844999765645767e+01
-8.113407039921608543e+01,1.978656887629879435e+01
-6.181100898960804813e+01,8.813916768813175651e+00
-7.157696126129907555e+01,1.472448136541292740e+01
-1.735214877631166814e+02,1.115139952257786504e+01
1.760590547684722651e+02,1.811795679232488965e+01
1.685130931113902193e+02,2.410956232612510775e+01
1.796743583526490795e+02,2.234287435779551600e+01
1.795147186605175591e+02,2.503454881875711990e+01
1.764897783525212276e+02,2.123715631934325643e+01
-1.773623202654133308e+02,1.876328589368839417e+01
1.784672064964038043e+02,3.029110267139895996e+01
1.708866325786027005e+02,1.527033813618543334e+01
-1.752313926788924334e+02,9.986010260598648713e+00
1.663249035281382362e+02,3.622745965842012339e+01
-1.497215478192423745e+02,3.568593219359246405e+01
1.540534984699187362e+02,2.682298044623904332e+01
-1.599144440214817848e+02,1.047131464213942742e+01
1.561113534939231897e+02,1.410450921719810857e+01
1.468885652197634784e+02,1.299305694048485726e+01
-1.672529702589065437e+02,1.614076274887474227e+01
1.658996838539557075e+02,1.944414318522418483e+01
-1.471212597849848862e+02,1.719402524905827079e+01
1.685578981141493387e+02,1.148992524736427789e+01
5.504754811429418737e+01,1.356943914262342510e+01
4.847052850108617150e+01,1.588341298811493729e+01
4.847928068084667075e+01,1.130574633307692167e+01
6.225801138744614605e+01,1.186023063668197963e+01
6.363004594381997236e+01,1.404123587542434137e+01
8.186869343805534527e+01,1.880417396612156011e+01
5.947327493473856919e+01,1.387648433311274943e+01
8.258795279663773670e+01,1.299801330212145345e+01
7.290425988639967159e+01,7.102619397033206994e+00
4.612041418803196535e+01,2.132284650401543402e+01
8.795084887095813997e+01,2.894998859623789400e+01
1.482905306212066989e+02,2.750226014544502462e+01
-1.640772976085361563e+02,2.489745614374739802e+01
-1.303693826429544913e+02,1.690645650779024223e+01
-1.313832319918908240e+02,3.243309895015662647e+01
-1.650213938405236149e+02,2.069205835179193542e+01
1.578478418483737755e+02,1.886432913764636510e+01
-1.419275147498115359e+02,4.016362252229291130e+01
1.325283055043524314e+02,3.428863019009771307e+01
1.012428998604167276e+02,4.064630104704203006e+01
-1.771551290337528144e+02,9.760570907229919158e+00
1.740929042599403545e+02,1.354217456600865077e+01
-1.777113866292353919e+02,1.701287289824007587e+01
1.678392655339411021e+02,1.593032246651544170e+01
-1.744678621232025932e+02,2.325096821439720784e+01
1.778952163172119754e+02,1.342565120648955102e+01
1.723851521493511711e+02,9.345566281733287184e+00
-1.664367619269234808e+02,1.739654573806266313e+01
-1.792010117681749364e+02,1.222514715141922892e+01
1.704498955273392937e+02,2.156034658303542528e+01
-1.744707655361351613e+02,1.384548814759652480e+01
1.621848141612251197e+02,1.212869820463587445e+01
-1.643729593390518176e+02,1.742394818603977313e+01
-1.764374644129115950e+02,1.345425369256562043e+01
1.423456441774689836e+02,2.592310923371912423e+01
1.774091788432269539e+02,1.290400665412526848e+01
-1.668353658072892074e+02,1.797654167580448714e+01
1.591029197230721195e+02,1.493828936919162587e+01
-1.706399751056885634e+02,1.116727291599438843e+01
-1.715537506144115696e+02,1.205511837440815981e+01
8.210844830968964914e+01,2.018104175583808768e+01
5.870112043024595749e+01,2.902244599907492884e+01
6.800230510652124849e+01,3.161321937472507670e+01
6.586647859386430071e+01,2.504457859227279926e+01
8.228076922524856229e+01,1.629006054627754807e+01
5.278089291026700636e+01,2.654290207370073773e+01
7.063663921596217676e+01,2.077569745267109624e+01
5.504498460549456240e+01,2.190762476532680836e+01
7.105844718854964981e+01,1.814226080006227448e+01
6.217038643208316273e+01,1.406043069449009408e+01
6.643317310339924120e+01,1.355797537156733057e+01
5.893462499830736334e+01,1.865070941691254802e+01
6.819153098789038836e+01,2.076777615490719597e+01
6.487867605292572648e+01,2.316622274578152485e+01
7.347717746137641370e+01,1.993662063576448062e+01
7.014913261246501008e+01,1.524186242558952031e+01
6.631007047426820122e+01,1.425562716315560685e+01
6.326131048853731897e+01,1.199057367150635045e+01
6.585271718788710871e+01,1.074738811501737601e+01
6.758247126733770926e+01,1.659262895134772720e+01
1.753534549628166417e+02,1.321491817518970890e+01
-1.749551745592088707e+02,1.312454095454888758e+01
-1.698370257774037952e+02,9.449605122058470030e+00
1.764115400685344071e+02,1.106365746638710057e+01
1.728322758195902793e+02,1.131061062113865923e+01
-1.746021237687559733e+02,7.078880554575333051e+00
1.729344850064010757e+02,3.244787191095853895e+00
-1.762692264609909785e+02,7.476633948996412649e+00
1.618384173813632287e+02,9.282890434691543291e+00
-1.574679189924669629e+02,1.438499554722499241e+01
1.701381647184699375e+02,5.903395673631774976e+00
1.628172332565866043e+02,9.743461331355192101e+00
-1.570313441762095863e+02,6.770760264113542704e+00
1.579933745224811901e+02,1.750918561168297316e+01
-1.640870136744605645e+02,1.289528978764767508e+01
-1.789218275160604605e+02,1.384204755319819924e+01
1.709504990307089827e+02,7.113714268970974253e+00
-1.731906758966308075e+02,8.543695522129873154e+00
1.695042232489024059e+02,6.868007138125022060e+00
-1.697849217952656602e+02,9.215640614179598344e+00
1.655433204071753153e+02,1.622572293051449677e+01
1.784643450460226290e+02,2.833207588118953169e+01
-1.726183407238770542e+02,2.049519727442121564e+01
1.767051605653177546e+02,1.228259527164564169e+01
-1.773323171026657974e+02,1.069661914315937778e+01
-1.682853547903781930e+02,1.542563570782382953e+01
1.742044082158854508e+02,3.407904027923665780e+01
-1.789727514915777249e+02,1.942909715733231479e+01
-1.721579988993196935e+02,2.417336466611484624e+01
1.576557002285080671e+02,1.964845401164336636e+01
1.781144371762360947e+02,6.921757720587309315e+00
1.683344111648376327e+02,5.247749955552470702e+00
-1.726181421423422080e+02,6.502560144732696834e+00
1.744416786170387468e+02,6.184386454907704334e+00
1.623146448912363553e+02,1.168115445714001943e+01
-1.644888847642809253e+02,9.008738166674984171e+00
1.753170944536648506e+02,6.621765677872618383e+00
-1.759312853919198005e+02,9.109067775609048567e+00
-1.773477807872722281e+02,1.313536169193131187e+01
1.791261795697861885e+02,1.040087918831642710e+01
-1.684819576249356885e+02,1.769712712894446582e+01
1.526367036517748375e+02,2.171364371822507877e+01
1.792273722122708648e+02,1.273778330015751159e+01
-1.600087101139062042e+02,1.327857325563524427e+01
1.671881790043904061e+02,1.010137132475055033e+01
1.783503386388490810e+02,1.094104559443463032e+01
-1.710825903652508941e+02,1.393167997889158016e+01
1.789101403593971895e+02,1.069080183058683176e+01
1.720797226227153089e+02,9.831107827541096356e+00
-1.727257626523385454e+02,1.261558052940480579e+01
-1.790672298824448205e+02,3.107264968422781237e+01
-1.747916599990208510e+02,2.983145454054609047e+01
1.795436408269584376e+02,1.681771521371459244e+01
1.672009047620827573e+02,1.735698433884738989e+01
-1.674057278604022088e+02,2.008402059580080135e+01
1.709033316642534146e+02,1.970827011573020826e+01
1.746641159760000903e+02,1.836770294133258830e+01
-1.470288028319300508e+02,2.741471013656203226e+01
1.693702801075959599e+02,1.658855146749385412e+01
1.740986990684595241e+02,1.724298000717298152e+01
-1.657801092510048591e+02,1.544432217878169666e+01
-1.747365514140928724e+02,1.483570835052345416e+01
1.674144882230633584e+02,1.449428700732476472e+01
-1.734113774047113736e+02,1.097832130873665690e+01
1.784319769464775050e+02,7.728831038907255646e+00
1.647895706836475824e+02,2.023878074802366456e+01
-1.532413490287640343e+02,2.358098703655575434e+01
-1.420569335004433356e+02,2.581443989809384831e+01
1.607015083117671566e+02,2.386224415794770692e+01
-1.771127785812187767e+02,1.511816681862585376e+01
5.435415130025621266e+01,2.559111419447168601e+01
5.858984139661104962e+01,2.390127275343561664e+01
5.545013500878112467e+01,1.596378418645976538e+01
5.242131975304021552e+01,2.012371970181079917e+01
6.042403766844918067e+01,1.127375273865418848e+01
6.546760040073688458e+01,1.461762688932861565e+01
6.256295679832829393e+01,1.140297874317885274e+01
7.073150697471750448e+01,1.557087330407098591e+01
7.539010142062318209e+01,1.308037251441606053e+01
6.193216136185144904e+01,8.081890380030515075e+00
-6.761818638762872524e+01,1.172256985446223609e+01
-7.525041024552079705e+01,1.599296656352398216e+01
-8.383040339333712154e+01,1.634800794089164810e+01
-4.333234887456104190e+01,2.161965444927567148e+01
-6.407519323185584881e+01,1.128117309139830660e+01
-7.351224009855542363e+01,2.165808546379611954e+01
-2.472115694677859921e+01,1.725298070528875982e+01
-9.552648451131285867e+01,1.754512332438305577e+01
-6.661181863344420151e+01,1.134379158242018448e+01
2.086411717177080760e+01,1.924715878844919104e+01
1.627859465692619381e+02,1.377977610195832092e+01
-1.520960592838772811e+02,2.366018534372268434e+01
1.590221304358503005e+02,1.922405741892647058e+01
-1.703711657437909253e+02,2.693951390521869627e+01
1.743903628084535171e+02,1.595454230371745297e+01
-1.733587814162293341e+02,1.104310121574478032e+01
1.700228674561344064e+02,3.574870120202911039e+01
1.548826317369454273e+02,2.479911479182736045e+01
-1.336002528751542684e+02,2.881517747522671868e+01
-1.259781624446661539e+02,2.241407867152281597e+01
-1.618943928415357618e+02,2.173740844378903248e+01
1.683923691892804300e+02,2.033717595932493793e+01
1.740884407445241777e+02,1.962431876281435805e+01
-1.796785319172930713e+02,1.572634990456353066e+01
1.770008774531732172e+02,1.579763876839258074e+01
1.659863794907349188e+02,2.617208348109597438e+01
-1.620133984044061322e+02,1.343121631691688123e+01
-1.732528888784555079e+02,1.577938310736955430e+01
1.498549111297734271e+02,1.899798052967896211e+01
1.776920025748395346e+02,1.347963471376178646e+01
1.704989674891856737e+02,6.109200044762459036e+00
-1.685062490050094652e+02,1.278749963830876624e+01
1.755516065807263715e+02,1.453246728017713529e+01
-1.661819510043729053e+02,1.163476972111783958e+01
1.686425590305631488e+02,7.577186977609412288e+00
-1.668690917411874466e+02,1.933197562841712980e+01
1.592996414919919630e+02,1.537510543757634451e+01
-1.650364071214652313e+02,8.617229956969827853e+00
1.788773426810692229e+02,9.416492091354090377e+00
-1.778437060734412114e+02,6.944311085654385707e+00
1.742644311058151914e+02,1.084659563270765759e+01
-1.678461495193423616e+02,8.313253917605692322e+00
1.761029794284942227e+02,1.929921777924361947e+01
-1.776544809862409977e+02,1.386077541648645806e+01
-1.724199102273215374e+02,1.578284943977048016e+01
1.779083662879766052e+02,1.627541248736957513e+01
-1.508347228394234776e+02,2.050445049061451641e+01
1.728727105048957924e+02,1.335866518475256015e+01
1.628694484174577610e+02,2.176577641987702094e+01
-1.434114142502614015e+02,2.612133611563450941e+01
9.526640400517943874e+01,2.873803456545579138e+01
5.724543162667446694e+01,1.653454062659138657e+01
5.803774837097397210e+01,1.745154589034532222e+01
8.821905034541627799e+01,3.298089330164847865e+01
5.210323730748298487e+01,3.791838157470725434e+01
8.195827815913571612e+01,2.931541536480790455e+01
4.545367640356002426e+01,2.843522771223622669e+01
1.069809154477993758e+02,2.876330119368307692e+01
6.849270029625989764e+01,1.659598028045417095e+01
5.650679963111650750e+01,2.669821879473547810e+01
-8.321819475722752202e+01,2.445907924659322674e+01
-5.521836202786352032e+01,1.750352194731813782e+01
-7.887438987322593675e+01,2.440169648920235090e+01
-5.159413170484081235e+01,2.275369335773551427e+01
-6.212137519104356187e+01,2.885117217540733137e+01
-8.216083725878287680e+01,3.151399475574064724e+01
-5.763206150088736024e+01,3.341034652013055961e+01
-7.700644456238671864e+01,2.422852208094818138e+01
-5.538780315769603391e+01,1.735358870247232588e+01
-6.961552367798482521e+01,1.890471807028291096e+01
8.623848699815415841e+01,1.685142857843080222e+01
4.605502403527287925e+01,2.516187285421296593e+01
7.422178355011513418e+01,1.867229509052856429e+01
5.880156583604792075e+01,2.204958676282410224e+01
6.956041870955046136e+01,2.031512877862159172e+01
7.384851595165139315e+01,1.781974531571132303e+01
6.076897453545808503e+01,9.899279001283723289e+00
8.241432832752424531e+01,1.923251582398248516e+01
6.332002352175964432e+01,1.149218337870931350e+01
7.414142382478959803e+01,1.442223155193265782e+01
1.662612612489109267e+02,9.046548492023886112e+00
1.789061717304469710e+02,2.098628292510466053e+01
1.676149270743921988e+02,1.752466044372323140e+01
-1.783066380794859356e+02,1.095608716946386174e+01
-1.683128226560968699e+02,9.638054912875897884e+00
-1.799932218451777430e+02,1.630561538897574891e+01
-1.738993385851458697e+02,2.238942971331753284e+01
1.750932702979486919e+02,1.446086092073999652e+01
1.673773981159472442e+02,1.597289932052601458e+01
-1.629940719760295167e+02,1.502192409395762418e+01
-6.659573004137241981e+01,2.714104393109890268e+01
-8.856889191636486203e+01,2.690865636830639573e+01
-3.827723392289928483e+01,3.545121966897927734e+01
-7.860426986240960900e+01,1.012502849950443817e+01
-7.307515287643326474e+01,2.977269122908001009e+01
-5.529604070219563283e+01,2.916762901730361079e+01
-6.312727111399527757e+01,1.604714972460494238e+01
-7.811228382409444748e+01,2.687695172093338059e+01
-6.475768728920360218e+01,1.784178223197866942e+01
-5.304170540836462777e+01,1.547749909941723345e+01
-1.593840643264239816e+02,1.691403105049709410e+01
1.758036015181598373e+02,8.976743723352596405e+00
-1.722581242406555191e+02,1.661062086623936906e+01
1.710293144761379551e+02,2.195966075833895914e+01
-1.141536361395083787e+02,2.664357226022249137e+01
-5.569478204748779859e+01,2.865506174381815896e+01
-6.272863138030632513e+01,2.534111139075543662e+01
-9.826671252904105813e+01,4.182187004662623053e+01
-6.306385803967631176e+01,2.382779790230713246e+01
-7.403885589684622914e+01,2.513384355294693506e+01
-6.006400525702829896e+01,1.580827724755511099e+01
-5.290716406021903140e+01,3.056216239813922542e+01
-7.926510719594371324e+01,2.357112583078498247e+01
-4.738978707975549298e+01,2.997780078270501747e+01
-8.256570387577612280e+01,1.678104074641739629e+01
-7.576659347396537214e+01,1.815857477617794657e+01
-4.895022475841221876e+01,1.867320712706343855e+01
-9.102538856096899167e+01,2.504749361330343049e+01
-6.490218526034534818e+01,1.378299847198938544e+01
-5.075594013622395551e+01,9.985945538277739786e+00
-1.766170755643090047e+02,5.096977786124448961e+00
1.778692737926670304e+02,1.344268609886523613e+01
1.779643037868411568e+02,7.050743652279948925e+00
-1.738118303768797546e+02,2.037262502456582780e+01
1.717631749236200278e+02,4.206540718708847493e+00
-1.726795926442481743e+02,1.426713696444856794e+01
1.757996670672315815e+02,5.081833070301396305e+00
1.690337059654929419e+02,1.136882700967474236e+01
-1.645171842759494893e+02,1.370974098436725264e+01
1.791015172520863246e+02,1.568997607821327378e+01
-1.678436597605094391e+02,1.784790379269264804e+01
1.656716047840159263e+02,3.292636779600174179e+01
-1.615132484183143617e+02,1.668028333571018962e+01
1.511716766177355566e+02,3.112635252388900398e+01
-1.561797352660237834e+02,1.298949158785999636e+01
1.781278435030295100e+02,2.094611859411989485e+01
-1.726261060629836663e+02,1.510432240495636691e+01
1.677498530900225546e+02,1.966935440361644893e+01
-1.581458491142179525e+02,1.325030558096090871e+01
1.438651986117918682e+02,2.770241826207103841e+01
-7.387257538974488114e+01,2.169620506403599691e+01
-8.951026779916421106e+01,2.224838942412470288e+01
-2.112031783117123140e+01,3.073745985160440952e+01
-8.318205808562598236e+01,1.995016618358583926e+01
-1.374038743698066298e+02,2.156166705094805991e+01
1.110675111259112242e+02,3.560794426670641855e+01
1.014813311009014818e+01,2.638745707571507992e+01
-8.874324627155637302e+01,2.662783619552364911e+01
-1.714161652924081238e+02,1.239556654997109852e+01
1.314862876469825608e+02,2.117357256161463042e+01
1.728184210766444266e+02,1.003129733998166984e+01
-1.791568829689570634e+02,1.633042872347784424e+01
1.752207428179333135e+02,1.668686349614508657e+01
1.646987035214424395e+02,1.316012285429887285e+01
-1.596809524007476568e+02,1.221310696717659816e+01
1.713689576482203734e+02,1.671464872066002627e+01
-1.697056112726157266e+02,2.460407495711681847e+01
1.679554788497923425e+02,2.475135153179299152e+01
-1.650699792846048695e+02,1.982581437114536627e+01
1.630712996520645959e+02,2.027515246717360142e+01
-8.708571291224687627e+01,1.925450601127007033e+01
-4.338748814774360341e+01,1.566091725910426646e+01
-7.062634613934837091e+01,1.002478423259078610e+01
-7.322243432559662324e+01,1.517483064749001365e+01
-5.437819645470509045e+01,1.643403636131712631e+01
-7.405695665058418342e+01,1.778596268032876537e+01
-5.558471769327537970e+01,2.566248825828028401e+01
-4.310219701476671617e+01,1.277386203013015731e+01
-8.053336385617114956e+01,1.786551055031097590e+01
-1.947353371311320203e+01,2.434297959880250417e+01
1.601833213005689629e+02,2.997955893220490964e+01
-1.713592565720762764e+02,2.627610507168514076e+01
1.643240883082354173e+02,2.465516234061806955e+01
1.760914258226645757e+02,1.075724026493084473e+01
-1.697263463310846134e+02,1.715992642949196778e+01
1.533667121610036759e+02,1.974428913800955598e+01
-1.704655628001260368e+02,2.506806531986773479e+01
-1.752890124009458077e+02,2.438610861666012397e+01
1.588583433778408676e+02,2.344333871491561894e+01
-1.637519904212914810e+02,2.195219349331523162e+01
1.693297728614136020e+02,2.308774536063555161e+01
-1.794624823639799160e+02,2.749001417481338549e+01
1.665443275598745458e+02,2.622342632586797606e+01
-1.532926816643781081e+02,1.678702507742804073e+01
-1.719855470641326747e+02,1.307874615902458082e+01
1.757354689396215122e+02,1.682227387312883238e+01
1.799455138411450719e+02,2.071537584110080488e+01
1.707916136256818902e+02,2.306280252127910657e+01
-1.540529039044996011e+02,1.637786114547697025e+01
1.770021477137407544e+02,1.379252592621343076e+01
-1.601391838842408220e+02,1.660407633575992037e+01
1.758840930309042392e+02,1.439906986810155765e+01
1.684755852162604128e+02,1.837445197760352045e+01
-1.677545582310858379e+02,2.079413033796078025e+01
1.570528113179530578e+02,2.603198155667169900e+01
-1.404146501467955659e+02,2.646693948726304413e+01
-9.141666386085920237e+01,3.728360319496961495e+01
-3.327694410326053998e+01,2.152961080513178160e+01
-8.350195145605388802e+01,3.364870003897512163e+01
-4.213625865136285142e+01,2.004231591468570173e+01
-6.448451611120493965e+01,1.288674546978159263e+01
-7.282279561863596484e+01,1.015442294772992504e+01
-5.299713125031815508e+01,1.518303632098507272e+01
-7.022267568673197502e+01,1.576001525911156520e+01
-6.188857521953001850e+01,2.101236924102282089e+01
-6.024596644227639075e+01,1.289128098375333487e+01
-7.596259869765729889e+01,1.938742287246978790e+01
-5.253490100410120789e+01,1.290948044810637718e+01
-6.571388372354040541e+01,2.703817675789223784e+01
-4.986369421727555817e+01,2.441706765755676045e+01
4.366134442184453945e+01,1.214006882521386999e+01
7.887791845409275027e+01,1.370110472660600820e+01
4.007013288584793997e+01,1.155062994370360840e+01
6.830749523764873743e+01,1.101264582906600964e+01
8.146143327432972114e+01,1.798043282357397743e+01
6.315928518218674981e+01,1.474318710901753882e+01
8.268732371400655268e+01,1.097658252314020189e+01
6.075762267254719262e+01,9.675233937922248728e+00
7.264839444431000004e+01,1.195172582667287031e+01
5.553848333931048131e+01,1.950392340572604155e+01
-6.756715314658299576e+01,1.385344760515919305e+01
-6.793919157275855980e+01,5.196113238861721939e+00
-6.590420112468990510e+01,1.748526530272154744e+01
-6.847916118934134033e+01,1.623287557773894463e+01
-7.184329677102118694e+01,1.592946668907691787e+01
-5.697310702785559045e+01,9.981769087405991669e+00
-6.184908776240709471e+01,1.800705373953721278e+01
-9.037059122002047218e+01,2.107187576994540734e+01
-3.314526908666059768e+01,3.370984859934886657e+01
7.695105417743522480e+01,1.297344037402142192e+01
-1.753213585684354427e+02,1.283476893613032210e+01
1.655783829867618806e+02,1.379706268056483687e+01
-1.626572403107913090e+02,8.302298675683367435e+00
1.643058813188644649e+02,2.019743535032321802e+01
-1.674895138672021062e+02,1.648434859902538108e+01
1.720855566822264109e+02,2.014161472826899413e+01
1.742646349907840033e+02,1.152521219917379014e+01
-1.711780147548009552e+02,1.750302897442650973e+01
-1.787052715933267280e+02,1.641211809021313783e+01
1.733390812545005133e+02,1.463988138047189302e+01
6.408951080087965124e+01,1.415520222854117449e+01
5.876559622305793340e+01,2.858050722254171916e+01
4.943128957857681627e+01,1.782479355636645479e+01
5.567785505883879438e+01,2.535471189266284853e+01
4.359947444265984728e+01,1.667458322050225661e+01
6.411970991862287406e+01,2.950239083651830541e+01
6.252745818755096252e+01,2.273588961503892136e+01
6.174950249686504833e+01,2.199037066149011110e+01
7.621855140127537709e+01,2.980478412110790742e+01
6.342104725384326969e+01,1.169690476039515659e+01
1.767901709538380430e+02,1.760402186458971485e+01
1.625186866996970423e+02,1.676773664740590419e+01
-1.694778303163868713e+02,1.659078316122188568e+01
1.749899932287030424e+02,1.662087864478611721e+01
-1.753290315045442469e+02,2.002337109947399441e+01
-1.668719818647024056e+02,2.508540415245843747e+01
1.758119634972017309e+02,2.573191350580099979e+01
1.746614479410219474e+02,2.035465268842360231e+01
-1.661594353085050386e+02,2.414438184470157722e+01
1.617670586713497300e+02,2.628235087289669991e+01
5.713938430242212263e+01,9.641711083731969723e+00
8.453924105304348302e+01,1.398412970243220599e+01
7.017729665206017842e+01,1.290959029832439064e+01
6.294964334785351667e+01,1.145726359995955335e+01
7.806298729852457541e+01,1.344644014125927711e+01
6.150571766340740254e+01,1.055431046981411747e+01
7.407040687588687433e+01,1.136005478890063713e+01
6.386768087042892006e+01,1.599191661124959651e+01
6.670053233812511451e+01,2.291739947665449506e+01
6.612705668337576981e+01,1.576655546684963127e+01
-4.157472002816496115e+01,1.980113917083313524e+01
-8.535695811011561318e+01,1.057865954731778046e+01
-5.089657877120016849e+01,7.849035463395731327e+00
-5.919530749507669753e+01,6.201136232448364538e+00
-6.451352905840077767e+01,1.227573414871376301e+01
-4.788162972171565457e+01,1.975471583557243704e+01
-7.849138558917327657e+01,1.473956952753376726e+01
-5.709578223159564203e+01,1.724947654294987487e+01
-5.576837171109108482e+01,1.701920658935394925e+01
-5.942249327782680979e+01,1.019750592461228678e+01
-9.101259779437747000e+01,2.701200487476468837e+01
-5.529255863070990529e+01,3.027634694349408306e+01
-1.170393815681430283e+02,3.313949750147948237e+01
-1.683686487624378572e+02,2.263917769277129111e+01
1.090461579100462899e+02,3.578388689133341671e+01
4.502571661340881093e+01,3.112826763219090509e+01
4.894934648659184262e+01,2.894421616542138764e+01
1.239906420420004878e+02,2.987632372909275347e+01
-1.730343310408358946e+02,1.330604067345564623e+01
-1.376394437362635017e+02,3.327509133783115658e+01
1.688690039496009092e+02,3.409606353284037539e+01
-1.758722049774738991e+02,2.046384826675572910e+01
1.672134234880368240e+02,4.369739634738220246e+01
1.716749296797793534e+02,2.242796871006051163e+01
-1.448757129356738744e+02,2.176682237088812144e+01
1.607940845768057727e+02,2.089036465449345314e+01
7.302679638097373527e+01,1.752773728531886377e+01
2.045879832688309818e+01,3.649160206127670847e+01
8.529041549318208126e+01,2.378075115817948060e+01
8.411358919986471960e+01,2.168156075954183848e+01
3.311201831538390650e+01,2.910256272266805411e+01
6.894215562491464766e+01,3.711645863801126666e+01
5.284579804232011924e+01,4.527186303557623859e+01
3.650929494360744343e+01,3.002327201375774735e+01
7.531178171886445227e+01,1.511804864572328455e+01
8.359647256980373697e+01,2.284303887494681362e+01
6.292803521842782999e+01,1.698796679469240800e+01
7.516096823381121794e+01,2.638933099623437784e+01
6.054248031254165596e+01,1.681233105758974844e+01
6.780377193911736811e+01,1.606169622273592168e+01
6.187349756195067130e+01,1.252169397305513598e+01
6.790943623668280793e+01,8.007231551285036275e+00
5.261591921833141328e+01,1.080841912725102105e+01
6.379504843530035885e+01,1.632593341957127109e+01
4.821977769283655135e+01,1.557537911756540439e+01
6.865856979885050748e+01,7.454921535171939340e+00
5.485181753790630665e+01,6.678643145473482257e+00
7.013076140585550888e+01,5.998109237127524196e+00
6.538706134583789265e+01,8.759947589586531080e+00
6.382107187082687716e+01,9.916218495395057175e+00
6.844030876150345932e+01,8.237464639233449404e+00
5.959731365883975940e+01,1.502702518798362874e+01
6.005685880181509617e+01,2.035811543987558281e+01
4.840583819761526740e+01,1.814527907775814342e+01
5.649456324933274942e+01,1.686954974462447865e+01
5.815299774224599361e+01,9.329637399197752146e+00
6.817977645761801853e+01,1.539964676479949901e+01
6.023565534047429537e+01,2.361321489748372926e+01
8.290985065719272029e+01,2.081251789711412670e+01
5.539478464502312960e+01,1.520557839087108576e+01
-1.631945292197898993e+02,1.482610669079189769e+01
1.719934938944582541e+02,1.045667220192905589e+01
-1.763013323006693156e+02,1.387435922507003916e+01
-1.671562816548245678e+02,1.288413240471563626e+01
1.609879580289142211e+02,1.712678428020549504e+01
-1.712964052257128174e+02,1.627486209890830082e+01
-1.697934129535005070e+02,1.211673700354645433e+01
1.460499148356937269e+02,2.120679978408013611e+01
-1.719056208855861314e+02,1.045263007750767770e+01
-1.486726188187166144e+02,1.801364755732347334e+01
-5.873482181787988310e+01,1.640476666121774940e+01
-7.251344686057697686e+01,1.523487450112424391e+01
-6.176646785245289095e+01,8.078407527282802647e+00
-7.752384517098401773e+01,1.794290743008792788e+01
-5.936699395635518783e+01,9.401972587856421981e+00
-7.025402178836020539e+01,1.265372240954873106e+01
-9.355017868236890877e+01,2.221905415006351348e+01
-6.092406150055180802e+01,1.121619721412871939e+01
-7.185296036122785779e+01,4.600839848294382861e+00
-6.079221209977500706e+01,9.236852714523852370e+00
3.244196588261375780e+01,2.281210265901162160e+01
6.976547067712202477e+01,4.395649208335873936e+01
5.492957734329631592e+01,1.912018448428444017e+01
7.906385935225054595e+01,3.700581893343485262e+01
6.093121705753895867e+01,1.871859766623422416e+01
5.882237951565912937e+01,3.264034184326535382e+01
6.955871818302418319e+01,2.814340126368717065e+01
5.957257421800431274e+01,1.737682396619462821e+01
6.966889638825263376e+01,2.596101929892364524e+01
6.509243191671880879e+01,1.121735356215075541e+01
-1.784765571336742482e+02,1.817846362478925926e+01
1.786532938943801128e+02,2.195081101145856550e+01
1.201994090756774369e+02,2.608020673280047319e+01
4.166724750480050687e+01,2.686887646046904266e+01
6.692709607623162071e+01,8.006225145639028540e+00
5.626263021597021208e+01,1.502535609599133792e+01
6.629288799300459800e+01,1.525208840443196934e+01
6.582229018124071729e+01,1.674740941389210747e+01
6.424065217395943250e+01,1.686183171002330994e+01
7.181771790310079950e+01,1.093901133399763737e+01
5.685336371649663079e+01,3.823717318148739253e+01
4.468142143666862864e+01,3.244614982161311190e+01
7.839559867670813276e+01,2.511092425475790435e+01
3.755160532344521584e+01,2.497421057537546218e+01
6.542796435843226277e+01,2.610140332084935011e+01
6.076951306531872632e+01,2.074696059318219099e+01
5.700918042499429816e+01,2.363456207665877429e+01
8.153091789497972286e+01,2.024825595470017348e+01
4.974900669291073285e+01,2.398163209995384193e+01
5.464417944321411369e+01,1.261751558887380575e+01
5.944435956885252637e+01,2.295788245557893248e+01
4.479103475874656226e+01,1.096150666784281924e+01
6.068837047528241868e+01,2.016339603451268658e+01
5.910370025114835357e+01,1.363998494607600698e+01
7.485912584011818183e+01,1.502569376126132283e+01
7.076089860048649882e+01,2.686960807671313844e+01
6.797945703194092459e+01,1.580091448083863526e+01
6.789334728217261272e+01,3.044055464042708081e+01
6.332667888516979104e+01,1.526880991601352022e+01
6.606618030752402149e+01,2.731133237019844628e+01
6.899349980972010599e+01,1.208570145580086752e+01
5.308526694871918750e+01,1.104258696300193066e+01
6.561242949977213357e+01,1.277226444039648001e+01
6.835634864307826319e+01,5.952765423152298396e+00
6.376482393110130431e+01,8.265552401199430577e+00
7.125265230492637158e+01,5.594662676115337518e+00
6.209681234793995230e+01,7.011757353481850252e+00
5.746992176324386037e+01,1.660071292484030892e+01
6.190079492198412936e+01,1.018786985809981793e+01
6.394233329997729953e+01,1.122854001426976289e+01
4.342193170896963039e+01,3.429520239779616020e+01
9.183485440582455794e+01,2.766997566166403288e+01
3.832708096078219739e+01,2.380362537429689951e+01
5.696995553789523115e+01,2.211925004863043398e+01
8.733227506374917937e+01,2.657839728961614156e+01
3.694634499279716522e+01,2.765051070837133551e+01
8.137732786704309262e+01,2.780715386334640016e+01
9.005964751876670960e+01,1.949308466324220035e+01
3.674586327902554928e+01,2.720587786271493513e+01
7.086251621918539456e+01,2.294710025340177850e+01
1.703450846070779505e+02,1.938399703368069282e+01
-1.719186385380771469e+02,1.242001306337831679e+01
-1.779379818786201497e+02,1.205566165568615489e+01
1.726556544477377884e+02,3.246124287673203490e+00
-1.745099160109303682e+02,1.735354762119344230e+01
-1.719353229943273789e+02,1.872479319530978614e+01
-1.700213471162485348e+02,1.226224402460015561e+01
1.741485541480224128e+02,1.997584309643976042e+01
-1.761475759951497082e+02,7.728999455862055612e+00
1.746954368553254824e+02,8.011413374310514257e+00
-1.675600136486278586e+02,1.387666332643820510e+01
1.669133420467497331e+02,1.112341143826615664e+01
1.615816389382534908e+02,1.240040783455220463e+01
-1.649470729735348868e+02,9.884903638330463593e+00
-1.788086515747250189e+02,1.263906518815951685e+01
1.528573752955066425e+02,1.520195007301500745e+01
-1.681053234314362044e+02,1.765391628091482090e+01
-1.779499096333474597e+02,1.093994141119357977e+01
1.731827573442472499e+02,8.523894496975739088e+00
-1.735212872178103112e+02,9.972221698113397537e+00
-7.482459665790939596e+01,1.719589835256024912e+01
-5.807667105306093447e+01,1.090492165835496152e+01
-3.947458575504072087e+01,1.242168471176598388e+01
-8.288656212575088489e+01,1.007718713670088917e+01
-5.800490776954777061e+01,1.206066099193981245e+01
-6.751649702123522445e+01,1.324877199163224439e+01
-7.675684012083530661e+01,1.865699778200828618e+01
-5.624775961783205247e+01,1.258309829874843189e+01
-7.602224193504304139e+01,1.568384854810406637e+01
-5.393890459238395607e+01,1.616964948406789304e+01
-1.712127321724091473e+02,1.156874762362808440e+01
-1.799919923299717368e+02,1.254507158875755657e+01
-1.797228259105392851e+02,7.003238221440613920e+00
-1.774084826265667516e+02,7.069609323698225367e+00
-1.742091667899671847e+02,9.402976124828230198e+00
-1.796005395875392310e+02,5.308620383876474946e+00
-1.746098962312103424e+02,8.466678081500655040e+00
1.770824825138209633e+02,5.262078623412260292e+00
1.794071847422771384e+02,6.689397320249574008e+00
-1.779886829708592018e+02,8.763499174419596471e+00
-1.797995110464899540e+02,1.747241244833237417e+01
-1.673926742723518259e+02,1.304776478890990887e+01
1.640069486094863294e+02,1.197241436278597604e+01
1.714751519693057844e+02,1.402147630596191519e+01
-1.657976123721477961e+02,8.799944211036086372e+00
-1.747894473202401855e+02,2.307553703122426114e+01
1.738717188085380201e+02,1.253908855734544048e+01
1.754015642985425814e+02,8.668139134577195648e+00
-1.772257954865226282e+02,8.641796137409556877e+00
1.637060562163734119e+02,8.246917315144148830e+00
-6.319139284811041080e+01,1.152856315868962156e+01
-5.832526117278051458e+01,5.519889705789941203e+00
-8.471092509406577165e+01,1.727121978834427551e+01
-5.772842659241671015e+01,9.505957955776626278e+00
-7.941832252278499027e+01,1.831716964047437557e+01
-7.274059112709275610e+01,1.808869635381953955e+01
-6.331243455190940495e+01,1.648049423336175678e+01
-7.661011098556639354e+01,1.535112222430548279e+01
-5.580840939956184599e+01,1.631828731163790280e+01
-4.392903515074770127e+01,1.881512051053060475e+01
-7.296281551342175931e+01,1.592515196918235887e+01
-5.370742047758460558e+01,2.735430458625148020e+01
-9.134905428023510865e+01,1.825595088071897365e+01
-8.109371111846412816e+01,1.634313193220904026e+01
-5.327910536133240527e+01,2.107062332884294875e+01
-8.092329499554307404e+01,1.990082005366066653e+01
-6.256998722934160639e+01,2.747058078711481954e+01
-5.183884957745754463e+01,2.038579257930512512e+01
-6.302381042071638007e+01,2.726981793968456813e+01
-4.114626929187308946e+01,1.615226268117006114e+01
1.679516283220495154e+02,1.100169779841921347e+01
-1.698946620646788119e+02,1.591653913688669064e+01
-1.709934721651463860e+02,1.865627256482681773e+01
1.755205388938515227e+02,1.399393567964364493e+01
-1.797848557872725053e+02,1.593740848570858404e+01
-1.790086070509328522e+02,1.082225109985271416e+01
-1.766613706852375856e+02,1.849207966013111815e+01
-1.769191160040562920e+02,2.520388489192156101e+01
-1.708211639054208035e+02,2.476913857270658426e+01
-1.792732606340657924e+02,2.352182991785308630e+01
1.668251908623314534e+02,1.149042454496907695e+01
1.504409399137440744e+02,2.542106647980756406e+01
-1.691463624713511535e+02,2.758607821162248186e+01
1.617448232102119334e+02,1.934730689244250001e+01
1.596282689719456869e+02,2.540140168045074631e+01
1.740396839778191520e+02,2.244789648615929067e+01
1.637250445446103981e+02,2.323157214152579542e+01
1.659401946035254412e+02,2.137325720920192751e+01
1.797936745412612254e+02,1.706587641218667528e+01
1.606175571807957851e+02,2.521560632610884056e+01
-1.779395233174473390e+02,2.505295676656092496e+01
-1.582041938287926541e+02,3.583151430043469787e+01
1.554409189667977671e+02,2.387135408726877017e+01
1.722925205313262325e+02,1.953173927060112192e+01
1.768929518312039306e+02,1.263611268491182216e+01
1.726483487465212932e+02,2.339396940523718271e+01
1.607431454684999608e+02,1.901075298545560344e+01
1.769167554671786888e+02,1.129744562810588704e+01
-1.664316605429598326e+02,1.574331486942033109e+01
1.660228722834362145e+02,2.014566592167488324e+01
1.632728325850620195e+02,5.989796765876118201e+00
-1.731887991441744248e+02,1.599672665933159621e+01
1.755830993494402321e+02,2.012386568901893469e+01
-1.744719818457673455e+02,5.855786986628469748e+00
-1.753989238032171727e+02,1.613111266407459965e+01
-1.740652072473866951e+02,7.206491791207349173e+00
1.654985890192493798e+02,1.910298499669411854e+01
1.675596609037198448e+02,6.164325066668462583e+00
-1.494491778286518695e+02,1.521279368718138869e+01
1.620323438216735497e+02,1.623013346675109858e+01
1.602667354612606232e+02,1.675491325711804791e+01
-1.521292878493930516e+02,4.056092001251193579e+01
-1.770202053602168633e+02,1.939829525774205621e+01
1.697455095110163938e+02,3.052027881053290059e+01
-1.664656107880640548e+02,9.846025084589172138e+00
1.644519350579288641e+02,2.168663610409173970e+01
-1.768452171208535049e+02,1.440823665867157999e+01
-1.485572682388578869e+02,1.776178861642251405e+01
1.687677362882176908e+02,1.731340557285163584e+01
1.769583859855151218e+02,1.291750872307246922e+01
1.735276774139609017e+02,1.062573494323051548e+01
-1.591623584370309743e+02,1.954082524749167504e+01
1.713086914945943704e+02,5.925096870134426652e+00
-1.790680456543712751e+02,1.477173920413852315e+01
1.783484627705505261e+02,8.550017785522740610e+00
-1.782841637319159247e+02,2.296092358170363212e+01
1.737699289112775034e+02,1.338723669579112929e+01
1.769320497672330532e+02,1.878351160199051506e+01
-1.696845040964108193e+02,1.527177600575570970e+01
1.765507303190141215e+02,7.246528243579549056e+00
-1.747272291304759904e+02,2.064678928334113195e+01
-1.704130578047730751e+02,2.622678371725868729e+01
1.780913813305553219e+02,3.623455884873335719e+01
1.744536109410549614e+02,1.592445203682093791e+01
-1.763862105685287247e+02,2.307749259981380874e+01
1.558587424139601296e+02,2.079915411382639689e+01
1.726860291117178008e+02,1.043088250022083230e+01
-1.695619282409186610e+02,1.239415625947539112e+01
1.570874606150383670e+02,9.689813648316867756e+00
-1.723973426976718599e+02,1.698900420729266969e+01
-5.910181170944956364e+01,1.962462001338157691e+01
-5.970103104953367534e+01,2.213844326479410540e+01
-7.103138031932053309e+01,2.009745264139206355e+01
-8.175620908055910263e+01,1.279892368487137055e+01
-4.793032857847193640e+01,1.690994652159150036e+01
-6.609535150611404219e+01,1.324003484837160372e+01
-7.222894669835986292e+01,1.359987887701843157e+01
-5.721839426531683159e+01,2.208520884429698583e+01
-8.104833876072329701e+01,2.856431176045565934e+01
-5.870270754772310795e+01,3.638771779050362909e+01
-1.667265736349329757e+02,2.162205658835975797e+01
1.799909625509055786e+02,5.973130209766560839e+00
-1.724526048660169693e+02,1.771531160071874211e+01
1.597900003809268696e+02,1.635652863251057099e+01
1.777618587415527998e+02,6.375735524702528245e+00
-1.568126488116967892e+02,9.678914201646902526e+00
1.518906064292369251e+02,9.214290912125576938e+00
-1.641381933118791494e+02,1.005946709294677888e+01
1.727044166293344460e+02,1.089880698130617454e+01
-1.666258658552367251e+02,9.625670508056897390e+00
1.781752019780471130e+02,2.815172339499488530e+01
1.649644633337064477e+02,2.336770369243232182e+01
-1.642989738831025477e+02,2.888606730386582555e+01
1.798733982132124254e+02,1.402988210398880931e+01
1.615082992394365817e+02,1.170656832933802960e+01
-1.750868729821404770e+02,1.719753182993213514e+01
1.720461771421632875e+02,1.881453163132366768e+01
-1.720659167813375348e+02,1.708148870778056505e+01
-1.790011853515316886e+02,2.536463074665130790e+01
1.755387588339074796e+02,1.323645569427621282e+01
5.891192064774187998e+01,1.483986152956747873e+01
7.751373943011762435e+01,1.856086617570450414e+01
4.791821802813618092e+01,9.281944404768445622e+00
8.347335515994797106e+01,1.782654904326742695e+01
4.712460483445481429e+01,1.880270342736693578e+01
5.927375403532953868e+01,1.684113616607002228e+01
7.467292506373337346e+01,2.387299406798361190e+01
5.938447254641717876e+01,2.328003689085609551e+01
8.872700670239655096e+01,2.402711794928435296e+01
6.100000583868001058e+01,1.987753285350215648e+01
-6.361417360395979159e+01,8.802496562474324548e+00
-6.728071145125821317e+01,5.619212194524271453e+00
-6.872924907299704955e+01,1.516763921499181400e+01
-8.912343321084026115e+01,1.927850985939411288e+01
-6.948229426906075901e+01,1.248244542107604893e+01
-6.123115486875290259e+01,1.779887239391095477e+01
-7.552763362499936761e+01,1.318627418350348357e+01
-3.991886423811858720e+01,1.675295557445310379e+01
-8.664782108043161202e+01,1.925756911290235251e+01
-4.211513814802424349e+01,1.808095416202386474e+01
-5.019358395045015442e+01,1.609223140755391057e+01
-6.977162404543069840e+01,2.248553012389571748e+01
-7.619193511083462056e+01,2.566757452970013986e+01
-4.089865333986564622e+01,3.004497021622795927e+01
-8.596575692613724584e+01,1.108710539736397038e+01
-5.185859813510322169e+01,2.029045168544432443e+01
-7.232207037180729969e+01,1.656219559671904307e+01
-7.861833301787038408e+01,1.957716159268910161e+01
-5.368686218215790262e+01,1.511978137417580115e+01
-8.682243971692194862e+01,1.591610323400940530e+01
-5.260684236959051674e+01,9.822865670581835573e+00
-5.327252539882154991e+01,1.151357909288194037e+01
-7.428629295210126315e+01,1.104293176672020493e+01
-4.787910057194203972e+01,1.097021625267919021e+01
-6.853523601007395882e+01,7.223943202656228024e+00
-5.952711884759351335e+01,7.310059325731105062e+00
-5.550432484736150229e+01,9.561901735587357010e+00
-9.015473296844353968e+01,1.677695691175732051e+01
-5.173673325295491310e+01,9.925833956306234995e+00
-5.620314743792206968e+01,7.663330228320104354e+00
6.393757833284632852e+01,2.313729997146032247e+01
6.968491040376244428e+01,1.714442386435570143e+01
7.096920759169066173e+01,1.714417388031505496e+01
6.160749268287504066e+01,1.667550991594675480e+01
7.505356571884658479e+01,1.155312810022845049e+01
5.343108959911386791e+01,1.977195195063427136e+01
6.738258215667958950e+01,2.124161607299249965e+01
7.480515294784605373e+01,1.993983304273914214e+01
7.692540309274161814e+01,1.641042310650907154e+01
4.635643641172740814e+01,1.622006258956864144e+01
8.031136192798945217e+01,1.529475001217912578e+01
5.656601217223630584e+01,1.601525353399254215e+01
7.322970287506191767e+01,1.611761543734408164e+01
8.628832707806279245e+01,2.099550477239616342e+01
3.443542214314638983e+01,2.159016481949775468e+01
8.195161057230471613e+01,1.963804598031124016e+01
5.927926294064754131e+01,1.525659055425262345e+01
5.164554685082858043e+01,1.214201406871807798e+01
9.567099567713700026e+01,1.812757338431129739e+01
6.221679788098079911e+01,1.492059539893284459e+01
-7.464669355869720846e+01,9.094468784714447196e+00
-6.952587953718065705e+01,1.356726509072927023e+01
-8.017893497165314898e+01,1.443643005817105873e+01
-6.926357585835592090e+01,9.496326702510714313e+00
-5.513937877801320298e+01,6.284198120217183714e+00
-6.473321641013495764e+01,1.219964088803473423e+01
-4.758186832569668212e+01,1.624711166963364306e+01
-5.976821757814315816e+01,1.248545496853758330e+01
-5.859764721830207890e+01,8.487819419682006483e+00
-6.378887867384185029e+01,7.595099373418943145e+00
-4.329344374815200069e+01,1.026644630226605592e+01
-7.861513888093760727e+01,1.832778412266213408e+01
-5.485513964217885530e+01,1.602042386538092700e+01
-6.287620303235568997e+01,2.087137984511774746e+01
-7.783908215042936263e+01,1.672765201491439058e+01
-5.845848374676729975e+01,1.754006622907500201e+01
-7.743057222391821881e+01,9.773130287002427252e+00
-5.842287584899610664e+01,6.907746439195077137e+00
-4.153322750719136991e+01,2.473216849175944532e+01
-6.237139800598149719e+01,1.481343235230721334e+01
-6.258796407637309756e+01,1.118575307055986556e+01
-7.532557251535104115e+01,1.330788639830622166e+01
-6.860102195686108928e+01,1.223184762864982389e+01
-5.382761012563323533e+01,1.560806846219016819e+01
-7.488343379772506125e+01,1.100357114291857386e+01
-5.878215083693162768e+01,1.584604953975454578e+01
-7.778091193882576704e+01,2.233263733296015019e+01
-5.249294031659683668e+01,2.173992284485371584e+01
-7.490221643660473205e+01,2.460801680144376036e+01
-6.674533455401822835e+01,1.315012479108862387e+01
1.696485124506681075e+02,2.261686583549796481e+01
1.781305638051073004e+02,2.682598617028991939e+01
1.715084334933549144e+02,2.090191088550956877e+01
-1.726191462130263972e+02,4.145905706991504758e+01
1.540572820429821093e+02,3.443151055341226652e+01
1.697820510521295319e+02,2.746002481528275041e+01
-1.723806078721467543e+02,3.812274074392706069e+01
1.469042159091135602e+02,2.278663095000673167e+01
1.642605782904205398e+02,3.705438197912474152e+01
-1.691823166278258554e+02,1.679678749093642764e+01
-4.570251010225577204e+01,2.363217669362704498e+01
-6.402750241990004554e+01,1.987767000044899390e+01
-8.603682351120338012e+01,3.433057751440968985e+01
-7.745988668750648287e+01,1.622298181591053989e+01
-6.973912919283607437e+01,3.476793487796430071e+01
-7.701327935096931299e+01,3.292242128545649393e+01
-1.320081129327562905e+02,2.180057872444761102e+01
1.580254008845783460e+02,2.037535896118282253e+01
1.430878123660175731e+02,2.153344958658044206e+01
-1.783101427820114964e+02,2.297757363169458245e+01
-1.602132651505699528e+02,1.742559176368533613e+01
1.517212253237066761e+02,1.458057009021077377e+01
1.783681336890618354e+02,7.381973589383987289e+00
1.799777271357006043e+02,4.006593733466342400e+00
1.459934109429325702e+02,1.969244494373812415e+01
-1.636047503296442756e+02,7.420481102024526265e+00
1.654969420355656382e+02,1.505806324058452716e+01
-1.576237343003350304e+02,2.300559803696290118e+01
1.687117970496360329e+02,2.390120931872912990e+01
-1.586474749794386412e+02,1.610626642161381028e+01
8.523899224733921187e+01,2.216475891771906603e+01
5.922834141176387845e+01,2.295744464116884487e+01
1.775998746930084948e+01,3.684563792170413876e+01
7.084457210135315108e+01,4.192240225233447859e+01
2.364675291480344654e+01,3.011444996512297223e+01
3.277561389973966044e+01,2.684914777711013301e+01
9.011609277821023056e+01,1.842031755051098685e+01
-1.645807784503425069e+02,1.881377392004183946e+01
-1.324813623068409925e+02,3.160127205203537670e+01
1.464972761102469292e+02,3.672187072207143643e+01
1.708778066114469141e+02,2.940673346731169957e+01
-1.429690979755163482e+02,1.849672762650580538e+01
1.636446026142581616e+02,2.428795677999345770e+01
1.784858909782422813e+02,1.867608846076401363e+01
-1.695027346353971041e+02,1.595827055624949864e+01
1.729646942489852677e+02,2.652704431861561929e+01
1.663684586541569956e+02,1.097964627246242486e+01
-1.520044563766821852e+02,2.309038333781805363e+01
-1.635483312404030301e+02,3.567025102016027915e+01
1.406522223548820705e+02,3.509232836920955378e+01
1.628733301609213981e+02,1.242466736841181252e+01
-1.752730531097770665e+02,1.964210895039980542e+01
-1.771285830521438243e+02,1.372433987530113697e+01
1.534616351754931998e+02,2.654286624752705492e+01
1.779359216513100534e+02,1.098010510735225509e+01
-1.645327369908827677e+02,1.406778758668391482e+01
1.590636442216257933e+02,1.582271105597641636e+01
-1.739530997109966108e+02,9.922919200934941841e+00
-1.631194448135940149e+02,9.500034734214835908e+00
1.360698635413207285e+02,2.231254045313538015e+01
1.693054191928050329e+02,3.582534798403126786e+01
1.659307295084666691e+02,1.227436733813788905e+01
-1.630743704950020572e+02,2.311005999072182249e+01
1.670390021425066891e+02,1.925746069612227274e+01
1.717055672339885177e+02,2.553959501116822395e+01
-1.671408776410338533e+02,1.440022519366637610e+01
1.632402584742812337e+02,1.798867786765957533e+01
1.679770827400265034e+02,7.214054956311160893e+00
-1.433666759782317683e+02,2.559026983074048545e+01
-1.697362107257830246e+02,1.345478195726064286e+01
1.553807507752220829e+02,1.857726818424931992e+01
-1.707396958877621387e+02,1.206138401880239996e+01
-1.619873821243160137e+02,1.219321600191543276e+01
1.625512834351615368e+02,1.543796526647121325e+01
-1.783826292202320758e+02,9.759808634492140200e+00
-1.722916572004273235e+02,1.157215195534710261e+01
1.614031184486314885e+02,1.151160695150416302e+01
1.722460543851736361e+02,1.865260540735203065e+01
-1.737006459989879374e+02,1.498597189608227609e+01
1.735684960030536104e+02,1.272769205384418001e+01
1.789438130869687029e+02,1.486432096845694950e+01
-1.783089666609274673e+02,1.062015238557841634e+01
1.728149581065789562e+02,1.277100308942631735e+01
-1.762225198869574569e+02,4.107998635772963425e+00
1.755409140924752194e+02,9.092979081982507594e+00
1.708839607286161595e+02,9.762609844951445126e+00
-1.676044982907837095e+02,1.740387029173278677e+01
1.612227528752042076e+02,1.255899384996693513e+01
-1.776161131920469245e+02,1.568598621658300374e+01
-1.744231911282153931e+02,2.303127233571961341e+01
1.533651028437034824e+02,1.898304676436163518e+01
-1.786043314656224936e+02,1.930003362524517740e+01
-1.738804258373945402e+02,1.187162791804554729e+01
-1.778454055776694531e+02,9.083794898436686083e+00
1.748868638209829101e+02,2.095948167231373915e+01
-1.798165636227001869e+02,2.663895864829472870e+01
-1.326132907265252925e+02,3.457852672496021285e+01
1.547487902826210586e+02,1.512176725027961943e+01
1.294026794741753577e+02,3.169049405695891863e+01
-1.792867036788296673e+02,1.507426001847190733e+01
1.705995145128632089e+02,1.843066422013363592e+01
1.672506507007447851e+02,2.727859092363588189e+01
-1.624096071195967852e+02,2.935133246195211854e+01
-1.773990894494762642e+02,2.041232770519799899e+01
1.690881477794520151e+02,2.071482036758528622e+01
-1.703767255214592922e+02,1.009449105216061504e+01
-1.612243350237270363e+02,2.912728306581873028e+01
1.583351937789136628e+02,2.432182596558927301e+01
-1.744939894757457637e+02,1.401416023385049314e+01
-1.470224873936359415e+02,2.591065898639167386e+01
1.786839458109346310e+02,1.460508241758584980e+01
-1.725526442944957637e+02,1.445721863351356617e+01
1.724158917516311078e+02,7.065258008713183102e+00
-1.723873627750053004e+02,1.021418774835410836e+01
-1.684023467670229479e+02,9.386490700051385971e+00
1.727567638560302896e+02,9.096333214580097248e+00
-1.751177214167423415e+02,1.173153787957479999e+01
-1.522335904028644507e+02,1.540772280606068989e+01
1.411273437957213730e+02,1.477760978240580592e+01
-1.700163367032016311e+02,1.605063186797059416e+01
-1.696596703167955695e+02,1.295706147267678787e+01
-1.750276750092460247e+02,1.030957082170541028e+01
1.675720860660331084e+02,1.172902443411540574e+01
-1.744326433515071528e+02,9.033041190658403607e+00
-1.717741216385290954e+02,7.949072446059219033e+00
1.631004795003247523e+02,1.792826344174529041e+01
1.797479913231958335e+02,1.247348618110067520e+01
-1.784907692340800907e+02,1.574830045666113776e+01
1.797878247313964266e+02,1.785061966111726051e+01
-1.799652287332904734e+02,1.467034991528302257e+01
1.782922253661907632e+02,9.508222962582605575e+00
1.757966786139351711e+02,7.096493540221236351e+00
-1.749786526221175791e+02,9.074763711206180972e+00
-1.768945969649719530e+02,1.128690175564572407e+01
-1.792528162020207674e+02,5.297865187764953632e+00
1.788734449302122016e+02,6.363209399941100131e+00
-1.770540460078657929e+02,7.101880088614386466e+00
-1.798985628843854272e+02,8.271026285678994228e+00
1.789852816022264790e+02,9.301843042581932508e+00
1.781868131913802813e+02,1.049139562671831172e+01
1.742176243682524159e+02,4.540674762847130452e+00
-1.643069924330210370e+02,1.545238286278286921e+01
1.688499325944360976e+02,2.812807903189237013e+00
-1.684083317721160711e+02,1.787347124929262421e+01
-1.712894082883889268e+02,6.617971869569326593e+00
1.768808070780991955e+02,1.008165119864853310e+01
1.782581277297268514e+02,6.129317841717384141e+00
1.786888819885974442e+02,7.518476369181454899e+00
-1.647329664024327656e+02,1.041352368923377192e+01
1.570786674105325460e+02,1.258130484673113081e+01
-6.775885004917140009e+01,9.702247949952628403e+00
-1.029814788649355393e+02,2.419113250056600606e+01
-5.746015266615681583e+01,1.687713458585274040e+01
-6.024616521304638184e+01,1.600167119046262343e+01
-6.929605734736585987e+01,8.259469968172691523e+00
-3.239311932193508170e+01,2.023969890873534894e+01
-7.152544871882687971e+01,1.771659054743634698e+01
-7.063528366251631496e+01,1.915101731287780851e+01
-2.663300765019473104e+01,2.423040975367911898e+01
-8.199670572286498782e+01,2.297206720601606378e+01
-1.796069136061910569e+02,1.540593263424218939e+01
-1.740663906225811957e+02,2.117350002170358536e+01
1.612751080687876026e+02,1.579722254957877325e+01
-1.759654075273121805e+02,2.185065327174734051e+01
-1.755144316542559011e+02,6.477063806750575914e+00
1.701217587831593221e+02,1.294181682388415311e+01
-1.691281596881063649e+02,7.997040388931257127e+00
-1.767177930226232263e+02,1.888534912385968312e+01
-1.763914156216534650e+02,2.187223651700403337e+01
1.723987858308436216e+02,1.074526469448931643e+01
4.278383469512850468e+01,2.668928173393229031e+01
6.475677096834319002e+01,1.394232035856849095e+01
6.301765759879067019e+01,1.817256215854323287e+01
5.428393288794027427e+01,1.341203994973651170e+01
9.179195642458505233e+01,2.974541612036540528e+01
4.670950962929414629e+01,3.353430381686863626e+01
6.174752254971054555e+01,3.619456063816564750e+01
7.709033531732382016e+01,4.858534519108920335e+01
5.214464020267639910e+01,1.974482237770046567e+01
6.102322392374932747e+01,3.808928168571561201e+01
-1.682912052841667787e+02,7.578445313750966861e+00
-1.768063101440253888e+02,9.156159168423444683e+00
1.538257217210138776e+02,1.765494531154453028e+01
-1.607365967046249295e+02,2.839370604175405077e+01
1.636087517086587582e+02,1.348245922116484152e+01
1.592291365725738785e+02,1.450315466184453150e+01
-1.548832450930448772e+02,1.880745356397734014e+01
1.735608161392070201e+02,2.115378972153264314e+01
1.619047290538529182e+02,2.069991466808043157e+01
-1.608293201337316134e+02,1.986567752160553368e+01
-5.308360511972535534e+01,1.443871992305230378e+01
-7.990846242870192384e+01,1.920442437665364110e+01
-5.219822673837163052e+01,1.905252562332644573e+01
-8.417963288977729519e+01,2.117595008895868247e+01
-6.273211647596116336e+01,1.586120209519168611e+01
-6.227010760826240698e+01,1.716950277341044639e+01
-5.992190924715293221e+01,2.250110266182088736e+01
-4.371326768784023642e+01,2.327462108179317823e+01
-7.346598301131996323e+01,2.046799652418509652e+01
-4.758036601166779178e+01,1.961802957567898176e+01
1.739380145517101539e+02,2.548066653070257104e+01
-1.603192888312940170e+02,2.223978162345616383e+01
1.565614639105362187e+02,2.135985923290966326e+01
1.766866267631498886e+02,1.386162573763770745e+01
-1.296885683915358243e+02,2.601375491849273303e+01
-1.775206112099077700e+02,1.390348011351890101e+01
1.625194584980233969e+02,2.292273495189161281e+01
-1.534671744396751762e+02,2.374294407264660123e+01
1.788390677276021563e+02,1.201327470124892116e+01
1.408443978162088399e+02,1.580209435816167129e+01
5.527578778886042699e+01,7.458504696813442081e+00
9.192484072264308281e+01,1.572396038502323279e+01
5.673179924819563524e+01,9.849606211726669613e+00
6.817449176923412324e+01,1.512708456040528304e+01
7.482311747618494735e+01,1.470706131359165170e+01
4.315525880969095596e+01,1.898266635756078102e+01
7.663495052012005715e+01,1.544879318237052956e+01
6.409680313993939649e+01,1.645964892232563770e+01
4.713829830381935437e+01,1.331808869452832234e+01
7.765972148548986809e+01,1.317046953329361791e+01
-8.171221573298184637e+01,4.513314789686194217e+01
-3.059392644898514035e+01,2.253872074923759072e+01
-5.777739662178775859e+01,1.438568808345205241e+01
-9.421837538481760532e+01,2.787165473099317126e+01
-5.365830509158407580e+01,2.766017917182615804e+01
-6.956431554034446663e+01,3.053754349861662121e+01
-8.139923506860098712e+01,2.058480596508319493e+01
-7.293161291998357854e+01,2.967280803401944667e+01
-6.913361313578441525e+01,3.064769359178602315e+01
-5.952170183672304660e+01,3.070873924939561661e+01
-1.795004675827757694e+02,1.412401429646451945e+01
1.793267215849324430e+02,9.915073054427374188e+00
1.799476851934621209e+02,1.763149260694711273e+01
1.720495320289538768e+02,2.254582734109680331e+01
1.768918233162329443e+02,2.648742223749627200e+01
-1.545599480905923144e+02,2.371131796386108803e+01
1.515041360692523256e+02,1.497972065226603178e+01
-1.769043530823179822e+02,8.604957865693839025e+00
1.565652453908846269e+02,1.258033945758853633e+01
-1.617891198230334453e+02,1.780972611115267057e+01
6.808762548047920404e+01,3.268929687520779481e+01
7.017535414893960422e+01,2.286943756803783145e+01
9.901867369967266086e+01,3.450748615441143130e+01
7.442532349119470325e+01,1.438217076252383642e+01
5.434854603708812704e+01,2.920004107053162912e+01
6.678175611100684250e+01,2.165075983505997570e+01
7.390726469192557602e+01,3.967395448556541027e+01
7.444970879407176767e+01,2.177829495675975124e+01
4.395615159949559114e+01,2.354361368115413100e+01
9.195226187326366585e+01,2.494574968779367197e+01
-7.516358791643101256e+01,2.495372072287060661e+01
-5.424956142259618019e+01,1.975840630064030634e+01
-8.612265269226412556e+01,2.461666035410817699e+01
-4.889629525089772244e+01,1.386730182048700932e+01
-7.813046092199135728e+01,2.841267659555811775e+01
-7.123405323896693631e+01,1.902479368322028819e+01
-4.061274657008414835e+01,2.752201224377139610e+01
-7.894062117190550509e+01,1.484015217536566666e+01
-4.777612682805712296e+01,1.135145405951394260e+01
-6.640374228107310728e+01,9.151456661674192361e+00
-1.781673140009640974e+02,1.086023175970952792e+01
1.772935309420174406e+02,1.190557705885284179e+01
-1.677302176430835914e+02,1.478214673606389340e+01
1.797259694544378306e+02,1.047886381082440366e+01
-1.749795557668991250e+02,8.548648182651035654e+00
-1.777398846384487001e+02,9.179229454870485583e+00
-1.776196747653337127e+02,1.024331179471843001e+01
1.726612986978853712e+02,1.489598670482939369e+01
-1.583297377982786145e+02,1.550710181388023656e+01
1.743132762170076546e+02,1.151248710456693658e+01
1.693331667149561213e+02,1.561475447867471189e+01
-1.561635290370331575e+02,1.572713765546487252e+01
-1.794081443835102334e+02,1.488061334155922921e+01
1.549042216490909993e+02,1.755115581612141185e+01
-1.692288419549720118e+02,1.385195436720108120e+01
-1.534209928969225984e+02,1.545518741121806983e+01
1.448246308496856329e+02,1.629765762679403096e+01
1.783204602780204198e+02,7.392863341619882789e+00
-1.599521641494075936e+02,9.784093757771273658e+00
1.544115643401177635e+02,1.370069192906603206e+01
1.795253375819497705e+02,1.212083311213828551e+01
1.753248108913691112e+02,2.404046034575310742e+01
-1.775494110593197945e+02,2.715957527058175813e+01
1.607192679288577608e+02,2.733485908288319521e+01
-1.475477914253146707e+02,1.963309762561279115e+01
1.449045247054493757e+02,1.335269698420967188e+01
1.474124001369929431e+02,1.316690785224760774e+01
-1.402984076340261481e+02,1.721848399708355970e+01
1.627033145013314765e+02,9.241427998039542402e+00
1.748516727645579465e+02,8.424443731514905664e+00
1.716452235566536615e+02,1.339311935339324044e+01
-1.732622552105078455e+02,1.697346339407890525e+01
1.688619178826731968e+02,1.780671514161548785e+01
-1.657191104425477306e+02,1.263725391226772388e+01
1.552437184351568078e+02,1.348954730615582420e+01
-1.555725168330071995e+02,2.709421463087421955e+01
1.694379442538260321e+02,1.366982043638816080e+01
-1.799020511178595427e+02,1.740562832909035151e+01
-1.753280996979273141e+02,1.295543527112025828e+01
1.509862313352413423e+02,1.661561588479727547e+01
-1.793496238009094554e+02,1.237424356354901178e+01
-1.502525587656636503e+02,1.527917866780644829e+01
1.647276618978744125e+02,1.568921426633022165e+01
-1.789651848877707039e+02,9.791271125638889572e+00
-1.523200929866564195e+02,1.717765198494793211e+01
1.678624956796900847e+02,1.976491174921928717e+01
1.732701247543212162e+02,7.094192736350497519e+00
-1.744582487428039599e+02,1.489448212644784775e+01
-1.678020211476204224e+02,1.869627169248508380e+01
1.776451268557295009e+02,1.162392205685458890e+01
1.531336633670193237e+02,1.624770558633596806e+01
-1.422220774144341533e+02,2.209571764607413513e+01
-1.729267386839812275e+02,2.206637725656521454e+01
1.716649978999219286e+02,2.361570576594957416e+01
-1.434172988574992473e+02,2.605956081552706394e+01
-1.699511426728567756e+02,4.168618147670364493e+01
1.599303914224337859e+02,2.924432266330307328e+01
-1.543091747219078229e+02,2.980223764722805768e+01
-1.501215300596824989e+02,2.147424296422553169e+01
1.453742452873140678e+02,4.127741515771408842e+01
9.569568758799633201e+01,3.507557970493463984e+01
3.550445396525036301e+01,3.989930517744912208e+01
8.446220158891358665e+01,4.351447084551296030e+01
4.869068948533656993e+01,2.710949681561188385e+01
8.680670611494011268e+01,3.925961758195179385e+01
8.272541831095536224e+01,1.670899464395991885e+01
5.286001515329321165e+01,2.755627707376118707e+01
7.726318900192445938e+01,1.686285497648378850e+01
5.912416365255356254e+01,2.071341774435733285e+01
9.687435539087421432e+01,3.102149979292076765e+01
-1.791548106848582904e+02,1.285956213250792857e+01
-1.763365863229482500e+02,1.877467304809630377e+01
-1.730968883273357335e+02,2.219257153513979119e+01
1.679217468530206077e+02,2.408563372228710975e+01
1.787949781690186910e+02,1.676798467251243707e+01
-1.758147569550304752e+02,1.317065886045569201e+01
1.599001829712396727e+02,2.100524564067777078e+01
-1.695546677944400642e+02,1.124427260994467304e+01
-1.720866591230962399e+02,1.526664740727554559e+01
1.485711391953783505e+02,1.602249051490666787e+01
7.060981639273651922e+01,3.314991141186294499e+01
6.506099625019540156e+01,2.364223587928085735e+01
8.286475222456328993e+01,3.329650640406747897e+01
4.324146306513695492e+01,2.177710684184370393e+01
7.552416587427376271e+01,2.387859075443311241e+01
4.304170705224222360e+01,1.474368079535184961e+01
6.372897204959539152e+01,1.429985045131092747e+01
6.866538802535355046e+01,5.813681459938697671e+00
5.480216565905868009e+01,1.963429026791197884e+01
8.492360913248901966e+01,1.655688466411606186e+01
-1.556044811744600622e+02,2.073344842539380650e+01
1.705316694511581943e+02,1.738546856341852020e+01
1.676622307446574212e+02,2.321310272111630724e+01
-1.476751224419335813e+02,2.460495472616115364e+01
1.712634985885067920e+02,2.455173403781780550e+01
1.526575048554755085e+02,2.144901373977852188e+01
-1.445210451383667873e+02,1.942237604349940483e+01
-1.732661272387890108e+02,1.845469365353962843e+01
1.625987040450909831e+02,2.045939550516104788e+01
-1.703791021636502592e+02,1.944616664359206837e+01
-7.160099878434661491e+01,2.570228675812446539e+01
-5.245720187781098787e+01,1.799459278273277718e+01
-8.516899745050830006e+01,2.556637208555218521e+01
-4.583390097033486654e+01,2.844991331613054797e+01
-6.898012923853839595e+01,3.525743824450464814e+01
-3.705790110484282707e+01,3.234666275188039464e+01
-5.703274250901728237e+01,2.925743369194764654e+01
-6.941247310629960054e+01,9.987597218054650838e+00
-4.124984855957661267e+01,1.522615900841675440e+01
-7.388221809104885551e+01,1.513654171711333163e+01
-1.549598300122447085e+02,1.388350940924636667e+01
-1.728059247197073773e+02,1.132319746300175467e+01
1.754338815138726204e+02,1.722583369319492519e+01
-1.691685429746249554e+02,5.317505807033199972e+00
1.726090438635594353e+02,8.706440266989934784e+00
-1.794977084169409238e+02,6.549302616304867541e+00
-1.710342625806462991e+02,1.022593412496193466e+01
1.635735194203980996e+02,1.003735052934204575e+01
-1.786927214396939121e+02,7.583905977258968534e+00
-1.730593697240362587e+02,1.589397083107332165e+01
1.732107067822412887e+02,1.604770971238333743e+01
1.343834563126744683e+02,1.980946650882747306e+01
-1.707417710104696482e+02,1.085438560006067377e+01
-1.320407701457929477e+02,2.966664118490555779e+01
1.769382561389835189e+02,3.376408290554975622e+01
1.678203898645342349e+02,3.122162660991540406e+01
-1.496962716488652916e+02,3.142500278579633743e+01
-1.625035089548143787e+02,1.325854298334045467e+01
1.629880483750053770e+02,3.015489126786133056e+01
-1.655745897493528673e+02,1.107556694710973133e+01
1.619516851950741341e+02,1.719154123082149965e+01
-1.659557516990074646e+02,1.142070308540681012e+01
-1.719388137236237526e+02,1.149041323648165935e+01
1.685899402412292147e+02,1.474747117133906293e+01
-1.697632669662330329e+02,1.875259091315936288e+01
1.716161495726464921e+02,6.667461647354242515e+00
-1.672057701016594535e+02,7.896332063878141128e+00
-1.766222412344367001e+02,1.422438222612543512e+01
-1.723673228925391072e+02,1.234872451309802521e+01
1.636720092237847837e+02,7.979429782885995692e+00
-1.545024958941122293e+02,1.630879667297715585e+01
1.600197313553916274e+02,2.960033075271833525e+01
1.797503966826819521e+02,1.626422881734662340e+01
-1.489475460578834713e+02,2.777744335493290961e+01
-1.755464549230057116e+02,1.283793636443521891e+01
1.456342988483704630e+02,1.711205524100735431e+01
-1.739377440367102565e+02,1.144105066910999113e+01
-1.463758744000274419e+02,2.520564481020375069e+01
1.681388328238132885e+02,2.403255772888638830e+01
1.721073739139384315e+02,2.910388997608933437e+01
7.023542366309268914e+01,1.065579963819556397e+01
6.948288378074600757e+01,1.676162903727479403e+01
5.595872019274215603e+01,1.594696201567963101e+01
7.033864517970791042e+01,1.323661781194292608e+01
5.384704647592909055e+01,1.505559973966855836e+01
6.400091018031346835e+01,1.881882135885487273e+01
4.992439448489781029e+01,2.095590881969614117e+01
5.116174810189797739e+01,1.433468323778540920e+01
4.967491219304956473e+01,1.701202763598675816e+01
6.344880298612449820e+01,1.416560290311946524e+01
-1.765161592851113426e+02,1.299400381800576199e+01
1.671926826385977165e+02,9.209344409364373263e+00
-1.738737337322302778e+02,7.635228919557819793e+00
-1.592795804065072787e+02,1.329746703159565158e+01
1.677045919677909183e+02,6.729623654851693004e+00
1.644372630972523837e+02,1.122266351398359951e+01
-1.543568271483700300e+02,9.835978630673878342e+00
-1.637916843598178218e+02,9.497056466395349617e+00
1.663446557875256246e+02,1.003085958574802028e+01
-1.756522159978428022e+02,7.767612141189975006e+00
1.744798236642507447e+02,1.082159053411056249e+01
1.782749136602621149e+02,1.882349356626567172e+01
1.793018968485305606e+02,1.122350751316380979e+01
1.763916565107710426e+02,1.042061837258367518e+01
1.782732887236251429e+02,1.940106090244867332e+01
1.704690739963378121e+02,9.925406727597435363e+00
-1.767394414681450883e+02,1.850958371070233710e+01
1.782948116284326261e+02,1.532333114443708766e+01
1.637375342549642312e+02,1.318285450249887880e+01
-1.693882560169821829e+02,1.224898589385348124e+01
6.981601340596390060e+01,1.410290266074103016e+01
5.514057580522671742e+01,1.748500006931969253e+01
9.748230651464122332e+01,2.887081062815413190e+01
4.877839700184060945e+01,3.537482953247740625e+01
9.464147129041425899e+01,2.465809909373302133e+01
4.845647859438815885e+01,2.846721406870753412e+01
8.555012979225439551e+01,3.140689045531800616e+01
6.268857243383860833e+01,2.075933124883643188e+01
7.534242391350539947e+01,2.532018611605079172e+01
4.832809882556070136e+01,2.361808541338372436e+01
1.750022931933103223e+02,1.790566299632981284e+01
-1.799801934542857680e+02,1.090699750390150058e+01
-1.765801462731770641e+02,5.375736327762170141e+00
-1.709816583142434752e+02,1.314608226333230334e+01
-1.781651499317514151e+02,1.087723364828668515e+01
1.751772220836642475e+02,9.747032545976040296e+00
-1.541707105023359645e+02,8.987671050851265164e+00
1.444552870721686588e+02,1.080857856083127899e+01
-1.620564327057695948e+02,8.060640327944328831e+00
-1.627805791479737536e+02,8.530646132990511887e+00
1.672715295382217562e+02,1.444595655745510676e+01
1.719356378952847137e+02,2.732382304946732177e+01
1.770061765594311964e+02,1.483989797927100796e+01
-1.693833549924393651e+02,5.593764387178888242e+00
-1.710305997577649464e+02,1.002527929492088354e+01
1.488006172338798763e+02,1.711331803909248706e+01
-1.340803055843778111e+02,2.538443346487600749e+01
-7.778125831155190895e+01,1.840502672935568285e+01
-4.723297508136101186e+01,1.572919166509223743e+01
-1.043390770301839723e+02,1.763487336293990637e+01
5.276578096780389870e+01,1.331771494072842188e+01
5.785480553991977359e+01,9.847673158956519401e+00
4.954568330926509390e+01,1.034111253795731322e+01
5.739026514024156711e+01,1.106762527539357066e+01
4.560442220237133881e+01,9.908372361675240825e+00
6.763548192523542468e+01,1.152913342570564836e+01
5.690113899656268615e+01,2.099130698520094995e+01
5.640252471604063800e+01,1.605224966541249287e+01
8.508174730377751871e+01,1.990991598820462016e+01
3.942510783460438262e+01,1.976137858144050696e+01
-7.823819865053839351e+01,1.752081155955893266e+01
-6.080547907734199953e+01,9.165310515997369123e+00
-6.572617585220687886e+01,1.345447400415579864e+01
-6.933731391498965024e+01,1.278172676459552903e+01
-7.017664645622244279e+01,2.337742576804077999e+01
-6.651813299027867288e+01,9.903530426782612750e+00
-7.069049235857941937e+01,2.341998336199067410e+01
-6.916963434738899252e+01,5.705603340541799184e+00
-6.756782043036967877e+01,1.916718829756500142e+01
-7.406288006056402651e+01,1.586661628552436198e+01
5.972522532634688019e+01,1.148560300098989728e+01
8.214337954742535430e+01,1.927984601696837075e+01
6.911584528365261804e+01,1.986746101793302799e+01
5.299730790428672123e+01,2.130144850656284206e+01
9.692938315589066178e+01,1.864557545435216923e+01
5.740531766748991771e+01,9.367706319551329486e+00
7.103564768588216793e+01,7.473843708725432577e+00
8.882415792664014020e+01,1.786733426144781589e+01
3.473613453767023884e+01,2.128282383687012924e+01
7.580071995872631874e+01,1.125817292796015323e+01
-1.749081956964250253e+02,1.154443010936988756e+01
1.541839227602237372e+02,1.929272164549604440e+01
-1.735560809652641581e+02,1.523843587152903467e+01
1.768150713330633153e+02,8.988648482290685138e+00
1.675621801784281217e+02,1.911409566303819929e+01
-1.742874990299160061e+02,1.076733720588928911e+01
-1.797429339964272685e+02,6.841415712631627954e+00
-1.689756907466481266e+02,1.380051342022424166e+01
1.645749809155607579e+02,2.178750009091878326e+01
-1.741010540241613285e+02,1.383253597900935894e+01
-5.398857711243879010e+01,1.617617771847090680e+01
-6.816649671752891493e+01,1.784300265171308553e+01
-6.653191929474921551e+01,1.369007139028289544e+01
-6.134751366930024119e+01,1.266071070367132023e+01
-6.635898807363534502e+01,1.438075270874620237e+01
-7.029668838590762903e+01,1.511976453411270782e+01
-6.376942646497506928e+01,1.885457611444633486e+01
-5.301154529803729787e+01,2.212176553876033580e+01
-6.862098845677090253e+01,1.419487910696581068e+01
-7.177163718241295953e+01,2.159559576010610726e+01
5.096750676915884526e+01,2.481003823302398459e+01
5.650258199638629009e+01,2.695525939326904918e+01
5.331514469873518181e+01,2.480520879260784994e+01
6.856855910462753911e+01,1.715779336194943028e+01
5.599900559837590208e+01,1.769145955240979262e+01
6.222365908619259756e+01,1.460626763056281163e+01
6.623398767280278321e+01,1.241497417933515557e+01
5.152529021814697785e+01,1.922251481087050351e+01
7.766042196066534586e+01,1.415066844472025132e+01
5.276249401216631441e+01,1.696934534295336050e+01
-5.296191702415099911e+01,7.815934410428603485e+00
-4.631812021425424319e+01,1.474432422887721472e+01
-7.233166716923850004e+01,1.818860564280797476e+01
-6.536539086601479198e+01,1.384814801893792335e+01
-4.919954883573930005e+01,1.203440260062379252e+01
-8.524247130860264576e+01,1.164895012070236646e+01
-4.828661445617075998e+01,1.141103079490810224e+01
-7.563064868481824021e+01,1.984621714912844936e+01
-6.032515328689114398e+01,1.590718475926315989e+01
-5.946298629484819998e+01,1.405825403169578003e+01
-1.707267624770207988e+02,1.335784324843196202e+01
-1.795230384295467729e+02,2.025638979196074985e+01
-1.700114999472802424e+02,1.969421932377620621e+01
1.629640057631967807e+02,1.569350932073676574e+01
-1.751053380953570695e+02,1.357478437888431699e+01
1.766918649389460825e+02,9.609565610037183347e+00
1.577887617323847280e+02,2.459483139080415981e+01
-1.711495569633468676e+02,1.588445059946601390e+01
1.718308991862711537e+02,1.066130551210483368e+01
1.669048818338211504e+02,1.220385143732683453e+01
-1.735361772513462029e+02,1.817196683537984114e+01
1.698964365892470312e+02,2.243701847075835332e+01
1.755829075551125129e+02,2.613660362765803669e+01
1.772458734776654410e+02,1.706272279021677463e+01
1.720595884691817332e+02,1.376748026605254616e+01
-1.724720535329137192e+02,9.477714181262895110e+00
1.792279448938313351e+02,2.163351441536897468e+01
-1.715270874094221085e+02,2.312189233733725757e+01
1.789008249708268465e+02,2.260735360035751285e+01
-1.705675543683639148e+02,1.285376212767251403e+01
-8.672638016463612587e+01,2.133247270954694130e+01
-5.147572008914130492e+01,1.410976287202244706e+01
-6.813338014116455099e+01,3.009284337389022568e+01
-6.015314981891000201e+01,1.094229103238323297e+01
-6.153893139663998824e+01,1.683357502134517958e+01
-7.077740697728432906e+01,2.159872714841297281e+01
-5.245701211367794770e+01,1.941718008591127997e+01
-7.546500050021987249e+01,2.529328545345439849e+01
-5.822404837738696415e+01,1.352127313470060699e+01
-5.176746889829324516e+01,1.979382844077810333e+01
1.676812268352488502e+02,1.908678761743194485e+01
-1.651570906830139904e+02,2.463980069353732816e+01
-1.706196240610941288e+02,2.225395123860775470e+01
-1.781399796824931627e+02,1.256667909814366979e+01
1.627420821418427579e+02,2.127853414726578052e+01
-1.634797125664792645e+02,2.296714198743323365e+01
1.697691348032413998e+02,9.018888804999299680e+00
-1.721874369634883806e+02,1.216500354797675953e+01
-1.689786801477713993e+02,7.289380266857692803e+00
1.659975789869083087e+02,1.444091539500595900e+01
1.708682127700404010e+02,1.491978864894073098e+01
-1.668282353649022127e+02,1.744747415382659739e+01
-1.765091854247760637e+02,1.413631841456127525e+01
1.738051193259188949e+02,1.876500713755930860e+01
-1.680441916340998034e+02,1.509125973066664983e+01
-1.782609168970892881e+02,1.191347189823589581e+01
-1.732548028579962818e+02,1.468216566970305692e+01
-1.755044826906246271e+02,1.283721705773075428e+01
1.621746669059481292e+02,1.264512973686206720e+01
-1.761561305728424145e+02,2.277636555536967933e+01
1.754802096482881382e+02,1.991221497280642438e+01
1.766347691854581399e+02,1.123797648212049971e+01
-1.530360148433335610e+02,2.017501880917536283e+01
1.632358714385584051e+02,1.235205155299142099e+01
-1.781094525269303404e+02,1.171151230489826922e+01
-1.526948217500675185e+02,1.279711654926312647e+01
1.604625732775484721e+02,1.625550659360790817e+01
1.453843005140183493e+02,1.468438829264475132e+01
-1.572501082597922277e+02,1.719036316482737448e+01
-1.279201361323442683e+02,2.198366412813666670e+01
6.730558437616659262e+01,9.888663765438572284e+00
7.127371260907631267e+01,6.580595937442222265e+00
7.456977501696309218e+01,1.041901226103528444e+01
6.762101855592537447e+01,1.495779056893160686e+01
7.073850007681721763e+01,1.216299905691538008e+01
5.593654206575715904e+01,1.111169385109427310e+01
4.341812327164972629e+01,1.769341819855780784e+01
8.572452542802915332e+01,1.915945622191605580e+01
2.781971189717349802e+01,2.035604627404759270e+01
6.729150630622311269e+01,1.431847049320036191e+01
-1.448397591285986152e+02,1.855759809796166948e+01
1.704311276520532488e+02,1.291931903880222166e+01
1.577812965031726549e+02,1.346088872756172883e+01
-1.588376204666145952e+02,1.125837766897991798e+01
-1.647052824287353303e+02,1.327732542941544480e+01
1.508563016650028317e+02,1.539793242801756890e+01
1.743571006540120152e+02,9.836820449431474600e+00
-1.694258504498737636e+02,1.000051260387466812e+01
1.566928941736794627e+02,1.461742162722718419e+01
1.730637020998775029e+02,1.030147780125102130e+01
-1.657976787015823845e+02,3.858848439493217342e+01
1.740060363088725239e+02,1.850735314905423579e+01
1.653363481107970472e+02,3.626553939800765392e+01
-1.704642405091757098e+02,2.601559640458395961e+01
1.633763667700493727e+02,3.884879583219404964e+01
-1.794639063255530118e+02,2.923596915753742209e+01
1.664862361727735447e+02,3.999869227449999443e+01
1.717602721817829377e+02,1.783453255514891822e+01
-1.768576281718437713e+02,2.954649668171474275e+01
1.608886794136145681e+02,2.541602392544586309e+01
-1.661851064974376300e+02,5.796853303183696404e+00
-1.514772822022809748e+02,1.171129671185092747e+01
1.520804358234630627e+02,1.341679026302383448e+01
-1.647578728627700855e+02,1.137108577478479710e+01
1.684392793111549338e+02,1.987704505870940963e+01
-1.700711997196018501e+02,1.549098062354408789e+01
1.729901472814536305e+02,9.911044952615048587e+00
-1.639785350838966735e+02,8.323456628325292428e+00
1.536439862562401970e+02,1.105342385040577824e+01
1.770305639394805723e+02,8.629208019903577664e+00
-1.732870457060967908e+02,2.522855853916297519e+01
1.500296901327417913e+02,2.389761866775156562e+01
-1.120030895791085328e+02,2.567191049084538434e+01
-4.477134766838023694e+01,3.005148118921497868e+01
-6.786357869581762259e+01,2.651631037358617249e+01
-1.092704596802625048e+02,3.997740904248068716e+01
-5.965813327625781426e+01,1.636805339242906143e+01
-3.804196888402458399e+01,2.300082509142380616e+01
-9.641939519989868757e+01,4.267121377978630647e+01
-2.865020789088007547e+01,3.573461381361661893e+01
1.701475729327987096e+02,1.308441084389941444e+01
-1.752117281030653544e+02,1.393375199792511765e+01
1.721285471075473765e+02,1.326828324478415055e+01
-1.735828112271672694e+02,6.297262842661474735e+00
1.655149109053261611e+02,1.098629800055830685e+01
-1.607644635502585402e+02,1.739041995341204583e+01
1.711443988120472000e+02,3.065935553805375235e+01
-1.722168652327172254e+02,2.599674551125062294e+01
1.746717711808047397e+02,1.618783624791770137e+01
-1.713787228692835356e+02,1.157077574806268139e+01
-5.280086164482094802e+01,3.059839331842360366e+01
-8.449901184984764768e+01,3.041308954821233712e+01
-2.509491946597896472e+01,3.188363523947366929e+01
-8.251011663982343691e+01,1.498303490218406253e+01
-5.060297948424782533e+01,2.182855636465205862e+01
4.728798984165150543e+00,2.357255100117786029e+01
1.096641716291259883e+02,3.777058789829814600e+01
1.739076852269184315e+02,3.913204548356674195e+01
-1.370014585274975332e+02,3.937684983845219477e+01
-1.672577052138537113e+02,2.408414500598350827e+01
-8.588864538579240104e+01,2.324363874410943254e+01
-5.596461850813159344e+01,1.962352587323276509e+01
-3.993012372121484788e+01,3.051367431777848793e+01
-5.087294019433756631e+01,3.068093488247551548e+01
-3.992027477961360660e+01,3.690651433035122864e+01
-5.116566376701280916e+01,3.449318488667935867e+01
-7.579567131894307863e+01,3.822497630787497513e+01
-5.811804671465082350e+01,2.113116457518365365e+01
-5.407708577793349036e+01,2.834817426623811443e+01
-6.762687480545498886e+01,1.877009156138593227e+01
-1.786238798961072121e+02,1.927087585471242548e+01
-1.649705335607376639e+02,2.885347514757302889e+01
1.440057537237487395e+02,3.217026206320695536e+01
1.793952408132128653e+02,1.414999805953384637e+01
1.735609671938220515e+02,1.949329561597466665e+01
-1.722318152154777238e+02,2.220999599104051470e+01
-1.651887968606045547e+02,1.644171320243439283e+01
1.631365220821897992e+02,2.027181401460225629e+01
-1.781338255561648793e+02,2.317483710484185266e+01
-1.727903778570656073e+02,1.384831379841100585e+01
