dihedral_deg,energy_kJmol
-1.693086559948702927e+02,1.182228689329553539e+01
1.695870613755423904e+02,7.791318131242398692e+00
-1.680428215537885137e+02,5.431532528847856867e+00
-1.778002598604506090e+02,2.365755838598300631e+00
1.698181873330284759e+02,4.019986256613725217e+00
-1.638123583668840411e+02,6.626357252681890131e+00
1.673241924665636589e+02,7.247349555678074040e+00
-1.797729938476769576e+02,3.665021457336309574e+00
-1.767149343770357746e+02,1.853256215169049259e+00
1.774952508411078043e+02,9.217716242069671218e-01
-1.770823110560471321e+02,2.289900642364593786e+00
-1.770288151201583844e+02,8.858837133692452070e+00
1.762307716614027129e+02,8.063142570270088072e+00
-1.779286127387968577e+02,7.184429512742566359e+00
1.790589829196973994e+02,5.828105088992056260e+00
1.787433082808410063e+02,4.832304880441868455e+00
1.781440831026967544e+02,5.931498897829074579e+00
-1.728445193681181991e+02,7.790492319915729880e+00
1.720831386555053086e+02,7.821916818386071668e+00
-1.777500266201319903e+02,7.722956551853540574e+00
-1.613729733540511972e+02,1.173328530447084717e+01
1.620231211485927076e+02,1.327114299104916029e+01
-1.579448015186611940e+02,1.313643559674529726e+01
1.699444468817163170e+02,9.191657190994913407e+00
1.713201573166770686e+02,6.347761155022630497e+00
-1.431345442929305136e+02,2.233221246121351200e+01
1.638049124087843325e+02,1.466384912408961583e+01
-1.661198648595909901e+02,1.144035295264023588e+01
1.748380672425471687e+02,1.314420350528609305e+01
-1.787076369337592894e+02,1.141207390309633496e+01
-1.699093757135197507e+02,4.367879926008489733e+00
1.610413686140088600e+02,5.992311430862835131e+00
-1.664438313929269384e+02,4.118395405236816131e+00
1.650630493563868981e+02,5.240445676554539745e+00
-1.753789254104457882e+02,3.279493659897625424e+00
-1.751558011654847746e+02,3.758211947462699598e+00
1.751490844745766253e+02,5.667269604286673257e+00
1.715433659647362390e+02,2.174495408367767002e+00
-1.698286650421964623e+02,3.926241904216213996e+00
1.625771327806757824e+02,5.668988350947009813e+00
-1.634586293832356318e+02,6.616237795916662279e+00
1.699819713808084032e+02,5.926691817744644375e+00
1.765166097631592379e+02,3.834967315037610014e+00
-1.647153637265275279e+02,5.588422336299519344e+00
1.562110743885570514e+02,6.875978692071722520e+00
-1.618040450865455000e+02,5.680341363970118351e+00
1.729537791443346464e+02,6.236087183413763668e+00
-1.767786240530915052e+02,5.035649593954355296e+00
1.774869079383137489e+02,5.987695431917056332e+00
1.757349046480870527e+02,6.085726968652240387e+00
-1.766125797363093568e+02,2.283523879143194879e+00
1.678472012346105373e+02,3.956277849092695753e+00
-1.684955720543866562e+02,4.076307983037656513e+00
1.730814017702703040e+02,5.276752130257498230e+00
-1.778743450350690978e+02,5.117473543972758776e+00
-1.765627446062509591e+02,4.412391487178604521e+00
1.765049077746053570e+02,4.449978588542085056e+00
1.799627698263124387e+02,4.815637943483346284e+00
1.795334415867181121e+02,4.816118904542002532e+00
1.742339304644411868e+02,2.935504191441692612e+00
-1.684344524546041271e+02,5.226956570262421664e+00
1.753284687141156155e+02,4.958698893017110088e+00
1.766241936111068185e+02,6.543128023430602624e+00
-1.715871886009883553e+02,4.371315164760914307e+00
1.680992619838733901e+02,5.632614889844730577e+00
-1.665229633455548992e+02,5.766886459600547354e+00
1.794339357734320117e+02,6.067578526205688050e+00
1.713081961165798646e+02,9.174762193347365979e+00
-1.774260379171505235e+02,7.810063482528249779e+00
-1.786152464000532234e+02,3.842820499849121774e+00
1.747386033328769201e+02,5.234101736553503414e+00
1.771173258436779747e+02,5.483171370320516047e+00
-1.767006290505366053e+02,4.790181816484984090e+00
1.782963081239917358e+02,4.559996767695873032e+00
-1.792744924711745682e+02,3.378349381055335332e+00
-1.699664745458181869e+02,3.067946303990102486e+00
1.701686608153540874e+02,2.839893180614267099e+00
-1.678735156521212843e+02,3.732480484359459894e+00
1.656274273102909547e+02,4.254565576401970972e+00
-1.750470905200867549e+02,1.561187057627576813e+00
1.736189989004219854e+02,5.057856446548526286e+00
-1.676153377826805695e+02,7.267785131011567756e+00
1.752372056483503968e+02,4.900637144301178694e+00
1.678951565450076089e+02,4.898347637675285249e+00
-1.615529431716437898e+02,6.394974788526274878e+00
1.645410392825831707e+02,5.558306506511611289e+00
-1.728533652016213296e+02,3.978331815410408367e+00
-1.746061312052196115e+02,2.310704161816625302e+00
1.678618690137697058e+02,5.288719548120170977e+00
-1.698059985373014911e+02,6.592602638645717938e+00
-1.775454662631958627e+02,3.452963575552934650e+00
1.734785629905858855e+02,2.651256784045274983e+00
-1.731667865504896326e+02,3.232408902832236031e+00
1.755149937777642890e+02,4.816487048746223465e+00
-1.787264315503240653e+02,5.809434569009980009e+00
1.776938413677319204e+02,3.819994506253745925e+00
-1.793457669635980665e+02,3.031777573108714208e+00
-1.777314634546380319e+02,2.032735467382805528e+00
1.763841330081471312e+02,2.135434232169289626e+00
-1.716337923520624713e+02,3.508331612745501538e+00
-1.647811289873471310e+02,6.534613375957155412e+00
1.672804654634935275e+02,4.857460350239609426e+00
-1.664499508918381707e+02,5.246894511252339299e+00
1.743710267005609467e+02,3.905429995540490751e+00
-1.756127815896315667e+02,4.717748373544500495e+00
1.658001788250944912e+02,2.759878708406000136e+00
-1.641467382157159136e+02,3.740685915641231318e+00
1.651810541673139312e+02,3.298545046392847180e+00
-1.683653725840076163e+02,3.227157814862227081e+00
1.733775509431782211e+02,2.751812615563558051e+00
-1.783281012333195008e+02,3.271441853058948634e+00
1.719366273921955610e+02,2.705548457218916347e+00
-1.755106560944026342e+02,2.764967047187008475e+00
-1.730840400702749662e+02,1.990709476542348533e+00
1.694469112851870136e+02,2.287531822175295382e+00
-1.744973300792419479e+02,3.119312504934916852e+00
1.746732553681042361e+02,2.590419863767442710e+00
-1.732018293282287686e+02,2.469517146599148116e+00
1.782795497933552724e+02,2.353967991048880659e+00
1.777378052474841752e+02,2.571117423616856357e+00
-1.765128485595461996e+02,6.264014549994287862e+00
-1.754852044089963954e+02,7.495572991561409992e+00
1.773723806949504649e+02,6.784673991941355453e+00
-1.786766763003079177e+02,9.491847936212444381e+00
1.774112508951932625e+02,1.005157257833778317e+01
1.773415707318274883e+02,7.709044802703939325e+00
1.712922599225382214e+02,6.286289638995802065e+00
-1.657327110859303332e+02,1.054922384685547776e+01
1.717176035840178088e+02,6.017173529053792436e+00
1.757566123005075269e+02,8.565871847821043161e+00
-1.693955502775941966e+02,4.128053598005649860e+00
1.719782659624878249e+02,2.961715776137080258e+00
-1.699926542008350054e+02,3.461633542622390092e+00
1.679272701528831249e+02,3.950485600712637435e+00
-1.670577348779384579e+02,4.746300400553288057e+00
1.645219551832453249e+02,4.461520148221284288e+00
-1.635493614851117172e+02,3.978239194453475847e+00
1.688829379437489706e+02,3.053620221749687946e+00
-1.717417892973126072e+02,2.789261735432763345e+00
1.765804010328664617e+02,4.752010577076586806e+00
7.170654567694184323e+01,4.659190073645663510e+00
6.686659314940885679e+01,6.036334060889764430e+00
6.814180584488789805e+01,5.364460758632109361e+00
7.260128666433709554e+01,5.810011312639668191e+00
6.390539336512799196e+01,6.614517141490661167e+00
7.162616083945010814e+01,6.129334045667004460e+00
6.039555625610069711e+01,5.497463010713765641e+00
5.422551887891761169e+01,6.932253596045556243e+00
5.978035271135487250e+01,6.992115902271249794e+00
5.473478113888279495e+01,5.759441800517167032e+00
-1.731234071010512992e+02,3.775315351370773342e+00
-1.770761123381917344e+02,4.538267468960011541e+00
1.774290761480608865e+02,4.691579472769165093e+00
-1.791133155308672826e+02,5.422394097473257624e+00
-1.762872824062965833e+02,6.695962882157479257e+00
1.791138018952220818e+02,6.702059358543944079e+00
1.766831684742529376e+02,6.850068211421024067e+00
-1.782028801276481715e+02,4.970508875124591164e+00
1.792651328926440044e+02,4.528795682338351725e+00
1.740995709611141251e+02,5.726191808889570467e+00
1.666757136470720866e+02,5.393513059360993012e+00
-1.715043125624351603e+02,8.474547832437252737e+00
1.773258355422402133e+02,2.487783396567956107e+00
1.780045157591199825e+02,5.684366023488124142e+00
-1.751460822440679408e+02,2.665475615267970610e+00
1.796064440355589795e+02,4.270598237566512800e+00
1.761259334685500448e+02,3.169754491953065578e+00
-1.689821927140608295e+02,4.754372562720876161e+00
1.697416355915170243e+02,5.436722991243019720e+00
-1.725015023206338753e+02,2.407734943478434531e+00
-1.796789947992475902e+02,3.110884177848032284e+00
-1.794453947196757895e+02,2.747702766803409524e+00
1.778975370532770341e+02,2.327787986371221418e+00
-1.768589473249733715e+02,2.364249878922806136e+00
1.767804231668628461e+02,4.223314100457638887e+00
-1.749604160498039107e+02,2.765513041011550932e+00
1.768868547447949027e+02,1.885301731026137517e+00
1.794037120972084836e+02,3.495207345809864030e+00
1.761501826951967473e+02,4.261334577051613337e+00
1.795006774426030347e+02,3.252714372051736191e+00
1.785932330119923108e+02,6.211253044779933674e+00
-1.683628613906859925e+02,7.868457603420674573e+00
1.639101396032782247e+02,8.548929646344772593e+00
-1.745631248215996436e+02,8.180989664559801255e+00
-1.768408215363016041e+02,8.973105829829059132e+00
1.660187665104108987e+02,7.354703165998756731e+00
-1.753977825677584690e+02,8.105140041326729161e+00
-1.748254702765033812e+02,9.577339415245841536e+00
1.665348193232681240e+02,9.874910008118463978e+00
1.796745928779187977e+02,5.458765706400354745e+00
-1.716044576439294929e+02,8.256466820700122611e+00
1.624531515012056104e+02,1.241024149621184236e+01
1.725738884768655907e+02,7.700289516532883738e+00
-1.539722940744238997e+02,1.156106534240653616e+01
1.649033543736864544e+02,6.832537674708882847e+00
1.797784261484001718e+02,6.088960189867869133e+00
-1.687305507127447015e+02,9.002753216782576118e+00
1.686797050902973751e+02,9.380523280469244440e+00
-1.757798493359124166e+02,5.297216372281869923e+00
-1.776836032121716471e+02,7.057037216067591601e+00
-1.741759263385349925e+02,1.252046239124514848e+00
1.786764100558033874e+02,2.715337558076214020e+00
1.773262429319655098e+02,2.870236684592353260e+00
-1.742251804246776317e+02,2.704830745765976374e+00
1.747187828116083494e+02,4.093026481508644565e+00
-1.762331380560872844e+02,2.067763113776338368e+00
1.758855055998953105e+02,3.260635322174526785e+00
-1.683569672330440028e+02,3.406355654832888824e+00
1.674762902482203799e+02,6.136062052193647531e+00
-1.629181850220428487e+02,6.721524033971169487e+00
8.164259291039327593e+01,1.060704952484293884e+01
5.750028086911559910e+01,8.686890375962995847e+00
5.886751598535047236e+01,1.060312202634614565e+01
7.927082837708405805e+01,9.452766332827998497e+00
5.308786636588708774e+01,1.084201356727406029e+01
7.463271412902751933e+01,7.404454417252656739e+00
5.504080670656259144e+01,1.011147924911820262e+01
6.047477818798096649e+01,5.825894861280541903e+00
6.462356377026522125e+01,1.058254266566139279e+01
6.026061627655914066e+01,5.651936265969276008e+00
1.756974710909078397e+02,4.781221953998302965e+00
-1.735302774920115780e+02,5.309575614995731385e+00
1.749066038332973392e+02,3.963161821024808518e+00
-1.781315878364677303e+02,1.498747489247457265e+00
-1.787055273561775266e+02,5.365404516514132638e+00
1.779734794459078842e+02,6.891006157475320748e+00
1.774326120758999252e+02,4.187108996511751613e+00
-1.730422491171775050e+02,8.737928976782658452e+00
1.756261581113539592e+02,3.241741192777447989e+00
-1.789926876402865332e+02,9.954776984817877761e+00
1.721571687266332447e+02,4.529940330967637152e+00
-1.750726169268011745e+02,3.310814526562228188e+00
1.767680957440856560e+02,1.535378605550006270e+00
-1.734297069440951873e+02,2.807225907335363591e+00
1.787517489441935368e+02,1.623284390169155156e+00
1.782603052021122210e+02,4.088157138573868643e+00
-1.789369135541795117e+02,3.254063056571172563e+00
-1.775602558798591417e+02,3.288883698908913633e+00
1.765599943642032770e+02,2.766641193356432549e+00
-1.774739161566517396e+02,1.631979154871574522e+00
-1.705349311947384479e+02,5.325478658795827158e+00
1.704676777370457046e+02,7.448870969539161280e+00
-1.772891945411049619e+02,5.958619269294566756e+00
-1.719002668496183617e+02,9.228567930487201920e+00
1.691386051893569231e+02,5.661698144459151649e+00
-1.754132967766253444e+02,4.436066254703457723e+00
1.798998523078440996e+02,4.583258410714163844e+00
1.791098613271562385e+02,2.664072955652019736e+00
-1.712221736502631586e+02,2.764179990368994311e+00
1.720757078592615983e+02,2.050973854100092364e+00
1.788667208698334719e+02,1.452744859401386535e+01
1.751077922810641780e+02,8.609329867812611781e+00
-1.700753543355470470e+02,1.225856619818042859e+01
1.698886546078437902e+02,8.739388714140675418e+00
1.790885396385831143e+02,4.535459603134747830e+00
-1.760551041504456578e+02,8.127598850031020561e+00
1.787176050391837805e+02,6.070132094018873659e+00
-1.744708480790184808e+02,1.470632597552181764e+01
-1.735175910855712402e+02,5.008340016814898377e+00
1.647153863743130842e+02,1.561974024830767860e+01
-1.518958008704709073e+02,1.293922840674372665e+01
1.590179098384435292e+02,1.473240094405881884e+01
-1.705883048435365197e+02,1.387254989924217696e+01
1.799725935599101661e+02,1.492471666708583200e+01
1.799755124716297701e+02,1.715983704306412250e+01
1.713984564803870967e+02,1.114043127750117890e+01
-1.709589487597891946e+02,8.979370790362445121e+00
1.665512450077553979e+02,8.664410134751518555e+00
-1.755285098512461559e+02,3.249914009262228287e+00
-1.777561414962863182e+02,1.086454404857089884e+01
1.651489630158513648e+02,8.527879365023727232e+00
-1.624615478548898011e+02,8.087870553048865929e+00
1.688823776273015369e+02,5.003792822745155355e+00
-1.799235251812545187e+02,6.598191984902211260e+00
-1.743968366182486420e+02,3.672277085061080193e+00
1.696197294806259208e+02,8.323550954656926848e+00
-1.650461912327776872e+02,5.473596322350831045e+00
1.748645967798209995e+02,4.603087315768865651e+00
1.782319953479490948e+02,5.244847177739389466e+00
1.780720778582243611e+02,5.444095328687259538e+00
-1.748309059149106020e+02,5.190284276136864605e+00
1.747836232580443152e+02,4.231861787064016056e+00
1.738463791681571706e+02,3.155940551437785402e+00
-1.708401203403773252e+02,5.802021977717314982e+00
1.755802763155568869e+02,2.982968911607398521e+00
-1.772978318434884670e+02,7.992991069177335817e+00
-1.699894656688590828e+02,8.557403338499533163e+00
1.615722255687151403e+02,1.221960720936619538e+01
-1.543662538175592545e+02,1.378994339864090080e+01
1.647421760699621700e+02,8.985909599062656739e+00
1.752950937092707022e+02,4.748938760562039896e+00
-1.759842211291766318e+02,4.912778207644527662e+00
-1.714592304532010587e+02,3.620570129593232878e+00
1.738145817911794779e+02,3.367857336779903843e+00
-1.766326894538747752e+02,1.834123999042060582e+00
1.753638195142971199e+02,4.186311730533449627e+00
-1.732068902856202328e+02,3.435418792302786350e+00
1.735462220113568037e+02,4.298205332616849006e+00
-1.696940267638317437e+02,3.989180037226850217e+00
1.684209524134067806e+02,3.118393110193002471e+00
-1.765205870659065681e+02,7.242354766785819464e+00
1.780524365158289584e+02,8.529954915928996684e+00
1.765596930918786143e+02,5.530478818691066500e+00
-1.727950888505344835e+02,5.707479046065037309e+00
-1.779751055995430704e+02,7.650144866758186168e+00
1.786203705813157399e+02,9.026001242123125934e+00
-1.714748315591825190e+02,5.238875730245737827e+00
1.762618069441560635e+02,3.628791484814981594e+00
1.749939629935705625e+02,7.693274734050206121e+00
-1.688759107047243901e+02,7.550882592218673750e+00
-1.734697911586226837e+02,4.219562173266455218e+00
1.687616225909772822e+02,5.976550321543202315e+00
-1.724545604931088576e+02,5.317556900184396085e+00
-1.792999194638451570e+02,3.314185155921917314e+00
1.675693110600730336e+02,6.064112178746883686e+00
-1.622042864734075351e+02,5.772493601669713925e+00
1.709210998776960366e+02,5.400720448658052675e+00
-1.768647068026738225e+02,3.387743778673678818e+00
-1.795651710534680205e+02,3.813391552921566507e+00
-1.743250864570264582e+02,2.430015425501966142e+00
6.350919371054545337e+01,9.179041983413259942e+00
7.453565636714456843e+01,6.590089206244313047e+00
5.713791032667339209e+01,9.599056063738803601e+00
7.094165506140618049e+01,7.791417478028785482e+00
6.526966329350098306e+01,1.003681333788868280e+01
5.395559251783453192e+01,8.486780359773412385e+00
8.081549908762316647e+01,8.356890417365674395e+00
4.470466089201971016e+01,1.138591082283790001e+01
7.690197981624484669e+01,1.005282414844659300e+01
4.920644229941975567e+01,6.440342693331421842e+00
-1.762858317474302225e+02,6.705207203591476706e+00
1.744117753480092290e+02,6.662733271983769967e+00
-1.755604975215904062e+02,7.745522285277473884e+00
1.789912089311822569e+02,7.340712459293379233e+00
1.789180295038958377e+02,6.945563036617087072e+00
-1.794791350019829679e+02,4.643685314507888684e+00
1.741090774943762938e+02,6.422771483943880533e+00
-1.780049030368374758e+02,5.091322866907205480e+00
1.783183245244014756e+02,5.577743289265635340e+00
1.742931266981720739e+02,7.160224581502207641e+00
-1.789293906339665341e+02,9.219382785872580754e+00
1.753991327501551609e+02,1.312200639966788174e+01
-1.722321894314729036e+02,1.054492502569714318e+01
1.752722769728762842e+02,3.978448619223152072e+00
1.799467741327090380e+02,2.403280476822869272e+00
-1.788180788083236905e+02,6.831865137012059108e+00
-1.734067187868528492e+02,9.605187639155269963e+00
1.681881843226062472e+02,9.760399234791165668e+00
-1.654567702089536851e+02,2.940880903924923739e+00
1.686711488887399355e+02,3.762921018336790269e+00
-1.702684642317437351e+02,5.692248054816437808e+00
1.763237790564283216e+02,5.463154225367849115e+00
1.787120768212955966e+02,5.470338196689804811e+00
-1.768075126133491892e+02,4.225628152555814587e+00
1.742273081915299144e+02,4.213681407865737860e+00
-1.741307370180406053e+02,3.046132349847495036e+00
-1.753542335917410071e+02,3.890567943812953899e+00
1.689821377493589409e+02,6.331429647264423366e+00
-1.754811025406200713e+02,4.776389908374559568e+00
-1.762994064091615201e+02,3.672156578503969371e+00
1.798122302111995623e+02,6.598905083775431279e+00
-1.791990580160264130e+02,4.858808861082670738e+00
1.797504433590452209e+02,5.383169985381675460e+00
-1.798467140890639087e+02,2.381117125671667001e+00
-1.736651076869678150e+02,4.392561879859493423e+00
1.620398912272034408e+02,6.280211462311338977e+00
-1.669416320584657569e+02,4.927071411902558040e+00
1.720693208014151594e+02,1.371304983086919060e+00
1.709819745091168102e+02,1.955340718503238318e+00
-1.569670193026231004e+02,6.910018903287255654e+00
7.049789139120518655e+01,1.358639189407285564e+01
5.377523782597404534e+01,1.177758660452266071e+01
8.401038783174674052e+01,1.227757417307609700e+01
5.709444920365338305e+01,6.408101654896727339e+00
6.046026494415109909e+01,9.521637409973104482e+00
7.672311619794356830e+01,1.060363445370071744e+01
5.833950006728144899e+01,1.596806329277254832e+01
7.320064252801181226e+01,9.278761862629487212e+00
5.166473092596238104e+01,1.264674978052176790e+01
6.135479499141695925e+01,1.008944935780916197e+01
-1.735659330549290758e+02,4.316901240634741121e+00
1.757399084831621963e+02,3.991415977573409712e+00
-1.795612980841601711e+02,2.602275103540931056e+00
1.751500710382762520e+02,3.758254572450297815e+00
-1.713063662494269579e+02,5.597537419686985594e+00
1.723920636750251560e+02,2.258669365653488637e+00
-1.702068513562356884e+02,2.776823335343308941e+00
1.691686847379413337e+02,1.903031999120450735e+00
-1.728666890518674109e+02,1.534470367059515006e+00
1.782327623284515141e+02,1.496166026261539495e+00
-1.745302102781909923e+02,4.925227373081559001e+00
-1.736893351063334308e+02,5.372945010910921582e+00
1.742735829681018345e+02,8.528300303626473067e+00
1.681533303162999289e+02,3.826393473082521979e+00
-1.544714194697493213e+02,1.410943882824184570e+01
1.528013387915063106e+02,1.128758421930450950e+01
-1.638217202308216542e+02,1.284138776777929003e+01
1.733055160971422310e+02,6.968097742478872370e+00
-1.761517891587061229e+02,1.515308932811957732e+01
1.700989543904018717e+02,1.167460086583789369e+01
1.789099928547325362e+02,8.113610941843022673e+00
1.642174787375421090e+02,6.980563498334185546e+00
-1.730041415104314808e+02,7.012996219613247817e+00
-1.793547257450744894e+02,5.462120433743173464e+00
1.706412605561641271e+02,7.889181069282440006e+00
-1.722381960844850539e+02,8.138860659053575475e+00
-1.775358297310196178e+02,7.133497509321250263e+00
1.683420420301416982e+02,1.265100160151270359e+01
-1.759462256637052633e+02,9.564134618483805639e+00
-1.790491773056265572e+02,1.200407182025236708e+01
1.762249390067612183e+02,3.858051744353186763e+00
-1.769758066965947023e+02,3.514318971935440850e+00
1.769303089564101299e+02,5.786149045078239794e+00
-1.715691777668138513e+02,4.676448987677988889e+00
1.688678980141616819e+02,4.818508265963101778e+00
-1.666917386920241029e+02,3.785937377134574788e+00
1.704661786806471184e+02,3.103869026606291825e+00
-1.668666743158661632e+02,3.268426542417792291e+00
1.655969492859889556e+02,8.116363467618878502e+00
-1.611291561335969220e+02,9.654666528156461425e+00
-1.775698159411267056e+02,5.365960124692813693e+00
-1.781774736822447380e+02,4.816602812639867004e+00
1.781760265579559643e+02,4.033249866298691089e+00
1.796645042823868721e+02,4.736557166883940795e+00
1.750197554739593784e+02,4.532287791006920585e+00
-1.755213792662848675e+02,4.686653770090867255e+00
1.709278844228778382e+02,5.899620925427297990e+00
-1.786465603515900398e+02,5.326012983221794173e+00
1.775617972963800639e+02,4.933490462673573163e+00
1.770641610740751162e+02,4.831440895292491433e+00
1.799775728324692068e+02,4.870276094874410155e+00
-1.729501072321298807e+02,1.005529933091407990e+01
1.790691972468670485e+02,8.884767291313558246e+00
-1.715019794973632941e+02,9.391923127247881808e+00
-1.779716002407795088e+02,7.485075352068598420e+00
-1.767675384694221066e+02,6.789400651165699685e+00
-1.757845376080763060e+02,5.786111691509114863e+00
1.732981643237118874e+02,7.478310465393814610e+00
-1.769373963735554298e+02,6.982892362111161155e+00
-1.747900466508699822e+02,8.241457053430320201e+00
1.790602550631072631e+02,6.769835008181127378e+00
-1.782615219888621425e+02,6.035421830249079633e+00
1.781002125225337522e+02,4.891364217145193649e+00
-1.790769703320504789e+02,5.870069272352722578e+00
-1.784685252195588987e+02,2.429526641949098398e+00
-1.795686189633112519e+02,7.048828217262646412e+00
1.754984428510446151e+02,4.037579017143872129e+00
-1.693829087091763199e+02,7.295313767756571366e+00
1.698866030586546572e+02,5.885735197738767965e+00
-1.762776302041650922e+02,7.206605508977133923e+00
-1.576902760006582298e+02,1.058217235891468100e+01
1.688738905308352400e+02,6.237324521075443329e+00
1.763951512408297617e+02,6.168730738853360762e+00
-1.539812815312930070e+02,1.351765432164172331e+01
1.628881033557312321e+02,6.983520909535926968e+00
1.694808674808804767e+02,6.196598565991875418e+00
-1.512276217831471854e+02,1.297975538587202671e+01
1.683966694962724375e+02,6.763709836186293956e+00
1.564386417369874493e+02,8.355421739113390700e+00
-1.625646497219433400e+02,8.728037355680861253e+00
-1.740164129021990220e+02,7.974719465564486853e+00
-1.789755449140247094e+02,4.926482717380766374e+00
1.731744768687093199e+02,7.417667485326132848e+00
-1.734092279499947438e+02,8.540811900453356031e+00
-1.780346355053955847e+02,6.977325917354015417e+00
1.752722379989521642e+02,5.303141016599607127e+00
-1.753622134083328774e+02,7.076806645912883553e+00
1.720209601410798257e+02,7.582875090110686500e+00
1.756468798443376329e+02,7.553230654313860981e+00
-1.789697445112012701e+02,8.786176243326028867e+00
-1.716083053746296798e+02,4.753541587953892034e+00
1.682542357452663850e+02,3.570678097746915469e+00
-1.599214385161743053e+02,5.831475575077345042e+00
1.615909615578725607e+02,7.637718063663754720e+00
-1.688634598128575703e+02,5.343221593435004024e+00
1.745774016167417528e+02,5.495694561988338833e+00
-1.706988485742639909e+02,3.848403889395275002e+00
1.666112039131087101e+02,6.191377856415835268e+00
-1.654111024632084650e+02,5.425984120349504281e+00
1.642385378475205187e+02,4.325489177798242046e+00
-6.408477186398866365e+01,4.648429288630708811e+00
-7.344254107943379495e+01,6.282327525269687740e+00
-5.832476241659262683e+01,5.605415119151166081e+00
-6.858650252106109235e+01,5.027953367970335208e+00
-5.723039469242570476e+01,5.741348035678941919e+00
-6.666513996076062654e+01,7.851907022839338168e+00
-6.026140870503990499e+01,8.124041994222348961e+00
-6.199976145947746886e+01,4.219812278919279791e+00
-6.031325524679741790e+01,4.238823087113272159e+00
-6.519818505449167390e+01,4.047529775052312928e+00
1.740114115025603212e+02,5.048034066462715685e+00
-1.724865633377978327e+02,5.674783103573178167e+00
-1.745668259353458609e+02,1.000371386025411269e+01
-1.790181498676976730e+02,8.473567019046367221e+00
-1.767325243823057122e+02,6.227748948501002246e+00
-1.771797244293161384e+02,3.659039842220442651e+00
1.734943049589224415e+02,6.051964635442624640e+00
-1.665696367137297500e+02,7.361408200023360493e+00
1.789435389558806833e+02,7.573330653023724324e+00
1.661387971868140596e+02,8.213430144362812158e+00
1.786676591720718932e+02,7.238023953046148762e+00
1.714580102035746734e+02,4.890041357819146839e+00
-1.694008886246193128e+02,6.292820605913346022e+00
1.720229858956229805e+02,5.501416448905524170e+00
1.786470306792818690e+02,4.212028262880117779e+00
-1.715090587335513703e+02,5.416172886672657505e+00
1.714162916914914945e+02,4.276041254040680251e+00
-1.782970462542243979e+02,6.081629723227637285e+00
-1.774704568688358961e+02,6.220380396245023924e+00
1.694307966660712452e+02,7.015026074426140568e+00
-7.236309973860626599e+01,8.006802313099004920e+00
-6.615837843790841077e+01,1.467829347310439658e+01
-5.826465530898658329e+01,9.429171733115801146e+00
-7.497869559877207735e+01,1.610453948485265485e+01
-5.702626881258546376e+01,4.997901695452151571e+00
-7.311520573884914143e+01,9.159648289023172296e+00
-6.258860734903862522e+01,7.164482892672882741e+00
-6.221634349911840900e+01,4.621426085400205608e+00
-6.641168680388472012e+01,8.302722988949055249e+00
-5.875484383703474123e+01,8.660231451677539383e+00
-1.774887276557059863e+02,7.332307749808256503e+00
1.724497489854372816e+02,8.022325296578157960e+00
-1.744047204808737774e+02,5.344439519860458176e+00
1.719959810428447327e+02,6.582161765256493879e+00
-1.770507965172599825e+02,5.618384193424702744e+00
-1.727021735335589767e+02,7.084973229213778367e+00
1.687800129061886310e+02,1.103736457112607638e+01
-1.707232805172849055e+02,9.434795952639621675e+00
-1.706963035806911080e+02,7.968093403251240048e+00
1.752996051147326568e+02,5.831371213013439636e+00
-1.744069847971235276e+02,7.241109836873694583e+00
1.798634471825413073e+02,6.157052806434998082e+00
1.759979337641693178e+02,6.177211780277071185e+00
1.765712818482457749e+02,5.716527996758056673e+00
-1.727960877697308888e+02,5.156624889775302201e+00
1.715432669857016208e+02,5.680552504495036459e+00
1.771567742338549749e+02,6.118889224567124252e+00
-1.704322124838917318e+02,5.003375667018531203e+00
1.710860874460046546e+02,7.797291785222958183e+00
-1.755024867908100248e+02,4.628220919164016678e+00
-5.779554233126673779e+01,1.078206266229688381e+01
-6.453252365935856005e+01,1.240986103070868651e+01
-7.116735853415040935e+01,7.833178437581672426e+00
-6.813983177328918828e+01,1.015631462316869360e+01
-6.282508475069187881e+01,1.100495015129051168e+01
-5.629893762312400440e+01,9.439824405970007604e+00
-7.596465014134511762e+01,1.227517802867246921e+01
-5.575507473720715979e+01,1.154144621770727852e+01
-5.794228687465984251e+01,1.446481839724764207e+01
-7.718921014823234827e+01,1.660268966783974776e+01
1.758024531163060260e+02,8.686320489313750670e+00
-1.738245374396192062e+02,1.321705751231309200e+01
1.666731033068145678e+02,1.064223088227828917e+01
-1.692125113680608024e+02,1.038128246670054722e+01
-1.793801210012472040e+02,1.079831933327815641e+01
1.719714652654286056e+02,1.368353388915831914e+01
-1.669674158039900362e+02,7.724362362763946166e+00
1.791443488668028579e+02,6.310449580874088582e+00
-1.796392737761589160e+02,1.000366929701108099e+01
-1.731915579013784168e+02,1.785852417340412401e+01
-1.750665833704310330e+02,9.057155485899251346e+00
-1.708475994565402232e+02,6.976748616787396884e+00
1.772397180674414585e+02,5.803772066034218469e+00
-1.740209846801114679e+02,1.079188641922229763e+01
-1.691882801717515292e+02,8.715928156129546522e+00
1.727358140135054896e+02,1.095390597680200528e+01
-1.722215708645939571e+02,7.856123694814279190e+00
-1.712745215491650299e+02,9.359005257611480388e+00
1.704290441548016872e+02,1.029395222171773128e+01
-1.556488727539687602e+02,1.452318776142743495e+01
-7.196661774023630187e+01,1.183998430194046669e+01
-6.083088129674706579e+01,1.677288071901265099e+01
-6.284234486407776643e+01,1.019936759641824864e+01
-6.808079196067774319e+01,1.104208003679743300e+01
-5.593201168558245229e+01,1.184773122040067506e+01
-6.531841291877026379e+01,1.040545644302992123e+01
-7.365388753736512228e+01,9.834710910816458096e+00
-6.445713786360379061e+01,1.390472810037909035e+01
-6.369159015139113222e+01,8.673865913788539217e+00
-6.677886785831424277e+01,1.118882637940084024e+01
-6.057048787273279800e+01,1.125126178108117081e+01
-7.065826727523688078e+01,1.422470097343749984e+01
-6.150416073386953997e+01,1.066360798829317957e+01
-5.932881943989268336e+01,1.489079998406143091e+01
-7.272120923450488306e+01,1.223580718227069219e+01
-6.075177504379611548e+01,1.213561912509352325e+01
-5.803365153685964373e+01,1.297122217013162526e+01
-7.377723555269720634e+01,1.391712825811257837e+01
-6.978155500095766683e+01,9.794877964770286383e+00
-5.615533040090193140e+01,1.261064635658877009e+01
1.708360797188778690e+02,5.875511457025489825e+00
-1.795371590158979984e+02,7.212403246713043892e+00
-1.792076408042158562e+02,8.623664303786195973e+00
1.777420604262370603e+02,6.800601424539343576e+00
1.763535313085074279e+02,4.778152286269325089e+00
1.785820890974109147e+02,5.086629896654285332e+00
-1.798975609077853051e+02,5.525013903408845906e+00
-1.780816477323678839e+02,7.318901319946460760e+00
-1.791967573984318847e+02,7.791886232122894995e+00
-1.745387712221616141e+02,4.029854183512690646e+00
-1.429304017799185544e+02,1.568607662899950128e+01
1.677113769991434253e+02,1.173016112906579522e+01
1.599633481925054639e+02,1.099970683096249857e+01
-1.537445538263561389e+02,1.194864444787053159e+01
1.745385588080600030e+02,9.587092449337196953e+00
1.726381009128280368e+02,1.078205867724031286e+01
-1.667992557281525023e+02,8.798191839188923780e+00
1.745124016316534608e+02,8.057471850664745361e+00
1.721198587089382670e+02,9.364912706038866830e+00
-1.594702357570356241e+02,1.054739006012477631e+01
-6.038241435502700938e+01,9.473738450152541901e+00
-6.217154726405124876e+01,8.370551743868299255e+00
-6.193556906418202601e+01,8.351252145794736848e+00
-6.676906043940800828e+01,7.630131448306313402e+00
-8.042519724753228161e+01,1.039261405459753895e+01
-4.815829047420967157e+01,1.362801773653603732e+01
-8.200107144998450792e+01,1.451752564757608965e+01
-6.573827073925362185e+01,1.248101322373409161e+01
-6.985611191499637584e+01,1.137998348788815051e+01
-4.727582586314527191e+01,1.074199306572587176e+01
7.141939650209155843e+01,1.395497196724750921e+01
6.403531926371491068e+01,1.049003227727097709e+01
6.993923420012804115e+01,8.661440181406604211e+00
5.305405369790932468e+01,9.143525914476887451e+00
6.583306062379905654e+01,1.065407522489352843e+01
5.627560144099869177e+01,8.243077189051788878e+00
6.571688654102723604e+01,8.975768579284132187e+00
5.353944552414830582e+01,7.318926095187634928e+00
7.741433728319759666e+01,7.938820936011685703e+00
6.528577279865538685e+01,8.583025500844287947e+00
1.736427501022616013e+02,8.764419671954703617e+00
-1.777275313846826634e+02,8.894760761699007645e+00
-1.727533077050096608e+02,8.205535317005686835e+00
1.749794203818425729e+02,1.037637574914331573e+01
1.787052515884194293e+02,5.667783250588758648e+00
-1.697576663303186137e+02,8.099495584885524124e+00
1.697773527736005974e+02,7.005685213179281945e+00
1.694096044014811184e+02,6.150161100287393268e+00
-1.670891224657413829e+02,7.166403814305524200e+00
1.616381179404504280e+02,7.150930284030307504e+00
-6.933593142748382832e+01,7.199538203333685438e+00
-6.040923574508062188e+01,6.365704489201743144e+00
-5.754729799315236249e+01,6.518637523902556019e+00
-7.232707318554101050e+01,5.523555134764741581e+00
-5.209450490953128110e+01,7.333522312564941359e+00
-7.419565153128830559e+01,5.291316071237661234e+00
-5.897266017968074436e+01,5.945700893963339340e+00
-7.010553443619099312e+01,5.918363931320472560e+00
-6.558179334252113790e+01,5.227730533248218237e+00
-6.015085243994445818e+01,6.644027941348322308e+00
6.030870930289992060e+01,4.903554691183784620e+00
6.339466482454022156e+01,1.131472556577561583e+01
5.871208189646988274e+01,1.165056947853746827e+01
5.427182326564383885e+01,1.386861286564679574e+01
6.281108648315947818e+01,8.726932060613469488e+00
5.794569522965004893e+01,7.139725901524442975e+00
6.826321171904312735e+01,6.584325627778533807e+00
6.097390094680082484e+01,7.929679723290718130e+00
6.789854178865478218e+01,7.376569090183856758e+00
6.050973631767644889e+01,9.399489575313184631e+00
1.779518867682884888e+02,3.690703430893687909e+00
-1.797980205767748316e+02,3.866604630478319038e+00
-1.750347700397590245e+02,5.458720474038015524e+00
1.745403179375182390e+02,7.234292577111176570e+00
1.773001904999814826e+02,5.116424527876427319e+00
-1.712634293451184249e+02,6.075587807319149825e+00
1.666001375215995211e+02,7.551795950650889822e+00
-1.733036280559376792e+02,6.189257022807638009e+00
-1.754884284969106716e+02,1.000270047791289585e+01
1.737948187251538741e+02,1.185296816529879749e+01
-6.364555848118718728e+01,1.111114374422313844e+01
-7.346651678031943788e+01,9.144265129425335203e+00
-6.131319936673070714e+01,1.541295370255361874e+01
-7.119572954697621014e+01,9.588771221247737842e+00
-5.204208984788909476e+01,8.373524904328174756e+00
-6.341429488820412530e+01,1.321435234350864008e+01
-5.356692264327078590e+01,8.757286779465793813e+00
-6.617982447271764102e+01,1.036690195336100651e+01
-6.745040203200589701e+01,8.966026724898160438e+00
-6.678820658308012526e+01,1.052072383518702026e+01
-1.756170378200316691e+02,8.542559356533883985e+00
1.682210676734814285e+02,1.315639669003280687e+01
-1.653644158532715096e+02,1.198328766598542927e+01
1.775833540721550889e+02,8.107400243972278986e+00
1.722198802687618979e+02,7.670781386803380286e+00
-1.751340546871482786e+02,1.193403063998260549e+01
1.669885584670543892e+02,1.176684779965942695e+01
-1.786935990385321134e+02,1.255502638345832978e+01
1.785099374819275511e+02,1.034667129590518009e+01
1.784724943393975423e+02,1.184666094231108247e+01
1.758677358028922697e+02,6.421968328262863679e+00
-1.692420653653882425e+02,1.059039735805403737e+01
1.700928141258610822e+02,8.268837919618302834e+00
1.757488964772688007e+02,4.542551911420145139e+00
-1.737733037714199327e+02,6.976407890880070184e+00
1.740814504423419464e+02,5.128147283268239320e+00
1.771439714427486933e+02,7.773086627082458122e+00
-1.711978296625555345e+02,1.022362404751686071e+01
1.670874024179242099e+02,8.262910878515322466e+00
-1.742329188637945947e+02,8.832955191521342897e+00
-5.764653262368845787e+01,7.650323239162059252e+00
-6.181375363445634008e+01,6.464187907880800665e+00
-7.904956395381060474e+01,1.301032167898448044e+01
-5.921161850095585066e+01,6.287369892814229644e+00
-6.639037278613366766e+01,9.537140769831410125e+00
-6.350777083698192627e+01,4.312992712430456343e+00
-5.908813834262295472e+01,9.445801417850393733e+00
-6.326543505333435036e+01,6.038314829607568157e+00
-5.320430317957526967e+01,6.700712643923429468e+00
-6.729026676093305070e+01,6.383129760335434000e+00
1.773415115604051664e+02,5.564343095506687042e+00
-1.727137722739733476e+02,5.743197140040905424e+00
1.705642528315819391e+02,5.756327825217874228e+00
-1.713584430622153718e+02,6.251736601378439673e+00
-1.787945924042753632e+02,6.327522585288882340e+00
1.771240749079950660e+02,4.263642288646384060e+00
-1.746229175865088621e+02,5.266003665119241006e+00
1.724231479872595685e+02,6.740976907880714464e+00
-1.750597056097573727e+02,6.361037326778337331e+00
-1.781860394729732775e+02,6.491665074321928408e+00
6.712890573605783118e+01,7.826219135263569271e+00
7.786895316113007937e+01,8.191561498512886175e+00
5.193506711009681709e+01,7.673546199887690378e+00
6.645574454492218308e+01,8.223239815742978465e+00
6.530959351725741158e+01,6.595881732140229659e+00
4.573145653622255935e+01,9.780211144360377418e+00
9.008935603800655656e+01,1.337670282174482317e+01
4.709344233429291648e+01,1.044358426301999110e+01
6.765873091894901847e+01,9.827717269711218506e+00
6.179272960080880495e+01,9.046259289101026724e+00
-6.240923438381382482e+01,6.170841910330213231e+00
-6.232741066849978750e+01,9.935042618815311144e+00
-7.114247442917726971e+01,1.148799446844942906e+01
-7.233668055584659839e+01,9.059123838705279042e+00
-5.742910019797458432e+01,1.253983841073531025e+01
-7.009853654170959203e+01,8.394782215160962124e+00
-6.233188279812925714e+01,8.237312331851855518e+00
-5.514764948761278163e+01,1.219111950099935271e+01
-6.824971421500247004e+01,8.123816179526681225e+00
-5.621382719318534527e+01,6.915282734523994890e+00
6.449153143897704865e+01,1.095765569301787146e+01
5.128270918719321259e+01,7.176181734182652150e+00
6.406698185712112092e+01,5.335871901984228671e+00
7.261238469672709073e+01,5.899066670370038956e+00
6.494425161612416275e+01,9.463547694059707638e+00
7.427452928730401993e+01,6.385323862861149280e+00
6.037288609748119939e+01,4.679818366740340352e+00
5.740421253749099861e+01,4.082016013375841190e+00
6.327696707434453316e+01,8.416076106347347263e+00
5.504632252281840721e+01,9.109779449715812660e+00
5.121112726987990982e+01,7.478464647376817709e+00
6.370746677120168755e+01,6.454320075703182447e+00
6.624888293742952783e+01,5.473991001498184517e+00
5.472943483782355401e+01,6.653781001804535578e+00
8.396042117879754585e+01,7.898619278806151556e+00
5.120639663693850707e+01,8.801002979452485775e+00
6.914272081526682712e+01,4.530041833024581521e+00
6.466476370928621975e+01,7.885273551662924874e+00
5.708508315414627532e+01,7.048661374076173658e+00
7.853743619750760274e+01,9.270741447929989221e+00
1.749126981810322832e+02,8.389058851428728758e+00
-1.704348589159414757e+02,8.875689169048122551e+00
1.722546221161076119e+02,9.190519854183497372e+00
-1.736875360207315566e+02,7.192214041949274161e+00
-1.786234907326005441e+02,6.331312678291606488e+00
1.730294335502980800e+02,6.320575429517475641e+00
-1.723993710331840816e+02,6.370729160622653708e+00
1.699446846319753774e+02,1.044345555750707177e+01
1.757543276122275699e+02,9.101275991068320081e+00
-1.713591655096120121e+02,8.962899946419437214e+00
6.940317610137998372e+01,7.451354062273940926e+00
5.367612650254841355e+01,8.398821736988166364e+00
6.886148684532211917e+01,8.175943591555748569e+00
4.998639127929268255e+01,5.217458510375772462e+00
6.051771151359811540e+01,8.410306544047818633e+00
5.647535332246850004e+01,7.294520888707478612e+00
6.179796756366026500e+01,6.452823303613255845e+00
6.841952474321533373e+01,6.939987351575687136e+00
6.165478268256054406e+01,7.194130777599331061e+00
6.588542701561607373e+01,7.621222121406875161e+00
-6.668600067077272797e+01,4.763512134889305472e+00
-5.579120984876612965e+01,1.056993123809129287e+01
-6.882016629277079289e+01,5.729629312251983464e+00
-6.240778086851518225e+01,6.870155581398171840e+00
-6.939661045673616968e+01,6.255043297285259207e+00
-6.139861454104023863e+01,6.513698054025992334e+00
-6.478400939560772542e+01,6.818565746957020224e+00
-6.039567063914161338e+01,9.080741175166341606e+00
-5.894376195798768237e+01,1.051640299454238203e+01
-5.487102803777519000e+01,5.832355738535556000e+00
1.755323667774503065e+02,4.196791826239190115e+00
1.764472145571791941e+02,4.096300751301472864e+00
-1.757536832618754659e+02,3.996486968866009626e+00
-1.789801184922971515e+02,3.522688700922286920e+00
1.698805920410451904e+02,5.256691954376935705e+00
-1.737363230654994481e+02,5.531775210083361038e+00
1.740043167693886517e+02,6.510421345802042126e+00
1.783930380992966036e+02,5.184330175287891862e+00
-1.752989515018279576e+02,5.185497289840155233e+00
1.708824032210252994e+02,5.311630565649531732e+00
-1.758553925128894377e+02,7.692168129175939839e+00
-1.732539041163003048e+02,7.882596013605343899e+00
1.699200198511728388e+02,6.099979262096774768e+00
-1.781588477145566003e+02,4.894713982246344131e+00
-1.699193727504849392e+02,6.910169360601248201e+00
1.606658304005520961e+02,7.442531468755717583e+00
-1.788662265155268472e+02,6.636388663467085003e+00
-1.766216618178206090e+02,4.651228528395678907e+00
1.715133498782875279e+02,5.303361152236226062e+00
-1.766477618178580258e+02,5.774975704507081531e+00
-6.659573634889814286e+01,3.311947491096304041e+00
-5.426112378048678409e+01,6.500399225902295797e+00
-8.151664303675867984e+01,6.333123543350765772e+00
-5.477881022744584527e+01,6.399346584330400489e+00
-8.117347474601223212e+01,7.642550748897150470e+00
-6.417353352669715605e+01,5.706462747883751518e+00
-4.479356677393185748e+01,9.528693359099090543e+00
-8.847273920342384201e+01,1.011282069653921312e+01
-4.605996214729415783e+01,8.799809469463960809e+00
-5.433166502863269898e+01,7.738307848410096668e+00
-7.877839218188205450e+01,1.016386481170119183e+01
-4.285295646402310865e+01,1.377098172996985248e+01
-7.643412392163838831e+01,7.215345349948437459e+00
-6.290461935084670841e+01,5.380570717732606312e+00
-6.170999654361060038e+01,6.990887275581172844e+00
-8.730750537805818112e+01,9.254959513665266257e+00
-5.063208958536461779e+01,8.227273057577860982e+00
-6.751164819094127267e+01,4.895352848697644532e+00
-8.196725837421570304e+01,7.617491521640459951e+00
-4.507996510131743406e+01,8.964663112654625010e+00
1.782563638368629313e+02,6.670865521986089064e+00
-1.725700563817985937e+02,7.425972219064963298e+00
1.769664684408148219e+02,8.347961847376403455e+00
1.729340962648322204e+02,9.995458310220328713e+00
-1.754583945108216199e+02,6.997789552496347376e+00
1.725523737824603074e+02,7.196213034343644566e+00
1.752706269549643423e+02,4.820674205456898065e+00
-1.662237574139689684e+02,9.407866054247969956e+00
1.739226257279204333e+02,1.126035038613816397e+01
1.794096223793295621e+02,8.792786115398527613e+00
6.301451661667066872e+01,6.368293929418629595e+00
5.844687948397164945e+01,6.470183373680510996e+00
6.937465937783643710e+01,8.659844707502619698e+00
6.318620607847805104e+01,6.545527346130215918e+00
6.412332789425288126e+01,6.314499095073196955e+00
6.703993961942407509e+01,5.230264964583769327e+00
6.365708898624365730e+01,4.731766373084067112e+00
6.675434012774535120e+01,6.852519150601535713e+00
6.191367552293703369e+01,6.570841698263495623e+00
7.042684724406392149e+01,5.374668702499869610e+00
-6.554859145452122959e+01,8.723429918021427198e+00
-6.722559948707602473e+01,6.942810204933714147e+00
-7.035326678727288652e+01,1.025446598440425028e+01
-6.695077483071160884e+01,7.282441460658819921e+00
-6.233145769828058746e+01,8.796769413464904375e+00
-6.949538568194965649e+01,5.468950503854301814e+00
-6.780415954890247576e+01,6.093964062906454870e+00
-6.723240787363165794e+01,5.611847310869330308e+00
-6.503650797178612208e+01,6.836049684530991932e+00
-6.959444456966615178e+01,5.460772148113559155e+00
6.827082262663418533e+01,8.545874461540176270e+00
6.166066315865398906e+01,5.843959477941187863e+00
5.056255720335659731e+01,8.441508029735171448e+00
6.027514744582234130e+01,8.655260113413458356e+00
5.052576876819804141e+01,6.490138824685372398e+00
6.027508148410944955e+01,6.600519883942506105e+00
6.662662183672033223e+01,6.900947753196318146e+00
6.733417501178645637e+01,8.061712989041371458e+00
6.696210396920349694e+01,8.736484615505148099e+00
6.861592271396671094e+01,5.167027652066582988e+00
6.517731885790348656e+01,5.905308937951099679e+00
5.026253485747861305e+01,1.254168815183335539e+01
6.527576126230194120e+01,1.480845357081524938e+01
4.717630628787843960e+01,1.219360977038132177e+01
6.205110371296598970e+01,8.500030077308210252e+00
5.598951768261768791e+01,6.098029594642301987e+00
5.409923861524003286e+01,9.871248932040032287e+00
8.141533621082815841e+01,1.633948469188431218e+01
6.029250266148499549e+01,1.818629086141758222e+01
7.866849063966785138e+01,1.045635628593552191e+01
6.369889248882961397e+01,5.021386961437297458e+00
5.685817987589124556e+01,5.514594846775821679e+00
6.284940506366760360e+01,1.094047968677226734e+01
5.361080430247036333e+01,1.416100573658216888e+01
6.953321293195149622e+01,1.299766832095621716e+01
5.376077395818492732e+01,1.290155836967298697e+01
6.898015301105256469e+01,1.250396688900236875e+01
5.887480633792196016e+01,1.126098405605704755e+01
6.451264945233803871e+01,8.863139033759823704e+00
7.389622555820498917e+01,9.578871814687859754e+00
5.991650396106194876e+01,8.751425918156538586e+00
7.644612672121168373e+01,7.546158720488094218e+00
6.793861145717693262e+01,6.984449114003350445e+00
7.500390180718848399e+01,7.270579153070685585e+00
7.205353099393317962e+01,8.022050161446426131e+00
6.502086275360903755e+01,5.372711967052279824e+00
6.541261432265858389e+01,5.221576047451191194e+00
5.244876156105212317e+01,8.498320160548241020e+00
6.955089039119114602e+01,8.782566437446153174e+00
5.776016476132993915e+01,9.999039727639665642e+00
-6.516783101191768424e+01,9.923600233218641264e+00
-6.344923557747551257e+01,9.164662805242613786e+00
-4.984077747708835915e+01,1.428342494128293438e+01
-8.162313486964180242e+01,1.157088812703289804e+01
-4.898645972173635244e+01,1.100156344056268054e+01
-6.967983508910768364e+01,1.217746371349000256e+01
-6.470634198035496354e+01,3.676070686265498821e+00
-5.501520919851113689e+01,9.281757619403766313e+00
-7.696756077113333561e+01,7.077210135038356498e+00
-4.825180992834630445e+01,9.512395266152207540e+00
5.365468108151674897e+01,8.527769158594271204e+00
7.806868701644278019e+01,9.040060127155065572e+00
4.715866875639575539e+01,6.176250502310528745e+00
5.892226177980163726e+01,7.051845158212577402e+00
6.188153849755871505e+01,5.680576068301530945e+00
5.482695456675978107e+01,6.677352001497726341e+00
7.167515087088919756e+01,5.959186014699644041e+00
5.397517732590026185e+01,8.258427459093740097e+00
7.575700685609353968e+01,7.479808102221252142e+00
5.808095020490451788e+01,8.239451598243050512e+00
1.740616527504908504e+02,8.259144452232018097e+00
1.784957185567306510e+02,9.439021657894450357e+00
-1.773581242171563588e+02,7.818510637186863121e+00
1.709791539307800292e+02,4.445092363636842236e+00
-1.639414148497265558e+02,7.945396361783714667e+00
1.668021021141260292e+02,1.261101811149854157e+01
-1.799393243993575027e+02,7.865804046262109495e+00
-1.703627863426651743e+02,1.199788689278038234e+01
1.705838799908368912e+02,1.104871477108871680e+01
-1.798792711365737489e+02,4.866331965943362370e+00
1.795261421924187175e+02,5.231688452381690446e+00
1.759604078753642398e+02,4.694406960167307297e+00
-1.769951674313575438e+02,7.658771221445956456e+00
1.745503680038395089e+02,2.411872906305837283e+00
-1.731555992678209464e+02,6.245138710142028593e+00
1.743360015057263865e+02,3.545000286979547610e+00
-1.799730607038656842e+02,4.363793673508659765e+00
-1.743262956355610527e+02,4.859052455584444985e+00
1.729681508301629265e+02,4.452805393884460727e+00
-1.779701157861363185e+02,3.635928249253255196e+00
5.915812366563908142e+01,6.427009479435377592e+00
6.691026837986137821e+01,7.869593106428222740e+00
6.226829779205883852e+01,8.546648072727808909e+00
6.575021483438956693e+01,6.359938399094477113e+00
6.686004085550939635e+01,4.783671386047281260e+00
6.516062409593678240e+01,3.830959926769447854e+00
6.623511650004415685e+01,5.837320817274287421e+00
6.860094593103944760e+01,5.812734784125024312e+00
6.730722320794757252e+01,5.927860225958657026e+00
6.900824897395432345e+01,5.172297803759594359e+00
6.302143458518548158e+01,5.180710736586321197e+00
6.900676911921965484e+01,6.316720331013161882e+00
5.573936491418399441e+01,5.452613547256074611e+00
7.172633711397580214e+01,5.368167161227397344e+00
6.436647275010578539e+01,4.378857762253975494e+00
6.504244945169851633e+01,4.991445159239964902e+00
7.028257895035294212e+01,3.977444126092455789e+00
5.382474950181288875e+01,4.960050339531965946e+00
6.250654607315864553e+01,5.612186750982855798e+00
5.881549382772875134e+01,6.073788166448789383e+00
7.427422278217989060e+01,1.700464733257771499e+01
6.706552739096555626e+01,1.896312055137349262e+01
7.173389363681329201e+01,1.249316568931714500e+01
6.456563757398684800e+01,1.351996849171106874e+01
6.764280515298123930e+01,1.351090615165605158e+01
6.257529863988518315e+01,1.034961204653594891e+01
7.511898193690231551e+01,1.167884784624292394e+01
5.877880050572507287e+01,8.683998538034307657e+00
6.053552408669512630e+01,8.925639583377488862e+00
6.333673496382357371e+01,6.415469284797326921e+00
-7.669181715733571991e+01,7.074453339969645427e+00
-5.944743614196119808e+01,7.437176234943468245e+00
-7.156503357790218445e+01,7.854914563543211159e+00
-5.611903170959265452e+01,7.718635055720485028e+00
-6.572708879028688500e+01,8.381757022382510414e+00
-6.162368279590196352e+01,9.214990692533184813e+00
-6.082219480964599967e+01,9.494458926703551072e+00
-6.190009580700572656e+01,9.608880502766155018e+00
-6.111533401662254761e+01,1.040771936148270171e+01
-7.411796051372809302e+01,1.097710956267207294e+01
7.060355244199050162e+01,1.051951035390562872e+01
6.218907947534563618e+01,8.797089530128218371e+00
7.159710054157135062e+01,6.971075909512886248e+00
5.240422340797079670e+01,5.398618320618749244e+00
6.316509774161005453e+01,7.693863554621785283e+00
5.764468927023007438e+01,1.149010181920218798e+01
6.845968845707909622e+01,8.337804282478188611e+00
6.271491649443360217e+01,6.391226104755748594e+00
6.937810583560259658e+01,6.523347806910674507e+00
7.690148662722106110e+01,8.006467400060548911e+00
5.333204238226136340e+01,1.001325649903260384e+01
6.627800257149952756e+01,7.342921321056891770e+00
6.630464424136771129e+01,1.043566376516310079e+01
6.216502455394217463e+01,8.476730967104119330e+00
7.493926585206067159e+01,1.197434721641236166e+01
6.248960730846648204e+01,6.743975329197874125e+00
6.160702441963827170e+01,1.033624415408766950e+01
5.149875355572468294e+01,1.064397213485016636e+01
6.170604036700434136e+01,1.175302026299051761e+01
5.478964995167244467e+01,9.828409370855853311e+00
1.777881562267198206e+02,6.703502604661614406e+00
1.686753801376539741e+02,5.246744035812500151e+00
-1.705882162895975682e+02,7.988295110675034394e+00
1.652381611581606080e+02,1.152456599675309512e+01
-1.792081544131218038e+02,1.270367789076349752e+01
-1.796503072470314635e+02,7.363676655731121734e+00
1.660179142230123546e+02,6.172223485338030002e+00
-1.711576733193290352e+02,7.989310267065928173e+00
1.755928295539297608e+02,1.033271383230511553e+01
1.782433876776511852e+02,9.728859997251007030e+00
7.718131061702990792e+01,5.554308382582801684e+00
5.533820474932180389e+01,7.526219637095131532e+00
6.644082912784712391e+01,4.559330168790435067e+00
5.062012705640859167e+01,9.366006776359801833e+00
5.833573135936880050e+01,6.438363027913767134e+00
5.845338740472381289e+01,1.051684226941710598e+01
5.342790274646974069e+01,5.435290703418991676e+00
6.885221699842594489e+01,1.365491499487944793e+01
5.986534284689908958e+01,1.035200791985911550e+01
6.589927650300151640e+01,1.209983420700680057e+01
-1.757637260648298820e+02,8.862022522728604912e+00
-1.732823177407943831e+02,9.451470131513634243e+00
1.761923738834997266e+02,1.705303248534274729e+01
1.786524780467926519e+02,1.071584938913119167e+01
1.741948059460387697e+02,1.169507798360575102e+01
-1.715471651249803244e+02,1.254854480676837980e+01
1.712942401771343270e+02,6.694614356495904417e+00
-1.757652769308491827e+02,1.306128136312676702e+01
1.734006459961122744e+02,7.929953910958552399e+00
1.706833119910977530e+02,1.298264835333306166e+01
1.673295646761557975e+02,6.800158870802325062e+00
-1.734314093920115454e+02,6.153314602259072785e+00
-1.796254119280843611e+02,6.685098293330486996e+00
1.695547098783010540e+02,6.896768741285825399e+00
-1.770232825685550324e+02,6.144026317410315130e+00
1.780849845032542476e+02,5.423385059122793450e+00
1.777904530079553354e+02,7.892991947599611535e+00
1.743983181333181847e+02,8.918866723133273666e+00
-1.754616379738602916e+02,8.596135184758598058e+00
1.731326701820439098e+02,7.794639029751806447e+00
7.779608588394147262e+01,1.081844841278413760e+01
5.688586333663645433e+01,1.107708320837014249e+01
6.802732707190592976e+01,7.817742332597838129e+00
7.413886091760127783e+01,1.219911800644258726e+01
6.916141535892433012e+01,1.524237649065827327e+01
7.854331633682502911e+01,1.292092940705968473e+01
6.584483175355283890e+01,1.010088747821781041e+01
6.637854971782502389e+01,6.028578335996400028e+00
6.492004524717867753e+01,5.346871276299113518e+00
6.665858869271650633e+01,6.274888279617394815e+00
-1.670313222468407730e+02,7.902587463443452975e+00
1.692902870040773848e+02,7.889820080699582405e+00
1.736450187612893217e+02,7.131247201694298710e+00
-1.558365196406073778e+02,9.306199785953193526e+00
1.662900099840502435e+02,6.793013419600084646e+00
1.775565144260653483e+02,5.172620303963413768e+00
-1.603397391808155419e+02,8.470440303106576252e+00
1.637642933573083610e+02,9.093146675125701961e+00
1.782621639039757042e+02,8.914642446296888068e+00
-1.567058884612055465e+02,1.098459464969898391e+01
7.547757241633770775e+01,8.562152308905137232e+00
5.799231059192493376e+01,7.316915767115528269e+00
6.805802660820576477e+01,7.308010512224374366e+00
4.332270107916216517e+01,1.345147255351838034e+01
7.442827441191275284e+01,1.125875864792626047e+01
5.247031819766154825e+01,1.036638327934783987e+01
7.603278863513631336e+01,1.336792116083206494e+01
7.275344670565573324e+01,1.121571044555805230e+01
7.055412700881973365e+01,1.679098474066781321e+01
8.150028332244895068e+01,1.697135001766458373e+01
6.582696038513290659e+01,5.821546968551356116e+00
5.749121589250771791e+01,5.883804861961051458e+00
6.426755861874322306e+01,7.065468760895675437e+00
6.302306836407421997e+01,1.005589627703241185e+01
7.078073162406637664e+01,7.614797816167065747e+00
7.159556057311824873e+01,1.015009536593147033e+01
6.620368998244499892e+01,5.401395810701370870e+00
7.072469680083270305e+01,6.291585510202664544e+00
6.091417871846050502e+01,9.168899734929411238e+00
6.778405547468157977e+01,8.128823553026773396e+00
-5.518839827893231131e+01,1.002373977409815531e+01
-6.370917706700700478e+01,7.482102951875173602e+00
-5.044958892432537567e+01,8.574181725061249537e+00
-6.797202269246476192e+01,6.540153332549436094e+00
-5.837200333258778073e+01,8.330086476997939471e+00
-6.657936605072946179e+01,5.843648906690260603e+00
-7.061819203163283021e+01,8.261392825314350929e+00
-6.470641707994163028e+01,8.246292734912120892e+00
-7.817708573805414574e+01,1.024709646071906022e+01
-6.779007789265354234e+01,6.484772267392740375e+00
4.781624393323922817e+01,1.318591687696612702e+01
6.794011208766990251e+01,9.484653494139559271e+00
5.577951154973520431e+01,1.085022617723479676e+01
7.075688482015095815e+01,9.013834882492899325e+00
7.763047028705759089e+01,7.813617098010880113e+00
5.943887323316508997e+01,1.038972180122490485e+01
7.613484108367414649e+01,7.812043869024886789e+00
6.661335593420365342e+01,5.090369494874357414e+00
5.156934396587580238e+01,8.208086081948362533e+00
7.074248690031905085e+01,9.586690653077418744e+00
5.657492489674749692e+01,6.546948246076121691e+00
6.982980979022053702e+01,1.079976687897387144e+01
7.900153648681811092e+01,1.104390443984631176e+01
6.153018948904921359e+01,9.936026293404239595e+00
8.159138581389377975e+01,1.207398344276680291e+01
5.806611056416621608e+01,8.742686895173832795e+00
6.331882746976197041e+01,1.044886612038162887e+01
6.403641493627199566e+01,7.703346631542087763e+00
6.566728469433260784e+01,1.223869393855125765e+01
7.841433231043428975e+01,1.254116590856164670e+01
-7.270252337015742228e+01,7.651212475130812152e+00
-5.932021942568479034e+01,7.921302496700963758e+00
-5.888556170803557421e+01,7.422983078404888246e+00
-6.876381849561143156e+01,9.125452597692547130e+00
-6.147464030042900873e+01,9.001627418805474790e+00
-6.623843069883461965e+01,6.448952526085616199e+00
-6.367049894206351013e+01,7.577651468868488394e+00
-6.247701249967839487e+01,5.591273530475647568e+00
-6.950649169110312187e+01,5.784192507297985841e+00
-6.338447827390567824e+01,4.147577063404677133e+00
5.860957431215074109e+01,8.343488731913254242e+00
6.891683196239972631e+01,1.035936510402592958e+01
4.521584334495631197e+01,8.730834045869970694e+00
6.857231174212540736e+01,4.859194250228229706e+00
6.091193225679813139e+01,5.556510767465493217e+00
6.112053630503670121e+01,6.745693170737584232e+00
7.108410269370776291e+01,5.120938276443929738e+00
6.374744813966240997e+01,6.890366811904847566e+00
7.049849928681521760e+01,5.894702963815033669e+00
5.999565785322511147e+01,3.582239778988574486e+00
7.030340593285247053e+01,7.712292717624199767e+00
6.379408140471741007e+01,6.063326390467917548e+00
6.925582012332029080e+01,6.188105759694200181e+00
6.249053368603973269e+01,8.938906096435339066e+00
6.664369231097187196e+01,4.679165277571785353e+00
6.604772980367030755e+01,9.675745203884872581e+00
6.428388320378378751e+01,8.056798965520133748e+00
6.646859570831344399e+01,9.722118239283258134e+00
6.605198747104824974e+01,6.174345346292390957e+00
6.698571878171743776e+01,7.359941876725105914e+00
-5.074002709095808683e+01,1.355199584287950287e+01
-8.222539677744155995e+01,1.584417776236212205e+01
-5.421485755528458839e+01,1.408709401917155724e+01
-6.082826934006924091e+01,1.602728871604812255e+01
-6.403451666134013465e+01,1.526162782256047379e+01
-5.444356567118124701e+01,1.726301525333996167e+01
-6.259459437255392800e+01,1.022768853543952794e+01
-6.448148001067890789e+01,1.290856378346285638e+01
-7.871255284784733419e+01,1.428659226059370368e+01
-5.404733720665761609e+01,1.086110246847399807e+01
6.200689504452915202e+01,6.486314949059986290e+00
6.299301325722936440e+01,1.635997671875157167e+01
6.582893568398641548e+01,9.715826919521569849e+00
5.542313294195964346e+01,9.621521643229085541e+00
6.044642602686170108e+01,1.528300468135887868e+01
5.047135786290284187e+01,6.559426874127867180e+00
6.837731562292667320e+01,1.205386576941826249e+01
5.625598370688263827e+01,5.267557875075233653e+00
5.413146717871222080e+01,1.328834291983543281e+01
6.348619396870625309e+01,9.714665221085299507e+00
-1.788326664587122821e+02,6.396069659298880161e+00
-1.773539564313859387e+02,6.489906446479596802e+00
-1.773435098485887238e+02,8.915871338648157618e+00
-1.795429034563047139e+02,7.083751901819093533e+00
-1.716459075246382042e+02,6.561765683285518236e+00
-1.790693419512066384e+02,5.992116880349292352e+00
1.780097402240749034e+02,4.433756392030177906e+00
-1.680676285177229090e+02,6.946726331645089125e+00
1.751094513730483300e+02,6.402158115434467334e+00
1.760411456550218929e+02,8.725919699380220607e+00
-6.560762575357499315e+01,5.757637589090885299e+00
-6.066420105909926264e+01,6.376091801460255226e+00
-6.131233265307029967e+01,5.879770645517846894e+00
-5.115443331771958668e+01,7.286883527005170613e+00
-6.771933181358005527e+01,9.268283224649293217e+00
-4.197800200133003301e+01,9.663448317033589419e+00
-5.870352458819485264e+01,1.031309300177345101e+01
-4.938960480587544311e+01,8.835326935324975040e+00
-6.166047161870061899e+01,8.035196995834999356e+00
-7.774393335791084780e+01,8.564066566784749313e+00
-1.724469299842102714e+02,8.651363658199398898e+00
-1.792725246991938093e+02,8.513893218657383244e+00
-1.795656684615788095e+02,9.736123022973366403e+00
-1.628323763268652158e+02,9.907108658948223123e+00
1.774967454859923635e+02,1.083203234967633044e+01
-1.731621046673488422e+02,1.420287612475909356e+01
-1.738338025799469619e+02,1.248063716995430994e+01
1.763899278564654765e+02,9.047770268089049495e+00
-1.705327709017479378e+02,9.299903411508321227e+00
1.720401518010956465e+02,8.959470496227353919e+00
-1.775890823149700850e+02,7.457469330722274137e+00
1.770698898940360948e+02,6.288506957841315526e+00
-1.725813525033245242e+02,7.231203848475821871e+00
1.774228325559528514e+02,6.813978383417344631e+00
-1.777271635777206313e+02,5.482518560316373524e+00
-1.747566010287113727e+02,4.390992627626077116e+00
1.769564339731889220e+02,7.374543963119494450e+00
-1.772715019276485009e+02,6.687989098081155603e+00
-1.758282301180964282e+02,8.133034909340732810e+00
1.764789614192314389e+02,7.278517876179595447e+00
-5.665761421684226917e+01,5.984325214506364787e+00
-6.975787072820928358e+01,6.623401204129799602e+00
-6.042671270730073019e+01,4.964985115720578435e+00
-6.539094518577670101e+01,6.733974233063061199e+00
-6.797122431947623511e+01,4.479666024748312658e+00
-5.704004187912755697e+01,5.103655443795982904e+00
-6.146661876168391103e+01,5.086283141257142759e+00
-4.904039490394999490e+01,5.919381765934787154e+00
-6.030886936735781489e+01,5.448303995238291009e+00
-5.413964748683396522e+01,5.545670482805804546e+00
-1.709911659610592665e+02,7.913085051347472643e+00
1.733359055933125035e+02,5.840447362674610510e+00
-1.733259034001623888e+02,9.613480181090206855e+00
-1.793777657270722727e+02,9.286125546396366559e+00
1.786866754609223165e+02,9.429770435033471898e+00
-1.794010413971241462e+02,7.876955708605958506e+00
1.757562718941415767e+02,5.051763739827974220e+00
-1.741388848485444214e+02,6.512888541768914408e+00
-1.796337198315824821e+02,6.727976594031222390e+00
1.771556122780581006e+02,9.127442698716720315e+00
1.648412658649073705e+02,1.010311858041596267e+01
1.763319690665334463e+02,7.671828210034570716e+00
-1.659844276679902464e+02,1.077384363540363310e+01
1.646974892220673894e+02,1.472433712245241288e+01
-1.696543309124473637e+02,9.450924662095411932e+00
-1.711213600668228594e+02,1.170198830875508378e+01
1.729387411133525632e+02,1.203290267297589189e+01
-1.752518251967216258e+02,5.642501542475256926e+00
1.733759783203183815e+02,6.440198711141785104e+00
-1.759801387861240300e+02,7.756793713780469446e+00
-4.702722367699757910e+01,6.911587474939325126e+00
-6.312877045469815585e+01,4.741957634465418181e+00
-5.778166558136847897e+01,4.014310063606454371e+00
-7.198463489047466624e+01,7.578669471289956050e+00
-6.665506194038289323e+01,5.910781666687123348e+00
-6.382452696685768956e+01,6.001415751113533759e+00
-6.949617255531055093e+01,4.989793511249770219e+00
-5.526022936588289269e+01,6.169278167190084261e+00
-6.911355931534951935e+01,5.280073021374260378e+00
-5.668529482706028233e+01,6.103020654067057293e+00
-6.823216256345855868e+01,7.961646155716898932e+00
-5.303310056575015352e+01,1.644074279290631324e+01
-7.308110292330475488e+01,1.134497833873841621e+01
-6.636798383091679909e+01,1.770330961017686988e+01
-6.444025883908821584e+01,1.317381211934128871e+01
-5.739332783420998396e+01,1.306219193254965560e+01
-7.161190975411940940e+01,1.263467498128385103e+01
-6.238371515839431680e+01,1.357897813865072045e+01
-6.712185159610775997e+01,1.420726034497316626e+01
-6.570805127991789618e+01,1.554816238050177901e+01
-1.760586523348681851e+02,6.875422646717019859e+00
-1.753595581265116152e+02,8.812745573002832344e+00
-1.780133859912687342e+02,8.799750510953860072e+00
-1.741286788449498601e+02,6.962675709201841201e+00
1.749396459565822681e+02,4.676950083295711380e+00
1.792096396228290303e+02,5.868182107109698009e+00
-1.787341797293950378e+02,6.580250357335485134e+00
-1.770626475073100607e+02,6.617556592726877795e+00
1.776326995042415717e+02,5.937848298724714979e+00
-1.797666791816959346e+02,4.679960805032415294e+00
1.772543550186360051e+02,7.986707534172051481e+00
1.737578284539436879e+02,7.761967262991316119e+00
-1.711580037560882204e+02,3.848762448419073223e+00
1.758987317128022596e+02,3.077889087140465385e+00
-1.747873279086211369e+02,3.511389818009524433e+00
1.773078672552847763e+02,3.965102250753620439e+00
1.758115189373677936e+02,3.038758097080284770e+00
-1.729398408091610975e+02,3.041908349356801544e+00
1.763613998007859607e+02,4.134318683993252641e+00
1.796648700734374415e+02,4.029394892653823668e+00
-6.800582760602860333e+01,8.178688906020308735e+00
-5.331184862851597472e+01,9.463847475484097771e+00
-7.235100984188220252e+01,8.432805271598583730e+00
-6.787887632241123015e+01,9.520093933352056226e+00
-6.816510578535213938e+01,8.920230890326269702e+00
-5.539676758935997469e+01,9.656315939072687371e+00
-7.506960892126795670e+01,8.699762720561677654e+00
-7.073430018447201917e+01,1.071368099671277641e+01
-6.560832078829544400e+01,1.034571020914149386e+01
-5.308779293114729825e+01,9.045661792492859732e+00
-5.868505247841356720e+01,1.856831784828243315e+01
-6.305577028810866125e+01,1.629473411716253395e+01
-5.017134499157649685e+01,1.950314105390141606e+01
-7.595490894862487607e+01,1.754810689217805475e+01
-5.771979819452543126e+01,1.753493008881326176e+01
-6.324855555240078075e+01,1.962459012617219756e+01
-6.998309684632070571e+01,1.965784828227430125e+01
-4.988967024203444112e+01,1.684446425504948053e+01
-7.775983341809451588e+01,1.222807211134874450e+01
-4.221549070275800375e+01,1.610015076915374266e+01
1.734659958484021729e+02,6.640001804296699284e+00
-1.767708089325961680e+02,1.934394749649250400e+00
-1.734421581371488799e+02,4.258170679902864464e+00
-1.798545178691366004e+02,4.248328477700527017e+00
1.792849003696370858e+02,5.646328440017175154e+00
-1.717000717215528596e+02,6.051326064895887313e+00
1.766394823066578113e+02,3.825408065755433462e+00
-1.760525272086477742e+02,2.403170585460802755e+00
1.757162117653259088e+02,2.060203403159574620e+00
1.777418396713923983e+02,1.208472439318599934e+00
-1.771077360151061555e+02,5.663294679502018703e+00
-1.678017835157468767e+02,6.127803790339905632e+00
1.666783656209713627e+02,8.866231323591193814e+00
-1.673754228831365936e+02,8.991944854474615667e+00
-1.728030247180782339e+02,7.103884936907373771e+00
1.703893308651377652e+02,6.363806332246755737e+00
-1.680830708045569963e+02,5.249600369976708869e+00
1.757354703201258133e+02,6.359780197370429100e+00
1.795307989934637476e+02,6.138363374489429702e+00
-1.752590648292170386e+02,6.206511894953782971e+00
-5.982788190958434171e+01,6.395003654834642504e+00
-7.668725067707575249e+01,1.222377088350961571e+01
-6.416614024760316681e+01,1.155793865876079529e+01
-6.217020555911351920e+01,8.988254012877012755e+00
-7.307980713570164255e+01,8.112289366263052415e+00
-5.690930473712753468e+01,8.879781401431268151e+00
-7.007028079761123252e+01,6.680274384368686036e+00
-4.138617425711671416e+01,1.007958533707627424e+01
-6.812627611390361437e+01,8.953039028444312208e+00
-4.738425141562130705e+01,7.726113559316964086e+00
-1.753682558785573065e+02,6.438057037021771123e+00
1.784383529291755224e+02,4.963201119479111689e+00
1.752975821990657437e+02,5.479656520818922516e+00
-1.723312834769179744e+02,7.433789318301702309e+00
1.779303370195998184e+02,5.576540524001663890e+00
1.783646172004594348e+02,7.219346183172790532e+00
-1.665623659142173096e+02,9.026328240824669891e+00
1.656173019821431751e+02,7.909059233788571674e+00
1.782564901879617594e+02,6.516605207449297943e+00
-1.702534587498516601e+02,7.521713173602412539e+00
-1.667668712203622192e+02,8.968862457709867897e+00
1.748204588581345149e+02,4.702770525966908366e+00
1.746272090007269640e+02,6.283421307610037587e+00
-1.614643462860281033e+02,9.991031033692181040e+00
1.653901456948784130e+02,7.592683250020183294e+00
1.767177639531114153e+02,8.404992800050637314e+00
-1.638537357537394428e+02,1.046442646728580428e+01
1.687971543842209314e+02,1.018299162192606389e+01
1.727983013020225656e+02,9.807979110224071206e+00
-1.634734005660278058e+02,1.093484842337169383e+01
5.364022460698616612e+01,1.599889069128960273e+01
6.389862579311931512e+01,1.161461278060825819e+01
7.947158386736073510e+01,1.085721821941170084e+01
5.934711812933681330e+01,1.514921645374112025e+01
6.283200351947685647e+01,1.092188544750385049e+01
6.599991097397264639e+01,1.320206017185560299e+01
6.229641815653042869e+01,1.358637214233851154e+01
6.705863247572018793e+01,1.181796701043016995e+01
6.470267317853090105e+01,1.113708484013127809e+01
6.266800280828340419e+01,1.789860719697841063e+01
1.769531908074890225e+02,6.181958991180351859e+00
1.734167594282569382e+02,4.869316910113870911e+00
-1.739576128522734848e+02,4.852652282968962894e+00
1.763464482670620441e+02,4.741752551080715250e+00
1.664096349478011518e+02,7.825257144609945925e+00
-1.730924328048682241e+02,8.298519046621688489e+00
-1.773109010700600834e+02,8.773543245906871846e+00
1.708976843645448298e+02,7.216227132029696456e+00
-1.725172463414474748e+02,6.105240216563160516e+00
1.791897873327232560e+02,4.795966422583299860e+00
6.418460180089334699e+01,5.227116171728511063e+00
5.847792234667681299e+01,5.574233018801038497e+00
6.985920397257935122e+01,6.168989145674807162e+00
7.061014491148428363e+01,6.854369221330374629e+00
6.385455198113923814e+01,9.616628959599145432e+00
6.728356251973191604e+01,8.875803789110371156e+00
6.071773560732820130e+01,9.175803626061977525e+00
6.796615266257337851e+01,6.982601330237949711e+00
5.841701413725771630e+01,8.922798898700182946e+00
7.083719486138205923e+01,5.257764532957818204e+00
7.384974718451681497e+01,1.031843157012950840e+01
6.473888308134091574e+01,9.493945494435202193e+00
7.659927437685030327e+01,7.888609290127782003e+00
6.747381051015202047e+01,1.105578330846897472e+01
6.734890792599526321e+01,1.015589543408268369e+01
7.385889502390938333e+01,5.491179206889098552e+00
5.491803187808491771e+01,1.122167346492102169e+01
7.762278455065761307e+01,1.020090392078998676e+01
6.799525556341974664e+01,9.063995947341101811e+00
6.566502925526081924e+01,1.061486892513752878e+01
-4.700853173484274095e+01,1.115226650140244757e+01
-7.639245501037738961e+01,8.951775052847887437e+00
-5.226680110319291828e+01,7.329176785140212758e+00
-6.994770947212872159e+01,7.672560529528968942e+00
-9.223748414482753333e+01,1.226728508818595031e+01
-5.788973573912249293e+01,1.494896355803859578e+01
-7.884930432276124179e+01,7.285659649111215330e+00
-6.134533664814006926e+01,8.051613810913124780e+00
-4.316641949165571646e+01,1.184229646667910352e+01
-8.146406255586413181e+01,9.539731284717531068e+00
8.070635492964855473e+01,1.325652998820254780e+01
5.391225699879869637e+01,1.704580229001908265e+01
5.774853701016989760e+01,1.131394919622162831e+01
7.555639848172054940e+01,1.626454480750705045e+01
6.621527531228835528e+01,1.357675477085172489e+01
6.474029914434359512e+01,1.297687628752329658e+01
6.241801935055200801e+01,1.093989173305160811e+01
6.561724677901820257e+01,1.368472524785739175e+01
6.371729049800471500e+01,9.484407486098085371e+00
7.142749132821010960e+01,1.443649520466371428e+01
5.762689750935285105e+01,1.351808111859661210e+01
6.278606834789187019e+01,1.172140739589574565e+01
6.956017441175788463e+01,1.122442323604984082e+01
6.253043434376104415e+01,1.271486127693972179e+01
6.711174053400860373e+01,1.470814910567541389e+01
6.203636952780871638e+01,1.053774020137778322e+01
7.150363527062653191e+01,8.466247009621556074e+00
6.198253087549787210e+01,1.042098524858582564e+01
5.573095600679906170e+01,1.197658440149952952e+01
7.806278988385396644e+01,1.079618441633382808e+01
-6.314803723387603185e+01,7.323974966308201218e+00
-7.914592166109855498e+01,1.019928912882788197e+01
-6.372956810242223469e+01,7.901210813498259711e+00
-7.843762569352212211e+01,1.111573552329565118e+01
-6.939874828386989236e+01,9.122202531405562809e+00
-7.382103379235117302e+01,7.491266418942883476e+00
-7.059563020473865436e+01,1.028071612864806283e+01
-6.488388582334968646e+01,5.902112400343039411e+00
-7.583308193906114525e+01,8.950332469264566271e+00
-6.131842125332325821e+01,8.537605522696917859e+00
-6.663428609822554449e+01,8.924787904114344528e+00
-6.034034597837350589e+01,1.051068129971155507e+01
-6.784780656115520969e+01,5.654163248437029665e+00
-6.224897572631333986e+01,8.407717351121839044e+00
-6.788722423045503263e+01,6.449223416582265500e+00
-6.205033653482750822e+01,4.983649933738641735e+00
-5.837639913585108786e+01,7.009297215551336002e+00
-6.991987047347031137e+01,5.073144419481931067e+00
-5.998422701222351350e+01,4.821707034050657370e+00
-6.367499265068885705e+01,5.743723483923723450e+00
-5.881009645879691305e+01,5.113270185212956065e+00
-5.607142422533322446e+01,7.416718116868437960e+00
-6.790743659178720293e+01,6.924232694935580135e+00
-5.263020711875118707e+01,5.663428632386290573e+00
-6.603801400772537988e+01,6.679876472567222834e+00
-6.299235425941771638e+01,8.560976405598474059e+00
-5.450174279267785238e+01,7.517672064923667463e+00
-5.420594865996999800e+01,6.784265414933477345e+00
-6.165384122632687536e+01,8.555790972219831758e+00
-5.827943060204846404e+01,6.388389533363741712e+00
-5.504258459299155959e+01,6.410086905684469372e+00
-5.822961499181968748e+01,4.477259459298394972e+00
-6.180315490948083124e+01,5.456760472305901999e+00
-5.321298418376763806e+01,5.337321012825309907e+00
-6.685241776867208330e+01,6.529572671902494463e+00
-5.039270434699002266e+01,7.712257478020088541e+00
-7.740761539455542106e+01,7.475037003716998640e+00
-5.856565578535418126e+01,5.058336459870961477e+00
-6.669040569466285717e+01,4.626185670582995790e+00
-6.869833293204204949e+01,6.871910191824175840e+00
6.793366573108473006e+01,9.090155696705952693e+00
5.814147833347364269e+01,8.799425682677192384e+00
7.306473528557971520e+01,8.942040673018553321e+00
6.351650582528366584e+01,9.683873976898478730e+00
7.040237251502723836e+01,1.083021824197096805e+01
5.886562077021809358e+01,8.886770342190915883e+00
7.744872647421534850e+01,9.646907975848474592e+00
6.116197583207400612e+01,7.691422471358283275e+00
6.416878597886775992e+01,7.808538945237730289e+00
6.634348164361816202e+01,7.875141804427464365e+00
7.814379531155800862e+01,8.741627052512923157e+00
6.531465409130656496e+01,7.930740803783333348e+00
6.252286845987044472e+01,1.029825357099898397e+01
6.288478881612877558e+01,8.923775546136493375e+00
5.830881922501134085e+01,9.784764420210969149e+00
5.953044426336986561e+01,1.158080862955185708e+01
5.889148084628433111e+01,7.734540055286073468e+00
5.777797426480136522e+01,1.053586151774989688e+01
6.420740434956103115e+01,6.108824105306345231e+00
6.864503165279741381e+01,7.110247157813221364e+00
-6.073450801378082531e+01,8.084681268662635034e+00
-5.740804380259667994e+01,8.834566416032670233e+00
-6.944767521895074935e+01,8.190877396783069031e+00
-5.901704191796918053e+01,1.054157071189280082e+01
-7.608081275515297648e+01,7.437268377272065578e+00
-5.752252015853598266e+01,7.260113777427495307e+00
-5.997547198744108954e+01,4.898404090611887973e+00
-5.919386476259832364e+01,8.087512882514033663e+00
-5.607280175074722450e+01,6.417359252266526148e+00
-6.949017774468424591e+01,7.626641699231644367e+00
-5.216135420992213767e+01,6.545195026475985500e+00
-7.111354214237111648e+01,1.044097101553691331e+01
-5.669820547638392583e+01,7.265674953033023797e+00
-4.829635601499403919e+01,8.957551466512864380e+00
-6.616038569694954674e+01,9.216754585791784748e+00
-5.080872598091683301e+01,1.396650696779883916e+01
-6.387021021038453483e+01,7.358916033327536965e+00
-6.719828416211110778e+01,6.276096168824127908e+00
-5.970917333413576955e+01,6.519759143179863159e+00
-7.285744121178697696e+01,4.565728040564787982e+00
6.787232493052714233e+01,5.218926859078448999e+00
5.258015570193158084e+01,8.949984036737056670e+00
6.445330285587104413e+01,1.041929077652382496e+01
5.626555924907863471e+01,8.040398910171408176e+00
5.787830156170095819e+01,5.512344045753362565e+00
6.325732205232191063e+01,4.024618082182966461e+00
5.963193660789428918e+01,7.156244625191396480e+00
6.593730885277061304e+01,5.150865623496866164e+00
6.133618438403453865e+01,5.994450258889367333e+00
6.472653922030774254e+01,5.746417894648454094e+00
-7.304290971882454642e+01,1.347468069969289317e+01
-5.868407114236099886e+01,1.181199119538929665e+01
-7.024840013185954035e+01,1.187382767604279543e+01
-5.847022548171080558e+01,1.060985315164726650e+01
-6.579985421331305417e+01,9.339504504660581574e+00
-6.492812762609590038e+01,9.172023117180259533e+00
-6.416520129800187533e+01,1.281484409543500647e+01
-7.038485317819734632e+01,9.425396012971173576e+00
-6.641298826245791531e+01,1.028283759917013818e+01
-6.614797462408579065e+01,8.401234468556626922e+00
-6.915772648937586098e+01,1.104660537479005100e+01
-5.733870430715909094e+01,1.317045005350176368e+01
-7.197390889726523255e+01,9.037052609096020817e+00
-6.487046341258324844e+01,4.375214678547921565e+00
-6.616951662997404071e+01,5.870336480774389187e+00
-7.216679760137350286e+01,7.948639528574211965e+00
-6.200251634632339659e+01,1.048309965649992748e+01
-5.925534561608234441e+01,1.046527489233634434e+01
-7.299865376066674116e+01,6.555409929181600148e+00
-6.176142867968738415e+01,7.251682760687348406e+00
1.584897636672754402e+02,9.226255481377675594e+00
-1.561747175480844305e+02,1.115494747915467855e+01
-1.781600119652167677e+02,4.827106454241666178e+00
1.640939629314553372e+02,9.078171395579220260e+00
-1.684129184653618836e+02,9.348531940077581481e+00
1.787227072094725600e+02,8.273272742496562415e+00
1.707390757426308028e+02,8.177722320674796208e+00
-1.660757534755028928e+02,1.012071880315120076e+01
1.704674195259598264e+02,8.340180116765298024e+00
1.746566095465352930e+02,8.266051241308012720e+00
-7.093003356572219786e+01,1.314161685524575951e+01
-6.842034908231708812e+01,1.150173423094789271e+01
-5.148612188286447378e+01,1.038798446511666995e+01
-7.121408145971375347e+01,1.227646356462189203e+01
-6.738709449670626839e+01,9.861249309475075719e+00
-5.486131752354495461e+01,1.165742325296783655e+01
-7.176055096194728833e+01,1.027949778160372674e+01
-6.581396650000093018e+01,1.050380018749126165e+01
-5.556415130933212509e+01,1.175872730957108558e+01
-6.916424058604604852e+01,1.151958240005138023e+01
-6.821922933895073982e+01,7.195505980835426030e+00
-5.269770440827338831e+01,9.670275981399182541e+00
-7.151299136060656281e+01,9.623381576784822755e+00
-6.625396202803418078e+01,8.886968750387392646e+00
-6.643702759589112361e+01,9.089113677571464933e+00
-5.955103538818655551e+01,8.749939920617036293e+00
-6.676123744644071678e+01,9.027101388894688938e+00
-6.493940840796754799e+01,1.082532741143364419e+01
-6.772822476402780012e+01,1.116704774395596189e+01
-6.705639542945496601e+01,1.145603818560561749e+01
-1.736041577338022819e+02,7.291535794634913081e+00
1.744818139895036495e+02,9.410516798296510999e+00
1.621963236616363702e+02,1.025831969323594706e+01
-1.728147427255718753e+02,9.923905988336363393e+00
1.734240914679777461e+02,7.707392150097685857e+00
1.669292821533494475e+02,9.702167147831506355e+00
-1.663659792712156218e+02,9.242047563877095584e+00
1.754054546548365181e+02,8.489864641660044953e+00
1.737887097823247871e+02,6.869388655309591307e+00
-1.710296101579441199e+02,7.243166640074606200e+00
-1.738297760494802731e+02,8.889905553729839482e+00
1.745548008829458126e+02,1.460780051108735478e+01
-1.660410652083487832e+02,1.062275126519595503e+01
1.613000372930142134e+02,7.280080986487824646e+00
-1.677318353701073761e+02,4.939009890405024805e+00
1.681547477833008486e+02,8.059610104248955409e+00
-1.653922380773420571e+02,1.556889899374300867e+01
1.600651191682337355e+02,9.326477891725648561e+00
-1.520196369176494215e+02,1.250613070685758998e+01
1.662925157557950513e+02,5.473590675720911847e+00
1.739195637334350408e+02,6.105146483374768174e+00
-1.673295989070383598e+02,6.359543502120800440e+00
1.704784449504003021e+02,6.308663613918596091e+00
-1.795672233249592580e+02,6.290772108231240445e+00
-1.720646402312533780e+02,6.851645130283339213e+00
1.696059341110984349e+02,1.256510888720566577e+01
-1.766731649712544368e+02,3.210148166272336567e+00
-1.632683349479087553e+02,6.926674645357381976e+00
1.471053966462613971e+02,1.813588497724990845e+01
-1.510529883739127968e+02,1.668828304783110283e+01
5.163778820213557452e+01,5.534618341801890828e+00
6.293998097587020624e+01,6.038908383391854429e+00
6.120989615831629749e+01,4.451473267481279805e+00
5.497263236490840654e+01,5.468550462593728234e+00
7.582319101425152041e+01,8.282742454773075025e+00
5.219658848071927082e+01,6.904331246319353355e+00
7.434027745280928912e+01,6.720359684325646121e+00
5.942211037317076716e+01,7.786024298417117961e+00
6.040215535904357580e+01,7.572898065806091594e+00
8.138258866739782604e+01,1.033987896755347435e+01
-6.694013064553489301e+01,7.617891493273127423e+00
-5.791742137209779173e+01,9.977656549664615682e+00
-6.766960677358260057e+01,1.104865294565964362e+01
-6.595208679761636006e+01,1.165887783610919470e+01
-6.276683386800487341e+01,1.250622635341409072e+01
-5.422339522941758361e+01,1.687122970771756059e+01
-7.046485052478402622e+01,1.532609387659423561e+01
-7.058682491735902431e+01,2.121310657962169444e+01
-5.742772036416639736e+01,1.569591147817006771e+01
-5.877640579154741829e+01,1.690017938673427267e+01
-6.368215701155139641e+01,1.079207294698822750e+01
-5.265843124960657207e+01,1.182724254007647424e+01
-6.875827883329529300e+01,1.131116199765017427e+01
-5.261371051528349341e+01,8.009419083981565990e+00
-6.541427678748841856e+01,6.236364414937861866e+00
-6.165971653862211355e+01,8.026456675071198532e+00
-6.689253008217950480e+01,4.679800015883096798e+00
-6.833396101030008651e+01,4.735533408389606791e+00
-6.694083400417174801e+01,6.654248997585003877e+00
-6.978455356363025430e+01,6.956580457335638457e+00
6.778112073292381012e+01,8.071093362654920611e+00
5.808688378971393007e+01,5.379086404613163452e+00
8.224886486144683317e+01,8.476093274377220155e+00
5.714960307124032113e+01,8.283940549203540726e+00
6.534430039322664641e+01,6.450435450076364319e+00
6.732541425024872694e+01,6.457639664420472769e+00
5.634180990097316055e+01,7.581508374425492747e+00
7.377037656581123315e+01,8.283473582440333161e+00
5.513100910295152346e+01,6.899243092434858227e+00
6.306762099558560664e+01,7.149338595264756790e+00
1.665511619934827081e+02,9.774037973750505870e+00
1.771916882831243925e+02,7.538710571358596013e+00
-1.646836790472254108e+02,7.263456297399368822e+00
1.681569761973166806e+02,9.158784131026633801e+00
-1.758497960845557770e+02,8.261238554631017195e+00
-1.682939883333385751e+02,6.213760035293813822e+00
1.763971110851692572e+02,6.397789833022063277e+00
-1.776807156922985200e+02,6.210792540837537956e+00
-1.763793139688386589e+02,8.833188427721516689e+00
1.768376958429586523e+02,7.791998230643056189e+00
-5.253704695921288703e+01,9.168983678253880498e+00
-6.390612028681083956e+01,4.675962742290590057e+00
-7.956025846961755121e+01,9.446190132102907810e+00
-4.487446205456407000e+01,1.090561369501808642e+01
-7.462454359316348018e+01,1.147000850811891581e+01
-5.180190070379127576e+01,7.333160932705695245e+00
-6.716598126074354980e+01,6.954467909568418982e+00
-7.957563407659276322e+01,1.177266063063638057e+01
-4.977334103869156934e+01,1.358770914598007096e+01
-8.114106355098289214e+01,8.846862543345093144e+00
-7.170705709399560135e+01,1.245944724962816608e+01
-6.071189220632049910e+01,1.154011879090467829e+01
-6.998321854306780665e+01,1.046372630290942141e+01
-5.949119789295973248e+01,7.821365060514175127e+00
-7.021960105041968347e+01,8.603154467944300166e+00
-6.715634662368181296e+01,1.037449715485481505e+01
-6.448468903653497364e+01,9.570155372540785521e+00
-6.715364208339312313e+01,1.054200988919622972e+01
-5.942731534309731956e+01,9.154466751811765945e+00
-7.500679965303262975e+01,8.165355584779607767e+00
1.650170072751866996e+02,7.688227320035769807e+00
-1.715623785715934275e+02,9.072625565223987110e+00
1.755335198519974824e+02,1.091963297234562091e+01
1.752194008464599051e+02,6.064750384659580718e+00
-1.717628133219469362e+02,9.377709155401916519e+00
1.634784726978958815e+02,9.670008754835340170e+00
-1.720348741966003843e+02,1.016229434496251294e+01
-1.762186607666900500e+02,9.499687227462853656e+00
1.722521540772352751e+02,1.039024069547725659e+01
-1.672466408911428744e+02,1.000965211939209887e+01
1.756964855032413482e+02,1.044512242708903926e+01
-1.746077115774988329e+02,1.434334487243899936e+01
-1.793539099430715851e+02,1.804231590787761164e+01
1.777026626658285977e+02,1.273063590002731971e+01
-1.718624166434576068e+02,1.114419821186505999e+01
-1.751206794119745780e+02,5.452803564548403870e+00
1.738095850754566527e+02,1.312430854878320652e+01
-1.657322877170142306e+02,9.987650668734572079e+00
-1.771432165708712887e+02,7.514103384698737287e+00
1.670767211643550070e+02,8.871157197333296551e+00
-6.614571700108658092e+01,1.330956372829663792e+01
-6.510345244929546027e+01,8.111321288658285056e+00
-5.786988517629733764e+01,9.348137269344560352e+00
-7.485909141534662581e+01,1.016920724762736583e+01
-6.522371569749823550e+01,7.758925588131869944e+00
-6.038057733654661519e+01,1.112462245048228304e+01
-6.570540903475895789e+01,8.919637363835860810e+00
-6.162631779826063649e+01,7.538798197898191056e+00
-6.606421902653174527e+01,1.058260401800151840e+01
-7.578738670279837208e+01,1.040260086578559573e+01
-5.975175332682052698e+01,1.368958411519670904e+01
-7.093542655183607337e+01,1.164507652753274769e+01
-7.132824820359232376e+01,8.228474209011398699e+00
-5.148256716657734700e+01,1.084080063706660901e+01
-7.058224652065956661e+01,1.008039788197318565e+01
-7.051113054443642625e+01,1.117070301918254671e+01
-6.785013368592331062e+01,8.554212116804354338e+00
-6.126677494312249905e+01,1.068967755202203662e+01
-6.562857094965838201e+01,9.079548273706151917e+00
-7.386874549881375174e+01,1.146637059167621331e+01
-1.710574926835801364e+02,7.151430426420044562e+00
1.603300024954732805e+02,9.325648962840837441e+00
-1.790148123707630532e+02,4.269983888581120546e+00
-1.663988252111782913e+02,7.884275592614827133e+00
1.638326424659339580e+02,6.018074206864243436e+00
-1.729561082507082119e+02,7.256220356999892651e+00
-1.770427610669970306e+02,7.662804048554740177e+00
1.756458710919848443e+02,9.586346939803185307e+00
-1.716910734362724611e+02,5.314302607782414256e+00
-1.799049168816551116e+02,6.012874544540625976e+00
1.607978224774719536e+02,7.435393512581432773e+00
-1.706563456140648043e+02,2.280340064915900911e+00
1.725298659659884493e+02,8.572943000555049764e+00
-1.786533660116579085e+02,6.926744062420894466e+00
-1.776605824086336156e+02,1.246041783150243276e+01
-1.770163099638741926e+02,6.491417243355585676e+00
1.735997470357317525e+02,6.033210861812372983e+00
-1.738889419514984240e+02,5.028353005842166823e+00
1.716995034757846383e+02,3.835920849727234128e+00
-1.691355130413766972e+02,8.320080631663707038e+00
1.746837938050723835e+02,2.435050430504451580e+00
1.754044231641966292e+02,6.120448489311479889e+00
-1.797725577382861957e+02,3.818269896491763404e+00
1.722842588762320304e+02,1.015341869068983449e+01
-1.755914691845851223e+02,8.161695154120501172e+00
-1.726803192424517874e+02,5.012681293980701724e+00
1.707945880837663424e+02,3.203631554315954144e+00
-1.717473457546709028e+02,2.958474717292935985e+00
1.695830017290669787e+02,3.283991213346908022e+00
-1.761710352017178707e+02,4.159012044502338412e+00
-1.680817888695696354e+02,1.173899058832138209e+01
-1.666927404017802417e+02,1.218342383847820720e+01
1.577396313900763971e+02,1.306530077945302359e+01
-1.684196039683142772e+02,9.565082618269949322e+00
-1.721203151976887966e+02,7.573960905462229221e+00
1.546244619913607892e+02,1.267182386031005059e+01
-1.635794636713765442e+02,9.289417251966627376e+00
-1.774384043275053955e+02,7.237924635259620487e+00
1.688663662538182280e+02,8.384646358464870275e+00
-1.570426198021845039e+02,9.689701075751003145e+00
-7.548514174269904231e+01,1.143831198804347515e+01
-6.181654626047176748e+01,8.199924774208266598e+00
-5.688582120341336434e+01,1.068032573194766321e+01
-7.466121557991597513e+01,8.139128232166386923e+00
-7.126408963749580039e+01,9.878531690865230530e+00
-5.373198537036101641e+01,1.147332296464177759e+01
-6.441410846225883802e+01,9.733838944183505149e+00
-7.631553239386856546e+01,1.020696916185637271e+01
-6.081098374768512826e+01,1.103763554705649597e+01
-6.355558408020564798e+01,1.055619491720394798e+01
1.746778210414186390e+02,7.445471822507895965e+00
1.798877816454250649e+02,6.420727248739164672e+00
-1.684305742515836641e+02,8.650765596555697101e+00
1.605337612043000775e+02,8.530084859533198838e+00
-1.661581354847664898e+02,1.134697780872916084e+01
1.742335779990959566e+02,6.579243303791905362e+00
1.728332342668404351e+02,5.688943313487464515e+00
-1.595228043400347531e+02,1.422708916333628260e+01
1.676895768879907678e+02,7.327984362167608623e+00
-1.682874742481159558e+02,1.288429908075156582e+01
1.729423777932468624e+02,6.286222541225002125e+00
1.779821390672811674e+02,4.689859953950993976e+00
-1.692791386444432078e+02,5.511865085435012190e+00
1.768020229375344741e+02,6.521084133455122611e+00
1.747429608639665730e+02,4.852588727115112022e+00
-1.753197283543095750e+02,5.164701382423853460e+00
1.785971120821923250e+02,4.967205900921239703e+00
1.782212102535850420e+02,5.196394944843095054e+00
-1.759156904864421165e+02,5.427283051357314037e+00
1.728958966786551059e+02,9.556887898794256486e+00
1.632265306986684834e+02,1.440947111396865665e+01
-1.719049878186383751e+02,1.145194063044232280e+01
-1.655439383877246939e+02,1.060115745245683172e+01
1.657595290278608786e+02,8.040007544387350435e+00
-1.741730151679136611e+02,8.636851174857451241e+00
1.783737819957758006e+02,7.491693588688153937e+00
1.749784263273280942e+02,5.452365185957466664e+00
-1.779590382209652830e+02,4.702454004729984760e+00
1.761720919577630582e+02,6.763435867025211934e+00
-1.783315612352262463e+02,7.897141449485904019e+00
-1.682983472888197127e+02,1.740239248668575822e+00
1.727993810192799344e+02,2.870423725494204881e+00
1.762847734715816443e+02,2.348180662521618167e+00
-1.714874301563472443e+02,4.630256776326437063e+00
1.684562812854485685e+02,3.802397443354501583e+00
-1.707922360861677760e+02,4.365825826776928764e+00
1.774229696538499184e+02,4.163518481830205786e+00
1.797525419753264941e+02,3.467204966918959297e+00
1.687327307742367850e+02,3.072433424898929566e+00
-1.612762342838290976e+02,4.065092586886065895e+00
6.695062571026822695e+01,5.451637147768071401e+00
5.393604780986053981e+01,6.248335069192449076e+00
7.458785380294403922e+01,7.189247015048190192e+00
6.469477796143220871e+01,7.361754082723685144e+00
7.295783292753901605e+01,7.387305329069057791e+00
6.923717325834448388e+01,5.963936861035636028e+00
5.880232272464045451e+01,4.919778639517518037e+00
7.459973826345631664e+01,6.445277536703794219e+00
4.755156012034153434e+01,7.463591881025365637e+00
7.673722779437849795e+01,9.485012159044758917e+00
-1.668940578070651952e+02,8.739232732689862004e+00
1.734453652317232013e+02,7.198848084547591952e+00
1.795189579788963385e+02,7.795415975947769027e+00
-1.606778931189768116e+02,7.729474400561926473e+00
1.662709814856508501e+02,6.657498758952710816e+00
1.735768476050487550e+02,6.119887020967658131e+00
-1.715637267938394928e+02,7.547809471201766485e+00
1.694024872318583732e+02,5.988906501273778993e+00
-1.790603071564621018e+02,3.978576750247881932e+00
-1.735553120619537992e+02,4.727429472175540326e+00
-6.378641298160368933e+01,6.772339268353233521e+00
-4.628459523277164323e+01,9.323583530279798026e+00
-6.990879938239575608e+01,9.606641563356348001e+00
-5.979677140243813227e+01,9.800304039109994036e+00
-5.708093919423423301e+01,9.271856282278541528e+00
-7.158599077600202065e+01,7.141209634684352991e+00
-5.173442494471045450e+01,1.108515004183142239e+01
-6.043919860331064342e+01,8.313479763410784429e+00
-4.955992453434242151e+01,9.768318728660027261e+00
-6.057111520242574443e+01,8.312240539688982466e+00
5.309552968585651200e+01,9.718456883793518131e+00
7.184979634645297608e+01,9.415606754457028771e+00
5.575246085814550412e+01,8.817503060239120671e+00
7.340498474200855128e+01,5.728509470946839599e+00
5.863202657415095587e+01,5.473484099289175120e+00
7.360027384506913961e+01,6.307752310855567757e+00
6.838545168622940196e+01,8.208564787575486577e+00
6.745039667374750536e+01,7.483119365224553121e+00
7.115083361449417509e+01,6.221983352501314180e+00
5.753739913395821048e+01,6.393875382238705996e+00
1.685775028665578645e+02,6.483166481220501431e+00
-1.720977753868504863e+02,3.939950376220273220e+00
1.769461516640659795e+02,2.210456107274866966e+00
1.790440450299875010e+02,3.331433098798753711e+00
1.787426520586199388e+02,5.572241546955877922e+00
1.768839603213789360e+02,9.091773474486885220e+00
1.726312891488317689e+02,5.999793963100576555e+00
-1.653841272910758278e+02,4.702851051560401174e+00
1.694745671127913624e+02,3.765558202835483037e+00
-1.785494971512009670e+02,2.024658738186414286e+00
1.795633490073926737e+02,5.770572026326799886e+00
1.758464345067425825e+02,4.615507778340442790e+00
-1.687256834794120834e+02,3.813703556059501842e+00
1.725994120822604145e+02,1.452863675449748815e+00
1.794782664188695946e+02,1.342712752504092277e+00
-1.715603592863559754e+02,5.393954360888510990e+00
1.715857187013297107e+02,5.178416762285380059e+00
-1.717146492820698143e+02,2.347507741787644875e+00
1.765519525551536617e+02,2.649277136407053312e+00
1.737792703096118601e+02,4.964774121217476299e+00
6.561949228294098191e+01,7.614274236329164225e+00
6.936494776030021114e+01,1.065939219766462642e+01
7.611869598040227913e+01,1.082829134927302661e+01
6.387080652054479657e+01,1.094843993651538483e+01
6.298801140124322728e+01,1.151310559657981258e+01
7.007588296778500592e+01,1.120345367691638749e+01
6.235753929562916653e+01,1.377280607786027922e+01
7.008630780224349621e+01,8.445396892637749175e+00
6.823825738742185365e+01,1.070176737750406559e+01
5.341917032709255153e+01,9.316281489590382492e+00
-5.495754503479196984e+01,8.754074624023276741e+00
-6.669330515048612540e+01,7.768680571562789794e+00
-6.065568047919643391e+01,8.900543956291015135e+00
-6.503474366875863666e+01,5.407665140890403066e+00
-6.448805758193184090e+01,6.929764234854827620e+00
-5.153829017354284758e+01,7.658949885027016791e+00
-6.055211354911570254e+01,1.171815216310653618e+01
-5.810912087234729029e+01,7.261280116296326526e+00
-5.279558204914747677e+01,1.219383813979659337e+01
-6.512646999512018908e+01,7.381501000049956573e+00
-1.762969775059888775e+02,6.861768129618175394e+00
-1.699864531303041986e+02,7.906748986083094621e+00
1.674979556414320143e+02,1.042524292797174468e+01
-1.718792981294501487e+02,7.268124329267634742e+00
-1.711768948591963238e+02,6.646749818483855599e+00
1.749733774044609618e+02,5.696988345738022375e+00
-1.730662628770681692e+02,6.812445146029499909e+00
1.756728662121903426e+02,5.482495615038616599e+00
1.719420036594556791e+02,7.085202705566606696e+00
-1.712982453087437875e+02,6.722142081089203636e+00
5.700367022429795583e+01,5.420427071486473736e+00
6.513753122525294259e+01,5.973615078423099689e+00
6.394474510752969820e+01,6.679978316268807781e+00
6.767246541445645391e+01,7.352473869721357858e+00
6.511726089280439567e+01,6.951227385092324518e+00
6.588953229806806178e+01,5.186251557276428059e+00
5.760126272152199078e+01,7.906957320843936543e+00
6.272776516620943710e+01,8.817332830540420829e+00
6.496470348786064619e+01,6.729135721202973208e+00
5.658779441353123474e+01,8.740705214526474975e+00
-6.000577766929976065e+01,6.231639171215228146e+00
-5.672126263990650585e+01,9.343577793580802648e+00
-7.164802095001115845e+01,6.414807628089502778e+00
-5.661427612756293115e+01,9.100294564684704213e+00
-7.297259039542572623e+01,6.445909075436615510e+00
-6.274229152397928999e+01,5.958324356467327831e+00
-7.020378777647198376e+01,8.690002715653690757e+00
-6.267965460281472900e+01,5.793851866814273777e+00
-5.952826139982354192e+01,7.855570977225507789e+00
-6.653959411292994730e+01,6.818403255149568132e+00
-1.720618797502206121e+02,1.373444449456425787e+01
1.793277779180047560e+02,8.466289555470293493e+00
1.681468277837157643e+02,1.404047655747341494e+01
-1.728246913848938107e+02,1.292443275354129462e+01
1.767772462555693096e+02,1.087839480108871371e+01
-1.742999089627120100e+02,1.417659661025614604e+01
-1.694297143597973445e+02,1.213609970734258070e+01
1.796225602749835559e+02,9.604987554443908948e+00
-1.730975960301103669e+02,1.202097619237583537e+01
-1.753601594548521803e+02,8.387048048919973908e+00
-3.976080523652733945e+01,9.583039981120812456e+00
-8.613594761129355959e+01,1.046661818567479330e+01
-5.369201817567462598e+01,6.074215413577736200e+00
-6.140774612202233840e+01,5.935516322289204894e+00
-7.566873781400947507e+01,9.897208183483098054e+00
-5.819292742369295013e+01,8.561851474598030975e+00
-7.813846075395797186e+01,9.960097202735735067e+00
-5.649965200191798687e+01,6.935470809494379552e+00
-6.835457131709947021e+01,5.830216543019579589e+00
-5.645007598439227792e+01,1.036390521310654300e+01
-6.294399199739444128e+01,7.897235710339987946e+00
-6.470191086254222057e+01,8.161258535926293689e+00
-7.394294390820559215e+01,1.141372130886124836e+01
-6.413386436692769621e+01,9.369830036072558599e+00
-6.591883920974811417e+01,6.948528830925974731e+00
-6.931668507044776106e+01,4.725255459344498199e+00
-6.055724483241007050e+01,6.130647021070165792e+00
-7.438323445628759600e+01,6.555007473014143216e+00
-5.325823188407004949e+01,7.976025599245701869e+00
-7.215051043921842222e+01,6.845257184030950626e+00
-5.546012682151770434e+01,7.453390164251572969e+00
-6.110584109070108383e+01,6.147567205898873510e+00
-7.165255573698131286e+01,8.936427692656707222e+00
-5.176132246129910897e+01,1.046789959633607836e+01
-6.694406660565360312e+01,1.142922255677078880e+01
-4.239631938680076928e+01,1.384205103419819238e+01
-6.691083597612865219e+01,7.464080038373715809e+00
-6.067759060338018173e+01,1.221986358236304326e+01
-5.144720434125090947e+01,8.877483453747345266e+00
-7.025072590111545878e+01,8.129318609346057656e+00
-6.116059674386436740e+01,3.650236018611965783e+00
-6.112949106453486792e+01,4.408921669411766331e+00
-5.838994917297574716e+01,5.666405195751206492e+00
-5.655709782716425593e+01,4.939500930682839908e+00
-6.490468710217577097e+01,4.447662166845514520e+00
-6.575868986319517262e+01,4.908938938802209329e+00
-6.457813043290136079e+01,5.590635596245233430e+00
-7.034603325149146258e+01,5.718837136938230259e+00
-6.451784369182098544e+01,6.998223529645013485e+00
-6.229017040195348187e+01,4.396368622015049077e+00
-1.795481013601256279e+02,4.010333209220959816e+00
1.708116570305093660e+02,4.894513339638902671e+00
-1.751502953955871931e+02,6.017439091357702274e+00
1.689697066084137305e+02,7.695268356726931103e+00
1.797112438920703994e+02,8.193367013101296337e+00
1.738568367828731027e+02,7.005573140576133895e+00
-1.796323253592840672e+02,9.733365951466861787e+00
1.796994232051551137e+02,7.664932106210978091e+00
1.733320272826348969e+02,6.249408939724721890e+00
-1.774542323588912609e+02,6.318378531299266854e+00
1.717266465972998617e+02,7.603440879315204626e+00
1.791077223119830251e+02,5.425063769893220922e+00
1.774295047221204129e+02,6.949189806577816597e+00
1.758244033990739581e+02,4.698787882648657543e+00
-1.742060020913372114e+02,9.235204797403721244e+00
-1.765319537581206077e+02,8.504846264855885352e+00
-1.752267525162690731e+02,9.473841830658916052e+00
1.782346042261240200e+02,8.985270197742904585e+00
-1.716960790484038171e+02,5.206932452318076443e+00
-1.788348510768123845e+02,6.449589978538822876e+00
1.768998282934730071e+02,6.836960505568059787e+00
1.731936706615217645e+02,7.970075387956832458e+00
1.798434804973066719e+02,1.001834796929963645e+01
1.781678851744371173e+02,1.158778167428611461e+01
-1.771862093614583671e+02,1.064853191426306722e+01
1.744912104374987223e+02,1.052518649962468444e+01
-1.764801997429048299e+02,7.769619362314660549e+00
-1.749089521022463316e+02,7.802592303396288287e+00
1.761949026162991458e+02,7.037797966809473671e+00
-1.772849465129197029e+02,8.810880114030318566e+00
-1.763974097868154161e+02,8.640253866395152471e+00
1.607967432987693712e+02,1.391357682665092987e+01
-1.712552339764777685e+02,8.860510520285590275e+00
1.759393830738865176e+02,6.939939279680379158e+00
1.710861272019087380e+02,8.948187444671665602e+00
-1.746686419329758735e+02,8.696875683344039487e+00
1.797021657862387372e+02,6.791219380110880444e+00
-1.782660974894118624e+02,1.080009142312492543e+01
1.761436575841800902e+02,5.234192962325373344e+00
-1.769938497358671441e+02,8.526784061876940157e+00
-1.678248271123439110e+02,1.069343457624968963e+01
1.708958674962031239e+02,7.082267293844095590e+00
-1.786235752790449567e+02,3.876141542526442052e+00
-1.796622631723657832e+02,6.562601032925165612e+00
1.761636984137050774e+02,3.912620356320515747e+00
-1.726691178150011297e+02,6.527319136849826897e+00
-1.759498527572885678e+02,4.249519048922580033e+00
1.737860548449166345e+02,4.955565713347718670e+00
-1.741637055481774325e+02,4.523428238151737446e+00
1.796872718108232618e+02,3.798847845901356379e+00
-7.234644961888918147e+01,6.832552762457192230e+00
-4.958288777756220611e+01,5.320179479014758073e+00
-7.298991694155395749e+01,7.860486575066470749e+00
-6.415780040609426749e+01,6.355792084761225702e+00
-6.401923843616880561e+01,9.579899173436752235e+00
-6.802380899524423796e+01,6.038223156050667839e+00
-6.066716803431129534e+01,7.812529940271163653e+00
-7.100084847142758804e+01,7.011610622257967051e+00
-5.417439334356456015e+01,5.580765586024776681e+00
-6.895861160323605077e+01,7.210062188922797155e+00
7.002889939596185798e+01,8.653710551491368363e+00
6.065902389253867710e+01,8.092713029050075946e+00
7.122484668420767662e+01,7.798098646198454276e+00
6.620102030539175075e+01,5.873768241715370486e+00
6.256557429084631394e+01,7.313346539878363473e+00
6.515093284283291553e+01,6.054371185510624365e+00
6.276916457485742740e+01,6.020241208404668143e+00
5.997048144771919453e+01,7.829274152381003660e+00
6.120514866801110543e+01,4.135244717387381641e+00
6.611903642864686503e+01,6.186471675328053088e+00
-1.680607280047299525e+02,4.861537824098945748e+00
1.685820425152394080e+02,5.101011226175810265e+00
-1.741854681586404183e+02,1.592230731273864386e+00
1.798387309004823180e+02,3.486839496067733801e+00
1.798161647446555946e+02,2.383578798629260476e+00
-1.779716842134606622e+02,3.229313309414420630e+00
1.735302933017964619e+02,4.593494111811610381e+00
-1.775404674912354892e+02,3.842781240331730963e+00
1.792113196482101500e+02,1.265181620635725368e+00
1.753343753289485960e+02,3.483350167569386091e+00
-7.734064929669288802e+01,6.240935056098755318e+00
-6.104966186123137817e+01,6.736037916935737613e+00
-4.995076449020471188e+01,7.487373940787129811e+00
-7.393052458013397654e+01,6.364147018473013340e+00
-5.186491270174046520e+01,8.820586822808836658e+00
-7.335484946505665960e+01,6.857264132813183366e+00
-5.363792739339014304e+01,7.633729135464676574e+00
-7.188998940935856297e+01,1.171056124212080363e+01
-8.455116901350901060e+01,8.834448971889752755e+00
-6.061726700309726823e+01,9.104467846714658918e+00
6.513948364067823604e+01,7.849578336625089747e+00
5.542713329886151286e+01,9.640993267200041572e+00
5.708841172926936736e+01,1.084706080557903896e+01
6.971488411248985528e+01,9.490796122969566539e+00
6.098152287945278260e+01,9.816484526323920434e+00
6.713043024101096989e+01,9.271944970301268185e+00
6.916430009126798950e+01,1.025741855267267510e+01
6.923242487651347687e+01,1.111450398608551815e+01
7.304726894098270407e+01,1.062565787141553386e+01
5.781263494275869874e+01,9.776401396501215757e+00
-1.690628472164736138e+02,2.881988364649591183e+00
1.682685959763442440e+02,1.994927229731814133e+00
-1.712325369717883632e+02,6.634378795528376394e+00
1.715248443073914189e+02,5.155481845218208292e+00
-1.737894550244770073e+02,6.776245300753063638e+00
1.779583684664460463e+02,3.672730149110204678e+00
-1.767024323918334971e+02,2.394752037472326567e+00
1.751269736624679751e+02,3.090567640689524609e+00
-1.762564894726810110e+02,5.200571404687709176e+00
1.734074211547550135e+02,4.362105775407779440e+00
-1.798041088995536825e+02,1.730272993590379560e+00
1.789038912087826816e+02,8.714905512844195457e-01
1.773769197367021206e+02,9.766763777644993372e-01
-1.765406457406042477e+02,5.743959846094050192e+00
-1.772850376696102614e+02,2.292143584743373541e+00
1.720775242716333651e+02,1.961458153919018343e+00
-1.726142193363767490e+02,3.176299216959486138e+00
1.688804709665305381e+02,6.184103882376378536e+00
-1.728358665901168649e+02,7.720216491397865255e+00
1.734865166145888793e+02,5.274668782540182121e+00
-1.688387796648136998e+02,5.607720771516289560e+00
1.791500701179706709e+02,5.960696003392490283e+00
-1.775645678318038563e+02,4.323552594894435330e+00
1.747966920777831490e+02,2.588249024705878032e+00
-1.713130571052292623e+02,1.940187462776160832e+00
1.691643558648381429e+02,4.363943292612225022e+00
-1.677111476106737769e+02,4.327255520946914125e+00
1.784442232954498309e+02,2.792860538821846372e+00
1.700370112112942422e+02,6.872209466091119268e+00
-1.691608764549812918e+02,5.230988952960002436e+00
-5.274523684410181090e+01,5.986131879324697813e+00
-8.554827126024369477e+01,1.135220172424016916e+01
-5.652388384422599898e+01,7.741101583875146019e+00
-7.427018928948440646e+01,9.343295318614069700e+00
-6.152812624193704494e+01,5.865581628272895642e+00
-5.815768563452125761e+01,7.802239129849004584e+00
-5.875661094498952508e+01,6.438637722552059017e+00
-5.407292669839078059e+01,7.118821173267511959e+00
-7.150562707356752412e+01,7.173082323294226015e+00
-5.066104308466264428e+01,8.259758355364953175e+00
1.719315810715118573e+02,6.874481959289703070e+00
-1.751631504790937583e+02,7.574343857686919534e+00
-1.785276933576046190e+02,4.120415130818070537e+00
1.728788939374783524e+02,3.932607755702528962e+00
-1.735323984866415685e+02,5.458824289959843590e+00
1.755755823083083271e+02,1.286650239648392535e+00
-1.721017424084101037e+02,4.591943718979886846e+00
-1.776303460783279320e+02,4.368832038980610122e+00
1.659632019016713684e+02,4.620842877890948941e+00
-1.698119835081411964e+02,7.831599077113658325e+00
-1.711090252570004111e+02,6.124851925884580162e+00
1.713272471891112332e+02,4.371609268509272006e+00
-1.768132164191147524e+02,3.300101562388995546e+00
1.744549794914648260e+02,4.862964101779502890e+00
-1.761437876196585535e+02,7.842306594362264960e+00
1.764600078955847380e+02,6.486752466890681745e+00
-1.729804055957060029e+02,3.213676252467437156e+00
1.696301107720376820e+02,6.280561420851057619e+00
-1.713764637023851662e+02,4.039855551547745449e+00
1.745900498743665423e+02,5.156852638170411396e+00
-1.663860985212972992e+02,7.289300880313330566e+00
1.719787148781691144e+02,5.756643772660572367e+00
-1.675652253803552014e+02,6.286779115618091218e+00
1.796287728916278184e+02,6.434628277300526555e+00
1.672953910820792771e+02,1.086505512129065210e+01
-1.703170369726747140e+02,9.662234907636243264e+00
1.768749475253928551e+02,5.466316075154612264e+00
1.784685487275648370e+02,5.771735245041350382e+00
-1.611062206941979298e+02,1.042419558011543579e+01
1.771270864600933805e+02,1.169368569012464398e+01
1.792340270840200560e+02,9.207974654509643031e-01
-1.761440164089520692e+02,3.238390002286251068e+00
-1.778618848124041847e+02,3.450770068623385534e+00
1.783992163419769952e+02,1.813150590977921084e+00
-1.785238620079301484e+02,2.846875775779520445e+00
-1.714430232773652847e+02,2.248385821021567921e+00
1.703403253438422951e+02,2.788264541917230055e+00
-1.707956917552756693e+02,2.555533704467666922e+00
1.693353100498322306e+02,1.611881682641457481e+00
-1.772265891347929880e+02,1.506125511505339576e+00
1.758996308970550047e+02,8.283864951742121008e+00
-1.756600410617470800e+02,4.676300003228735847e+00
1.797463505825554932e+02,6.328085881636557275e+00
1.726127319955835731e+02,5.680171079264999534e+00
-1.714996229481723162e+02,8.432307228842152114e+00
1.743916710124643714e+02,6.612745915757471060e+00
1.719210279083183934e+02,6.677351331718039518e+00
-1.690991404508844198e+02,7.579592865061991702e+00
1.697850731395902812e+02,6.328104536017010062e+00
-1.763857860610544606e+02,7.413039196848766110e+00
-1.752395709945730857e+02,6.616631391261015516e+00
-1.764633247919017833e+02,6.190086232441435854e+00
1.726626109624322112e+02,7.138624530844306371e+00
-1.715008801247584529e+02,7.611498314624913775e+00
1.797989966951318479e+02,6.201311748623873576e+00
-1.781803828656337316e+02,6.706645091896602295e+00
-1.744388305288854042e+02,7.788483749469785167e+00
1.771516640389623660e+02,6.624565768390320741e+00
-1.750363644042576823e+02,7.153453155072355685e+00
-1.783355386111809651e+02,1.287445876812614998e+01
1.790517628505365337e+02,1.385105432264717251e+01
-1.763410978656401653e+02,9.172850907428010458e+00
-1.794483620794757712e+02,6.157735277570900223e+00
-1.746299102373603489e+02,5.595192568198351424e+00
1.765210681637992991e+02,9.897448314766764454e+00
-1.763263317201926839e+02,9.551247612251252406e+00
1.782406878924081752e+02,6.629432912992553995e+00
-1.746516655843953458e+02,5.467968378547910291e+00
1.697719041720315829e+02,6.094181018973244157e+00
-1.700069251068251504e+02,6.053883863920361819e+00
1.797838521517755055e+02,5.259466661405930665e+00
-1.774993372848549882e+02,9.075664691213154001e+00
-1.747012879910920162e+02,9.227183185394345344e+00
-1.797781956641054535e+02,8.653024805189177826e+00
-1.770769438820015296e+02,4.923386978931220348e+00
1.767061005813972940e+02,4.462529232619732333e+00
1.794688617143286820e+02,7.098056493874944195e+00
-1.776083541271818262e+02,8.629367839717442479e+00
1.775696913891632676e+02,7.525049680749813064e+00
-1.751892976098588690e+02,6.642002019955175030e+00
-1.707766676391333931e+02,2.386545433739310162e+00
1.709294700235025743e+02,5.155235873700919846e+00
-1.708732645118840594e+02,4.421414485031518460e+00
1.758908629137240780e+02,8.310273046746299741e+00
-1.735978736786303500e+02,6.093120217240707959e+00
1.668440827173260175e+02,8.933184737782703166e+00
-1.666190412003882670e+02,3.720592827010380077e+00
1.645195891702574045e+02,6.977751923260955280e+00
-1.638678496763400574e+02,3.904816350327308783e+00
1.650795218678841252e+02,9.363057779747363085e+00
1.790213520308281261e+02,6.550593757840361242e+00
-1.669182827532783335e+02,8.717480762844708408e+00
1.632905801968817343e+02,1.107322509273032551e+01
-1.714528033750340796e+02,8.985015051262013941e+00
-1.677572077241393629e+02,7.015968022708758411e+00
1.620566505866182183e+02,1.365480383891673810e+01
-1.692412644414502836e+02,6.295989858160029762e+00
-1.693038790991781184e+02,7.899815010704699603e+00
1.623655885063486721e+02,1.386745863422643765e+01
-1.758638250984722902e+02,7.276242966421747838e+00
6.689157189040841445e+01,4.976464756669754408e+00
5.252717475696683636e+01,9.519067289182444824e+00
7.310295426803216401e+01,6.856331594827677733e+00
5.512509805807171404e+01,6.175559521054598378e+00
7.102349201009189983e+01,7.269464113682452933e+00
6.217606857205304749e+01,4.343599962928009539e+00
5.667114367824372323e+01,7.116071392722464140e+00
6.365571052780666861e+01,6.690838245443948118e+00
5.994058136469011799e+01,5.576792971795851095e+00
6.285655647236539778e+01,6.094618535375518675e+00
-1.554879793569078572e+02,5.677185356041704267e+00
1.515700713547209091e+02,7.407968374419513502e+00
-1.610702787791770163e+02,4.003636801938371903e+00
1.786405713616695721e+02,3.255512165624018905e+00
1.765988254711521392e+02,6.971099491567025908e+00
-1.707800722700056610e+02,5.843377502524569778e+00
1.764150510803851546e+02,2.571165248874346165e+00
1.744893542439172336e+02,5.188672762626312718e+00
-1.772004580999445409e+02,1.001523051363881578e+01
-1.766797003611168293e+02,4.736817934989817402e+00
-1.675461329536847188e+02,8.304501481463450574e+00
-1.798140524899660875e+02,8.758769034428045330e+00
1.717905840487490821e+02,9.736367345606257828e+00
-1.683947069869725226e+02,6.255621866601148717e+00
1.786846600488251227e+02,8.376816007075486681e+00
1.771273112723103793e+02,8.612881646908821409e+00
-1.749310926960160089e+02,8.839139611425052223e+00
1.743185295707728528e+02,9.249963366290845812e+00
1.797367916068404554e+02,5.139159470550661801e+00
-1.779048464596170618e+02,8.124031856208322466e+00
6.049943111647446159e+01,5.707111556974837185e+00
7.428208353471376313e+01,6.303211212799181951e+00
6.180109346385003022e+01,8.702826365958060251e+00
7.316713533940945524e+01,9.617343237607080653e+00
6.464239488347132578e+01,5.730604619653182574e+00
5.442365101897034663e+01,4.494640149178148469e+00
8.138359217630592468e+01,7.820836059518436301e+00
5.454587581529361984e+01,1.072694222307471712e+01
7.375476803737707598e+01,6.508933583497524822e+00
5.308947913524554707e+01,7.809916151363694325e+00
1.760907780023259193e+02,7.888634223857284411e+00
-1.793051496061814305e+02,8.347206529376393291e+00
1.799131135405688156e+02,7.202435515262157750e+00
1.722538195923615376e+02,8.206425174242326648e+00
1.788175743971469274e+02,7.731941930637278304e+00
1.766841443077830434e+02,4.142594932865201862e+00
-1.735428899552289863e+02,9.228599544633889096e+00
1.745097091446367017e+02,8.106677282344023183e+00
-1.778731981211915354e+02,7.219964423871868320e+00
-1.680013436633941240e+02,9.238467605147329564e+00
1.681433033809121298e+02,8.301950610313065582e+00
-1.662672386865684189e+02,7.715176200703144360e+00
1.780701527253424103e+02,5.669992359823999628e+00
1.783369023439650505e+02,7.661774715570091487e+00
-1.652538792580825771e+02,8.413821637364318207e+00
1.776699254386238067e+02,6.021277371641892806e+00
1.709322252337860846e+02,8.294066102857073020e+00
-1.681870089371430481e+02,6.629264596993045267e+00
1.699551732677709879e+02,7.397370960351107527e+00
1.752959809786594008e+02,7.947061322837335240e+00
-6.600547892392927452e+01,7.778490917794135484e+00
-5.880589245092708950e+01,4.929631924775137897e+00
-6.531749223717764607e+01,7.589411076195382577e+00
-5.263174921211240331e+01,1.080895841770578691e+01
-6.760548900195806254e+01,8.449206421147877677e+00
-5.490820201787536803e+01,1.064444107739631562e+01
-7.780523692799873459e+01,1.206087011097184458e+01
-6.544588491250084417e+01,5.844215990261551141e+00
-6.235096844175926378e+01,6.844355237479396337e+00
-8.331228195887990751e+01,1.293003102588968645e+01
1.721345676207405120e+02,7.117856246896186789e+00
-1.762991593923364917e+02,5.165363155481989210e+00
1.788307123200813749e+02,5.223576030876614595e+00
1.696313401487233818e+02,8.182231116090614265e+00
-1.651821719082998925e+02,6.347228263633545531e+00
1.777487167292987635e+02,8.261739049676224411e+00
1.799015610125100579e+02,9.337099590917301128e+00
-1.709436386078416774e+02,9.413905626520916670e+00
1.652159417247626720e+02,7.626059807425507486e+00
-1.799947426467754497e+02,6.507556935357763805e+00
-6.316409591606841190e+01,5.343218082375384093e+00
-6.159059618545293802e+01,4.829737769573196005e+00
-6.898514057674010758e+01,8.375519581914785405e+00
-5.949544190654014386e+01,8.054015257128636307e+00
-7.093629654127717288e+01,9.743264359053377177e+00
-6.600263208917142776e+01,9.004499789399014631e+00
-6.511549276504860018e+01,6.573274756191068491e+00
-7.123737863146754989e+01,1.193268791158694597e+01
-6.355554691651950350e+01,8.752466984021051388e+00
-7.842198036669711314e+01,9.830605919424655781e+00
-5.459860845899500248e+01,9.739292374380571715e+00
-6.905065505969393769e+01,7.780327252409579231e+00
-4.840140343152710756e+01,1.121457382592167562e+01
-6.864077258136249782e+01,8.665476176815179343e+00
-5.497295835999591418e+01,8.187454030998651433e+00
-6.379954565781325471e+01,7.255087651925054004e+00
-5.293962593734645594e+01,6.190598695699087273e+00
-5.651990746041039415e+01,6.837357984683215761e+00
-7.678466587796194176e+01,7.217300829430481457e+00
-4.433207650410618328e+01,8.398771958688165284e+00
-1.799031475218605465e+02,5.985612631245862403e+00
1.794523256470880881e+02,7.158072434091655722e+00
-1.720129765181961545e+02,6.487593217948773194e+00
1.771727453632021536e+02,6.261343671091094798e+00
1.799966774082859615e+02,7.074542249361163826e+00
-1.694105593144470276e+02,8.636329381517056092e+00
1.780696098710803597e+02,5.859607053166360657e+00
-1.754248302482097870e+02,6.794350560910950243e+00
-1.799937361179069057e+02,6.094845043408630758e+00
-1.798203649126442372e+02,6.160953405298442043e+00
-5.677918465373646484e+01,8.729476589805758024e+00
-7.407804878561577766e+01,4.793486505498241179e+00
-5.496933907104313732e+01,1.104031015574880392e+01
-8.209334031248822328e+01,6.583860050487189142e+00
-5.921459312681790976e+01,9.268524543076132716e+00
-5.878917564980952193e+01,4.113759715570948217e+00
-8.365934972089854682e+01,8.502415509317108544e+00
-4.125196433907460403e+01,8.745375073515234021e+00
-7.606352697556324927e+01,1.063608840078109985e+01
-4.696371790049695960e+01,1.022560550370058863e+01
-1.593548644259529681e+02,8.610758777998260172e+00
1.570930434448852111e+02,8.486988005257654066e+00
-1.647041211438194352e+02,4.192252287853283299e+00
1.783787802789401837e+02,6.740682499049150067e+00
1.628580931185631471e+02,1.096747203927363223e+01
-1.750981718949635138e+02,5.882416249743434022e+00
-1.756922026433416875e+02,8.471132802612874713e+00
-1.732402165569259864e+02,1.043461816278112053e+01
1.601485965592684977e+02,8.717056253568076229e+00
-1.543401963671148280e+02,1.121436714160416415e+01
-1.771138597174657150e+02,6.696044140651572718e+00
1.799432080977658757e+02,6.826845236815788809e+00
-1.757175406025863253e+02,8.019785194468362022e+00
1.782113857851285559e+02,9.883505870349790001e+00
-1.778147597921208956e+02,5.169319376712769198e+00
-1.779674397490124989e+02,6.894466994582174380e+00
-1.789093553212757968e+02,6.552768049224803271e+00
1.746441070705763252e+02,8.368085167197168772e+00
-1.762610106709637989e+02,7.830254936094933171e+00
1.747249477360729202e+02,4.320154330430334255e+00
-7.222641080318567219e+01,5.419456126038940447e+00
-5.441565722461366050e+01,7.187212689724476355e+00
-6.649084802571957198e+01,7.043456908002694306e+00
-5.174612786523227470e+01,8.845164103635225317e+00
-6.636239193666898473e+01,9.916748271159804062e+00
-4.335007129076083032e+01,7.951594593296182012e+00
-6.684340275823201694e+01,7.711427583727028079e+00
-5.663014995331095491e+01,4.822671181651176475e+00
-6.411610880456895245e+01,6.491082819007655047e+00
-7.364948394174169266e+01,8.067168675178768567e+00
-1.749525029557068478e+02,5.112604624491828176e+00
1.787705313594116205e+02,2.192777025958743575e+00
1.785507979905576121e+02,5.587889273440626248e+00
1.785037183391743270e+02,3.363612763704942665e+00
1.750592580338438040e+02,6.029803122080154232e+00
-1.756717600395529075e+02,5.349325300376298387e+00
1.796359321652066683e+02,5.148491096751619978e+00
-1.782673066619059341e+02,7.947817938291056095e+00
-1.664556131775502195e+02,1.007465561671411081e+01
1.589445329996422629e+02,1.246134527506278289e+01
6.078678093625362067e+01,1.032841826991595724e+01
6.639580647942305802e+01,8.653067511345778229e+00
7.012544602517732528e+01,6.585858918927561589e+00
6.450079211788602152e+01,5.089120805775487533e+00
7.372635773247357349e+01,6.070435841178834835e+00
6.109627902359986251e+01,5.848257816965565681e+00
6.351590349747693409e+01,5.932955077620277962e+00
6.254972310477569408e+01,7.215489944079024554e+00
5.734263181152876143e+01,8.656358592851653100e+00
5.692913315518291739e+01,6.855212441585334382e+00
-6.925752025707623716e+01,6.330774810649563378e+00
-5.738201376022043121e+01,5.095488418573880018e+00
-6.500155493989825572e+01,5.538739882404044579e+00
-6.577154614151226042e+01,5.968265217708007775e+00
-5.300479338936273166e+01,8.413315489130104297e+00
-5.614516852814742265e+01,8.983327637305421831e+00
-4.947788190745666270e+01,8.784774927848527426e+00
-6.388611422250517791e+01,7.468857878811006046e+00
-5.043420609540071808e+01,6.408031220912135950e+00
-7.081960476659396875e+01,5.629877893499288355e+00
1.657372844914266636e+02,1.290334515721705344e+01
-1.591624656146861128e+02,1.432731600702644137e+01
1.597205472349800175e+02,1.097845980113293152e+01
-1.524410202255107549e+02,1.119405559038591846e+01
1.563927094890364913e+02,7.623008850947526227e+00
-1.711097315143043716e+02,1.056282314368867326e+01
1.750900590820000957e+02,1.424581209998361331e+01
-1.702171549208986505e+02,1.243253824945535868e+01
1.720756116921471062e+02,1.079038358859924962e+01
-1.679403687995092014e+02,3.265727407802325288e+00
1.743099582353551398e+02,4.900591684569660877e+00
1.792621406520927678e+02,4.891801057463562863e+00
-1.741642228029362229e+02,3.876900598203945947e+00
1.751399313598875551e+02,8.866462612264184528e+00
-1.782906711242462450e+02,4.070315727307496800e+00
-1.779808908614596135e+02,5.602953050837778726e+00
-1.675308476942723246e+02,7.244540569022131393e+00
1.588489522860479894e+02,8.596427925089120237e+00
-1.589534802436886025e+02,1.086184497389160342e+01
1.615963703516935084e+02,8.730800291428050031e+00
1.795188453655725596e+02,1.636851204186294595e+01
1.690564805546705998e+02,1.749514261710231011e+01
-1.645126071161687094e+02,1.718235359428307163e+01
1.719435434657993653e+02,1.116422133940132078e+01
-1.767566961202545883e+02,9.647438170204067021e+00
-1.787840970320590372e+02,1.174857633064744533e+01
-1.787665520813966111e+02,1.228687130183806708e+01
-1.717042552676808782e+02,1.796847796044649925e+01
1.760699525286026699e+02,7.369981272329336974e+00
-1.769743496298506784e+02,9.959359129060452176e+00
6.562394310978110923e+01,5.196191404089022470e+00
6.548430996048654151e+01,4.076956878621142977e+00
6.262611515617084734e+01,6.250632952086654370e+00
6.181247464710409645e+01,4.812259268236063647e+00
6.179621749785754048e+01,4.178160980729033191e+00
5.943556801631090281e+01,4.683801801051249214e+00
6.167985199906823368e+01,4.472054499497744473e+00
6.073791414181199855e+01,5.535255604846122779e+00
7.048852669954166572e+01,5.535388921874826451e+00
6.512409996548942104e+01,4.084704507670956275e+00
5.565438417956988815e+01,9.019562830345167370e+00
8.031512408037075090e+01,1.123449126893485683e+01
6.121050997204156374e+01,8.536154097684416797e+00
7.094189885504083293e+01,6.950240945151789695e+00
6.489870748753864405e+01,6.317642902128561389e+00
6.516160417609350475e+01,6.416985282159441084e+00
6.772935216285235072e+01,7.845441282302509478e+00
6.502204472655324707e+01,7.574251126631875053e+00
6.974736839647002284e+01,8.119873337149480008e+00
6.743873755690344751e+01,7.172386312147041032e+00
1.783963498294396572e+02,1.198442723916213382e+01
1.724855932986049822e+02,1.012074327210835989e+01
-1.717443756861460429e+02,1.287656583732199422e+01
1.781688883959528198e+02,9.682183638236264045e+00
1.759018893954077214e+02,7.160771215941124090e+00
-1.711572937384111128e+02,5.844858439160003805e+00
1.692833365490066626e+02,5.063730421849866659e+00
-1.748997529543145788e+02,4.746190976121992477e+00
-1.720775181320889828e+02,6.679351761987746272e+00
1.658039342229005513e+02,6.804012374783672712e+00
-1.799761934786461097e+02,7.430701660707766720e+00
-1.685440734449374247e+02,7.477699655631289133e+00
1.746537363465949113e+02,4.999770455770850219e+00
1.796799259022264721e+02,6.148460200134540088e+00
-1.729888870918522628e+02,9.593789421838646803e+00
1.675748329252091935e+02,1.154240650849575189e+01
-1.752629259944252453e+02,9.069491147944319209e+00
-1.760001857645206655e+02,7.308907609745023848e+00
1.675723700630053656e+02,7.526129406569188163e+00
-1.752567230786603147e+02,7.413758242142851174e+00
5.749122799468472778e+01,8.360210241579308033e+00
5.247664008370308153e+01,6.876601497639788008e+00
5.804568425702064616e+01,1.052280611700110313e+01
6.009655920642953220e+01,7.581346542123664989e+00
5.523451896451646093e+01,6.649234150578816838e+00
7.018592005755616015e+01,9.002996168752321893e+00
5.965656256042718297e+01,1.098284646261951281e+01
6.721415535760827709e+01,8.446977438644506009e+00
6.032774641801735527e+01,6.926606474619761755e+00
5.917066364329330952e+01,8.448390309801951048e+00
5.512950314470296576e+01,1.416671892077039985e+01
6.799405033291908751e+01,1.527609556334628493e+01
6.565040019262242765e+01,1.488921651934995438e+01
6.369033981677123535e+01,1.667741657039126224e+01
6.862305721119733448e+01,1.562938313590608175e+01
5.470534926199250947e+01,1.406855954350298532e+01
7.852693709390733545e+01,2.001379517369745287e+01
5.931175633449342399e+01,1.560026102947243487e+01
7.866623384040424583e+01,2.110674011221999891e+01
5.385656489101415190e+01,1.685103250305166966e+01
1.626740072311080212e+02,8.016114159722212307e+00
-1.644641002037433850e+02,7.705833132491264337e+00
-1.723219640083176500e+02,6.693181285819187920e+00
1.601655675951792546e+02,8.900815259670096680e+00
-1.708766495286874374e+02,7.378348519679924777e+00
-1.671629486555056587e+02,7.544408885580866198e+00
1.620679488660524044e+02,8.986789933768054794e+00
-1.740657607724694742e+02,6.355541731934264860e+00
-1.771593535227445670e+02,5.384091406621919873e+00
1.716127910525027289e+02,6.441337975469505039e+00
5.975725659443889981e+01,5.404864825218910873e+00
5.681967805538420180e+01,6.614221873336322943e+00
5.227469062717836579e+01,6.891651343329566082e+00
6.692957968651381861e+01,7.842238209467026877e+00
4.778594770031048711e+01,8.584516305895530053e+00
6.337475745845660668e+01,5.759264178205496520e+00
6.210362944786110972e+01,6.998999387824378360e+00
5.689107502932087357e+01,8.794042037690767089e+00
6.475832130343462723e+01,7.993113605489197582e+00
6.564064932099813632e+01,1.145587396323499974e+01
5.884177146889265941e+01,1.005974524104419032e+01
7.169938493228205800e+01,8.956747040198962395e+00
7.173224131938692949e+01,8.792538725038939518e+00
6.111023887309652025e+01,9.114378469789725656e+00
6.453887094660855439e+01,8.821887782239802078e+00
7.379147215427546769e+01,1.074659024240578375e+01
6.373413185747428855e+01,9.841931572232178738e+00
6.768781653498156459e+01,1.050572271922602852e+01
6.087042410461703668e+01,1.073006060907976078e+01
7.675143507433254797e+01,1.255018330434098317e+01
-7.274540216518099101e+01,1.126019856551846843e+01
-7.186519167574606115e+01,1.171811795011549862e+01
-5.525408750809092595e+01,1.202523154321920984e+01
-6.433606885272936893e+01,1.439020634463426163e+01
-7.175568907775290484e+01,1.151492970933280446e+01
-6.423122177260005117e+01,1.133027813517756677e+01
-6.304158784794960724e+01,8.983812585164452358e+00
-6.624057415647928337e+01,1.211159202966028481e+01
-6.599903717815037396e+01,1.218214178820404925e+01
-6.464000339781381399e+01,1.260645268039738909e+01
6.129827188530877180e+01,1.016378911052038347e+01
6.510349088469824608e+01,5.448258800592492790e+00
6.995337483895097819e+01,7.854845142222377063e+00
6.842926252895702532e+01,8.210013219008612140e+00
6.240884150021659593e+01,7.780191337865025147e+00
6.903527439195052295e+01,8.955913158914865946e+00
5.113259772439398176e+01,6.395842691155753101e+00
5.933683526802926167e+01,5.388780942403183616e+00
6.807239025159695700e+01,7.132034414588956039e+00
4.997863005642506806e+01,6.478255200945503667e+00
-1.689421349251117022e+02,6.663412374827868412e+00
-1.774241159224202704e+02,5.210141406050176727e+00
1.647741801859409918e+02,7.714708262626325919e+00
-1.700102137917412506e+02,5.380109324659528625e+00
1.783772468733348262e+02,7.768191105486298653e+00
1.729497696930762629e+02,6.841303521963117973e+00
-1.655460101988296344e+02,1.224623022343473089e+01
1.683184718834035039e+02,6.519343692497653109e+00
1.738768716012568518e+02,1.010561162563080195e+01
-1.643918536310078196e+02,7.463734446958348201e+00
-7.020422556289835825e+01,1.192078034224312155e+01
-6.831076195866820910e+01,1.135606421252755638e+01
-7.066129522568385823e+01,9.619849773503897694e+00
-5.968526375584563937e+01,8.811547798076212246e+00
-6.566892535566698541e+01,1.060568479348774140e+01
-6.683733434154363806e+01,9.136990332115194846e+00
-5.876274637209100860e+01,1.067816159588239877e+01
-7.083645556007765265e+01,8.091745153601076268e+00
-6.696952236811335979e+01,1.079742764329701643e+01
-6.769825990016158812e+01,1.119533366217418724e+01
-5.943478657447178648e+01,8.920163682067006050e+00
-7.615175917235021075e+01,1.001719156160820567e+01
-6.778971538351949278e+01,7.922623887996376624e+00
-5.257338603305180413e+01,9.709756765626087471e+00
-7.872440941005031334e+01,1.020508219160276298e+01
-6.563394366010305703e+01,8.984277406860172732e+00
-6.019912477098520043e+01,8.942215626853890598e+00
-6.931685581288833475e+01,9.233591560304816426e+00
-7.322608287678350791e+01,8.981125645349930409e+00
-6.369271190534531257e+01,8.262713234990428646e+00
1.663624677934723195e+02,8.969302963616399893e+00
1.796218583412680232e+02,6.231470290988504246e+00
-1.708570708227131263e+02,7.870371966104737993e+00
1.686409417360397072e+02,7.542472032318732644e+00
1.787726838733006218e+02,1.087694977323564594e+01
-1.707510388588952139e+02,9.314137717508950587e+00
1.654068460551102362e+02,7.859437103590812157e+00
-1.758001321790698057e+02,5.735992415962267721e+00
-1.746141191645064907e+02,6.990473354038247322e+00
1.707057036181172691e+02,8.816284152738329993e+00
-7.159646841944692142e+01,1.173920559738196800e+01
-6.605738887514546320e+01,8.090420828341734705e+00
-7.069946328326120977e+01,1.299747308447667038e+01
-6.673442140978065140e+01,8.482665332119239565e+00
-5.155274868025809099e+01,1.003261008385597819e+01
-5.936065861374915897e+01,9.757404758640847220e+00
-6.570882031304716975e+01,8.533940441966606727e+00
-4.879368707553862805e+01,6.245991899389183644e+00
-7.964737204960373163e+01,9.676914537623620305e+00
-5.867426354915036057e+01,1.093462427702852580e+01
-6.274297794973718112e+01,9.292835668255060355e+00
-7.231177559491636941e+01,8.881110965525339296e+00
-7.489774441971745489e+01,1.149901375144225568e+01
-5.080083902409187857e+01,1.346229548522477515e+01
-7.027165557734694801e+01,8.117974983830443136e+00
-6.792860567629291779e+01,1.382326083538069206e+01
-7.671954290330609183e+01,1.060578069104053966e+01
-4.907516736307615446e+01,1.034982109863321398e+01
-7.526257346888735356e+01,1.334677796490348811e+01
-6.716909926404306930e+01,1.402228901316743404e+01
-6.682655991268940454e+01,9.937643510263310276e+00
-6.104347615772276470e+01,9.920408545097908259e+00
-7.138838545307655181e+01,1.193972568666096734e+01
-5.900594281772244187e+01,1.156634981189955269e+01
-5.985759406384160286e+01,1.166838810376685487e+01
-7.450935589273616699e+01,1.210123252772055480e+01
-5.263620663842370817e+01,1.189035941317526479e+01
-6.967845749525480414e+01,1.324045267833609074e+01
-6.591602570477853362e+01,1.201147007927435695e+01
-7.088008071889835549e+01,1.084577380540278568e+01
-6.795884328884577030e+01,6.765345488231321092e+00
-5.778706061596949439e+01,5.634689076290283261e+00
-7.524684331988991914e+01,8.370339625353619084e+00
-5.160327592990183376e+01,7.517655100805846757e+00
-7.369398835009752702e+01,7.225787332009485198e+00
-6.090010568452295558e+01,6.132915795696278316e+00
-5.965449569160003307e+01,4.444509838108828603e+00
-6.675494607409135028e+01,5.119504330494860866e+00
-4.942918099806941967e+01,5.542045977280529279e+00
-7.933819569690702167e+01,6.694648981520013642e+00
1.786767315172540407e+02,5.639255665412836294e+00
1.793209896188986363e+02,6.736192635179412136e+00
-1.741783557984371384e+02,6.391505521135806056e+00
1.796142279574930285e+02,4.451222813610673512e+00
-1.767717539763868047e+02,4.786871690481875774e+00
-1.758040169149746532e+02,4.670790914121213611e+00
1.745868790486648265e+02,5.541207385531022211e+00
-1.743409661069832737e+02,6.236758641891513300e+00
-1.787763535308556300e+02,6.389391445737363284e+00
1.794603557580192899e+02,4.173883359855365072e+00
-1.709152702808123934e+02,5.379426069928832987e+00
1.751907499440715412e+02,7.084315970984400579e+00
-1.781661719612606873e+02,5.187060309075092412e+00
-1.773973062723581791e+02,1.143902028541260840e+01
1.730444018725990531e+02,8.596814062208778751e+00
1.744000465945613598e+02,7.734654823351444719e+00
-1.763733277419776755e+02,1.087895568417668812e+01
-1.793380529316715695e+02,7.125969923100406334e+00
-1.792434782826955200e+02,1.528081760004102563e+01
-1.761139166588197895e+02,8.983341797808165552e+00
1.753285073296174517e+02,7.619131809542540879e+00
1.707068566207373976e+02,6.251581757078542800e+00
-1.665798864163829762e+02,6.542745527708093256e+00
1.711095083832771024e+02,5.299768186651686364e+00
1.778747239618997469e+02,4.703618145855921640e+00
-1.698256911482978353e+02,6.315631570228747549e+00
1.714132573174008201e+02,7.818792082496297979e+00
-1.761619480862769649e+02,7.046894785128796634e+00
-1.728794736823789435e+02,5.688697873023921048e+00
1.729055897779431064e+02,4.541488077888669039e+00
-1.705467951476498456e+02,6.900927800816482716e+00
1.784462622558866087e+02,8.432957526824358396e+00
1.793706496957598233e+02,7.337427938276096739e+00
-1.745450573665542038e+02,7.339851797223573726e+00
-1.759055541420073610e+02,4.257083900626270179e+00
1.740601986400674832e+02,5.581124345374169238e+00
-1.660397346201424966e+02,8.869806525845126188e+00
-1.770893662326534752e+02,1.053913141496505013e+01
1.677695096711316012e+02,1.093308397294963541e+01
-1.619318671685875586e+02,1.022663009927232736e+01
6.548112269432617438e+01,1.436453839329939441e+01
6.283580016123237044e+01,1.061142199323534818e+01
9.158217633772953548e+01,1.268260899632641880e+01
5.059654052256819057e+01,1.116169921894182160e+01
7.164170743816347908e+01,9.584706881856261518e+00
6.591169978513340766e+01,1.388687113687069541e+01
7.592508915598145336e+01,8.987890312273227877e+00
5.385965770640491712e+01,1.024539705735040229e+01
7.474166266746854603e+01,9.959518297929600195e+00
6.367566641502159541e+01,1.177673032125553121e+01
-6.526408308409203585e+01,9.293045082726571593e+00
-7.807950001453011168e+01,9.454907101750219311e+00
-5.554962728684610340e+01,8.097202508694156364e+00
-6.934416409157549310e+01,7.720427101020307603e+00
-6.612859097587598001e+01,7.290109924238969086e+00
-5.895672730162830533e+01,7.714787628834498534e+00
-7.201330147042415319e+01,8.966433439922942839e+00
-6.349473432678569651e+01,7.745097952898618132e+00
-6.399892381363194716e+01,8.389314421930022192e+00
-6.700953795608671726e+01,9.879870318752423941e+00
-1.636323822934882060e+02,6.818378612173102482e+00
1.647619418278787862e+02,4.251556894383975660e+00
-1.760005727795118844e+02,3.685171414318355154e+00
-1.772700536665880122e+02,1.846973420883967876e+00
1.739050185552637799e+02,5.376671865697055352e+00
-1.636810162118981111e+02,3.893838337271106731e+00
1.783300033351285094e+02,2.458468785247776456e+00
1.721522822843242011e+02,4.396351369946034815e+00
-1.766617517974835607e+02,7.686744895022471269e+00
1.791013202210751274e+02,2.954198423248819871e+00
6.050586658521896055e+01,1.026879767671305288e+01
7.492662491824461313e+01,1.250522593462744148e+01
5.879483709561060323e+01,1.060639757076015499e+01
7.057961876003709278e+01,1.311702086072504514e+01
6.071369521269133429e+01,1.509176159511049775e+01
6.612805475106897291e+01,1.280558682118742908e+01
6.386989924282506337e+01,1.540244973439816789e+01
7.945222972417599294e+01,9.746508213792921538e+00
6.002740547342999378e+01,1.062402732022547447e+01
6.617013202610843337e+01,1.208411673855708912e+01
-6.782524211405768710e+01,1.031760485387501802e+01
-6.493819926116700003e+01,1.128175630726927281e+01
-6.923400248759411113e+01,1.018902061875329146e+01
-7.028980888740510125e+01,1.305405179691650019e+01
-6.178475704836537830e+01,1.454886542446421061e+01
-7.067564472507666551e+01,1.342376620024753819e+01
-5.411608486670089491e+01,1.394936324131034766e+01
-8.322411531933617823e+01,1.280547712883864264e+01
-5.581382248831025805e+01,1.448312056606258480e+01
-7.515661101553919821e+01,1.314479069821583934e+01
1.770498799548188629e+02,8.956812834676327384e+00
-1.714899131510937877e+02,7.636169170274669682e+00
1.670995256643461744e+02,4.366236227366851352e+00
-1.701520274456669597e+02,4.780400044248118263e+00
1.735597335004891306e+02,5.250374757657066738e+00
-1.786908384761065349e+02,3.964684729830002752e+00
1.782667886116917657e+02,6.467069658593381121e+00
-1.788437784028091357e+02,2.991132556240909679e+00
1.774299898116694010e+02,6.690466888346232821e+00
-1.785624697545150639e+02,4.046709955256368119e+00
6.467444956507765141e+01,1.155616000237149343e+01
6.208457944692498387e+01,7.166352647143118482e+00
7.778182760410419405e+01,1.245660982867994804e+01
5.473543498392104567e+01,1.108938955002355797e+01
6.956002783376210630e+01,1.287835493829368438e+01
6.946917204687514413e+01,1.273393893405278732e+01
7.034163529018202610e+01,1.269909246547449655e+01
4.429234216293777138e+01,1.468631384187584388e+01
7.074274898898350727e+01,1.415537077788845544e+01
7.070403566561380160e+01,1.424828691822527738e+01
-8.155462097035227487e+01,1.296026068471002901e+01
-5.540934070420950519e+01,9.067376145225276574e+00
-7.214034080491158818e+01,9.623426720303973170e+00
-6.240347518018945294e+01,9.161630372157183899e+00
-6.660811550981350138e+01,9.843398170347821718e+00
-7.036142029257815977e+01,9.509626594268782540e+00
-6.404987408546131178e+01,9.762165400112939651e+00
-6.528384806997661371e+01,9.674575492139364741e+00
-6.090748994173358710e+01,1.055033965515034566e+01
-7.085229742374365003e+01,1.024434942073596488e+01
7.278868483888354035e+01,1.212077941782744084e+01
7.536350887976286117e+01,9.440303715601594092e+00
4.217500788356671393e+01,1.525248663182319930e+01
8.105106870185541368e+01,1.480861539103907809e+01
3.789125336797267352e+01,1.223353714568157002e+01
5.020783365414536803e+01,1.651227672931886303e+01
7.324970047821148000e+01,1.093121532506040694e+01
4.441081121311820823e+01,1.341425716956827685e+01
8.202285101989401994e+01,1.404936464152075537e+01
8.004904812252041779e+01,1.783209296204466909e+01
6.756011634050557291e+01,9.076398614279892030e+00
7.613920312311130090e+01,1.195684588455307562e+01
5.057327416680678311e+01,1.274462767954449305e+01
6.535000365853490223e+01,1.331970392353240662e+01
7.836565451097784774e+01,1.287169165627772038e+01
6.017188092342213679e+01,1.187871018980263571e+01
6.667377376732899563e+01,1.175527854147571638e+01
6.641739518439285916e+01,1.159422329579092548e+01
6.266383875690109306e+01,1.359351302560352970e+01
6.326835066401233831e+01,1.505459500952340335e+01
-6.848088795563982956e+01,8.806335408484038396e+00
-6.211483471620768171e+01,1.055010064838634065e+01
-6.598821627648484878e+01,9.971159086618007095e+00
-6.531672214126018616e+01,8.650423101964573647e+00
-7.252462219643649632e+01,8.775364444223729521e+00
-5.600352679614681506e+01,1.000597069168359532e+01
-6.946399966568333184e+01,8.123944155893038754e+00
-6.843586254171859196e+01,8.145213789121683590e+00
-6.077181054351570566e+01,9.836029532810579568e+00
-7.415229637361906612e+01,1.149906880568684642e+01
7.276495857475137541e+01,5.548708933316590652e+00
5.141160896253188639e+01,6.386255203913491663e+00
6.136702600612562719e+01,5.920812095028075817e+00
5.520618375866618521e+01,8.892289031804416766e+00
5.752156095362313692e+01,7.764666169288144459e+00
6.762714269488493812e+01,8.472513654983050202e+00
6.196377671310739288e+01,6.973978420691393509e+00
8.302229119601626905e+01,1.283199724695714394e+01
6.560435690408645826e+01,1.413218023171187099e+01
7.918723828639369344e+01,1.115716929825855708e+01
1.642484408230548354e+02,5.508927989017333715e+00
-1.645940995933735280e+02,4.911445277756934402e+00
1.728240877674930971e+02,4.357343397074383340e+00
-1.732712029833375880e+02,3.778184279590468542e+00
1.719438153279233177e+02,3.071598700416817707e+00
1.779840321971221897e+02,4.836613072267503810e+00
-1.758345665978683314e+02,6.424466165287768149e+00
1.774542424234163036e+02,5.601321472269439106e+00
1.768480093576949912e+02,3.356773579616196823e+00
-1.706395192337873539e+02,4.951259220598416277e+00
1.760359995755738964e+02,2.276906184310835801e+00
1.763910248542617296e+02,3.296655571732027390e+00
-1.700781404950436979e+02,4.370370091786215383e+00
1.741743134536079936e+02,4.182516291937555586e+00
-1.799988761618992896e+02,4.429479031560250135e+00
-1.757885165168933952e+02,4.840024146748880263e+00
1.691764004075242269e+02,3.885787600570610678e+00
-1.774939691264606552e+02,4.705757439692556332e+00
-1.721203457440721252e+02,4.545222680591491482e+00
1.684116359227242299e+02,7.399705054002257754e+00
6.297444669955984864e+01,8.312110720776695771e+00
5.813703115578506697e+01,1.105892748862381225e+01
6.256615725831957064e+01,1.079533617234564780e+01
7.972754411436940813e+01,1.175350559331454292e+01
5.943611700663077357e+01,1.121296720373690015e+01
6.842396618243573414e+01,1.208041854817175675e+01
5.784235488122857305e+01,9.040354792831960751e+00
7.155383054698688738e+01,8.466284449275107704e+00
6.585008787516646578e+01,9.976688304179763378e+00
5.925026281163685127e+01,1.061382109851080457e+01
-6.818060773415257358e+01,1.029034540483439031e+01
-6.913677691777914447e+01,1.253215923465741710e+01
-5.460483112713880871e+01,1.416948933231320140e+01
-8.135560298405843582e+01,1.083645688283758091e+01
-6.811750259002290875e+01,1.120024388889226685e+01
-5.539142919203105464e+01,1.530435404801063015e+01
-6.590565584062267135e+01,8.459709968076980502e+00
-8.805450696272683331e+01,1.275890924586927078e+01
-5.208110488714923747e+01,1.471118767662538218e+01
-7.427727250336855036e+01,1.007883197135940456e+01
7.390464697849230902e+01,5.881453063910562662e+00
5.771682603681394852e+01,6.523923674040958076e+00
6.447051003170497552e+01,5.601246572779784216e+00
6.463784489945363987e+01,4.921796527277631839e+00
5.639019857336165842e+01,7.336947433485761394e+00
7.567134706049580473e+01,7.890261866184076212e+00
5.712323531316298642e+01,7.453268709523342750e+00
7.646553377185185241e+01,8.320486309799282054e+00
5.757383743168265511e+01,5.359610565331621501e+00
6.635554168113218054e+01,4.555704224712372685e+00
6.923593428336330646e+01,7.605077253178819774e+00
7.041064661109095368e+01,9.850626531955059662e+00
6.693635334172741125e+01,9.694570064712099366e+00
6.078466431791417790e+01,9.711316643201524101e+00
7.177534953683918673e+01,8.384089225236838416e+00
6.305248807369747510e+01,9.480396129854954168e+00
6.802646199172620811e+01,1.046506765579808729e+01
6.529661851187435673e+01,9.559316366677032661e+00
5.858897554403194619e+01,1.120322553164708523e+01
7.492733276080363680e+01,1.062687579947512972e+01
6.739834275672203034e+01,1.012891840860456938e+01
6.005842334844536623e+01,9.845748533378323231e+00
6.647015838271130406e+01,1.178796748060160304e+01
6.035202362096411122e+01,1.256831661344547513e+01
6.799361727425980462e+01,1.246412526819978872e+01
6.980616809547257162e+01,9.974556231358693736e+00
6.622803083688656045e+01,1.017424138475025330e+01
5.728459485011939023e+01,9.381256340412280181e+00
6.836104489400007367e+01,8.501645777644455393e+00
6.599008546541128339e+01,8.453240551675961001e+00
4.957034032374036769e+01,7.667647037361588147e+00
7.664288570744066931e+01,7.168622176795915735e+00
4.621328009921934665e+01,9.038621578385299671e+00
7.445857743552217300e+01,7.118882625039535839e+00
6.755653627962058749e+01,1.001432800665353007e+01
5.241982830817733685e+01,1.307684745785549296e+01
8.092284201472264726e+01,1.073938061054201754e+01
5.616961080026548814e+01,8.968589633559130192e+00
6.172868372355996769e+01,1.117978712807831698e+01
6.261143403503003668e+01,1.308122972255525696e+01
-6.082864295073954253e+01,1.527987731623778345e+01
-6.202219456969610434e+01,1.325768629571198254e+01
-6.394468069967990687e+01,7.012563937341466769e+00
-5.286626907817957033e+01,8.783640124765884849e+00
-6.561027417895455471e+01,1.226372030906420107e+01
-6.319993839291257842e+01,8.442059272450510576e+00
-6.459500939275723397e+01,9.590756152583910676e+00
-7.172117160124894042e+01,8.779377662159355111e+00
-6.211828340261121895e+01,5.866902678434061436e+00
-6.461997886679624514e+01,8.161270875194393426e+00
6.883618542943592900e+01,9.586966384548496478e+00
6.237906897864370137e+01,9.365674492481796065e+00
6.185767756235684800e+01,9.282544783266565958e+00
7.698712120173134110e+01,9.572309013243060605e+00
6.331350991488442048e+01,9.669772878396694082e+00
6.909019322697911036e+01,8.196933484622283217e+00
5.357352323151467743e+01,1.181382279428279070e+01
8.010370128697833536e+01,1.122701065585050806e+01
6.074070165479283645e+01,1.118649587574651250e+01
8.231897048855313415e+01,1.227921433916794669e+01
6.081920065190498548e+01,1.231408368999205472e+01
4.982163370586739859e+01,1.418941661696031709e+01
4.995351072811672566e+01,1.427026218111504896e+01
5.121974171352604088e+01,1.774817960911279613e+01
5.476449803825924079e+01,1.374928281674441877e+01
5.437496652144918130e+01,1.068405123746953933e+01
6.429830936131293129e+01,1.075916567732469709e+01
6.972262592729258301e+01,1.452508409169791825e+01
6.611644435235871242e+01,1.831432840164617204e+01
6.371953063378900595e+01,1.866116230680969679e+01
-6.761967220538244305e+01,5.258414220048621246e+00
-6.146915489864561977e+01,4.989401147511196122e+00
-8.020214734200993689e+01,8.029138775807970418e+00
-5.253941470828650750e+01,8.868164641009379068e+00
-7.549756826469919702e+01,6.725390750323136935e+00
-6.020170880398944746e+01,6.127033429215449800e+00
-6.147145451857045373e+01,4.023386519214844803e+00
-7.169340383288131591e+01,6.135625986850009816e+00
-5.568254765196837042e+01,7.369700298200228872e+00
-7.542447912817054601e+01,1.064565409312246302e+01
4.575224239164929685e+01,1.580988012489558514e+01
7.795315785270325648e+01,1.436834328349586620e+01
6.473650853394475746e+01,1.216761513585775134e+01
7.321545054351278736e+01,1.043229928290007358e+01
5.216870031983510358e+01,1.347212423850511342e+01
7.367460364164936948e+01,9.892535515978901017e+00
6.320411558292436638e+01,1.037738122552475062e+01
6.572310773696912634e+01,8.681241260024854967e+00
6.863374546167426615e+01,9.443948805500109955e+00
6.429613307487821316e+01,8.803184908071713721e+00
7.064714831657904881e+01,7.132474002580490691e+00
6.324222035788416463e+01,4.419151832883470910e+00
7.433245928744206310e+01,8.063341626330984724e+00
6.603213384618345572e+01,5.534779594339337194e+00
6.388048636993489282e+01,4.604629781646298881e+00
6.128600939994229435e+01,6.882563039569253860e+00
5.583134089288294888e+01,4.807726460599594631e+00
6.841100830452805326e+01,8.030571441155213819e+00
6.307694885246068850e+01,9.987456384006122789e+00
7.419868938231090283e+01,1.008088852905338939e+01
1.735135299024174742e+02,6.287175425304717180e+00
-1.793353015115435483e+02,4.762318209379223788e+00
-1.745381773572212580e+02,8.194662548866407548e+00
1.757816105964021460e+02,7.309569798821522468e+00
1.713751322703051301e+02,8.217446814731433236e+00
-1.698543061261802052e+02,6.349053996072669293e+00
1.776189998956822365e+02,7.243673894712049588e+00
1.760629052520324649e+02,5.026239482104294609e+00
-1.692773051483928839e+02,6.813350831187637624e+00
1.759462025658295659e+02,8.388501509149509872e+00
-1.745732631994146402e+02,1.175972076072103789e+01
-1.771503330279230397e+02,1.052913528487872874e+01
-1.773715112758700343e+02,8.939857309571952015e+00
-1.763933684573025573e+02,9.185434544226243503e+00
-1.794728865291300508e+02,7.022368991043460795e+00
-1.747246771797666156e+02,7.915420350246415993e+00
-1.769393176473855931e+02,7.903693806268279332e+00
1.792076697107829091e+02,1.013153059751757823e+01
-1.796004761279544368e+02,8.613507613874883617e+00
-1.741158995626452963e+02,4.591729142759021443e+00
-5.940985521719986906e+01,6.970294788407178643e+00
-5.566588814790694073e+01,7.126996994378615113e+00
-6.780224796410213628e+01,5.840026897201903822e+00
-6.459875186703654038e+01,4.448325970295647025e+00
-7.108156241625913196e+01,6.184269138638585517e+00
-6.586045898345217608e+01,4.474921078209862735e+00
-6.083704379654188443e+01,6.499352825459348892e+00
-6.970764720974466400e+01,4.120480358867502524e+00
-5.761153918663382711e+01,6.164501139036123512e+00
-6.451479368892083244e+01,4.457865398718124261e+00
-6.171309616759044303e+01,5.159824957860571715e+00
-5.547179679449884304e+01,6.959315173971791779e+00
-6.475601617829670431e+01,5.989957565027603792e+00
-6.394391834440575195e+01,5.755955246289559568e+00
-6.842601238780935091e+01,5.292171449168883157e+00
-5.867551450722716311e+01,4.628928985484164649e+00
-6.527491288756934296e+01,4.993251066926393200e+00
-6.457397069156537839e+01,4.850020154805937622e+00
-6.093879207812440768e+01,5.651163712044542820e+00
-6.882801539454432316e+01,7.467808323943156523e+00
-6.730043135470559434e+01,6.314857221342958127e+00
-6.641533431845489588e+01,8.097859229781768420e+00
-5.966846637546512255e+01,5.690454859099236984e+00
-6.330566883612398499e+01,5.828972818754091456e+00
-5.495278060624844585e+01,8.692060702004656747e+00
-5.519643227195430057e+01,7.403825422709910953e+00
-6.086538492633137309e+01,8.223206562210105375e+00
-6.101054872653335792e+01,5.021935093567218900e+00
-6.630139826558000493e+01,9.235981947844059903e+00
-6.486736957418501959e+01,7.361485742646959096e+00
-6.750833216471588116e+01,1.066578387221591129e+01
-7.138242821519817483e+01,7.928643439206018328e+00
-6.505739200997477667e+01,9.104582431680988464e+00
-5.662460002204305454e+01,8.027998887773028613e+00
-6.777564084997577254e+01,1.422217364019875774e+01
-4.392201348596453414e+01,1.307296848792002208e+01
-5.979962556889351788e+01,1.199633187606584173e+01
-6.289885531579881217e+01,7.896787167845550570e+00
-4.536720160768386023e+01,9.514980102579897903e+00
-8.232931728295963580e+01,1.188178466716031068e+01
-5.209320702002082726e+01,1.094678732448046432e+01
-7.185862593681710564e+01,8.067471879673565383e+00
-7.354677001994066643e+01,6.223305452747172950e+00
-5.437146172349950035e+01,7.550029264078814251e+00
-7.128688063998180269e+01,1.012403068845447685e+01
-5.062740473308615918e+01,1.042244027522444938e+01
-6.535543136343490289e+01,8.257033586743039777e+00
-5.683317418020966016e+01,9.667574904920893886e+00
-5.053368220366763808e+01,5.097710959647550055e+00
-7.857893975491619187e+01,8.892351613687257128e+00
5.761038067220324166e+01,1.011258177401634306e+01
6.367931814422637160e+01,8.232262669400885358e+00
7.097311524676817385e+01,1.032972908323731431e+01
6.884129048789687033e+01,8.431765580019186856e+00
6.553096404070929282e+01,9.077214939672813898e+00
6.259255702883822181e+01,9.766914036092730456e+00
6.848905095441075730e+01,1.288494940655587762e+01
6.914428181834757936e+01,9.353207961496813994e+00
6.128323120173682526e+01,1.083328119799559452e+01
5.590986571073269573e+01,1.033843380724599470e+01
7.473377200483143667e+01,1.190224912223770559e+01
6.192716381005477899e+01,1.094992673506397729e+01
6.559181885797499945e+01,1.145204928463810923e+01
6.110977108674778435e+01,1.143594570180284364e+01
7.384204573900655078e+01,9.289803391617331485e+00
5.332512494971608419e+01,8.984926950418019587e+00
7.745713988126576055e+01,8.808359994296434792e+00
6.466873225267359260e+01,9.260169845978985848e+00
6.161757744622094179e+01,1.026442715913521120e+01
6.253119669686589077e+01,1.013338303206929680e+01
-7.465046169540305243e+01,7.105288282044883275e+00
-6.081890324854970942e+01,6.759879137872367494e+00
-6.711375315007242648e+01,5.462725695914405044e+00
-6.948815549118204160e+01,6.944011494495168080e+00
-5.409613007238750271e+01,5.371153284171318987e+00
-6.515630065960544925e+01,4.823485231589492273e+00
-5.621349743462538839e+01,5.437054112562083930e+00
-5.982730420639155966e+01,8.577648934180714946e+00
-6.316744201581593643e+01,8.386462463657613498e+00
-6.206606096436813402e+01,4.836799028598146144e+00
1.799177660764424331e+02,6.809885969008712792e+00
-1.760784456740657618e+02,7.068813562096615044e+00
1.799900355882514589e+02,8.511277961132378778e+00
1.745491450270369853e+02,8.898809267020144631e+00
-1.779410943439693256e+02,6.988657268455305882e+00
-1.787231423105443184e+02,5.427612661085905899e+00
-1.784787259689170469e+02,6.669106913490347566e+00
-1.701581347925384193e+02,7.311033193565355859e+00
1.785442533512249383e+02,8.848599486380688717e+00
-1.795731690821717450e+02,5.750534287905395558e+00
5.020264789444415499e+01,1.569707281720393510e+01
8.049193980082881694e+01,1.168166994535344472e+01
6.327217823669642627e+01,1.020065888903291373e+01
5.565520519828353940e+01,1.191491348845012865e+01
7.474319055595874772e+01,1.100608266769128640e+01
7.046525334991720513e+01,9.464069562433381932e+00
5.684287092186145429e+01,1.387687514951920775e+01
5.951572606068469895e+01,1.137786073712598167e+01
7.910766906912607510e+01,1.336214364608056826e+01
6.186981454121736590e+01,9.224029379470307433e+00
5.960357702870168595e+01,1.102777121571853769e+01
7.545178963641430414e+01,1.327086495920118381e+01
6.344071111407187402e+01,1.245705036796674037e+01
6.551170716318695497e+01,1.141637085136017582e+01
6.237119494546911369e+01,8.419271126302817265e+00
7.549480588599496400e+01,1.232181590188670128e+01
6.389421736811262065e+01,1.222041785505659561e+01
6.077924426969294558e+01,9.966964651383761975e+00
6.682813935322796794e+01,1.298744224960509541e+01
7.600094661006255592e+01,1.058291380304051366e+01
-1.783565911497675813e+02,7.726737736197549111e+00
1.702774947700258110e+02,6.684593906272130681e+00
-1.750448646308569778e+02,6.642381411251093937e+00
1.740138949139745819e+02,4.410010518436580540e+00
-1.796861769103103370e+02,4.504065896918359790e+00
-1.711842920647501387e+02,5.149988653740775746e+00
1.644454822163097845e+02,6.783482071144336878e+00
-1.742266832994468473e+02,6.912955194393553882e+00
-1.750638759139126819e+02,7.510794965640464227e+00
1.737676322783698311e+02,7.232617163295196328e+00
-6.342427519476216702e+01,6.209766263408886822e+00
-6.524296785944837040e+01,4.503519580404846678e+00
-4.947656485892088085e+01,5.569027572787246250e+00
-6.068706987011071163e+01,7.716508040906663979e+00
-5.524199779993936943e+01,6.425488027884846076e+00
-5.767603710649891724e+01,7.220525555506268844e+00
-7.106828373078683114e+01,1.060522796311917304e+01
-6.107515245221087952e+01,1.144638994243184804e+01
-7.129415704988844027e+01,1.010841909955409079e+01
-5.902496853570627877e+01,1.120519638504393356e+01
-6.571295845709471450e+01,9.565298449251447011e+00
-5.635910617111951382e+01,7.798491888016362950e+00
-5.541946333339578956e+01,1.042705020744335442e+01
-5.180021237495826369e+01,9.077431903775277533e+00
-5.750495630230506094e+01,1.073266497644498507e+01
-5.554726560104307254e+01,7.244033169824613871e+00
-5.820046925375005031e+01,5.126777570947252727e+00
-6.492083867058522628e+01,7.104002849713054069e+00
-6.811057842656393291e+01,7.224729479508116725e+00
-7.238359211506178781e+01,8.206720683970306851e+00
-1.657312890791198186e+02,1.428602914110820166e+01
1.750266898127598267e+02,2.193117429553257836e+01
-1.736727728170227465e+02,1.489428530563498931e+01
-1.731810180687874663e+02,1.494721245383965069e+01
1.617556269366697563e+02,1.127378314251754432e+01
-1.685283144442001912e+02,1.240666740189954353e+01
-1.733702027518343414e+02,1.748105754595417238e+01
1.597407847136522321e+02,1.623943923399616551e+01
-1.719566880602455967e+02,1.100804846881393750e+01
-1.728301710491230097e+02,8.560281124133176434e+00
5.693571628176042765e+01,1.248579179942765904e+01
6.815590841502088892e+01,1.007326779860274790e+01
6.253307145887724516e+01,1.039065002678947458e+01
5.964125599105015851e+01,1.295200509754383411e+01
6.741716677838311966e+01,9.361316499355298859e+00
6.588438553389400454e+01,1.060768045415255756e+01
6.050394571443246861e+01,1.236255779931155985e+01
5.859944251265383031e+01,9.609800953204430840e+00
7.633033243191988504e+01,1.116866115780506874e+01
5.218635680142812561e+01,1.145052526676435889e+01
6.161130752414284473e+01,9.062559405131658252e+00
7.344844248062959480e+01,8.741357959790505561e+00
5.521981045660754006e+01,1.078715644055203171e+01
7.216844393708973371e+01,1.223248434710859911e+01
6.356990063073614294e+01,1.138456956743598347e+01
6.637000538971371100e+01,1.690216230376449857e+01
5.081926886714387592e+01,1.419135044831651626e+01
7.546834627350227720e+01,1.228325728903679703e+01
6.496736739286593831e+01,1.327775465963372348e+01
6.331175777599845844e+01,1.286001402231481450e+01
1.680953333968018057e+02,1.206126631095224155e+01
-1.672273508273404161e+02,6.748621258640577381e+00
1.781075476565984843e+02,9.911344330194353347e+00
1.693169570055501367e+02,7.353512085728103997e+00
-1.725040535278464517e+02,1.173612991945829265e+01
1.757601609778825775e+02,5.734379081087352503e+00
1.694452940826570284e+02,1.059555249809010036e+01
-1.664579252689381406e+02,8.183243642340656265e+00
-1.762800136832652527e+02,9.691039970604339970e+00
1.694310249993508819e+02,9.626253141721383244e+00
-1.629328489419475545e+02,9.753286567231334914e+00
-1.778655734516366635e+02,7.484711686463297653e+00
1.706707395075339377e+02,6.617642835103081822e+00
-1.672200335318065072e+02,6.678250394871955820e+00
1.690253328577461218e+02,7.829608158953433872e+00
-1.744372431213168682e+02,5.232767403787522476e+00
-1.765989652798956797e+02,4.531615904604992195e+00
1.744521442433395464e+02,3.851825666542408655e+00
-1.783550335552278057e+02,4.154038050625927347e+00
1.792020816680054054e+02,7.188595354616406752e+00
7.095592589698132713e+01,9.031159212860984553e+00
6.125671642615868961e+01,9.814731646717172353e+00
7.066485031566274699e+01,9.272485613175687647e+00
6.048527198274991434e+01,8.557656409021486610e+00
6.845378593104896936e+01,8.629511284471519161e+00
6.417371896936992925e+01,9.136610145080330980e+00
6.704285694329279011e+01,7.857907640026992269e+00
6.278259252678951441e+01,8.939494213262719313e+00
5.944497440453980630e+01,9.662478945130956731e+00
7.391435164916876488e+01,1.006135635301530940e+01
-6.471289026499063368e+01,9.513543727448457332e+00
-6.650511432874417039e+01,1.377633606798136867e+01
-6.694692082833208246e+01,9.465481918950098716e+00
-7.604145955919409516e+01,1.133755587048063163e+01
-7.135689547319374526e+01,1.005153124021190258e+01
-5.958215685289216168e+01,6.143741182706624393e+00
-6.810355659063581868e+01,7.792699834061650677e+00
-5.651459890678244591e+01,8.030631089485073204e+00
-6.431809891826848968e+01,8.974636618019571799e+00
-5.842555227038147336e+01,7.015094360552374120e+00
-1.775351644852186155e+02,5.776103046104326566e+00
-1.744520168506901143e+02,5.990098461804223007e+00
1.775645701824973628e+02,6.216561650865244815e+00
-1.707686470208628293e+02,6.626644699516065273e+00
1.786519241981742994e+02,6.411873704678151320e+00
1.764267954966815068e+02,5.454414191863708794e+00
-1.734340368349418213e+02,7.713035642119272950e+00
-1.788259904953469288e+02,7.867795220857059846e+00
1.755652594011106942e+02,5.442468130345067934e+00
-1.793657159620049981e+02,7.915527431451188534e+00
7.969261442877068191e+01,7.438019424915889743e+00
5.532548584078696052e+01,8.590136063562741953e+00
7.088064921677599273e+01,6.949385835953608037e+00
7.256826494449211395e+01,5.791726222259615753e+00
5.883623226446795940e+01,1.153451464619371336e+01
7.191625290265611170e+01,7.212702154180325564e+00
5.633434187117933334e+01,1.269425019705162683e+01
8.280311842442719694e+01,9.917063236949417160e+00
5.426525314729379090e+01,8.767650423135400217e+00
6.573202037897549133e+01,7.542575246209983320e+00
-6.224682784643761124e+01,8.360121692743710753e+00
-7.341629308862655989e+01,1.062508351070397694e+01
-6.281676020328090004e+01,9.220065576807725094e+00
-7.748442277481535712e+01,1.034101835251531476e+01
-6.410527637248601707e+01,7.093999659848201134e+00
-6.794269076251897843e+01,6.944878982599364647e+00
-6.940546433499500267e+01,8.790320057855149471e+00
-5.258894744457938231e+01,1.337424983791225053e+01
-6.945338955297700068e+01,1.079950923654291728e+01
-5.100118826105607894e+01,7.480674229442248802e+00
-5.471682265728387762e+01,1.032920106802073690e+01
-6.965028076678238733e+01,8.149419860725782172e+00
-5.707730670110273508e+01,7.690009090520392832e+00
-4.959321487908589887e+01,8.735687701340294709e+00
-7.997797028451729773e+01,1.128252987643721994e+01
-4.235829231532026284e+01,8.483470726883766133e+00
-7.206374446246086052e+01,9.348880506989393879e+00
-6.546155587362929396e+01,5.155532713115547061e+00
-5.757778781479876784e+01,6.029137582020160480e+00
-8.150144416231535160e+01,7.956561704807143087e+00
7.228073676981919959e+01,1.272066253785454926e+01
5.276401046174250808e+01,8.480940230674461233e+00
7.280044984962877663e+01,8.435434316795982213e+00
6.228579250180563776e+01,5.776880701204314406e+00
6.575020893575933201e+01,8.220963310698975235e+00
7.514883455198460638e+01,7.422194838701855701e+00
6.528556212520135205e+01,6.400451767293606764e+00
7.217485589290124892e+01,1.149819285039458450e+01
7.008442591220004658e+01,7.675788805596997832e+00
5.724737608436778658e+01,9.802023476643679345e+00
6.508792742539456810e+01,1.041815768770323380e+01
6.462241284215120629e+01,1.186473672679403180e+01
7.041612225982296991e+01,1.517406305965395319e+01
5.124405240082302271e+01,1.541218811319688164e+01
7.519226204594478702e+01,1.403400289562270586e+01
6.354356040117926341e+01,1.178633292229974749e+01
6.389393190300994974e+01,1.460578406776369320e+01
6.236337073341011461e+01,1.146401749947714421e+01
7.308796923724997896e+01,9.771279406111677446e+00
6.213227068164452760e+01,1.141128255689062776e+01
-6.792702239163307354e+01,7.666185117596366894e+00
-5.917009177802516007e+01,9.085331523015774735e+00
-8.260075697966104258e+01,1.159442541137718585e+01
-6.406581284757699279e+01,8.229342970420802317e+00
-6.650422936910929650e+01,6.304574224238811198e+00
-6.911932765284153390e+01,7.590592035023783879e+00
-4.375381664686596395e+01,8.741498639795157288e+00
-8.246544332371931318e+01,9.558630487350974647e+00
-4.168675107557191239e+01,7.895170727331292326e+00
-6.226894771856454014e+01,4.600083723095679034e+00
-6.189958863133878708e+01,1.242362337459987387e+01
-5.756604844343480920e+01,1.243415430482811246e+01
-5.083137062474686019e+01,9.127179780266979847e+00
-6.164701158319017793e+01,1.134085080372661380e+01
-5.941773777351536268e+01,8.756749769792055105e+00
-5.628817781048952895e+01,6.097993348933136382e+00
-6.703348480736784154e+01,6.638430612137041109e+00
-6.203329275806165555e+01,6.692479138521362003e+00
-5.916311478993465300e+01,1.017912384111762769e+01
-6.575713678714382127e+01,8.886947914425867623e+00
5.269446207594021558e+01,1.440482625392244564e+01
7.513193201337772109e+01,9.125873127123808715e+00
6.245314043162684925e+01,1.682458685438351864e+01
8.787906403874625028e+01,1.249786988783186459e+01
4.881096014305577313e+01,1.335484498354689720e+01
7.062964115157055289e+01,1.231530480559814222e+01
6.502560032879571850e+01,1.082883703439373235e+01
7.884545656049748175e+01,1.080975875535797037e+01
5.456176315465942395e+01,1.181752334996237863e+01
6.805594766387346795e+01,9.704642057882274742e+00
-6.666569715786256722e+01,1.248160502179041842e+01
-7.138506065355360874e+01,7.778484582309319606e+00
-5.754744754496546477e+01,8.695733614053098748e+00
-8.211032659236455800e+01,1.282347763192605683e+01
-5.449616796571126542e+01,1.113960548252099514e+01
-8.247895678960541943e+01,1.150381282706639219e+01
-4.751061371771019992e+01,1.306054201881763177e+01
-7.879168171308370461e+01,1.164579013653407991e+01
-6.263216850828634819e+01,1.228454961543202728e+01
-7.063564564745867358e+01,1.038406570310280941e+01
-6.148500644221714140e+01,6.412047985343753531e+00
-6.428699673586756091e+01,6.088235742705997211e+00
-6.506397876410309777e+01,4.676347730446074102e+00
-5.326021145338231122e+01,4.673053435527939392e+00
-6.932071313155455528e+01,8.866894181484422433e+00
-5.098422475156083777e+01,9.978843096122695044e+00
-6.301631202341710747e+01,1.024487656737012564e+01
-5.878950577611359307e+01,9.913893506701334957e+00
-5.511111260209954565e+01,9.362090380524620059e+00
-6.154281209915357920e+01,6.611709068229382424e+00
-6.200884464097082116e+01,1.303146374722558143e+01
-5.684072981303249605e+01,6.609708383098583440e+00
-7.797725492296770256e+01,1.306999025433462513e+01
-6.135559919124861494e+01,8.119249159419057449e+00
-6.976314252547381045e+01,1.332605642372985955e+01
-6.600225979734770476e+01,7.183541082542904910e+00
-6.058110191607068629e+01,1.042645084459265092e+01
-6.832641521360588399e+01,4.772996388350589925e+00
-5.925169962677555446e+01,9.822115582055333860e+00
-6.526490123328592574e+01,7.790326896470912033e+00
-7.527258300194104379e+01,1.175289570423340280e+01
-5.289637731103704965e+01,1.052371558088811554e+01
-7.076256304403099762e+01,1.114400920447856436e+01
-6.094544144763196414e+01,1.109585741155562211e+01
-7.491099038789302256e+01,1.040615940422267549e+01
-5.477244379902561633e+01,1.089787294221889447e+01
-6.926678007627153022e+01,9.935981931042968895e+00
-6.728710989792274688e+01,1.085324603826083134e+01
-7.122687080519372671e+01,7.940031043237326003e+00
-6.151632183188166891e+01,8.070538209015392539e+00
-1.743269237229688997e+02,6.387026564629735503e+00
-1.783792222335017925e+02,5.131551087883689632e+00
1.744477083679686586e+02,4.529491390211591195e+00
-1.691421821394283711e+02,6.649447930889786917e+00
1.728516525837101199e+02,1.012114357785147689e+01
-1.733858821681433540e+02,7.776025255170543105e+00
-1.752773559942449424e+02,6.946738316051954243e+00
1.756504468329186750e+02,6.361387419316171687e+00
-1.697172109873636145e+02,7.948679544561640498e+00
1.765131332365320986e+02,7.686443947851076430e+00
-6.865427554742781524e+01,5.487192489211578206e+00
-6.027118012078528153e+01,9.870698394744426452e+00
-6.947062926782757586e+01,1.066680546364444382e+01
-6.656033132021980236e+01,8.422356108746789971e+00
-6.465020979466744677e+01,7.489508455926761954e+00
-6.295150355328130587e+01,5.261949889325054919e+00
-5.612300394987308039e+01,5.428083549232601612e+00
-6.267775273860492291e+01,6.793469694060421560e+00
-6.132808769751912337e+01,9.902829981769379231e+00
-6.126928861167841234e+01,1.116649491685263129e+01
-7.226240832124024394e+01,9.401522280725906455e+00
-6.280558324696350780e+01,6.967815562311441724e+00
-7.541803569185927358e+01,7.505750989664081274e+00
-6.604816268321557970e+01,6.352132381900173819e+00
-7.380640368815751629e+01,4.529804070129618054e+00
-6.714571590023930980e+01,4.742798584701105824e+00
-6.229166582989952161e+01,4.893687591951201732e+00
-6.171043129574095332e+01,6.810075258353377237e+00
-5.516040169682548822e+01,7.691359455002782397e+00
-6.695087291688099640e+01,8.420466543346392996e+00
-5.785490161656527164e+01,6.362516568637736292e+00
-7.213260216152366411e+01,7.411842867008942903e+00
-5.740276694629830700e+01,7.209994741438340071e+00
-7.094539061474982589e+01,7.544367637324608467e+00
-5.700759666428221806e+01,6.894431623894572425e+00
-6.826657831080481742e+01,6.719151959025566612e+00
-7.361669928672077390e+01,5.139069157662170539e+00
-6.121500415102335779e+01,9.624860756415314356e+00
-7.631729507232864762e+01,6.232558202769046929e+00
-5.529086036954321060e+01,6.459604479811041244e+00
1.739150999319682285e+02,8.452397088048925866e+00
-1.695192827175276591e+02,6.098525106872880741e+00
-1.786121498931375129e+02,5.982069911505384141e+00
1.713348608654637815e+02,7.282941977803093714e+00
-1.680138348240336938e+02,1.117741313553554861e+01
1.728717268759254750e+02,6.979832835614510955e+00
1.786793016595487700e+02,7.270350830596149727e+00
-1.775380576076311172e+02,7.710422499336463176e+00
1.730581671785406854e+02,1.357286868482464470e+01
-1.771536465807901664e+02,1.512638046780061529e+01
1.752567092018646520e+02,5.991493242793936247e+00
-1.720173350916915354e+02,7.741045956930722838e+00
-1.795071252213247135e+02,9.608605370610373342e+00
1.790844656486340511e+02,6.930890912113220281e+00
-1.755802572796584116e+02,5.071434099972513820e+00
1.758815186159609709e+02,5.103131683838583399e+00
-1.714730457204872778e+02,6.466406073786711950e+00
1.787075319436009408e+02,9.704958893967274847e+00
1.670735095608195309e+02,9.577475113692056397e+00
-1.778703057083471890e+02,1.059185000148588074e+01
-7.583839749349293413e+01,6.612226872197759064e+00
-5.370459884569747544e+01,7.569067739159248021e+00
-6.752762934460359645e+01,6.136580954913901209e+00
-7.757974222507914419e+01,6.382242735850303106e+00
-6.019863660437155772e+01,8.568804623484432170e+00
-8.130863603826797714e+01,9.125697944100416237e+00
-6.547590564085152209e+01,7.071639588093228568e+00
-6.501488596222050376e+01,6.728946565702895732e+00
-7.087068920762155244e+01,7.009429868477130121e+00
-4.368564189436565925e+01,9.659263620628138369e+00
-1.791219954700943049e+02,9.566036056561843637e+00
-1.694656610521746245e+02,1.026152112197095079e+01
-1.783831201966585809e+02,1.111961088808133802e+01
1.788232449930742121e+02,5.835499410721284974e+00
-1.679553857047992267e+02,7.062951964396152249e+00
1.744511214088276176e+02,7.522677360317354456e+00
-1.792289799521548446e+02,8.581434103533041480e+00
-1.788143962346768205e+02,7.420918256501913390e+00
1.791944646294477934e+02,7.073199163205742934e+00
1.787575918724815267e+02,6.170510847594008474e+00
-6.772365010575228439e+01,8.609093029539538477e+00
-6.589274764360190773e+01,6.888961509543976014e+00
-6.544573641723580693e+01,6.796721582628492797e+00
-6.192933431624089025e+01,4.484187493156438720e+00
-5.395153453667860077e+01,5.677140304034862694e+00
-5.664150479363657809e+01,5.460493896935199487e+00
-5.769855993418890705e+01,5.030062075056706661e+00
-5.832959115202969258e+01,4.917631921301479636e+00
-6.322409062294045157e+01,3.643378010848643100e+00
-6.257662860160458962e+01,4.530078174182089690e+00
-4.702444348746092118e+01,8.877575125587522820e+00
-7.431471984770375627e+01,8.618416921973896194e+00
-5.351883234751833385e+01,1.264252355304761011e+01
-6.514879589683164340e+01,8.166359294955896075e+00
-5.048167437335965957e+01,1.367523029662093492e+01
-5.355934569080946517e+01,1.188320876576666763e+01
-6.413845692455171843e+01,1.363201342542113181e+01
-6.536433002552186622e+01,8.927511796106388786e+00
-6.866543621768443018e+01,9.349437557333402538e+00
-6.014860830340229825e+01,1.021041709863834335e+01
6.697059231934389345e+01,6.700922730110856484e+00
4.737558795287785784e+01,1.118803171133459884e+01
6.638401986839610913e+01,7.472696300976375383e+00
6.324858876162311816e+01,7.543584414248782011e+00
5.999520204982507465e+01,5.195604252676139012e+00
6.686920281748312789e+01,8.801336980389406150e+00
6.065329195549511354e+01,5.116475405014427658e+00
6.632736413653695706e+01,6.990708668669028292e+00
5.015544494092130634e+01,6.828428349065021941e+00
6.765462707702619127e+01,7.841553754215683014e+00
-6.294007604266458600e+01,5.469877711257121966e+00
-6.441152745687053027e+01,6.249740927822028169e+00
-7.797164427370034900e+01,5.894678053797768769e+00
-5.025619020074698540e+01,8.557495606024534851e+00
-6.724400611721719656e+01,6.681256899793289072e+00
-6.042726398460551707e+01,6.317154157770172418e+00
-6.437967179769833592e+01,8.064871159595494277e+00
-5.862053698543204661e+01,6.366369243627644892e+00
-5.743987970615521732e+01,9.249892100824169461e+00
-6.909643476479679691e+01,8.406204248644085553e+00
-6.436740974943451477e+01,1.097774509149649447e+01
-6.018656442449007926e+01,8.598924469183115704e+00
-8.226183283836151361e+01,9.354324670338318271e+00
-4.995767994707117765e+01,1.050335211190248330e+01
-7.714561916752248294e+01,8.105379127455677235e+00
-6.445161608315056867e+01,5.028790019989884286e+00
-6.504946437771852175e+01,4.488002627672745604e+00
-7.739005943932437503e+01,7.156801150954674284e+00
-5.279290832771548736e+01,9.648669777020813854e+00
-8.507372192248236331e+01,1.105421015233592286e+01
5.377859067809739457e+01,9.121409455918012554e+00
8.046324555644646637e+01,9.410455220742951710e+00
5.003073499293602566e+01,7.948521623636331412e+00
6.622218167828877711e+01,7.043769179616008458e+00
6.780190049892281934e+01,8.373681512175750186e+00
3.953325814251581960e+01,1.165286901034999545e+01
8.060660912891871988e+01,1.126137062482550100e+01
4.558549051459108625e+01,1.016661122202990342e+01
6.400127700628156902e+01,5.712610547095672509e+00
8.501432959408289491e+01,1.041631036501665619e+01
5.681491126939442182e+01,9.655089704893892844e+00
7.372325784376555191e+01,7.967221308025621340e+00
5.492450063179776265e+01,5.086844540989154950e+00
5.685931978265557518e+01,6.837181796353185348e+00
5.763980274185993835e+01,7.256192282018131046e+00
5.618641746408235349e+01,4.722105150434174448e+00
6.247435781857860349e+01,3.777833067224632302e+00
6.663596180550331383e+01,5.920202923717871712e+00
6.618595487584678949e+01,5.158677084791627010e+00
6.297776610753599869e+01,6.839888775860892167e+00
-5.326759738571770697e+01,1.005707537747357527e+01
-6.549749221689253886e+01,7.642042429237026369e+00
-5.842688311978704974e+01,7.255858768031148820e+00
-7.068230993388793593e+01,5.959764569575165538e+00
-6.688873768100295081e+01,5.688949712318676077e+00
-6.400439882919931733e+01,4.440946390642203312e+00
-6.933187788526467443e+01,4.833189422959653925e+00
-7.125253425088325798e+01,5.142172179563925027e+00
-5.996246153049769134e+01,5.629545875755292528e+00
-6.860548073518749845e+01,3.382537868430081751e+00
-4.912016797773289056e+01,6.933458559856212844e+00
-7.347348069114094926e+01,9.533039233644242216e+00
-5.630884547459828582e+01,6.988421052239889519e+00
-6.314456638149977863e+01,8.395625500177722245e+00
-6.057332220096858322e+01,4.385617143551244546e+00
-6.120769232124416703e+01,8.581618991262914165e+00
-8.615369686465767529e+01,1.257227568474991841e+01
-5.845162255236254367e+01,8.335228748494657225e+00
-6.840426685712488108e+01,5.161607594670846844e+00
-6.391972065054233809e+01,6.361546026515288332e+00
5.830243162887865083e+01,1.673525251660549173e+01
7.382619292568712410e+01,1.060201604646822204e+01
7.543481226692628638e+01,1.789108408534207939e+01
5.640222340073914609e+01,1.806759319781802731e+01
7.413117038474133835e+01,7.663386226331160955e+00
5.422539406378629678e+01,1.588481580432422646e+01
6.647162484065303545e+01,1.117102530498623025e+01
6.377796244105562096e+01,1.162581186089532359e+01
4.655351008658748668e+01,1.249543523851078319e+01
6.907598245342506971e+01,7.500614047751263058e+00
5.763254301422232828e+01,7.553472814687538062e+00
7.126459276306647439e+01,8.867225201869270990e+00
5.356247103881226224e+01,4.589792934532422208e+00
7.088715462324988437e+01,7.684668579807180322e+00
5.805382817850372135e+01,8.528420421737227031e+00
6.377567144288067169e+01,7.387454357319787945e+00
6.379250132190398404e+01,7.642047026979380320e+00
5.476045874441107486e+01,7.394570522134669588e+00
6.704650912537759666e+01,8.143082782523141105e+00
4.496029547276528149e+01,8.038838221068285605e+00
-6.356930568256637315e+01,5.328809715320861784e+00
-6.674150747841406428e+01,4.956814794246380274e+00
-6.116093446733393790e+01,5.685208113939104635e+00
-6.940141665733817433e+01,6.133105229013720461e+00
-5.951838838288344391e+01,5.491374091177478434e+00
-6.105291346273565267e+01,4.883438638486035543e+00
-5.613524670034895081e+01,7.721265951054746779e+00
-4.973453385757636624e+01,6.711669329467444101e+00
-7.697536993201207167e+01,7.852933564894808427e+00
-4.540399061583113394e+01,9.102236421183599546e+00
1.677642851249787839e+02,1.404360885260744496e+01
1.770907552841813981e+02,1.289560164266624831e+01
-1.738447763269532800e+02,1.293147431701272509e+01
1.748264133101816640e+02,6.542126038917236208e+00
1.743406676524303123e+02,9.638889873073875236e+00
-1.756623227748738714e+02,7.455117293544974544e+00
-1.761368937310995193e+02,9.731940238300982315e+00
1.708326821679532088e+02,7.420012276555763009e+00
-1.754844185946127766e+02,7.177178915759261812e+00
1.779510943819419992e+02,8.663287127073862948e+00
8.198817442849487236e+01,1.521882866315027805e+01
5.597403781733455475e+01,9.835560754190691313e+00
6.543215372535709662e+01,8.237725814725219919e+00
6.657533928359686115e+01,7.810279959297005803e+00
5.022077075706042848e+01,9.607728719430884468e+00
7.234650807477839862e+01,9.071160406816883182e+00
4.898850728961130585e+01,9.613068885687727771e+00
5.994973292599645731e+01,8.906638769806610512e+00
5.054156514230454889e+01,8.655234771181856246e+00
5.332738136285747288e+01,8.495461869945383881e+00
-8.173218307036081853e+01,8.714434087387873618e+00
-6.825033033781474501e+01,7.501157459316077691e+00
-6.650487517703682272e+01,8.845762602647173622e+00
-7.927969172323649616e+01,9.120779318545018555e+00
-5.321963154461320045e+01,9.693022544514260375e+00
-6.952383376070359589e+01,9.029909174157605634e+00
-5.550730613113243805e+01,9.993999626176933049e+00
-6.406271631674354694e+01,8.141810227214916651e+00
-5.510781743128847410e+01,5.671093789245642114e+00
-6.629586102494735655e+01,6.058400952059224132e+00
-1.649598555255078907e+02,1.042172475624228056e+01
1.763546615547550118e+02,9.751544505862955958e+00
1.685971419572132675e+02,6.227616668855596060e+00
-1.693311780989538704e+02,1.320389159881014507e+01
1.730673282317401060e+02,5.867126907179856410e+00
1.760760503280798446e+02,9.725769311503297487e+00
-1.647193389103066465e+02,7.462680776353550982e+00
1.609159102181878040e+02,9.804000148227920874e+00
1.735661388617261025e+02,1.019164534038687364e+01
-1.617051590587380474e+02,1.302773170824137949e+01
1.790972804644865164e+02,1.143741230882716842e+01
-1.764568006076113136e+02,8.642612917109989468e+00
-1.763736163326019550e+02,1.136262916995102223e+01
1.745304120683464646e+02,8.510037388697762495e+00
-1.757631208639279521e+02,6.974700368484082702e+00
1.768332990313428468e+02,8.318425198419866717e+00
1.731484448745850671e+02,7.446913831017216268e+00
-1.679871453476767726e+02,9.668110847919955120e+00
1.726424947753354786e+02,9.304525986821570172e+00
-1.775373124240986726e+02,8.216111298881383362e+00
-8.418330770673179586e+01,7.128349314589845775e+00
-5.957830531549827668e+01,4.747170900814985828e+00
-5.381451770867367657e+01,7.094614903025171060e+00
-8.117974890011242906e+01,7.148481893879708338e+00
-4.310708467423731349e+01,8.996781915846382205e+00
-6.668083742318077611e+01,8.013110820434494741e+00
-5.579963113284490106e+01,7.396260086923426513e+00
-5.837925548382541763e+01,8.467771169382782404e+00
-7.540496524337578421e+01,6.320719195026594406e+00
-5.565773324791260990e+01,6.845819451272626921e+00
-1.732864232949707173e+02,5.485908551603500882e+00
-1.767795183361897386e+02,9.794529310185250637e+00
-1.797485403469265464e+02,7.499079396095947203e+00
-1.722171250435495438e+02,9.959818089990690737e+00
-1.783962105687207043e+02,8.632493110157312799e+00
-1.754957599379788178e+02,1.073465178716003265e+01
-1.792342613695990963e+02,1.219028277161309148e+01
-1.721654751851378364e+02,1.029290036182786494e+01
-1.798685683668709316e+02,1.227129519250147105e+01
-1.797780677628933859e+02,8.297353900296771556e+00
-1.732811916526269442e+02,6.296476872695621729e+00
-1.786575188215053061e+02,5.919789596310081059e+00
1.749807701955717789e+02,7.769558546301215785e+00
-1.694261261104345806e+02,6.655091600271440200e+00
1.731191477362203273e+02,7.314830251024552865e+00
1.783421011183020539e+02,4.118501644393585792e+00
-1.662617247897725861e+02,8.570988671503464218e+00
1.700969435503481577e+02,5.080418769426613856e+00
-1.777120188945153529e+02,5.505810604938909947e+00
-1.694674708154527139e+02,6.735727639198894501e+00
1.684045004833983228e+02,1.465647085557130502e+01
-1.702222323015312782e+02,7.152968979922631476e+00
1.678274924171027749e+02,1.258074498615276582e+01
-1.689147038578169600e+02,8.420525742137295211e+00
1.762366289264744523e+02,7.516127440280158112e+00
1.777318799416037507e+02,8.975968225735428518e+00
1.797966856887425990e+02,7.560193530351170921e+00
1.783554215467419226e+02,6.363963258764465891e+00
1.799956908075653814e+02,6.186393165784652481e+00
-1.701455436433018065e+02,3.331791401859812929e+00
1.620791353399115735e+02,6.497450319118742712e+00
-1.638807355447159182e+02,3.172532828158853846e+00
1.713699375616658926e+02,2.220421640870910984e+00
1.729187830061262332e+02,8.131593697667323539e+00
-1.765044054962988298e+02,5.347132286360200659e+00
-1.745965210042836873e+02,6.615734358934525439e+00
1.653008485667628236e+02,5.149789552700355877e+00
-1.578423557030723430e+02,6.685966465746038701e+00
1.572235049015596644e+02,1.047286655589880411e+01
-1.661045026661547581e+02,2.336916541406151904e+00
1.698224988359256429e+02,9.636406887011265354e+00
-1.753233912063056152e+02,1.058549194735406118e+01
1.716546458037266518e+02,8.172334462182547554e+00
1.779209809315587165e+02,5.010790665933948951e+00
-1.752906030048305297e+02,7.386348765997952981e+00
1.675218402250103793e+02,1.203331698980852593e+01
-1.706929965281095747e+02,9.137363664119655837e+00
-1.766478880272306924e+02,8.644305508276520555e+00
1.704679231158418418e+02,6.687330410842423412e+00
-1.644050200409540423e+02,1.032592480000204915e+01
1.718478700809749569e+02,1.056726289373338545e+01
-1.750792426000336945e+02,9.670974593530917929e+00
-1.782046322483487302e+02,1.072890690080219755e+01
1.711880392225342007e+02,7.025931701776800153e+00
-1.777430518320221040e+02,6.626870965448592443e+00
1.778810163445544390e+02,9.229738672263382071e+00
-1.744142660319380127e+02,1.256760888933396103e+01
-1.781868235491873236e+02,1.129590223147096495e+01
-1.774649814564587871e+02,5.452220350900205403e+00
1.662060835149692650e+02,8.000360027678738106e+00
-1.717491367392058521e+02,8.540856900829854936e+00
1.770160175894515078e+02,7.198818394736323789e+00
1.711447066925113631e+02,5.962840358686969822e+00
-1.648271595129508285e+02,5.678760586803399235e+00
1.660478812577235033e+02,7.418882227515242178e+00
1.635765890107215625e+02,9.712701943179997244e+00
-1.589648704276481794e+02,1.126645180520627676e+01
1.640917434511896147e+02,7.128468351442649009e+00
1.723906871970696670e+02,5.253476250126912106e+00
-1.678373669595530089e+02,7.032072946216366027e+00
-1.773136555166875610e+02,9.635110497410884989e+00
1.781231024325129226e+02,1.080886590745892306e+01
1.761564044478234905e+02,1.162744560125478444e+01
-1.736477465350726277e+02,9.483670646986411157e+00
1.747744975256353541e+02,6.909096385332107459e+00
-1.788283534165315132e+02,7.688625289781592542e+00
-1.708890467424284623e+02,1.024228372456689762e+01
1.683883213113713282e+02,1.378464199002039692e+01
-1.724677695838234399e+02,1.127140944181309479e+01
-1.725084853464463777e+02,7.930943412185657238e+00
-1.795862790563294880e+02,6.038985810144788857e+00
1.658039045715423185e+02,7.409593551079264984e+00
-1.675084945455487855e+02,7.236061802975023660e+00
1.740979671104292663e+02,7.654552823219828994e+00
1.714612089443060370e+02,8.497420480383187424e+00
-1.667233183685304709e+02,7.772820219687851306e+00
1.685553928355345761e+02,6.783632721330494775e+00
1.772066393535633324e+02,4.880257783106234371e+00
-1.696604156271173736e+02,9.113117885621246472e+00
1.606021891409516513e+02,1.254303755217588900e+01
1.697018371432309891e+02,7.963250669436749973e+00
1.729945638373307020e+02,8.375872762574676500e+00
-1.696584513256246396e+02,8.404237117991645079e+00
1.720789562325187774e+02,7.698390819311818234e+00
1.746335419697040265e+02,7.140901625679938469e+00
-1.733081038854634244e+02,6.887810861981323640e+00
1.718051109028933467e+02,9.567062290888433296e+00
1.783154741144421962e+02,8.673831203826061653e+00
-1.755007564866164671e+02,1.016386781665789840e+01
1.730394898528155636e+02,9.002665929516348697e+00
-7.114419651415109058e+01,1.363208385427008196e+01
-7.049735579004453712e+01,1.432238926380865074e+01
-5.873766209593343035e+01,1.627164224600367248e+01
-6.300544736179664085e+01,1.390093966862214714e+01
-6.323582113949451156e+01,1.491042679661125803e+01
-7.452575003445582524e+01,1.315652174173094302e+01
-5.333744413684586760e+01,1.333218342253147526e+01
-7.299880779049391322e+01,1.080253707203648794e+01
-6.054016203504086491e+01,1.019887748447813891e+01
-7.295419029774554076e+01,1.115873226868124135e+01
-1.738430296689342924e+02,6.181060205577361799e+00
1.794760568042636919e+02,6.631826095054778492e+00
1.640632687632016768e+02,8.054189324455267140e+00
-1.649351703227207224e+02,9.979169297243450032e+00
1.710608735070190676e+02,7.340509900754447870e+00
1.772362333007085340e+02,6.563388003178080687e+00
-1.762429060564415693e+02,8.534448453621827468e+00
1.784013441014101033e+02,8.411543861710566006e+00
-1.708382575034884496e+02,8.011775482883876975e+00
1.715036579771597474e+02,6.910089407394842453e+00
9.091487547558807591e+01,1.281512221558204523e+01
5.038662917129657615e+01,9.738784620393097669e+00
7.074603867791630307e+01,1.082502666211747666e+01
7.353682603317754740e+01,6.054047706108986127e+00
5.443369993003602758e+01,1.106260926551158441e+01
8.252944625968702042e+01,1.003191372578847762e+01
5.112750485861234040e+01,1.201265072994545235e+01
6.934765516531818719e+01,9.788888896931320360e+00
6.439676692072686137e+01,6.182187181447154956e+00
5.953103642609169555e+01,4.433186039420117908e+00
-6.934276455230782688e+01,9.193780017729933363e+00
-5.946924102772098308e+01,1.042239976793278622e+01
-6.662154940784611767e+01,9.259027088954013607e+00
-6.315309139298227592e+01,1.259377608722759589e+01
-7.020137879419077365e+01,1.295903866563659257e+01
-5.722361891723821969e+01,1.233258824766654449e+01
-7.344491859519830257e+01,1.127353829880471281e+01
-5.459767287121044177e+01,8.793528993821452033e+00
-6.764980567644563791e+01,1.049561050186975208e+01
-6.779576442503251599e+01,9.007622208287084931e+00
1.687113963529115210e+02,1.359172162145186391e+01
-1.696744855357863173e+02,1.004442195107387192e+01
-1.780551619381587898e+02,1.583521621895639697e+01
1.762620405800553556e+02,9.824873171539229233e+00
-1.657261644669948168e+02,1.456337193584717227e+01
1.786348093476130998e+02,1.390518103304566466e+01
-1.782411310703456309e+02,1.122844576027072705e+01
-1.675401801397869406e+02,1.408118953141516805e+01
1.676568412903569936e+02,1.134912957578941395e+01
-1.799543309238504207e+02,8.311294438543047391e+00
5.630104059795284144e+01,3.935933346740853267e+00
6.679194873582810033e+01,6.779036152696713557e+00
6.179556067394771901e+01,5.619688004499931999e+00
6.053340301259626699e+01,4.707512984439817139e+00
6.403079668141002401e+01,5.647957959618000956e+00
6.098954212161468291e+01,4.779929151810938137e+00
6.894288079129529478e+01,4.766837184471879318e+00
6.119759279596085122e+01,5.640374264780937175e+00
6.559473254615275550e+01,7.498344015585761468e+00
7.002741177990094457e+01,9.604062232582935010e+00
-7.386387116964493771e+01,1.160014189747572466e+01
-5.757600505672292712e+01,1.425647871563793601e+01
-6.690184408377932357e+01,1.063928199130173091e+01
-6.648447595541955479e+01,8.343372441154311758e+00
-6.270418481384309217e+01,9.235833408856393589e+00
-7.054242053443813631e+01,9.351151923209798156e+00
-6.267112384152980553e+01,8.391907670357994675e+00
-6.566968161835983153e+01,9.300624744486656326e+00
-6.644573658778494973e+01,7.908384254358880483e+00
-6.796693243229981363e+01,8.485823984766959427e+00
1.769028631340234767e+02,4.525212678056474758e+00
-1.742730761899416052e+02,4.598156416024124837e+00
1.798746844026969143e+02,5.336062679961067090e+00
-1.785308436205231146e+02,7.019620524126702676e+00
-1.694825520928998230e+02,1.072768269329085200e+01
1.748636617454187103e+02,7.303331737384540112e+00
-1.749499075181705052e+02,7.350217077287830136e+00
-1.737013299055929849e+02,7.456592902139849599e+00
1.754097682162087608e+02,9.778517779959807754e+00
-1.775703603098401686e+02,7.269504684070882128e+00
1.717247500777743312e+02,9.917689010079223877e+00
-1.589683258303941784e+02,1.057784108598996831e+01
1.738698458233812971e+02,8.272981179219016212e+00
1.646696151194897766e+02,1.086794165404684875e+01
-1.629844218125539044e+02,1.186463816508932467e+01
1.763930884784793989e+02,1.259479436753949777e+01
1.675638990226730982e+02,1.019832715105435383e+01
-1.687882691497227938e+02,1.007803922820241382e+01
1.719108796020182979e+02,7.766231213891067853e+00
1.792327002993152121e+02,8.974927932745538683e+00
-7.294084135666092550e+01,1.270571257946779475e+01
-6.512277090342888641e+01,1.507393152952606563e+01
-8.136343707227703703e+01,1.211064883984477980e+01
-5.210081578944107150e+01,1.079820260199034720e+01
-6.342088094189008984e+01,9.060983104630636831e+00
-8.060771265139558750e+01,1.339735914076197076e+01
-6.255597880054710203e+01,9.192220860912874159e+00
-5.307582455956207923e+01,1.388413954494416380e+01
-7.569346534255178938e+01,1.446185583722506962e+01
-7.207296752629071079e+01,1.219822082758182091e+01
-5.313509901038095506e+01,1.737567398873270363e+01
-7.032461054859622607e+01,1.292516009096601692e+01
-7.683671083597774043e+01,1.561716348850365677e+01
-6.010778445760233524e+01,1.113258994314755057e+01
-5.854734949711803438e+01,1.351452843261308345e+01
-8.048234501453802636e+01,1.127819556300886994e+01
-5.587202058323258314e+01,1.131449184690218601e+01
-6.458824245546951204e+01,1.309958269739117931e+01
-6.204558208412192499e+01,1.345067742994348947e+01
-8.133674218618075713e+01,1.211626013867378049e+01
1.792969729144611506e+02,4.820430936119587173e+00
-1.781495307512240629e+02,5.112087563772032439e+00
-1.759328639265744130e+02,4.492186390957350284e+00
1.718889027164350978e+02,7.366994553250705735e+00
1.789796628817437352e+02,8.707978601809273300e+00
-1.760204515899786202e+02,5.379645186104089483e+00
1.778845933959741501e+02,7.980655754297217186e+00
1.791781798468863087e+02,5.590627749536697166e+00
1.748649903692469820e+02,9.489238067740981108e+00
-1.774531031507943908e+02,8.040933123012800721e+00
6.612049143118045436e+01,5.848341884725907214e+00
6.282076874897521890e+01,5.133156953032564473e+00
6.534017459622333490e+01,4.225258694724221442e+00
6.925586679775382493e+01,4.769657469534123173e+00
6.737682129724728952e+01,6.608416808821466759e+00
6.587808685491181393e+01,7.457472391852665083e+00
6.784473678473239033e+01,5.798987388053031822e+00
5.880039577137341666e+01,5.689846238566007131e+00
6.220217232995629075e+01,5.195572984838468855e+00
5.021094463534489449e+01,7.052499568314256173e+00
6.049134510585304980e+01,7.919419254530303931e+00
5.887395917447481963e+01,6.588400729619719343e+00
6.440996709046999058e+01,6.148324494410788432e+00
7.327198602433001895e+01,8.241553287796421046e+00
6.828111589269906290e+01,9.266768271012049141e+00
6.769753508519055174e+01,8.050172810099731180e+00
6.221648591245483573e+01,7.503547755219269533e+00
4.995947710345571835e+01,9.829012050825308933e+00
5.931447581167903138e+01,1.122500293406992711e+01
4.678978870002648449e+01,1.122924593862903819e+01
-7.029230231019585062e+01,9.071816656458636885e+00
-6.065152843265826021e+01,1.214547665389935105e+01
-7.074330131738012994e+01,1.157316202102017400e+01
-5.769990956598369536e+01,7.028524696328440236e+00
-6.107015012675964272e+01,1.268114811219544436e+01
-6.144007477908018444e+01,9.979890981193259236e+00
-5.533350667755598096e+01,1.042468341306738466e+01
-6.234062487626514582e+01,1.129204535179785118e+01
-5.313559685738358240e+01,5.939136363756183812e+00
-6.385387288801079109e+01,1.251502983016461634e+01
-7.704120140728876720e+01,1.077789420093733419e+01
-6.081108569344960557e+01,1.135723615555814270e+01
-7.622945067935721397e+01,1.089550721719879789e+01
-5.579739563375536449e+01,9.996567045506614235e+00
-7.023224148058456251e+01,9.679708825962872965e+00
-6.777965734291677791e+01,8.147042827332786175e+00
-5.188531372056343827e+01,1.205403345039573715e+01
-7.696205682661764058e+01,9.297596669468552122e+00
-7.075646534899495066e+01,1.089918816171438998e+01
-6.333708914058108519e+01,1.081631936232222202e+01
1.584803155478379892e+02,1.170988995672580835e+01
1.795635039895407772e+02,8.230577711997511869e+00
-1.703980754447163974e+02,9.956938892878431702e+00
1.656255713943092189e+02,6.207702763944281443e+00
-1.752611989249408566e+02,9.122386764254773794e+00
-1.717328804960529567e+02,1.024328928482642986e+01
1.789352248161118553e+02,6.938338753207325738e+00
1.764820740927520717e+02,6.234674288609733495e+00
-1.689387498278009900e+02,5.975694889884771044e+00
1.695662530156984644e+02,7.895235965457118255e+00
-6.813714987186301641e+01,7.203876672559714756e+00
-5.714743114593700568e+01,7.373230716166565557e+00
-6.782117016594850156e+01,5.173867917944628303e+00
-5.495160459551267707e+01,5.441404036515089970e+00
-6.153521325996634062e+01,5.149054302792367643e+00
-6.057404855911843100e+01,6.242207520986691627e+00
-5.524471317427872918e+01,9.399067770641419628e+00
-6.841581626370097524e+01,6.980295842138286133e+00
-5.713735720335242974e+01,9.758229595294354297e+00
-7.140484084724857894e+01,9.243574690848310738e+00
1.576462972833872982e+02,7.037519295775565453e+00
-1.639164867352894532e+02,6.765952522459813601e+00
1.672413872589131358e+02,6.958366565190132746e+00
-1.770526345068327601e+02,6.309196118786916330e+00
1.775373979638851551e+02,5.103095450266650346e+00
-1.689538156709572547e+02,5.356934512467081078e+00
1.701002919847028068e+02,3.271753674135788437e+00
-1.676107453004114518e+02,5.802139431864754116e+00
1.681574933828357814e+02,3.496568237802104573e+00
-1.757367732533398623e+02,4.948431202090596948e+00
1.737573540873177080e+02,5.907674497902593913e+00
1.775703818211428313e+02,8.430210884006342553e+00
-1.727210110209839797e+02,8.253211591733473185e+00
1.751972340256258178e+02,6.524398044137102559e+00
-1.723527946562073794e+02,7.177336338043671660e+00
-1.708082008000771452e+02,6.797752177365396165e+00
1.760750031264917652e+02,7.434421168968121663e+00
-1.748020436403834026e+02,7.735702556710263522e+00
1.790217295037294036e+02,6.950463771186191408e+00
-1.770512728355550109e+02,8.319052151894226199e+00
-1.768718789481931708e+02,5.690259209494943349e+00
-1.748909525268887819e+02,6.619028939082991059e+00
1.720340032256558231e+02,6.590908013033906165e+00
-1.780352872170205103e+02,6.725806161813075335e+00
-1.769433962244947907e+02,4.607563565021729701e+00
1.694530706588585645e+02,7.287530160295735193e+00
-1.711197828573251627e+02,7.842662152283230270e+00
-1.705577412571876152e+02,6.885526976238061536e+00
1.672468282099509054e+02,6.967474072196240265e+00
-1.674307873052561320e+02,6.515327960287814690e+00
-1.779893026336586956e+02,2.004812838097792316e+00
-1.750414299966195131e+02,3.743452354554593242e+00
1.643271488281767461e+02,4.042886241589298102e+00
-1.678916939484636544e+02,7.257095253425455361e+00
1.739093440443286056e+02,1.366149298497987719e+00
1.774323981240493708e+02,1.929670070931023940e+00
-1.726046143793608110e+02,5.917578152316183449e+00
1.721230208477634847e+02,1.767569135019163351e+00
-1.777103047978454526e+02,8.136265583993116834e+00
-1.791310424456601993e+02,3.038530409288720424e+00
6.425311166389519713e+01,1.323404181676228220e+01
6.845667717244462835e+01,1.336031297912603222e+01
5.811581073346087578e+01,1.352215918605059741e+01
8.034162930253282298e+01,1.597870581088726993e+01
5.836167819661176281e+01,1.268696568453248297e+01
6.424679764310820929e+01,1.747114197710155281e+01
7.355058507250730315e+01,1.478024855145890548e+01
6.891157112457858602e+01,1.183851870817686880e+01
5.920591126693791040e+01,1.385418507584644487e+01
6.325306032834829040e+01,9.981114142059233529e+00
1.615054793637813191e+02,1.057144083934067780e+01
-1.746706480969192796e+02,7.402890752958185772e+00
-1.772323798045835019e+02,5.874834614785237719e+00
1.728765297508655010e+02,5.562584724905754285e+00
-1.783484530663542671e+02,5.271859683854394518e+00
-1.713028132534671784e+02,7.802707140977769740e+00
1.754872643326239938e+02,1.197977316157901306e+01
-1.782325129831395998e+02,9.627176734917847867e+00
-1.736383106319677267e+02,8.419168388319391738e+00
1.698950408205347742e+02,6.263557789986778701e+00
-7.401897278187712459e+01,1.564855119802798811e+01
-5.749124972812712286e+01,1.999953887162935118e+01
-7.441806197819413171e+01,1.588999814783803899e+01
-4.796847059162635674e+01,2.100193184619379139e+01
-6.148339760552809707e+01,1.194489853615224817e+01
-6.748900260791371863e+01,1.433127589668357338e+01
-5.401233285326638622e+01,1.383143064887610940e+01
-8.775139403316903497e+01,1.494014077264232299e+01
-5.383197039742157131e+01,1.282014462258776177e+01
-6.390848561732290989e+01,1.210866477917726414e+01
5.576942606825967630e+01,9.685098426999546817e+00
7.783796038883706103e+01,1.010312519330643788e+01
6.222666246430110704e+01,9.924150033558248651e+00
6.068646654525694117e+01,1.168475016118332732e+01
6.958101544175234210e+01,9.834746043975108876e+00
6.551344528949744017e+01,8.884045389053909503e+00
5.537402810690632293e+01,9.834195782844254552e+00
7.097720787979746149e+01,8.065906935409437040e+00
6.957259638380710953e+01,8.299328680782970480e+00
6.662425267731464373e+01,9.798370477266395540e+00
-1.732287361907486911e+02,2.405829804945541106e+00
1.735122128695013828e+02,4.889368793842677086e+00
-1.791972876917056396e+02,2.539741173547811925e+00
1.732653303057911955e+02,3.600516773699210304e+00
-1.685170080549766567e+02,5.086543532157260294e+00
1.669419967799732092e+02,3.887229097208762418e+00
-1.745753407367404861e+02,1.711706651011891012e+00
1.722911902045396459e+02,3.875438621133571182e+00
-1.757057502447987076e+02,9.644981946351101065e-01
1.733371281097292353e+02,5.484752919920789616e+00
-6.492247850138771526e+01,4.747051293871391131e+00
-6.700121655267759024e+01,8.741601555895346820e+00
-6.135140900578228695e+01,4.581323751781418707e+00
-6.723751841525459838e+01,5.451817767863266440e+00
-5.978799920276538415e+01,9.053104884963222077e+00
-5.723373351576206147e+01,6.128046309009034687e+00
-6.270527103178022799e+01,5.448946225405933319e+00
-5.038788460656251544e+01,8.084479555868961498e+00
-7.149998227390034344e+01,5.741771616767756825e+00
-5.756376925433441727e+01,7.286661038552777470e+00
-6.877187226210314464e+01,5.645028434969905362e+00
-6.429642332695335938e+01,7.728778018272880246e+00
-5.842099504219454076e+01,4.568419370828591397e+00
-6.255142346256292285e+01,5.379747059960871880e+00
-5.244255378245571109e+01,5.975532570462013027e+00
-7.667255012750531762e+01,7.569751954878714884e+00
-4.977772914167628215e+01,9.153893728569254762e+00
-6.805618146528510692e+01,8.357011823544375773e+00
-6.937495570919637089e+01,6.928634027967342845e+00
-5.551182724863759432e+01,9.763114855978312079e+00
1.723499191923639273e+02,3.411900147377674664e+00
-1.743455796589542217e+02,3.118610727851060638e+00
1.717916048147734500e+02,3.935396669556938676e+00
-1.686459466024421090e+02,5.737253129825730547e+00
1.739711935245157406e+02,2.237067012355055340e+00
-1.729453902538652699e+02,5.530785349433639198e+00
1.779550652239929605e+02,3.755016689781963457e+00
-1.786349042884068865e+02,5.776521203173263785e+00
1.745727216798698862e+02,4.348898914299098806e+00
-1.748253580693956053e+02,4.897227222439899386e+00
7.425223263759632175e+01,1.184584501514907373e+01
5.640850702309624864e+01,1.341452736891384490e+01
6.057730574900757858e+01,9.890422591716024669e+00
8.273843106654391022e+01,1.350696585221686696e+01
6.783417862193518033e+01,1.327240374644367016e+01
6.427198514038833821e+01,1.093537802252594382e+01
6.239621352889153627e+01,1.148232976842468034e+01
7.717067820131832434e+01,1.594210494289986002e+01
6.140847474895794988e+01,1.337756774658173775e+01
7.147048498212269863e+01,1.482350414416340811e+01
-5.019291221155605598e+01,1.061219906091472609e+01
-7.628560159098405791e+01,8.637363992492876008e+00
-5.991994993347146448e+01,6.572764824955789287e+00
-6.002577597043258351e+01,6.966065428200031384e+00
-8.051821024222182643e+01,7.504175722934760984e+00
-5.779661050992152127e+01,7.806281784558155579e+00
-7.559926168060069074e+01,6.091713677172408303e+00
-6.021636057258636754e+01,5.992038743870398143e+00
-5.627060671624862209e+01,5.315944376366582347e+00
-7.148971296261797193e+01,5.506513094364172467e+00
-1.762835652650256293e+02,7.844461134051185169e+00
-1.799568694081575302e+02,1.081140207867338887e+01
-1.784559175588168216e+02,7.186355709568578831e+00
-1.722778999336822210e+02,7.837113969181396911e+00
1.751771984745217026e+02,6.406517067967948620e+00
1.766260333700131469e+02,8.721482588575518946e+00
-1.725803098262060189e+02,8.112117389960852520e+00
1.714486611381714454e+02,7.063879819397502757e+00
-1.733964594984172436e+02,7.060328053957615424e+00
-1.735265407974618199e+02,6.537960898941861387e+00
1.577667600328186381e+02,1.150633706034423831e+01
-1.682977205700279626e+02,9.647344097779601668e+00
-1.790602091701028655e+02,7.980206066991485159e+00
1.731277494601515912e+02,8.425464088705187038e+00
-1.677939475852203373e+02,1.129437139398115875e+01
1.691047001655605300e+02,1.237759167340996846e+01
-1.772731188626538312e+02,8.328914164697309275e+00
-1.794079739920968848e+02,8.456509343552756519e+00
-1.712505480039062888e+02,7.776571286803958927e+00
1.726091436164629727e+02,1.055759119447121819e+01
9.652327899701508329e+01,1.302611784321905475e+01
1.293267765888749068e+02,1.419293058339879821e+01
-1.521337311181661960e+02,9.323100950207905413e+00
-1.797986777318142231e+02,6.243660419723132016e+00
-1.765826201034331859e+02,7.620901518728810053e+00
1.771359192440868924e+02,3.695789415738285122e+00
1.708897875468427401e+02,1.801073398873815457e+00
-1.768290742537302549e+02,3.160782316434191053e+00
1.670958376970353925e+02,4.166167840081422824e+00
-1.674711590170145996e+02,6.307544715336272034e+00
1.781415669375597020e+02,6.829376926702543926e+00
-1.770583086837920916e+02,4.350919058650632998e+00
1.650372915070823296e+02,6.601269328953369708e+00
-1.636106168789717401e+02,7.447927157587845848e+00
1.707649241658718893e+02,8.326390788687961120e+00
-1.747290900769194764e+02,6.313289014609760663e+00
1.727829595537959051e+02,4.635913955766242545e+00
1.777017742232935689e+02,5.927899072201425312e+00
-1.774693731671472108e+02,5.117571133170430109e+00
-1.778938760546961362e+02,3.170697699734884800e+00
5.950385239248853253e+01,1.122638799365046225e+01
7.687865903299993420e+01,8.025738967186274664e+00
5.817146913739609460e+01,1.006105123915013522e+01
6.626084455828842579e+01,7.948338541990095152e+00
6.340893930960098146e+01,1.030734043388544130e+01
8.516795349978956153e+01,1.431117393096336343e+01
5.877830152540813913e+01,1.413823037583505382e+01
6.508644726053640284e+01,1.154199440817698630e+01
6.593065797613958523e+01,1.030674156978469114e+01
8.006389272986433525e+01,1.339533996615622691e+01
7.104347715017814835e+01,1.084483500358283870e+01
7.139440829814643052e+01,1.182530562019083931e+01
6.151143351512347124e+01,1.006645422991294403e+01
6.429766957313644582e+01,8.147286003801264442e+00
6.733193289660597713e+01,1.117229390798623001e+01
6.858331668947315052e+01,9.709513174747385733e+00
7.194134461417723969e+01,9.654265895985243873e+00
4.719079559582864647e+01,1.731088759891021311e+01
7.534151959932587772e+01,1.081610970777411751e+01
6.240617995134689977e+01,1.313257327681530384e+01
6.432594478322832288e+01,1.553783229006630506e+01
8.158299561011553180e+01,1.564576309942636101e+01
5.834975114822507436e+01,1.986767030862743155e+01
7.873836439037339119e+01,2.299666915938212242e+01
5.879823191927371795e+01,1.890754512600191006e+01
6.766932044654785727e+01,1.778808861742940550e+01
7.383240452311896718e+01,1.628218053189127446e+01
6.655482849217273156e+01,1.141668200467329086e+01
7.831022792476670702e+01,1.566813197687684323e+01
7.718457877407280421e+01,1.496778362520138828e+01
5.357553429752355356e+01,1.132925964938633001e+01
7.500234873357780430e+01,1.133197624821929850e+01
7.219994641624865039e+01,9.106995081561942484e+00
5.414766577822987870e+01,1.099122402725876313e+01
7.302021765048156965e+01,1.126511387507602002e+01
6.721501361608044078e+01,1.078190446748966735e+01
7.017699151583605044e+01,1.039225840425248748e+01
4.919863093578808844e+01,1.136738245659441660e+01
8.022072130462751716e+01,1.096273714440932778e+01
5.773156129555619742e+01,1.018858671089019730e+01
