dihedral_deg,energy_kJmol
-1.743069278922940839e+02,2.103258887762536222e+00
1.761998803642647715e+02,1.366698540780911308e+01
-1.640312183856918580e+02,1.919373074757208641e+01
1.702109170945018946e+02,1.567261639380375016e+01
-1.784942436032122828e+02,1.003827232549656934e+01
-1.783146820607260281e+02,1.318202213797507127e+01
1.762345184896302612e+02,1.063025534635618818e+01
1.725308114165062250e+02,1.815742237363398903e+00
1.750983118829118155e+02,1.359266185111866321e+01
-1.782589315015920874e+02,1.378290873546031925e+01
-1.707805560569089209e+02,1.591262770448409825e+01
1.660153182949788402e+02,2.179288010538654063e+01
-1.560859612418368840e+02,3.250291862588585445e+01
1.650872537151842891e+02,2.263242130202221603e+01
1.597345878204725693e+02,2.450858863818703171e+01
-1.460228222738285524e+02,2.383210519153645990e+01
1.710318280078166993e+02,1.676847385921435318e+01
1.354926574790019913e+02,2.501374389906743545e+01
1.688241635797506888e+02,1.609454721785443354e+01
-1.577291470593305576e+02,1.668001830158405951e+01
1.764477664472240406e+02,7.025370919624498889e+00
-1.627015776726478293e+02,2.440884057961244835e+01
1.738670226744206673e+02,1.768576888386847656e+01
-1.675108760453595380e+02,3.027232506842551274e+01
1.709229936871487041e+02,1.939709401573837866e+01
-1.730815270401556347e+02,2.893623564890854283e+01
1.690939951799965684e+02,1.001304329516295333e+01
-1.703739001243296229e+02,1.613528416462423820e+01
1.738995216379242947e+02,1.469558959767818251e+01
-1.731413958643859701e+02,1.993464646134891183e+01
-1.554909864384876812e+02,3.098814819808955789e+01
1.685632842921417023e+02,1.885767588952635521e+01
-1.795343929414876811e+02,2.267384996594724100e+01
-1.746952432873441410e+02,2.627542703039258498e+01
-1.796240216991024852e+02,1.973403605028632057e+01
-1.781664317929071331e+02,1.350679390307043981e+01
-1.734636576612847421e+02,1.748835449971391043e+01
1.544471466160175055e+02,2.284750447250071659e+01
-1.633098987135726361e+02,1.965126465464439320e+01
1.746655716561498650e+02,1.855728638971054778e+01
1.756114852363462830e+02,1.173874354789541741e+01
-1.713572113477147809e+02,1.480605173772579519e+01
-1.793543825588101868e+02,8.349968263012804925e+00
1.784268378425138053e+02,2.104970802799651608e+01
-1.769223135008629413e+02,1.205562835524428955e+01
1.755354947648363009e+02,1.700899492561733695e+01
-1.750065652721224012e+02,5.495036104859973847e+00
1.478147722079344248e+02,2.179598268481780821e+01
-1.700854913365088805e+02,1.968961571027069368e+01
1.728498552967151056e+02,1.997587474071143276e+01
6.192310121496618791e+01,1.671617238242564341e+01
7.362268021091234971e+01,1.169040618136245158e+01
8.708035797398670752e+01,3.088224192480800312e+01
4.797096050512111276e+01,3.881525857267953938e+01
6.417857036695701822e+01,1.907674864804512183e+01
7.649088159133734166e+01,2.001556501193587678e+01
3.039072249035899276e+01,2.732918829092643875e+01
7.268704141961883636e+01,3.956540556414337573e+01
4.505231589567952710e+01,2.559259009390402539e+01
5.414969410800762262e+01,2.035389454881715210e+01
-1.609998873578774976e+02,2.981124581139236795e+01
-1.721484924376737808e+02,2.367488468849079197e+01
1.699278612140069527e+02,2.909114610033007153e+01
-1.528651480796409317e+02,2.428073826733706397e+01
1.580460819934241385e+02,2.276712293780623142e+01
1.668730271850792803e+02,2.889867647367631065e+01
-1.486562033434909154e+02,4.031371158317902825e+01
1.743348501080846518e+02,3.200028948620187919e+01
1.547618744477500741e+02,2.375348790354775019e+01
-1.518026420339018614e+02,2.324386190868718671e+01
6.737712109541314476e+01,1.632492366858808452e+01
6.062337154922616378e+01,1.131188324424219616e+01
5.074531996218563279e+01,1.029548845570044335e+01
5.639338858847631286e+01,1.550818062740601988e+01
5.284229583609111813e+01,8.390043006233705469e+00
5.067216097895315841e+01,1.046619766480088209e+01
6.014634492233241758e+01,1.017866417829345416e+01
4.389226860198827040e+01,1.265495999407529304e+01
7.809293342263349302e+01,1.267908954279569400e+01
7.213637123716938504e+01,1.736882577075715517e+01
1.728862820355614076e+02,1.752459895258131439e+01
-1.787859402759216039e+02,2.674982061821996826e+00
-1.685482919240859871e+02,2.223065284457826962e+01
1.689757245391226377e+02,2.336621227287363212e+01
1.793796503093608692e+02,1.176086124642293029e+01
-1.757117796632835791e+02,2.693174601551699254e+01
1.676441396896107676e+02,1.499817399745612789e+01
-1.754271193038507874e+02,1.058390580171753825e+01
1.765262604948322007e+02,1.504866767451986753e+01
-1.750149136408520860e+02,7.339246012020018917e+00
1.090585067383751863e+02,3.703521292727886305e+01
2.834987384368652030e+01,3.080810542955531517e+01
5.934915612021525533e+01,3.267909393148956809e+01
1.382475962003580321e+02,6.995826332794194968e+01
-1.680498575555981802e+02,3.918278060096725568e+01
-1.333221135292128281e+02,3.751884756519609709e+01
1.779114255011176624e+02,3.432938068769755802e+01
1.570971885687562235e+02,2.220528328357816505e+01
-1.794677544068366615e+02,2.922266266448976779e+01
-1.490825073464521040e+02,3.561020174901679525e+01
-1.768995279154041782e+02,5.861445637172974621e+00
1.686183235996780923e+02,1.184394804225355813e+01
-1.786485945435328517e+02,7.752579294415440359e+00
-1.798525434999488937e+02,7.940794266206776086e+00
1.609933794748325226e+02,6.221768414840851413e+00
-1.643399606441912510e+02,7.903855508069247193e+00
1.584858754967055461e+02,8.865775345886870440e+00
-1.709943071404661907e+02,7.613704114977799975e+00
1.742131447397510158e+02,5.064697025599981473e+00
1.748778486508046512e+02,1.134597620089383341e+01
1.740355410776390670e+02,1.615901217525028954e+01
1.794143012459212230e+02,1.150170263644549884e+01
-1.763053468199927067e+02,1.892076513040558083e+01
-1.696722230954923418e+02,1.939722431782631418e+01
1.478789388434534828e+02,2.451705914601077296e+01
-1.512900099972806629e+02,3.565857723818911040e+01
1.594289972849878723e+02,1.979230682575674294e+01
1.793964478123606625e+02,1.424786384420595375e+01
-1.596402499066313965e+02,8.784219879213633675e+00
1.432394683256431165e+02,1.859181035460057885e+01
-1.729581305182424842e+02,2.708235607002079348e+01
1.448424043100466179e+02,2.397534702344559321e+01
-1.696135622190796823e+02,2.159035204677497788e+01
1.678342778143791918e+02,1.347362322795110146e+01
1.628277023196765469e+02,2.857442917359544765e+01
1.789823802200657781e+02,1.657718002455426287e+01
1.791889456813544541e+02,2.912134487302957808e+01
-1.762584316857406748e+02,2.029548911400758726e+01
1.783818649477076406e+02,1.408249640006672543e+01
1.665509573449901382e+02,2.237941012952476427e+01
1.740723742878080600e+02,6.203566100647882386e+00
1.757086738302189985e+02,1.616305549514608231e+01
1.688168952722636789e+02,1.253747723359968624e+01
-1.697198642425783532e+02,8.240660587593097830e+00
1.627108415423428767e+02,5.503416508881832314e+00
-1.571310587528854512e+02,8.750664901617664526e+00
1.577225018581802374e+02,1.271134243911312822e+01
1.567789763728829087e+02,1.182331629970023457e+01
-1.473553798768920728e+02,2.337281811099520823e+01
-1.648798045565250163e+02,1.590039522265141869e+01
6.177372365069962967e+01,1.296330578696703739e+01
7.140083488707811910e+01,9.496146883513784331e+00
2.999704251238582486e+01,1.467350872617983271e+01
6.099277879758496113e+01,1.117619151492508323e+01
5.679432628329998067e+01,1.222394347566655881e+01
4.528835520158279593e+01,1.679237190045925843e+01
8.416128749146918153e+01,2.476393229633422877e+01
4.156368271843253837e+01,1.400412004976469404e+01
5.387578438895990018e+01,1.133138102238482858e+01
8.499192467420625974e+01,1.336250913135486051e+01
-1.450159795812392645e+02,3.339216109456348391e+01
-1.777024512789197104e+02,1.462071278512422978e+01
1.635279292455296627e+02,4.152413380932762266e+01
-1.590016831990014055e+02,2.042007840060121993e+01
-1.646132136336684653e+02,2.038842328277413074e+01
1.674298624677028613e+02,2.743864069994424426e+01
-1.509179591119999770e+02,4.006501928486123632e+01
1.669107802028614742e+02,3.314605031318212980e+01
1.629856195808966675e+02,4.153863465167226821e+01
1.774197280721319885e+02,3.839622787216141830e+01
1.702374616843786725e+02,1.534266031675821296e+01
-1.715748854551358420e+02,1.219671199704194464e+01
-1.795846819625766955e+02,8.352238093457218682e+00
1.744598097493569639e+02,1.636752110830223828e+01
-1.689134925198003714e+02,9.205284104107828824e+00
-1.768387880784345043e+02,1.433829913580079207e+01
1.764929537780067506e+02,1.536095423061259879e+01
-1.691904276951272550e+02,1.760385759645164327e+01
1.651803279201470502e+02,3.403167068357427638e+01
1.688997505470659917e+02,2.889572936117799529e+01
5.117658889136372125e+01,7.915800638222240337e+00
3.814528917197446845e+01,3.819167365985114770e+01
8.325006534614897191e+01,1.847710205477648771e+01
5.419414076747741404e+01,2.101666707737094697e+01
7.656842701662235129e+01,1.183431259889402121e+01
8.138419435923148626e+01,1.428964402978627035e+01
2.632052014535848627e+01,2.584756142935112067e+01
8.329264273789773654e+01,2.656611853960114189e+01
5.813539507778021687e+01,1.337657180246124433e+01
4.243456023544280242e+01,1.429260761456931306e+01
-1.654502716078956155e+02,2.708969366028702908e+01
-1.604092043532838829e+02,1.247802169857480514e+01
1.767172885375004796e+02,1.934752786340848729e+01
1.780707048593999957e+02,1.680161281598827472e+01
-1.766682066587188160e+02,1.053049311955669509e+01
1.714272965521797119e+02,1.113390766473921190e+01
-1.699799963005014547e+02,1.303232301695200412e+01
1.759335809749593125e+02,1.521737707692107122e+01
1.790218135749133239e+02,1.653315221396596257e+01
1.775513260409854865e+02,1.255862374754761746e+01
1.684375050208758751e+02,2.035016408690179546e+01
-1.613017415123161413e+02,1.399929015194471837e+01
1.617098596933265640e+02,1.796613050787473753e+01
-1.771035157236689770e+02,1.001060749020046359e+01
1.685019150751708139e+02,2.383994536981833079e+01
-1.598177468526143912e+02,2.386626674792705316e+01
1.630461084758783272e+02,1.681711445235072233e+01
-1.700080885782017219e+02,2.598792863721242696e+01
-1.753810729303321239e+02,1.757407696907687722e+01
1.795323552996327692e+02,1.168790784485197776e+01
1.653343904221662228e+02,2.554573460730320988e+01
-1.670727242392530343e+02,1.838255042445529952e+01
1.643703116536995026e+02,3.096094423193116540e+01
-1.652155866625159604e+02,1.892542434616689206e+01
-1.768699249284810548e+02,7.579057564185289309e+00
1.723621235035315067e+02,1.575292409747440558e+01
-1.784196833782663703e+02,1.804397047166500556e+01
1.644567865571597736e+02,1.470885843952417105e+01
-1.746876260486166359e+02,1.334670569086015490e+01
-1.561505486931066002e+02,1.978833081137675265e+01
-8.920453441697674180e+01,5.175057284651609990e+01
-6.541152926977773063e+01,3.503827293338488147e+01
-5.590229691480426766e+01,2.999865321546215924e+01
-5.949979845974209525e+01,3.640934741132716113e+01
-4.324639043165246477e+01,1.808001677560635301e+01
-3.493691782081845787e+01,2.376587812599204241e+01
-9.488106516759532383e+01,2.260885092140754438e+01
-6.434645762068531383e+01,1.618116517525346509e+01
-5.772449402860215883e+01,1.266139829742892964e+01
-8.088144073298903436e+01,8.458768310745327312e+00
1.738404590360630664e+02,1.624758301555374373e+01
-1.650282989095146036e+02,1.642687616952694185e+01
1.628978929803558913e+02,1.004738550014236331e+01
-1.723801943533113672e+02,7.716778369882884903e+00
1.782302925603362098e+02,6.054204113297650736e+00
-1.697957101157680881e+02,1.246803971441342540e+01
1.649957321393590632e+02,9.787783854681375573e+00
-1.755437633182918660e+02,3.782455746720864198e+01
1.681555040143701945e+02,3.174620351085049208e+01
-1.719739562211885584e+02,2.687872451706036969e+01
5.939958586895631498e+01,1.253810840278381278e+01
6.422309866851456661e+01,1.962306249905056887e+01
7.247048980762062342e+01,1.411342016729663840e+01
3.861472685504190139e+01,2.254717139635128831e+01
6.681530419458469794e+01,1.786583004470213254e+01
6.935714494792539142e+01,2.248832245432383914e+01
5.133482257676009652e+01,1.981468509156946567e+01
7.363040479193011834e+01,2.322450655955385201e+01
8.553939143983875226e+01,1.653093465566939813e+01
6.309790375904245252e+01,1.231026988589282922e+01
-7.125534454104229098e+01,1.365273622813350229e+01
-6.177126000933825622e+01,2.106836965305198461e+01
-7.810964677889565166e+01,2.718010239375671233e+01
-7.392607736151289544e+01,2.453215791231239251e+01
-6.755471423594467240e+01,1.845474328312595347e+01
-6.047079556672657219e+01,8.095789926004378856e+00
-6.834845762052330542e+01,2.082700701369101637e+01
-6.003907871759201242e+01,2.401538007588627721e+01
-5.743972142570676453e+01,2.082135558259306052e+01
-8.560296450681626368e+01,1.653402776641095429e+01
-4.753249514837342105e+01,2.098713030505187760e+01
-6.703422779056351999e+01,1.877475142972896194e+01
-5.966872535190601923e+01,1.045977732321544806e+01
-6.010512932114416884e+01,3.061653397134141130e+01
-5.955150907264325610e+01,1.668419739390279943e+01
-5.756511808519277906e+01,2.365905337405886399e+01
-5.360776065392141732e+01,2.317807429523256602e+01
-5.938969722946075791e+01,1.071573038762225494e+01
-5.553590734324165368e+01,1.637334085779975723e+01
-7.009491208032881104e+01,1.811409607899920360e+01
1.747048859747342249e+02,8.341331618098751122e+00
-1.745432541369676471e+02,1.051768566174398778e+01
1.654579409638069478e+02,1.394074308697415177e+01
-1.617678599031202111e+02,5.605463600864959872e+00
1.708078229281937297e+02,3.253506856893180199e+00
1.741617043320791538e+02,8.309479076672653619e+00
-1.715330460656443279e+02,9.657383158812654855e+00
1.765411778822318070e+02,1.033628630738097876e+01
1.795534364284007154e+02,8.281192614434967680e+00
-1.786944611119385513e+02,4.791377707796361740e+00
1.613942670200648308e+02,3.323823023731105764e+01
1.758240719887196519e+02,1.691598711931617416e+01
-1.514946304943811128e+02,3.994756370218701136e+01
1.636839819411007113e+02,3.053779365394393608e+01
1.525534880781351603e+02,3.474247444155570008e+01
-1.707591743091660135e+02,2.416721851654808617e+01
1.783023708815111377e+02,2.170887718923640008e+01
-1.580701566255477246e+02,3.210967223567809015e+01
-1.594266944688687886e+02,1.169804433213201200e+01
1.652812287034908820e+02,2.515482277830648883e+01
-1.629875280790043348e+02,8.620410495525874239e+00
-1.700783011085883345e+02,1.606530564477976242e+01
1.753311592860867734e+02,1.524762026401079851e+01
-1.747324432201008051e+02,1.445951951131142188e+01
1.796443994130056296e+02,1.362961563782741692e+01
-1.763045605252410155e+02,1.413852577398454002e+01
1.790866216737265404e+02,1.329283621866677834e+01
-1.721276882208105405e+02,1.133499372352153145e+01
-1.662116355563348407e+02,1.230953558017273508e+01
1.614485446057626632e+02,1.621938578392995822e+01
1.743343041981165129e+02,2.882672758531260016e+01
-1.785974030991285986e+02,2.824672228569811594e+01
1.580390283447619311e+02,1.409311015413849688e+01
-1.605219595708700240e+02,2.525111239627432269e+01
1.635756340479823905e+02,3.591341020741056411e+01
1.797608363001436942e+02,2.371792735519229467e+01
-1.747799043763212126e+02,3.004304237613666118e+01
1.716290077710067408e+02,1.114173380574530725e+01
-1.798589739088810404e+02,1.526543809906776517e+01
-1.735695136792247411e+02,9.819296238439095603e+00
7.113593027093060073e+01,1.748677045438422439e+01
6.931645333354722993e+01,1.041739460513919902e+01
5.787765937747945344e+01,1.190044627178827064e+01
7.943578531299446865e+01,1.273937250744346272e+01
6.796466727454053114e+01,1.850556614972362013e+01
9.031980040493365891e+01,2.658521422007866875e+01
7.010885354206557452e+01,2.015399833892202963e+01
5.530734685411440665e+01,1.946597761796162729e+01
9.103276679779303038e+01,2.324966607250269135e+01
4.128958636180636432e+01,1.750828546926923224e+01
-1.656616285429495576e+02,1.849321423595795011e+01
1.716009505791583365e+02,1.960996939581206533e+01
-1.717826724697279701e+02,1.424046917160666581e+01
1.514776732759638378e+02,1.309523756333302380e+01
-1.498966236930732521e+02,1.554234085021604983e+01
1.771835023357995169e+02,9.868230885251080053e+00
1.558379005283902359e+02,2.443923336241104494e+01
-1.672030236476613254e+02,1.135452233319746895e+01
-1.754260621678080554e+02,1.109391329190872000e+01
-1.749730919778845646e+02,2.331359741368245153e+01
1.714598367572027087e+02,3.125432385720396411e+01
-1.670117575466394726e+02,2.550324949678677910e+01
1.554719831038374309e+02,4.153823823781046087e+01
-1.419764492031293344e+02,2.995055476433636699e+01
1.493544831472803196e+02,2.446066226984220648e+01
-1.505117274896075514e+02,1.674377801494920703e+01
-1.261880831159020744e+02,3.414858964007662223e+01
-1.382723627466803578e+02,3.359986899337280875e+01
1.622750922920942855e+02,4.449740743945727672e+01
-1.577962456230500550e+02,3.243841600555548155e+01
1.601231434353173597e+02,3.118826680163957477e+01
-1.692764304461954339e+02,1.985014339456578014e+01
1.764361384180801622e+02,7.800857219513915197e+00
-1.730131376500677618e+02,1.225389461146821546e+01
-1.666540167131064720e+02,1.641355855287562804e+01
-1.783348493756185178e+02,1.329689800734716343e+01
1.779340989970264957e+02,1.667626599197548387e+01
1.667778588323375288e+02,5.903393083313318357e+00
-1.441186666236546330e+02,2.818439880530296904e+01
-1.696775653705662705e+02,2.593465620557244478e+01
9.632000405699456280e+01,4.284895182448109807e+01
4.004989014325383323e+01,3.467648072955223171e+01
7.191527455944907388e+01,4.405921512014808172e+01
6.661102119235356156e+01,2.619426344285366071e+01
6.182563294094050121e+01,2.980773964612738069e+01
6.812671456867508368e+01,3.936356035150981825e+01
6.623712547566324815e+01,2.631551474025071968e+01
7.206559282675155487e+01,3.028571786637722241e+01
5.370822933032555824e+01,2.034467141673154345e+01
8.248065112336864502e+01,3.595024188979747493e+01
-7.180525529545062113e+01,2.213134083819205244e+01
-6.814340109693384306e+01,3.414349080428773675e+01
-3.676776707058920124e+01,3.917954248749327917e+01
-6.674706035778389435e+01,3.440666501427281787e+01
-5.337450140674013710e+01,2.563550907126884937e+01
-6.051717461157966227e+01,2.087224537570573446e+01
-7.509144068588082632e+01,1.895777135258899193e+01
-5.628080869469496861e+01,2.319726853234333319e+01
-8.591378567346131945e+01,3.642951998538042346e+01
-7.027599763158379176e+01,1.827036245153565019e+01
1.732275075522220220e+02,3.077770187344762576e+01
-1.611636915374606076e+02,2.205711246767312872e+01
1.634742360775998691e+02,1.391550198217086631e+01
-1.667686890992863766e+02,1.411412861111404560e+01
1.776102144832594831e+02,7.242347102600102282e+00
1.375883371342034991e+02,3.410316979877188714e+01
-1.636136952232841679e+02,1.514327138909841608e+01
1.743680360323571676e+02,2.800861701975237139e+01
-1.621223029727003677e+02,1.790212601225936595e+01
1.659720280713786451e+02,1.650477919051604303e+01
1.762932675948745498e+02,2.001445252776323613e+01
-1.701645883075340748e+02,2.515810405565017405e+01
-1.780202289770592756e+02,1.807631627663912965e+01
1.594250486370606268e+02,3.217829882950958620e+01
-1.578538820299501708e+02,2.861170294077922804e+01
1.738184423400643084e+02,3.736809392917470518e+01
1.719650463023918974e+02,2.313528034589359095e+01
-1.610669357966755513e+02,3.460349889235668286e+01
-1.689676301043472506e+02,2.448612549203895128e+01
1.709720972001648533e+02,2.151452411172667212e+01
1.699167412497876910e+02,9.155586029244780377e+00
-1.636682425149972460e+02,8.621431338235163722e+00
1.492163185046005367e+02,1.574456307943898281e+01
-1.510539525928136015e+02,1.758011022360853204e+01
1.511848534545071345e+02,2.226490271543178778e+01
1.713770830837632673e+02,1.414856508475509322e+01
-1.795872281900161056e+02,2.661915260090144031e+01
-1.527962627109020559e+02,1.566229193239544415e+01
1.748748898946266195e+02,2.718224375596917497e+01
1.324420165806826617e+02,2.322884702004261115e+01
1.547865609037759498e+02,1.733336707202819582e+01
1.085646100196228048e+02,3.170617572291552477e+01
7.730859758537158655e+01,1.420320135980437115e+01
6.259428966657603155e+01,1.550303994396736229e+01
6.629107039402877888e+01,2.509484292342381906e+01
8.060818615097778661e+01,1.829777451594070925e+01
7.190524387821174912e+01,1.908033280576562163e+01
5.671259640374932331e+01,1.585063355445179312e+01
7.802918601197364978e+01,1.539681012101784674e+01
6.725944029514148781e+01,1.781358058144653000e+01
-1.575115859469782151e+02,3.163396769490479699e+01
1.651574827058188077e+02,1.123469448396526893e+01
1.483645499501065217e+02,2.912211375150582882e+01
-1.637476731952801572e+02,3.165641550488325606e+01
1.559777836028398212e+02,2.560552374724415614e+01
1.730429277228924434e+02,2.874324194248687192e+01
-1.629036318541691060e+02,2.821436350055375897e+01
1.513035763331493513e+02,3.566707070992813300e+01
1.782528581849408056e+02,2.499179381138392841e+01
-1.609626661286920353e+02,2.303657817632443994e+01
-9.273418487423090539e+01,4.231267155838178695e+01
-8.942912229305757421e+01,6.657481576728241635e+01
-8.572138599326031283e+00,4.645310667943920890e+01
-5.860080782010784617e+01,4.282363264622817667e+01
-8.775195377189022850e+01,3.575773131857798148e+01
-3.161938318720019936e+01,3.156735471853663810e+01
-7.002913244642272161e+01,2.695490856719339234e+01
-7.120968663717776792e+01,3.156400815593242726e+01
-8.398908945345029053e+01,3.447668677221200539e+01
-4.575219947720727021e+01,2.902064586354320141e+01
-8.273131107497812309e+01,3.330784024079450489e+01
-5.339107634274678560e+01,2.611348649262923516e+01
-6.205331352523287336e+01,2.728240257421300896e+01
-6.843544378842064191e+01,2.126803372718657670e+01
-7.089028577906184125e+01,1.942986321739061140e+01
-6.387167670452977575e+01,1.912649315722667609e+01
-8.355721041401237414e+01,2.119557226086377000e+01
-5.469080478368234566e+01,1.712633949735771210e+01
-8.416188896433537536e+01,1.920073572490950298e+01
-5.103221251770126088e+01,1.976964801573968344e+01
-6.053958748410252610e+01,1.373584476227994955e+01
-4.848062487478225790e+01,2.229269090878153037e+01
-7.312738584649991935e+01,1.221215647499451684e+01
-4.532150776374326995e+01,1.541934614368913969e+01
-7.549958681267496274e+01,1.311271645842177413e+01
-4.365660631683411452e+01,1.419712001209235197e+01
-5.819757556977523905e+01,1.924319012966694231e+01
-6.195642427083389236e+01,1.671771210329706392e+01
-4.949632567146387174e+01,1.011711480444739664e+01
-6.154485126515528748e+01,1.053621287680393337e+01
1.615903660955109729e+02,6.453039092044687841e+00
-1.654960510495553478e+02,3.974678397261431684e+00
1.708417890244563182e+02,4.218594046542991194e+00
-1.660716880075840436e+02,7.312851401184276234e+00
1.761190141696042133e+02,6.463418565870635568e+00
-1.785770159507368078e+02,1.252571627139438348e+01
-1.757391640863030489e+02,1.595385496789129931e+01
1.785220479825878783e+02,2.062573278274967237e+01
-1.789152551414520644e+02,1.468337979994489295e+01
-1.764574814694534837e+02,1.130128903014157515e+01
-6.386168426451806823e+01,1.979537262540244669e+01
-6.778498658790790898e+01,3.076793675428169550e+01
-6.573506164314126465e+01,2.787536426797286992e+01
-6.730596988736060382e+01,2.275545828925232072e+01
-6.700058151854311461e+01,1.785640547657388311e+01
-6.726867939757778458e+01,2.117414601297654286e+01
-6.595118046835767700e+01,1.723297643122569767e+01
-5.347406553149036768e+01,1.771159913287846166e+01
-8.085578317874822574e+01,1.736402042891405628e+01
-7.205259521704292069e+01,1.367988352354435300e+01
5.933822634504186766e+01,7.663566112338344283e+00
3.963234344852843094e+01,2.016434963754799981e+01
1.087531862045799329e+02,2.359376767663673746e+01
9.250745769607736690e+01,2.060671543225622315e+01
4.828879445853137042e+01,3.116231602780413823e+01
6.403355590616955340e+01,1.615501819299026565e+01
9.766973662862550043e+01,2.322298435113870241e+01
5.002952072710644416e+01,1.803286868495753481e+01
7.411152373351650624e+01,1.578669366460449197e+01
6.554501211493044366e+01,1.427915872452779311e+01
-1.761416011642001536e+02,7.439201861074249855e+00
1.550869035480201319e+02,1.101498027169398242e+01
-1.489828070680732708e+02,1.940094944734307703e+01
-1.773249655147448607e+02,1.564244488426691504e+01
1.648082377642363383e+02,1.177853106316032950e+01
-1.555028514788258462e+02,2.073241026183980651e+01
1.606937555065174763e+02,1.993064741794535522e+01
1.743292952060741072e+02,1.367367887814023142e+01
-1.447780019998986063e+02,1.840529500742629665e+01
1.543665639621185903e+02,1.358684569336386261e+01
6.585648230231201694e+01,1.366647219807580527e+01
5.709512257634545307e+01,1.580619430988907936e+01
5.753473635829035970e+01,1.640280190891008161e+01
6.648737583832671305e+01,1.356330114094176764e+01
5.157859427596959989e+01,1.925609657429521704e+01
6.815647571537537885e+01,9.945617615065330597e+00
4.699474197133557851e+01,1.910164033870279354e+01
7.589776453349536212e+01,1.900249541027392297e+01
6.728153105207410078e+01,3.118407490997402576e+01
7.219215904802598516e+01,2.788589906379495531e+01
6.097335126246263570e+01,8.511317528208179439e+00
6.410955336864968501e+01,1.982410770751531004e+01
5.124058594555788204e+01,1.602663262161346580e+01
6.998440969559837299e+01,2.007692593277801762e+01
5.436388904259120380e+01,1.633203253455921811e+01
6.203737804462377881e+01,1.024260734155535069e+01
7.274080179621843456e+01,1.292012298400764791e+01
5.778698538671156371e+01,1.282945039404353160e+01
7.595531843995195231e+01,1.128644751034815741e+01
7.347117344359097046e+01,9.790657637846051031e+00
5.837148945113793275e+01,1.708787266795746973e+01
6.428550323501740138e+01,1.212585089685423156e+01
7.314393705777439436e+01,1.945189735779997875e+01
5.717974976328131476e+01,1.619114589176543006e+01
7.102861111978555186e+01,2.058104912565551814e+01
6.389273460404755411e+01,2.918524125480789166e+01
3.173081176382683211e+01,2.471095995828004632e+01
6.357302741830035586e+01,2.437285785147531669e+01
3.158723298994326356e+01,2.196107530349718928e+01
9.114529250389371384e+01,3.018408666191403000e+01
1.460818947173962385e+02,1.715745798241447062e+01
-1.533163295599547382e+02,5.073416735633741581e+01
-1.032325059962443845e+02,2.431461278340996301e+01
-3.823910439672380335e+01,5.058913778543183071e+01
-1.051027289029224079e+02,3.130885402897377645e+01
1.496156107449207013e+02,4.170352797875072781e+01
-1.583825826018982355e+02,3.548464146835103605e+01
1.773862656941770410e+02,1.598978305592147109e+01
1.421112150562788941e+02,2.867787448746047829e+01
-1.555820650799794009e+02,1.755263768014820158e+01
-1.772226089274770970e+02,7.657269360051571994e+00
-1.662791085416076555e+02,1.812342893107055275e+01
1.507608853063348988e+02,2.577475827907677086e+01
-1.272771186897200266e+02,3.405043729218004245e+01
-4.180984608513650613e+01,2.827946217206708468e+01
-5.195362363847804943e+01,3.047210474522254131e+01
-9.384416150651637167e+01,2.554963134262254698e+01
-3.410383162512491850e+01,3.141935222056269339e+01
-6.070630482576782327e+01,1.602312664953060306e+01
-1.016080591023504809e+02,2.813486138088757826e+01
5.594264044473591468e+01,3.978295774348573843e+01
4.549202331972979607e+01,3.909579991860016435e+01
5.620098135143959439e+01,2.954910508282353732e+01
5.089226713615489217e+01,1.411939109036728723e+01
7.653337147062502765e+01,2.533080279165654503e+01
5.673506794305549050e+01,2.473962695856889127e+01
7.931081927041267932e+01,2.630881424420399384e+01
6.990837778314177342e+01,1.672908412764283526e+01
6.728587157948783215e+01,1.332040993007486662e+01
7.223987961884030540e+01,1.298591839305010609e+01
-8.675651539530095135e+01,1.999306223789653103e+01
-6.544274509708446885e+01,8.629985129421402945e+00
-5.637153826707741189e+01,1.764221117327677035e+01
-6.708157759011808707e+01,1.785477050257458131e+01
-5.934432442688579101e+01,2.552653902943826836e+01
-6.809742576381151480e+01,2.121344089888294349e+01
-6.657562097997532646e+01,2.919383590131194950e+01
-6.296986394157819689e+01,2.895009559629538742e+01
-8.252703532973441725e+01,9.188681594183776724e+00
-6.084286265558728957e+01,9.222616034127955942e+00
5.146878431431476741e+01,2.477953969927979827e+01
6.315992488325118615e+01,2.058969682741316731e+01
8.946107801736556553e+01,2.271029026432653097e+01
3.999030531495371577e+01,3.684530535743934365e+01
9.304329088700684736e+01,3.514853565442496119e+01
6.766663065902828578e+01,3.799733048876994701e+01
2.506753996029610576e+01,3.302309146896323000e+01
1.082685111073323156e+02,4.100988889467929255e+01
1.151252918438308939e+02,3.031311684705699960e+01
5.369556975676772481e+01,3.802682814939978329e+01
1.499160155468387927e+02,2.698590116365181757e+01
1.461045387061988379e+02,5.914680721599988544e+01
-1.382323414901443357e+02,3.922380631046019062e+01
-1.138833379919190776e+02,3.597381924594527192e+01
-6.525989234792980653e+01,1.810375366110351081e+01
-5.230962207139732101e+01,3.476808392677128268e+01
-6.765593399957597853e+01,2.762085708204913104e+01
-8.558600314445031643e+01,3.356576584044083233e+01
-1.047217973241430400e+02,2.043724434882742003e+01
-4.396983211184527107e+01,2.107010831463262690e+01
-6.464433632582260714e+01,2.960153177666774837e+01
-6.105782579340903737e+01,1.824561979567255321e+01
-6.038928865085379272e+01,2.631705446911531965e+01
-6.897763834368838332e+01,2.133139687394864126e+01
-5.889838019143213188e+01,1.791273230487724533e+01
-7.085771548639679907e+01,2.211227865010899052e+01
-6.860692663727384399e+01,2.735654226797976918e+01
-7.116451927794125254e+01,1.233879843397356879e+01
-8.760167865164793000e+01,2.073632914089436952e+01
-5.096685511244821498e+01,1.181457925336179748e+01
-8.018979042206269980e+01,2.004359602980902366e+01
-4.709958343326610475e+01,2.092419643705829202e+01
-6.242582776189493643e+01,1.669102451383399810e+01
-4.678757491300783755e+01,3.379922567696363700e+01
-4.478595252144762640e+01,1.926255804602052990e+01
-8.347771165905325574e+01,2.866698011029011894e+01
-7.009252020485756418e+01,2.714126440816840358e+01
-7.760327746451760333e+01,3.205900556606123786e+01
-8.185435411794712479e+01,2.674547479945883666e+01
-4.362568592600503337e+01,1.086802252315111161e+01
-1.632438531647432853e+02,2.703161742557144720e+01
1.734533614654337157e+02,1.874031850264219301e+01
-1.751206958119994113e+02,2.473704641093982559e+01
1.701339457972098330e+02,1.388888037229719608e+01
-1.683772984073651457e+02,1.519437183723354678e+01
-1.715116716019164755e+02,2.192372522435053028e+01
-1.685404619278741905e+02,2.218826763914074718e+01
-1.744024126364204790e+02,1.794091960707659084e+01
-1.610287901467290794e+02,1.601849990502845955e+01
1.646866719453924759e+02,1.499736954987216642e+01
-9.309056423952242199e+01,3.183669490025300064e+01
-5.140885131265970642e+01,2.741522114927198928e+01
-6.460236100029992201e+01,1.821174212537329495e+01
-1.135331423409758003e+02,2.646285865703714180e+01
-5.683094602932846584e+01,1.829361353649941790e+01
-3.030316828439254806e+01,3.484151427757306863e+01
-9.577065168497796321e+01,2.111050044704199280e+01
-4.101266965809067955e+01,2.798297346083426618e+01
-7.027739252748749266e+01,1.653735908549704803e+01
-6.981284210484074038e+01,1.836351054623552415e+01
-5.754372040971372115e+01,9.465131703062581892e+00
-6.127375175659366846e+01,2.094897202758043164e+01
-7.693969014174506071e+01,2.986042039414764915e+01
-4.724214983063583162e+01,1.727225194863817137e+01
-8.348099853187807184e+01,2.826497024271593261e+01
-5.941106979563484458e+01,1.297622951761665888e+01
-4.202178582627691839e+01,3.086711870718970729e+01
-8.408678905466425135e+01,2.791290179183831910e+01
-4.550329881091764150e+01,1.788659544877101837e+01
-6.592320499206817885e+01,2.280901513987734575e+01
1.783985349755041909e+02,1.565843857333771894e+01
-1.701913065037854267e+02,1.394258483028945861e+01
1.755163814501941602e+02,7.007825912054064688e+00
1.487695496134595885e+02,1.980761952474759369e+01
-1.564212895547882738e+02,1.762498490152405139e+01
1.692489840928765261e+02,2.445861972309261034e+01
-1.672991750208130668e+02,1.916773141356497945e+01
1.554905332335052321e+02,2.522332283100414685e+01
-1.534238384234208183e+02,1.733874046018736337e+01
1.645016338146762962e+02,8.587671934295974197e+00
-1.648135404476927874e+02,3.160946806470730763e+01
1.681725733615109846e+02,2.199875489903577019e+01
1.772128050077149624e+02,1.662223593090975982e+01
-1.589530246546757439e+02,1.655440577379567557e+01
1.669613421841949616e+02,2.451064938604512022e+01
1.588483219210560833e+02,2.952651071372846303e+01
1.795409832647503094e+02,2.784475940686584039e+01
-1.699732033274843559e+02,1.472636631196145451e+01
-1.761300838450446520e+02,1.812552473538458742e+01
1.759585335822155514e+02,1.142740079593470526e+01
1.612670147630645374e+02,1.674453576052099635e+01
-1.644132340855219638e+02,3.285314366920513862e+01
-1.612307454857425455e+02,3.157544067562871248e+01
1.739257359212946596e+02,2.049373912871828196e+01
-1.799451763475882160e+02,2.332329583086465163e+01
-1.725453856695038724e+02,2.612864086998619939e+01
1.686627533961330982e+02,1.646699362507240494e+01
1.759549534298848528e+02,2.699863504476037690e+01
-1.619582996723161727e+02,2.427579396171618953e+01
1.753463316861302133e+02,3.084118245775026068e+01
-1.354389673338434079e+02,2.139314294927749316e+01
-3.848736141717749604e+01,2.914024793974721916e+01
-6.959026624080139811e+01,1.657143571450767183e+01
-1.210832319129116144e+02,2.230407868457101017e+01
-1.768836349995748378e+02,3.161543620213317141e+00
1.428447681196985002e+02,1.382196751437868798e+01
-1.452318292232974954e+02,2.078559657412217021e+01
1.569454411768806494e+02,2.609303222995956162e+01
1.642971717515468697e+02,2.053447274297813507e+01
-1.718464769149811104e+02,7.184662747549054984e+00
6.075763850553537537e+01,1.987802555841106766e+01
7.458228821319997337e+01,2.245533233554695940e+01
6.774265900965116316e+01,2.512876942154200322e+01
5.036764787565434887e+01,1.486586800750218629e+01
8.610363060356544906e+01,2.739096632335760972e+01
3.986787987152363399e+01,2.129073377398206190e+01
5.671839257858169248e+01,2.074994462200361056e+01
9.090593424790998256e+01,2.342603551833131093e+01
4.327206626912399656e+01,1.454565602225808618e+01
5.895700469065225491e+01,1.909133261864117515e+01
-1.700897638126181164e+02,1.419393975970828414e+01
-1.799411075179328634e+02,1.509190929305094109e+01
-1.782015710081708448e+02,1.836989785160559308e+01
-1.708070862913735937e+02,2.286070478409232010e+01
1.787978618435879810e+02,1.764162611099573397e+01
-1.782127623966748615e+02,2.479769259977729945e+01
-1.729671178695809886e+02,2.579910485741139325e+01
1.741387096669611765e+02,3.077225199898813557e+01
-1.755435231712840221e+02,1.395093031617639667e+01
-1.716075208254037250e+02,2.209057568471451560e+01
1.691431877753575748e+02,1.110260156521906261e+01
-1.672965453248782239e+02,1.288045970499749870e+01
-1.764778780762939618e+02,1.674700259401576119e+01
1.770326601528378205e+02,1.519645465280450125e+01
1.696319383089056885e+02,9.652096987953765250e+00
-1.643612091098024450e+02,1.259747176107372546e+01
1.566515292927064706e+02,1.296590854090047173e+01
-1.575208158394674172e+02,1.180852219149023341e+01
-1.720173056842201902e+02,3.276129573645341964e+00
1.572119027979888131e+02,1.110503616161085105e+01
-7.139726025411997057e+01,3.351816542516291264e+01
-6.221106548747592768e+01,4.265265974489691558e+01
-7.938814349372748325e+01,2.424151971606235634e+01
-7.760511106211099275e+01,2.738091005966777658e+01
-4.792875440081439820e+01,1.780661259051185397e+01
-6.979211412911708123e+01,1.823817411303711467e+01
-4.320011709235570407e+01,1.524833828013416692e+01
-4.788952412230599265e+01,1.373849731670458318e+01
-4.840691826459585911e+01,1.392117391532844017e+01
-7.730011743307260019e+01,1.512964780169920154e+01
-7.245363316689358157e+01,1.757710986043983681e+01
-6.550453606369426041e+01,1.795637954504522682e+01
-6.367990237088743299e+01,1.361997227610986627e+01
-4.427450808699374818e+01,1.130072256528471009e+01
-5.164333161206931777e+01,2.277533529835591253e+01
-3.862818514584719765e+01,2.158495721695354419e+01
-6.908329990274246768e+01,2.278317845735703884e+01
-5.422500897797375785e+01,1.086564332258879340e+01
-4.734986643215867019e+01,2.510839245324362778e+01
-1.032171287979271455e+02,1.737321962050420865e+01
-1.609143205339327665e+02,2.111654483742638178e+01
-1.727067799994568986e+02,1.441348526311557166e+01
1.637874446127956958e+02,1.321376781420136837e+01
-1.656228865531232941e+02,1.140189361719588845e+01
-1.716920742181833077e+02,2.104502417098650113e+01
1.717261741373761765e+02,2.157901608344878852e+01
-1.698804061708039228e+02,1.327579778792974885e+01
1.731994420210134251e+02,1.013610516824090979e+01
-1.797454959944010682e+02,1.291079819371260129e+01
-1.736970822242655004e+02,2.032016337173595133e+01
1.716291548094120571e+02,1.945228074449912725e+01
-1.733188956234689613e+02,1.051967087045327709e+01
1.763605216950045644e+02,1.285079518620449157e+01
1.757305439259267814e+02,1.655436798539383147e+01
1.667697743721289783e+02,1.434038123660545239e+01
-1.603526117647490139e+02,1.659231870837856349e+01
1.512225763428942571e+02,1.927492213592298498e+01
-1.448256030546878321e+02,1.115604541365666691e+01
-1.767129866422541227e+02,1.416168359870339799e+01
1.499065487914689356e+02,1.937702520775640380e+01
-3.456713092745432192e+01,2.800864355317299470e+01
-5.999408878839651749e+01,4.119892882688312596e+01
-5.836014174478936667e+01,1.970220584198214198e+01
-5.393477834416589900e+01,2.578491769455648708e+01
-8.802688720002501555e+01,2.923845621794794170e+01
-7.038710391541582112e+01,2.466713198421338760e+01
-5.064419878153568533e+01,4.386651554031938360e+01
-7.793735328106490101e+01,2.374193860188877281e+01
-4.047254275507917498e+01,1.860960776519322479e+01
-5.650464041451227359e+01,1.550521769964258212e+01
-1.674491097671998148e+02,1.325863682231025109e+01
1.721960204696046901e+02,1.131737758397335192e+01
1.768295628770203223e+02,1.776786777056405242e+01
-1.796061613126375391e+02,2.883794827263204041e+01
1.787688028348239868e+02,3.811681534022962836e+01
-1.782498795399820892e+02,3.301439153027421725e+01
1.766234390268367065e+02,2.677384938983197316e+01
-1.715932901957842773e+02,2.542735362052937731e+01
1.773802426968706243e+02,2.286828233409343625e+01
-1.713722164201569456e+02,2.698223057545606096e+01
-1.763853403821642303e+02,1.214733119381641657e+01
1.622477739499271081e+02,1.449209818400979799e+01
-1.756362945802315494e+02,2.672621910478124718e+01
-1.776214192352949510e+02,2.904977329878607861e+01
-1.784653166223921232e+02,3.087038329632575184e+01
-1.694262835749217402e+02,2.205250189848213793e+01
1.749585865910341624e+02,9.091636295236034115e+00
1.721531148224056551e+02,3.026939719897557524e+01
-1.618252299229812081e+02,1.480239232180905873e+01
-1.764953107950021263e+02,2.316313535109003752e+01
-1.704326982670534960e+02,4.084868817669600816e+01
1.610883507806484829e+02,1.590849392600164336e+01
-1.216425622856154121e+02,4.157218738210143272e+01
-9.826386555066605411e+01,2.963925044247066865e+01
-6.429362449308624150e+01,4.076388392404079752e+01
-8.257148647263657892e+01,3.802545163341538625e+01
-1.178536839793484603e+02,3.685786899407655426e+01
-1.598106121960300356e+02,1.838317757320079693e+01
1.462710948088682414e+02,1.836533892343893370e+01
-1.727456946903640755e+02,1.351000002100453301e+01
-1.776640179265354789e+02,5.544218000550109160e+00
-1.650786881619696373e+02,6.760652544882521653e+00
1.673426477788247553e+02,5.413801670173643998e+00
-1.472452148226994950e+02,1.402154575883697873e+01
1.538274153475483388e+02,2.128660579283199183e+01
-1.741243323826305698e+02,1.390524244985626368e+01
-1.727752968670266682e+02,2.528151863205037131e+01
-1.581990779897028574e+02,1.109885909470429155e+01
1.440164412231287940e+02,2.693168400216317693e+01
1.361711682905092005e+02,2.446519049302645143e+01
-1.660496031607858640e+02,1.430451677714840208e+01
1.750245012127809048e+02,2.444053659794878541e+01
1.590642968143818621e+02,1.966404724981854812e+01
-1.777373139125177204e+02,2.414126796699304833e+01
1.771421664872166275e+02,2.398315051843146506e+01
1.778684963001936410e+02,1.743921321700472049e+01
1.725269118728999160e+02,2.518143863458783116e+01
-1.791740509259261387e+02,2.648382540248306682e+01
-1.797500251729534853e+02,3.038695539230134202e+01
1.723205265718543444e+02,3.874208344959286165e+01
-1.551861257278698361e+02,3.774848539541983428e+01
-1.762663513064049710e+02,1.576652754877428464e+01
1.662907058236480680e+02,2.453981254947156998e+01
-1.589214869750870491e+02,2.219300832872447415e+01
1.793838372437750195e+02,2.291262240762229396e+01
1.625544010607601990e+02,2.594179044369911225e+01
-1.741825494578123426e+02,1.116145893184499016e+01
1.700388466803560448e+02,1.504914824842533783e+01
-1.764819972852022829e+02,2.299743370126346420e+01
1.704663583869032379e+02,2.111965549297700306e+01
5.129466397715076198e+01,1.190904259432323364e+01
7.279057776908382493e+01,1.312788869447440021e+01
6.807861981605171309e+01,1.870954959080167868e+01
6.769627183906330004e+01,1.210264044037433706e+01
8.033590298182917877e+01,1.557603898333598380e+01
3.278208942054398989e+01,1.604431742435120967e+01
6.542194021691271644e+01,2.898532705278718424e+01
6.459760084462681107e+01,3.052460176438131612e+01
2.347197628462296137e+01,2.999674470379272151e+01
2.169315411446029174e+01,2.070912402439032007e+01
1.377327488837898954e+02,4.395435899050805517e+01
-1.701256589477884233e+02,2.578376073597762641e+01
-1.745196689188560413e+02,1.894707668146338619e+01
-1.749495435255286395e+02,1.064006688956844116e+01
1.674143570847663227e+02,1.815557990160669277e+01
-1.584864656101591720e+02,2.817742030763344729e+01
1.663709761693840505e+02,2.299535063202086604e+01
-1.534051988159375810e+02,1.470330280991291083e+01
-1.571050095424278084e+02,1.557632421979396753e+01
1.359782063049829048e+02,2.903738506391725593e+01
-1.674757292286858856e+01,3.978706091250916188e+01
-5.518065345176446357e+01,3.702486715523707517e+01
-6.388710365059267815e+01,1.313095400383666522e+01
-6.487067365998549917e+01,4.753771329474326279e+01
-4.779872144100861675e+01,3.389896082283270573e+01
-9.235276651412368665e+01,3.554592686034320081e+01
-1.649331392004625627e+02,1.919457692619800682e+01
9.340535057894766169e+01,4.214476903426160703e+01
-9.122601154012693314e+01,2.977064485940629979e+01
-8.645159333241504385e+01,3.156055164640984856e+01
7.403694085178018724e+01,2.858663017073894252e+01
6.947552065489777817e+01,1.881705331704857187e+01
6.006274381529838280e+01,3.184823436067425462e+01
8.366703388509786521e+01,1.867301004072998083e+01
8.256356142569002543e+01,3.555394497525272612e+01
-3.283088493794589002e+00,3.448893389124950914e+01
2.460367187847328996e+00,3.206066402888826872e+01
6.311187871827026186e+01,2.327315045778675895e+01
7.474069915767465488e+01,1.170739604063338568e+01
6.161262473901566494e+01,1.576399068516527535e+01
6.936526256000577462e+01,1.645004610162519043e+01
6.002097253987273007e+01,1.776861425239912151e+01
8.919836565462586009e+01,2.085703914820278015e+01
6.550993586136658564e+01,1.780161933358778015e+01
4.825236762318736794e+01,1.330813268382187431e+01
8.651793791053313498e+01,1.356024263753387338e+01
4.912399487984578172e+01,1.138173751603376793e+01
6.146865397950771381e+01,1.454853958270514624e+01
6.535528183410119141e+01,1.909546802705527213e+01
1.637336105910937434e+01,2.543672097634811280e+01
-5.236878431026289604e+01,2.385489331090793996e+01
-1.033997766985497435e+02,2.526684934581393094e+01
-5.085251013864874636e+01,1.739391872070581968e+01
-6.259158837676387321e+01,1.767604761652915002e+01
-1.027905754959357267e+02,1.980405868856190565e+01
-5.322419129706068475e+01,1.579241331696013972e+01
-6.450363932529191402e+01,1.603890819573178206e+01
-1.378364167909503237e+02,2.616335015692616039e+01
1.249693239978341524e+02,2.282895323335279869e+01
3.603175482160803256e+01,2.456191673997102143e+01
-1.738346255512296921e+02,9.950933474631069586e+00
-1.704188501021903903e+02,3.359526799404496167e+00
1.729167075344675197e+02,9.578870773394466909e+00
-1.712103079010203714e+02,5.654898206247214176e+00
-1.784947170655666184e+02,7.711841509324168342e+00
-1.725495128395182292e+02,1.122621885495427030e+01
1.647752145774333314e+02,1.036439039132281081e+01
-1.736223635436137442e+02,4.528363469509095296e+00
-1.726375729736623441e+02,1.059582740027903824e+01
1.635333070902037491e+02,2.164960207005927373e+01
-1.035558520704031054e+02,5.890427366310077417e+01
-2.978166780186418094e+01,4.617984151894535216e+01
-1.194105410021002882e+02,3.503892683893401738e+01
1.649178441222510401e+02,2.460585448798102703e+01
1.446412716201332671e+02,3.907206259273397109e+01
-1.545217980284944304e+02,2.342030312253230662e+01
-6.858078941059503109e+01,2.702405393136370293e+01
-4.668495663069689527e+01,4.086510314066295280e+01
-1.385300355753970223e+02,3.623468965684071463e+01
1.656577968929311169e+02,3.400266756954793124e+01
1.544295876232899616e+02,3.624945622279719259e+01
-1.674772590538957502e+02,2.469402937407824794e+01
1.671585705285750691e+02,2.820609576740517355e+01
1.751899995700517252e+02,6.733053023628153611e+00
1.706190711077002504e+02,2.461796368163869531e+01
-1.692975722258352391e+02,1.677673232107126822e+01
-1.290677266107757930e+02,2.251903132315118938e+01
-1.264100974189079380e+02,2.145022489558665768e+01
1.740475071163229757e+02,1.201803426674267961e+01
1.755870566643298218e+02,1.132793476846818947e+01
1.762200846360462947e+02,1.442890348874150241e+01
-1.747241862511542934e+02,1.240106712735947703e+01
1.564473437560405387e+02,2.789456737450979062e+01
-1.475737492548013847e+02,3.868184530103964391e+01
1.593302228144006278e+02,2.846954274589880640e+01
-1.640199819649254209e+02,1.716220827699141793e+01
1.703876679846654554e+02,1.144135012527109652e+01
-1.622111509261158631e+02,2.110255302267680122e+01
1.564645696126890186e+02,2.248755809146915396e+01
-1.794939389610744342e+02,9.592740667001317334e+00
7.952800581662506829e+01,3.297117172344686509e+01
7.161601687526622584e+01,3.533093580144617363e+01
7.394012434562606018e+01,2.515151791890502864e+01
6.314268059261267041e+01,3.059139513290300982e+01
6.334668623319845437e+01,3.136189848085365384e+01
9.714982008377690192e+01,2.704818467894761369e+01
6.245680847116501155e+01,2.100775500970259912e+01
3.252505814998208677e+01,3.374714739565337851e+01
8.648950477038231099e+01,2.159390984162002525e+01
5.446096983299680971e+01,2.396876139480858114e+01
-1.620928535604213323e+02,3.708283351539219552e+01
1.076367122375400811e+02,3.862354084899153150e+01
3.574512835985524273e+00,6.332330429053691034e+01
8.157405745780015138e+01,2.966494649289232299e+01
1.768846830062985305e+02,3.070386088718660034e+01
-5.726998132291902976e+01,2.709392204344971589e+01
5.254176009401750491e+01,3.940356033290952809e+01
1.475044837898495871e+02,3.398718299671567422e+01
-1.090110323326516664e+02,4.202348994087127920e+01
-3.030366812048752578e+01,4.889155347576276256e+01
1.758168034262511696e+02,1.254599563676297791e+01
-1.758075021137817373e+02,1.375885911005177142e+01
-1.663115807408634339e+02,1.499420865962624028e+01
-1.793386735540210566e+02,1.100425438945310219e+01
1.710950531224035558e+02,4.751041157470703880e+00
-1.545201492587462724e+02,1.277744840401474491e+01
1.527533257022891462e+02,1.160455192459360063e+01
-1.654729438187590631e+02,8.707800737882340769e+00
-1.773634544777058295e+02,7.897152598400115409e+00
1.698006479827869271e+02,1.464437748093587643e+01
7.291151444288020400e+01,2.885119100779521517e+01
3.015912169784379770e+01,2.011503873663615849e+01
6.532431981530605469e+01,3.174012019477498114e+01
3.970373808417909345e+01,1.940586199895578190e+01
5.148518587889866893e+01,2.530283753604783215e+01
3.622769569615883967e+01,3.540066896050436185e+01
5.085283775789559968e+01,2.499308602383839428e+01
7.007959988319443312e+01,3.089874703187645366e+01
8.821849036086319984e+01,2.541021997395525034e+01
5.546064035514495316e+01,3.365185903014891267e+01
-6.575133577766575854e+01,1.960556004568557142e+01
-6.664427975190123732e+01,2.412687706404096843e+01
-8.888328169895390829e+01,2.658659868677011673e+01
-7.256689336279748659e+01,1.955463591292438963e+01
-5.178791325523798150e+01,9.436790774494596690e+00
-5.848201176502267629e+01,1.292809112995379550e+01
-5.775079492859426722e+01,1.688931676910986823e+01
-5.229834775327600482e+01,1.843852229960863198e+01
-7.018806559237970077e+01,1.460887242568418820e+01
-6.105868894885195886e+01,1.460885873468643936e+01
1.573306769143241581e+02,3.368271591040935675e+01
-1.555348628323114895e+02,2.997297710962349981e+01
1.793710066800957748e+02,2.106291644058105206e+01
1.700472739548024208e+02,1.610352622886333052e+01
-1.727643798677772793e+02,2.132342092008308754e+01
1.668737767774186693e+02,1.111634497582648606e+01
-1.699629255336681126e+02,1.993503470604639105e+01
-1.782987900650225868e+02,2.152807888441574136e+01
1.627384709638768072e+02,1.468557584487805023e+01
-1.630200324417745037e+02,1.985203170828280861e+01
-1.062061564325879033e+02,2.600779864674427699e+01
-4.555386785772613223e+01,4.775096313217342470e+01
-8.077416839681946215e+01,1.649482421497765472e+01
-7.855508293427593003e+01,3.935045736349948697e+01
-4.581922550341593592e+01,2.577453236116929602e+01
-7.869129944717059288e+01,3.293161444815578420e+01
-6.852890079799922773e+01,2.415570856947578449e+01
-6.861908609022094652e+01,3.286314013649748489e+01
-8.336461334412089741e+01,2.675117712643758239e+01
-6.050383404542373711e+01,4.303976924472795673e+01
-6.726456808501630746e+01,1.752787704577463046e+01
-5.066693231358313199e+01,1.840617092165037860e+01
-8.981778057302187790e+01,2.847907566129300960e+01
-4.793963406122376369e+01,1.600177178549322576e+01
-4.829921602040705153e+01,1.580320668849326182e+01
-1.124806708173220073e+02,2.321197756735549689e+01
-1.747652499984118890e+02,1.360889371801568970e+01
-1.783130180224626997e+02,5.630675778828391209e+00
1.563121291336147749e+02,1.028192332398897690e+01
1.765030560139346107e+02,7.008037591216483619e+00
-1.630779070335348990e+02,7.599577636530209901e+00
1.479571388045217475e+02,1.210159145936195912e+01
-1.517594517733773216e+02,1.517949766596330896e+01
1.623231095086596838e+02,2.214117611609976422e+01
-1.705160592660411965e+02,1.271251538101554601e+01
1.709821781381067751e+02,6.268283329813099769e+00
-1.622303742801024100e+02,6.640004854540528356e+00
1.701257595303884500e+02,1.163037848020482912e+01
-1.726895118962852109e+02,1.362064601822442533e+01
1.734354300145374168e+02,1.776632278821737643e+01
-5.450702953841988574e+01,2.619029751931325123e+01
-5.400631295327266201e+01,1.861896823942177903e+01
-4.070044900753028827e+01,2.189302112762663555e+01
-5.647286724702657779e+01,2.093924087387959432e+01
-8.199923935412874698e+01,3.241914483734186092e+01
-3.271248034331274823e+01,1.934055973118774574e+01
-7.068249545853265658e+01,2.270760759653709826e+01
-9.183318027953572482e+01,1.599447963546738904e+01
-6.400636026273703294e+01,2.149604693384370790e+01
-6.881067131611995080e+01,1.334194820832018280e+01
3.965723617724468397e+01,3.139356723813856576e+01
8.181643130442631673e+01,2.156192187848886732e+01
6.077851069980228971e+01,2.039835508991837898e+01
5.799586787227560336e+01,2.173386661217044491e+01
8.061763192940402689e+01,2.048237795954999996e+01
6.148291331464116638e+01,8.261900013887224503e+00
6.644927570641088721e+01,2.063320908981203061e+01
6.731317007110430950e+01,2.335700957190019622e+01
6.230694335403749307e+01,1.837629022879833585e+01
6.499076910260471607e+01,2.077719315429915525e+01
1.463195822769151277e+02,2.437071486997682612e+01
1.521013570171869844e+02,1.694899411194395356e+01
-1.411072197075452266e+02,2.838000351593399273e+01
1.793382402260363335e+02,1.289424684914471264e+01
1.607218960276413782e+02,2.540145186672265964e+01
-1.670519475591982825e+02,2.482034072966330385e+01
1.582894633372705471e+02,1.641922512035565163e+01
-1.728305640145646009e+02,8.214788297883753643e+00
-1.641415300923182201e+02,2.476912649294100177e+01
1.674771011857650365e+02,2.021244748723839280e+01
-1.518552339063832903e+02,2.351797600850611758e+01
1.550696294166822895e+02,2.073652038920513974e+01
-1.479225496795458241e+02,3.582260650297575211e+01
1.636071587085617409e+02,1.737460265083771205e+01
1.603115599309176389e+02,2.844541274158144972e+01
-1.767417747234778176e+02,1.908017919454474409e+01
-1.682757686570505200e+02,1.370246570198191982e+01
-1.486061575934638768e+02,2.733135088517725819e+01
1.556026993380122292e+02,3.199899598674433321e+01
1.280722483570025645e+02,4.466237771796308209e+01
6.247645238588975047e+01,1.395882410823565678e+01
5.200197013779771282e+01,1.229267814296045636e+01
6.987651859346657091e+01,8.685779051231140357e+00
7.072280303116062328e+01,9.102850867310426253e+00
5.911604851235530589e+01,1.327547425091961131e+01
7.253539600919567931e+01,7.599410393881154135e+00
7.254979723343851106e+01,1.418477875545218581e+01
6.313159730353166310e+01,1.200052894952338889e+01
6.355563480349462679e+01,1.528535792518545122e+01
5.545399164456928531e+01,1.057193495790832216e+01
-1.662060268169179551e+02,2.002459079497486272e+01
1.669266680287028635e+02,1.985910944111859777e+01
-1.755270473194961198e+02,1.481700876106714837e+01
1.755640972698000155e+02,7.444248281651855592e+00
-1.600365210950154733e+02,1.200221335883846763e+01
1.562397959769036220e+02,1.383033070797978858e+01
-1.681814816316739041e+02,1.464839323513317737e+01
-1.614505130113522569e+02,8.911211975609276692e+00
1.645327727528967898e+02,1.367578205172745776e+01
-1.582468987421758300e+02,1.820484804024521353e+01
-4.973618252621686509e+01,1.659325779965920944e+01
-5.887109531158287723e+01,1.470055445397611038e+01
-1.266100236359451117e+02,1.875230029076459459e+01
1.640894050714818775e+02,1.664438749962340935e+01
-1.632480041479282420e+02,1.618958339189279982e+01
1.725309656188200336e+02,2.038974519931896268e+01
1.561702582173977021e+02,9.303158776461639690e+00
-1.653115672210294633e+02,1.052460637686830225e+01
-1.778330210706076571e+02,1.786514585449637593e+01
-1.521629284319066926e+02,1.718992740303554712e+01
-6.861970341420051511e+01,2.513463707696589466e+01
-6.992457420193484552e+01,8.837299348563671941e+00
-6.626355059571918105e+01,2.951756013206296458e+01
-7.257506716054484741e+01,2.403111980655891244e+01
-5.093988137699112428e+01,2.274175240546916044e+01
-6.616323833578749714e+01,1.994225419213343287e+01
-8.007725092837104341e+01,2.312730643133240704e+01
-6.490042397039604793e+01,2.096007601344917504e+01
-5.219929248517627940e+01,1.653057721824507809e+01
-9.054416054926078061e+01,3.135808182772824182e+01
6.279916372982647488e+00,4.872420808563900607e+01
-1.987983220079759406e+01,5.059790792605683407e+01
-7.398011205684390745e+01,4.218849139905541534e+01
-1.323435986174170012e+02,4.956633662517491246e+01
1.520225920605504371e+02,2.729301462679017831e+01
-1.639530708343885976e+02,5.119127368635191999e+01
1.349240276526502385e+02,3.846155811699931348e+01
-1.706593747614322467e+02,2.526302096948986176e+01
-1.784753033931187076e+02,1.246796134164100067e+01
1.795301123745277607e+02,1.841720998688462174e+01
-1.744644086229508844e+02,2.259573917941701637e+01
-1.728667815835112265e+02,1.679630136701917920e+01
1.662002013398109170e+02,1.436015571840047755e+01
-1.694382844253730411e+02,1.989908387400145173e+01
1.706891175029345789e+02,2.024659185003769224e+01
-1.759062308144703763e+02,2.806732217588822564e+01
1.683565156468077646e+02,1.471956970455639713e+01
-1.768621457956201937e+02,1.003407139297070216e+01
1.746272852788779062e+02,6.748718509723205194e+00
-1.746679592746269520e+02,3.291217715991992776e+01
1.752853639019277239e+02,3.717120558474766767e+01
-1.773895820540900274e+02,2.559051689888076808e+01
1.670603386829366741e+02,1.884133458705863262e+01
-1.655860482801240607e+02,1.237515714261630428e+01
1.703208851096274259e+02,2.173739698767880668e+01
-1.512284227260736031e+02,3.134772020473494791e+01
1.572423173046299496e+02,3.079099401539799175e+01
-1.687509961425947438e+02,9.996887806221501194e+00
1.639662303452146261e+02,1.584207505282730466e+01
1.773697690086329999e+02,1.477901553173849081e+01
1.238415584428461216e+02,2.458967259498490421e+01
7.002901773853849932e+01,1.736720633176051365e+01
4.821170027066829533e+01,2.644745596142109179e+01
9.221302235366955813e+01,2.570097440917187726e+01
4.081841489121069344e+01,2.441238589182631102e+01
6.098435413174392039e+01,2.509505362604725320e+01
6.091234591294580270e+01,2.429503471622473043e+01
2.918014939973717148e+01,3.116194939287487742e+01
9.183921331564721413e+01,2.957276131160253385e+01
6.035611226359856119e+01,2.755843321612451291e+01
-1.637222398442910958e+02,2.226886510937465147e+01
1.617275723174337543e+02,2.736202794837226548e+01
-1.684867173607726727e+02,1.723447383507680186e+01
-1.480780538691328729e+02,2.784903492311255491e+01
1.664813710916126013e+02,3.222766849590466620e+01
1.185430524823862442e+02,4.573626672877219335e+01
1.133903235043534039e+02,3.047449284586245000e+01
8.468213423008010921e+01,1.836876996912977589e+01
3.732832103213778652e+01,5.820648498514232472e+01
8.393629140561418467e+01,3.254796745159165994e+01
7.118343843110167768e+01,2.584484950321043684e+01
6.428594544327350491e+01,6.212442660518132698e+01
7.852852781766998191e+01,5.321752905077713081e+01
8.494564212074037357e+01,2.197111706960924238e+01
8.239379345869782867e+01,3.947783075009398601e+01
7.132657368966685851e+01,3.282048701064418594e+01
6.363563367257820147e+01,2.788704809294698350e+01
1.188606656280884977e+02,3.104526770128821767e+01
-1.501087262847071599e+02,1.863162293749820719e+01
-1.272533863837628587e+02,3.386686077393058270e+01
8.420487095660330112e+01,2.024156718306059233e+01
6.819365907086529432e+01,1.803398636658893750e+01
2.703654536644916817e+01,2.811043349894600851e+01
7.091052760010012435e+01,3.746118439858023663e+01
5.063450394826082146e+01,2.036196216166997175e+01
7.188548213662033959e+01,2.611386013197433087e+01
5.074429027793913605e+01,2.182827681145266041e+01
7.777996768146452666e+01,2.343036326790821278e+01
5.762872748859204819e+01,2.260893767218473016e+01
7.558565167739200774e+01,1.907694218045348578e+01
7.166265206871145210e+01,1.801705814104662906e+01
5.506401484715409822e+01,2.502012622207836756e+01
7.691903050196667380e+01,2.306963360304926169e+01
4.594767860057748976e+01,2.078160864526247309e+01
4.167376115332545083e+01,2.027991350431183193e+01
5.678438517829034993e+01,1.379143538581558737e+01
3.098220659828997725e+01,2.148330464064215306e+01
7.941226761137041024e+01,1.953147227729931501e+01
4.432320375045124905e+01,1.867494701690112535e+01
7.280426957089680684e+01,2.119767852084687121e+01
3.619799304176810040e+01,2.879188310063349121e+01
6.960464422577734922e+01,1.988277993571217905e+01
1.191476993448840176e+02,2.485231742835605218e+01
1.628543681098175853e+02,2.591494414497497445e+01
-1.361818023261337771e+02,3.391203769956617720e+01
1.689720319117405722e+02,1.717670659698139701e+01
1.574950478015195472e+02,1.913834601154280080e+01
-1.499787451341322537e+02,3.623313434398388466e+01
1.450854597248943492e+02,2.727753327619561929e+01
-1.737009936882255374e+02,2.804871278309374105e+01
1.433100234888005389e+02,3.351761353247646014e+01
-1.592937843546178556e+02,2.261743043540887044e+01
-1.781756186563314657e+02,1.979207564635414229e+01
-1.796680694942933769e+02,1.698866367377364028e+01
-1.623344480551741924e+02,3.358313218601188055e+01
1.534378914421567117e+02,2.551918253390776670e+01
1.383899907504679732e+02,2.765922099014617430e+01
-1.446960441167461795e+02,2.299596105481242603e+01
1.710711256856721718e+02,1.623631906079787157e+01
1.638259777328068765e+02,1.406998307708033380e+01
3.733375065435524220e+01,3.334978831057294713e+01
8.165084139236357430e+01,2.614332606044849427e+01
4.094173779789868917e+01,2.891251417129137735e+01
6.486459570470550773e+01,2.530341302560957217e+01
8.722569337642208609e+01,2.738926566460166967e+01
4.558704843910870608e+01,2.958381572517853542e+01
6.458086952087955979e+01,3.860281379545249081e+01
5.549095588808067703e+01,2.006201988918514445e+01
4.955904159235544881e+01,3.238751595834284558e+01
5.011372134241987197e+01,1.941791781181006726e+01
8.398779194574466089e+01,2.245539750975617466e+01
2.686778279957872684e+01,4.088063619482442590e+01
9.536615195283712865e+01,1.779239156940553102e+01
7.462846135575007622e+01,2.073835436306098856e+01
5.185653720647180620e+01,2.037720169410762594e+01
9.789334139840161697e+01,2.361245693340998386e+01
5.443841277779036858e+01,2.399930131715596460e+01
7.535032711148525664e+01,1.397494750376943884e+01
1.048763402716332251e+02,1.993447321348232748e+01
6.888666963167149504e+01,1.776689059655397074e+01
1.681161073222566529e+02,2.014534969160045108e+01
1.778099168490000181e+02,1.633687314483050912e+01
1.719954490717310875e+02,1.573438125753010297e+01
1.785063487455552149e+02,1.510144869736419437e+01
1.764792810993060925e+02,1.647753461876687808e+01
1.752084027236706447e+02,1.856107490929893444e+01
-1.781176830139688434e+02,1.170981719136620214e+01
1.705744977303184839e+02,1.732310024784017344e+01
1.710881098038051391e+02,1.939806542997391858e+01
-1.796792959081215031e+02,2.378739975325975209e+01
1.344255277425093880e+02,4.389393726714882860e+01
-1.477485854946634447e+02,3.461865229538130251e+01
-5.039448444921359282e+01,2.929040027878781416e+01
-9.524520757888273792e+00,3.755869548176156769e+01
-1.926087585812043912e+01,3.323819880357148548e+01
-6.162498301108904997e+01,3.885657618273643266e+01
-5.909905306269259739e+01,2.514427304868375046e+01
-4.865460987346401112e+01,2.723985242537416696e+01
-8.653648525579444595e+01,3.694054421744797878e+01
-7.959736712538364145e+01,3.256101110663014708e+01
8.661882245896514121e+01,1.209009932232342877e+01
5.278611473825657185e+01,2.147900979631450014e+01
1.003175204536813538e+02,2.468613434159508557e+01
1.066949657426748246e+02,2.514678323465204102e+01
6.331927309317581631e+01,1.919243497339652649e+01
6.177900857825730441e+01,1.040864808489584448e+01
6.408461272115583540e+01,2.968180025509176190e+01
4.225510489785379775e+01,2.347211706484845450e+01
7.551379928951521947e+01,1.563786582086692079e+01
3.871006700948910861e+01,2.726499037174345119e+01
7.268156864114419591e+01,1.342744585604865293e+01
6.874668516411502139e+01,1.331925249808302780e+01
6.311266117854816571e+01,1.356086271290165257e+01
6.794074095007428582e+01,1.427358351886161536e+01
7.720520155008921392e+01,1.923745348119801690e+01
7.385155919582285833e+01,2.201995841032019285e+01
6.142310735668934996e+01,2.015441878864039182e+01
6.696043912560716649e+01,2.314436064970359297e+01
8.373954297536597835e+01,3.034673357705126051e+01
5.804763186118249507e+01,1.380699955934775147e+01
-6.412386745645093811e+01,1.594983296901931880e+01
-4.378024506271427896e+01,9.472805670470872741e+00
-7.058528689627131314e+01,6.948158234999107563e+00
-8.825959740312632107e+01,1.227186649011514952e+01
-5.030368421360564923e+01,2.070435593766066518e+01
-8.630254130554088476e+01,1.395595995983559945e+01
-1.035660788646797243e+02,2.107523703952364258e+01
-4.650033200348668316e+01,1.214663942460609825e+01
-4.353747226649966962e+01,1.433322347256576279e+01
-1.090428780765047208e+02,2.180176493230339929e+01
6.438213208292661704e+01,1.449412025228097534e+01
8.885521149634699611e+01,2.110996471372270733e+01
7.210384599869961164e+01,2.290867483045280295e+01
8.306088682644087839e+01,3.058462258878211060e+01
7.231958697370998834e+01,1.614705107563844422e+01
-1.982456639308483659e+01,3.554436107210770501e+01
-4.111557315371484833e+01,4.546119348466371690e+01
-8.507632792182160131e+01,4.431408900513802251e+01
2.981526126263020493e-01,3.640854932332159422e+01
1.237064499526106260e+02,2.639241975523638928e+01
8.298508036543301714e+00,3.820637000550383533e+01
7.952177260871083320e+01,2.559790815864065650e+01
8.016894328178435103e+01,1.953729357681590173e+01
6.296413892553996305e+01,2.865451100207669910e+01
6.915241900733876435e+01,3.661043218205824701e+01
5.632361573916787023e+01,3.534092919024912760e+01
9.006218663126583124e+01,3.693918210519009193e+01
5.594737159242170321e+01,3.050809691796548861e+01
7.381217086213936796e+01,3.599282965074010576e+01
6.052373983287059644e+01,2.449289759581462889e+01
1.541357385891578531e+02,3.878861055904087607e+01
-1.684788213950814111e+02,2.043471459447872718e+01
1.770410523034914831e+02,2.702966114855257729e+01
1.702166142831816558e+02,1.851502924039697362e+01
-1.495734803662627996e+02,4.572034711489109782e+01
1.298392689023147568e+02,3.087207433977505033e+01
5.153986970683417468e+01,2.364665631820320968e+01
8.512805419776418603e+01,1.826567700321987076e+01
1.122706769166834988e+02,5.349212108686104727e+01
1.774021432256870696e+02,1.216325968711276140e+01
-6.286253154019082956e+01,1.739672521866722832e+01
-4.432412564568331703e+01,3.987351187715460554e+01
-5.867028335672758033e+01,1.645825488226391187e+01
-9.258770372124928372e+01,4.713335182859135131e+01
-6.366890473312002996e+01,1.668872943885796545e+01
-5.495361810973876260e+01,4.335324344389729845e+01
-9.994327335502708820e+01,5.099375608930556325e+01
-8.976701486533750085e+01,4.193070663612624571e+01
-1.330180525525312305e+02,3.991397667120219950e+01
1.315123514802212981e+02,2.749349429414734303e+01
3.890461075397274726e+01,2.363436874423198830e+01
6.962545999380097328e+01,1.511291722699376550e+01
1.017034880661246490e+02,2.884332320644619330e+01
5.117704452362111311e+01,3.313084436874636651e+01
7.635435717467420602e+01,9.890401347298574564e+00
9.143486440712777608e+01,1.402960740242529702e+01
1.897548553366343072e+01,3.153254901486307915e+01
7.460611800575007635e+01,2.434457411002403759e+01
1.362677216236821209e+02,2.591520999685018722e+01
-1.514729285338608236e+02,3.933257515469862398e+01
9.459571097945904228e+01,1.776966731803845079e+01
5.298477013880021502e+01,1.310755071335374744e+01
6.175357667168812981e+01,1.263347062241997065e+01
7.626662699645081034e+01,1.036835358950617092e+01
5.660685427061935115e+01,1.314808039814001361e+01
8.134260199349346010e+01,2.933426193708644547e+01
5.082771000658372174e+01,1.604910836675458796e+01
8.849144388855246746e+01,2.990019563098923072e+01
5.917434602268023269e+01,1.175780670916024206e+01
4.740205815418868696e+01,2.631015399661753662e+01
7.653620304469710334e+01,2.449490739543288953e+01
6.927217732990513355e+01,3.420670399599248412e+01
8.274919549309069566e+01,2.374130278602594757e+01
8.532593813391976312e+01,1.921832667916290660e+01
4.848049359694245197e+01,2.125002149336544477e+01
7.873583225040505340e+01,1.889976938847412669e+01
7.437281482060659243e+01,3.142828790357900459e+01
8.276914680501380417e+01,3.250683823121788407e+01
6.355443356976523006e+01,2.117144185202955953e+01
4.673001753248679080e+01,2.601102506430301631e+01
1.771947661288189693e+02,1.317867851592770023e+01
-1.616189514448742557e+02,1.096319863481780033e+01
-1.783473965419782701e+02,1.890711494551798211e+01
-1.735175802207471634e+02,1.807977837003262067e+01
-1.667709373137957130e+02,3.047469325852996036e+01
1.622914316670204187e+02,1.964177144309763889e+01
-1.618251356318682781e+02,9.616368821840623582e+00
-1.527100345007378337e+02,2.480012337308387771e+01
1.607829817088156972e+02,2.503181190732686900e+01
-1.768460447681968049e+02,2.807048436006833469e+01
-1.618863074455825029e+02,2.808538549188576283e+01
1.536313373803492652e+02,1.604388306788047558e+01
1.538825396477654692e+02,4.586499917669207349e+01
-1.789483591842377734e+02,2.041918746171708676e+01
-1.564040601669772741e+02,3.063323759504016408e+01
1.715030213955313627e+02,1.694856407855138514e+01
1.137349023010454658e+02,3.769755326348797553e+01
7.398063240783284300e+01,2.368906388127776808e+01
4.443113044399705558e+01,3.477091501074798430e+01
8.450808419797078841e+01,4.652675648900020633e+01
5.846733959144134474e+01,2.635090016576790362e+01
6.983046630150545298e+01,3.839838377068766562e+01
5.648521259534448546e+01,1.640437752810674610e+01
6.659411980000511733e+01,4.273007029316565308e+01
4.710134835618936222e+01,3.068132775893037589e+01
5.248972560452476444e+01,3.644608999558060702e+01
7.732020669937327284e+01,4.439809964352970439e+01
9.072167684833978285e+01,3.783975571421412099e+01
1.001127431530075569e+02,3.689617835910357257e+01
7.926002881756183172e+01,3.607515724503382160e+01
-1.722495722265734912e+02,2.601171289379240648e+01
1.653439719354195745e+02,2.406230801744623449e+01
1.484997052435491014e+02,4.469114669624908487e+01
-1.685702503950497828e+02,3.608485970595821613e+01
1.671543473689044674e+02,3.655314138617993081e+01
-1.722211298506537105e+02,1.987266645300132595e+01
-1.769363498709956275e+02,3.655418735419021203e+01
1.715852156268575186e+02,3.374487290706801446e+01
-1.594165615783491319e+02,4.032947664231897988e+01
1.565286547201527867e+02,2.781776063305360580e+01
8.484101763147474173e+01,3.019195147743731411e+01
8.051051877563578785e+01,3.208418610148268613e+01
4.608842269465966979e+01,3.292005073501862000e+01
1.654746141144291585e+02,4.071910653323947571e+01
-1.355712029836562635e+02,5.155805157675169426e+01
1.771820488177888819e+02,3.447546960578019792e+01
-1.588819197932770635e+02,2.551974732929681977e+01
-1.677788473009862571e+02,2.093920280095287723e+01
-1.796261965604192596e+02,1.773132154567603180e+01
1.398585779205052120e+02,2.724935082050441082e+01
-9.333521353705675949e+01,4.663540117585972666e+01
-4.039582346628867526e+01,2.381592685298152645e+01
-4.890152426263147589e+01,5.987057361674986566e+01
-7.072087770063129142e+01,2.717227208623521406e+01
-4.837057777342102582e+01,5.280043694489651784e+01
-8.933271185343288323e+01,3.405974490819819778e+01
-8.584179035859969531e+01,5.553984336914183473e+01
-5.280995908503474112e+01,2.760573641135203005e+01
-4.296629243976694568e+01,3.195818340705534766e+01
-1.360000036242509793e+02,2.559045640501030405e+01
7.656828835827170110e+01,3.895121329624601003e+01
4.873854789439409529e+01,2.347914321452521591e+01
7.387156776725139196e+01,3.850503333401534434e+01
7.852122494024116861e+01,2.244337650275591045e+01
6.507134185390690106e+01,2.064655554011423533e+01
1.028209803535235380e+02,2.798708121539996085e+01
6.703745873751962847e+01,2.975698115736242499e+01
4.831159372611133307e+01,1.646095458882791007e+01
8.423042631806298175e+01,2.306820508789452617e+01
4.798772252192825505e+01,2.525008604061756401e+01
-1.518680078871061028e+02,9.183651579774123164e+00
1.598944765685020002e+02,2.268613433721180073e+01
-1.775051080680874520e+02,3.720256379147344461e+01
1.520748658550217840e+02,2.682038699998852849e+01
-1.561795473609059570e+02,1.552868177423008511e+01
1.746802944219402036e+02,2.108609473276656843e+01
-1.731555513644368602e+02,2.135179971667948351e+01
1.569734045350155327e+02,2.328906257921343936e+01
1.714062603506919231e+02,1.805006316919952525e+01
-1.582073939251966124e+02,2.275135052935583602e+01
-7.383158124542471512e+01,3.328931175923381147e+01
-4.502448233931406918e+01,4.048212521270071562e+01
-9.678863528513892334e+01,2.696229165378904469e+01
-1.542186624180792762e+02,3.448564133176660107e+01
1.427552370975715519e+02,3.600252976876424782e+01
1.795096817156409372e+02,3.775225150878098646e+01
-1.342071264760737677e+02,2.617565578186679431e+01
1.788793395511277424e+02,2.032409348067357513e+01
1.482830436148676085e+02,3.420458092714324039e+01
-1.626647372106360194e+02,2.921828652442341578e+01
-7.813375642302075619e+01,3.008467470890573026e+01
-5.875494477053629794e+01,3.910793922268031508e+01
-6.214600670616461997e+01,3.573019445789213933e+01
-7.579314804112924264e+01,1.930375407980031355e+01
-6.416116607293965046e+01,2.425503586555813484e+01
-6.173351788730469991e+01,1.990013626031144156e+01
-7.776749886932645950e+01,2.194967807127059700e+01
-6.083430299281339870e+01,2.005105539830210404e+01
-7.524855249247995914e+01,1.945027504948248520e+01
-5.971164279060461411e+01,1.351887367123524086e+01
-1.021729852821786722e+02,3.909694617664730742e+01
-9.574732698871843084e+00,3.155009854305944828e+01
1.253058767870339523e+02,3.058873591800726643e+01
-9.096417057790728222e+01,1.904154287718521488e+01
-2.559445639979972853e+01,2.678442707929847089e+01
-1.114754836168785772e+02,3.656949652601613820e+01
-1.563208946332557332e+02,1.739839249039689406e+01
1.068519293300600452e+02,3.462945730095292873e+01
4.664295579314251938e+01,3.970553118312245999e+01
7.800901203944322049e+01,4.147442827178120694e+01
1.591122830686529426e+02,2.235422777360750501e+01
-1.759494854616785631e+02,1.483447747360359514e+01
-1.756590823534149592e+02,2.046684042556256600e+01
-1.640384781883865912e+02,1.538118042595040436e+01
1.670967687981932954e+02,9.185606390461410697e+00
-1.649349344329544635e+02,8.266139244014850007e+00
1.740320835819467220e+02,5.103653906608487389e+00
1.798461747800305943e+02,6.449457721361397056e+00
1.694774698834957007e+02,4.297884836387756202e+00
-1.553876246536460428e+02,9.523986718049719968e+00
-5.014809836798239928e+01,4.928043273704984983e+01
-6.786968865856921695e+01,5.081372694869200046e+01
-6.628004932092751744e+01,3.192402842349068237e+01
-9.972570962405161765e+01,6.670022014259757270e+01
-2.665040593426024884e+01,4.080592039509708968e+01
8.282320738819447570e+01,4.251946164378394144e+01
7.551738811227031078e+01,2.761626502043989007e+01
6.846073617421042456e+01,3.644951137522673434e+01
9.951743554357534549e+01,4.895227796362370043e+01
9.162283104833574043e+01,3.463329220544383702e+01
-8.010858035788609754e+01,1.725639533408644155e+01
-8.678223072074878530e+01,2.193008562313091403e+01
-6.426338181674205430e+01,2.551391875600273096e+01
-7.715166453787938394e+01,2.578001742409169950e+01
-6.703664105543862206e+01,1.994350176145970721e+01
-5.445181501100981869e+00,3.549521428622514918e+01
-4.554857593553303019e+01,3.163786270319777572e+01
-1.080711201961613739e+02,2.597788126041425727e+01
-9.523449475087839744e+01,3.543324612129728735e+01
-2.747422130965392029e+01,2.980047436055663823e+01
-1.708990699592116300e+02,1.839599580951506042e+01
1.738674951574226952e+02,2.500420484808501342e+01
-1.755303065618249150e+02,2.040609616221621891e+01
1.784717230445116058e+02,2.684607116581876696e+01
1.758732227573982527e+02,2.922374821285228563e+01
1.748542459727478615e+02,2.086733299416587784e+01
-1.743940613183350195e+02,2.418388997281826036e+01
1.686734955725388829e+02,2.154217809484424251e+01
-1.629370764846156021e+02,1.104422144512742676e+01
1.485030809094152175e+02,3.208751600349818744e+01
6.117082510121437622e+01,1.600926905644767118e+01
9.144016183533271658e+01,2.151806266249239741e+01
6.754784344085483383e+01,2.129597624476573614e+01
8.582360693968998078e+01,2.600213887005298830e+01
7.902318756798698018e+01,1.675846800528177738e+01
5.672804097799183864e+01,2.246930707887830891e+01
8.373164745947576648e+01,2.615433870762229773e+01
5.160288289957768626e+01,1.507397395048403155e+01
8.653270757426834336e+01,2.222398638268079196e+01
5.659695811236888829e+01,2.805478235048077806e+01
1.786656123212424916e+02,3.042748164399255018e+01
-1.788256705267328073e+02,9.376061779068670887e+00
1.748974265297889872e+02,1.719788187387350575e+01
-1.772585101020717389e+02,2.222878678736127611e+01
1.759219841003266822e+02,3.133510725298277322e+01
1.789958077060841219e+02,3.079859619265954862e+01
1.741628874110707841e+02,2.753389619873107463e+01
-1.788310292122430099e+02,1.616868097879286381e+01
1.797161780400130056e+02,1.556457151625573232e+01
-1.691249455239294548e+02,1.077950995444763116e+01
-1.496515387460624140e+02,1.325370641724388321e+01
1.643780310914847291e+02,1.054377946053797288e+01
1.228242733437725605e+02,1.842769177270438163e+01
-1.784094359170908888e+02,1.821049331466706889e+01
-1.548886634606433290e+02,2.362058362879861662e+01
1.606245128329671843e+02,3.302926532803593318e+01
1.783533093132137139e+02,2.611491254552463559e+01
1.777910799594780826e+02,2.738807446694123016e+01
-1.741754634583275276e+02,1.158325532394795054e+01
1.665551283238874589e+02,1.809261285364157956e+01
7.521576517685950591e+01,2.484014089019272831e+01
6.969353633515838453e+01,1.828979802534378507e+01
7.178800534054742855e+01,2.149929880378023483e+01
7.285615016802128707e+01,2.331285175414147304e+01
6.870815018823110165e+01,3.224308148188083578e+01
5.904930500212792310e+01,1.664138481908775447e+01
7.424012578444656185e+01,3.024988770224917545e+01
5.577748659587180668e+01,2.358465513965278149e+01
8.204071824452783801e+01,2.468574571926261996e+01
6.792107840381774508e+01,2.754494272568225099e+01
1.702398177150958816e+02,2.437455400169312014e+01
1.724807040141922414e+02,3.030508828698055623e+01
-1.698952865763161810e+02,2.871687987468175507e+01
-1.560082625705154271e+02,2.063584224926808730e+01
1.665824040083317357e+02,2.014347479270206875e+01
1.795992807922530687e+02,2.870269041838632518e+01
-1.795307653461766506e+02,1.332374193961387121e+01
1.755560591308595804e+02,2.721035251439366220e+01
-1.682742319306410366e+02,2.019541093666629195e+01
-1.702258295975431110e+02,1.538417996097397022e+01
-6.180868109624377382e+01,1.869549520346123117e+01
-4.843294670919657108e+01,3.742582220795472381e+01
-5.611386776376956220e+01,2.524654565546859430e+01
-5.985829625217623118e+01,2.186047824886259860e+01
-3.766983585162285664e+01,4.608550301347791844e+01
-8.194165260000822570e+01,1.473580826671456023e+01
-7.208294280190821723e+01,2.175391904272178678e+01
-7.084743997499603552e+01,1.061924765299734474e+01
-8.435163923209920256e+01,2.169239826155116191e+01
-5.295233400880364627e+01,2.759705998553861406e+01
-1.628235712067380234e+02,4.289273938493606408e+01
1.667480500077785166e+02,3.153705350381543582e+01
-1.649445886558259815e+02,2.911734722896705918e+01
-1.742958210157680696e+02,2.421865609809091779e+01
-1.773886631651467667e+02,2.626651948769821132e+01
-1.691453440748265962e+02,2.261702981414256897e+01
1.503387151211967989e+02,4.612782246758954585e+01
-1.573032107064418312e+02,3.101458023848526935e+01
-1.625178717649524174e+02,3.135702165154027199e+01
1.481613644949682111e+02,2.675122852627410452e+01
-1.777778539935081881e+02,8.390294364476273969e+00
-1.253105464139042908e+02,3.089256685097971200e+01
-1.218863655155004579e+02,2.064854145082623660e+01
1.765200865980930018e+02,3.673342914479470522e+01
1.486842400933187776e+02,3.097496250522490158e+01
-1.572189301487440503e+02,3.091448215173316783e+01
-1.491239564522169303e+02,2.532227411657610716e+01
1.552393212051287605e+02,3.039733063241563116e+01
1.501395192354312655e+02,3.434479853818653794e+01
-1.655177995176429135e+02,3.306275423244468925e+01
-1.693186292780865472e+02,1.749666752212033316e+01
-1.623064379218969293e+02,2.086189373216372189e+01
1.603108736985992948e+02,1.522198553301512014e+01
1.752694647030572810e+02,1.575814499893665044e+01
-1.658437634953406246e+02,2.146379018344214984e+01
-1.791765435196315934e+02,2.748618324216894138e+01
1.759695617984406226e+02,1.480078740767385170e+01
-1.772403869689399585e+02,1.966807810751669905e+01
1.798905067505230591e+02,1.614222092494589944e+01
1.749021445452946182e+02,2.037097662967173051e+01
-1.752408062452330455e+02,1.661020903892401179e+01
1.739405405995085232e+02,2.526542068132479102e+01
1.718035514896442919e+02,1.379004045282104407e+01
-1.705987833864966774e+02,1.898127993739456443e+01
1.771656005042070490e+02,7.905753943423665220e+00
1.661428880034246163e+02,1.980558405385701448e+01
-1.657247335676296984e+02,1.014526732442713097e+01
1.708751287252137843e+02,1.767281744967555568e+01
1.679874867905680560e+02,1.550643619578618626e+01
-1.676494612691107022e+02,1.948187322341681593e+01
1.572344943887050874e+02,1.353961541536128621e+01
-1.598301862964147233e+02,9.569378992679004270e+00
1.504388275257070973e+02,1.750691655604006414e+01
-1.672444795476301636e+02,1.466851584417596399e+01
1.660610257569981911e+02,1.003718782872713433e+01
-1.727924440422105761e+02,2.145587154238400274e+01
1.690024560442796826e+02,1.049412177471337770e+01
-1.585063618127404652e+02,1.995716806451619618e+01
1.588298056709928687e+02,2.173035263196987898e+01
-1.581736969445124998e+02,2.541738918448885443e+01
1.636898256751869383e+02,3.225327139397100495e+01
-1.766330254691955304e+02,1.468181398539472760e+01
1.743900810550488529e+02,1.970932437314485597e+01
1.780336716988275896e+02,1.689159820203511586e+01
1.795995508738808439e+02,8.829067776992930661e+00
-1.630537494825245517e+02,2.303495913772228221e+01
1.623119031193692194e+02,1.494456100540028665e+01
-1.728797017212609433e+02,1.724424326506213134e+01
-1.695768413705312980e+02,1.232855758951552971e+01
1.795144060234586334e+02,1.350413174138962802e+01
1.502170252970575746e+02,2.305906499792115483e+01
-1.476656074219189918e+02,1.877565156502171106e+01
1.728278777428291164e+02,2.126958521453259721e+01
1.711883265861910388e+02,2.388538731062386944e+01
-1.773149949027428818e+02,7.378378872960221102e+00
1.783220049531107634e+02,2.515411455089844139e+01
-1.709845453023745563e+02,8.524773064286009117e+00
1.687803766369108587e+02,2.825127883992011135e+01
-1.747236161092444036e+02,1.785882384926786060e+01
1.712066317446834205e+02,3.458562457172638460e+01
-1.530129588020530207e+02,2.004346792963205814e+01
1.560102720207348455e+02,1.907694095890202135e+01
1.751414993656565002e+02,1.205619357521861978e+01
1.749361337319934080e+02,1.287645460189912860e+01
1.786244045675069572e+02,4.725158751335925444e+00
-1.558001607252162444e+02,2.534579458082357917e+01
1.601101907340594437e+02,2.731839181907009362e+01
-1.779884310809745784e+02,1.854308831656287637e+01
-1.551585976736286625e+02,2.149943668516222317e+01
1.730081558378041962e+02,2.659153194205695314e+01
-3.952560516326335005e+01,1.863986903219660363e+01
-7.237708089864952399e+01,1.463532448630526694e+01
-7.123340739442980407e+01,2.301817398371533585e+01
-5.772148576372705975e+01,1.523293437640443315e+01
-7.487732664136134986e+01,2.519885475863220847e+01
-5.061004842420837946e+01,1.736246014360381196e+01
-7.920694813898627729e+01,1.414072648799039200e+01
-5.716483973940844976e+01,2.806660191402307802e+01
-7.645728456582702393e+01,1.967431217017070111e+01
-4.795899181314464244e+01,2.693914091517005716e+01
1.606979518881668980e+02,2.428146009199665301e+01
-1.607916629839198208e+02,2.058816343535018234e+01
1.732493845024707468e+02,1.796892072722366507e+01
1.531009739113677028e+02,3.747259442957697217e+01
-1.719187536648767320e+02,3.435109130388677556e+01
1.658554745683415774e+02,2.103785367342353751e+01
-1.793942381273400883e+02,1.580975814129895696e+01
1.775416620757283681e+02,1.638742457859537183e+01
1.718872474997605480e+02,2.307119224093982623e+01
1.637229809954147868e+02,2.096605589843327522e+01
-1.522125392396154098e+02,2.362608248609343420e+01
1.738395121253040259e+02,2.219302947994026454e+01
-1.704253943175624215e+02,2.671950078560203679e+01
-1.597936078931641646e+02,3.158323673537022458e+01
1.605833297397707042e+02,1.922927144856566173e+01
-1.716932744438800569e+02,1.714602509117565532e+01
1.597137210557084757e+02,2.778349934032614854e+01
-1.780937992747917349e+02,2.636605838722411477e+01
-1.734611467228697279e+02,2.325009575696360642e+01
1.566077695183571450e+02,2.269051886612196967e+01
-2.082795116575134742e+01,3.607005921517037450e+01
-7.173239845635765732e+01,1.596457411331503451e+01
-1.151630925956433913e+02,2.477232734379115087e+01
-1.052360763633681557e+02,3.813128085600230577e+01
-1.230193058198778999e+02,2.303627404968001002e+01
-1.519333758138980670e+02,3.169021764255577267e+01
1.764228397183184711e+02,1.961445158680379564e+01
-1.706172880518656427e+02,2.230355240450085574e+01
-1.442718664459422655e+02,2.789573019366109818e+01
-1.290450847046577110e+02,2.659560793305668369e+01
-6.264028458369585195e+01,1.886144532256824391e+01
-8.140321295158258863e+01,1.537738365264056739e+01
-3.491357940237121937e+01,2.035632472627760592e+01
-7.818270724165772378e+01,2.693370427190360772e+01
-6.224638326475815830e+01,3.213283834782186688e+01
-7.188762645828450104e+01,2.816533326234095469e+01
-3.806015486959451266e+01,3.537051806304289414e+01
-9.543691393764700592e+01,3.486628328078983685e+01
-5.884300193174233584e+01,3.942667713521434081e+01
-9.167629861193991303e+01,3.536350389012110185e+01
-5.384139510492350666e+01,2.093660613837338502e+01
-6.966300920125721063e+01,3.313162933476982630e+01
-5.346013248414963925e+01,2.789026173363065197e+01
-9.275382182340936765e+01,3.723885189176652233e+01
-5.981442941074441677e+01,3.076498601895615792e+01
-6.400104875776972335e+01,1.944778122820046562e+01
-5.759485006160824128e+01,2.869093672269791995e+01
-9.082465023674502902e+01,2.902315107394647598e+01
-5.900003388047901609e+01,3.170259646478647397e+01
-8.124162521600629816e+01,3.041487916991325235e+01
-1.701457312492472056e+02,1.696139517846215128e+01
-1.709289907938957924e+02,1.657429677826517533e+01
1.684553285900134085e+02,2.232452917773810697e+01
-1.792688118419178522e+02,9.862597999466983012e+00
1.791134547638289121e+02,6.127973759486610383e+00
1.741002524584885975e+02,1.510782878230319426e+01
-1.792919061838763355e+02,1.735833439912122245e+01
-1.665885549600872650e+02,7.726545213416841307e+00
1.751388407296149126e+02,1.483569673367310671e+01
1.608670144164968576e+02,2.176705171363067493e+01
-6.141007425725486257e+01,1.651017735983111479e+01
-8.686447821912911138e+01,3.240653576378057465e+01
-4.004499482236509778e+01,2.135679096915736963e+01
-6.393348587374690339e+01,2.997325136316071337e+01
-8.037324461937255649e+01,2.610704572426843129e+01
-6.463762355744148635e+01,1.847646683261660883e+01
-3.885687735477825555e+01,2.625886057249170591e+01
-8.409389518074226544e+01,2.431242546444051911e+01
-6.194710211073693529e+01,3.283418903551861945e+01
-6.436567336560375452e+01,2.813898309173820422e+01
-1.692254164078142651e+02,2.062205992521764841e+01
-1.673037169742661661e+02,1.225490604702071273e+01
1.582523422313965682e+02,2.951951910555439085e+01
-1.749334288581029000e+02,1.429408202474088085e+01
-1.185903885955177088e+02,2.489463824040328177e+01
-2.892666154901176156e+01,1.751727666613113144e+01
-4.274186182410780077e+01,2.113737799150336016e+01
-1.627029615773201670e+02,1.905117182122165786e+01
1.293447674616993197e+02,2.565701378496668639e+01
-1.747280043342807119e+02,2.292487490024844377e+01
-1.783053814450401831e+02,2.285613340502091262e+01
-1.745629989532939703e+02,2.420204867417283268e+01
1.683693237629724138e+02,2.609895922209207342e+01
-1.656391123403642780e+02,1.740390891090083869e+01
1.778574480160044970e+02,1.336907652076980391e+01
1.776276731464828913e+02,2.171695682546435791e+01
1.763404818122988047e+02,2.295452380825233973e+01
-1.580472414763881943e+02,3.199753298328587192e+01
1.229809349600923554e+02,4.255161535813309115e+01
7.673645058805932706e+01,2.569419915022092127e+01
6.908251062020377731e+01,1.311925223193448531e+01
4.545109139466492820e+01,1.577331080841607758e+01
7.923052796562220124e+01,1.916431958532132995e+01
5.202565819212689036e+01,1.251614038055308953e+01
6.678281126227140874e+01,2.221096570544592907e+01
5.687824410845955470e+01,1.912364920588894179e+01
7.214993226006882310e+01,3.336018138966703361e+01
7.612860018954376073e+01,3.453788473663773573e+01
4.920741982208753029e+01,3.000143834796668685e+01
8.409329840413261081e+01,1.687359262622164380e+01
6.985553689245436715e+01,1.307085794827768055e+01
6.608997892412328667e+01,1.791629612698035601e+01
6.865423064432172851e+01,1.283765074176732668e+01
8.770913154827482572e+01,2.981225092578900160e+01
7.138310411732447847e+01,3.221421203816816359e+01
7.156356042108265569e+01,2.667468618940438319e+01
6.665362993204162478e+01,2.034391456033809931e+01
1.134976704759820976e+01,3.974820367172806357e+01
6.308075143232931481e+01,2.763718522246275455e+01
7.394360533862011664e+01,2.760250499276951786e+01
-1.601296406236378971e+02,1.815891934101132676e+01
1.447951955048378636e+02,1.699406755665559388e+01
-1.656515530523694508e+02,1.787888517594777227e+01
1.657877965462863870e+02,2.158845588332119902e+01
-1.707681433949177006e+02,3.011933285065458676e+01
1.744353336016565947e+02,1.516276401452880052e+01
-1.738530283571430459e+02,2.880856791133992090e+01
1.677634581191187522e+02,1.662202359194429135e+01
-1.723351777433101972e+02,2.893022082734967881e+01
1.524940488480212650e+02,3.845855090842432844e+01
-1.643941966539901216e+02,2.469910243596484278e+01
1.740283469360857111e+02,1.391620682879713655e+01
1.760459271294488133e+02,1.238743806162752392e+01
-1.715901681147110196e+02,3.462760008817731272e+00
1.708006309959684188e+02,1.081608206133463668e+01
-1.700917904592181458e+02,1.919598360928295122e+01
-1.686044407390230049e+02,1.529353439567757178e+01
1.294098825284519023e+02,3.131781147302132240e+01
1.347903797860260227e+02,2.749853221040044815e+01
-1.569971633398707240e+02,3.130881280041454673e+01
-1.549549371413320955e+02,4.260844383511923184e+01
-1.702518023403230245e+02,2.659623510285883086e+01
1.522385579888486689e+02,2.609987154954190913e+01
-1.670023524187906503e+02,2.289097097082449750e+01
1.755816373608564902e+02,2.216701107236582402e+01
1.614716853574505251e+02,1.916954864619531662e+01
-1.709922413292502767e+02,3.421825823689700030e+01
-1.594816879112950971e+02,3.199316277343898207e+01
1.682279284758194535e+02,1.101749840266342595e+01
1.587465282178295922e+02,1.910876196689252993e+01
7.863618462102064655e+01,2.062278915203835794e+01
2.646468222361199096e+01,2.532055087326082798e+01
9.375854714528821887e+01,2.495486529142453946e+01
6.984710319434836379e+01,2.932560147866693967e+01
6.172522296895700578e+01,1.568964903996876359e+01
7.620387309193010594e+01,2.164992453195955946e+01
5.975744064995290472e+01,1.072949492406476679e+01
7.650956270872725895e+01,1.899645857371041657e+01
5.951105707062278327e+01,2.774078818236779043e+01
5.144073558412554803e+01,4.864235448287584518e+01
-1.501698488765186141e+02,1.784660611665279717e+01
-1.749455879778888061e+02,3.090941962058229109e+01
1.633110849549410943e+02,3.803898987594840264e+01
1.683431187599899204e+02,2.921071778376985151e+01
-1.720914364516335695e+02,2.523218534332563223e+01
1.713332479339175052e+02,1.575050560236795860e+01
1.790385366349589447e+02,2.039783415591180926e+01
1.767553293821125351e+02,3.560212441648769754e+01
-1.686290309436333246e+02,4.225911258661440684e+01
1.741596614159580554e+02,3.103550565704476938e+01
-7.452301184541961732e+01,1.885906374392659046e+01
-6.847414752027214035e+01,1.094334543138157656e+01
-4.528972740697757615e+01,1.033211289664327026e+01
-8.623195355464144995e+01,2.410200311279101726e+01
-3.614543329126762927e+01,1.503880016575438638e+01
-5.369718311866119365e+01,1.759379479741427943e+01
-6.297033972376168265e+01,1.718614243480261905e+01
-6.377712394233095949e+01,2.100953030257535303e+01
-7.599684347758325487e+01,1.002101758492976913e+01
-5.990621433463226708e+01,1.094194967456291678e+01
1.688830585809108129e+02,2.653612257646173589e+01
1.761481931555192944e+02,5.258825361785576469e+00
-1.719000229637539405e+02,2.172316301793163618e+01
1.691428043899014710e+02,1.208942485701828495e+01
1.759152064034364287e+02,1.350196831841257072e+01
-1.560728663485121785e+02,1.927988713931982190e+01
1.630322602661387350e+02,1.291386568185929740e+01
-1.793647103816529977e+02,1.267795289756466914e+01
-1.601968608667100398e+02,2.066076606849240704e+01
1.613836099182824455e+02,2.247288778651370222e+01
8.548552250805310848e+01,4.953223719581256290e+01
8.431210678578794671e+01,4.176704589628345587e+01
5.393780911379448639e+01,2.644851229249147551e+01
8.082650936080169402e+01,2.399479560446833304e+01
4.788351543450678349e+01,3.861103870385156256e+01
1.067132879681951607e+02,4.026754761804593130e+01
1.200590454028056797e+02,2.872861925008024997e+01
-1.668855007264889991e+02,3.636358780991997719e+01
-1.326322351202505274e+02,2.306709129173837880e+01
1.496236410066071016e+02,3.543433620850464649e+01
-1.798334545566966085e+02,1.326051870088953422e+01
-1.717651954351063921e+02,7.837714937092142620e+00
1.661497153512865737e+02,2.234492048255533092e+01
-1.747923632130186036e+02,1.791752029997778450e+01
1.764949970500640575e+02,2.943530298574755477e+01
-1.736778704612801221e+02,3.376808265126881281e+01
-1.778642985472768032e+02,1.976765565863114915e+01
-1.711031716679331964e+02,2.300119868730822503e+01
1.659827365573019335e+02,5.972182211349995384e+00
-1.626008054900785282e+02,1.796411667339479834e+01
1.723009958716301355e+02,1.719897258235706872e+01
-1.784044980489667864e+02,1.837506720933011906e+01
1.686830185025164894e+02,1.528827262479380167e+01
1.695582357833857259e+02,1.961955411124838378e+01
-1.634962225536667120e+02,1.319991399369695628e+01
1.579431371029792786e+02,1.751698272726663319e+01
1.763533789114772787e+02,1.668871167984413972e+01
-1.698016714758512364e+02,9.361544675305726315e+00
1.589473477608051724e+02,1.208641725374347509e+01
1.716797422070189043e+02,9.708934133492205021e+00
-5.883498553611985216e+01,2.255194305059096749e+01
-7.567544769207881927e+01,1.718513465503425408e+01
-5.721491124708748544e+01,2.104160802611825432e+01
-7.284032696273737884e+01,1.324461255798392045e+01
-9.428306244529125024e+01,2.269893823114291109e+01
-7.891863611124978206e+01,2.482666903793161239e+01
-5.562247115121711261e+01,2.094251783861136929e+01
-8.027425291134515817e+01,1.880182238027128605e+01
-1.003843893192915431e+02,2.888093027211147046e+01
-5.353899368845362972e+01,1.804368027812542508e+01
-1.713325252171171087e+02,1.476512943692186042e+01
1.696494896190693851e+02,1.158455182968057784e+01
-1.612307676104964003e+02,1.317623289710654788e+01
1.686217715878251227e+02,1.190577832422797044e+01
-1.760392297132743806e+02,1.408905008792955904e+01
1.678310519002476724e+02,1.462155571983571889e+01
1.791921038718902537e+02,1.703575724123458812e+01
1.725571186839233349e+02,1.119780697525650304e+01
1.736229191837958012e+02,2.234374187437710901e+01
-1.797898972786171043e+02,8.291711071084780116e+00
1.611312995491308868e+02,2.682319741545751413e+01
-1.735632702757189350e+02,1.905692786616350176e+01
1.682748094798342606e+02,1.977369529121041936e+01
1.750737649290200295e+02,1.837026427349581326e+01
-1.767344184368965330e+02,1.460588467226187248e+01
1.712431631272089305e+02,1.863989342564993734e+01
1.792503693934285138e+02,3.605075351300708064e+01
1.739767261856127902e+02,2.084062149042652123e+01
1.740838886168638453e+02,2.485453427687668437e+01
1.759837751060639448e+02,1.415732483957895482e+01
-1.376378540488066164e+02,3.235208585298865103e+01
7.970909638294008914e+01,2.252885415217827259e+01
1.223130730240795394e+01,3.534066099434737396e+01
-7.918946194352783152e+01,3.021030449810162466e+01
-9.428979720143385634e+01,1.693131412372971667e+01
-3.290751059106285226e+01,3.395119251560944207e+01
-9.491099640566093854e+01,4.133706272640968393e+01
-1.456613400326046417e+02,2.679297771565216379e+01
1.443469964176182998e+02,2.841307150095064316e+01
1.387882927385122684e+02,3.124135220391050183e+01
1.472259194993930294e+02,3.316450736163267976e+01
-1.742312228446730842e+02,8.066825335314458556e+00
-1.550710608855626447e+02,2.786710899007081821e+01
1.432754223349508322e+02,2.043735814980631105e+01
1.305773395355804496e+02,3.170920445903202278e+01
-1.706966318522244137e+02,2.580496837688698974e+01
-1.630382297007466263e+02,2.463458447758968717e+01
1.389897575124494438e+02,3.118281220875980253e+01
-1.556275053506996642e+02,3.714965764169889439e+01
1.510390026559070691e+02,2.552030921339930813e+01
1.516392202991306704e+02,3.207664567275371326e+01
-1.785653534179928386e+02,3.110489355627329289e+01
1.566621841575955614e+02,2.811777886575985619e+01
1.721398979561644467e+02,1.496662671190109961e+01
-1.797485522088424261e+02,2.759189172264597190e+01
1.740617810367507445e+02,3.038154356443915560e+01
-1.739963214123668820e+02,2.052147857477842408e+01
-1.721669960369429759e+02,1.934357187143080381e+01
1.502207960992446942e+02,3.098377933340439228e+01
1.661049673615678444e+02,2.401318030117341351e+01
-1.556181705724948472e+02,1.442018659692582006e+01
1.701587249577150942e+02,7.505928358747313567e+00
-1.771837249749227681e+02,1.951213963564325127e+01
1.714547414436100894e+02,1.666079400072378291e+01
-1.632338148987374211e+02,1.248788055149519494e+01
1.624578146128467324e+02,1.703163265795339854e+01
-1.641310074556205052e+02,1.396243377005459685e+01
1.784837230753081485e+02,1.383688105094519294e+01
-1.787449103476287462e+02,1.733096758964954276e+01
-1.764130318736717129e+02,1.404290730837860757e+01
-1.782947835612289680e+02,5.982183064443066023e+00
1.744353819570267774e+02,6.564721366979775041e+00
-1.673265797172178111e+02,7.069863541318689215e+00
1.745055833860488121e+02,9.008923209321531900e+00
1.799114897073834527e+02,5.375070467974469857e+00
-1.525106317959391049e+02,1.607198533227694526e+01
1.661560795106965998e+02,2.038640546472099402e+01
1.766528722964227711e+02,2.204129988420713460e+01
-1.795412366412961092e+02,1.997485784626515581e+01
-1.624612360255957810e+02,1.253856937299595131e+01
1.737149584546552887e+02,1.573731426664748767e+01
1.745443587917148136e+02,2.461529537713423110e+01
-1.785054145801862262e+02,2.016563505760483821e+01
1.787891894249369784e+02,1.412323561520508619e+01
1.750286861176327307e+02,1.687988504172552240e+01
1.651791045947422276e+02,1.691746341934568676e+01
-1.714644919914774164e+02,2.099926875949564220e+01
-1.718229733667157006e+02,2.513912123217620476e+01
1.575273154132925981e+02,1.560481727655742645e+01
-1.734724692288358483e+02,1.274438969095216834e+01
1.665682563836058705e+02,2.160303657942200317e+01
-1.640054045658594930e+02,2.108018896963967137e+01
1.734788807734432510e+02,1.995335187422842793e+01
1.600011174835166798e+02,2.234611555679784800e+01
-1.698055363062115930e+02,2.280315302427605673e+01
1.743795683490384079e+02,1.211710787238206066e+01
1.707510382677168650e+02,1.291863138764479935e+01
-1.683309320469831789e+02,2.117339316999634491e+01
1.669031746255901112e+02,2.440194438763576912e+01
1.791289195376412238e+02,1.433953266155890205e+01
-1.798555236824182657e+02,1.344328528021783420e+01
1.766362598006703877e+02,2.484712651995165800e+01
1.629448449107260899e+02,3.495988817400122173e+01
-1.763473414567449709e+02,2.021179228411888218e+01
1.742607104093027601e+02,1.265919449135328279e+01
1.763337740210248512e+02,1.766435900028710293e+01
-1.791013331080115734e+02,1.532593959508152892e+01
-1.783753417850632559e+02,1.424855493150755237e+01
1.797999450491832931e+02,2.133412334233902641e+01
-1.771489588896542955e+02,1.348859263269748432e+01
1.704229489817620333e+02,2.178649838106949588e+01
1.798103832951358356e+02,1.883226715155094411e+01
-1.722279690918557833e+02,1.321362281535384042e+01
1.644953905028810937e+02,1.860243342229207641e+01
-1.554517611454880921e+02,2.334481712515824725e+01
1.749205908151239441e+02,1.761609649052373072e+01
-1.632239139477297840e+02,3.150036477160927362e+01
1.363783110652718733e+02,2.015906930875836878e+01
6.183962248602676226e+01,2.667793056748858049e+01
4.348678032132804816e+01,3.730879995741768340e+01
-1.631476588982555711e+02,2.734198262719745287e+01
1.692534855577902988e+02,1.867872643366712282e+01
-1.510085882530944161e+02,2.344903915893110735e+01
1.627427527523556705e+02,2.257705062464406609e+01
8.405616158937833404e+01,1.854089617454933858e+01
3.134891442311571907e+01,3.495261501299045648e+01
1.093015617427606969e+02,1.923940582205545979e+01
-1.575038269571297462e+02,2.052169602231945333e+01
-1.608798659636560444e+02,3.192092140229310360e+01
1.766540400559975126e+02,3.549900823277174311e+01
1.587463898094973160e+02,2.503355025151476099e+01
8.313769755446492127e+01,2.495035042169099526e+01
3.892036030339482977e+01,2.728263611348126005e+01
8.526225860893545416e+01,2.353240734697596537e+01
1.418394814287585177e+02,3.252194308490963692e+01
-1.464841208468797049e+02,2.341760603972328170e+01
-5.231207163590175924e+01,2.300668448275872535e+01
-7.714222965164120183e+01,2.337950809823224319e+01
-5.807724735921586046e+01,2.305449904276668605e+01
-6.924494231972782643e+01,2.256293877700403883e+01
-1.768530228463995115e+02,3.038009229310221215e+01
1.620007388816214871e+02,3.350765741609396287e+01
1.300454550743554591e+02,3.414828707828112186e+01
1.663546258738522283e+02,9.150769507595644114e+00
-1.485481308926109989e+02,2.489350830105708212e+01
1.444855677144684591e+02,2.152626451352024617e+01
-1.788957057806357795e+02,1.772087097290882696e+01
-1.722868159930525565e+02,1.893099913118521727e+01
-1.795825130294861083e+02,2.903251330398861896e+01
1.676422178672493146e+02,2.404411928689010836e+01
-1.747862527173376463e+02,1.641067984903964216e+01
1.752419517594995853e+02,1.378665016893425488e+01
-1.789454926371791146e+02,1.277176901204860471e+01
1.617223197436622968e+02,2.739783757551315801e+01
-1.555427106324277702e+02,3.662486663536853371e+01
1.630340530695894756e+02,1.412836638916374099e+01
-1.781402248056090514e+02,1.768684306850383336e+01
-1.762246886560749317e+02,1.899545454603774175e+01
1.709527214755273405e+02,2.357278863671520241e+01
-1.771318728037121275e+02,1.676653436977292699e+01
1.519854184354001063e+02,1.457185146236249551e+01
-1.657043645780082670e+02,2.137416998135011070e+01
-1.635502748958358268e+02,1.879143274833552013e+01
1.224247298740298788e+02,2.246322171692615655e+01
7.904440734258325563e+01,2.695151972519055761e+01
5.127826273495875142e+01,1.343236973901526810e+01
7.292156772327908243e+01,2.344898721824851506e+01
8.750569529193410290e+01,2.577830076978787233e+01
8.775590006276433996e+01,1.882762025037960285e+01
4.827988372204715262e+01,2.373261298312597845e+01
-1.668881447939823488e+02,2.232780063390809389e+01
-1.269543010017293341e+02,2.635640929041033331e+01
-9.494780903208238954e+01,1.422913200771679243e+01
-5.855051738785871152e+01,1.916232185509560182e+01
-8.616996074903829594e+01,1.666115580593518075e+01
-7.765948208394559060e+01,1.934350187262716858e+01
-2.773891492453165597e+01,2.991168035905581490e+01
-9.096601638642228238e+01,2.386134202332255683e+01
-9.203931363695411960e+01,1.880002297721480531e+01
-3.723638497600106945e+01,9.896982906015663772e+00
-1.664915282692958840e+02,2.587924617605811761e+01
1.423650553972475166e+02,3.062363109896123348e+01
1.374120451144975732e+02,3.778285232850601005e+01
-1.627387816090504771e+02,2.378121743205626615e+01
-1.580803134867954043e+02,3.020390510133460538e+01
1.484820177039630664e+02,2.113792750585396618e+01
1.795034262127127249e+02,2.450619696690021598e+01
-1.678270516089531839e+02,9.385228743065965773e+00
-1.661853345197878014e+02,2.793886846242336475e+01
1.691066967183624286e+02,1.954851362374471080e+01
5.501761905988622914e+01,2.887752815315879218e+01
6.303561840285951234e+01,3.161512731298610746e+01
7.673323983331161457e+01,3.069349321238187400e+01
7.963434603747744234e+01,4.285549585199501621e+01
7.371392656406469257e+01,2.694044823360658825e+01
6.730532761897727312e+01,3.685639097128115793e+01
5.204248211990376660e+01,3.764835906938630217e+01
9.500732614373885099e+01,3.353594948743335635e+01
9.261315457268391071e+01,4.193959610535944194e+01
4.871862587644560705e+01,4.281638114134315742e+01
-7.589266868584223857e+01,2.083874207010522639e+01
-4.897392006052507440e+01,2.569578602638522824e+01
-4.308753811699286018e+01,2.344964457439170502e+01
-7.180382350568723382e+01,2.778693467791273619e+01
-6.527642746083259340e+01,1.730321278851415201e+01
-7.745183149701935577e+01,2.907749038377706086e+01
-5.370032587025233539e+01,1.387492295596860536e+01
-8.645311011257501832e+01,1.822952147687925617e+01
-4.721496436131622687e+01,1.527714110752084409e+01
-6.253654319427754871e+01,7.521224320368496308e+00
-1.737605443850408449e+02,2.095732693564610116e+01
-1.793326971103339815e+02,1.393055694799559596e+01
1.751334202376232838e+02,1.366828716606092087e+01
-1.611050342867939946e+02,2.540801870841135113e+01
1.549623329212404599e+02,2.899537653977541396e+01
1.624416470348365067e+02,1.523030404738231525e+01
-1.541518674268306199e+02,1.667038913129673006e+01
1.754813641980248633e+02,1.400105985039062695e+01
1.797389421022831471e+02,1.631485584428352809e+01
-1.645250344550628654e+02,1.594567954501313878e+01
6.327528780821374710e+01,2.578328664438044271e+01
3.513036301264975236e+01,2.223917497764602302e+01
7.746432759436316928e+01,2.727179170309994305e+01
1.748077805789455397e+01,3.761980033294128134e+01
-8.331294391453717196e+00,2.979522676369774814e+01
-1.176844197733070416e+02,2.448383536120051573e+01
-1.632168258742071600e+02,1.499451521682628652e+01
1.440982150735572418e+02,2.136358084194723972e+01
1.307412530756339493e+02,4.218404299422384440e+01
1.596452079102299706e+02,5.112433303494714210e+01
-5.695013306695077659e+01,2.759255749753307185e+01
-5.444772822174368798e+01,2.051450522420625333e+01
-8.238619114536290056e+01,2.780099379200533960e+01
-4.571320045172916480e+01,2.575736160744626346e+01
-8.537229572460316263e+01,2.750987702994344630e+01
-6.665917890018286585e+01,1.888426883201854878e+01
-3.308922665013017905e+01,2.285889868866686925e+01
-1.067842375608230583e+02,2.027531726078934682e+01
-9.878590788276802925e+01,2.453494969317997487e+01
-2.141840707648797704e+01,3.024639101368539329e+01
-1.697914373870448514e+02,2.265719977503529847e+01
-1.772613514026755865e+02,2.245655527001168394e+01
1.615721854540846607e+02,2.524683521164619293e+01
1.750586540568266400e+02,1.862375502213270551e+01
-1.520078188071903753e+02,1.952157198017964390e+01
-1.754499425718115333e+02,1.498627141693967957e+01
1.699030066140773840e+02,2.945264864853389497e+01
-1.732459684136114220e+02,2.155200930100502887e+01
-1.716991410096050288e+02,2.722324950124801290e+01
-1.778078687665079087e+02,2.904404269695479712e+01
-9.741025389021244507e+01,2.696790351420980159e+01
1.648059663246970956e+02,1.637674591876650254e+01
1.579891215779240383e+02,2.730537704754343054e+01
-1.606769947460674359e+02,1.905525456350129687e+01
1.645549233080127749e+02,2.301949737798426909e+01
-1.745891649447135308e+02,1.452536381838696400e+01
-1.763674512455638137e+02,1.242099059016559259e+01
-1.688159705324658830e+02,1.180790114123614210e+01
1.759904079782368740e+02,2.247728405690872222e+01
1.712589689579905894e+02,2.727614279467842096e+01
-1.178476925970291234e+02,3.641121748780031453e+01
-3.363610451761721976e+01,2.457414529103872525e+01
-6.897882388440356749e+01,1.880961374436517630e+01
-1.238966069958098757e+02,2.864542625794071284e+01
1.758137416898075003e+02,1.480013851215027465e+01
1.465323716944756143e+02,3.147232488152511820e+01
-1.640498614933702584e+02,1.749267849867679914e+01
1.768206830365940903e+02,1.705601797275190989e+01
-1.678279210341202372e+02,1.316765039955459571e+01
1.522958468806259305e+02,1.398122980183953246e+01
1.766119547545920909e+02,1.377382973964160939e+01
1.770089928251316849e+02,1.541053669955436689e+01
1.593718083963712502e+02,1.756762223087144648e+01
-1.546593164175801007e+02,2.360167009358519152e+01
1.796104680506615239e+02,1.255279076473468436e+01
1.691177497338780142e+02,1.839530116804536419e+01
-1.491083332132634496e+02,1.621853707089196917e+01
-1.760559278087107771e+02,2.023749054651957380e+01
1.614060859299420940e+02,1.388829009004939685e+01
-1.753669291497364782e+02,1.341196763737237774e+01
-1.643873048060315796e+02,1.946876921390398607e+01
1.674115131330321731e+02,1.541233405037446857e+01
-1.797745859585675419e+02,1.861206483618920160e+01
1.664838575741552233e+02,1.729431812298686921e+01
-1.734204610551941812e+02,8.897793159253195583e+00
1.725664308286790174e+02,1.658421134061694246e+01
-1.645369842111643948e+02,8.193594412898383084e+00
1.745080065088795891e+02,1.096410975002445909e+01
1.525673843702250565e+02,1.384919418664823354e+01
-1.413820101144976888e+02,2.372747944348482108e+01
1.616227448323807323e+02,1.927940078585244166e+01
-1.700377773186917238e+02,1.766455259365423913e+01
-1.741617837013754411e+02,1.286745161892875799e+01
1.556491509923204148e+02,1.646957877038137497e+01
-1.708608559904327251e+02,1.207322116076550955e+01
-1.582967716372507141e+02,1.806845328629026426e+01
1.673303557178808205e+02,2.046572955157630247e+01
-1.722783722124456460e+02,2.245757725444919473e+01
1.792723764493507872e+02,2.647468587829883901e+01
-1.749819430172285024e+02,2.191646570964882201e+01
7.039661312484621192e+01,1.550102951217311187e+01
5.173333797528363931e+01,3.433862731264865431e+01
7.941417027099802795e+01,2.616407153487460846e+01
6.032157053860704110e+01,4.192177978393139171e+01
6.210106620839780334e+01,3.082999141117249309e+01
7.112185653433799359e+01,4.060202839829302945e+01
6.364204238781660194e+01,3.633211602065306778e+01
4.922821829853585740e+01,3.323185809956368786e+01
7.569731803418540039e+01,2.292604073016394040e+01
5.588713406679703155e+01,2.294180086586413125e+01
-6.758996534462238515e+01,2.925649682028871723e+01
-1.080796690776516726e+02,3.868199443598632570e+01
-6.104252796330155206e+01,2.182080351893806380e+01
-5.213003342931433792e+01,2.347253453019203917e+01
-8.102325142323235241e+01,3.779470684802733871e+01
-6.749096227460938735e+01,2.016753745911215034e+01
-5.185158031422028557e+01,1.825486503013406292e+01
-7.356855702856684331e+01,2.326230809391810794e+01
-6.396357695925920694e+01,1.583989679862047595e+01
-5.606133589415369300e+01,1.921416186759639544e+01
1.459874995050542452e+02,1.883571082862728474e+01
-1.579851013789152887e+02,2.294101743096148383e+01
-1.751814676259840837e+02,2.511581939406992703e+01
-1.636551540962039439e+02,2.324632206876430729e+01
1.653880393446148958e+02,1.452731472679219671e+01
1.631066330493007683e+02,2.457196487268524265e+01
-1.759342715475519583e+02,2.008418743826693387e+01
1.229816100036511841e+02,3.131195143414301185e+01
1.388814419325390190e+02,2.199490154580926315e+01
-1.602026087302907058e+02,2.107909504524174693e+01
6.865870683025482890e+01,1.215218211250003932e+01
4.468992414388598178e+01,2.357551289039314923e+01
8.097006080192223010e+01,3.114403693745530077e+01
9.339754615317959008e+01,2.352132812112955662e+01
6.644399064713931580e+01,1.958746127956307248e+01
5.718104232015434718e+01,2.983051484793331198e+01
8.399058799455468716e+01,1.681390627907380519e+01
7.128191433948791200e+01,2.083431675931023719e+01
4.560869368846380922e+01,2.368820595300018184e+01
9.485924811614027874e+01,3.452975688693648948e+01
-7.515615204303657038e+01,2.420240363932258987e+01
-5.706587640727423860e+01,2.602639293639044382e+01
-7.094833405369466561e+01,1.707937480542533137e+01
-5.201697215655206463e+01,1.084016741630667013e+01
-5.460811924280937291e+01,1.250401885885203868e+01
-6.487493954367560889e+01,2.945335778572267671e+01
-4.922899395265763189e+01,1.743688203993157515e+01
-6.726409793013993976e+01,1.411946121428378120e+01
-5.807839827540157529e+01,1.672822808940433603e+01
-5.563536592805114367e+01,1.728419345870673496e+01
-1.788434198516941649e+02,1.490006908441534783e+01
1.561681618673448213e+02,2.149662734808270059e+01
-1.606358415907502888e+02,2.570079894564357659e+01
-1.701879869717982956e+02,2.123517177960879110e+01
1.614056850083399297e+02,1.752246688302354016e+01
-1.702710078175407205e+02,2.409948989130326424e+01
-1.777745479108109521e+02,2.296572768889447858e+01
1.727062918137665122e+02,2.848000506705276891e+01
-1.705289988621165094e+02,2.142904418971417613e+01
1.717856015746075116e+02,2.206107357410247971e+01
-1.787540969498212746e+02,1.431026814361510091e+01
-1.678632973152382704e+02,1.810738538212455495e+01
1.714211039855527758e+02,9.641455006571383990e+00
1.782849443536720173e+02,1.895196185095354480e+01
1.792427414285136820e+02,5.740084852515930258e+00
-1.658396189719058498e+02,2.031273914283983473e+01
1.649363039987008790e+02,1.525922390409791340e+01
-1.752774596563528462e+02,1.053563557607994916e+01
1.773711837729852903e+02,1.108863986639138766e+01
-1.707352074556424384e+02,1.342957843736542145e+01
1.765438826901774405e+02,1.669864165302166725e+01
-1.797978634476265256e+02,1.591270420288567067e+01
-1.742590425547609527e+02,3.198611109853225543e+01
1.684456966564366382e+02,2.520300128060901912e+01
-1.684614325308296827e+02,2.030694202963872286e+01
-1.776292215631651175e+02,3.161310011618061111e+01
1.745183366188950913e+02,3.648756824076355088e+01
1.696807254851912603e+02,2.300026372344045811e+01
-1.552313154396647406e+02,1.187303501373408920e+01
1.632233543604212116e+02,1.601027401729773558e+01
1.652046587314117119e+02,2.178270604860844628e+01
-1.655667853493879420e+02,3.739759717980333420e+01
1.546436338603768093e+02,3.585974361029946067e+01
-1.652721435792608702e+02,3.097455061244088981e+01
1.690139167210501228e+02,3.225865528733435639e+01
-1.499049943695786453e+02,2.972503884031711152e+01
1.474647970593627520e+02,1.695042583270608816e+01
-1.657288735706024738e+02,3.575211191524905985e+01
1.726571838113520982e+02,3.324980581894191545e+01
-1.724702050820879435e+02,3.144550488125575427e+01
-1.718031394261175535e+02,2.335767472590448079e+01
1.691434538093264450e+02,2.078834882019405939e+01
-1.685620305695507852e+02,2.326498506843562808e+01
1.714969878778648251e+02,2.147950827242997107e+01
-1.620451211725883809e+02,8.030711102639383370e+00
1.568826850606369021e+02,2.170438274074568241e+01
-1.523053341946414037e+02,1.750472391643017289e+01
1.643820550895972303e+02,3.012790731300475500e+01
-1.640982686384225246e+02,1.451071402599790616e+01
-1.764090373952450364e+02,1.268360729907193196e+01
1.690227707223149878e+02,1.390861352527533690e+01
-1.618332623626741338e+02,1.761684202236650876e+01
1.660026535504999856e+02,2.326255872768412303e+01
1.798240341773413036e+02,2.539626751930675042e+01
-1.795287658585602628e+02,3.542395509874744164e+01
-1.678989596969088609e+02,2.413719131684646868e+01
1.519278202546997250e+02,2.195210074998957950e+01
-1.569871437938518852e+02,7.705135517208034912e+00
-1.228367226777833849e+02,3.066150312751013729e+01
-8.530675412048466910e+01,2.140846187551897728e+01
1.662393465056547370e+02,1.897881748601978558e+01
1.683619191218110984e+02,2.655692890736938949e+01
1.683645365474508253e+02,3.564821696314558608e+01
1.742401205379227349e+02,2.279740291856988321e+01
-1.713088272834560257e+02,3.668797897884561365e+01
-1.689931735384743661e+02,2.388407187820758892e+01
1.684402388810927107e+02,3.189924474316402581e+01
-1.765913992865548039e+02,1.086347205785008896e+01
-1.646475994328257570e+02,2.261690983727562099e+01
1.578367143753294783e+02,1.645173900895050068e+01
1.686304997477027996e+02,7.821810025093633101e+00
-1.553536801056670242e+02,1.575346814587661726e+01
1.738612910296839402e+02,1.374473650864741003e+01
1.796810623501399959e+02,1.919563507922918433e+01
-1.763025950439494522e+02,1.309466255146081970e+01
-1.795932961955348901e+02,2.009809290973174001e+01
1.667320950250578449e+02,1.599415927227782674e+01
-1.679875533193539638e+02,1.811490109051253938e+01
1.754618144200927361e+02,1.634905554581463605e+01
-1.742879514234198837e+02,1.210615810634413236e+01
-5.526994029348067272e+01,4.433506455341838404e+01
-1.026712527251502820e+02,4.495337931208409543e+01
1.677168598516803684e+02,2.932112316173029143e+01
1.417316844963173139e+02,3.901556871102715718e+01
-1.413211454761994332e+02,3.509372281879308986e+01
-9.319677479227470940e+01,4.081304731379437101e+01
-3.441934347568014374e+01,4.084701053123750114e+01
-6.169303300287303671e+01,2.171322025785777399e+01
-1.237354319017082105e+02,2.953239277146594333e+01
-1.308673369976590379e+02,3.030054362735618412e+01
1.691888336071311585e+02,2.219970986709362393e+01
-1.428698790209912772e+02,3.309137156432577598e+01
-1.759042444250378878e+02,1.150345998166718786e+01
1.592192209373556864e+02,2.821779841651111909e+01
-1.649409983934240245e+02,3.116088382408568336e+01
1.687233222401745820e+02,2.183923096242237705e+01
-1.630019961631284673e+02,3.430566244028988621e+01
1.587685295346171017e+02,2.506303671628534602e+01
-1.584607128702137970e+02,2.218042914599061532e+01
1.613272244616688340e+02,2.447312986600889673e+01
1.762421414857703610e+02,9.270487792250420966e+00
1.740858388572885076e+02,1.516720884322971941e+01
-1.660686421488028373e+02,5.922582014101292813e+00
1.685646632007310188e+02,6.428529177682724693e+00
-1.526079023359648374e+02,1.584498528472530055e+01
1.703755152617558792e+02,1.357504093517856880e+01
-1.765014906584842436e+02,1.080566027809679852e+01
1.682073487181008602e+02,1.214450283195775349e+01
-1.698340790566895180e+02,1.351899325926232720e+01
1.599745084932252155e+02,1.779962085035186092e+01
-1.607788369441301484e+02,1.714644983790481092e+01
-1.753133522454750448e+02,4.044302898352107434e+01
1.772879259042926776e+02,3.961502464736065576e+01
-1.755132241768212680e+02,5.527704708137710554e+01
1.641895227523452832e+02,3.985245770134324061e+01
1.674976090138332268e+02,3.984201344206430662e+01
-1.555598897076397975e+02,4.953971387330604870e+01
1.723422556201592499e+02,2.419004164733258477e+01
1.782325249466547916e+02,3.253509039628507082e+01
1.777868382083748315e+02,1.377668199268869742e+01
1.793772743631071762e+02,4.173087551522842631e+01
-1.650719381348599200e+02,1.697754349260013385e+01
1.666008051101377418e+02,4.639117245993556082e+01
-1.716176012805777020e+02,2.165662297222750254e+01
1.714608693952000920e+02,3.837912837572643809e+01
-1.609141512284889757e+02,3.647428777655719045e+01
1.783734906481496978e+02,6.577082419252112011e+00
1.662388267926644403e+02,2.511800407827944781e+01
-1.111465047105464663e+02,3.237581213692743631e+01
-4.874880823678777375e+01,3.824176056577819338e+01
7.998476458408195811e+01,3.204375173088170214e+01
3.620488369212161217e+01,4.551349571587903142e+01
9.151985730302796185e+01,2.437177873157607166e+01
8.248996726013601233e+01,3.671707172979990474e+01
5.866303312448884100e+01,2.627500452901340822e+01
5.582543833193052762e+01,2.335934422743136807e+01
6.618264234239654797e+01,2.480720354551821671e+01
5.158468542984286387e+01,1.886726664025590594e+01
8.229558810183891637e+01,2.399663949280196107e+01
7.140293718941016721e+01,2.508636403779424029e+01
4.860376199161057542e+01,3.005830536532756625e+01
7.185009544654280944e+01,1.451779881397262173e+01
6.216849002396071455e+01,3.851680823519723162e+01
5.501726183930604464e+01,3.623483867034469341e+01
7.875403517877481363e+01,3.583075032795661485e+01
5.535732877922477257e+01,3.495158527160289452e+01
8.748706244857055481e+01,3.293099825682683957e+01
8.470166498213627904e+01,4.059833978725130521e+01
4.949768914411090748e+01,2.759763260252103834e+01
7.666061847310996313e+01,4.216664627696725631e+01
8.511540351511239066e+01,2.656206595100410794e+01
6.858826174270116383e+01,2.040808249176523503e+01
5.960661374203227325e+01,3.216131396696435019e+01
9.496039353343824985e+01,3.464801790247679492e+01
9.454249141679372315e+01,3.676238243034202924e+01
1.233724903691270498e+02,3.138951445139487006e+01
-1.701659193306145710e+02,9.724825855248024453e+00
-1.289055977101781707e+02,2.695089064358769093e+01
-1.529030455153248624e+02,1.787743833136260463e+01
1.581623110492256217e+02,2.342771515708756169e+01
9.578903576365830475e+01,3.456087715973798424e+01
5.921013804809400227e+01,5.630813796010448868e+01
5.301289004158213203e+01,2.847237626619901363e+01
7.651378046384982667e+01,3.578464068982768254e+01
7.250244050474536550e+01,2.594567309861118787e+01
6.298521422142792403e+01,2.709379596930168077e+01
7.046273241685015876e+01,2.195730990051585252e+01
8.021469738165633601e+01,2.335889763710911993e+01
5.794079700724704907e+01,3.636287647434404846e+01
7.792268640760762821e+01,5.382121359523107174e+01
1.776206357833423795e+02,5.572130052823277779e+00
-1.781551095259036401e+02,6.420675093445898263e+00
1.769249059436988887e+02,1.270211906181392614e+01
1.784058755201883457e+02,1.504272027136335943e+01
-1.752081844043070760e+02,1.172409456266819561e+01
-1.783061468538576264e+02,9.864301242407291781e+00
-1.742348727977025931e+02,1.315184366030734786e+01
1.712798993875206577e+02,6.541853591842027527e+00
-1.663780085776092221e+02,1.900352252400873354e+01
1.699452453475962557e+02,9.316200456996284629e+00
1.748144799691327762e+02,1.137651575839686480e+01
-1.550645749865917935e+02,1.654716949883709987e+01
1.786959500968471559e+02,5.569366105088236374e+00
-1.791336790930030247e+02,1.812184106151126883e+01
-1.659311567422968210e+02,9.128141198037777571e+00
-1.787717893762053905e+02,2.290313875427183632e+01
1.724945423775315874e+02,1.999253639461258913e+01
-1.685609608010315128e+02,1.672562777154556102e+01
1.794381856225008107e+02,9.600322467013477024e+00
-1.675812214845032884e+02,1.955035460539381376e+01
-1.539730482141330299e+02,1.116927431686730898e+01
1.502357851467507999e+02,1.437743498990226954e+01
-1.578473895274597112e+02,7.272009124574099204e+00
1.722697750601568600e+02,8.500795812459504219e+00
1.784359927414143101e+02,8.877193253505680559e+00
1.714374806524102155e+02,1.301475635286952581e+01
-1.690558892693433393e+02,1.455639421057753324e+01
1.636438639654168981e+02,1.500404444642875390e+01
-1.713928053105403819e+02,1.108859146642636340e+01
1.720353481579217885e+02,3.535457975416183896e+00
1.703564361200933490e+02,3.067552082167771133e+01
-1.730067228903164676e+02,3.669494650247258249e+01
1.655321567380379406e+02,3.802629083807833155e+01
-1.704345759496958124e+02,2.582383304698395676e+01
-1.328770648433707038e+02,3.729491295366916859e+01
-1.098155565616229410e+02,3.406721149026550677e+01
-5.887185371077931961e+01,2.392702126939303042e+01
-5.395470916388877214e+01,8.961839770379651071e+00
-9.333439728389681989e+01,2.719766785820153743e+01
-4.089238611359330378e+01,1.923660091702754471e+01
1.645525255111489571e+02,1.451652034604576791e+01
1.714669617175216274e+02,1.272148288553153250e+01
-1.697122595397344469e+02,2.258705515417241116e+01
1.587131502842499344e+02,2.699559714202120020e+01
-1.690144700595499501e+02,4.194072935270378366e+01
1.743643684257542930e+02,2.013164179573514190e+01
1.746175466613411800e+02,2.366580082894743597e+01
-1.542071875989730074e+02,2.822159968816837150e+01
1.635341128468475063e+02,1.737725553634036402e+01
1.673860477943488547e+02,2.899221058474147839e+01
1.786737140169038298e+02,2.848859487325110251e+01
1.710089071983769884e+02,2.829755952718116419e+01
1.717021095605192897e+02,2.639001320480060642e+01
-1.572359641805767865e+02,3.094001327246233046e+01
1.561064371502064319e+02,1.336252347672637875e+01
-1.655918067596025764e+02,2.907929461382637726e+01
1.657873943632418161e+02,3.051676684751515012e+01
1.715378304820856386e+02,1.109645278659986189e+01
-1.597217625572483257e+02,2.102774555017198566e+01
1.632857803891987771e+02,1.706759957814526985e+01
-1.777799487648679246e+02,2.614664855281993283e+01
1.779004918470658367e+02,1.866445701630332366e+01
1.619237828347625907e+02,7.033961972187130485e+00
-1.654217666103994588e+02,1.106395540818883205e+01
1.681280198581869456e+02,2.402030633718636210e+01
-1.457590649189891678e+02,2.762498278674733143e+01
1.684407667065422913e+02,1.594463680997752419e+01
1.170648349364448819e+02,2.596013731690987569e+01
5.622894186777882197e+01,3.091718177177834548e+01
4.283715206997127467e+01,3.498086979536054741e+01
-4.768849727647674541e+01,2.024499289150906378e+01
-5.724596289774591185e+01,2.065586899234632057e+01
-6.258224771127707697e+01,2.063040056594646643e+01
-5.896342716569067477e+01,2.640168805530960228e+01
-6.242282887637587407e+01,2.263674458437284898e+01
-8.369151735968181072e+01,1.605315752896949277e+01
-4.757753844388295050e+01,3.171834670431381653e+01
-6.658057257721610256e+01,2.063266622521701521e+01
-6.060216996562550662e+01,1.866670924013465793e+01
-3.954236159049560229e+01,2.227911513972086155e+01
-1.739521401960638798e+02,1.916772547611797961e+01
1.755680744910153805e+02,1.400142305630902229e+01
1.722446522866088117e+02,1.602479149277925785e+01
-1.671008605631695616e+02,1.360698410549406390e+01
1.627828987478994236e+02,2.114081286305187035e+01
1.630228437222780826e+02,2.080210885927767706e+01
-1.503682223969319409e+02,1.846556814326390139e+01
1.516059443554502195e+02,1.891323200345596689e+01
-1.492780919873476364e+02,2.455192006608845290e+01
-1.325378364559421698e+02,2.109574951532199805e+01
-4.210788611906877321e+01,2.152395465772480776e+01
-8.104942640412474475e+01,3.077048759371740516e+01
-5.943790568488299186e+01,2.611255726019073364e+01
-7.461375450858602676e+01,9.803537541137014699e+00
-6.706883827970413847e+01,1.179998440248535729e+01
-4.041046278357588761e+01,2.745059066571682749e+01
-5.103866220102234053e+01,2.569072629013550468e+01
-6.561531337465103775e+01,3.347506614793779534e+01
-4.936499036054606648e+01,1.863944967029355126e+01
-8.652661062549084647e+01,2.100238009275798845e+01
-2.017295557939317874e+01,3.036066767152578194e+01
-7.481292761332713326e+01,2.509837765626398465e+01
-8.755058231005817504e+01,2.443960254266279009e+01
-4.298860455598777719e+01,3.261592507723231193e+01
-8.311162972260774495e+01,2.595699460853795770e+01
-6.977877211448509343e+01,2.785299004654144284e+01
-4.396700341221048802e+01,2.811344744214569502e+01
-7.576444236068054749e+01,4.572057617713918631e+01
-4.351405277077984834e+01,2.477146790775257301e+01
-6.556612202785044019e+01,2.945685317467077979e+01
-7.741077488764511827e+01,1.861072508419700711e+01
-5.120217427147772327e+01,1.972129643504129604e+01
-8.192894571348536203e+01,3.532908228998461198e+01
-5.845814293349467761e+01,1.006524312906068808e+01
-6.963186178616767563e+01,2.864323077458890054e+01
-7.773997978268876352e+01,1.097682547746110693e+01
-6.994043094478959688e+01,3.223089120386635642e+01
-7.302515783610230926e+01,1.408002513564618141e+01
-8.098868097981510061e+01,3.349800222187174370e+01
-6.533191417241988574e+01,2.123581839099038504e+01
1.756256473293780971e+02,3.310090912444189115e+01
-1.777934301509426689e+02,3.088847353077423108e+01
-1.687318614313954868e+02,1.333837036689051914e+01
-1.471845352359349874e+02,2.888742529408192894e+01
-1.646380375893942016e+02,3.697270139692849966e+01
1.519160597976197948e+02,2.305947851946074678e+01
8.743487162909913479e+01,3.247478249629986635e+01
4.077149092281997156e+01,3.867376157289569250e+01
8.845407446091222425e+01,3.211363277619140888e+01
5.779528171019207861e+01,3.201542524202412210e+01
-1.794392753286636548e+02,1.228324010518494980e+01
-1.709513799571695074e+02,2.469574107437034627e+01
1.586632560536318692e+02,1.906399044688262023e+01
-1.679348828828029525e+02,2.336968239517557322e+01
1.778466569411845910e+02,2.116335099515088558e+01
1.590539979936272630e+02,1.596957975447708478e+01
-1.718881011236671270e+02,1.093900535050662448e+01
-1.742228898769854766e+02,2.283393013168200625e+01
1.761983245123997222e+02,2.322317473133335142e+01
1.707756662368958018e+02,1.956925410794531572e+01
-7.197608507836446279e+01,1.604354737977953249e+01
-7.217799454227649392e+01,2.343974326249069051e+01
-6.158890006967369146e+01,1.691397078520230224e+01
-4.612037417476297207e+01,2.578742218550548770e+01
-8.386084768302235659e+01,2.275230823185005846e+01
-5.141811218269252493e+01,2.378952705863686390e+01
-6.119715803926385433e+01,1.661123357753592700e+01
-5.220012513959420630e+01,1.936316224898445526e+01
-7.752235867157899918e+01,1.178685408510724031e+01
-6.566823120602036568e+01,1.694915611355745710e+01
9.352129872447248715e+01,3.618302573752346518e+01
6.735050117292431082e+01,1.445181576968698778e+01
8.241895512112459699e+01,2.041494427503135967e+01
7.384101278217578113e+01,4.439852051737200611e+01
4.774475957547875282e+01,3.411978419654624872e+01
8.728911393721450906e+01,1.583340845328987712e+01
4.740944044619636344e+01,1.627677380394342066e+01
6.339526529853101522e+01,1.040058841748284202e+01
9.040809593657918697e+01,2.645222776892198979e+01
4.808936732612182396e+01,2.148567416932802132e+01
1.627744761115553729e+02,1.540866427966278351e+01
-1.465807265077953048e+02,3.033884491338630340e+01
1.713470791364575518e+02,1.626473738271916147e+01
1.539175879444482860e+02,2.226403950603905812e+01
-1.649333075261215527e+02,1.560528209306377079e+01
-1.749096115984283699e+02,2.540240583506865946e+01
1.735203345632953642e+02,3.252989608176677194e+01
1.763739789600307120e+02,1.593276998549277934e+01
-1.756994994016341707e+02,2.113454401427160434e+01
1.785813899503552875e+02,2.412293498858779373e+01
-6.834854543294690643e+01,1.313469785440537585e+01
-4.796233833250621359e+01,1.781947240342219629e+01
-5.983841344963317255e+01,2.340718266725646757e+01
-5.142426429057032777e+01,1.387684851780496231e+01
-6.662685246126690686e+01,1.583145414041599608e+01
-7.687342148037862444e+01,1.037915209720750553e+01
-6.730062865012222062e+01,1.171866083594954233e+01
-6.905778651608375185e+01,1.351942204857152419e+01
-8.071177191357753600e+01,2.308398673487716479e+01
-6.112695523148919818e+01,1.622274722757057930e+01
1.100141884277318667e+02,2.849129805130626636e+01
-1.620563308540548064e+02,2.537474472962642480e+01
-1.418870588558673660e+02,2.921105537632568172e+01
1.664600797129935472e+02,5.225695988972621109e+00
-1.783775388371473412e+02,1.922324850043187894e+01
-1.474222758143058627e+02,2.683237067651047880e+01
1.463193040316572251e+02,3.496980240592605327e+01
9.318274213598031963e+01,3.243957754544858574e+01
1.268103191256922990e+01,3.900777039767400112e+01
8.905225833983880079e+01,2.770146634000757047e+01
-1.719080938200735034e+02,1.787993306656615999e+01
-1.526780838542489107e+02,2.380278733698716209e+01
1.466629116532722037e+02,2.553241237326114543e+01
1.548934604409000713e+02,2.040366296979019722e+01
-1.575042759546863351e+02,1.617692743789345400e+01
-1.792351032238288155e+02,1.931962158177309874e+01
1.761341535564768606e+02,1.494160819730511136e+01
1.663474076306399070e+02,1.696946902620261355e+01
-1.768544141705575896e+02,1.694623780999155471e+01
-1.416176638483087231e+02,1.300182333215281005e+01
-4.927765399192528406e+01,1.832145120257780846e+01
-7.821018412668810527e+01,1.921757907705558210e+01
-8.213597759679775834e+01,1.337598481976549714e+01
-4.272148010987436351e+01,1.866616427026779945e+01
-8.900219937035208773e+01,1.039880325400949701e+01
-5.054410896456806768e+01,1.889410074432603892e+01
-5.488208410900376322e+01,1.032286457496264376e+01
-1.144079683153755553e+02,2.721015994447495956e+01
-1.731183965187558726e+02,9.418228460898736998e+00
1.471429855444344241e+02,1.489756639347829470e+01
1.797701734790823593e+02,2.306603393538599533e+01
1.792141695211342096e+02,1.003963272031185383e+01
1.687124123810402807e+02,9.764307665619028853e+00
-1.625984328480112708e+02,1.666731659879125260e+01
-1.793913001274072769e+02,1.371295417437487352e+01
1.437356278484074039e+02,2.252570984788141573e+01
-1.417166474085759376e+02,1.994225102897378576e+01
-1.430178416235598320e+02,1.938687650966897991e+01
1.417988066324973317e+02,2.068126380816403298e+01
1.331235334627510269e+02,1.688173918151596098e+01
-1.709602551700812398e+02,1.190845462283720657e+01
1.776425621401909609e+02,1.135260685413524939e+01
1.724934186253854307e+02,1.089058927683138123e+01
-1.605784538972358462e+02,2.198920332840815561e+01
1.683228477127201757e+02,2.436401854136343204e+01
-1.785835325519651633e+02,2.519318005508874947e+01
-1.788904039020467849e+02,1.885737270510861663e+01
1.710136978126616611e+02,2.109007429556946889e+01
-1.727941262019180613e+02,2.597839815966154120e+01
1.754456676343542370e+02,2.382186026525922529e+01
-8.296334973788015077e+01,2.157338069480976372e+01
-5.594490297364832543e+01,2.198560939740688269e+01
-9.269582769050468585e+01,3.822650871036128706e+01
-5.767687598998861631e+01,4.001076295768388746e+01
-7.777438182704551650e+01,3.963475346795888754e+01
-9.081549664532985844e+01,2.960428731959306958e+01
-4.345502448983207699e+01,4.233348027278517378e+01
-8.314907758553049177e+01,3.261811336074972445e+01
-7.786695847227632328e+01,3.181528958533786522e+01
-6.083555518147821317e+01,3.713962724843331387e+01
-1.764742652053275265e+02,1.008469941291983218e+01
1.591213857100182167e+02,2.232126509345132703e+01
-1.587832542975260424e+02,2.756646557075480430e+01
-1.756272215457842947e+02,2.392292428557889750e+01
1.577288766203989212e+02,1.971861127852926288e+01
-1.435137145286178395e+02,2.064937529780114289e+01
-1.431194946791379436e+02,2.686403529806575818e+01
1.567372116294269233e+02,1.820362829316271203e+01
1.425611948353057130e+02,2.370519918911002577e+01
-1.557929715134246464e+02,2.621023181389795909e+01
-1.732527854270400098e+02,2.292328092922567961e+01
-1.678436094194672137e+02,1.912112584508316004e+01
1.769632359419060208e+02,1.453913658476323967e+01
-1.781012566212298225e+02,1.838016351502571055e+01
-1.778547632349672654e+02,2.087033048969639637e+01
-1.773487949437705709e+02,2.137094002773497436e+01
-1.645449150814621646e+02,2.184622370459339535e+01
1.787980954155884490e+02,1.513493489145594495e+01
1.719773836668247498e+02,1.436666273477230504e+01
-1.590520449579653359e+02,2.381036233289183457e+01
1.150909573485841975e+02,2.376593774953436622e+01
7.443524487473823115e+01,3.377668455690215410e+01
9.742018420030704817e+01,3.965084788041352937e+01
5.020800040536191489e+01,1.736389974374430878e+01
7.048276563153117991e+01,2.111701519389623272e+01
6.747307702920713268e+01,9.974652087173305759e+00
4.490202162458690083e+01,1.933031185461516799e+01
8.470071767286448505e+01,2.061707455081729989e+01
5.174867627837620176e+01,2.270923125668936393e+01
7.525013368234735367e+01,1.912917273121753681e+01
6.374749001231494816e+01,2.495954197325753654e+01
6.694299688761829259e+01,1.442587639509578779e+01
7.943426094572878071e+01,3.985484057260646296e+01
8.146567104203344911e+01,4.134888294075626192e+01
9.199685986192622522e+01,4.317734057576110729e+01
9.189450803693947023e+01,4.683540635404109764e+01
9.017999937936608035e+01,4.187615910179988532e+01
8.122997938288850150e+01,4.385382321937692751e+01
7.018379232232284437e+01,3.354276773202441575e+01
7.915985614726827180e+01,3.074048886999160146e+01
-6.325599144160671017e+01,1.153925143594837621e+01
-4.834497203332326620e+01,2.304733969512061975e+01
-7.951869252031234225e+01,1.660163177033622262e+01
-1.545159287933670669e+02,2.030231168483861737e+01
1.471559239342042531e+02,2.266866240751668471e+01
1.704678728660574336e+02,2.078248268141492616e+01
-1.591266661627854262e+02,2.601384974243680048e+01
1.451520048111588608e+02,2.766425181480357054e+01
1.401254264681979862e+02,3.064944593658966454e+01
-1.549774510093355104e+02,2.763600244778720239e+01
1.677341283417552518e+02,1.918562533256668701e+01
1.782931806993141777e+02,1.982918131285871866e+01
-1.644148707513276406e+02,2.123428430751697604e+01
1.759500818971261822e+02,1.791558061936325430e+01
-1.675547027900336445e+02,3.532156064436073706e+01
1.758481847335340831e+02,3.842665197950438483e+01
-1.692386792468529109e+02,2.870140944588080600e+01
-1.755706095137830403e+02,2.478911597270067446e+01
1.664492075782873428e+02,2.628239028870235927e+01
-1.660115969119902672e+02,3.491232478466201172e+01
-1.671179753654058686e+02,2.154158823365694175e+01
-1.751457751329244275e+02,2.158336942764308475e+01
1.776824957435816827e+02,1.772139136419734484e+01
-1.638427053699045928e+02,1.805384641484123165e+01
1.576019781290737853e+02,3.067959666479642777e+01
1.735360192771412926e+02,2.685153659759252065e+01
-1.467934155506913783e+02,3.340716163902737179e+01
1.773654466230345008e+02,2.367439469429527321e+01
1.657331755283265409e+02,3.996466897463957935e+01
-1.468346886163539864e+02,3.663961018675630044e+01
-1.521744292886829157e+02,3.998186565076876775e+01
1.642291909878691740e+02,2.935351242388525606e+01
-1.594329194770921276e+02,2.021559105643100906e+01
1.586255827837192953e+02,1.537618850990250685e+01
-1.669233077285701370e+02,1.803835598326610068e+01
1.760691487705975362e+02,1.533484549872196290e+01
1.699683456563799666e+02,1.742857665063737471e+01
-1.324087571176638392e+02,2.660413338950367290e+01
-1.406233980929012546e+02,1.810359150598632993e+01
1.533354718750538837e+02,1.479452808478318282e+01
9.889843624195451355e+01,2.956275289686409025e+01
5.354168815262526238e+01,3.688678878361264424e+01
7.909978516428589046e+01,1.230503334940131310e+01
7.792337341786286231e+01,1.409551208147119006e+01
6.253020025979160579e+01,2.551031962930913721e+01
7.029023502656799849e+01,3.162191650880533444e+01
5.035387345870298503e+01,2.905776408302482139e+01
7.503794469499980835e+01,2.834783865722999252e+01
6.110403547254820467e+01,1.657269719616543924e+01
7.476461253694422737e+01,2.679434717720130976e+01
6.293105093885052526e+01,1.368783375222133358e+01
8.114573535303138385e+01,2.248302799510566530e+01
4.420029615676320134e+01,1.954038110929777616e+01
6.723422068536653740e+01,2.675449362547054477e+01
4.847572059151994495e+01,2.330588102366762726e+01
5.357056719695048486e+01,2.019720704684577584e+01
4.986053895981210360e+01,1.852441511346123804e+01
6.876921526114114158e+01,1.620754746641308941e+01
5.083711268831981300e+01,1.403689243474024906e+01
5.950878242743701207e+01,2.161791165469476539e+01
-1.657699411944759618e+02,1.203586436745051991e+01
1.691098860921697451e+02,4.531245274393805644e+00
1.786096500922361372e+02,1.420630004361944820e+01
-1.600181654396044451e+02,1.943671485583414338e+01
1.707461289344971647e+02,2.072174571621113870e+01
-1.790704482012226038e+02,1.964555573124301802e+01
1.794660751630190703e+02,1.775481301039682336e+01
-1.757632775426334888e+02,2.208791339945157972e+01
-1.667716592330560843e+02,1.841792102906802242e+01
1.579840394655934404e+02,1.813238096055906112e+01
4.524434923813596754e+01,4.421411446288905722e+01
5.302525411624095142e+01,4.265225641730602746e+01
4.478679985470466818e+01,2.407492796379120392e+01
6.049297180566330212e+01,5.517263768244797006e+01
7.127034925972080259e+01,3.297294278326700123e+01
4.881406564508728252e+01,3.318989517053850591e+01
5.160766106568091516e+01,3.632339232837385623e+01
6.560789479197087815e+01,2.854644095751864796e+01
3.155711507192094345e+01,3.837319970618993636e+01
7.799678397707627653e+01,2.137878491091303701e+01
1.517989493723231647e+02,3.760401577747489910e+01
-1.676493044054742256e+02,2.313099795090260358e+01
-1.649442956247861218e+02,3.107322848165240714e+01
1.554980807176176256e+02,2.312475664714650847e+01
-1.441007930891058209e+02,3.096044117879129587e+01
-1.725369388208796977e+02,2.595176933494415294e+01
1.443836535603897460e+02,2.645160569494613512e+01
-1.687123123764272634e+02,1.481263677495376641e+01
1.741525726041325299e+02,1.441942266778901960e+01
1.782239518109333858e+02,2.526915060269667634e+01
-5.663642738217003370e+01,5.406886493270950922e+01
-5.973026423192062850e+01,1.752483856026978515e+01
-8.230832121666966827e+01,3.320788685360771808e+01
-4.069666504904688509e+01,2.190333249133811222e+01
-6.970804657340036670e+01,2.105073878260046882e+01
-7.361487722399914446e+01,2.026170327234606816e+01
-6.936726048634814390e+01,2.174274333585007923e+01
-5.171667632578608220e+01,1.698623880496626981e+01
-7.995002557529900855e+01,2.746560219664225144e+01
-7.067931417257237570e+01,3.395927391792307048e+01
-5.319879767518048652e+01,1.921156853710071033e+01
-5.176085856770480120e+01,3.232133084026534675e+01
-5.737705767925395151e+01,2.315075483547514779e+01
-5.463782816875296788e+01,2.288311587401739899e+01
-6.065490442425154782e+01,1.295861499678221840e+01
-5.548760944236084924e+01,2.559857390697056090e+01
-7.648660421443005930e+01,1.382808140150853760e+01
-5.328226343825455302e+01,2.479305078816593877e+01
-6.043066508983152829e+01,1.458774806845999983e+01
-8.911051971091835355e+01,3.646319350034319484e+01
-2.654139675110661045e+01,2.363606569319859574e+01
-4.804794738929645348e+01,2.184813626525722441e+01
-6.965256715266245635e+01,1.896911064347906972e+01
-6.733972837118419363e+01,2.924736642503411588e+01
-8.080210216640676890e+01,2.512547503420475792e+01
-6.010582215132493644e+01,2.616569443777176573e+01
-5.081300695034246928e+01,2.959560553733453858e+01
-3.745607848409269280e+01,4.091149156519455232e+01
-5.600992868703584548e+01,4.022931276271794587e+01
-5.774020656563977383e+01,4.172379772468674730e+01
1.793717002638492204e+02,6.451165827916503837e+00
-1.675795719386664189e+02,1.168858519776412663e+01
1.660433213875286640e+02,9.507025954111862021e+00
1.795281283410861306e+02,1.212616892228518140e+01
-1.751867323346544651e+02,1.690057453196685344e+01
-1.591990978445736857e+02,5.613152023495821652e+00
1.626231644339066804e+02,1.571363307315527535e+01
-1.598411087794806917e+02,2.013979667916286687e+01
1.688330966842030989e+02,1.318670490642212378e+01
-1.787405007189533990e+02,2.199242725596138825e+01
-1.592044055576556332e+02,4.093241227240254432e+01
1.794151255118723043e+02,3.712910043756787104e+01
-1.765368106096231031e+02,2.946009998277527586e+01
1.372427596107860381e+02,3.779166824811025549e+01
1.551085115533871317e+02,3.067647443433035193e+01
-1.362051114593271564e+02,2.657918614661841872e+01
1.462655415177165708e+02,2.364441348231874684e+01
1.610436577790393358e+02,2.149440911012815292e+01
-1.767371130144427127e+02,4.594295842395110441e+01
-1.777623157579671158e+02,2.682717727023378274e+01
-1.676549639681399242e+02,1.172293778163287215e+01
-1.760811206034636314e+02,1.017286459906602403e+01
-1.735069860259668530e+02,6.875627893979425309e+00
1.791440720737761012e+02,1.189596326874202958e+01
1.738214048265941756e+02,9.325502542685867979e+00
1.799217949297925543e+02,7.047964747939093222e+00
-1.761721967431605549e+02,1.282015165039952720e+01
1.654382814824193417e+02,1.425849528207251105e+01
-1.683041406700572509e+02,1.674744197230130993e+01
1.703975650721986312e+02,1.342278659329570800e+01
-8.360889178823462942e+01,3.274726624057792179e+01
-3.978673830378219378e+01,3.779680387973676403e+01
-6.110242018747167947e+01,3.260702507415665252e+01
-5.065602231801449307e+01,4.116292623661927763e+01
-7.563904734199068969e+01,4.388061797692681409e+01
-4.240648089133909338e+01,3.170677313935269837e+01
-1.136423818155776218e+02,3.623007762497580586e+01
-1.593114457665080295e+02,2.795248819584011457e+01
1.520830808674153332e+02,2.527290388733035442e+01
1.775071762774670958e+02,2.903285775755888665e+01
-1.489730690827355772e+02,3.247354544917824626e+01
-1.728435231265777645e+02,2.234877311945765754e+01
-1.765231199849013421e+02,1.896385513353231289e+01
1.660938574900496860e+02,2.148204863237854312e+01
-1.761976397194733295e+02,1.894268138378223654e+01
1.720058400785794390e+02,1.521226876091595237e+01
-1.715737442975309648e+02,1.282455177983078087e+01
1.656725356496233132e+02,2.201855931648646347e+01
-1.749930653691878888e+02,2.052772323723524650e+01
-1.788010155079292360e+02,2.938116934821516679e+01
1.622193882974579537e+02,1.055631959531465469e+01
-1.637522536043464925e+02,1.077210748167098586e+01
-1.729385512371005689e+02,1.268760598857384281e+01
1.621056182061261381e+02,1.354714457664588245e+01
-1.653099491376834180e+02,1.752274751236415540e+01
-1.679693349012937915e+02,1.453672327263769937e+01
1.668934410765279779e+02,1.332191241715742613e+01
-1.723868411333438644e+02,6.154006602987774244e+00
-1.759051729697625319e+02,7.457800383981467718e+00
1.571228107403784406e+02,1.315754619058936825e+01
-1.795904557136614983e+02,7.498031784093055485e+00
-1.799830275897669196e+02,1.206618665186367068e+01
1.788867699680430121e+02,1.175353109239373239e+01
-1.654210449409452224e+02,1.465473790090110739e+01
1.617210460954843825e+02,1.145852468517542988e+01
1.792902563933936335e+02,5.627840848446058253e+00
-1.638447486174632957e+02,1.513671276548663691e+01
1.793351478409472293e+02,4.651544956234950234e+00
1.654456039986698102e+02,1.029460769432406053e+01
-1.566969147588594353e+02,1.460674614667077975e+01
1.700334972385241485e+02,9.637500815416888855e+00
1.787205454593170089e+02,1.284991449133606167e+01
1.795772489480987986e+02,3.895458393806030983e+00
1.778429207034094759e+02,8.948427783036818184e+00
-1.692133218682072311e+02,1.158205856895665598e+01
1.711325539406755070e+02,1.060411441311180170e+01
-1.694039858605281950e+02,9.623384514563509740e+00
-1.781921490644035941e+02,7.305806041442284737e+00
-1.789273589489317544e+02,7.407473385744349770e+00
1.778160662429858405e+02,5.829833260233868053e+00
5.059161071127151388e+01,1.413755577892197834e+01
8.042048686024139670e+01,1.507282998775834493e+01
5.744694295293659536e+01,2.061563482831329708e+01
7.804941421061471374e+01,1.341328059959356622e+01
6.783015408686540582e+01,2.259902181426452472e+01
4.971516045776253634e+01,8.361307860339758591e+00
8.750090574275412791e+01,2.430083946196728206e+01
4.495891818235360660e+01,1.185738093813208671e+01
7.334154818816841725e+01,2.536713891882789085e+01
7.054399705147902466e+01,6.015389395714416665e+00
-1.001833566528600095e+01,3.118739862916493522e+01
-4.958470640217092296e+01,1.537677522844272815e+01
-1.026921566160390995e+02,2.079981897096662635e+01
-3.120751804916897143e+01,2.924093922753234054e+01
8.409289952454751926e+01,2.672276971107882204e+01
9.085597888860593230e+01,2.310697403609071898e+01
4.110138549146554965e+01,1.846515601435766030e+01
6.913882734796840168e+01,2.748434141722159296e+01
3.292870887120621148e+01,2.395941571537196069e+01
4.783533091462665965e+01,1.888215056034674433e+01
1.669932403518102717e+02,1.234190160181135809e+01
-1.792183049141730748e+02,2.152012081807852439e+01
-1.616799390023680019e+02,1.942662065467565924e+01
1.726080565465871359e+02,2.430337456115339023e+01
-1.733088734084346356e+02,1.494112983278799334e+01
1.778818954279831530e+02,3.164540485489236943e+01
-1.758412501931029226e+02,1.665975427630437267e+01
-1.776892543449060042e+02,2.091583699469185120e+01
1.689788929686217784e+02,2.018261003806087217e+01
-1.710842955357507833e+02,3.587959400754096606e+01
-1.615981903495114693e+02,7.901625179756972983e+00
1.512396366436363735e+02,1.330460770104774681e+01
-1.562180979203346567e+02,1.928456192758544674e+01
1.756424394005518081e+02,1.025007912200754490e+01
-1.713088336510590182e+02,1.530972657032931750e+01
-1.735511783614866772e+02,1.938869079464996403e+01
-1.740708704661816455e+02,2.347955938017203792e+01
1.677136712991112404e+02,3.174917828468926473e+01
1.791915067093249263e+02,1.539667671302090746e+01
-1.698542445570665222e+02,1.764713187483176782e+01
-9.854167810633363445e+01,2.626823218028363982e+01
-1.230408461499058177e+02,2.821520096648701426e+01
-1.754521636710378800e+02,1.374942715487017963e+01
1.651296789348245682e+02,1.847298919370087233e+01
1.749132115218916681e+02,1.182742354101266002e+01
-1.755010251249709654e+02,2.235065579716844653e+01
1.761225416640528749e+02,3.262748582225719929e+01
1.100595713028808689e+02,4.846556722743272871e+01
1.257843561580506559e+02,5.374365257264869911e+01
-1.638809111764618649e+02,3.081635291430715995e+01
-1.636438465411280561e+02,2.604363693940436519e+01
1.779546508402892186e+02,1.385890264010679296e+01
1.698000795430910159e+02,1.066940416473677367e+01
-1.639927532228034579e+02,2.794176441547181966e+01
-1.787063050057931832e+02,2.634597800476529272e+01
1.752665722177607108e+02,2.508944344091359824e+01
-1.715354127063485805e+02,1.841077707599666269e+01
-1.638558073918850084e+02,1.515626761737960670e+01
1.653165131823787419e+02,1.835733870052182937e+01
1.776228455650399951e+02,2.004826235446271454e+01
6.081568125105949463e+01,1.364136997355934966e+01
4.744311509994619058e+01,1.468144420790721227e+01
8.665988963271503565e+01,2.583993656415455575e+01
5.299172342068284536e+01,1.474161662684550400e+01
7.103888155579649322e+01,2.018992002466602997e+01
6.543542452926375574e+01,1.085878776826837289e+01
4.744600767781664530e+01,1.891718590454254212e+01
9.580044820781344583e+01,2.098511814418839805e+01
2.005300648874699476e+01,2.231914111061661998e+01
6.496641699237315493e+01,7.369643255965009132e+00
1.691295203243541323e+02,2.389814472900125253e+01
-1.772917880374358788e+02,2.082494600301297538e+01
-1.724931053691410909e+02,3.996413285452737085e+01
1.635010758937574451e+02,3.231195416711438639e+01
-1.779274372684694185e+02,4.481110839139177671e+01
1.673239150634205430e+02,2.290369634519173303e+01
-1.704896226288159937e+02,1.563451945665593001e+01
-1.567634995415015737e+02,1.648999756187902932e+01
1.532403857373672054e+02,2.508778161260240225e+01
-1.741088164738913235e+02,2.622864725248987838e+01
5.775569619667506771e+01,2.059107718604182935e+01
6.717235435525165599e+01,1.623927293431233565e+01
4.976390627872390127e+01,1.588047492187455845e+01
7.243936631654548819e+01,1.757894447667916182e+01
5.389889414541688240e+01,2.337143744521708300e+01
3.898720608494071627e+01,1.501066789122532263e+01
8.750373618013131249e+01,2.279237437280324130e+01
3.585378992163806089e+01,1.997114903967460009e+01
5.723486313428064420e+01,1.846781104400601592e+01
6.625270970995975972e+01,1.646043331747018357e+01
-5.884533394562441089e+01,3.034971959301196520e+01
-5.444847089598628997e+01,4.177741013404165926e+01
-9.424750889295161471e+01,3.316447849028763528e+01
-4.821911763799227657e+01,3.586354026389736305e+01
-5.912954037828466625e+01,2.487983831286737768e+01
-8.704382130496439629e+01,3.744326619440922599e+01
-3.622565100766231438e+01,2.211030055669091965e+01
-9.702835371945643317e+01,4.112714719981871525e+01
-1.016812425352261613e+02,3.614468670929006322e+01
-3.944179761531836448e+01,3.267765514424396400e+01
6.227994750094001120e+01,4.368652222371800065e+01
8.678564449501224942e+01,2.874828756594570223e+01
6.445641198223925983e+01,2.553739197331626087e+01
4.710100819587044896e+01,2.675587521730592755e+01
8.998393129171104476e+01,3.170421028424938470e+01
7.544497535731873938e+01,3.093717880807409770e+01
6.843783471275146724e+01,2.142306803609935173e+01
5.458241006942039775e+01,2.531200534004667446e+01
8.843791535847718421e+01,1.858224499494295046e+01
8.845244180838912484e+01,2.794120577251826987e+01
7.683778146623626526e+01,1.306108706376433304e+01
7.027163175991844923e+01,1.311112908145772238e+01
5.119704953495823219e+01,1.241401200146475503e+01
8.015038759211256547e+01,1.913709854238070207e+01
4.602080079703699056e+01,1.239587775341126807e+01
6.554641463482415986e+01,9.539554390184756372e+00
5.441588832435927259e+01,1.742167362418753385e+01
7.636302709599539185e+01,1.612945400374407257e+01
8.634177724495783934e+01,1.353463207437858884e+01
4.684549390786079215e+01,2.302870822737276058e+01
1.701312099153711301e+02,1.941281219881637199e+01
-1.661691372680724612e+02,2.006829895268887398e+01
1.710155753657176660e+02,1.478706014101782529e+01
1.768889620606749986e+02,1.370082989246131255e+01
1.783603444662531956e+02,1.205922599728478239e+01
-1.722075313584672642e+02,1.778639236817575409e+01
1.699765608253503615e+02,7.282046340321024047e+00
1.716756780641130717e+02,6.244120677383611095e+00
-1.749243424642666014e+02,1.039522593818393759e+01
-1.790764961517612619e+02,9.321441480694936388e+00
-1.507210342666113831e+02,2.543603297738819791e+01
1.534140869053783547e+02,3.720252114978131885e+01
-1.663715619553780698e+02,4.291271641111495683e+01
1.743122361556780220e+02,2.980149736065445154e+01
-1.703369476660813859e+02,1.919674862444657748e+01
1.721362941144615490e+02,1.005705802915685965e+01
-1.717056238354806794e+02,2.117403377827717392e+01
-1.640918942259085327e+02,2.359609165575779954e+01
1.762205257238007619e+02,1.633398485655222387e+01
-1.736034478322293069e+02,2.296241025194825625e+01
5.976351763633590508e+01,3.228684498201444342e+01
8.566091449092014898e+01,2.608166494074516351e+01
7.913330204615837715e+01,2.659972599433294960e+01
4.846321183276426581e+01,2.423291486356494318e+01
9.600191567365000367e+01,3.642301175350868903e+01
5.972732002453346212e+01,2.144373933172741786e+01
5.989866215000629524e+01,2.341276173845743358e+01
9.110440805413142584e+01,2.496624391669369203e+01
5.772411965275134094e+01,3.756589050561643006e+01
5.822593420332499647e+01,1.871559138069634542e+01
1.746212135441924431e+02,1.922535032030053159e+01
1.684229407351797931e+02,1.217798776812621853e+01
1.766528762635181522e+02,1.252487411799570971e+01
1.780088544070810030e+02,1.315913461464576173e+01
1.727508715124672278e+02,1.652312093718020236e+01
1.785146093792959618e+02,8.260660838413517837e+00
-1.769687565060344241e+02,8.093878017994528662e+00
1.687686010354404686e+02,9.708568583947240427e+00
-1.795171810570213040e+02,1.160234530333519665e+01
-1.791372036438548889e+02,1.859847708887978968e+01
4.659751494560314455e+01,2.551876961996058668e+01
5.857244843798402911e+01,3.662371616229750515e+01
4.851139242310345168e+01,3.309091663109232684e+01
7.573720987641259228e+01,2.908343828836152767e+01
4.896852454831479662e+01,3.894614412261301339e+01
5.829672501949883667e+01,1.271389794866222367e+01
9.253131704852785333e+01,2.130949894746444784e+01
4.141182199662132746e+01,2.335002451962803960e+01
7.380049052065069759e+01,1.063805425440957997e+01
6.553909842786561057e+01,1.073349452001524185e+01
7.715416924510060426e+01,1.634051651669151539e+01
3.200121687941292237e+01,3.060055036449569954e+01
5.816387639522754682e+01,2.087096569979017957e+01
6.058586283022542318e+01,1.597715289433605790e+01
5.846000823646026845e+01,1.232583059500812972e+01
8.900138044164565088e+01,1.978762022348120553e+01
5.425775752593207102e+01,3.854714637639522579e+01
7.822609816506293612e+01,3.445655096725593580e+01
6.633379239597232413e+01,2.506983919749616163e+01
3.008649329136256156e+01,2.376052077725359624e+01
1.705626437041306360e+02,1.925541335833976220e+01
-1.689142529843193188e+02,1.963774353905880332e+01
1.652885984563517923e+02,2.116553930461678590e+01
-1.674199461420433863e+02,2.059103350754987360e+01
1.734826918256855208e+02,1.724843821639709418e+01
-1.701225932128426166e+02,2.126943348100673958e+01
1.796936617710818496e+02,2.309145065280733178e+01
-1.692224428585303144e+02,1.327726970960037534e+01
1.716320669808559387e+02,6.206911897991356675e+00
-1.719764031904280159e+02,1.087554088796094121e+01
8.425190365398941594e+01,3.210965971030991284e+01
3.061279113860890178e+01,2.681019078906609820e+01
6.384909677432045072e+01,1.999029874312006072e+01
7.971315336088150616e+01,2.779078573783921158e+01
5.853789061041480579e+01,1.673727096283969829e+01
8.961298864143535070e+01,1.430092793762692693e+01
4.503512145180427950e+01,2.190206083177950092e+01
4.000245910245992320e+01,1.715491677907552059e+01
8.888383402415530554e+01,2.374932509893595167e+01
2.030050605144765541e+01,2.737358694093746792e+01
2.771175788245411908e+01,2.437596672812286869e+01
6.757290187696150952e+01,3.029615838257076987e+01
4.682278677560334756e+01,3.746733687439600402e+01
4.694286352244684224e+01,2.381088071890264857e+01
7.975129613944763207e+01,2.376727956639876638e+01
7.866638126517167962e+01,4.844519721752325125e+01
6.861270058304148733e+01,4.413846928054732643e+01
7.004553388316784890e+01,3.371086654904031121e+01
6.539015718508123598e+01,8.809335780046110287e+00
5.956139482089041337e+01,2.096175517162943791e+01
-1.390167849092543122e+02,2.895806964498354574e+01
-1.645362747151397969e+02,2.791305440902416635e+01
1.623876200665672798e+02,2.201908376304928083e+01
-1.754229375474632491e+02,2.460840623038473041e+01
-1.725088749709878186e+02,2.199761173882172471e+01
1.632697341760719212e+02,1.567558753788105008e+01
1.569895445354556500e+02,2.312208734720413617e+01
-1.548952713636825536e+02,2.252063163677296842e+01
-1.697209288527217552e+02,1.892369571977229725e+01
1.764827860738222967e+02,2.558189929229822468e+01
-1.459395127215746299e+02,2.498296547428110870e+01
-1.652944353828578130e+02,1.078583339054772416e+01
1.501474512926756404e+02,1.838791331509489524e+01
-1.554648436361111976e+02,9.914248482024834885e+00
1.710710038728135487e+02,1.774714088323809591e+01
-1.692206477141547509e+02,1.148163693320919876e+01
-1.768874526557013951e+02,2.796762400915661217e+01
1.621029529563244012e+02,2.573764360640724647e+01
-1.754143843848244728e+02,1.766201883540936990e+01
1.785011754259572285e+02,2.212380514134096643e+01
-7.663411396800066200e+01,2.793446501457636089e+01
-6.400486333829347529e+01,3.283310278902862933e+01
-5.196394427971215180e+01,1.567253640104790691e+01
-8.549147411149908748e+01,1.313294738603210376e+01
-5.396773427872656015e+01,2.203583336563135475e+01
-7.628786817420289879e+01,1.286713231826820802e+01
-6.677948647934378812e+01,1.536880459034263424e+01
-6.295853925505305426e+01,1.403927294363031031e+01
-8.103938523587872567e+01,9.607814136569842844e+00
-5.665871491494863221e+01,1.608090715936346626e+01
6.116355166120688125e+01,2.596348506643095533e+01
8.605570921401395879e+01,2.998388441323383091e+01
5.614591549735938258e+01,1.904277491168683767e+01
7.818107703246877804e+01,2.025930690968224823e+01
2.754206367459235594e+01,3.258901969957028655e+01
5.773242269670981841e+01,3.244105886603917099e+01
6.746859840362282057e+01,2.289852824302849044e+01
5.564931760096931868e+01,1.228580467533874199e+01
8.974059913694372881e+01,1.751363706192474012e+01
5.312058268234804359e+01,3.069310046993240348e+01
1.491108530838496904e+02,2.106439956179594475e+01
-1.451189727084292258e+02,2.862246175687419480e+01
-1.235277770492084386e+02,4.040908538926139215e+01
-9.048124656691143741e+01,3.801990941005405489e+01
-6.072962260332644746e+01,1.866390643624150414e+01
-8.633156941355018432e+01,2.742453575960342960e+01
-1.101882588986772049e+02,3.180494373291677590e+01
-1.741164991306534375e+02,1.252119469402686391e+01
1.296362516542817218e+02,5.185665658480460394e+01
1.378186804191590511e+02,4.384077632025984173e+01
-1.683028946113344091e+02,3.718735220424831311e+01
1.683749774491014080e+02,3.282299226646587442e+01
1.793966107239714347e+02,1.243008691054020076e+01
-1.701387966264621525e+02,2.111231640737745252e+01
1.763173811207573465e+02,2.445901774971244791e+01
-1.757361239756739906e+02,2.821903983067971566e+01
-1.585468972144747397e+02,1.894130874728669056e+01
1.495849756883597763e+02,2.531725306392655028e+01
-1.472426691107686452e+02,1.418875710693477110e+01
1.568018775074773430e+02,6.515079429631925656e+00
-1.035212294670860871e+02,2.512637236904171090e+01
-5.111780066855902760e+01,2.949013339033346881e+01
-8.364328609834237227e+01,1.627729821994927306e+01
-1.304924171492519633e+02,3.363224118177413402e+01
-1.728884835438998664e+02,3.250877485420157598e+01
1.716017171858038921e+02,1.922509720324566018e+01
-1.428359405888204208e+02,3.104881903573896551e+01
-1.167166654905827841e+02,2.395898017258912915e+01
-3.478946966606816460e+01,4.053937928108835109e+01
-2.242115955307486086e+00,4.292781679484464519e+01
-1.406817282165690699e+02,3.463273751053110061e+01
1.674548503047992085e+02,2.341002448692744409e+01
-1.618917276647470942e+02,3.161163649331584935e+01
-1.732870980425740584e+02,2.399870592120323209e+01
1.627176877533017887e+02,2.166147015450837188e+01
1.701750857434043951e+02,3.949794658542656123e+01
-1.460048669929314258e+02,2.509389456902862747e+01
-1.764038071268384442e+02,2.186906640129807755e+01
1.567972782574481982e+02,1.535575131678105087e+01
-1.705591875545778180e+02,1.343637117269868853e+01
-1.614568303827519458e+02,2.712050302018660375e+01
-1.780490852390992984e+02,2.097050705673218118e+01
1.652887206346491666e+02,3.057731338594672010e+01
-1.701149780405098966e+02,1.885183141165403242e+01
-1.750835187253121887e+02,1.504368969117170529e+01
1.677461067011951172e+02,1.833552143571605342e+01
1.744096182895018217e+02,2.594035906366997679e+01
-1.698571026758642972e+02,2.715200501227594998e+01
1.515167623765380256e+02,2.371024065228452571e+01
-1.632133153800010064e+02,1.981599114997593247e+01
-1.233591325920463504e+02,3.776026211202830041e+01
-3.400447785700986003e+01,3.219202422853035017e+01
-5.961680222460453393e+01,1.892238806056445455e+01
-1.627802102822437007e+02,3.454577771184067103e+01
1.609575875620690226e+02,4.372243692571177576e+01
1.766915295195142335e+02,3.876706793933694684e+01
1.748672389457195209e+02,3.776151507236014027e+01
-1.654922522900353385e+02,3.481618998066943504e+01
-1.618331403703303693e+02,2.258217513010688293e+01
1.394837452785217806e+02,2.525669706439467177e+01
1.784105629700671898e+02,1.997518140718101165e+01
-1.420526228777503093e+02,4.784448589932973306e+01
1.724370066810780600e+02,2.122655615295630582e+01
-1.695408235758414719e+02,1.997355662638336682e+01
-1.552343655720679010e+02,1.907299368076184365e+01
1.668727535639735322e+02,3.344386499605633389e+01
-1.799649362318098156e+02,4.699292780602083042e+01
-1.551639181237819400e+02,3.021605500874124317e+01
-1.759829270640553602e+02,2.995576575421540966e+01
1.655820878202980566e+02,2.615357151116431922e+01
-1.762995095720229415e+02,8.477092689027870165e+00
-1.781470402141320903e+02,8.485441686559706653e+00
1.500093818704253295e+02,1.453127899907633491e+01
-1.577087025017696362e+02,1.356839002389645366e+01
-1.706586880098300867e+02,1.227425467243607748e+01
1.565522733086789628e+02,2.415362277795417612e+01
-1.638198266565262600e+02,2.353629220829505897e+01
1.723616617702238329e+02,1.669244120650172292e+01
1.699399914224661075e+02,1.614492031350647849e+01
-1.738059368888341112e+02,1.932898247453126572e+01
8.502239356340848531e+01,2.827759818974282169e+01
1.163841032224426044e+02,4.433404492406844355e+01
9.834164840491048665e+01,4.622273999929768706e+01
6.959083657541697221e+01,3.807447022171476192e+01
9.540269249237159954e+01,4.139284829549226430e+01
8.613618161956814845e+01,3.657862458251594262e+01
7.637993415657236085e+01,2.889657113705648328e+01
7.211772881503515009e+01,2.644274795340406570e+01
6.729749527550188759e+01,3.236201394227491335e+01
5.039236970456028786e+01,2.478478765058123656e+01
1.647549216274810249e+02,1.514794472702535266e+01
-1.650734443971379903e+02,2.403428652293092682e+01
-1.565175553371978765e+02,1.745910661428426636e+01
1.568621325227413479e+02,2.750581635630799582e+01
1.628939042075940904e+02,1.995203976478194363e+01
-1.491297793328397461e+02,1.905955104545645895e+01
1.748024062791521089e+02,2.984043874573029598e+01
1.271490099211299167e+02,2.798692474740277802e+01
-1.653973440157108143e+02,3.323153869467079602e+01
-1.508947455711023906e+02,2.625024751334162687e+01
1.719201184293687277e+02,3.299102083079129955e+01
1.562755422231386717e+02,2.508104536785097238e+01
1.589597595089107358e+02,2.929825272171188288e+01
-1.480502486435519529e+02,3.176537073062567629e+01
-1.176689533011977602e+02,2.602769500555695714e+01
-4.172408301832210498e+01,2.700549486644744235e+01
-2.468836185174844644e+01,2.504053374938342102e+01
-7.741617604833312782e+01,3.841182893780358398e+01
-2.677327801541173713e+01,3.351209993081361205e+01
-7.588836939589897668e+01,3.116128645438632816e+01
1.623907827114913971e+02,3.162574346433443395e+01
-1.598945954489688290e+02,3.081172557996242034e+01
-1.745060485512537412e+02,1.974184824825699280e+01
1.630481457324296741e+02,1.963020602934472691e+01
-1.649701050961755584e+02,3.431182937995127702e+01
-1.762257614872231954e+02,2.743157005736701493e+01
1.780088063322303071e+02,3.110109666724782329e+01
1.775352655363161034e+02,1.651193652181300919e+01
1.787231628542836575e+02,2.306777082505935539e+01
-1.745779805877597823e+02,3.685758068431371726e+01
-1.679305382945529743e+02,4.126584808692917505e+01
-1.749695211613961021e+02,3.415983778135211679e+01
-1.711358025466773825e+02,2.522674204882443760e+01
1.774639181781646471e+02,3.004122113458720378e+01
-1.754588036160003810e+02,2.119268498365334708e+01
-1.786889865520465435e+02,4.475735287432276266e+01
1.779059448930285896e+02,2.070082297266424121e+01
-1.766833779417422647e+02,3.417305584111301897e+01
1.775373859171924380e+02,2.167482276574832056e+01
-1.747482698451142937e+02,2.636719420054116725e+01
1.361997665929163759e+02,4.638278773402285537e+01
1.470086124767318267e+02,3.307786518409968579e+01
-1.467460939647419593e+02,4.635391531155593725e+01
-1.536731674379896617e+02,3.995942942220985827e+01
1.352829524952415170e+02,4.829278526683904715e+01
1.099920222591978387e+02,3.806806894790105389e+01
6.170414514910299886e+01,1.973894971443501589e+01
7.565710747856570606e+01,2.359914863420813447e+01
5.888701280826911244e+01,1.911394369876511945e+01
5.934139025121030642e+01,2.724658725194297659e+01
-1.719135020727327117e+02,2.596696254993642583e+01
-1.728543520325677036e+02,2.957838645633676578e+01
1.496896742681580008e+02,2.147868799550738217e+01
-1.763812764587073900e+02,1.550265727568289975e+01
-1.538489274597457950e+02,1.492438522133712731e+01
1.570362027519669255e+02,2.204452657610829647e+01
1.546666391836774324e+02,2.701490283329027875e+01
-1.499565542913042862e+02,3.521557347849437747e+01
-1.087200455492137365e+02,2.767678046576153150e+01
-6.038069829038190051e+01,2.057391132413365398e+01
1.585772423925837700e+02,1.812934914489351712e+01
-1.678279407709550242e+02,2.471507536993099308e+01
1.660421988745534634e+02,3.619903728487174988e+01
-1.514609502876127465e+02,3.594391003443197974e+01
1.624195437575019412e+02,2.840859890600355087e+01
-1.518879026574558964e+02,3.093700382897741719e+01
1.694436213442505164e+02,3.344689867012733941e+01
1.651250544939169060e+02,4.561288428124213112e+01
-1.660443721204796645e+02,4.393234639406176001e+01
-1.772677295076261430e+02,5.453082379481639919e+01
-1.025610695256550571e+02,2.654241779712374694e+01
1.499026917525321210e+02,2.090608246736400844e+01
6.728862593604765152e+01,3.318154712848296839e+01
1.137586579419648558e+01,3.755106239998163176e+01
-7.745007529450946038e+01,3.571741851847596649e+01
-8.797768535830009284e+01,3.356758089331155759e+01
-6.783881944719814783e+01,2.997941022412543788e+01
-7.593279363349293476e+01,2.972145659180918997e+01
-8.622863856011578321e+01,3.994180922494919628e+01
-7.621041453351675443e+01,4.348564658680579953e+01
9.022752773927524572e+01,2.631702423800355461e+01
1.152140735746005902e+02,2.887056059282268450e+01
5.549506412248391740e+01,1.608955256405300105e+01
5.434140689716824113e+01,1.918631126684564592e+01
7.321694828998560922e+01,2.467987489409093627e+01
1.735918388965073333e+01,4.306284917091844733e+01
1.009552896305644367e+02,5.274962038592335745e+01
8.329403215504196112e+01,3.885378139158115829e+01
-1.643707715175489525e+00,4.532719217494242514e+01
-7.289339975205356836e+01,1.973259574027309071e+01
-6.560530907660786681e+01,4.787524100102979929e+01
-6.627275662149747859e+01,3.708424741607127118e+01
-8.471845921970938775e+01,2.901389053487554293e+01
-6.151876547749927227e+01,3.762267019551009639e+01
-9.627400665324604745e+01,2.271183263052098766e+01
-7.546618844209925214e+01,3.457393643982357645e+01
-5.426312898978296317e+01,1.668377477994217983e+01
-8.418323564311083373e+01,1.941706588395896915e+01
-3.717197890984154895e+01,2.411861354908398170e+01
-6.702951762792288548e+01,2.016977340102465277e+01
-1.793456628544196292e+02,8.834152603413972571e+00
-1.748135500026081104e+02,8.325001631443287309e+00
1.697127621302936689e+02,1.585569122275856913e+01
-1.587946981237812452e+02,1.997566489865373995e+01
1.658581092235924359e+02,1.471407104713044234e+01
-1.680169907384792225e+02,1.868739054569591929e+01
1.771058532861347032e+02,1.872130924210668113e+01
1.781839397342677103e+02,9.507874909608993619e+00
-1.613167798337491661e+02,1.552680596400742452e+01
1.683699732553679098e+02,9.378633832637660817e+00
-7.136544609718704635e+01,1.361280703031704675e+01
-6.425268520496720726e+01,1.744855749340335294e+01
-5.940640987271488882e+01,2.424932456800032909e+01
-7.761151730815474536e+01,1.379409131413012446e+01
-6.374790446079894224e+01,2.700720255406388048e+01
-8.951245427927264586e+01,2.686301578412965085e+01
-6.223883289663729101e+01,3.100824214954521452e+01
-6.023441618739539649e+01,2.706803152296723880e+01
-9.444148436513960121e+01,2.434056441376674229e+01
-5.637885778732064068e+01,1.995448416449932694e+01
9.539422577590835317e+01,2.973928716612487477e+01
5.778328120481768337e+01,2.084907934147366859e+01
8.195699657597108967e+01,2.010842076729566230e+01
4.903591125989768074e+01,2.765209194906262269e+01
7.337039084374657705e+01,1.733389101402711674e+01
6.227394013032417064e+01,2.312613883326444153e+01
7.028819171502247798e+01,1.230595553212366156e+01
5.026529391342851483e+01,1.779727692712824805e+01
8.557627536310872074e+01,1.982415200302570923e+01
7.140525183188174196e+01,1.721855975630328572e+01
-1.644262847541172334e+02,3.755377211247493108e+01
1.735427418808261848e+02,1.558915496908197440e+01
1.779215424049585010e+02,2.575847854887256005e+01
1.679565415227934579e+02,1.531046355274551729e+01
1.677641789327648212e+02,1.492217298885122645e+01
-1.622006972426557070e+02,1.457761308155298607e+01
1.755134959777734309e+02,1.718045901274994947e+01
-1.740837265455818965e+02,1.719559268716874811e+01
-1.715332545119835004e+02,9.446856858550081171e+00
1.638193086119400732e+02,7.499868623123582267e+00
-6.004444523517330623e+01,1.314496947306509966e+01
-6.045539315462881547e+01,8.029478353711429151e+00
-6.456739980979237714e+01,1.184200930888293790e+01
-6.501882719395649701e+01,9.928345294594439707e+00
-5.510383824415234244e+01,1.621340018584865916e+01
-4.878731207685173388e+01,1.880482432267120174e+01
-9.735609756957765626e+01,2.494750098016263351e+01
-8.076160563844786111e+01,2.152099985851268471e+01
-5.488529762154224301e+01,2.461956790506109627e+01
-7.179403267745230721e+01,1.411649435131464259e+01
5.705326737164622841e+01,2.921027692746392646e+01
5.218947499973224069e+01,4.475046275399276396e+01
7.205910247393011048e+01,3.295725210402368077e+01
7.013266859951453114e+01,5.346543833529377565e+01
4.249316560641504736e+01,5.565127344129142273e+01
9.670638006735637759e+01,4.798054798926764875e+01
1.770450930016682491e+02,3.083208016178038235e+01
-1.221095746367183779e+02,3.357013847236375170e+01
1.509420875123908843e+02,3.508740725742755728e+01
-1.645794366441623424e+02,2.471167309342107643e+01
-7.777402355609245888e+01,2.666226148246946082e+01
-8.749821957682111417e+01,3.006967551878005906e+01
-5.987509057353267394e+01,3.497325818765132510e+01
-7.809782152155064239e+01,2.352824846359746402e+01
-4.938259451738419159e+01,1.947563797360568572e+01
-1.018244734161510081e+02,3.366340217560748727e+01
-9.240271538066713219e+01,1.602422720755633634e+01
-4.769729595117770771e+01,2.798320735624319866e+01
-8.317077614200061930e+01,2.051513521970445808e+01
-4.558531803614960864e+01,3.154638190325849934e+01
1.327405972659305178e+02,1.968771052276635203e+01
6.923882392061011615e+01,1.705071826252763145e+01
-2.267192747781306394e+01,3.401027745615166964e+01
-1.049635974453751288e+02,3.273737673869597131e+01
1.636892432214330881e+02,1.364982917626141479e+01
-1.781715021466606004e+02,3.360533012738083158e+01
1.595094998778363902e+02,2.422738322200605410e+01
-1.736706773606497904e+02,1.596615865236710263e+01
1.728181928729118511e+02,1.010494890626005926e+01
-1.692835977596864723e+02,1.320353994760142946e+01
1.630288957121782971e+02,1.501413767321764681e+01
-1.691521873776195548e+02,1.217539811472395961e+01
1.751232957582040228e+02,1.267122693594355631e+01
-1.770626469105867216e+02,4.357135622179722390e+00
1.769977474165826834e+02,9.536721257817175612e+00
1.786642507254688041e+02,8.187034157609344831e+00
1.688178948514213289e+02,1.678973280745575281e+01
1.783528819980552953e+02,1.402989737953508076e+01
-1.726286180718693686e+02,7.476372839267407144e+00
-1.780034116468465015e+02,1.153330285939615862e+01
1.077516023454588918e+02,2.310359498912264797e+01
-1.628650370217990542e+02,3.249388927749922829e+01
-1.097249952786217051e+02,2.559325347490032243e+01
-3.124570709878776142e+01,2.791420123040967383e+01
-6.888384564232602258e+01,2.031486795350609853e+01
-7.484459835591098908e+01,1.627680100206980285e+01
-1.167640680883645032e+01,4.108991689709110062e+01
-1.005418350365470701e+02,4.014296762340816827e+01
-1.249157111698000193e+02,4.761324393561276480e+01
-1.777217862570444140e+02,2.048240390954830659e+01
-1.537253829694315641e+02,1.240365970307007260e+01
1.609339286375393669e+02,2.564401075771246497e+01
-1.617894672816280206e+02,1.208669948956281814e+01
1.672259376269691131e+02,8.046275531724079499e+00
1.775278100121593639e+02,1.412452728652451661e+01
-1.760252959676330988e+02,1.978883818759290136e+01
-1.737027086258255224e+02,5.511822507493091550e+00
1.660855576907295870e+02,1.816368880663545582e+01
1.743726147495861767e+02,4.705350153608465646e+00
-1.733929674997085328e+02,2.077659658656016362e+01
-1.702147546234682807e+02,1.553049147306275835e+01
1.782014355503000047e+02,2.604784789763247943e+01
-1.369317827124336020e+02,3.817877723616756214e+01
-1.656888585423636755e+02,9.415703131809054938e+00
1.577117149785590016e+02,4.288675394261949947e+01
-1.733750477794825429e+02,4.059572996920808663e+01
1.619620389876294837e+02,4.483915846953419759e+01
-1.552621550430293382e+02,4.173635836303794377e+01
1.617153161639531334e+02,1.841526913840143465e+01
1.774232353141754288e+02,3.381728981706759640e+01
1.666684628270605515e+02,2.908037051631838565e+01
1.732998826747317480e+02,3.377678453512364598e+01
-1.725752782598476358e+02,1.638970766750108510e+01
1.648090876430414937e+02,1.450543674216190126e+01
-1.566526689965621415e+02,2.128452091094195708e+01
-1.565605025794386052e+02,3.771032994220857404e+01
1.601520958173249198e+02,2.954069538890222191e+01
1.699567503290533921e+02,3.293597588918309782e+01
-1.494731030371042948e+02,2.557804601019562085e+01
-1.689616945079647223e+02,2.858251468432701614e+01
-1.709921921911419247e+02,2.607076294119119808e+01
-1.704930915216363303e+02,3.395517676255386164e+01
1.673506133979229276e+02,4.093626912410651641e+01
-1.750388985436197800e+02,2.369393601916598513e+01
-1.586548414917610899e+02,3.049850547142703050e+01
1.414989659308319858e+02,2.861341489932544135e+01
1.792674733919453161e+02,2.932941201712680623e+01
-1.787018647942121277e+02,3.329727408907469055e+01
1.660762729144730940e+02,2.537306184886603688e+01
-1.654413804221661053e+02,1.638660534561896753e+01
1.571379434916484001e+02,2.172437836165863345e+01
-1.699230155031919480e+02,1.463382334938882678e+01
-1.584567942822764905e+02,2.781617657032307633e+01
1.711225116828881028e+02,1.642160406069064393e+01
1.798429551439680552e+02,1.645100141319156961e+01
-1.785146944178008823e+02,1.899647239391700637e+01
-1.743102328002047443e+02,2.758682029817816073e+01
1.706963200132150291e+02,1.674671675033859941e+01
-1.718033305540367337e+02,1.729806635611070931e+01
1.710987158715166743e+02,1.166560255200433538e+01
-1.711049890332530197e+02,3.185322877906078531e+01
-1.785936586327401301e+02,2.749825187989610598e+01
-1.711839064168890729e+02,2.262192058363509517e+01
1.607347417676619159e+02,2.736925608404122912e+01
-1.666999441887255671e+02,2.151545821651055945e+01
-1.687945073599510124e+02,3.864672658822264140e+01
1.628151315145955493e+02,2.430965807919681865e+01
-1.696929966593068855e+02,3.186327860218423780e+01
1.756061204256614019e+02,1.479944934717606131e+01
1.674400895559357423e+02,2.367729847340716276e+01
-1.677036364628195884e+02,5.272610974448268095e+00
1.737962457639318075e+02,7.204218491994206275e+00
-1.787241562607625553e+02,1.138776922596712993e+01
-1.730342303314935748e+02,1.172385659005389869e+01
1.790024184494770054e+02,1.076956492378661068e+01
1.716645841493384808e+02,8.527038174691812245e+00
-1.629359121991790005e+02,1.103256165963491497e+01
1.551606974278078610e+02,2.098176464806503461e+01
-1.658344956930406795e+02,1.384066004943552564e+01
1.772373380266268725e+02,2.000046420267392477e+01
1.775914268064449288e+02,1.550853377206064643e+01
1.631851967986753209e+02,2.306287494875451927e+01
-1.537614995802333340e+02,3.043939836457131776e+01
-1.751747169098082395e+02,2.184759427761871464e+01
1.558089535914219823e+02,2.811595093697306780e+01
1.768778413253525059e+02,2.832917499998832511e+01
-1.523517763233648168e+02,3.209872398751132749e+01
1.735449635961942079e+02,3.982229786646992409e+01
1.673229319831263524e+02,3.428197948043111154e+01
-1.505699845237904810e+02,2.723764756186032088e+01
-1.644136783989228547e+02,2.121745680467038042e+01
-1.527790837255799090e+02,2.098544474062962450e+01
1.575593696514887370e+02,1.948700931497818090e+01
-1.630966787333516663e+02,1.071845032449585133e+01
1.629881304263841457e+02,2.308187209740196977e+01
-1.793561211465897998e+02,2.058608565559858761e+01
1.786199098287413563e+02,1.640589549525700974e+01
1.719015259338198689e+02,2.412978618799901653e+01
-1.740355960568479929e+02,1.316734692202664547e+01
1.710736973056860108e+02,1.351863451359735890e+01
-1.114564803534712780e+02,2.726111261827787047e+01
-3.146750321451797561e+01,3.287628033958998941e+01
-7.458831178973454712e+01,2.184458283296968517e+01
-7.325206038030574973e+01,3.927719369449805242e+01
-6.565086568982864890e+01,2.581842736770115820e+01
-5.110059988006270970e+01,1.615247695804300676e+01
-9.472918454730292126e+01,3.469852432202680603e+01
-1.522622616662236794e+02,2.316062821054527987e+01
1.361168710526053758e+02,3.938523098228110086e+01
1.499740083337217413e+02,3.185689038729402967e+01
-1.611668732276235119e+02,2.278028487669678981e+01
1.673625966057740868e+02,6.363375428318066795e+00
-1.725225364006547011e+02,2.867780137829575438e+01
-1.798725083194122192e+02,1.698943483460261206e+01
1.748098959151755594e+02,1.530408587911357365e+01
1.736655384725656006e+02,1.617225070165730472e+01
1.754703616126581096e+02,2.394512701346965144e+01
1.776836129269899516e+02,9.827960209099829925e+00
-1.608049200829561585e+02,1.247368353535765095e+01
1.726084495105725409e+02,1.109354108877611012e+01
1.634544348433535959e+02,2.305919171129384182e+01
-1.377166010459679057e+02,2.543488026687752779e+01
-1.577255703894763883e+02,2.088869662255915927e+01
1.541775584259390826e+02,2.732890223291918730e+01
1.761972262725317933e+02,2.870834240733532639e+01
-1.755703580203421268e+02,2.310342152149694783e+01
-1.774895011541946133e+02,2.488942374041372929e+01
1.773295127205732911e+02,1.781349836123631647e+01
-1.761016162439184995e+02,1.474909779653132702e+01
1.522163596144917221e+02,1.185445066692305360e+01
-4.285737846288739661e+01,2.409793051310067824e+01
-1.077789059864578007e+02,2.036365263994629871e+01
-1.434289378922291860e+02,2.641411627375349269e+01
1.491866008000382919e+02,3.554142262664680629e+01
-1.635574941445008790e+02,2.348609177201585396e+01
1.576578515344076550e+02,4.281686756811807726e+01
-1.620971104773950344e+02,3.014109805593083280e+01
1.626594160967879077e+02,2.818678565729803154e+01
1.478517961164156418e+02,4.295506887325477408e+01
-1.568616994672204896e+02,2.790915228859346797e+01
-1.397782601638946005e+02,2.669045453408310209e+01
-6.711992089344937540e+01,2.904372232938819920e+01
-5.838373681721803621e+01,2.308494250513921386e+01
-8.893611713876511260e+01,3.062270053625304556e+01
-6.480942138133416108e+01,1.940881898329946154e+01
-7.369180057544896556e+01,3.194868138366841492e+01
-3.708484630564066009e+01,2.449447037124519966e+01
-1.142807656373871055e+02,3.011769010604836083e+01
1.714464720502337229e+02,1.059754362792389948e+01
1.534525927470641307e+02,1.602590360239659262e+01
5.840510150391176580e+01,1.334356754279817103e+01
6.387544183657242769e+01,1.861896996908267710e+01
7.164960666280367718e+01,1.620837901165911532e+01
6.931183479127147962e+01,1.523789683586468158e+01
8.591736480552481225e+01,2.917662250755190456e+01
4.583525508225475420e+01,3.432648151738556663e+01
8.456996577008308691e+01,4.538877812186113658e+01
5.097401508602241904e+01,3.445613821853020653e+01
7.273565559777074441e+01,1.589860897813714047e+01
6.031309309601908097e+01,2.112791788137815274e+01
-5.909105077563593511e+01,3.416397727770370807e+01
-1.021236743618956098e+02,2.544020627238859689e+01
-1.713478397898717560e+02,2.635786228154706379e+01
1.218378130025188568e+02,3.021822187470368704e+01
3.659882579015854276e+01,2.417773016202360026e+01
8.783571654611799318e+01,3.343674484137088143e+01
6.038506885639874611e+01,1.390007860647030036e+01
6.097966564799271083e+01,3.468948599240724207e+01
8.056322084767883496e+01,3.048507599240328148e+01
1.418272920918244893e+02,2.284272904216239652e+01
-1.343930934216494393e+02,2.388588431254811084e+01
-8.804924173516054964e+01,1.968736974940899032e+01
-4.894733534967830479e+01,3.101610742136801946e+01
-9.272124340731346592e+01,2.467010302303123126e+01
-6.830174038910341494e+01,2.528179929196075548e+01
-6.994731226961525294e+01,2.490068860848251120e+01
-6.809629797795302864e+01,2.194566310100750428e+01
-8.485867382782150514e+01,1.927312938318422653e+01
-7.101618343107151077e+01,1.977487748973711490e+01
-9.773987282843876301e+01,2.306962350608588963e+01
9.172606118164938493e+01,2.444185120047117721e+01
4.690436734089151827e+01,3.357871011540136408e+01
5.050861861834772526e+01,1.748334259546135172e+01
8.284946203230023798e+01,2.299253948139589454e+01
6.468220531254173977e+01,3.433781823793909638e+01
6.094609464622757145e+01,1.962537522991792471e+01
5.379362380918028208e+01,2.507429391244459893e+01
8.873409693322562930e+01,1.567494755635018322e+01
6.511732912338877100e+01,1.951065712556686549e+01
7.225026334789463078e+01,1.723507085946814499e+01
7.832385506015347687e+01,9.583696975991681910e+00
5.621121901210486271e+01,1.338445696046220768e+01
7.295943414249862258e+01,1.084888650637566876e+01
6.481861197247555140e+01,1.361217648634569422e+01
5.063773172476909679e+01,1.838310728040129760e+01
7.302279518602604469e+01,1.821419091373124388e+01
3.902693360453177718e+01,1.147510142077807593e+01
6.034179553293552090e+01,1.602056985302190384e+01
5.664842699150029404e+01,2.368010269936620915e+01
4.418732679568287125e+01,2.134350472334890725e+01
-7.240140022469799419e+01,3.093772238412964271e+01
-8.076591487653843160e+01,2.856796782788621059e+01
-7.455941617514669417e+01,2.134760464421921000e+01
-4.490418381106366041e+01,3.007685167822800665e+01
-1.012995852372592793e+02,2.544113952494555519e+01
-1.732321386347008740e+02,1.384778049729903415e+01
1.337346329005993937e+02,3.325310293275401818e+01
1.618920226233524886e+02,2.419034156531088797e+01
-1.470874628159532733e+02,2.563610046634534001e+01
1.697696165844982374e+02,1.815333536368591894e+01
1.758792516922511027e+02,9.054212239242904303e+00
-1.741636114640176629e+02,9.138368933130168514e+00
-1.714186211202948584e+02,1.169885355573190822e+01
1.675810163983994130e+02,1.702883799718802038e+01
1.717072260023205104e+02,2.154610538877148329e+01
-1.682800035679904624e+02,8.969419207331126742e+00
1.778308257448432812e+02,4.335809334307425544e+00
-1.616475635491003402e+02,1.204604599820424937e+01
1.716026646030506413e+02,1.399737996681757579e+01
1.725273692396870899e+02,1.064141660854709848e+01
1.655692011228988179e+02,2.358217759811629932e+01
-1.794930608600663788e+02,1.470606747834237282e+01
-1.677504650867909675e+02,2.168678605519196623e+01
-1.711022025913225946e+02,1.887229571039684828e+01
1.657554367045343326e+02,2.124602039998081437e+01
1.619660609336072810e+02,1.887277501507177391e+01
-1.662016763568008173e+02,2.280356133884268033e+01
1.791061829402492833e+02,2.564517455809588498e+01
-1.731051073146230692e+02,3.156630805887980884e+01
1.594940785167349304e+02,2.533541118026665728e+01
-5.608542006694546700e+01,2.304737263784214107e+01
-6.958459243745438982e+01,1.033093809707146882e+01
-7.059054927007521485e+01,2.062018658930372084e+01
-7.205625311706651814e+01,2.094706715953999421e+01
-7.540212789623841161e+01,2.075770321224370107e+01
-6.190209353292530636e+01,3.169492007102329723e+01
-7.080246873193669899e+01,5.176778649328115023e+01
-5.972404888534581602e+01,2.793856678073288080e+01
-6.636666579490841400e+01,2.280055909847281370e+01
-7.366667625993930812e+01,1.860845988978351073e+01
1.541975297792876631e+02,3.406650777565046440e+01
-1.549538102108420503e+02,4.831854766321667682e+01
1.794428366647555606e+02,1.447465160373246462e+01
1.584804884200404160e+02,4.048109390956987852e+01
-1.721374145907884952e+02,2.545784162411673890e+01
-1.740864940991724268e+02,2.968937794603567681e+01
1.614745504490548456e+02,3.091594049792918497e+01
-1.566245555071479316e+02,2.547267188856363163e+01
1.630003781923509791e+02,2.858225070837282900e+01
1.329005327343309375e+02,3.139019245337817665e+01
1.763935739278408619e+02,1.094659269564620985e+01
-1.745560346724868168e+02,1.485581004911809799e+01
1.775883975400720658e+02,2.705720377435236657e+01
1.710792694349718772e+02,2.671788155292520983e+01
-1.734358146699447332e+02,2.362587719914607476e+01
-1.783522994294009720e+02,2.420820344137788283e+01
1.663346983397425163e+02,8.233454327330559153e+00
-1.558577929997298952e+02,1.530019885369243227e+01
-1.721654569676152846e+02,1.738429766491357498e+01
1.691814336242871661e+02,1.804287260083216538e+01
-9.592942833504999101e+01,2.913964463497392643e+01
-5.654599219504514451e+01,2.444369787124769289e+01
-5.033914805558316630e+01,2.753513852243495563e+01
-6.744967080811844085e+01,2.270568590460401026e+01
-4.190855208556418177e+01,2.265126709938973804e+01
-7.438628938231408938e+01,3.031800557897625481e+01
-3.561082500713474275e+01,2.253076351360439489e+01
-7.671810133221217143e+01,1.728967244259752789e+01
-6.572568481008195818e+01,2.182668501505258618e+01
-8.197230450164816773e+01,1.907648218623594971e+01
1.532175375818088412e+02,9.927213959342218175e+00
-1.456796011042400494e+02,1.171798338157119446e+01
-1.606715017868065729e+02,6.034309941355571638e+00
1.363708625234824581e+02,1.740105429820932770e+01
-1.606799969162738080e+02,1.491359022912108045e+01
-1.592528296381653661e+02,3.455233188164967117e+01
1.302807273737633409e+02,3.128184164059191730e+01
1.794475903742443847e+02,2.264422722812007294e+01
-1.157239014594732112e+02,2.323649392003719782e+01
-7.430267659880979636e+01,2.392795685159891050e+01
-4.815083268008391570e+01,3.317247792563878761e+01
-1.266890770599760252e+01,5.361922480321817375e+01
-6.632722029152328957e+01,4.125169707803362940e+01
-5.005110156961642787e+01,5.925463425222596925e+01
-6.415045608862294557e+01,5.416764609569680999e+01
-8.530093960368532180e+01,6.954254716308861362e+01
-6.884655692741073096e+01,6.530415431568295048e+01
-6.440324582797896369e+01,5.707464814089354377e+01
-8.637996917662108842e+01,4.664215414496645451e+01
1.470904673182337952e+01,5.263883220175303279e+01
-6.503687500226139662e+01,2.245308522621343172e+01
-5.825349355081129232e+01,3.109710491004073063e+01
-7.565405173485198986e+01,2.228248477689080431e+01
-8.438529769890794796e+01,1.012266318008373034e+01
-4.240995936639111363e+01,1.722351918778452173e+01
-8.432741353083369518e+01,3.117738671156373087e+01
-6.389726000610944823e+01,2.473833831907943193e+01
-4.565918385276457769e+01,2.610932498454976169e+01
-7.557638420723719719e+01,3.853276195639600843e+01
-4.087054516834681550e+01,1.796865597326524266e+01
-7.855369609081689930e+01,1.592074224785892866e+01
-5.396525286106455610e+01,1.465902145076868379e+01
-4.436688807091550757e+01,2.651844577220767363e+01
-8.225294707821625195e+01,1.890660864910802985e+01
-3.448067561039432860e+01,2.321673045730465645e+01
-7.570711484077497744e+01,1.584048212735315531e+01
-7.624124844032263582e+01,1.628007155157282781e+01
-5.449706822111171078e+01,2.204023245341636539e+01
-8.534745838670822593e+01,1.726080805834672205e+01
-7.585699989891787709e+01,2.388868667305039395e+01
-1.710711684753509303e+02,5.070688915723179591e+00
1.678274016105285966e+02,7.800334435591615545e+00
1.782470943121442701e+02,1.112452074392486523e+01
-1.758710751604554048e+02,7.556623796174848806e+00
1.639615859777265143e+02,1.372868120045680485e+01
1.762550883175748879e+02,1.103554066381810195e+01
1.783988317633938152e+02,1.541457921192155212e+01
1.684548749076545846e+02,8.849298754591996996e+00
1.754888537600949974e+02,8.856897763853364580e+00
-1.784313823802534671e+02,5.498729843411281237e+00
-1.615642757356569916e+02,1.908996223636965084e+01
1.721207566612830533e+02,9.937671504727894956e+00
1.713865657056404928e+02,9.275906333552718763e+00
-1.651205743935885266e+02,1.460715527953162329e+01
1.793269913015936936e+02,1.392545449328289209e+01
1.675940853706910900e+02,1.151250537862281931e+01
-1.659515796228503177e+02,1.514557036754167996e+01
-1.748436952244014151e+02,1.257967244033202547e+01
1.715525280149440448e+02,1.606698263705837348e+01
-1.713192391873995746e+02,1.570629137871286929e+01
1.790090790558953131e+02,1.144565874014602791e+01
1.766934955023076270e+02,1.617343828737449840e+01
1.788622160598600033e+02,2.669678556404274161e+01
-1.775133553766487182e+02,2.771215591790398491e+01
1.744536851163887263e+02,2.843428961599335736e+01
-1.752155195919503399e+02,2.510743545976896485e+01
1.684530771583610260e+02,2.356643818296577919e+01
-1.701370704883448468e+02,3.365113126234462015e+01
-1.763787450872549414e+02,2.749535185509740032e+01
1.660316967195268489e+02,2.565329838128149476e+01
-1.583938360364979019e+02,2.672557057686621107e+01
1.629441835323387977e+02,2.080749497901226164e+01
1.750254114779018551e+02,8.813125535192970261e+00
-1.722108326881016183e+02,2.153642593799368044e+01
1.628319191734134961e+02,3.195973749076436121e+01
-1.759811959729026967e+02,2.702663249493275899e+01
1.669450742501830405e+02,1.437873613706828557e+01
1.707442022857407835e+02,1.072674227396119662e+01
-1.725268682229392994e+02,1.830006175210200681e+01
1.732458044961098267e+02,2.074365890639962018e+01
-1.752898163950877688e+02,1.661560818900862913e+01
1.654570530866162699e+02,1.791464826119555198e+01
-1.412185287330489132e+02,1.833922787695442480e+01
1.701816142789844264e+02,1.417842635667014584e+01
1.559044903018306627e+02,6.666708974704203428e+00
-1.529585706727617378e+02,1.953336303898854709e+01
1.569535211709888358e+02,1.507134334093282924e+01
-1.700755556856566102e+02,1.714846427451811550e+01
-1.786556532777171071e+02,6.109737518500501174e+00
1.688469320358287860e+02,9.566225861697498445e+00
1.760060851491869869e+02,1.242969405135245964e+01
1.548370225397357274e+02,1.965077606556005918e+01
-1.736823686208603874e+02,1.648342052752993681e+01
-1.579176332158885714e+02,1.703433447310096227e+01
1.654629264565210178e+02,2.202877735939560111e+01
-1.652498303768498715e+02,2.666765332168296965e+01
-1.507214597557371292e+02,3.942841191986794058e+01
1.669747314455648848e+02,2.030197012848802629e+01
1.581151021746595120e+02,1.835891391871417966e+01
-1.596092150487778270e+02,1.979480884848592126e+01
-1.790671373881857278e+02,2.122650550748036835e+01
-1.747302745305006226e+02,1.330168391775937309e+01
1.685240769774443947e+02,2.636087530822340597e+01
1.742654749324491661e+02,6.807929621514499985e+00
1.786999914992606477e+02,1.737638746327814587e+01
-1.650996835286528892e+02,6.911520646478637175e+00
1.536842933083800915e+02,1.962585409708432138e+01
-1.555474574005961301e+02,1.217232921388992395e+01
1.641608864446185123e+02,3.267805840286538910e+01
-1.712521665871801133e+02,1.737830713964677898e+01
1.743677745808851398e+02,2.708449037965890227e+01
-1.659347526801556683e+02,1.854805704546707190e+01
1.753414953353432395e+02,3.113905067346110300e+01
1.714349246980953865e+02,1.862210781595338460e+01
-1.754307957211391624e+02,3.578518145574201270e+01
1.765882829070650359e+02,2.713352269092884939e+01
-1.708456717503007383e+02,2.753389252165293044e+01
1.609138762474838700e+02,1.420060716025624536e+01
-1.771317150086144636e+02,2.938048182013110576e+01
-1.627348779133140511e+02,4.261512972056040383e+01
6.233133541875566408e+01,2.805553997085321782e+01
5.146240915181067521e+01,3.043482001632218470e+01
4.997324775474082514e+01,3.279735981425891111e+01
7.345463116298459738e+01,2.241351398388270155e+01
5.892054892484127038e+01,1.990650693695356210e+01
5.927176521851551882e+01,1.786769917931151141e+01
7.574802657853749110e+01,1.264873940097984928e+01
5.577130848087939086e+01,3.334633880781720450e+01
9.419229114353215948e+01,2.879418070397269247e+01
4.777537876757305213e+01,2.185037422383469519e+01
-6.084632597845384794e+01,1.353346684645437037e+01
-4.103084300421217989e+01,2.826612028625030248e+01
-1.249477950655320910e+02,2.411674847136069744e+01
1.383512275095862378e+02,2.478052250760120501e+01
8.186114716831833960e+01,1.827088167955722753e+01
1.179900422267964544e+01,2.730979315784931316e+01
1.012092889920788821e+02,2.229271764973947256e+01
1.697840594116878492e+02,1.468005612644190094e+01
-1.754878887817392297e+02,1.848329369687715129e+01
1.709951425644494236e+02,1.815936855139883832e+01
-1.494242551022456098e+02,3.063951110626528163e+01
1.476356611183588541e+02,1.617723613264154636e+01
-1.752675035567574469e+02,1.946331527140887374e+01
-1.552412426635687552e+02,1.907579490579437831e+01
1.738503646647706660e+02,3.876353578063676508e+01
1.706272069536079528e+02,2.961591879329807142e+01
-1.674700001413870609e+02,3.228385710421190424e+01
1.618486637697788240e+02,2.769257598243979857e+01
-1.763904615591421816e+02,2.233746224007762748e+01
-1.697864483248508236e+02,1.957469276146481363e+01
7.190849480125376392e-01,3.017204739617556442e+01
-1.418482342769104321e+02,2.619859097946887516e+01
1.043234959703143261e+02,2.166837791783271427e+01
4.059730068693978922e+01,2.365649149225580317e+01
8.520763006504475356e+01,1.645648890770337403e+01
9.422995814476365695e+01,1.611482154937050026e+01
-2.960339504881712358e+01,2.395457592716914519e+01
-9.053055874436110173e+01,1.296058620399613659e+01
-4.969851497969332144e+01,1.594470651955384000e+01
-2.665467214253719064e+01,2.326039846244222886e+01
1.634260093523685384e+02,1.419629900963951741e+01
-1.653997221589288245e+02,1.700322954275931764e+01
1.568854277228686556e+02,2.347238136643523632e+01
1.610046787923714078e+02,2.587274604616679952e+01
-1.467006471643321959e+02,2.937044432408179162e+01
-1.660621531153218768e+02,2.137420939605651427e+01
1.567991033196310013e+02,2.817509560133422752e+01
1.693644961292157802e+02,1.547163276849692082e+01
-1.628182828429704330e+02,2.276966560280614971e+01
1.770692893462890822e+02,2.574882152781152911e+01
-1.747108861388724961e+02,1.956197558314031326e+01
-1.797312524764843715e+02,1.618117315269158496e+01
1.734243235907023006e+02,1.791297938796082434e+01
-1.689043793720141764e+02,2.844428204725995002e+01
-1.685799778893970142e+02,2.530707165991609742e+01
-1.714474829601706745e+02,2.356066198329242667e+01
1.767537192508748660e+02,1.755277050351278234e+01
-1.784269711612313927e+02,2.149564830899483070e+01
1.716356076282616243e+02,2.056542743796894257e+01
1.719395106804380760e+02,1.751488786937846243e+01
1.322125514509251900e+02,2.585126985370641250e+01
-1.597536696663441944e+02,2.154477648086547248e+01
-1.564879326474079164e+02,2.922784182409578690e+01
1.356011032235909397e+02,3.920321526822294800e+01
1.524741621754857306e+02,1.849480366584308655e+01
-1.522693706832897078e+02,1.747044860361620522e+01
-1.731462783950558446e+02,2.174775393018135006e+01
1.519736137749679870e+02,2.238339072950113717e+01
-1.670955473783381535e+02,1.441484171747955756e+01
-1.405141069578769475e+02,2.213371883677804064e+01
-1.650217480770385521e+02,1.779835746041042199e+01
1.657374104858595558e+02,1.610202761981830477e+01
-1.726397228589929114e+02,2.095871583956406425e+01
-1.797745708280588133e+02,8.966169604518873015e+00
-1.764563833016685521e+02,2.331183486029626195e+01
1.761929856754771038e+02,1.121624476845978435e+01
-1.731749698397110251e+02,1.414555742500589197e+01
-1.724757457172706268e+02,1.199587143725995730e+01
1.726070285274076070e+02,1.830282760219180460e+01
1.701762633020435942e+02,1.906817358498637205e+01
-1.654570930466654772e+02,1.827437283819347158e+01
1.684226220279677477e+02,2.265278137702152250e+01
-1.554026355538553048e+02,2.316647014010651517e+01
1.736927285142972437e+02,1.296068911816550617e+01
1.695546446472357331e+02,2.760267482412234941e+01
-1.589803470701439778e+02,2.250180047740663269e+01
1.707763376519062604e+02,3.349569795404258343e+01
-1.628075688971980526e+02,2.746038597286152338e+01
-1.794841610133933330e+02,2.933859176661466250e+01
1.731064513186393867e+02,2.950113838502932140e+01
-1.764324785289829549e+02,1.636446194336478044e+01
1.677985926290538714e+02,2.264290526249209279e+01
-1.691954921321941470e+02,1.996346670118423461e+01
1.739160362601526515e+02,7.559026082462105833e+00
-1.759132355769490346e+02,1.495331779536664030e+01
-1.744355503787759289e+02,9.709203944623313376e+00
-1.613741598255858491e+02,2.248680280582344437e+01
1.455373854109904528e+02,1.413875252687757289e+01
-1.730362631848128103e+02,1.242104963941624973e+01
-1.731635733195192017e+02,1.076993642962635711e+01
1.769763002034198962e+02,1.247757294732760869e+01
-1.767664566109673956e+02,1.251556556179706270e+01
-1.779777017436332756e+02,1.768662786801949593e+01
1.772605786656422993e+02,2.991295812533713416e+01
-1.606636377713857939e+02,2.957394722757567962e+01
1.714565087983787350e+02,3.289103918809841787e+01
1.627424240424690822e+02,3.269057009478560616e+01
-1.597661420489162936e+02,3.077608773463300906e+01
1.768967663734090650e+02,2.381298133915420578e+01
1.683183167786193053e+02,2.545349603722952736e+01
-1.720469377623463743e+02,3.707042406403870416e+01
1.776083426342191274e+02,2.223385385387142676e+01
1.566859888176933850e+02,2.872983103965309226e+01
-1.778590604208202137e+02,1.948369523964196759e+01
-1.799977523379400282e+02,2.252355287499349856e+01
1.676317532734993847e+02,1.209464815447655184e+01
-1.647151930556840966e+02,2.084502849808577452e+01
1.657066735632714369e+02,2.606577212147379896e+01
-1.585506391253907736e+02,1.894813362875804330e+01
1.652536803231297711e+02,1.423909335558186839e+01
1.792074928976098533e+02,2.807159276341971044e+00
-1.607691307592234011e+02,1.994037637303945587e+01
1.506313890553907981e+02,2.395953250037049997e+01
-1.685311693775892934e+02,1.382968103565940332e+01
1.696038499619030517e+02,6.183888614156805019e+00
-1.675003922281350128e+02,1.526510073826431579e+01
-1.783069010770250316e+02,1.393759842437718710e+01
-1.723461293405392780e+02,1.304646160776196240e+01
1.716118017404840259e+02,1.654880726951724768e+01
-1.727743784130280744e+02,1.667967780760180219e+01
-1.548089009281315782e+02,3.317891623432933557e+01
-1.722795857685190413e+02,2.257701433527724788e+01
1.691150802284557813e+02,1.021466766924306313e+01
1.612435626343285264e+02,1.418121197939395728e+01
1.225853973954570364e+02,2.734784761842575307e+01
1.396949698572592808e+02,1.966364622075779067e+01
-1.596388131103229853e+02,2.362439995684292882e+01
-1.544524494140554509e+02,3.521819548068302197e+01
1.587732964794564339e+02,3.278163674522336635e+01
-1.785321684187260018e+02,2.847811685888115463e+01
1.770399010529536383e+02,3.000587239078250335e+01
1.710899727686656036e+02,1.622341260731027646e+01
1.663411213828096606e+02,1.698299306461823477e+01
-1.698204911781431008e+02,2.490098906820134061e+01
1.737161836857392530e+02,1.698857186915813244e+01
1.737082260238591971e+02,1.946707263491074258e+01
-1.617870611458214398e+02,2.797404326962062981e+01
-1.764453339076903831e+02,2.155668992106329540e+01
1.620749134583259092e+02,2.218435269913583952e+01
1.587338247412392036e+02,3.326462169185937512e+01
-1.654164491247111357e+02,1.233737304966928683e+01
-1.688249618508820049e+02,3.627987686362823183e+01
1.438615736597239163e+02,3.849027611586222264e+01
1.354427340552092289e+02,2.112788941510265417e+01
-1.599024863745078449e+02,2.801117717025257292e+01
1.755447027221858320e+02,1.266275432684330049e+01
-1.696439623604225346e+02,1.262189204419575717e+01
-1.700537118140994437e+02,1.480346197965986477e+01
1.359996204863495564e+02,2.756453799770186563e+01
7.432888142929162711e+01,2.219194037801342745e+01
1.776182186548763582e+02,3.385831273941914965e+00
-1.776292745362761138e+02,7.995673352457906446e+00
1.790913383252602387e+02,1.219642674592509834e+01
1.747237988225996901e+02,3.977699658755400769e+00
-1.689764906728256904e+02,8.226466740718354487e+00
1.732422778994709063e+02,8.418462527289557684e+00
1.704496636621714742e+02,1.622369904266935947e+01
-1.769116723475833624e+02,1.216428595518806866e+01
-1.620421920053379381e+02,1.733939233396757018e+01
1.686439104623704281e+02,1.217464726680574394e+01
-1.787167823509162758e+02,1.106738505991417298e+01
1.791238255429881860e+02,1.787402362097354569e+01
-1.674037451341238238e+02,1.308879494636047625e+01
1.749687973200877309e+02,1.689495183892528729e+01
-1.791837302571925647e+02,1.813761205899901086e+01
-1.715059642223554590e+02,2.244593882666586282e+01
1.638504243983060746e+02,1.972498209719793749e+01
-1.775162719842361696e+02,2.046070100670941727e+01
-1.719677705445408264e+02,1.264449760457740268e+01
1.709562044065276325e+02,2.920727652324288215e+01
6.760747245383889492e+01,2.206566704477142338e+01
6.995502350846113870e+01,2.594589327668222722e+01
7.486716381177681967e+01,2.569313218760221673e+01
9.316240361942038817e+01,2.213201616335216571e+01
1.021559153463011995e+02,2.818348924162030045e+01
7.435222767102659702e+01,2.473605615647327483e+01
7.739112074297440813e+01,2.434581376432556965e+01
6.767118920878901633e+01,2.527908496329987997e+01
7.523463714292446980e+01,1.966956271886985874e+01
9.533714368678528217e+01,2.252751253778325236e+01
1.510494643258026883e+02,1.507698394075253745e+01
-1.201784970825071923e+02,1.585985141385799935e+01
-2.431057142109623825e+01,2.512994379873351036e+01
-8.056481004013932079e+01,1.351350070729197128e+01
1.751713227569784124e+02,1.348617825544491922e+01
1.321983188836383647e+02,1.640780703616888658e+01
-1.370925062644439265e+02,2.074557384672286275e+01
-1.700801901978954334e+02,8.973213758419403163e+00
1.531753364918119757e+02,1.693571912406293123e+01
-1.547169334685948172e+02,8.186554346924786785e+00
1.593648478930855106e+02,1.200443501350347475e+01
1.623434966346453052e+02,1.071999231168924283e+01
1.787750021094205977e+02,7.535563964820113370e+00
-1.780741385342937519e+02,9.540310658860114756e+00
1.650351641471289668e+02,1.142929564780252605e+01
1.682198467217660038e+02,6.624611306561002166e+00
1.579167561870366114e+02,1.294489785230534196e+01
1.683012078969269396e+02,1.384232902733660708e+01
-1.753964947599825734e+02,1.601268187725865388e+01
1.787700958387800654e+02,2.445603154076733077e+01
6.247484131692891651e+01,3.777677728147267544e+01
3.973900139795684794e+01,4.234057353648029220e+01
6.844147415374867194e+01,3.855813393882134221e+01
3.798434571717507424e+01,4.401394575070513326e+01
4.740429015990909534e+01,5.530612917573314746e+01
2.560670335795869335e+01,3.050142766842598974e+01
6.726168126207819853e+01,2.064332295488789981e+01
6.511961007378587851e+01,2.312493019842249709e+01
8.806847856913510952e+01,1.558718224881984327e+01
6.527419704106091558e+01,1.357768729107080574e+01
2.987557136315836459e+01,1.697234276629432870e+01
9.989339503337939163e+01,2.665334527198666592e+01
7.997235113458648925e+01,3.017905500166791910e+01
-4.520259168577097419e+00,3.700834324572187484e+01
-7.063226806311705275e+01,3.003018514671190076e+01
-1.287304587650326653e+02,4.402329692723738930e+01
1.535040485391178038e+02,2.207428593532355166e+01
-1.647981613077800773e+02,3.197147111307621969e+01
1.464024553449131929e+02,3.176749646306491570e+01
-1.391739927852105438e+02,3.608349307574295750e+01
1.716462877653200962e+02,2.246366536494863908e+01
1.712199415069785857e+02,1.181771160312740321e+01
-1.613372344970736947e+02,1.839057089763358022e+01
1.751778926316556237e+02,1.327412424437337002e+01
-1.797219255795539823e+02,1.400184834029593439e+01
-1.602806726734695530e+02,2.791833452392549830e+01
1.625059187346903684e+02,2.893942102447223519e+01
-1.636687453627480409e+02,2.922683788904668489e+01
1.792642815621001944e+02,1.812304820754859591e+01
1.692438238058424815e+02,1.695276998408468216e+01
1.146196864623891685e+02,2.559010911944358924e+01
4.750760304288085223e+01,2.529332405657827465e+01
7.298443389450441998e+01,2.592583195286106701e+01
7.253203317082210333e+01,2.154070200978313210e+01
5.394011657946149541e+01,4.135472786920086463e+01
9.496083267224408075e+01,4.312539354559567073e+01
6.803458060786735473e+01,3.694639057412262417e+01
-4.669878890760976731e+01,1.820968523355019286e+01
-7.249309031509352508e+01,2.269532636999709041e+01
-7.415355713025797968e+01,3.260315003771674469e+01
-1.492506869287607572e+02,3.313667345892216076e+01
-1.605811546956650204e+02,3.694856343614086569e+01
-1.758308342603883716e+02,3.314930903876516055e+01
-1.577731513861399435e+02,3.712499098012729348e+01
1.627580574373774027e+02,3.816689687816136711e+01
-1.720735655754230038e+02,3.469926306532349258e+01
1.741876535080367603e+02,1.835236511231818213e+01
1.539830949346644786e+02,2.813947754714969562e+01
-1.566199509057412911e+02,3.272070423674369266e+01
1.764079220854935386e+02,3.576408412015700833e+01
