dihedral_deg,energy_kJmol
1.782045508088744157e+02,2.826847449685448765e+00
-1.791427816359595511e+02,2.201932899120921494e+00
1.780096929652756614e+02,2.684927723525375232e+00
-1.789567036603702661e+02,4.537851069361786838e-01
-1.777724125561898347e+02,2.683499056474754063e+00
1.782694695128780609e+02,2.356770673744798650e+00
1.786046407090181276e+02,1.149967398192365930e+00
-1.785860274172890456e+02,3.006761102673738861e+00
-1.792209609799161854e+02,1.892205318846774009e+00
-1.743993670897024515e+02,3.650582354593749912e+00
1.772370975584540815e+02,2.245708631049017967e+00
1.799028042498768798e+02,1.168105888039826512e+00
-1.751312812006057413e+02,2.702595898252742046e+00
1.698753950583598566e+02,1.524344013358902128e+00
-1.742723972002214907e+02,2.681509225749926451e+00
1.685395843029723437e+02,3.630783234401150139e+00
-1.690868909646385703e+02,2.815644373366162689e+00
1.725170968718123561e+02,4.889129588880159361e+00
-1.771956359739069740e+02,3.930547751231365794e+00
1.712459534783977801e+02,6.617868864141618346e+00
-1.674863527974319197e+02,4.771292506591395366e+00
1.697534868158270172e+02,4.078671293524587682e+00
-1.739329713493895895e+02,2.765213319293030381e+00
1.756252428643911117e+02,2.339187673818279301e+00
-1.747370461249957430e+02,2.235791952978694486e+00
1.749151993670214154e+02,3.091577292119677356e+00
-1.770248976215185905e+02,1.329620668439061681e+00
1.754699352987648808e+02,4.427675878477960403e+00
-1.742497546041812484e+02,3.423521638576552562e+00
1.754896896175885672e+02,4.882831964898551647e+00
1.703152477908933804e+02,3.867074008332332724e+00
-1.648181080153982805e+02,4.117475839997929654e+00
1.603592179433898934e+02,6.802168342976080417e+00
-1.620824410494328731e+02,4.878049461962086220e+00
1.779602109171364077e+02,1.606262332070039545e+00
1.661283368848013424e+02,4.837212583720988945e+00
-1.673943772479281620e+02,5.637420174902540992e+00
1.635022930231979501e+02,7.420074823871567915e+00
-1.735177684625903680e+02,6.248739604684262261e+00
-1.756347815829830097e+02,5.486144694700310076e+00
1.740719100279150098e+02,5.023038601962911187e+00
-1.733648231061211504e+02,3.970817415977591303e+00
1.726571907221474191e+02,4.252463710813751518e+00
-1.794224979058225813e+02,1.390756869180792110e+00
-1.680337814422014731e+02,3.965217500440217258e+00
1.629140438274950782e+02,6.056684794365551738e+00
-1.652727794981896636e+02,6.678678257411545971e+00
1.718118775434245720e+02,2.991653025419097389e+00
-1.740754699886990409e+02,4.561266659187046990e+00
1.781042429334626434e+02,3.746695561652094497e+00
1.753017775839461478e+02,4.827592868186656894e+00
-1.722611255608617853e+02,2.669715132092940202e+00
1.627916635994727983e+02,6.061960151803857499e+00
-1.582168405855033484e+02,7.803712061570264424e+00
1.661703711919903412e+02,4.494329024422621721e+00
-1.676734423497307773e+02,6.180582859662443695e+00
1.748082122813473518e+02,4.995565302191556256e+00
-1.749073450481691054e+02,3.817088049981275155e+00
1.727379683207997232e+02,3.573226308985271604e+00
-1.723138991752342122e+02,3.597346323656868350e+00
1.697295535191595377e+02,2.854428479428579912e+00
-1.699101271169658389e+02,1.524387286294571986e+00
1.713872725124777219e+02,2.569233315324836120e+00
-1.687461649629333635e+02,3.393282506248605834e+00
1.710182230311123703e+02,3.501493624064811350e+00
-1.727199800123327975e+02,2.671283795090188207e+00
1.786270456018243635e+02,3.295804168820820390e+00
-1.781759489111524033e+02,3.534345652513029901e+00
1.765525237571550861e+02,4.598437079569413832e+00
-1.728420167267284455e+02,2.747557057294957694e+00
1.733152849179926989e+02,3.289146008431217627e+00
-1.720552177861476082e+02,3.450870752524513918e+00
1.732636933386029625e+02,4.910355276619393194e+00
-1.782618009003538759e+02,4.412462992101676029e+00
-1.740455044724447475e+02,3.008158921170727584e+00
1.761290105850418399e+02,2.370201830771748952e+00
-1.758476450728261113e+02,3.094146237129439925e+00
1.744809152766690659e+02,2.976298086784554098e+00
-1.734661332196720878e+02,4.070145515530922076e+00
1.692616632914406125e+02,2.749045593496239448e+00
-1.742508012248734985e+02,1.438498916703917718e+00
-1.786408493055444353e+02,3.327540938555687777e+00
-1.782924130844082811e+02,3.790777322269645921e+00
1.707734688718339555e+02,4.291452647781846430e+00
-1.640600898229251356e+02,4.856424303724283575e+00
1.592730427179684511e+02,4.180055676881885063e+00
-1.710977586842477365e+02,4.306301165258012098e+00
1.786443787786517134e+02,3.504636976047272423e+00
-1.790787826226006132e+02,7.136502167331137514e+00
-1.781736526474826405e+02,3.489309437957589299e+00
1.681258415118207665e+02,6.562834892409022736e+00
-1.771424643324344856e+02,4.096612287838474309e+00
-1.761683732169303767e+02,5.853362910694229981e+00
1.733557780994938184e+02,4.421478335586157549e+00
-1.607559866712750534e+02,1.007999912700693024e+01
1.664624948431828102e+02,6.386252428527562586e+00
1.792779718456469311e+02,9.085005185552926577e+00
-1.731528263423570593e+02,5.377533352734687355e+00
1.655637864780381960e+02,8.767956396081210357e+00
-1.600251752708706192e+02,6.149704012125488006e+00
1.594695768565630090e+02,7.577403347303740766e+00
-1.745696835974638077e+02,3.000839122864353836e+00
-1.754170289581109330e+02,4.107637167197682793e+00
1.739974572484694022e+02,4.883803073372938286e+00
-1.692306404366861727e+02,4.582073542326673632e+00
1.746112155312106324e+02,2.506721966656874301e+00
1.762289367414713865e+02,1.234386036529950159e+00
-1.762295941729350943e+02,4.475213599853354651e+00
1.723898653550680535e+02,7.002562769550878308e+00
-1.730777282901596834e+02,5.479498065506541060e+00
-1.722409853526505685e+02,5.280594125684634932e+00
1.711949562933658910e+02,6.361087202953719100e+00
-1.679004575836298443e+02,5.425646446077088569e+00
1.653886970107173227e+02,5.664493494182169187e+00
-1.680833530269835876e+02,4.584415705450221701e+00
1.753231195913067779e+02,3.783675714721805861e+00
1.789351279817195461e+02,3.850978288073865663e+00
-1.756740485649811774e+02,3.127811724835340534e+00
1.773354681366390366e+02,3.150123780931981088e+00
1.767241121006708227e+02,1.375983052515398430e+00
-1.762378628501660955e+02,7.066633296259152708e-01
1.741450192803999641e+02,3.320445764340405947e+00
-1.726901254262521093e+02,3.945105114092772425e+00
-1.788019693525246225e+02,3.362395579298382842e+00
-1.770401800764224447e+02,2.235546335136723961e+00
1.767651100738202672e+02,3.898751605265863951e+00
-1.713640236279756834e+02,4.102246302253231391e+00
1.581694135920971576e+02,7.826687384949126525e+00
-1.575106201658719272e+02,7.893986378976883600e+00
1.634410950967080112e+02,4.670634131371845577e+00
-1.699556405258237533e+02,9.796165144547895665e+00
1.759348584393264900e+02,7.324078165019345832e+00
-1.789568719988511702e+02,8.355284141944714804e+00
-1.792254776725076226e+02,8.383301200138017606e+00
1.700333763337002893e+02,7.673175105173919874e+00
-1.748467356191427484e+02,8.222790904609485807e+00
1.710794327621074729e+02,8.912967952710840080e+00
-1.735009906586838326e+02,7.966861382943577041e+00
1.778284795765854369e+02,7.211789125801017164e+00
1.751427236431021299e+02,4.632629047286549451e+00
-1.754075963588552725e+02,7.435427772176467442e+00
-1.778588620629845707e+02,4.537614127087310045e+00
1.785960571481805630e+02,8.762964683218484652e+00
-1.775355994477303625e+02,5.302424246032012789e+00
1.759343310511998766e+02,6.755066024158240978e+00
-1.776275108115359842e+02,4.348812068227761785e+00
-1.773421233092705904e+02,4.886940526162128151e+00
1.703743143651343530e+02,5.930679218750736226e+00
-1.693308280757658792e+02,5.873875219739813858e+00
1.745835466050938294e+02,4.058787995161130979e+00
5.534140420668337867e+01,6.330756113637491467e+00
5.922370583077297113e+01,5.862139367368180309e+00
5.287736848787725563e+01,5.782122557354043124e+00
7.326239337052729184e+01,5.655813591049004607e+00
5.793197736318839475e+01,8.011572111268499441e+00
7.159734198185887522e+01,7.531380765254553467e+00
6.630612896078945084e+01,8.416685008494807718e+00
6.276526798809798890e+01,6.725755594683485938e+00
6.644626748423839047e+01,7.235195828028935239e+00
5.309705810146600413e+01,1.000974202704707849e+01
5.676846436285711661e+01,8.490635053724272296e+00
5.966563691700440586e+01,8.404377409899836948e+00
5.833522491407199340e+01,6.707112581701515808e+00
7.845398146418511942e+01,8.766558201099430292e+00
5.933117855008634933e+01,7.957714923464408230e+00
7.473827775881697733e+01,6.798612425082045441e+00
6.582576964993869240e+01,6.126897801800767596e+00
5.820408109449400058e+01,5.167376545488267858e+00
7.445605295101415777e+01,6.669372523274261333e+00
5.577218971807023706e+01,6.260942052158868343e+00
7.452727460340074117e+01,7.196089260399491039e+00
5.418850114343644009e+01,8.938010300148045317e+00
6.440884386770397896e+01,5.839436539578439778e+00
5.959267274888559740e+01,6.762249013926858510e+00
6.829669429983000839e+01,9.663442289115863559e+00
6.629674428895094707e+01,6.409484991611845039e+00
6.677690416544066920e+01,7.571988809002100140e+00
7.921240829464126421e+01,1.129988065407913211e+01
6.029358374436761636e+01,1.339170485424460111e+01
7.824031799444183832e+01,1.175519309452123196e+01
6.290984829088991859e+01,1.149815296478215387e+01
6.385781294373105510e+01,1.147367981018711447e+01
6.597509040786289347e+01,1.227823912244334359e+01
5.358661105230019928e+01,1.395837189934567135e+01
7.036413165125841829e+01,1.106099657571282435e+01
5.846292399598954859e+01,1.192835541606387295e+01
7.037790791686688863e+01,1.054292945765927847e+01
6.798416013624225229e+01,9.107328869769258262e+00
6.570691083451929160e+01,1.047737886307739252e+01
7.879314463996755080e+01,8.595210421880969065e+00
5.527253768611615925e+01,8.128361108900637788e+00
7.001304296842168640e+01,8.147433969834274592e+00
5.524576525165559104e+01,7.210991903286454452e+00
5.580939851208417224e+01,8.254413953116980451e+00
6.669350172205599847e+01,6.207032545267594514e+00
5.914453434221024253e+01,5.894494819095745797e+00
7.097354244232369069e+01,8.983898149492782537e+00
7.522265663543676339e+01,9.432500179063982415e+00
7.306527518140471500e+01,1.127312491187582388e+01
6.620060132338599601e+01,6.387069907154020676e+00
6.253737279546725603e+01,6.184290375041146426e+00
6.084003395690213978e+01,9.111317261589348959e+00
5.284838230761188527e+01,1.141387237987933290e+01
7.455558446696903729e+01,8.621752219462294420e+00
4.940720455597900695e+01,1.084799260565923618e+01
7.937895348188972378e+01,6.372211127889958249e+00
5.934596145529803835e+01,5.890729938382907704e+00
7.128312753283213965e+01,9.287844320298784595e+00
7.790880426157501404e+01,7.971931010014266406e+00
5.721927875396815466e+01,8.928749223043304539e+00
1.769998371346976853e+02,5.468444928763748436e+00
-1.792938052788830419e+02,4.882694953346604194e+00
1.792200765174540038e+02,3.744352374246310511e+00
-1.777490036092514458e+02,3.599533714335919399e+00
1.769760345551207763e+02,7.332902089233503062e+00
-1.709879080386769488e+02,6.322603737651802724e+00
1.686739832652602331e+02,9.355106597841624350e+00
-1.658400072772980138e+02,8.720443975394028158e+00
1.640290817645398533e+02,7.658009013551364319e+00
-1.671125032227180895e+02,7.792350837752955783e+00
1.634482985697806612e+02,7.677456514246593144e+00
-1.680702235262673980e+02,6.644099893511711485e+00
1.669316514395833053e+02,6.228639930962649451e+00
-1.785507937571933326e+02,5.935656427032312443e+00
1.730419540356670041e+02,8.694462311956108636e+00
-1.747960444289846009e+02,7.411478005313594686e+00
1.705948630611020462e+02,4.160939185570378562e+00
-1.669464180195728602e+02,4.635424540080929745e+00
1.687118867507505229e+02,3.774066170570460343e+00
-1.714106609187134040e+02,5.997820060763290329e+00
1.699962242824025793e+02,5.037836481948877676e+00
-1.706492164205083952e+02,6.283125133968210818e+00
1.743631426186032058e+02,3.124518721181013703e+00
-1.780462167287319630e+02,5.887151818839305939e+00
-1.797907375077165000e+02,5.492589370667197102e+00
1.795970028081717373e+02,7.186231798780582380e+00
-1.746452737463663709e+02,4.272611953151476349e+00
1.738280832558771181e+02,2.897116346803330966e+00
-1.750014842810909954e+02,2.603282593515105603e+00
1.730477993765384781e+02,2.732249174725281282e+00
-1.702772006434142611e+02,6.545624327964167044e+00
1.669208999860401548e+02,4.851345047547416911e+00
-1.594724636955313599e+02,6.649830580458610640e+00
1.634539427984449844e+02,7.071722398335039017e+00
-1.658229014749719568e+02,3.760501651936017709e+00
1.649123813824760134e+02,4.755480696282225139e+00
-1.681200929202750274e+02,2.827094535097898653e+00
1.743555835065283475e+02,5.537831859770179221e+00
1.799105018966728551e+02,7.241897354402017761e+00
1.790274303625744494e+02,7.404485024384489300e+00
-1.783363643405131995e+02,1.494864358067058863e+00
-1.720464448095004286e+02,3.641792552639445013e+00
1.704136796461180552e+02,2.808841185560406739e+00
-1.681293360811468744e+02,3.882750192019387647e+00
1.755668210065202004e+02,1.226722910390544596e+00
1.783776889270091601e+02,1.772301003387764862e+00
-1.718158334049929579e+02,2.398638486811763837e+00
1.727433966952550293e+02,3.326872695404716307e+00
-1.760210025404772978e+02,3.441092107112064369e+00
1.783480816247241307e+02,3.614065767677724139e+00
1.779797580676874134e+02,3.182688523938084657e+00
-1.764074361206263859e+02,2.699360200787197073e+00
1.738542416173779941e+02,5.245081501888885001e+00
-1.764876423193852872e+02,3.975959046992378454e+00
-1.799693015213580907e+02,1.039083884185481255e+00
1.746002793147226555e+02,2.507796065356922899e+00
-1.698054055483099489e+02,3.060579338824132023e+00
1.707463237546770358e+02,5.394261369644429038e+00
-1.752202805573558635e+02,2.827091674441495783e+00
1.799782733713639402e+02,4.900980831053896480e+00
-1.767588171339532437e+02,4.668107274883004365e+00
1.699564735953449315e+02,6.081517576131141745e+00
-1.701203745498917783e+02,8.545819273393790994e+00
-1.799358154727961789e+02,5.787675244800059460e+00
1.766488841379094481e+02,9.911256169134190941e+00
-1.680685357722528579e+02,5.170903877584140496e+00
1.646966636981555041e+02,4.975615635544219373e+00
-1.705171463808302974e+02,3.337139600802608630e+00
1.711524098694748943e+02,3.666588027911499736e+00
1.794045601295074732e+02,4.385266060067382732e+00
-1.767740527284723555e+02,5.441307279340691139e+00
-1.769574061310997308e+02,3.240123844337350789e+00
1.684591602996605957e+02,5.015079757233121605e+00
-1.654680805549907063e+02,5.543638232638734564e+00
1.692072895946383255e+02,5.247082800152093718e+00
-1.682174689093916697e+02,3.538756458415672324e+00
1.692610066431698499e+02,2.971067520365567205e+00
-1.735857819738498051e+02,2.212249106401678045e+00
1.744755224961566284e+02,1.564708186076229746e+00
-1.721939018525918073e+02,3.217284249149795272e+00
-1.666163367352404236e+02,9.518483066702540185e+00
1.743807119167896644e+02,7.685742681519323938e+00
-1.769628869443696431e+02,5.601905679552762862e+00
1.798868822589366232e+02,3.143810119790253044e+00
1.791569325448550387e+02,2.319208533511030179e+00
1.772635723919701718e+02,2.016173584628211390e+00
-1.751937618894011734e+02,2.981491009122025027e+00
1.687189722558106837e+02,3.079520012770651682e+00
-1.722709036225973591e+02,2.658560273733805879e+00
1.741095995024785168e+02,2.740485899400525227e+00
-1.782021414335415272e+02,3.249344772724099606e+00
-1.778530029973563842e+02,2.804912104361156011e+00
1.756754277551867460e+02,3.050296440197035164e+00
1.761672158212052750e+02,8.405219702193331699e-01
1.782199109243601924e+02,1.109528503172799940e+00
-1.767136392318307685e+02,1.760807547046224997e+00
1.762801241265299552e+02,2.456625958686636135e+00
-1.791672528733715239e+02,3.102824710424462396e+00
-1.796415799604606320e+02,3.095897781900053491e+00
1.794656089522229649e+02,4.545145051652437651e+00
1.632444729498065783e+02,7.408251358343052928e+00
-1.713837983881905984e+02,4.930695065927580778e+00
-1.732831201005462560e+02,3.834065317998416766e+00
1.703514211338881239e+02,7.598740292826938969e+00
-1.716002108364241678e+02,7.104994110789007777e+00
1.794611233753418844e+02,7.108498225353200084e+00
1.766971113146781818e+02,4.876438390183950311e+00
-1.773326940107157270e+02,6.556461069076890524e+00
1.741144305681163473e+02,5.679274235683557492e+00
-1.762997624571784741e+02,5.858653585764203697e+00
1.784237266808481479e+02,6.515046352104328697e+00
-1.793339391823822666e+02,6.117348187534283888e+00
1.781549513018932771e+02,5.739132954054288582e+00
1.788447424475510843e+02,8.585915544672047872e+00
-1.768401357191683303e+02,4.750690616472144967e+00
1.740507790746149510e+02,9.327119646558806210e+00
-1.793911326465756133e+02,8.940894692139943700e+00
-1.761907783495474860e+02,6.703667967332567201e+00
1.731828768772105036e+02,7.659229162788582457e+00
1.778135261731299579e+02,4.511651551646673752e+00
6.504740444033333802e+01,6.036224850148615317e+00
4.899651559636929221e+01,5.540553845093394436e+00
7.470006174323947334e+01,5.270425112201108320e+00
6.146643305392142764e+01,6.587398065844336514e+00
6.869435653627388660e+01,5.476685884999277221e+00
6.580824649808069182e+01,5.147823276320762531e+00
5.599811032445910541e+01,4.793367406318384205e+00
7.054873058475617142e+01,6.417949046072216390e+00
5.502051621885300392e+01,6.024649121624737091e+00
6.574594897787042669e+01,4.643997137247271034e+00
6.280956771943315431e+01,3.708448973974061147e+00
6.072458605839336343e+01,4.389254404140428001e+00
6.232263865132924252e+01,5.012295795705130175e+00
5.889706994498197901e+01,7.126152833883715232e+00
5.612183850184161571e+01,5.959258065551246375e+00
5.885048617172044061e+01,5.895798844027753560e+00
5.865016943655977855e+01,4.928375797091378629e+00
6.356818040311386397e+01,5.985936162755331580e+00
5.925919727238682100e+01,5.944475719319395779e+00
6.123953930960112757e+01,7.119242913274664630e+00
5.797276173518275755e+01,6.052709508142255501e+00
6.393599595100388200e+01,6.587808782876416025e+00
6.200155625134027559e+01,9.488434616423077728e+00
6.036393866048489798e+01,5.486582013206325215e+00
6.242286533231094836e+01,6.519515322381353783e+00
5.578778235701565791e+01,6.947508677963403656e+00
5.497986666560845492e+01,5.691001686810174931e+00
6.756482207292148701e+01,8.071395854138138759e+00
5.859808299217610994e+01,6.729254783367899506e+00
6.175740374993969084e+01,1.003562641232937658e+01
6.360677857423254267e+01,7.987479007697068312e+00
4.475093647599609881e+01,1.053405429864927534e+01
6.123172790693205769e+01,1.359289904731134335e+01
4.733851715628996715e+01,1.187702123712761804e+01
6.226419980886227279e+01,1.048065058559792107e+01
5.767750089032323046e+01,7.545826907911722614e+00
7.486037310448743654e+01,6.720860079667165365e+00
6.044474337494974492e+01,7.115300737095376249e+00
7.044132941175067231e+01,6.938914817100082288e+00
6.602297357929047905e+01,8.949561328602188226e+00
1.609142645031751613e+02,4.750321979334094280e+00
1.740970726504167487e+02,3.446855050972444268e+00
-1.680707888667654117e+02,4.715166988639921897e+00
1.738605900897810841e+02,8.078852402976313130e+00
-1.699203701297030022e+02,7.569501757587687507e+00
-1.788875174459213326e+02,5.207797804778130590e+00
1.721315629080141605e+02,3.443129310757011119e+00
-1.658481830491629694e+02,6.428681429998233554e+00
1.670789561151570126e+02,6.623537424115761851e+00
1.778950599290897117e+02,4.380992427022402325e+00
-1.700358001251845224e+02,5.779586846268338185e+00
1.661701839814258506e+02,6.004089195714260363e+00
-1.616256442861153175e+02,8.103953380830475339e+00
-1.769777343773985194e+02,2.992891442134926194e+00
1.688452626569150823e+02,5.434167801504662165e+00
-1.726060779982397264e+02,7.455396016010327642e+00
1.777310029852053503e+02,4.747440913786919126e+00
1.736293913423925233e+02,7.962685968488335320e+00
-1.711183662780536849e+02,7.749256115343410301e+00
1.692269445415988400e+02,8.053402835935155935e+00
-1.757385894544514713e+02,5.505216997652402355e-01
1.726257778595308707e+02,1.728117617961325347e+00
-1.715600105835310671e+02,2.210571688093831533e+00
1.761986927109200849e+02,1.159227086030857778e+00
1.773676346944118336e+02,8.762085529078720292e-01
-1.744725562909511609e+02,6.099773823677347995e-01
1.758491502827210979e+02,9.937743147225985840e-01
-1.792349805925975943e+02,1.372519453902710351e+00
-1.745929072118292424e+02,2.273268941546844779e+00
1.713930794258396020e+02,1.822172162285276453e+00
-1.735316527050509023e+02,2.426137100353196629e+00
1.779672729768236081e+02,1.220721966434375361e+00
1.759534032964782853e+02,1.639284586978816627e+00
-1.711727728218097582e+02,3.806930831622807432e+00
1.772393012866619415e+02,6.123594273700386559e+00
-1.790079974632515700e+02,3.857192049728247696e+00
-1.761175673373766983e+02,4.105286033382637534e+00
1.679399821315674899e+02,4.692104773873460033e+00
-1.765083952109375502e+02,3.453065355233017275e+00
-1.782109544098202889e+02,2.464743111570339096e+00
1.712161069082065978e+02,1.197309392878806733e+01
-1.710214285275442023e+02,6.032319915230198504e+00
1.744854164634464269e+02,1.003012049395496774e+01
1.797374599012591716e+02,6.935520954366000801e+00
-1.718543617157115477e+02,8.525564773955780495e+00
1.747482976145543603e+02,8.437150666621549888e+00
-1.688197049706999167e+02,6.358585872894620294e+00
1.762653221584508003e+02,6.221907402294940326e+00
1.770811538659300197e+02,8.582919513947025791e+00
-1.741303567843075086e+02,9.076776478358077327e+00
-1.773633374079022929e+02,1.206167984049726627e+01
1.672196267173281115e+02,1.015104662940680491e+01
-1.723977763947897301e+02,8.651905035581028969e+00
1.784535536104966127e+02,8.648940342134515902e+00
1.759421765362380086e+02,6.651223750216310293e+00
-1.694549927894185828e+02,1.493643144117390875e+01
1.780003990744338012e+02,7.250064341788625022e+00
1.773480649571436345e+02,9.671157417129968792e+00
-1.770257013357387734e+02,7.597386350153723100e+00
1.758065639814259953e+02,8.284245494284588673e+00
1.709599199456642111e+02,4.563173199522976731e+00
-1.700786366220759476e+02,5.090902450751636721e+00
1.706993321243511730e+02,5.353407508944393101e+00
1.755584603321642021e+02,4.045539084279936581e+00
-1.712522433795884638e+02,4.560724496953927343e+00
1.684526386509452891e+02,4.367555557644673847e+00
1.778085192826446246e+02,4.004616381552040139e+00
-1.729551234735762080e+02,4.875663507280759923e+00
1.757526484600674337e+02,5.211965076899673477e+00
-1.787961267988756333e+02,4.078701915138569944e+00
-1.769979046981279396e+02,5.043977149072189192e+00
1.702879274458063037e+02,7.535649436355164710e+00
-1.789025419233264529e+02,9.291231105314199823e+00
1.773280674225431142e+02,6.329872802917986263e+00
1.710510406794472829e+02,5.730485037325104614e+00
-1.682565913206456116e+02,8.796178014060277661e+00
1.724064961387037727e+02,7.239083306263888851e+00
1.763904247590617445e+02,4.522623249956112090e+00
-1.662271245378275921e+02,6.865655545710461993e+00
1.709788161143535490e+02,6.809308581353070267e+00
1.742856059144003780e+02,6.090958972739175969e+00
-1.775800812500657173e+02,4.117926305550945187e+00
1.747233317937334505e+02,4.289705290364511647e+00
-1.761892376868159715e+02,4.496316063822947129e+00
1.719881508623961963e+02,4.831392592043275869e+00
-1.655061645501872079e+02,4.762396872304367257e+00
1.678421739764150402e+02,2.467003504546573467e+00
-1.715933211763023678e+02,2.260536366066147718e+00
1.792732024079438702e+02,4.345369887272607201e+00
1.792236595088103286e+02,6.747504318585284544e+00
-1.778669283721028194e+02,6.276554848240122553e+00
-1.695040507207631890e+02,4.148894340160388161e+00
1.670175567510870280e+02,3.386167741306048917e+00
-1.698068308480381177e+02,3.501064324451624632e+00
1.715042446996652643e+02,4.324398581404888198e+00
-1.758401056097542323e+02,4.896527941342319501e+00
-1.785960337085604124e+02,4.674001382349834977e+00
1.727774801536654081e+02,6.273499171640541938e+00
-1.744856301982974287e+02,4.299165457906202192e+00
1.763202190667489049e+02,2.393892091147002077e+00
1.743699828601607180e+02,8.195437598300378212e+00
-1.755936992576029922e+02,5.515561578220824046e+00
1.738965336326581337e+02,6.970255784588003323e+00
-1.725365452114179163e+02,6.503006666956792969e+00
1.782029526470178098e+02,5.834920394430183066e+00
-1.721495256350351610e+02,6.802101457224803305e+00
-1.770021886265625994e+02,5.898134270670999157e+00
1.717951148766974825e+02,8.587695268165600027e+00
-1.676019741538173946e+02,6.292678921714357720e+00
1.745295569026853002e+02,5.640482573570647418e+00
1.744317569934079017e+02,5.903612947530741728e+00
-1.738971627982095356e+02,5.471026247157574574e+00
1.751944627407422956e+02,5.061345533987672063e+00
-1.747194041773566369e+02,6.228695217013209273e+00
1.790810311051622250e+02,6.642083732249057348e+00
1.790220525600806809e+02,5.247145055423393600e+00
-1.655959082407672440e+02,5.676164007543675893e+00
1.769678801451597110e+02,4.265818067340416242e+00
1.739340921623621057e+02,5.202922715368060835e+00
-1.739988006511367757e+02,8.089399136524452416e+00
-5.586091562734220872e+01,8.044047037452514815e+00
-7.981227060960243591e+01,8.317035486019936030e+00
-5.422233972432130855e+01,1.260917545332015521e+01
-6.901458713440217707e+01,8.325181061613509570e+00
-5.980148557503854079e+01,9.993842930524492019e+00
-5.793025363053956056e+01,9.752125609759113800e+00
-8.083917579713195778e+01,8.371649298856965515e+00
-5.592558863946235448e+01,7.924196396848255830e+00
-6.692320314838967477e+01,8.164167076208302731e+00
-7.003545986829564640e+01,1.215226818913711959e+01
-5.434003899502584289e+01,8.820687658919776908e+00
-7.423150142940167484e+01,1.157490147996102081e+01
-5.393667922567703954e+01,7.496030389931153337e+00
-7.020409221766620078e+01,8.289743267087803957e+00
-6.764727732093504642e+01,7.564993780380012467e+00
-6.352346297969154421e+01,8.866534457199760411e+00
-7.036954899684874931e+01,5.299749987941785534e+00
-6.182683638554062355e+01,7.209952925268435564e+00
-7.112014949428164812e+01,5.069173328427394765e+00
-5.549338586434917175e+01,7.444475266663484803e+00
-1.627634614803482691e+02,1.016958839594532549e+01
1.756327581549057015e+02,6.662594363409900744e+00
1.696329088518282902e+02,6.020464399566189506e+00
-1.653214178119664268e+02,6.943554539822788918e+00
1.675438428606646255e+02,7.412591339503636689e+00
1.785331977382303137e+02,7.233156155438608792e+00
-1.683691016517539936e+02,7.620467468325248461e+00
1.731318266014838514e+02,6.794970306525373260e+00
1.795615421003502661e+02,7.829011982321755880e+00
-1.696105207992976318e+02,7.070941294466827287e+00
-1.791087434212658707e+02,5.723838256535619173e+00
1.739923527443675653e+02,8.103703878363006652e+00
1.795993775814122273e+02,7.202605991201990854e+00
-1.727123365435149651e+02,1.016666910172326155e+01
1.722388952626953653e+02,6.793909449416268842e+00
-1.757049359728286504e+02,8.291454899862436889e+00
1.790561308313478150e+02,4.740040290232943043e+00
1.778311837074320749e+02,6.822196708772683138e+00
-1.799516935575109642e+02,6.279354207694110457e+00
-1.771415029483833905e+02,8.039203850793704476e+00
1.760733164858486361e+02,6.358295253180287432e+00
1.758711418672381228e+02,4.779795732340083703e+00
-1.753163078430893904e+02,6.429440494046501975e+00
1.792047505806116874e+02,4.997010432140024605e+00
1.764594504224320133e+02,7.536515887475555786e+00
1.797827370887675897e+02,6.317889573744821519e+00
-1.731509117727780449e+02,1.017067967692675978e+01
1.734510216718761342e+02,1.096318605918730249e+01
-1.791144475098006410e+02,1.079484107300509876e+01
-1.760595445357851361e+02,1.193684440440779149e+01
1.699244746834822308e+02,1.137573418402209668e+01
-1.768455267571128218e+02,7.903111442761121097e+00
-1.728000660346450275e+02,6.927668414189603219e+00
1.642297192875119265e+02,7.387252825003853829e+00
-1.700514164723770705e+02,9.188324246811998108e+00
-1.668691151300308775e+02,8.365176437536359089e+00
1.630618679602843031e+02,1.150080001433668642e+01
-1.720316513836521892e+02,7.320262163307186043e+00
-1.746621851992405823e+02,6.087214923912056541e+00
1.713231394078268295e+02,9.883006225894433783e+00
-6.410405814780079936e+01,1.695333145826344534e+01
-5.352927549366742710e+01,1.686278137584894310e+01
-7.762798461055292876e+01,2.029223151511663303e+01
-6.562049050800536065e+01,1.490998739215076974e+01
-6.048535193520753950e+01,1.293399052512168979e+01
-7.147831563063981264e+01,1.328307650611813528e+01
-6.663875898383859919e+01,1.177123022099836192e+01
-6.026413372480935493e+01,9.984472609387610831e+00
-6.555626373104371396e+01,1.366670116367316901e+01
-7.858873314192078396e+01,1.070233199172390215e+01
-5.877400039366221307e+01,1.003501380844169510e+01
-6.940034060034794550e+01,1.504918065343645139e+01
-6.112612297251474303e+01,8.639093761892265633e+00
-7.479550100994974571e+01,1.182845841274450116e+01
-5.563342440948499501e+01,9.337478582523070614e+00
-6.704330786748155901e+01,1.082262894548930454e+01
-6.220155621504694921e+01,9.904136592172552156e+00
-6.923859850568136665e+01,1.173941661804826708e+01
-5.839481043975696650e+01,1.186661626671853220e+01
-6.750012969752881986e+01,1.315382073789961126e+01
1.710255694120738781e+02,1.171604695916280470e+01
-1.743243734742741538e+02,9.053683656437071292e+00
-1.738738091041489895e+02,9.269012512569597462e+00
1.739067283612013171e+02,1.087045847511346963e+01
-1.654677796980694495e+02,1.454268700528374048e+01
-1.796529009559331200e+02,1.086498570455788304e+01
1.773365883200664257e+02,8.922659428538185722e+00
-1.720405272049766268e+02,8.529714290681599920e+00
1.715244315989775714e+02,9.781361511532292496e+00
-1.705761803368677363e+02,1.045168901470718659e+01
-1.790959055578349535e+02,8.608852204563923749e+00
1.735726444803899824e+02,6.676298088562553801e+00
1.796607019816340483e+02,5.153517973915839434e+00
-1.794996091562078959e+02,7.002743467103537789e+00
-1.791917034436221741e+02,1.041259143117964570e+01
-1.745218374764467058e+02,1.127730843063628363e+01
-1.736729303939061140e+02,5.251900137001655366e+00
1.723753703832977067e+02,4.803316391489783399e+00
-1.799954220479499440e+02,4.525770934644388177e+00
-1.716103159585562423e+02,5.377809624047312553e+00
-6.119388637059932989e+01,1.062694861061220664e+01
-7.751964842621936214e+01,1.654998722636737440e+01
-7.195277459396000097e+01,1.018295321716944812e+01
-4.637613195725629822e+01,1.320164426958230308e+01
-7.825392883822475198e+01,1.161747997206043337e+01
-7.208328716669041114e+01,1.110704819319420089e+01
-6.474271545665192207e+01,8.687485908742340612e+00
-5.871976821850788042e+01,1.004190131717167134e+01
-8.266069403978346486e+01,1.083868405513083211e+01
-6.004811523394634065e+01,1.049792329999065998e+01
-6.509602843611335743e+01,1.074252549612440610e+01
-6.027360396749968885e+01,9.293815437280736447e+00
-7.385286917158794040e+01,1.016342368995261225e+01
-6.937946187751262528e+01,9.270127700109776825e+00
-5.488286221311854263e+01,9.636408472538336767e+00
-7.072256076572982408e+01,9.170845211771471384e+00
-6.580551378312937061e+01,9.905166023066799497e+00
-7.082465879000375253e+01,9.978926066997438227e+00
-5.210526200516827089e+01,1.094068754097962071e+01
-7.959387848393714648e+01,9.378221543396008997e+00
1.747674241859731126e+02,9.345048682660790362e+00
1.737215420294622277e+02,1.220979516793303610e+01
-1.653011212690068987e+02,1.244859358627346069e+01
1.743117333330766598e+02,8.741264967326477731e+00
1.767009322676291561e+02,6.400950164794544150e+00
-1.665128025332560924e+02,7.375117492800237429e+00
1.684502460529210452e+02,8.529498026041258285e+00
-1.754501869667160179e+02,9.350776652583906667e+00
-1.702668971607168658e+02,1.275864954321375855e+01
1.740573598883339059e+02,1.002041444477658239e+01
-1.718111675106898986e+02,1.087850119748564737e+01
-1.792493843344886670e+02,6.715641480777460259e+00
1.740314349812704222e+02,1.043954118228068495e+01
-1.746218002559361651e+02,8.945373521387514515e+00
1.799985280469314262e+02,9.709511344985120473e+00
1.744136574913494542e+02,8.668939867234696450e+00
-1.753835095275555034e+02,7.503823259049497096e+00
-1.736937866382342008e+02,5.159361323506637120e+00
1.735290114269497224e+02,6.029929020949769125e+00
-1.736464212583845494e+02,6.639320492790611539e+00
6.384793441511219925e+01,7.798787635341689395e+00
7.264138258771211554e+01,9.051524209519705266e+00
5.683705291453366470e+01,7.964127405789124481e+00
6.429865243449069112e+01,5.873695595455675544e+00
6.314110888044843506e+01,1.040343950827147879e+01
6.311810750494628763e+01,7.444013180499831961e+00
5.996484335428212376e+01,9.183268183775309623e+00
6.740682981946925167e+01,9.760800809399839295e+00
6.120713047896477832e+01,6.566720902204602694e+00
6.002654737875313629e+01,5.885918216253228863e+00
7.172744831186386705e+01,5.453687776447830871e+00
5.036968751436848635e+01,9.618246931352867790e+00
6.229421838108153509e+01,7.864511647841545994e+00
5.924185820934125957e+01,8.276587470209191721e+00
5.121751334048628479e+01,5.861373159788463738e+00
6.514687600879310025e+01,6.710680111972600947e+00
6.016357278231304662e+01,7.642361429661971073e+00
5.947960221400354897e+01,6.446204663149456948e+00
5.939795272760164124e+01,6.683955779020561039e+00
6.408641017928101746e+01,7.312380953227775038e+00
-6.369241647579431032e+01,9.740385343430334686e+00
-6.868976992878627641e+01,7.800455370650187348e+00
-5.540562451310902503e+01,1.025722020192718631e+01
-6.460398546757888028e+01,1.195153084669832566e+01
-5.886016666644950845e+01,5.858136760199052162e+00
-4.820514011726015724e+01,1.307041276456620338e+01
-7.169335525515946017e+01,6.154747374090303147e+00
-6.242390993521767228e+01,6.263392934556388347e+00
-7.221539742338464407e+01,1.150388329999814907e+01
-6.802222092504814555e+01,7.422587874265063945e+00
-5.293398313981410297e+01,9.371102098854018791e+00
-7.982483967808947511e+01,1.165558219537153661e+01
-4.489969601700125423e+01,8.902356261286946904e+00
-5.378502087182066305e+01,1.212161897098835261e+01
-5.803354702988588798e+01,1.235971030431897333e+01
-4.763169272218540584e+01,7.511059262401325043e+00
-7.188510393761853834e+01,7.182076959232624347e+00
-5.558037222207195782e+01,7.657350139537729916e+00
-7.656249495417056039e+01,6.104469831837844751e+00
-6.812867864691243369e+01,6.788611427831011902e+00
1.788460009601211880e+02,9.153961863839045421e+00
-1.746314829692665285e+02,7.442309609851619712e+00
1.715317048986760540e+02,6.715319372666073150e+00
-1.701532402998693385e+02,5.852948533131598907e+00
1.790393314229427801e+02,8.477041269207568064e+00
1.759310331144152713e+02,9.553857579035387459e+00
-1.758173216466834390e+02,8.976776566454343964e+00
1.752727182940944601e+02,9.284208592613758526e+00
1.736962056991478391e+02,9.374643724382622167e+00
-1.753224744980373657e+02,1.319978816643603281e+01
-1.776973616927110413e+02,1.518449174742488594e+01
1.711623676131035268e+02,1.330417910388418434e+01
-1.729018448153244094e+02,1.320077164084733923e+01
1.722321815409098917e+02,1.003922225626694598e+01
1.746886151026003517e+02,1.126049314762352260e+01
-1.673904732179377675e+02,1.091193481513126784e+01
1.739456480893804269e+02,7.296375329316131975e+00
-1.796074161186589890e+02,8.113636641423676465e+00
-1.701018480619449065e+02,6.579856003312045232e+00
1.693375606973660865e+02,6.736546513887758714e+00
1.776033892237730640e+02,1.119441903926732884e+01
-1.786580025107628273e+02,7.665081384724363289e+00
1.776298788036154406e+02,9.382818660713757808e+00
-1.739366315920569264e+02,1.419033247086544947e+01
1.703139642666562850e+02,1.276777422532262385e+01
1.740421241041868257e+02,1.181003569883385040e+01
-1.738010289428054023e+02,8.468223759081570989e+00
1.768845437830368326e+02,3.692845872830972098e+00
1.790328615139915485e+02,7.965024336682299477e+00
-1.751934371299100519e+02,9.300791198021620687e+00
1.791738976315733964e+02,9.064035517963931810e+00
-1.774585503145888481e+02,8.227699014580798220e+00
1.776272495216021809e+02,4.594026920768792266e+00
-1.748529042067897308e+02,5.422786192299604124e+00
1.771452799506764109e+02,5.608639782963629195e+00
-1.732857349867699384e+02,5.094125053820071969e+00
1.719446750940252571e+02,5.305206483865918088e+00
-1.781110484517085126e+02,5.577327190552015423e+00
-1.759497193202343510e+02,8.616012576805953671e+00
1.734335498723534670e+02,7.277037021119793891e+00
-5.298646351016450495e+01,7.231459551517841255e+00
-6.746851198130522675e+01,5.953029344170371218e+00
-7.304278972114822466e+01,5.761682682904766040e+00
-5.925497273984841229e+01,9.761831491495293278e+00
-7.682231079741333701e+01,8.974619964596506350e+00
-6.041245616755251291e+01,7.047689145615974482e+00
-6.558652061244725928e+01,5.229317251633895935e+00
-5.900517785094306333e+01,6.350730595253931909e+00
-5.675731270966762310e+01,6.987276218178372744e+00
-5.231272712629151300e+01,7.532034516888774789e+00
-5.964967725211977978e+01,6.755841554220125111e+00
-6.498146750561643614e+01,6.762251930615434503e+00
-5.886395003789925795e+01,5.048915822745152937e+00
-7.041790264108098540e+01,6.323593373841363885e+00
-6.386588151288005832e+01,6.089988788103145367e+00
-6.895645368208657544e+01,7.037234010410360341e+00
-6.402675884098925962e+01,6.945711867092418501e+00
-5.460763953012302352e+01,8.091414895391871198e+00
-6.138388989795456041e+01,8.057017284253273459e+00
-5.465295463393246678e+01,7.290263642105093034e+00
6.062633170803621852e+01,6.813082593960492872e+00
5.797559368866880192e+01,7.111614760003856617e+00
7.037750097451463205e+01,1.067161402933406578e+01
6.091434992027568285e+01,9.307375895333860782e+00
6.238584153288184098e+01,8.451387317600556059e+00
6.608376933334498915e+01,6.559928286686442789e+00
6.808556906257221897e+01,6.487360620806200018e+00
6.429029015014643278e+01,7.088391105644297419e+00
6.805009257470020145e+01,6.927365828696890659e+00
5.947790433333904758e+01,9.101087744186990847e+00
6.703610836429260189e+01,7.851231498694161814e+00
5.713253968660190196e+01,5.203491853221452246e+00
6.862941691936022437e+01,5.947948387836385464e+00
5.721233161177261906e+01,6.089272038559128575e+00
7.205796773917002440e+01,6.692703701746964384e+00
5.796012486789842910e+01,5.221119443178992015e+00
6.898953271217754946e+01,4.483308235446574308e+00
6.652600671186912962e+01,5.764128892037925667e+00
6.002108413798226394e+01,7.700216060174776445e+00
7.151090572231538545e+01,5.923882324315878911e+00
7.068000355241517241e+01,1.123218991552206880e+01
5.659242206078523196e+01,7.378159971290665808e+00
5.441555904431756829e+01,5.439182182643136798e+00
7.154343942323895078e+01,5.498397247347579508e+00
5.370485389886307814e+01,6.944337068457818951e+00
7.830952406652107811e+01,6.551601286255575474e+00
5.701154278638345119e+01,6.939974073965451851e+00
7.077336242081143780e+01,5.652912534319820992e+00
7.689326005092411265e+01,6.204318922146032200e+00
4.782776689820227745e+01,7.498479293867182705e+00
7.551741421284668832e+01,6.888824978747970285e+00
5.333246589449567665e+01,5.899956355184366785e+00
5.582825054835582534e+01,5.778945423118898361e+00
7.638806200646654077e+01,7.415503815298958301e+00
4.582609631878225542e+01,8.292090892876482044e+00
7.136625664159413418e+01,5.803332408863870917e+00
5.320007030187803565e+01,6.205135387659190371e+00
5.112854442957645773e+01,8.144002248129956101e+00
6.561128865606512761e+01,6.359093428062587705e+00
5.541537669014530820e+01,8.817845682629481985e+00
1.687932201236320680e+02,7.148790459786270368e+00
1.749093405051701495e+02,4.555662874963886999e+00
-1.655720489384831922e+02,6.167290605011970683e+00
1.629351255350800329e+02,1.022559568203646130e+01
-1.716820113459525032e+02,5.344735701102573344e+00
-1.680730604042880714e+02,9.520827238429156125e+00
1.633927084434807284e+02,8.371862589533050070e+00
-1.710165853287410016e+02,9.676361034474972200e+00
-1.728528677347697453e+02,9.204354748102236528e+00
1.641658845341097219e+02,1.067255720324094170e+01
-1.714987992701694850e+02,9.793660204889722110e+00
-1.754715415117266275e+02,9.127137554693224075e+00
1.616901145525731067e+02,9.518414244944978009e+00
-1.743468235669049875e+02,6.955100595166030963e+00
-1.747942972372822510e+02,1.060991604725990456e+01
1.638525647492740518e+02,8.673604660900497976e+00
-1.758561867685342293e+02,8.041706505709669273e+00
-1.679337811808518381e+02,6.324483363397856550e+00
1.571596551191030926e+02,1.005400846597681763e+01
-1.673926286711598550e+02,6.564148142261433172e+00
-6.906751987961749251e+01,6.441594760447422630e+00
-6.405983970629898749e+01,6.131120232489772448e+00
-6.749673953758646405e+01,8.234246499052261470e+00
-6.767422158391978826e+01,6.295422421693560366e+00
-6.000937110803062069e+01,8.259077852738506920e+00
-6.574843447424387932e+01,5.626275339191639802e+00
-5.624578872539508723e+01,6.016171026244061082e+00
-5.677248051268166762e+01,7.092083370654759911e+00
-5.531226476733602482e+01,6.261106912612177666e+00
-5.426998760674071320e+01,5.291703694689024573e+00
-6.830351570471300704e+01,5.078876810198560854e+00
-6.135106975288850606e+01,5.035028985281988056e+00
-6.534513135793487493e+01,6.180066799029242830e+00
-6.311691404822052220e+01,4.254124284643809872e+00
-6.327416674696200261e+01,6.816610614029313453e+00
-7.030831720694045828e+01,3.667792371233349336e+00
-5.204773702446790651e+01,7.889667981249715467e+00
-7.096355046786929677e+01,5.246146119478678926e+00
-5.526112135353189814e+01,5.249809969094300754e+00
-7.009527200634167343e+01,7.400455871626215654e+00
1.767948319262459620e+02,7.099581676259405505e+00
1.761459306141234151e+02,4.762145448269551551e+00
-1.725460022978784878e+02,7.831747876075876746e+00
1.715785246007162641e+02,6.068849829284100217e+00
-1.771439295377424514e+02,8.700606773701874630e+00
1.713395741808664354e+02,7.153764847415635231e+00
-1.788307007508064714e+02,6.440717780836985540e+00
1.780245827631380280e+02,4.254506443306029340e+00
1.771166241938676080e+02,4.230905824060628539e+00
-1.781779182556844887e+02,4.823963016803845427e+00
-1.755518866108060934e+02,4.744254082995889021e+00
1.796022035568624062e+02,5.043437051147916961e+00
1.728793574034374103e+02,4.169408835679449865e+00
-1.793298155772397706e+02,4.156502519810926444e+00
-1.789303479721327221e+02,5.569052742846484882e+00
1.727816215963835020e+02,6.565412070319717408e+00
1.777541399900294721e+02,4.019646594855891486e+00
-1.735560035271095387e+02,5.148300576376540150e+00
1.735370776691004266e+02,4.446257778808801575e+00
1.779873284380236100e+02,5.790205760881125485e+00
-8.007656055451735710e+01,8.147682104522466773e+00
-6.395925786169247118e+01,8.253706300748090641e+00
-6.012660142520812201e+01,7.888768125093058359e+00
-7.894261370478695028e+01,8.279885330951255895e+00
-6.058402055911556516e+01,8.409407193362227417e+00
-7.394603227958103275e+01,8.177578885019766375e+00
-6.025130940077640673e+01,9.007160076136720761e+00
-6.526084555859681302e+01,1.157202862650071928e+01
-6.710186601001811368e+01,1.292113255711213604e+01
-6.403084894768585400e+01,1.129440576117964135e+01
-8.590475975177163548e+01,1.189557317129091807e+01
-5.976339954857361647e+01,1.382157413041102600e+01
-7.352461496225971871e+01,1.276376071564431136e+01
-6.868930971801509600e+01,8.011854483695646678e+00
-6.161182479683013469e+01,1.026481840539718426e+01
-7.854556636636384326e+01,9.143021182772097077e+00
-6.452672457227026825e+01,8.235154047595255378e+00
-7.420485583794751960e+01,9.673793314795208431e+00
-7.055856972631571011e+01,8.060478852902104308e+00
-5.332108779092385475e+01,8.195444575300022905e+00
5.733283440191233638e+01,5.696810161198336608e+00
7.003162826043299560e+01,6.280059063656577401e+00
6.435056066926723872e+01,4.082496248412527784e+00
6.232280262082361588e+01,4.828242184555593397e+00
7.179429975058010882e+01,5.376976714827655712e+00
6.615143267971988905e+01,6.677410010719103894e+00
6.974327197774992726e+01,6.001602142902355830e+00
6.341910568383055136e+01,4.224081756957803968e+00
6.116242315665697760e+01,3.928252980306442765e+00
6.626564925120749194e+01,4.922166700361941594e+00
5.706282279000014057e+01,5.025788399176255972e+00
6.531689475033402914e+01,4.732448067492553534e+00
6.522446130331201175e+01,4.453313082909485132e+00
5.852718396364148390e+01,6.883088520655691767e+00
7.411104553438420339e+01,4.433908256593892538e+00
5.678837109582088516e+01,4.977538693866738306e+00
6.606379772788280036e+01,4.093042024714335092e+00
6.541761565594353556e+01,4.388335321168394643e+00
5.387071474311937891e+01,6.619956706254356504e+00
6.986206825319693792e+01,7.093540574147252364e+00
5.718993370426449019e+01,5.143668861885831056e+00
6.564736539223534351e+01,7.801175236716085593e+00
6.628704948749525272e+01,7.705261193659680430e+00
6.608198624136664989e+01,8.193227827368463778e+00
6.945372385139573623e+01,6.670585616307529442e+00
6.887740392730906080e+01,1.060893052657707969e+01
7.310270240491517768e+01,5.621466432535023650e+00
6.544705007832016008e+01,1.092721061076689182e+01
6.124804130946123593e+01,9.800159759481934074e+00
6.755006550970365709e+01,6.530752148916631583e+00
6.696671805476348993e+01,1.195003850499391085e+01
5.064952642682783335e+01,1.254569446535396438e+01
7.931835732370184644e+01,1.053381754360268729e+01
6.198524222977258802e+01,1.063223483106156309e+01
5.796919585974715261e+01,5.111141875747521546e+00
7.844456225594655052e+01,8.935821394586676902e+00
5.406758143976082209e+01,1.012469361243589816e+01
6.481259094236979479e+01,7.272309728763270087e+00
5.892111768143578843e+01,1.078192337288381175e+01
6.001781250038051496e+01,1.004787137832613197e+01
6.232796084833983485e+01,8.165739706872869874e+00
5.267219987086707533e+01,1.198072962242287076e+01
6.260255708170667788e+01,1.161390911781314017e+01
4.805040083518526473e+01,1.219495834875037943e+01
7.323987426543573065e+01,9.179610825110602335e+00
5.119745930759680164e+01,9.955024962805344657e+00
7.321858713302512456e+01,6.579560465978351758e+00
6.187570590178550134e+01,6.919102509708378257e+00
7.102762780785762686e+01,9.899601644846537596e+00
6.830291708074260271e+01,1.152627127273194851e+01
5.367945685446737514e+01,7.077414211130260036e+00
7.106981658917706568e+01,7.808438449852815211e+00
4.492961671623724129e+01,6.919400145243078448e+00
5.342822156407491718e+01,8.309163722022223197e+00
6.073101742326733188e+01,6.565050382353843084e+00
5.471036878367169720e+01,7.834181742420060601e+00
6.708236409625793328e+01,1.119599537669098943e+01
6.622978891720508443e+01,7.893017901887869670e+00
6.454244503657767495e+01,5.304178031220446954e+00
6.985808846901483093e+01,6.937288175428708570e+00
-7.381461218959914561e+01,8.576657435229297022e+00
-6.061292071776632184e+01,7.205037601329927099e+00
-5.574195735897995974e+01,1.544116909922697545e+01
-8.323742824845085408e+01,1.202169379658750437e+01
-4.462132631307862596e+01,1.266736254206067613e+01
-5.978522149072168190e+01,9.286126258722202209e+00
-6.407254423834260137e+01,1.236866532813704112e+01
-4.690423650661556110e+01,9.332147267709402172e+00
-7.473481632279796827e+01,8.684765010095670590e+00
-5.503201862804495192e+01,7.783630882419005914e+00
-7.546266564026201706e+01,1.018687393903100080e+01
-6.326658698086761490e+01,1.077142376990424921e+01
-6.618442805850506261e+01,1.051617505147969034e+01
-7.341266393825348757e+01,5.307224989932804782e+00
-5.635123428314918925e+01,6.624580124928400870e+00
-7.620711904024753380e+01,7.119650954756601813e+00
-5.393725624560052267e+01,9.951760790962151049e+00
-6.151932881686799703e+01,1.054176856143990015e+01
-6.529683251808623368e+01,8.332674933412786089e+00
-5.345117590469983071e+01,7.820392697311197239e+00
-8.630438258418563180e+01,1.177568299993676781e+01
-5.351425056617245701e+01,1.086281235236648612e+01
-6.933186347610454447e+01,7.749003273500999711e+00
-6.767178714102649906e+01,9.812255689282402216e+00
-5.785032558751117193e+01,9.424413789955256249e+00
-7.470577793207176853e+01,6.272286824503820135e+00
-5.776812562407272367e+01,1.030633371440358204e+01
-7.199137634127374952e+01,8.251795797562383683e+00
-5.665762568084883100e+01,6.415252456327319663e+00
-6.181983224644343977e+01,8.221948195655004454e+00
-6.955912209072351970e+01,8.173657298449134245e+00
-5.604698887085766756e+01,8.988447482578344250e+00
-8.143867278058165482e+01,8.710637988801885001e+00
-5.920130856363734040e+01,6.660956311334303770e+00
-7.192207922764423245e+01,8.344635548919647761e+00
-7.300767866656411798e+01,9.642280887404762524e+00
-6.571112714338406136e+01,1.128585495163923369e+01
-7.380431634002312080e+01,1.150235340277501805e+01
-5.939634350193946943e+01,9.200556733007871912e+00
-7.125762152080838518e+01,7.623468677508164149e+00
-6.034531005831414063e+01,7.943429792692644043e+00
-7.342175435802583650e+01,8.289691588310681425e+00
-6.851486441618828849e+01,3.703137062831100224e+00
-6.368884146902964716e+01,6.367619437476781385e+00
-7.011679015858658204e+01,5.300068344957757915e+00
-6.446829087498230137e+01,6.719956831769474448e+00
-7.064400342856390580e+01,6.531799214568751566e+00
-6.662003790105526946e+01,8.651696968651124919e+00
-6.940146508877836595e+01,5.195156507898172293e+00
-6.650339366523098761e+01,8.189474714320327919e+00
-6.159399994684963531e+01,6.452265818489715699e+00
-6.366599201003252517e+01,6.486167256051103003e+00
-5.226922281253998648e+01,6.983226861648493156e+00
-6.303639241242891700e+01,9.494655702802164754e+00
-4.970728298131972167e+01,1.055218314097446886e+01
-7.050704154893280418e+01,6.537406796317894120e+00
-5.959438364884579897e+01,6.938627048152821608e+00
-7.983918309392502977e+01,8.886496633366316900e+00
-6.644449379920619947e+01,8.022691956869554275e+00
-6.829969980190320200e+01,7.787305695587331655e+00
6.560588734925872245e+01,3.399705855840421620e+00
6.190932303740844844e+01,4.692593914066630845e+00
7.376375549433109313e+01,8.274225513877805582e+00
5.915585108991324148e+01,7.846057836376330030e+00
6.462726383093004756e+01,5.558773710649516531e+00
6.626972482582853274e+01,4.289929363247501293e+00
4.669283783005885624e+01,6.256492739836515327e+00
7.026601909898575116e+01,6.521576571006781897e+00
5.112143545664505950e+01,6.805978207744427522e+00
6.001141950812047554e+01,5.525632645277901212e+00
6.971183975432646207e+01,6.543322391540485228e+00
5.021354447027842127e+01,1.089058538986856206e+01
7.907754474012105561e+01,9.840379270929821232e+00
6.116028342615465618e+01,7.896267982725301948e+00
7.005341862785148521e+01,4.119959696745451261e+00
6.165992091723094859e+01,5.611914879826096936e+00
5.473787988784062719e+01,9.609247470668046631e+00
7.716318123559484832e+01,1.206264569774985951e+01
4.827554117923751420e+01,8.954637870141663569e+00
7.140268898813762632e+01,5.772168783279299831e+00
6.049958715361547235e+01,6.927437182677307348e+00
6.454533196083369262e+01,3.989544079043327862e+00
5.263292134394805544e+01,8.073587650809454175e+00
5.817330508086129726e+01,5.346365984560597084e+00
6.409237933085533712e+01,9.721197006861139300e+00
5.333692860894154109e+01,6.590631845436277558e+00
7.522019233034292540e+01,6.285423446275984816e+00
6.042971940988305590e+01,5.717914775610012157e+00
7.014065088928067837e+01,5.703177964657259125e+00
6.855964955854273057e+01,5.951754171694346951e+00
6.232909263499900021e+01,6.921927997329885507e+00
8.016901736797788658e+01,8.361174315972418114e+00
4.798220682007595173e+01,7.605562940290067075e+00
7.891828480438323368e+01,9.617342387623494915e+00
5.631108134467735482e+01,5.633628939950681591e+00
6.330464591827877285e+01,9.908908447127531716e+00
5.856110934499043452e+01,7.206619051123288600e+00
5.718262151016750039e+01,1.096223221400872916e+01
6.742776724561934998e+01,7.032549536416667912e+00
5.621000764200316269e+01,7.904287891184582193e+00
-1.771316438393002670e+02,9.173160378135907678e+00
1.743382113123480792e+02,6.603793656890745822e+00
-1.727827082063624857e+02,6.761425205734880706e+00
1.686833762594604025e+02,8.153692114875500607e+00
-1.733091058001141960e+02,7.199944064495600315e+00
1.753935396777800122e+02,7.545487899161816614e+00
1.738129249730643551e+02,5.248607370247288628e+00
-1.716247568396439931e+02,5.855270929618434650e+00
1.736230102340753092e+02,8.365368072518572617e+00
1.763475153087886156e+02,9.419727545003231839e+00
-1.777386257120337518e+02,6.828861037457126137e+00
1.712368278497098117e+02,8.622409501630558637e+00
1.744063308374170163e+02,7.588500432508030968e+00
-1.702144102865753723e+02,1.036303839687149342e+01
1.686239514104401849e+02,8.532963831013937295e+00
1.743329692503650676e+02,1.105152710707654684e+01
-1.699887858917622339e+02,9.337708499718527122e+00
1.651026504810399160e+02,7.456049945274454416e+00
-1.776288382521271672e+02,6.224976629054667754e+00
-1.799142224747382670e+02,4.728295034918986950e+00
1.745660123575902674e+02,9.377043399315793337e+00
-1.759504488425699833e+02,6.060860220833935941e+00
1.694962184484161298e+02,6.497330386359839949e+00
-1.750441824902887333e+02,5.534430807333414748e+00
-1.798471733165571038e+02,5.712309501486206642e+00
1.736562561977332564e+02,7.200871011818550826e+00
-1.732798304804869076e+02,6.279662752693494276e+00
1.779051800814143007e+02,6.303988449412073258e+00
1.727231254777843219e+02,6.237714345611632183e+00
-1.723032815602408334e+02,6.847092659302456141e+00
-1.783147449085036840e+02,5.284884434223572569e+00
1.678966963490356648e+02,5.572810432510483913e+00
-1.689957241133337789e+02,5.927038060237380890e+00
1.728242115978013373e+02,7.199675713199582994e+00
1.751743353322137864e+02,6.257352825659286744e+00
-1.665755643553413847e+02,7.158462169661484964e+00
1.747512613072509282e+02,6.686972215849854351e+00
1.799482569805382752e+02,5.761403201984723665e+00
-1.746440959209438120e+02,6.043675421347302290e+00
1.708369307743863601e+02,4.849663032092244919e+00
6.203064483781179916e+01,7.127673905161244328e+00
7.423415985128107764e+01,1.187211591856438631e+01
5.808766496330439111e+01,1.042197171396627020e+01
6.755500667244676549e+01,1.114186496827188577e+01
6.313612303801839687e+01,9.899890958026112742e+00
6.575899935649407269e+01,5.514483320031915881e+00
7.098989252487378110e+01,6.234079286734018233e+00
6.037999961783613401e+01,8.235976753750627211e+00
6.102791349083976513e+01,8.767864347643866907e+00
6.003716518132964808e+01,6.987759811455589443e+00
5.902330636014771414e+01,4.891078869982396604e+00
6.332559252349425805e+01,5.354225008994593971e+00
6.145129331551511598e+01,4.860964561638631665e+00
6.420413909310052247e+01,4.868614561168648436e+00
7.655419641900786587e+01,6.912797450899370588e+00
6.236413146027503984e+01,6.331264527468444925e+00
7.626695086584840055e+01,5.432009326057562149e+00
5.587721304447358506e+01,4.660926924450896180e+00
7.233375365859416206e+01,5.933495120071988538e+00
6.015764149465481836e+01,5.835875699524678772e+00
7.372885441898390013e+01,2.028798601636376020e+01
6.093661031689659779e+01,1.661561611481533518e+01
8.171879898534477604e+01,1.600687219457228494e+01
6.258103243397683713e+01,1.297809808871182824e+01
7.211386210205661484e+01,1.232850925586191693e+01
6.266378417785696087e+01,1.541273805053282331e+01
5.902260578698098215e+01,1.484873026635732529e+01
7.377674519077660875e+01,1.190538648612686501e+01
5.366470446730620125e+01,8.833550052116253326e+00
7.835114485916999172e+01,8.955468571471859818e+00
6.178820277677618122e+01,8.141092482760452498e+00
6.686161786397471474e+01,6.472266819720854159e+00
7.818592835894095572e+01,8.210534531136060465e+00
5.334276599178029699e+01,1.100763450019738521e+01
8.447261591748186049e+01,8.558832942750603578e+00
5.975506031561516096e+01,7.322999240199031590e+00
6.869272602339776768e+01,1.130925123566538737e+01
6.270838215860850795e+01,8.288657166501655738e+00
5.563868429287791173e+01,1.250216945246966915e+01
7.737448599253244197e+01,1.438780803204753944e+01
-7.147432788450485930e+01,8.231065920352302001e+00
-6.350850225074579214e+01,6.443924302545045002e+00
-6.993437442225949496e+01,7.663750298332733024e+00
-6.380502532076477706e+01,9.123218632116151028e+00
-6.516424723826936827e+01,1.064650269723676068e+01
-6.934233182117129957e+01,1.184878924223331431e+01
-6.179592424434691367e+01,1.043927423974693980e+01
-6.953580001750256656e+01,8.458632071832447252e+00
-6.069210192178140062e+01,1.039755800281039555e+01
-6.580763260476719267e+01,8.919647870563757408e+00
-7.376705037702330969e+01,9.842608848555853385e+00
-6.418650070349158909e+01,7.098665471340213529e+00
-7.170374220781295094e+01,7.266748333153943307e+00
-6.973679793373121072e+01,7.484368740645187756e+00
-6.359190302488498503e+01,5.355074760484789920e+00
-6.178825765891335209e+01,8.112363188148581372e+00
-6.440363039456596539e+01,9.148458835611098294e+00
-6.025147659709970327e+01,1.054355628112990217e+01
-6.635805218742042655e+01,5.391801542576315498e+00
-6.316885545613547492e+01,7.474979332295532686e+00
7.486656734209928743e+01,8.447992050287325583e+00
6.455968946293462807e+01,9.724307777021765631e+00
7.215860994425962360e+01,1.048339175772357734e+01
6.236361328304955975e+01,1.019110958267875588e+01
6.137331416495822367e+01,1.209482168533659951e+01
5.808692517992601978e+01,1.108474001551209476e+01
6.608377253132569251e+01,9.544740413926838585e+00
6.187948522355691949e+01,8.288072601922102933e+00
7.229171622113845785e+01,6.710299296072830266e+00
6.408693327722215827e+01,8.160693264105589151e+00
6.480443149108657508e+01,5.838875428096174325e+00
7.722071816796177757e+01,7.857929649657164006e+00
6.045112078871110839e+01,8.668950709190735182e+00
7.149900811199519524e+01,5.218422597197118762e+00
5.847592307521916410e+01,9.091803774056415932e+00
7.243262844081611718e+01,7.039007446374954569e+00
5.768041144267198916e+01,7.152542341042590124e+00
6.617208043101447856e+01,5.480507727822931940e+00
6.447184991091647532e+01,5.309378629954023765e+00
7.028639915248713521e+01,7.231727600335775108e+00
6.180133181067324699e+01,6.028345275405214032e+00
5.440872621957490907e+01,6.008236525231795966e+00
5.534347214831978334e+01,7.795891923472344942e+00
5.182887807515597700e+01,6.837257184577239855e+00
6.538054823061318643e+01,8.344904145991975497e+00
6.579298670587611753e+01,1.053656141988714978e+01
6.905850350375651203e+01,1.381505209639260556e+01
6.861173893838773097e+01,1.038645590097312699e+01
6.434155530692503078e+01,1.128349384737622607e+01
7.602191753768997273e+01,1.112585002602056861e+01
6.185760690458708666e+01,9.347363350103485402e+00
6.269857062735712105e+01,6.067691793446798876e+00
5.129957478798147008e+01,9.270185918678850001e+00
4.734310665082418268e+01,1.015013541199422598e+01
4.820569504468847555e+01,8.403838409357589967e+00
6.294340255594824640e+01,7.657674170006925962e+00
6.045831074748193146e+01,8.859114875723458127e+00
7.409656975550431923e+01,1.200395539063118022e+01
5.741151602999025982e+01,7.062018265777758153e+00
6.326319690832907838e+01,8.948294110376881605e+00
-7.766691548355665020e+01,1.087796684388222346e+01
-5.802259199536712941e+01,7.090187286460795768e+00
-7.059463761870387088e+01,5.803539108948591263e+00
-6.092888587454781657e+01,5.126350254391876859e+00
-6.578040426038049304e+01,7.532503831776578451e+00
-5.986159459723581477e+01,7.743403313213775618e+00
-6.980158954428641493e+01,6.053557245436859802e+00
-6.548099936612389627e+01,5.961843878220165038e+00
-5.871372162812441786e+01,6.501043192352139677e+00
-7.230272356607514439e+01,6.155886678596917960e+00
-6.625420533457094052e+01,6.073779181564519902e+00
-6.104903486896571962e+01,8.177006406142410810e+00
-6.919565340278363408e+01,9.178428170248613682e+00
-5.494197400921697749e+01,8.122648157040181616e+00
-6.328146523211896834e+01,4.995771638863431896e+00
-6.604085432854053295e+01,4.184538844099142452e+00
-6.429761665561831308e+01,6.532344470676921588e+00
-7.561478943641112949e+01,6.907124669876641754e+00
-6.456334119816152395e+01,8.522061658394608941e+00
-7.049094538137222798e+01,5.977574269451849887e+00
-1.700782339699849786e+02,9.195390342527771210e+00
1.792683464732319578e+02,1.045941559074190508e+01
1.777825017539880719e+02,7.213584766084204958e+00
-1.665575412067697982e+02,7.318291527315430756e+00
1.711165312652706234e+02,6.826604632742371948e+00
-1.797441767761786764e+02,8.652474299678786451e+00
-1.675888332884184990e+02,1.012837512282478336e+01
1.778307374476046050e+02,1.254704869376396559e+01
-1.783760198944843580e+02,1.041245375464238698e+01
-1.701917017817874580e+02,1.551339806601234272e+01
1.751361933038883762e+02,1.355797828285088080e+01
-1.795725195074782619e+02,1.363826735763239029e+01
-1.712134511320819286e+02,1.022039128354517246e+01
1.777532050014995377e+02,1.101628051973849054e+01
-1.767642090912024173e+02,7.585112397118061622e+00
-1.738167797731340727e+02,1.217100443728720904e+01
-1.796508148482916170e+02,5.835447042677227358e+00
-1.721115155112793502e+02,7.841454444951978076e+00
1.795891647143488115e+02,8.156179393176756776e+00
-1.793769887822595308e+02,9.474726550334516162e+00
-1.687806304196811311e+02,1.054997333864145403e+01
1.699516707259671477e+02,6.015512491339626955e+00
-1.719148890127216873e+02,4.122580634538674182e+00
-1.726987796891603750e+02,7.506543494388886018e+00
1.690859991176445192e+02,7.860099315832048461e+00
-1.721927428732000465e+02,9.716078267404167690e+00
-1.762812099397892212e+02,7.941893571114050587e+00
-1.769364695539682373e+02,5.044172148498534014e+00
1.743447391897585135e+02,8.016170969311456673e+00
-1.698934906203018613e+02,4.750964136787439784e+00
1.726458916632869887e+02,4.931678325919721217e+00
1.780547343106957214e+02,5.903542845244775350e+00
-1.705726884431780377e+02,5.742602301405799636e+00
1.749104227779006919e+02,5.047633769436562723e+00
1.778881224744607721e+02,5.975341717052946144e+00
-1.741231199983927809e+02,6.036980378007865689e+00
1.745120475383404539e+02,4.913313665883284109e+00
-1.771662610689282360e+02,5.149672560106988151e+00
-1.726958233143648158e+02,6.259579226897121096e+00
1.731340369232881358e+02,5.891740023746905308e+00
-6.026096945380916736e+01,7.195559575059542468e+00
-4.561050949630404006e+01,7.201321968286258368e+00
-7.499689912620105758e+01,8.158849040878539682e+00
-5.334191950380323988e+01,6.704298983247085175e+00
-7.120746667701965293e+01,5.786895332453903862e+00
-7.402646745887270185e+01,9.919438196716585665e+00
-5.913827526936959345e+01,6.479697024668204186e+00
-7.215217037015459312e+01,7.691133166319707115e+00
-5.003090920375939987e+01,7.162841448552189405e+00
-6.523385221309833071e+01,7.905150620399775008e+00
-4.340082256433006336e+01,1.044192265229962757e+01
-5.632648384017394960e+01,9.274007052101225668e+00
-5.312885048733920001e+01,6.430713327317115535e+00
-6.325988993737825439e+01,5.182475640599043309e+00
-7.141284616182423406e+01,5.642351707497884838e+00
-6.308716983720677973e+01,7.580105155368105585e+00
-7.011531022325860363e+01,5.657215282157859626e+00
-6.160471896695017335e+01,5.410971848111286953e+00
-5.488548367465569555e+01,4.304589754498975296e+00
-6.138736938786326647e+01,7.456439398727281898e+00
1.792339399056323543e+02,1.090966604361212511e+01
1.692907667309964665e+02,1.056808867468308222e+01
1.796251158408795447e+02,7.831537096316326441e+00
-1.786380863825002336e+02,7.137266974522196605e+00
1.687993844380804092e+02,8.949342868448269428e+00
-1.778897535902808045e+02,8.473514150020285740e+00
-1.749379329018218812e+02,9.294796154092537677e+00
1.635239741733382175e+02,1.186264284314905737e+01
-1.711746201058912504e+02,6.118084078730198883e+00
-1.748031554730605421e+02,6.513823007146189781e+00
1.635788116196138446e+02,8.862390647327938353e+00
-1.734701248961181363e+02,7.837775076477917935e+00
-1.751210749530211501e+02,7.965067902656901566e+00
1.642951888537922400e+02,8.751433364575845530e+00
-1.718640969089225905e+02,7.479246971446620762e+00
1.762293734903819029e+02,6.064937789423666459e+00
1.705140296787750458e+02,1.014806334058985726e+01
-1.714815206013980458e+02,1.000261021772761083e+01
-1.793727368578156529e+02,7.730780925275263726e+00
1.703145725940364343e+02,8.858365948993890626e+00
-5.760648931386414517e+01,1.041571425730419165e+01
-6.821870466532250532e+01,1.259270549230129888e+01
-7.959913811311753307e+01,1.258469250380140103e+01
-5.411139723611724150e+01,1.283628134265131493e+01
-6.225405459877398329e+01,1.069639316132861495e+01
-6.878024109271071040e+01,1.145598696320959675e+01
-6.982214387931534816e+01,1.105310241317910425e+01
-6.049062259124247731e+01,1.438228898935940769e+01
-6.113123618516883084e+01,1.197708592820603535e+01
-6.934052051050811372e+01,1.093414610773496065e+01
-6.808097112459299183e+01,1.064421134553565551e+01
-6.018923073711254546e+01,8.082108823823279664e+00
-7.003500940971169086e+01,1.096651733549942875e+01
-6.587039133750482733e+01,8.725908666723311669e+00
-6.746942584852072855e+01,1.137576455138558984e+01
-6.118813563285291934e+01,9.540957991082430922e+00
-6.824457211134362922e+01,1.118967906355392117e+01
-6.143179180658957250e+01,9.189725345010039348e+00
-6.150196200462188045e+01,1.092636854348097231e+01
-6.893662238590420088e+01,8.503330793611546312e+00
-1.782526207533064735e+02,6.333062255105430083e+00
1.760323568580636220e+02,5.406419379365179800e+00
-1.782629413195394648e+02,8.368501662413551756e+00
1.764667044265522975e+02,7.472823911744885805e+00
-1.720240436680094263e+02,7.079573861712055383e+00
1.715046065571052623e+02,1.903236637796432706e+00
-1.753002663898411129e+02,2.878081840028789973e+00
1.794196177945821091e+02,2.620643441427374931e+00
-1.797250876369581363e+02,3.973600051602101502e+00
1.766997101325110862e+02,3.651148443933099230e+00
-1.776480828350057948e+02,4.152743663495950699e+00
1.768982872440524261e+02,2.162743890348295839e+00
-1.707891320990830195e+02,2.626396306139359371e+00
1.629486224264072689e+02,4.668551525492042664e+00
-1.636763360325185204e+02,5.162310380628506223e+00
1.723991664957445948e+02,5.388263315024614641e+00
-1.767179735645493110e+02,3.002942181054665038e+00
-1.753311148482848978e+02,2.995170863442756293e+00
1.762511759338509307e+02,3.079104953036290393e+00
1.778210264398448714e+02,4.524983022629400331e+00
-6.907257889244409910e+01,1.316101333541186058e+01
-5.898577620370261343e+01,1.149277056937896546e+01
-6.104033351975017752e+01,1.070224839945467643e+01
-7.321262336972378648e+01,1.387650971280337764e+01
-5.387613678038670173e+01,9.442662299220060618e+00
-7.094201714962834160e+01,1.300458138557773680e+01
-6.097266555306118363e+01,8.158726171930460680e+00
-4.906560235052999985e+01,1.326394624741202222e+01
-7.015163617935250784e+01,9.356701186078824506e+00
-5.041917371910273005e+01,9.298269197859575286e+00
-6.723435497522500270e+01,8.528701365022579139e+00
-6.421373718029838074e+01,5.093825143599930882e+00
-5.683389764252768828e+01,9.193519142004891620e+00
-7.590778537778176371e+01,7.305666425626180960e+00
-5.378443629328459963e+01,9.335958638995837333e+00
-6.508703314875447177e+01,7.425269149764391230e+00
-5.112677907286685297e+01,7.500235984337523476e+00
-5.969894752345729216e+01,5.592200380969812201e+00
-6.376804587023460158e+01,4.871920855310593268e+00
-6.090105871575985219e+01,6.547937953708455439e+00
1.753742864271621045e+02,9.888564574988762956e+00
1.785535640331535490e+02,7.234583261299716739e+00
-1.786402756291412857e+02,7.356343913381655497e+00
-1.771412254855617050e+02,6.244648591921041714e+00
1.713819242972486450e+02,7.314514773931108493e+00
-1.780638111780087911e+02,7.182848168690008528e+00
1.780262636866780213e+02,7.037260370435289403e+00
1.780180725639586967e+02,4.850623077624041102e+00
-1.777774969519820161e+02,5.593743586894996511e+00
-1.763281294405954043e+02,6.291376625028204828e+00
1.758530029373254706e+02,7.595024430475801225e+00
1.758725165950680491e+02,6.554162309140703080e+00
-1.705677109453600337e+02,6.019166700231492584e+00
1.649813349343008611e+02,7.132413370647483042e+00
-1.712639241768573015e+02,5.914739662773683904e+00
-1.752409181575762602e+02,7.290638689867286359e+00
1.631131141555034105e+02,1.020669684960435752e+01
-1.759984581484322632e+02,8.877123799759058187e+00
1.798730225449401985e+02,7.005732683638123959e+00
1.685295012432264059e+02,7.507509598448036670e+00
1.758913243328824194e+02,7.602006553792689303e+00
1.689529223825395263e+02,8.968785070167665907e+00
-1.716257964510406282e+02,8.210519328439229270e+00
1.779338028084348196e+02,6.063216145244492594e+00
1.733390860419681587e+02,6.249428961074774413e+00
-1.667045943351868971e+02,7.277332801494170056e+00
-1.776603449356213105e+02,5.526692405908168126e+00
1.743016333614729092e+02,7.266282033475727431e+00
-1.755795253019427662e+02,5.929863903368982392e+00
1.741377983568753507e+02,5.958405800449599887e+00
1.770865910727109451e+02,5.540319273751531881e+00
-1.744488138518055393e+02,7.113132391722005288e+00
1.718598920636632386e+02,5.367907453497217318e+00
-1.760797450970973728e+02,5.730763919079629787e+00
-1.734519010488104698e+02,5.197571363188246529e+00
1.690830519960215952e+02,8.132413828779689879e+00
-1.664376595407360355e+02,8.848089330276733833e+00
1.761052349237995998e+02,7.529409450189513464e+00
1.721781924256627860e+02,1.071166377149130966e+01
1.795826308339952959e+02,6.818161103489916997e+00
5.930320684034526124e+01,1.358773128665244556e+01
6.405324077453909126e+01,1.212511189857772109e+01
7.240676981397602674e+01,1.331057714143825166e+01
7.118297600451867879e+01,8.893037935326962184e+00
6.037503238108966741e+01,1.381008609040938140e+01
6.157800085372551990e+01,1.192004026292681296e+01
7.843549742816826154e+01,1.176790074938553232e+01
5.122847897996020095e+01,1.368959598215653450e+01
7.297362995005234154e+01,1.319149998116935407e+01
6.751814727424211071e+01,1.439202142783542726e+01
6.819958024448416722e+01,1.445259573049990642e+01
5.287677051686191021e+01,1.472271514052935615e+01
8.269315307268993820e+01,1.195905243072743573e+01
6.225760180420986956e+01,1.016562219246624821e+01
5.327707726965533652e+01,1.111979571325207417e+01
7.876342872415071383e+01,1.200146301710490171e+01
7.211382203815996661e+01,1.241816643281936372e+01
5.579754942825216801e+01,1.111083586260869893e+01
6.730798744386306964e+01,1.305412464872244982e+01
7.439798353567357481e+01,1.040262344124147553e+01
5.822241771588902282e+01,1.231917685162049736e+01
6.678485942550177867e+01,9.935646925502425120e+00
6.911525225687607588e+01,1.221942459134159265e+01
6.393394531789549262e+01,8.852505933776054547e+00
6.410679689114896007e+01,1.162727188069229101e+01
7.365765643198012924e+01,8.549383859264214180e+00
6.258572060356926414e+01,1.402604873936028795e+01
6.114673790525969110e+01,8.903405484823506910e+00
7.256911700070763516e+01,1.133068867725252993e+01
6.802728293961304473e+01,9.375243894561705815e+00
5.537532389286153744e+01,1.312209361063694324e+01
6.467900338282973394e+01,1.155452473066201158e+01
7.054233841336225908e+01,1.180292327936611940e+01
6.689752854268162707e+01,9.999447747776798678e+00
5.854169715083601488e+01,1.195926000276949885e+01
6.930357868616168560e+01,1.039719183745203068e+01
6.995792704563011455e+01,1.352967113013180800e+01
5.949713891454124592e+01,1.342459457081096730e+01
6.953864049690326965e+01,1.013061732656080771e+01
6.487354903370106740e+01,1.238795793872507645e+01
-4.822183856205556651e+01,1.089907647631534360e+01
-8.794967078588219067e+01,1.052252669706280841e+01
-7.521888601277139230e+01,8.510637095803449625e+00
-4.980335064240420451e+01,9.287010381168229856e+00
-8.913256706440211019e+01,1.143265369324642933e+01
-5.222810237619788865e+01,1.062145856978620628e+01
-6.923677830993683813e+01,9.610100187181510378e+00
-5.990140352936456480e+01,1.051673707002509950e+01
-6.134014494995242472e+01,7.280174755592863534e+00
-7.141310845650164651e+01,1.011965945424226732e+01
-6.339556204502232362e+01,8.825491298216899594e+00
-7.209404323844096041e+01,6.492629027294778865e+00
-6.879950373892727100e+01,8.606251049309554091e+00
-6.175665572183866914e+01,4.505730981134857593e+00
-7.334879512736056029e+01,8.775932635511676239e+00
-5.677459828235970463e+01,7.892598879442466853e+00
-7.195984144438875774e+01,7.789910330279486317e+00
-5.638381833276051935e+01,8.232622445732898697e+00
-6.323766911228977960e+01,7.161539767974884896e+00
-6.114853225679151905e+01,7.521316276472340689e+00
6.547759242869882712e+01,1.132682017860166823e+01
6.873412229946164587e+01,9.612411670386999063e+00
5.649837861294925290e+01,1.015864565136225295e+01
8.267060635826915416e+01,1.573090333543517261e+01
6.470547850639614751e+01,1.331071236545434289e+01
5.300758338118176027e+01,1.499880450726807446e+01
7.349299972692327287e+01,9.592381958097597305e+00
7.122468875223543705e+01,1.101774756261059096e+01
5.470401855232555732e+01,1.230836254739896241e+01
6.733664247595550023e+01,9.596611192727594997e+00
7.573482357957695399e+01,1.002289527190335860e+01
5.795983706825289516e+01,1.036040323765977256e+01
6.651905342341132155e+01,1.376252503956838424e+01
7.064214830509158105e+01,1.023167196240030563e+01
6.657421729707158420e+01,1.258167685614398046e+01
6.828701132621600323e+01,1.170584666899499382e+01
5.999673776667701475e+01,1.029033084227492623e+01
6.739569900051610318e+01,1.483967141739590900e+01
7.070738853971863591e+01,1.063302235762480308e+01
6.866079027166230730e+01,1.391209169814414537e+01
5.568488619457345123e+01,1.244127347059999877e+01
7.242404927515373458e+01,1.011337743219792173e+01
7.345924262646971670e+01,1.524577931807564823e+01
5.482628754528906256e+01,1.320390169015366055e+01
5.831312738024597309e+01,9.304640201369464236e+00
7.520454957845146282e+01,1.367626175880936756e+01
5.977463969052669768e+01,1.299069513995518754e+01
6.231059646710671274e+01,8.288769056954883752e+00
7.450874078915796872e+01,1.468426688444134420e+01
5.520280878208642861e+01,1.373407792371068936e+01
7.337558364021050750e+01,1.248738447902749726e+01
6.325152369110369222e+01,1.470092952083891724e+01
6.637116550523946046e+01,1.768884102092528110e+01
5.070960123219973781e+01,9.626355829857391910e+00
7.872250426823697467e+01,1.390618617739572294e+01
5.868354835801914504e+01,1.239396071301685076e+01
6.811907176304291056e+01,7.668198604493785098e+00
6.478551455913253676e+01,1.459631251556125520e+01
6.444065677147287374e+01,1.173418855446687559e+01
6.356096914702137468e+01,8.336030112695384631e+00
-6.582911970677658076e+01,6.148840491917095363e+00
-4.647613501378598500e+01,8.406329286980854576e+00
-6.841193473949954296e+01,9.575051252778886024e+00
-4.445416100998387066e+01,7.831906092547564313e+00
-6.983725500301989086e+01,6.541327933756365454e+00
-6.635191990636836579e+01,5.495059093553113172e+00
-5.862346330209150835e+01,8.847510501559948892e+00
-7.436646393224306451e+01,7.564662351839444909e+00
-5.933209007948243396e+01,1.024325271252672742e+01
-5.577324762118183799e+01,9.805057808001571118e+00
-6.011374621794358575e+01,1.190610860689318962e+01
-4.220974074727348579e+01,1.247375678540073807e+01
-5.720620628221752213e+01,1.251506121426095319e+01
-5.112472423346005712e+01,8.271067858592395794e+00
-5.743643017408503226e+01,7.154784148616922579e+00
-6.287493275673808313e+01,8.179573580473897820e+00
-6.402100925685114419e+01,8.924576918732819664e+00
-6.466924895704045184e+01,9.043181037237472353e+00
-6.155530633746617752e+01,7.825472782230749047e+00
-5.953700182388706708e+01,8.725985577032012941e+00
6.361941458265142302e+01,5.603684430318358167e+00
6.661659308308749416e+01,7.913187002568024653e+00
7.183802683372935860e+01,5.155766772409657861e+00
6.535405983524924522e+01,6.850202080247203007e+00
7.521051384607844170e+01,7.522466605490745195e+00
6.879486559381805932e+01,7.228033309880457224e+00
6.909170938589224420e+01,7.479275415785627601e+00
7.388525270227364672e+01,9.745507470547151385e+00
6.353922952997190521e+01,8.166329508458904485e+00
6.927355441071711084e+01,6.283289843369113115e+00
6.208830889890771232e+01,5.978469760589550930e+00
6.494744390713393045e+01,9.147596538363245600e+00
6.333195756090652395e+01,8.588727148977961079e+00
6.261988428856406586e+01,8.168522389016322549e+00
5.917100759981510549e+01,4.423844215796526314e+00
6.678970773166497565e+01,4.367631851599408144e+00
6.040591101339560254e+01,4.546795086402244834e+00
6.482550507845098764e+01,5.496195275260426172e+00
6.106476582936890907e+01,7.133384180584657841e+00
6.365569563537157904e+01,6.095537341016198596e+00
-6.331910900144698218e+01,5.129635498750250377e+00
-6.354170471926522623e+01,4.229634945825336168e+00
-7.098940485567069913e+01,6.183043850093135951e+00
-6.507484670953746786e+01,7.862245894331683971e+00
-7.337606882326136315e+01,5.803794568791193598e+00
-5.990201888818385356e+01,7.011098657981467142e+00
-6.506154489496711335e+01,5.652776517154533664e+00
-6.168571421505401986e+01,8.484489749559974925e+00
-5.163516296958628971e+01,6.597626413924948530e+00
-7.562725836847339167e+01,7.817431894854870222e+00
-5.913459177492704555e+01,6.562857940552230929e+00
-7.770005989559422233e+01,5.698636872963970035e+00
-6.383769262886411155e+01,6.179426355136238058e+00
-6.719485698635732263e+01,4.477152698372570683e+00
-7.284836680774029105e+01,5.363322744730727010e+00
-5.923694327763197265e+01,6.241049031592406315e+00
-8.070305393430847118e+01,6.836262387780167593e+00
-5.297073953459628370e+01,7.002441640390459909e+00
-7.316202381866536086e+01,6.075701102988684710e+00
-5.862740998413866578e+01,8.544371290072486858e+00
-6.895030896157298628e+01,9.192831581864947310e+00
-6.855822511197256119e+01,8.856495770729218009e+00
-6.932429101197352850e+01,8.596065097769482577e+00
-6.340234710792675799e+01,8.182045717783918093e+00
-7.510234028388698846e+01,8.646711288150379815e+00
-5.921954951586191385e+01,9.405633181936011056e+00
-6.666954811564453109e+01,1.046191998302654191e+01
-7.024665436509351935e+01,1.320518789598646947e+01
-7.576819338937407622e+01,1.244068423876621843e+01
-5.758254947789127698e+01,1.107315154622034825e+01
-6.283657562779733752e+01,9.433719475777094132e+00
-7.507736286476504972e+01,1.018366627206988184e+01
-6.545132814270132826e+01,8.979916809240064524e+00
-6.048724412390784266e+01,9.896661983488838743e+00
-6.543334755516534074e+01,8.407050593013604356e+00
-6.866756493563899255e+01,8.135467136536306043e+00
-5.403186132351784465e+01,1.013934022776287946e+01
-7.098596415926817826e+01,1.097341234568666479e+01
-6.675689558410438451e+01,1.235055388502123463e+01
-6.012902140880101598e+01,1.283019776222420560e+01
-1.759716973705466501e+02,8.451804396454328128e+00
1.719183040663581608e+02,8.087748869077710623e+00
1.749530573518828760e+02,7.158149082145532915e+00
-1.747808567510387547e+02,9.826258961992383689e+00
1.702654742495210769e+02,1.108700883727556352e+01
1.713403004014950000e+02,1.178243716149631126e+01
-1.711211481653675150e+02,9.426720702824182396e+00
1.632197993826241600e+02,8.566774687404276278e+00
-1.799656783486870211e+02,9.309371080015161226e+00
-1.740016573032399094e+02,1.011582825685322007e+01
1.693857061167108498e+02,1.097550076517930862e+01
-1.789160827174354154e+02,8.198134825421185212e+00
-1.729726549067060830e+02,8.118207233356272923e+00
1.680977618380245246e+02,8.417943578239759361e+00
-1.791695594430462108e+02,1.026053626209480285e+01
-1.741898946591338415e+02,8.787591584239340392e+00
1.735624870692591912e+02,7.483100612137736363e+00
1.732376032194111133e+02,8.300437098808055580e+00
-1.778453879405996929e+02,7.078149086835749060e+00
1.764746670166801437e+02,8.344394758022183112e+00
-6.891734840212382096e+01,1.249653345996953391e+01
-7.696553959230091380e+01,9.979955287110904294e+00
-5.468730356332649478e+01,1.243406351988164715e+01
-6.555748125336494070e+01,8.420548612845399461e+00
-7.086842125027685313e+01,1.231499832903633163e+01
-6.471590946668067090e+01,1.162139104951330104e+01
-6.609602812203274880e+01,1.016476847725160937e+01
-5.994440983546403601e+01,1.596476955771596096e+01
-7.832627129014295519e+01,8.846028637621289548e+00
-5.609226414822730789e+01,1.308403671192048634e+01
-7.294565779819650686e+01,1.197920361611609508e+01
-5.832743860237808065e+01,1.264372869940637045e+01
-7.854347111707743068e+01,1.778633600544191040e+01
-4.728098752861864540e+01,1.487911494583346439e+01
-8.100996755942981054e+01,1.473866252313995417e+01
-6.097365826385271959e+01,1.588765625532392534e+01
-6.964095047834912577e+01,1.695052731911039245e+01
-6.018039507848359193e+01,1.430636872458748066e+01
-7.743181415021325620e+01,1.694184990316653483e+01
-6.355373968188311551e+01,1.160806344128353018e+01
-6.509568592117491903e+01,1.486480510745965944e+01
-6.010114350982845366e+01,1.058554334866366098e+01
-7.344009354786925314e+01,1.331529689202540823e+01
-6.230235049893493482e+01,1.115403286030380947e+01
-5.892677279709012339e+01,9.625275386782643494e+00
-7.222391841840376969e+01,1.060416057057941863e+01
-6.201568526365436895e+01,9.938746238409898126e+00
-6.635375663333384466e+01,9.731200711707543860e+00
-6.327042854309532061e+01,1.015526847773915264e+01
-6.767702724321023311e+01,1.049855374394895868e+01
-5.856202176989164343e+01,8.865299604610356710e+00
-7.009457719792600017e+01,1.054634237736743430e+01
-6.537432113133094447e+01,8.417266823026643863e+00
-6.309792146592803164e+01,1.184577508182185568e+01
-5.938697855973705941e+01,8.317769134152626975e+00
-7.610399673119852082e+01,1.267651828100825107e+01
-6.206129387180809687e+01,8.576396316265089581e+00
-6.249073024237439000e+01,1.133498330555841171e+01
-6.291817682232834841e+01,8.968746078523132326e+00
-7.097235844289552631e+01,9.603598431001456603e+00
5.713865967013705216e+01,7.920127205662636172e+00
6.819132601528953330e+01,5.576126312901173776e+00
5.729199167120767555e+01,6.553895355608692519e+00
4.827813340653447938e+01,7.538764230411988621e+00
7.173176262792307512e+01,1.008103350070815907e+01
6.020153349537961418e+01,7.756101957011610537e+00
6.625752120893352526e+01,4.665456336027100193e+00
6.327092337234148545e+01,4.816328757725663046e+00
6.650334286763428793e+01,8.399170459939355737e+00
7.072997522033188034e+01,9.491386313593913826e+00
5.560425154749907506e+01,5.883948835991000159e+00
6.847107254100930618e+01,6.015075010608617490e+00
5.496049964540940636e+01,7.333089049611327681e+00
6.091180976234491595e+01,6.580401593199168175e+00
5.838701410037922557e+01,7.777527580541299557e+00
5.944126391361936612e+01,1.001603369478879557e+01
6.846053772361308631e+01,4.567732295966551170e+00
6.168743652156693003e+01,6.158528439935913923e+00
6.603046738112682590e+01,5.489541667970017969e+00
5.934559194546296368e+01,4.571525022441061736e+00
-6.328085537639724123e+01,8.169959217183674127e+00
-6.254228262994138987e+01,5.885249144601200300e+00
-6.276239451021638871e+01,5.534757286380938446e+00
-5.742269462904546629e+01,4.299537190030806144e+00
-5.841043884116593432e+01,4.791169377925054818e+00
-6.157193527339651240e+01,7.613008617481057172e+00
-6.632551700577293730e+01,5.565932196471020887e+00
-6.614935768456523135e+01,4.399070159923961221e+00
-5.928516752257200295e+01,6.374572543743621367e+00
-7.683180291209980339e+01,7.775937740960056743e+00
-5.947426147046101619e+01,7.390129483994204662e+00
-6.145145137381705780e+01,9.234215663364988558e+00
-6.688647559350341965e+01,7.161252675851105920e+00
-5.535075825405529315e+01,7.827587517481159551e+00
-7.240024028645913745e+01,6.510715229122801873e+00
-5.202286425364466993e+01,6.096342580552612134e+00
-6.530630721037827868e+01,7.273121961436730842e+00
-6.484026366652314266e+01,8.208461895070431780e+00
-6.231094535497501852e+01,8.874447717743741748e+00
-8.327739841076650862e+01,1.062680249431938506e+01
-1.694639010913492427e+02,8.373202633424870811e+00
1.783786024529009069e+02,5.474361726433054187e+00
1.730866851760263501e+02,7.362288288728602303e+00
-1.729430351950893794e+02,6.875263927025375033e+00
-1.754284163861057664e+02,4.982645995068006428e+00
1.676071775387377727e+02,5.797131815007974254e+00
-1.763597833040726641e+02,4.974023216772093470e+00
-1.778653508675402861e+02,6.187488785357089682e+00
1.732848251636994519e+02,5.474023120647736107e+00
-1.743535095441592375e+02,6.216544276221994458e+00
1.745849256196408419e+02,5.217234225184389729e+00
1.714153799656942283e+02,5.554172048975073217e+00
-1.794614744777729243e+02,8.217002043580448500e+00
1.750928935613404462e+02,9.099600917519783394e+00
1.753273063418382947e+02,9.861877005792059947e+00
1.773181603965053341e+02,5.812505262466739708e+00
1.796616754507003577e+02,7.661449939440196033e+00
-1.762133787526994979e+02,7.729957048132259700e+00
1.693842754678964866e+02,7.514042076782278201e+00
-1.767409825364100584e+02,8.822158574981568080e+00
-6.411161327590583880e+01,9.791902960420660662e+00
-6.352419860653687778e+01,9.835952558390781419e+00
-6.452401056087769859e+01,8.022086063408467638e+00
-7.090591680493129445e+01,1.021896493079425383e+01
-5.969497195156512248e+01,9.484085146567075242e+00
-6.337051931561142482e+01,9.328861912723052541e+00
-7.535100196937506212e+01,1.054461352598740298e+01
-5.846141301111652666e+01,9.955790290575842860e+00
-6.867095167926466104e+01,1.033249289159259909e+01
-6.744076244466444336e+01,8.943557348247786365e+00
-6.290907644222624384e+01,1.032127990696726094e+01
-6.206117271355240206e+01,8.542148680594555898e+00
-7.885485585658409491e+01,1.010970163972698899e+01
-5.896942491217571103e+01,9.916589609529557592e+00
-6.082231801601268018e+01,1.041602855806211991e+01
-7.429146166962219411e+01,8.968782830588940769e+00
-6.724957900953262424e+01,1.167438365430667702e+01
-6.256944025047136648e+01,9.699057469918919594e+00
-6.086460322086051633e+01,1.005411647498345751e+01
-7.064711330652853860e+01,9.047801409705041209e+00
-1.752103492602338974e+02,9.191543397841684282e+00
-1.754820766016796938e+02,9.898279935962975173e+00
1.682728447670094170e+02,6.898520636123397054e+00
-1.707382492397321982e+02,5.309704291153149569e+00
1.716063844585025890e+02,5.671192235343554877e+00
1.772641150367948057e+02,1.088786930504295292e+01
-1.689471795109438119e+02,1.067126307143196229e+01
1.677208711807645045e+02,1.088098227930189665e+01
-1.782428350431612785e+02,7.816688672102378277e+00
1.785650184990938385e+02,5.573396556374468069e+00
1.745583276706842923e+02,8.051394474855504413e+00
-1.768942377095313816e+02,6.417554364994093596e+00
1.791750917275774952e+02,7.911281487845961635e+00
1.796890480858723720e+02,8.466658011365961300e+00
1.740549558476823506e+02,5.636025533932512488e+00
-1.762732800858917699e+02,1.104773086619099409e+01
1.787274029309678838e+02,5.766518609270587348e+00
1.723712317218078169e+02,1.228737937177576178e+01
-1.736908081757444791e+02,1.034649227255439285e+01
1.736593183504812998e+02,9.666015813447522476e+00
-6.422361834753962739e+01,9.987471976618632397e+00
-6.123963508074776030e+01,1.101503566062548600e+01
-6.227122522522426351e+01,9.406836037603055090e+00
-7.460908555520751406e+01,1.168594726901493530e+01
-6.370528462139000681e+01,1.263415268756066467e+01
-6.143047178883129789e+01,1.028501341946068237e+01
-6.710857110956868610e+01,8.364383070929326536e+00
-7.538571248685457249e+01,9.796576048780508472e+00
-6.221349290160569012e+01,1.039771350221535684e+01
-5.734821282532965370e+01,1.616432548843671668e+01
-7.610105582175540917e+01,1.043492738525316987e+01
-6.596350839353929985e+01,1.041959533346424038e+01
-6.084008779559164992e+01,1.088450367941682195e+01
-6.794764707558077532e+01,1.173465690716130361e+01
-6.676089359406516621e+01,1.047180341537651316e+01
-6.286595107035958563e+01,1.081895114340651887e+01
-6.463356483022070620e+01,7.949784093312919353e+00
-6.279329958682185975e+01,1.022023942828158738e+01
-6.597118511458380397e+01,9.104469383353809064e+00
-6.550136284548625554e+01,1.104351728800657639e+01
-6.823206863510314690e+01,1.338300448868469594e+01
-6.650301703497373751e+01,1.144319578291174011e+01
-6.052534287471460317e+01,1.555579116336966194e+01
-6.378296974292295829e+01,1.471882916052419965e+01
-7.020371841926642276e+01,1.321162622569067935e+01
-6.893721551977124307e+01,1.150416661716780986e+01
-4.928312891630535120e+01,1.401151524169576668e+01
-6.942522686902627527e+01,1.186880558391495200e+01
-6.467846214559976659e+01,1.405377046735644342e+01
-6.474416221101668611e+01,1.134083758988265878e+01
-6.243745754829888028e+01,1.420592196451557498e+01
-6.574717768810580765e+01,1.040363546447050958e+01
-6.698462866945381222e+01,1.360534802598107973e+01
-6.658665895520769595e+01,1.241045641082568984e+01
-6.927770638589916530e+01,1.099106794741527793e+01
-5.895691251132092248e+01,1.407523027843639518e+01
-6.699468808662926733e+01,9.925737923460388856e+00
-7.392487104879755577e+01,1.116559568837171668e+01
-6.453900959192833398e+01,9.084762145475949069e+00
-6.543046490607972032e+01,9.813359485526838455e+00
1.772242459652385378e+02,9.721496463827218548e+00
-1.787484415347350648e+02,7.534986413879265044e+00
-1.711389821729075891e+02,9.630664706847134937e+00
1.682607673769667542e+02,7.455683311082339060e+00
-1.752293497462510175e+02,5.714086384262495599e+00
-1.701235081639168243e+02,6.674202255573952414e+00
1.658031542952638233e+02,9.483130322212270258e+00
-1.771735578248401737e+02,1.037001547870436902e+01
-1.721642358675043170e+02,9.007738121297137468e+00
1.717437305258276865e+02,8.548881187967818818e+00
-1.696158665429150005e+02,7.670854642351113029e+00
-1.754557546661971799e+02,8.773923258253855550e+00
1.728149913531998436e+02,8.054084730528121128e+00
-1.650843777382639814e+02,1.139111677302222603e+01
1.702931310895469608e+02,8.645020061299403480e+00
1.751391550700791413e+02,8.603778737233813700e+00
-1.698359500708173755e+02,1.011642476318155559e+01
1.644976222495376419e+02,1.047742910262016380e+01
-1.763186765288388358e+02,5.777123452729339803e+00
-1.633601833407747677e+02,8.896822117671561614e+00
1.711835093558225935e+02,4.751269352214860575e+00
1.759820111787855126e+02,5.302979655772933398e+00
-1.647938139038119800e+02,6.636174101381122625e+00
1.689043603741437209e+02,6.624132426850679600e+00
-1.724825527416798252e+02,7.084687464994580353e+00
1.793011682620776241e+02,1.185279269078651776e+00
1.730652796261115896e+02,5.837550615637830731e+00
-1.650643338773735707e+02,7.186806731240817925e+00
1.746245988944699832e+02,4.003111671108912972e+00
1.750205715470129917e+02,5.841233326558071148e+00
-1.713765887511004280e+02,2.281900894614978359e+00
1.666182829862792119e+02,4.488632536435752662e+00
-1.751522672815347903e+02,8.046348470701469857e-01
1.798893543137016309e+02,2.917767428484113523e+00
1.798255644700407174e+02,5.123845494012932988e+00
1.774593267233287008e+02,5.822746692327001483e+00
-1.787562326576555449e+02,5.102579802138919263e+00
-1.799720520935474042e+02,4.605008447292085805e+00
-1.783045020151275537e+02,3.142316776185806404e+00
1.773180601246807555e+02,2.461329913797650981e+00
1.728699321839512208e+02,5.615920960539735773e+00
-1.654504731412909280e+02,7.382710053295092223e+00
1.693486393731405713e+02,9.469282104972652547e+00
-1.746240297989240275e+02,9.505016255177803686e+00
-1.722976295794277064e+02,6.702543640231998445e+00
1.715921483709508948e+02,6.711403151789035348e+00
-1.685310135976984327e+02,6.542474590226177611e+00
1.734222243107730321e+02,1.080741730827983460e+01
1.781097190031780428e+02,7.576425796261169410e+00
-1.692317507410026565e+02,1.253320781067247935e+01
1.658945127861964295e+02,6.400685916268214370e+00
-1.653991528654709953e+02,1.104090093533202044e+01
1.788145010931224874e+02,6.673456874628812763e+00
1.706924501256774533e+02,1.547801978055190375e+01
-1.627476869247250022e+02,1.034520670438186940e+01
1.766901356585598535e+02,1.008892051833342407e+01
1.661734444023512935e+02,7.690238011874630075e+00
-1.674311552076386818e+02,1.112929851751930066e+01
1.755394085477957162e+02,5.967276035919576671e+00
1.678502899201626803e+02,9.168363546601558056e+00
4.109054651335100772e+01,1.294063054600758100e+01
7.973662701089814675e+01,7.145271405112620933e+00
5.932316724395895591e+01,5.231535499825834989e+00
5.607790965729770960e+01,7.097169437084075660e+00
8.512750839784493451e+01,1.191091803182442455e+01
5.440996642467318622e+01,8.252893936584497325e+00
7.041738302230115210e+01,6.910175917895888809e+00
5.868085333052866304e+01,6.011111386064619921e+00
5.626600612454729600e+01,8.654187506330943691e+00
6.468145341565811179e+01,4.975331850262923794e+00
5.340618966238923804e+01,8.014250167741458597e+00
7.966592701899341478e+01,5.522528358892691003e+00
5.879687965091076052e+01,7.007562755083755590e+00
7.353208432216057133e+01,5.376014516051824899e+00
6.782924364941892748e+01,5.250173564097088352e+00
5.715323540450614104e+01,4.879100613145929799e+00
7.655972027415729997e+01,6.623703164024265178e+00
4.598363876203044498e+01,9.275691712363572705e+00
6.690646926046390774e+01,8.113444738558996505e+00
6.167035183655088559e+01,8.412072792703307655e+00
-6.224745812816345847e+01,1.009679541694336891e+01
-4.273999682293963787e+01,9.493262183728244707e+00
-7.270762268160095232e+01,1.084631568524244116e+01
-4.989630885734878518e+01,1.132149657401279974e+01
-7.172446937853368354e+01,9.952435064364731687e+00
-6.486490529557754314e+01,6.352927542086137080e+00
-6.321252462131494809e+01,1.003394133292773915e+01
-7.380003575493982737e+01,1.405475804729281819e+01
-6.078502495534369388e+01,6.580773727906860771e+00
-6.749169935322916558e+01,9.005283062591903587e+00
-6.360089093852777609e+01,1.129138774519037192e+01
-5.896557205115293243e+01,1.628238222370258015e+01
-6.634960206943712535e+01,6.882839960036498894e+00
-5.617878952289307648e+01,1.506527316708357489e+01
-8.006668870452621434e+01,8.421191539640160428e+00
-5.281777114390590810e+01,1.368049776372930637e+01
-6.279261069243314353e+01,1.292779418228210631e+01
-6.411666115186206127e+01,1.275688654043820591e+01
-4.975355296911256175e+01,8.856143838190181583e+00
-6.608700843522538548e+01,1.238524592365349619e+01
-5.375844991401228867e+01,8.534551046387033324e+00
-6.072964001333789952e+01,1.352296479987984945e+01
-6.451845244503975607e+01,8.620361075367046766e+00
-5.750713027769415220e+01,1.198458241938199187e+01
-7.471568516385865166e+01,1.125252272424303257e+01
-6.102666554407933575e+01,1.200062001436287140e+01
-6.845904622610437684e+01,6.345590309170384913e+00
-6.240148683366316362e+01,8.726711506626658732e+00
-5.564431942390810093e+01,7.192842096756824510e+00
-6.547522637743682594e+01,5.857138585969492439e+00
-4.998280623548934898e+01,8.880256178917294463e+00
-6.989767193755868391e+01,7.402832447182438713e+00
-5.214692241800670303e+01,6.943322989556882874e+00
-6.748706746536744561e+01,4.299500932139301845e+00
-5.760683376293326319e+01,6.925072738329475897e+00
-6.229949316696411898e+01,5.392264744347470717e+00
-7.076300114830280563e+01,9.586364089163980751e+00
-5.728691195106319611e+01,6.502325578081767254e+00
-6.199281773038121202e+01,6.736013492794494795e+00
-6.895742313338334384e+01,6.369312428625645950e+00
7.196756322787699389e+01,6.632397901182037536e+00
6.950810250952268632e+01,7.756245390689974428e+00
7.415177766648419322e+01,8.976657909596543305e+00
6.804667684682334539e+01,7.770872321959853224e+00
6.627866977501611245e+01,9.100752994887837843e+00
6.825979283685408916e+01,6.927616526229023464e+00
5.636718941993441945e+01,8.852563637696182042e+00
7.085718514606666929e+01,8.869466759454759597e+00
4.772286834909251496e+01,1.111961620052199606e+01
7.190449568477207265e+01,9.718025419701870504e+00
5.554308952661578047e+01,4.338842051160155755e+00
7.586602700543551236e+01,9.967856129042651503e+00
6.990496534179762023e+01,7.954880736446359180e+00
6.296168397604584754e+01,8.047619944735263431e+00
7.606431063484191668e+01,6.973693243153856081e+00
5.569263357096207301e+01,5.184654511738315819e+00
6.979731743278443901e+01,7.938729449284078754e+00
5.175092639803123973e+01,7.702921227842967511e+00
5.515488842147020421e+01,1.003454370940252183e+01
5.280414653738528585e+01,7.389284766907442403e+00
1.591116028278448766e+02,7.131043484159985901e+00
-1.689654095985295612e+02,6.909275602383319281e+00
-1.798770487188197365e+02,5.255707197256969110e+00
1.734555363641924828e+02,6.231710404147272619e+00
-1.708968298627067668e+02,7.037838890049604501e+00
1.719540331247306710e+02,7.441108960082216228e+00
-1.778502925193531610e+02,5.054632743081064028e+00
-1.741769391121736419e+02,5.292682746434525853e+00
1.777807460577822667e+02,6.453556615358071014e+00
-1.761762474773899498e+02,6.536232345408603983e+00
-1.758150016259896518e+02,7.419736799784327985e+00
1.739754192031932405e+02,5.978608581774190966e+00
-1.674266208389966835e+02,6.390377989166638351e+00
1.745040044430634794e+02,4.862948358461634868e+00
1.744760925798249787e+02,5.068706390692709896e+00
-1.717403419905996316e+02,5.625666332045148543e+00
1.683505518538618730e+02,6.178575741788062459e+00
1.792728549290336559e+02,4.349906630293278731e+00
-1.689088604677553178e+02,5.629377023553777448e+00
1.665456547361934554e+02,8.538809801439647629e+00
-5.631809643969028656e+01,6.466244235261731532e+00
-6.600494901079773058e+01,8.880764385366635594e+00
-7.006895835162126218e+01,8.419033011380300024e+00
-5.631180402941900809e+01,6.864862980811144766e+00
-8.097122770756794807e+01,8.312912079527134068e+00
-5.077365399155323900e+01,7.584330254914679159e+00
-6.722015424470997402e+01,6.984270189944039586e+00
-5.905564171173244858e+01,6.207240801264372720e+00
-5.353440250422585933e+01,7.997617901462298562e+00
-6.440142109266103887e+01,6.768611531599920461e+00
-6.012534044324856097e+01,5.048988560592619912e+00
-5.856123143046340829e+01,7.841967889570890193e+00
-7.019496314953636329e+01,5.271032740597327404e+00
-6.523606426709565653e+01,5.362434237863388020e+00
-6.635134281841536108e+01,5.729706190919526598e+00
-7.639938198819368154e+01,7.066740424034402501e+00
-6.244961050242518041e+01,4.586838574859967821e+00
-6.334961780686091259e+01,4.608510529279602252e+00
-6.395474452995310344e+01,5.410910668275406898e+00
-5.184673477591913127e+01,8.883737446041505947e+00
-5.617060169705548844e+01,8.899391957348290916e+00
-5.887201541134419358e+01,5.142126820140557442e+00
-5.871474556142957368e+01,5.947571322453003795e+00
-7.406870505730913123e+01,5.951447794836981942e+00
-5.911922467505529966e+01,7.622612993232863232e+00
-7.457110278283148830e+01,8.473076063474028530e+00
-5.954315238988058212e+01,6.107528074584694266e+00
-7.398808098709318415e+01,6.023300124211395712e+00
-6.032749602307307413e+01,5.467323437195219071e+00
-4.954866730433602839e+01,7.173046793453297987e+00
-7.376518491420735302e+01,8.725315188789004139e+00
-4.886670564836187225e+01,8.238400420476002850e+00
-5.736541369543055424e+01,7.110119043241390102e+00
-5.314241155126101290e+01,5.720481341932005748e+00
-6.054667648757639853e+01,5.268235174454678926e+00
-6.611551831347047425e+01,4.771434277719449391e+00
-5.893157156859540891e+01,5.262392407090554336e+00
-6.722075622149040441e+01,5.839024682899598417e+00
-5.980994904911596421e+01,5.709770830140472597e+00
-6.671196146128033888e+01,3.989128507534413615e+00
-4.843521995412326930e+01,9.061766808311261912e+00
-7.424188507327473019e+01,9.709711599088331369e+00
-5.528061812286972554e+01,7.598130033872871891e+00
-4.713580174525140620e+01,8.128721468197170452e+00
-7.134354687172974252e+01,1.123156223486803640e+01
-5.029081829789623725e+01,5.472186831498045301e+00
-7.017190553902491956e+01,8.649269251127492453e+00
-6.298484584632237926e+01,5.600012547000306817e+00
-5.561302663205322716e+01,8.281303042766438693e+00
-7.697072224859536504e+01,6.365639289114137789e+00
-6.770833330020711571e+01,1.123236359486919689e+01
-6.623811772623228933e+01,4.360828945811263679e+00
-6.874178024356589845e+01,5.494613055738664542e+00
-5.637499136796077437e+01,8.507633085657051453e+00
-7.212789769297739895e+01,8.404992921615683343e+00
-4.991078814879980285e+01,7.671768943215615977e+00
-6.958114815576550427e+01,9.609846156354239000e+00
-5.526967313135803295e+01,5.069859892824593928e+00
-5.856138459475300095e+01,6.864771397265679198e+00
-7.788039740170628988e+01,7.684078855285632059e+00
-5.355722566867961376e+01,7.465000223798256229e+00
-7.428246488101689238e+01,8.518256907598816596e+00
-6.578667356303633085e+01,7.213652995918240940e+00
-6.131401321013736094e+01,7.009482804957191782e+00
-6.925566978724951639e+01,6.895314863416022177e+00
-5.442950492819399955e+01,7.491087466371649128e+00
-7.782068374202928851e+01,6.788793251752851532e+00
-6.072258981764025521e+01,7.610822948390046250e+00
-6.165819730839773172e+01,4.384950608151404694e+00
-6.785133212420427640e+01,5.965544456593253386e+00
-6.321003488580143426e+01,5.224335714593338231e+00
-7.236628277144988886e+01,5.999417868106979412e+00
-6.594227820046933175e+01,7.499271038161975156e+00
-6.875277745067806734e+01,5.871320187291841464e+00
-6.831668124472605541e+01,7.515075908190471665e+00
-6.466186952960423184e+01,9.243398928223559352e+00
-6.944635721443276566e+01,9.082459587390303568e+00
-6.202421718343648394e+01,1.041263541983190244e+01
-7.385138738714805129e+01,1.030264314219650856e+01
-5.857524179606637915e+01,1.224549137453616332e+01
-7.993949623911277058e+01,1.067335492184930246e+01
-6.065875894806632118e+01,9.552050063420816528e+00
-6.929991430771960381e+01,9.907226944696999382e+00
-7.234231705222251207e+01,1.082925319240891859e+01
-6.481462401715168653e+01,9.475487909656292729e+00
-7.076068763366018288e+01,6.949746095225181719e+00
-6.689625323827819159e+01,9.686379776726493418e+00
-7.072710464173458433e+01,1.049055563032296234e+01
-6.103502683892373426e+01,8.386204366946440558e+00
-6.959367419488336282e+01,1.053576395106089691e+01
-5.938983336288607973e+01,1.025277274437766195e+01
-6.953568604350556370e+01,7.944991067381668159e+00
-6.585286601981697174e+01,6.658381285020116280e+00
-6.555718111435099615e+01,5.105386767898366429e+00
-6.815749936388839103e+01,4.409733961504562316e+00
-6.149390024869120452e+01,5.492219482883121451e+00
-6.757374394844529775e+01,6.184865060517824809e+00
-6.236211751596217567e+01,3.361258846278718515e+00
-6.567482084454057656e+01,3.838359113687509705e+00
-5.765466993615757474e+01,4.789265557201000334e+00
1.768608585579115129e+02,3.664862320199068435e+00
-1.761521950575975097e+02,3.843598785014490815e+00
1.753781955267419903e+02,8.794208849661245608e+00
1.771017877446227828e+02,5.701266449583346052e+00
-1.772166891404437479e+02,2.168118252867353490e+00
-1.785478547819884341e+02,1.828701571734129061e+00
1.739822293503102628e+02,4.808478289549588780e+00
-1.727715689270382597e+02,9.963721879119473712e+00
1.754093800277788660e+02,8.768205694589946475e+00
-1.763214729635074320e+02,5.391268903125564727e+00
-1.799979905810613729e+02,3.453851332695395904e+00
1.751168696727614815e+02,3.654291559756256191e+00
-1.770209798502005754e+02,4.718628823993361365e+00
-1.787070843660748380e+02,4.568113668581665898e+00
1.773432432416170172e+02,5.841424578720518568e+00
-1.792233675951285932e+02,4.894016580258236715e+00
1.776455961058549633e+02,1.200602945027144930e+00
1.770705842753475281e+02,2.937583741635956258e+00
-1.690171176385600234e+02,2.601344134564635979e+00
1.711142579792633285e+02,4.121996090840970517e+00
6.385556296320838499e+01,4.437609421430239287e+00
6.855947962165973308e+01,4.592752104374324240e+00
6.558308085538087084e+01,5.587110727825681522e+00
6.779761253839741642e+01,3.867296531360929102e+00
6.464144823538322271e+01,4.901060120642322104e+00
6.426633843260539436e+01,5.231751778334526648e+00
5.692411421644675329e+01,4.187962835338844059e+00
5.772838586695958440e+01,6.273140058426094789e+00
5.654430837193023507e+01,4.053286038867208951e+00
6.287826088318922046e+01,8.432924052142775295e+00
6.678689962876728714e+01,4.868685117234886839e+00
6.340333124773722773e+01,6.826065730389373698e+00
6.110009044268114309e+01,8.661235140138662914e+00
6.290759130439970193e+01,6.573158656835907721e+00
5.978249185290437140e+01,9.453059287767679564e+00
6.133676696507480131e+01,7.795448522383333412e+00
6.509530913068395819e+01,7.289357522300710102e+00
5.710543202516275585e+01,5.827937641992307682e+00
6.434608676085845502e+01,6.381984199113404088e+00
6.036358010149949394e+01,7.446514324742476987e+00
-8.347339117406664855e+01,1.010181774436073887e+01
-5.472824482430675630e+01,8.874106343137523112e+00
-6.547163178084618096e+01,8.633305985116273007e+00
-6.057889359678431873e+01,9.330829711128618698e+00
-4.782678690212328121e+01,7.313842353843108768e+00
-7.984703107959263946e+01,9.382467291546417343e+00
-5.281887966597832218e+01,7.577469759448248965e+00
-6.146739236138875384e+01,5.073992372512118543e+00
-6.666919849922653896e+01,5.599849509500183231e+00
-5.667572837510167716e+01,6.247254461051186425e+00
-7.948618658097518619e+01,1.004618461858560607e+01
-6.131667601477519014e+01,6.821534288777022503e+00
-6.887179617682080845e+01,5.877858463979686476e+00
-6.383292661705716853e+01,5.740891351130919418e+00
-5.879705627343484764e+01,6.200829176168705992e+00
-7.460696508570410401e+01,9.496212313446816822e+00
-5.414242436663550251e+01,7.964730509220762755e+00
-6.884337594375180913e+01,8.453461072124540010e+00
-5.143580175939254673e+01,6.548778382466309722e+00
-5.219705569676216328e+01,7.415452154749393898e+00
-6.653199892551879202e+01,5.924355642611310202e+00
-5.419543437222801430e+01,5.966033243262558905e+00
-7.169090447874809513e+01,5.161684994458016540e+00
-6.557933235692271978e+01,8.260952747683951713e+00
-6.454637673967478406e+01,7.794433254822710211e+00
-6.704871260379987064e+01,5.480067784011600551e+00
-4.592090624403137156e+01,1.005452598840832223e+01
-6.332415412754870943e+01,1.134231721566933615e+01
-3.962091250136942477e+01,1.277679505484945999e+01
-6.020696377090568063e+01,1.011184177333078971e+01
-5.254386027601852049e+01,7.635534581860953907e+00
-7.035001151115717732e+01,6.870768590906973117e+00
-7.217326050712935626e+01,8.807595433309721500e+00
-6.595254278925605718e+01,1.334681805431384660e+01
-7.027397770491243989e+01,9.931498817688259706e+00
-5.781601958522887941e+01,6.146250767036020690e+00
-5.182481526475592659e+01,6.531262036517818004e+00
-6.685774458305793644e+01,6.654580080968091949e+00
-4.500153893718470499e+01,7.430310315441234437e+00
-6.632969041612410876e+01,5.742797615093394370e+00
1.744995549159615109e+02,2.087109423540860931e+00
-1.790503764507251390e+02,4.386768631870971991e-01
-1.750756270819600218e+02,9.644318455502554066e-01
1.756965907331122594e+02,8.912110091670002454e-01
-1.699297323584061132e+02,1.662591187815996019e+00
1.695062373088223637e+02,1.809396602195361581e+00
-1.656183950336150872e+02,4.031103358569143147e+00
1.719105271886664070e+02,5.541957542572589546e+00
-1.749984896690398273e+02,6.505907373353704060e+00
1.749202642886479850e+02,3.199099898165574274e+00
-1.741250461378040200e+02,2.529399618519821313e+00
1.743194367212009297e+02,3.750362685607006696e+00
-1.743086704085682754e+02,5.256885786427912599e+00
1.759434318988463417e+02,8.661774710411098255e+00
-1.717694885929717827e+02,9.097436051197608009e+00
1.760646969352856956e+02,2.408358069111192989e+00
-1.763589895014988542e+02,3.404525914829992672e+00
1.732156590486245022e+02,3.981194754784985079e+00
-1.694530795579974836e+02,7.431381674032661699e+00
1.665827179723471261e+02,7.992140676650194564e+00
1.721546088121803564e+02,4.243835971530711682e+00
-1.706647805723862916e+02,5.381648629621165192e+00
1.778615040382611312e+02,2.679180904625925841e+00
-1.798336958612586898e+02,3.381542116511017770e+00
1.794634450211262617e+02,4.604714136070350072e+00
1.752743707437968510e+02,9.189250510547928741e+00
-1.769660076951024621e+02,4.473679808555448112e+00
-1.768990428972678899e+02,6.282257076287298680e+00
1.767279511116871902e+02,3.069041970898637839e+00
-1.705640329206600256e+02,8.981282113054094296e+00
1.712870353497009717e+02,6.166467459194798550e+00
-1.735358258338067969e+02,6.785616983750520248e+00
1.733905819112492566e+02,3.873218994646207669e+00
-1.743364255137146870e+02,4.144649060460470658e+00
-1.778350154601837119e+02,2.704780556666469327e+00
1.769660004681813064e+02,3.919829323136894139e+00
-1.780405317479390135e+02,5.293996195083922274e+00
1.792941278957022462e+02,5.722324535489667241e+00
1.792723045266350823e+02,3.176443141893164235e+00
-1.797121321440864676e+02,1.476058770603630554e+00
-1.634375047780892487e+02,9.382318037228767338e+00
-1.761984484344768873e+02,6.536435083940248525e+00
1.637489959291560240e+02,1.117509336720589985e+01
-1.657241904331751243e+02,1.029450194268183871e+01
-1.762492435161790638e+02,8.085303720095867064e+00
1.718541956487945868e+02,1.014753572069519549e+01
-1.614691619493858923e+02,9.535386524786838791e+00
1.784559551924860159e+02,5.495293779331660744e+00
-1.798039049148728168e+02,1.210342427565536383e+01
-1.693594669568107349e+02,8.807673392420564795e+00
1.702083503048563955e+02,8.320290149362545407e+00
-1.750532283858553058e+02,6.226041333812675660e+00
-1.789865853929001105e+02,4.733077687203611106e+00
1.724139712138194511e+02,6.155816544969045623e+00
-1.716240248153761172e+02,6.147857997405360209e+00
1.771043161336411913e+02,6.194557799417770738e+00
1.749849791498899947e+02,5.195799458982604868e+00
-1.721180944388675016e+02,6.866673634407952420e+00
1.766163849897429259e+02,5.897227444097109306e+00
1.709823712113956162e+02,7.752297215712214751e+00
1.768117567814337292e+02,5.187447671016641948e+00
-1.749731647245581030e+02,6.406155489148124715e+00
-1.758507477685612344e+02,6.406946067389087673e+00
-1.796406325435473263e+02,6.447696691471767494e+00
-1.738999189332824926e+02,6.544198305302044716e+00
1.788687231040845234e+02,5.629326498630808473e+00
-1.775007486750998567e+02,5.042551684619336783e+00
-1.725170835286948261e+02,7.630984183237917051e+00
1.733193331744417094e+02,9.412040417158799244e+00
-1.756202343499518008e+02,7.945318999795315307e+00
-1.728957929416694981e+02,6.399350810838311254e+00
1.789165801170072143e+02,5.054889578722226773e+00
-1.767864767707002329e+02,4.375622089806665116e+00
-1.795969992544517027e+02,4.636396986241829943e+00
1.753607658618687424e+02,4.872024976333170443e+00
1.761505285692920779e+02,4.675441453245187340e+00
-1.737763580326034969e+02,6.520869933599065860e+00
1.662029277469185331e+02,6.662688058465883856e+00
-1.722999923914675549e+02,5.361811208478963309e+00
-1.749138636905171040e+02,5.639630868539087238e+00
-1.498782668290506024e+02,1.111757016189065084e+01
1.618048139380796329e+02,9.808422565371200719e+00
-1.776183464781788928e+02,8.733868428024262442e+00
-1.514051867796510180e+02,1.300568322410135558e+01
1.598178661878824300e+02,8.397983757579110531e+00
1.754014584397502574e+02,9.229427991750618787e+00
-1.582170530939393700e+02,1.504615791087987908e+01
1.757503817359857976e+02,1.229754787700405494e+01
1.669325873601733292e+02,8.790963272299478604e+00
-1.620538830334877503e+02,1.210698694209979820e+01
1.708925506510339858e+02,1.022146664630415636e+01
1.670393632770984027e+02,1.143116766727627365e+01
-1.603130424987321305e+02,1.145878083956917237e+01
1.774613889296195168e+02,1.187628948993916822e+01
1.714890272428190769e+02,8.782994886882024232e+00
-1.620168635699483559e+02,8.554553308248266319e+00
1.672928556804201605e+02,1.116864675209187929e+01
1.741112690493659443e+02,9.971943064589156691e+00
-1.724002563003715807e+02,1.065194255425459779e+01
1.660199511576062719e+02,8.886798511724517624e+00
-1.613767299796044199e+02,6.732006372428577023e+00
1.704892631343505798e+02,8.852236087147632659e+00
-1.730110988618922363e+02,4.508025196051055339e+00
1.749187932080856456e+02,6.399872924047236289e+00
1.777205583443786736e+02,3.433506114853504432e+00
-1.756468012609995526e+02,5.776736432489022022e+00
-1.790989142025122476e+02,3.522768933822403969e+00
1.772285850286440620e+02,3.569015865238710283e+00
-1.771431777599587463e+02,3.056615780468614041e+00
1.759734752708083931e+02,2.546987233094486935e+00
-1.797539469703463055e+02,2.627491484691925727e+00
1.790985548004722716e+02,1.899502123339582571e+00
1.724039672428212668e+02,3.576429592048081751e+00
-1.745127402806597559e+02,1.462754477672086439e+00
-1.792400744871805216e+02,2.277141268634155225e+00
1.760559432028548486e+02,3.252414714405815754e+00
-1.729017795755290763e+02,2.147525396360597583e+00
1.729737416726719346e+02,3.633562779243328933e+00
-1.781388028506855505e+02,2.069861986423936706e+00
1.795112501271455869e+02,3.647481662230349642e+00
6.641760231715903728e+01,5.877629356799383586e+00
6.972762965594802154e+01,1.069973528064551793e+01
5.898170038357530132e+01,4.710373064507692220e+00
6.942216096177934048e+01,9.718128247158226429e+00
6.012284461685364079e+01,6.390412328005176334e+00
6.664042336169151781e+01,5.623091147017244218e+00
6.152808846395878106e+01,7.845252357528870846e+00
6.702090044766769950e+01,5.639311994415894702e+00
6.328154709216099150e+01,5.758425563620202858e+00
5.985559266783460686e+01,3.566642811967832394e+00
6.548150592270066284e+01,5.793837871708504395e+00
5.442481270184712372e+01,6.035512148314554182e+00
6.457528346111871542e+01,4.955147932756862161e+00
6.346863023664730008e+01,6.207500407662697839e+00
6.087151655148186791e+01,4.202567287306266053e+00
6.217221990489230876e+01,5.040567948923277086e+00
6.247127593428145786e+01,5.160925485433849325e+00
6.542309020998402502e+01,3.910327845306799333e+00
6.097031250247144385e+01,4.748761079109914185e+00
6.684570211580937382e+01,4.774304513672540828e+00
-1.785058255498131246e+02,6.684953930909612652e+00
1.727191038398159435e+02,7.303111334697155677e+00
-1.705571649748158336e+02,8.358626131614796506e+00
1.776147359949310669e+02,9.481526807516232225e+00
-1.784829820311349238e+02,7.898100472608522438e+00
-1.628990673255344745e+02,7.230734221738555512e+00
1.706066650894204599e+02,8.214421909844038083e+00
-1.699285236368019980e+02,6.669524457211738699e+00
-1.720064430254021488e+02,8.311596515383836703e+00
1.624996412990174690e+02,1.078282483565440941e+01
-1.669889350152291456e+02,1.040944973715905775e+01
1.794217349767145038e+02,8.877161526030047156e+00
1.696414452379088971e+02,7.531584119229528085e+00
-1.683617275907021451e+02,5.832618266073296809e+00
1.761891257681092782e+02,6.586024487393864035e+00
-1.784478104339762581e+02,6.468472885715565113e+00
-1.713885271098460805e+02,7.566765875209629399e+00
1.700631454279383377e+02,7.245210615204443982e+00
-1.701399639776793435e+02,5.788620000861900650e+00
-1.769404798715005427e+02,6.327045214072057000e+00
-1.781002833104379590e+02,5.533662202886199033e+00
1.661515319967408573e+02,7.601503928397526977e+00
-1.657590889553011948e+02,6.643976387796808325e+00
1.773013173829589277e+02,6.314316802145775398e+00
1.696023330205625825e+02,6.866560319996464656e+00
-1.703501428576554702e+02,7.687676676403171427e+00
1.775217241256750356e+02,7.059620566888491489e+00
1.716260511857832682e+02,5.579734234504996948e+00
-1.635341045687054020e+02,6.896973239587352644e+00
1.680751202395366874e+02,5.869856510248666837e+00
1.786574485671892774e+02,4.951134407176978058e+00
-1.625511886106815780e+02,8.775994134730575880e+00
1.711301010295242406e+02,7.784113244553163113e+00
-1.755072860209000964e+02,6.587091082871996406e+00
-1.769852529346684378e+02,8.445659145637165466e+00
1.746931798374235996e+02,1.079983880906295823e+01
-1.693974298521195863e+02,8.659396514186394000e+00
1.766989813514338437e+02,6.798530386060654962e+00
-1.779521601390609078e+02,9.032975583246280138e+00
-1.795866834860525216e+02,7.107634428477651589e+00
-6.348476690919740406e+01,1.956336627688102681e+01
-7.421345817787094745e+01,1.517996572605310490e+01
-7.014038241159323661e+01,9.729242857036743075e+00
-5.835393822046523127e+01,7.002252330672984471e+00
-6.319567559664937306e+01,6.182378200224870390e+00
-4.235099018794838344e+01,1.216068680311234296e+01
-5.751678679478043676e+01,1.084895554437954956e+01
-5.131554968202732425e+01,8.876401847508917697e+00
-5.934026348477608082e+01,7.790588820550897964e+00
-6.759330284204642680e+01,6.910404697355941650e+00
-6.396791546965096131e+01,9.226481081104541460e+00
-6.950274944093696661e+01,7.910877670397837846e+00
-6.162542818340591566e+01,6.298816213364596628e+00
-5.915394009645878270e+01,5.973695783657975156e+00
-5.739799015483262679e+01,4.750085975517342796e+00
-5.456013778195241315e+01,6.280921868415696885e+00
-5.344978151453986470e+01,6.696772801668553932e+00
-5.880245652360369490e+01,5.672018752999621327e+00
-5.302281002405202059e+01,6.196357181485013577e+00
-6.767276544470533395e+01,4.508450461588408231e+00
-6.178604426372386627e+01,5.604533648054372819e+00
-7.372950177772308678e+01,6.652986942958779792e+00
-6.388690074903914251e+01,5.220959836159520862e+00
-6.494653801077880928e+01,5.032244843324835237e+00
-7.148745731266113523e+01,4.826554327278980594e+00
-5.719520560167516265e+01,7.521105453152728160e+00
-6.925095328395046579e+01,6.810162673402205158e+00
-4.458484387252472914e+01,1.007551368240152101e+01
-6.776855454682819868e+01,7.813234905845007461e+00
-5.348420761752854702e+01,9.086961345512063914e+00
-5.913988168596250006e+01,7.040868235100274042e+00
-6.996679743988877931e+01,6.995618620549684863e+00
-6.381592766330724942e+01,7.456723101593194514e+00
-7.321414126796442190e+01,7.307261809391473406e+00
-6.891669287764057117e+01,5.142742719458208711e+00
-5.666841533094424932e+01,4.004934654140392958e+00
-6.749872960182274539e+01,7.525419737599566616e+00
-5.243292245659483086e+01,8.385987763281132601e+00
-6.859827094197672182e+01,7.610068915242329979e+00
-5.730075413168400189e+01,5.899101632068012080e+00
-1.758117831725278961e+02,6.191490801950645384e+00
-1.764583746414735970e+02,5.408269238984020788e+00
1.795337031599180477e+02,7.734517208181216574e+00
-1.725834105001000864e+02,8.149970193244460148e+00
-1.728235648858249363e+02,6.823122215646882260e+00
1.765482245491830895e+02,7.119039398289386256e+00
-1.729415271320500267e+02,7.696482719933507965e+00
-1.740767467355932183e+02,9.259695943886175229e+00
1.774319200485766999e+02,1.062505069309537298e+01
-1.685911107091957888e+02,8.910310233058860163e+00
1.768520762157299941e+02,5.900626461787187083e+00
1.747100569556214680e+02,5.971864248526180141e+00
-1.649924457696782838e+02,6.348763309870126825e+00
1.770907638453870732e+02,4.837375123397658072e+00
1.716610982644425860e+02,7.582212938563685611e+00
-1.614327061098066736e+02,9.769428256401518240e+00
1.744038685446878105e+02,6.003162145340430023e+00
1.750400034751265252e+02,5.506916213144620542e+00
-1.650432401681449051e+02,7.805801890070570792e+00
1.738861362360338489e+02,5.565949345979883667e+00
1.557203870404300687e+02,1.261147807036522828e+01
-1.700612915706795718e+02,1.079420256944878354e+01
1.670125476357110017e+02,1.179826990442379930e+01
-1.739277455994534876e+02,7.731897376177355952e+00
-1.794687375604187594e+02,1.239108991189339370e+01
-1.721831014712859655e+02,9.046652626369606764e+00
1.666033864301955134e+02,7.459976012766958320e+00
-1.647999531574798766e+02,1.130734667236380098e+01
1.639244590502721906e+02,5.546528775711382586e+00
-1.594264944972476883e+02,1.072028322654343313e+01
1.641326680329137275e+02,4.389661814349646640e+00
-1.673700235267944834e+02,1.018200208267815654e+01
1.742587069821797741e+02,1.273618383062487069e+01
-1.714841281843816603e+02,9.672871050611664856e+00
1.708404683040243413e+02,7.039756072236435180e+00
-1.686026021554178840e+02,3.760215512045836483e+00
1.683924593852403007e+02,8.708743455234280617e+00
-1.651071907607979199e+02,5.432744506088539538e+00
1.770846817155392330e+02,8.198228285692341188e+00
1.743131428282679849e+02,5.430978569920121402e+00
-6.246879711462610629e+01,6.954786460643438417e+00
-7.012458863752748073e+01,8.838272349483077051e+00
-6.233350115816067927e+01,6.497423764722570994e+00
-6.437083517736282090e+01,5.056982405780495071e+00
-6.915614152726504926e+01,5.457747774920810535e+00
-5.619520952017322202e+01,8.601881629618763014e+00
-6.604054419866932335e+01,6.608315266128949261e+00
-6.180644589803285527e+01,9.504499069234080721e+00
-6.655199711860161926e+01,6.388969463096372259e+00
-6.414158650882545487e+01,8.721828184761898584e+00
-5.453955640104433655e+01,9.388174462844652624e+00
-6.854223691626566506e+01,1.225995012196216116e+01
-5.029239731558703141e+01,7.976320127871389332e+00
-6.629819193324733817e+01,1.013072622705375991e+01
-5.796017711794192451e+01,7.740480901510093048e+00
-5.331411773593342218e+01,1.014132408000147834e+01
-6.701464216203808633e+01,9.511748133353828294e+00
-5.320631508899121087e+01,8.083551388099920132e+00
-6.769183126026531738e+01,8.219721450393983275e+00
-6.106173967973415273e+01,4.129168172024010985e+00
6.304309728453727502e+01,4.765527420886361831e+00
6.853435557771570075e+01,5.248794116601355420e+00
6.630875932001794126e+01,7.037946009642615408e+00
7.321322606520131160e+01,7.563989103104983514e+00
5.871585533182339844e+01,8.737601503457566920e+00
7.307297667135853203e+01,7.542615204356408753e+00
5.690324417173935245e+01,6.767862476220619428e+00
6.394037441523182963e+01,5.594588684696988778e+00
5.291760181251498096e+01,7.817269841262362462e+00
6.258469568916579817e+01,8.846064409419325258e+00
6.888786258499030168e+01,7.488020747585977688e+00
6.581541324634680734e+01,7.430997537931455454e+00
7.766814134517352386e+01,7.104994271948809725e+00
7.215624566758880576e+01,8.839003311599945789e+00
7.106450278999879799e+01,7.943086767750559218e+00
6.793650332207339204e+01,6.885301391462775200e+00
6.665434991082642568e+01,6.544631341238412503e+00
5.871329857904012073e+01,5.828899550665253670e+00
7.021014997602127039e+01,7.149710105593789500e+00
5.762392924830800922e+01,6.737888396051881834e+00
7.012170131484255364e+01,5.299112392203401356e+00
6.288199941136422666e+01,5.662750428614796050e+00
6.555278737089392394e+01,7.198060623372952271e+00
7.050215593550453264e+01,8.789983058400126836e+00
6.621206114065762449e+01,7.121731673465893309e+00
6.977140770646998646e+01,4.312929715646756534e+00
5.943062155672414093e+01,7.015974283247285115e+00
6.437295946764697874e+01,7.985661555966078851e+00
6.263309126597555831e+01,7.217858105189296936e+00
6.617531960153011994e+01,6.164650917500920535e+00
6.787807018434365602e+01,4.357629312261099841e+00
5.712551192416368195e+01,6.508967138869181213e+00
6.699296070463390151e+01,5.859597884171205529e+00
5.788775918183878133e+01,7.185112827407772684e+00
6.640623364822337749e+01,5.213036301693980690e+00
6.342818839876796488e+01,4.535110824010216035e+00
6.863315431350918061e+01,4.037115147411665106e+00
6.340418625043746204e+01,4.465006398841095958e+00
6.937131782852912920e+01,4.509514326439568954e+00
6.731774781671104790e+01,4.693902126753773274e+00
1.752021491563268683e+02,8.582631248235189858e+00
-1.689147434581071536e+02,1.535407741604703347e+01
1.670565781509111218e+02,1.087510198126260264e+01
1.799992850949477372e+02,9.295204870271419395e+00
-1.611447578794546303e+02,7.500616431627019409e+00
1.704843584238668370e+02,6.846611226777906012e+00
1.764980142250351491e+02,6.623117699566000383e+00
-1.688485054525422413e+02,1.085773894215018665e+01
1.751197221377397000e+02,7.947066599367857975e+00
1.762784077664567803e+02,8.118204481666463579e+00
-1.655396634839655405e+02,8.056536838976208870e+00
1.694919576973894095e+02,7.069028832655598116e+00
1.711214271335419710e+02,5.683014421993117793e+00
-1.610577005497143830e+02,1.011592898076068892e+01
1.624358265397229104e+02,7.929960657055591611e+00
-1.784101116234712379e+02,6.031815255903831385e+00
-1.690112037300881696e+02,1.327142268575825668e+01
1.720753811048030002e+02,7.586915847670613999e+00
-1.767139732634032327e+02,9.078455993286958403e+00
-1.757136629177926750e+02,1.225292540130299912e+01
6.745842824803405335e+01,6.850581631854206321e+00
7.217530625077969830e+01,6.936007920540180116e+00
6.370498476290246970e+01,6.101654722832487110e+00
6.413322284550427810e+01,6.398535632992924604e+00
6.753072988966080459e+01,6.370279376747252087e+00
6.056278507061880134e+01,6.674394398278746365e+00
6.556275134351527356e+01,7.289126364816570280e+00
6.942226136338425135e+01,6.412886345570793623e+00
6.469513043797928731e+01,5.047978639170768389e+00
6.858221626716289165e+01,4.741272366836575713e+00
7.020751112885204748e+01,4.034816977084270562e+00
6.471488140870293648e+01,4.654826436616730234e+00
6.327895208548938655e+01,5.126218279780523801e+00
6.711726299178815225e+01,5.989540932418091046e+00
4.545189566009121762e+01,7.648201967371051069e+00
6.362303139617826275e+01,8.633696106489612276e+00
4.748697876874205548e+01,9.103119196536763269e+00
6.167942903291233137e+01,7.301947281434017611e+00
6.119632753990315166e+01,6.590921281339340965e+00
6.190352187306516640e+01,5.833647275828166556e+00
-1.799090389216684400e+02,7.408870402052871285e+00
-1.767279144738119214e+02,4.075034122554353821e+00
-1.740295197051000571e+02,5.952506734679031908e+00
1.786251355886266481e+02,7.101543115180183996e+00
-1.797656135262623422e+02,7.748783546702231462e+00
-1.717657605841369843e+02,7.219204729110776597e+00
1.690080622889099402e+02,4.943753442045547786e+00
-1.737957927634616624e+02,4.881042164619046275e+00
-1.708418215682297330e+02,5.467972071951212598e+00
1.702547977311969873e+02,7.981156257720497749e+00
-1.760563819439750830e+02,5.316318761023662631e+00
-1.758313045715114527e+02,3.450015969895264156e+00
1.721762500880294340e+02,5.195330119250268552e+00
-1.725689318843951412e+02,5.215461416798458316e+00
1.778623996623886399e+02,4.705199499584940881e+00
1.782537108936661809e+02,5.148671214533161233e+00
-1.777901485873248930e+02,3.857255544012764048e+00
1.776547937729578734e+02,5.090541666883833472e+00
1.780585215100793164e+02,4.072833314533836457e+00
-1.735685420483515884e+02,3.646631250046882045e+00
7.757381539999236963e+01,1.341542907089327841e+01
5.700682522744718739e+01,1.257387375781700101e+01
7.344794704873953606e+01,9.988108636928489048e+00
5.619229930427627551e+01,1.163332531069315223e+01
7.805838215963933635e+01,1.255728624913212954e+01
5.928979914246281879e+01,9.700169326605823983e+00
6.309356931353210740e+01,1.300640307240984228e+01
6.481396182772873260e+01,8.362467005034787348e+00
6.328238789942820119e+01,1.147330926861965850e+01
7.185077277934335882e+01,1.079090567419486213e+01
5.623930586819202659e+01,1.030370013682750496e+01
8.003087092173815620e+01,1.048760061518535736e+01
6.093503656214181063e+01,9.673891780354244574e+00
7.108259089818209020e+01,8.778623339914060963e+00
6.223125289232135771e+01,1.040396068163535759e+01
6.749021152474739438e+01,8.498169871113304907e+00
6.016119945868936014e+01,9.029792476634266762e+00
6.974191630928298480e+01,8.889322872497615435e+00
6.761287596390843646e+01,7.784497280661144103e+00
5.715714114492008946e+01,9.890484833262330966e+00
6.038178684888764991e+01,1.090489071127406717e+01
7.047690242781074232e+01,7.142520949389212781e+00
5.055338917553869038e+01,6.495404553484815935e+00
6.941859967180059243e+01,7.407026103907064396e+00
6.001215534772493498e+01,4.626926932591011621e+00
5.869908133175040632e+01,7.251246423168158373e+00
7.515479651057407295e+01,7.604385414247451180e+00
6.010036047048517105e+01,5.960503633959604031e+00
7.036670494286934741e+01,8.935717307541494847e+00
6.707737751211426769e+01,5.363195347533361357e+00
5.090258302866762108e+01,7.203827317761446025e+00
7.822543330309130738e+01,1.041637101239781060e+01
5.309830444261320537e+01,7.655271051460537990e+00
6.460738485373062190e+01,8.404416009449763081e+00
6.365929703691161023e+01,9.299652231033846306e+00
5.229269941166830193e+01,1.323263767462474227e+01
7.679172009819836831e+01,1.061315367887075745e+01
5.114523320181316990e+01,9.939458518833303557e+00
6.754236133172877032e+01,8.763043599324525701e+00
6.654902637574510038e+01,1.234897585570231371e+01
-5.404217417041121507e+01,1.398731095360029997e+01
-7.680404946923331977e+01,1.176058526458307085e+01
-5.835429212559426304e+01,1.027330407274265411e+01
-6.913439358173297933e+01,1.398917718402178245e+01
-6.611375770775107696e+01,1.111817020121278610e+01
-7.966035965765318849e+01,1.426355167474716090e+01
-5.103332138114605243e+01,1.089232239648903722e+01
-7.290421874686440162e+01,1.096175530722180724e+01
-6.383957373718525474e+01,1.038012509533910688e+01
-6.209576028041101381e+01,1.255635717240657101e+01
-6.163714837637598265e+01,9.263036566883167566e+00
-7.057027048825406723e+01,1.225082237713777644e+01
-6.870242980887252315e+01,9.038154673443905551e+00
-5.582348912797204576e+01,1.007629827843254766e+01
-6.901707767102159607e+01,9.249704518023758482e+00
-6.431447593503779103e+01,9.169617162747270456e+00
-6.945247656783459433e+01,9.209075003610029952e+00
-5.641831305458481438e+01,8.028871290431329300e+00
-7.518475647941831141e+01,8.806617904754244108e+00
-5.877147038583486705e+01,9.132987504606273177e+00
1.742932010803775427e+02,4.501409386235784460e+00
1.732240348661075302e+02,5.785791722755412536e+00
-1.659602850880238520e+02,7.509591923126844648e+00
1.687814589667065377e+02,5.080622472702495784e+00
-1.732430455951679846e+02,4.587353065586670553e+00
-1.743239131275430793e+02,4.715203601377805143e+00
1.649092918371594294e+02,7.537338463301317404e+00
-1.712466148900756764e+02,7.221423907308011536e+00
-1.758146473251486555e+02,7.627922336236794720e+00
1.583289138029426226e+02,1.016868231389698707e+01
-1.665781514201427740e+02,6.977924578724571170e+00
-1.723114995412583710e+02,7.499090515503866072e+00
1.626533956584309806e+02,1.222116186931502746e+01
-1.662804229239914093e+02,9.413608293035803598e+00
1.787581647383343864e+02,8.951244250949134340e+00
1.605175327128847584e+02,7.850734504610514364e+00
-1.653062988800968469e+02,1.339718311578161902e+01
-1.793977503668695590e+02,8.925145830935420577e+00
1.650111174230227675e+02,1.483407410743788191e+01
-1.719260605641120208e+02,9.183081705790748117e+00
-6.418458439829682050e+01,7.746646254435873402e+00
-5.884349984170010828e+01,7.745534662888314159e+00
-7.090475210866826217e+01,7.995137211107948616e+00
-6.361188374721435679e+01,7.436885704030784083e+00
-6.284134592219182736e+01,8.688853373453753193e+00
-7.128683876187686508e+01,7.296852286188526548e+00
-6.583091457000563196e+01,8.479654274752654430e+00
-6.641838399139899707e+01,7.620668367844961821e+00
-5.832949173154909772e+01,8.219159356106064962e+00
-7.343268946333481040e+01,8.468752195186342036e+00
-5.971637448720738206e+01,7.767937962078466541e+00
-6.283581242136887823e+01,8.220728654188672380e+00
-6.463495767825949656e+01,8.169392179519878283e+00
-6.929149748609748372e+01,8.939515564304937101e+00
-6.575626100454114464e+01,9.818548268855337824e+00
-6.901292747595643107e+01,9.583517231509366852e+00
-5.913827312197892638e+01,9.927644286413835673e+00
-6.670546838148392510e+01,8.761809889577165222e+00
-7.561233003285029497e+01,1.038212606481704725e+01
-5.826220138211256483e+01,9.330694489188424257e+00
-7.840323652491015594e+01,8.626702712694696018e+00
-5.053822802044885520e+01,1.256348279768108611e+01
-7.495136574738224056e+01,1.331553882056631544e+01
-5.698640338838103503e+01,9.302715844107353860e+00
-5.480066795903174892e+01,1.069136179031804446e+01
-8.555142524391088443e+01,1.272465536096104088e+01
-5.510473437080094072e+01,1.322623868499016453e+01
-7.521620416879771653e+01,1.124297582238559201e+01
-7.057243944346377873e+01,1.007712441096951395e+01
-5.556857404498943964e+01,1.101772536834055316e+01
-7.769558269038719800e+01,9.296184662269650900e+00
-4.781485373356810697e+01,1.157137015748330100e+01
-6.134648987500067818e+01,1.371570289427356393e+01
-5.710262111574105859e+01,9.334023097893053844e+00
-5.939273341872482348e+01,1.355957654219504960e+01
-7.167461332735243218e+01,1.047981434886344942e+01
-6.872205858392374012e+01,8.386359779746616283e+00
-7.512400785903317058e+01,9.401292033259265324e+00
-7.004554136679703902e+01,6.229071577802596238e+00
-5.937619700025201297e+01,5.586512160907892266e+00
-6.574840180667703748e+01,1.325471888038679324e+01
-7.386975528457803364e+01,1.261130432621927788e+01
-4.750859930382137719e+01,1.333448223764195362e+01
-7.768534448696200911e+01,1.495183660247172241e+01
-5.407729056798177680e+01,1.480453584345945117e+01
-6.973103246409711176e+01,1.108846273543216299e+01
-6.131161487441855940e+01,1.361332932857574463e+01
-6.947953752593420518e+01,1.035730238560158512e+01
-6.202273194588784833e+01,1.202501955487863228e+01
-7.096877988427996797e+01,1.327195021122342311e+01
-6.608250545191656045e+01,9.185742542630258356e+00
-5.586957989507295963e+01,1.154192196361879219e+01
-8.090145677379538824e+01,1.058028778149193627e+01
-6.459968644900743584e+01,1.514146307540402070e+01
-8.111581276774778360e+01,1.296544121189092991e+01
-4.563710807169215400e+01,1.591996718189199100e+01
-7.716573852843553993e+01,1.290663491064003843e+01
-6.464683765483725608e+01,1.343720325871861832e+01
-7.232607632547907883e+01,1.207157695892950500e+01
-5.185760025657109651e+01,1.050787823936198961e+01
-7.064714246477076642e+01,9.307352215599777878e+00
-6.845423905308994961e+01,7.956318522458824205e+00
-6.139101887276874692e+01,1.140708606067424746e+01
-6.924377887922005925e+01,9.758230010604847848e+00
-6.210493433198401902e+01,9.205994487864261444e+00
-6.849094768703427860e+01,8.440643092260303959e+00
-6.011359041352034893e+01,9.969243901332774271e+00
-6.635219290001033698e+01,9.570816767190352792e+00
-6.355942042719322416e+01,1.176784069999643378e+01
-7.019555094038521759e+01,1.218640908713086368e+01
-6.042521267738628410e+01,9.213882562680124622e+00
-5.999874121725802212e+01,1.257843095675576706e+01
-7.352632788452361012e+01,1.231806234475363482e+01
-5.859217261024715384e+01,9.461008676720359389e+00
-6.026775111706877652e+01,1.252353471484518899e+01
-7.473097364287299627e+01,1.031330924295521712e+01
-6.144797745168250458e+01,7.730292227847415987e+00
-6.056673004753744038e+01,9.839112653367795502e+00
-7.030276118709640798e+01,1.048357308180610659e+01
-6.825276145997808896e+01,8.230812450847910355e+00
-5.041007692794944717e+01,1.045594486460673522e+01
-8.001745317581496408e+01,1.055829922988569791e+01
-6.238921982350584727e+01,8.104706981927286336e+00
-6.012612971326012001e+01,9.745825012423427580e+00
-6.885368335381230054e+01,1.257062196639622442e+01
-6.264917890379844323e+01,9.803047959247400911e+00
-6.345637076996152359e+01,1.093420043260840480e+01
-6.926655987580136298e+01,1.049239584926272428e+01
-6.361725504982624813e+01,9.480554180776808337e+00
-5.894382204293808059e+01,9.803540123027229214e+00
-6.784271102083010874e+01,1.031658133325635340e+01
-6.512311322712272954e+01,8.439692329037185914e+00
-6.407710464153406349e+01,8.590252376023077119e+00
-6.402394765582403124e+01,7.928898421834201571e+00
-6.831548066482450565e+01,7.807313335093711615e+00
-7.000302523946604083e+01,8.597934314634922970e+00
-5.403585804285957295e+01,1.084043157503144172e+01
-7.450359417082211166e+01,1.144812846220547087e+01
-6.766927073733835130e+01,9.726444126275660906e+00
-6.611079329145017880e+01,1.022659547342719222e+01
8.688299467338815418e+01,1.316749403810174357e+01
5.511714916879195414e+01,1.057900277013619394e+01
6.543766801298629332e+01,8.742938460325310857e+00
6.920085262133370918e+01,1.178423076500365596e+01
6.304289924214663898e+01,8.062156548558315095e+00
5.722661577397558830e+01,1.081855402437556002e+01
7.029322461790070520e+01,9.440995915149029472e+00
6.917503489599639011e+01,8.408194923774615859e+00
5.469422371377836356e+01,1.069182171815799620e+01
6.914786244669606674e+01,9.150311986705471412e+00
7.058490977091496177e+01,1.100898130115925966e+01
6.733073300580562659e+01,9.582887143327024404e+00
5.819166527992318549e+01,1.369920221071037858e+01
7.019142409038830976e+01,1.021216007139269877e+01
5.874738487145663868e+01,9.788225794335851049e+00
7.414443758740154067e+01,1.205761461973565041e+01
5.588158801024665223e+01,8.294675411395548537e+00
7.395969731936155256e+01,1.006363355252387137e+01
6.674663150714549431e+01,9.516026871628953998e+00
6.038988446128834653e+01,1.028636117494493796e+01
-1.762814017357439411e+02,5.308203009456832433e+00
-1.686875649818496186e+02,3.226747377157437313e+00
1.702842535109423636e+02,3.767751289493835642e+00
-1.684567874570608694e+02,3.225610173779959844e+00
1.660114262442496624e+02,2.645907404867172019e+00
-1.716499005599663406e+02,1.730128912660636509e+00
-1.791368945414737368e+02,2.855703108801190826e+00
1.748361777308680018e+02,4.009927733568971142e+00
-1.775803324433943828e+02,5.900793893052068917e+00
-1.780859810149914892e+02,3.983521007428723948e+00
1.797950796873235220e+02,7.351489680997647547e+00
-1.785013587089872829e+02,6.387689591528006083e+00
1.774926853298686638e+02,7.327274102104840203e+00
-1.789691329011306777e+02,5.221844148792895268e+00
1.790337981753997667e+02,5.447806229789621923e+00
-1.752761922420300493e+02,2.540794034195399398e+00
1.699379372197423379e+02,3.290564683997025064e+00
-1.754852202953593974e+02,4.126029254256731171e+00
1.797063005741432278e+02,6.330274719135295491e+00
1.798096001000084811e+02,7.219258276142257458e+00
-5.755604614295729249e+01,1.304284357271655992e+01
-7.679533315637206670e+01,1.171785850921014216e+01
-5.222340280656690226e+01,1.297587812758307102e+01
-8.137213577368464712e+01,1.191736470200684650e+01
-5.273785481119504936e+01,1.229868166367588422e+01
-7.023670115053317886e+01,9.212914485998371816e+00
-6.640135362158915200e+01,9.503395853191461740e+00
-6.735244577315917525e+01,7.774271034308483763e+00
-6.227445780065560399e+01,8.994253518318085838e+00
-6.439523083452290564e+01,9.598016958311864855e+00
-7.821402714835851100e+01,1.234200470333177435e+01
-6.670712785138488243e+01,1.085715432677036851e+01
-6.984422938505015566e+01,1.053079789920589171e+01
-5.409571354244582864e+01,1.067453259871498972e+01
-7.694877740057033577e+01,1.208350201099457166e+01
-6.169022520138634036e+01,9.387266332829870663e+00
-6.820393617408484488e+01,1.204355606915229160e+01
-5.686582471234868308e+01,9.258655321132913230e+00
-8.034309278338584193e+01,1.262753381413158138e+01
-6.079314629547377535e+01,1.182071489557186084e+01
6.928351028509464982e+01,9.452785916537600031e+00
4.993346807799439091e+01,1.406816474662962690e+01
7.077232566810144476e+01,1.052826271561974814e+01
7.017537135501190448e+01,1.054229858941396714e+01
6.570535763971476229e+01,1.583793225272816585e+01
5.764159824083510841e+01,1.032132228420953979e+01
6.856107418343921722e+01,1.180352743041611596e+01
6.412094355791477085e+01,7.193313176758469929e+00
6.573079253279040302e+01,1.101275114858766635e+01
6.512857232352163805e+01,7.889454575043345130e+00
7.949178433690131840e+01,1.218537850268084810e+01
5.028214619651801343e+01,9.684627383669417000e+00
7.243888157832584795e+01,1.318939077823383066e+01
6.608422057236131764e+01,1.155198659609315115e+01
7.231752955857564302e+01,1.182310310285146926e+01
5.412431025025408360e+01,1.222217804917007378e+01
6.393007573672534960e+01,1.232767044868824868e+01
8.007612613221135689e+01,1.100135273085438214e+01
5.397375312642184753e+01,9.290030989426869112e+00
5.760440059976008342e+01,1.347179002227283817e+01
6.793248014934634682e+01,1.116917149394648767e+01
5.918507313798125580e+01,8.379083475929586911e+00
6.814217272635553968e+01,6.978396496365179225e+00
4.429975292882577520e+01,1.305805372195189662e+01
6.865660653662853008e+01,1.049717005278732174e+01
4.640620172163038859e+01,9.404649166690980167e+00
6.446088874534396496e+01,7.188879560291336013e+00
6.202332278691505962e+01,6.290242855674490485e+00
6.796226669758819128e+01,4.139536281339422530e+00
6.819263394134422640e+01,5.776970806466577457e+00
6.236364139523907824e+01,6.335450588067452315e+00
8.039049750815429718e+01,1.239223059103727920e+01
6.082266648076710425e+01,1.022982945763291163e+01
6.675416798847186328e+01,5.847304799198520087e+00
5.111916772633134087e+01,6.397587335486335292e+00
4.812038157671129568e+01,9.663999437553098204e+00
6.063617096564340159e+01,1.184134512320483346e+01
5.028220500068328391e+01,7.553349540836791220e+00
7.148135297199901572e+01,5.929581421218972359e+00
5.921848927703839394e+01,4.455385857439811303e+00
-5.909845320504776822e+01,1.272358225878883076e+01
-7.531845641768802579e+01,1.173306448422995807e+01
-5.979979141144603716e+01,1.286504568800467752e+01
-7.266419017472360053e+01,1.358210784600663601e+01
-5.809238514890090244e+01,1.467233901077885605e+01
-7.233409346181336730e+01,1.494050009936847090e+01
-6.416763390183214710e+01,1.138279492959526351e+01
-6.006894244891797285e+01,1.187601613255018407e+01
-7.137528644824092794e+01,1.419151573055856730e+01
-5.866334358451584308e+01,1.302511516762681865e+01
-7.344636491746271645e+01,1.497290105677323169e+01
-6.101297838997263767e+01,1.130771588731417765e+01
-7.657458270608879047e+01,1.435381234888789237e+01
-5.627333880716918912e+01,1.375901992456314460e+01
-7.446068745308262748e+01,1.393200407583300837e+01
-6.317333165785699123e+01,1.403342422323232341e+01
-7.679392289887545076e+01,9.955945221539343137e+00
-5.412967456654234866e+01,9.769391339956563058e+00
-6.727113816543122482e+01,7.928058509341161297e+00
-7.194337396134297080e+01,9.576980973146939746e+00
-6.361514771469487783e+01,8.682730288817269937e+00
-6.557435876173337874e+01,8.921377446766722841e+00
-6.397472158399705933e+01,8.517875700888037471e+00
-7.139042845678471849e+01,8.557508482487049761e+00
-5.722286313548622871e+01,8.925860782367221802e+00
-6.572492749799630474e+01,8.571509050704987587e+00
-6.766449708689698639e+01,7.462509760059496955e+00
-6.002919895028777120e+01,7.782065471245536159e+00
-6.548233045539517150e+01,6.995723173487091273e+00
-6.377074267009226105e+01,7.387997541221960063e+00
-6.858972924408554661e+01,7.678479953888846410e+00
-6.356373689310508723e+01,9.135086292482098358e+00
-6.990319766657758294e+01,9.236212749159872004e+00
-6.770226919554733058e+01,1.202901364535808248e+01
-5.693169236913031028e+01,1.024252823309267058e+01
-7.605520397155717660e+01,1.199377611480002059e+01
-6.216591698037724711e+01,1.360833898193757818e+01
-6.462055465001266441e+01,1.423147608925826724e+01
-6.721096173597068457e+01,1.124194944374792016e+01
-6.888148003445725465e+01,1.137114059603850613e+01
6.647200094181913244e+01,9.566531021271037716e+00
6.827389675803770785e+01,9.621662985938378654e+00
6.433103938552682166e+01,8.617943273114679670e+00
6.161311298838092654e+01,8.090029148429106698e+00
6.918948501559452779e+01,9.796434469398217715e+00
6.727528665562125809e+01,8.181897807040449777e+00
6.146805995567996916e+01,8.227494580158301929e+00
6.627982084737145385e+01,7.287823539922829497e+00
6.858367855581792583e+01,7.162495508900841301e+00
6.397376711444812258e+01,7.144692349907403539e+00
6.462760248741659552e+01,7.517194202002711378e+00
6.620911095375802802e+01,8.498347231692694237e+00
6.084300438396264354e+01,8.762444138702251806e+00
6.452666029368647571e+01,9.860268767309015914e+00
7.175235421592579144e+01,7.524680742820338608e+00
6.295597821697408136e+01,8.225610983410250654e+00
5.467240144253291589e+01,1.046458075771484175e+01
6.718418499349041895e+01,8.488265435438146156e+00
7.058857381908416073e+01,8.662698931714158945e+00
5.740411357103143786e+01,8.603154875073984797e+00
4.889070215484890269e+01,5.637307346597170365e+00
6.835536254051663718e+01,5.976002617086107804e+00
5.889627609393866692e+01,4.961901828819708982e+00
6.478450249538025218e+01,4.606290987687413185e+00
7.206284694730231877e+01,7.013214494246796882e+00
6.116576436582021614e+01,6.201426734272455832e+00
7.414243844765094593e+01,7.843097135566786449e+00
5.836615805641415733e+01,5.538842908304228985e+00
6.499983491432801941e+01,5.092911451207655205e+00
5.720807400731817438e+01,4.096004011443360682e+00
5.772390657529153657e+01,6.272045550099086597e+00
5.715991747597847450e+01,5.681833272204828589e+00
6.009550713872371830e+01,5.659864679902065987e+00
6.844567323619428123e+01,6.924281867412370950e+00
6.792127194091916920e+01,9.264092944029680865e+00
6.130801755447689771e+01,7.656570218872614575e+00
6.417167129974684769e+01,6.164510850325011226e+00
6.028402678853700536e+01,5.466348265026480746e+00
6.255179384117069219e+01,6.262041374850744191e+00
5.942613147884089386e+01,9.606447184184821353e+00
6.058669761984867108e+01,1.072317337186728103e+01
6.381852835709497640e+01,1.056707338650165973e+01
7.895701160910678595e+01,9.578938203966181675e+00
5.992528418001799650e+01,1.063401640866552533e+01
6.774087408903334051e+01,9.470843634213284901e+00
6.674250880879505132e+01,1.057914839192416245e+01
7.008265853933717437e+01,8.093703721976925891e+00
5.546178772891592956e+01,1.046409487597588317e+01
6.943247894068352366e+01,7.775204720781285772e+00
7.059166868854001109e+01,8.808862783346590675e+00
5.969036335525422743e+01,8.311275576462733738e+00
6.808907974629977389e+01,7.871339928057793145e+00
6.797556111371123677e+01,1.033123028987359859e+01
6.912917598823446497e+01,7.398426271732163606e+00
6.473011217463111677e+01,7.901200578800855467e+00
5.677811436018117064e+01,7.914126767655208283e+00
6.949918034810578149e+01,7.875943441153443914e+00
6.821156940387382406e+01,7.677935912285395403e+00
6.059694071459396980e+01,8.289846999822826135e+00
6.715139494698615863e+01,8.838145429436455203e+00
-5.514153145483776797e+01,6.764039927583787915e+00
-6.725550308140010713e+01,8.716836709331467148e+00
-6.092353832536220182e+01,6.128111433434572319e+00
-6.472998563586833143e+01,4.412786967896320967e+00
-6.812680949839604239e+01,7.253784758476632177e+00
-6.381726169228397083e+01,6.164586193844970197e+00
-6.776536159177651086e+01,8.190138825295715463e+00
-6.689968833107221258e+01,9.962767819250846202e+00
-5.757917415111408843e+01,7.900219997746045664e+00
-5.956055978788674565e+01,8.715515529013762475e+00
-5.586739969282745477e+01,8.386523214688041961e+00
-6.566777762994577472e+01,8.869564905061643856e+00
-5.635259699837398983e+01,6.340677047705912450e+00
-6.746301089166432519e+01,6.882751990877018500e+00
-6.570832798217260518e+01,7.613772298563134200e+00
-6.340445127674930603e+01,5.157671300272776094e+00
-6.945226492492214732e+01,6.502593912206533489e+00
-6.479007968605078815e+01,6.069869263795327541e+00
-6.433158231325526799e+01,5.993552371314894600e+00
-6.578300327535619374e+01,6.854974650649479528e+00
5.453321699257926269e+01,1.332825608388282745e+01
5.950990159917710542e+01,1.196294102866048803e+01
5.200635041489580601e+01,1.166751671371681098e+01
5.488634713436294987e+01,9.381945993016001850e+00
5.301903198233510750e+01,1.181785856260845335e+01
5.703966770138176656e+01,9.559233676656475609e+00
5.419607234834811749e+01,1.165732153461057763e+01
5.615652104587663729e+01,9.997715965387953929e+00
6.194981908923122660e+01,8.929484168238010611e+00
5.777079855243883344e+01,9.906590836701266056e+00
6.734325843673619261e+01,8.537053604634046167e+00
6.028702863962475789e+01,6.204046643709868469e+00
5.478978247385653333e+01,7.919398187286443402e+00
5.955615782714275497e+01,6.733108803501485440e+00
5.178492912968184214e+01,9.014036662229855779e+00
5.659117859408079454e+01,6.687891159232393967e+00
6.054957230399210033e+01,4.941841310873165583e+00
6.086844778247913013e+01,4.986115779959281902e+00
5.954828443764314727e+01,4.885916558562981571e+00
6.476994012616853524e+01,5.727393516083940206e+00
7.189719536505269559e+01,9.543159943941160961e+00
6.301845590483892323e+01,1.214653286358721473e+01
6.136447655756789032e+01,1.172737327961863230e+01
7.161807973893803592e+01,1.128637153402273441e+01
6.522727006467211197e+01,1.137901244926043454e+01
6.477442802144729228e+01,1.151459732806580760e+01
6.047859626826232926e+01,1.171606997979109188e+01
7.469175278295220721e+01,1.423372825868594482e+01
6.483951338226067662e+01,1.073861727013010636e+01
6.497303710602493254e+01,8.770123592256366507e+00
6.772587746836472888e+01,1.070857451243255554e+01
6.944373509130684852e+01,1.332548754531136836e+01
6.396237855061038147e+01,1.354442791484732567e+01
6.382568083305108786e+01,1.054566412521812779e+01
7.309878961962566279e+01,1.056326963700725585e+01
5.768092571397926349e+01,9.626751768789553410e+00
7.032005019499145249e+01,1.117068476382302578e+01
5.731367086591495763e+01,1.081688967552302927e+01
7.048693455945090136e+01,9.215299860035401025e+00
6.268521792509286428e+01,9.328394800190848102e+00
6.910404518408259378e+01,8.010568120918495794e+00
5.857272745020418370e+01,9.946737713038356077e+00
7.048764406345105726e+01,8.535878387042275861e+00
6.472539063225737266e+01,9.025238612225301438e+00
5.911245891308053046e+01,9.639018943778019377e+00
7.128252821257285632e+01,8.297336687227332419e+00
6.551406132349056577e+01,1.036844989491415703e+01
6.917463233205469919e+01,9.581063602882984753e+00
5.491164849213743082e+01,7.996578769851357293e+00
7.871857774136501007e+01,1.154888178841288493e+01
5.641088815080414065e+01,9.447844037597205258e+00
6.915995295385130248e+01,8.852665640852343643e+00
6.589854427632567990e+01,1.035991002641222636e+01
6.853581730677936434e+01,7.941581792682761431e+00
6.216108104061360962e+01,1.078833158840511963e+01
6.372755871740677236e+01,1.012177001111265895e+01
6.617717699261017117e+01,7.625739575537675563e+00
5.875846787212263678e+01,1.206178071083153824e+01
7.461959339951512504e+01,9.498450842686818163e+00
5.705743660673219608e+01,1.120570077673286313e+01
6.828307652063058697e+01,1.114174930131024510e+01
6.838575480105184567e+01,1.057729701686114687e+01
6.604685041511521604e+01,1.318071344445020898e+01
6.196974744932018098e+01,8.821535666527676511e+00
7.192294481929657479e+01,1.095428860564822671e+01
6.537760178456119320e+01,1.100974548419576138e+01
6.610221615347120405e+01,8.548132320667344075e+00
6.624805358331688865e+01,1.088068523700076362e+01
6.786683928756073669e+01,8.798198322388907755e+00
5.720530767218371437e+01,9.546928732062520240e+00
6.806365724116075455e+01,1.131770416555291803e+01
6.603346661026755271e+01,8.151193306764232815e+00
7.004480684896091702e+01,1.005240551694338436e+01
6.064668620848495806e+01,8.919386765721503352e+00
6.734449449750357530e+01,8.217903291302635083e+00
7.095654141459212383e+01,1.089943252245814520e+01
6.447105706982543438e+01,7.272406225289598680e+00
6.646253567429621967e+01,9.585286429659095830e+00
6.152642293379660998e+01,9.765949290886911882e+00
7.380483828970447746e+01,9.390234060823326345e+00
5.403443495442903810e+01,1.010995555388969969e+01
7.671183433350297776e+01,1.021716181080975261e+01
6.133271609346608244e+01,9.506223060752386544e+00
6.700729893841568696e+01,9.903261014925519135e+00
5.629136884317603773e+01,7.820811696762286047e+00
7.686110840057492055e+01,8.350794453148047580e+00
5.911031648362951074e+01,8.614455247187590814e+00
6.411117664375214531e+01,9.396650694815335214e+00
6.264181482479596497e+01,8.539483357041746103e+00
7.252157455265759722e+01,8.035661539772510409e+00
5.999125761318806127e+01,8.168483400436400643e+00
6.493540701253819236e+01,6.977066253867537426e+00
7.446332663214182901e+01,9.179866241433115803e+00
5.868173714972868282e+01,8.154394988128970567e+00
6.908549893783121831e+01,7.939386627798242557e+00
6.736111347954762607e+01,9.977542582513763136e+00
6.774143986141494622e+01,9.348930650658676456e+00
6.149890077088035412e+01,9.567080841245051204e+00
7.030037763938503304e+01,1.020544564955026345e+01
7.118321016086095199e+01,8.464237603397133825e+00
-5.056175497341477865e+01,1.191696199698188607e+01
-8.126965163421765226e+01,9.908033114586553225e+00
-5.510436505775398075e+01,6.554081870753267758e+00
-5.550180505328324188e+01,5.647079727141298022e+00
-7.266386055962506418e+01,8.685247669170921725e+00
-5.406540101879617310e+01,7.494502749251026330e+00
-7.155256043171466729e+01,1.016045642586658460e+01
-5.643250000829655733e+01,6.244996885468944825e+00
-6.136174019431925331e+01,1.172647342065501874e+01
-6.613324368753761462e+01,5.484231704256861128e+00
-6.177623739224142696e+01,1.029638241603078086e+01
-7.286508718872201484e+01,7.352813449371097043e+00
-5.946240806169671345e+01,8.090256831484435196e+00
-6.678956189499825769e+01,6.145500734427960410e+00
-5.585689139421664606e+01,8.242813814489380775e+00
-5.544057091928387138e+01,7.723553834318394706e+00
-6.036046440550465775e+01,1.081982279276586567e+01
-5.187026826985491113e+01,1.090294502201846782e+01
-6.738171504089466168e+01,6.870918704415728939e+00
-5.567822460397922413e+01,5.942834515391960615e+00
7.292347002323710115e+01,1.229252525028841703e+01
6.552814485664158894e+01,1.042044626983337352e+01
5.487043969581245761e+01,1.065625412786621951e+01
7.579242547078776226e+01,1.069152607952753797e+01
6.099086616293682539e+01,9.514045259544488431e+00
6.445672712543562000e+01,7.755820252404623361e+00
6.375542566946862166e+01,1.302150406285430329e+01
6.371305132430042306e+01,8.098794397940880074e+00
7.375813647981189547e+01,9.695133781054842359e+00
5.500693938136011241e+01,1.207302867188828444e+01
6.857012257096992869e+01,1.292984377069878654e+01
6.184201469259574679e+01,1.323967533558520060e+01
7.694553102013428258e+01,1.350692451508098557e+01
5.663537004440015465e+01,1.563815032493755552e+01
6.854382673937593040e+01,1.421996864359796930e+01
7.128806945378764226e+01,1.373016697523366325e+01
6.694744023283473666e+01,1.056944931301369017e+01
6.424297412994263823e+01,8.355707419346158460e+00
5.703495368797065623e+01,1.100197246269481255e+01
7.607952571657092733e+01,9.871794080949342742e+00
-1.709276515352205763e+02,5.437529607639582707e+00
1.664263643365988230e+02,7.213568497808761748e+00
-1.710869522043884388e+02,5.451721390851171023e+00
-1.737170445771674281e+02,4.731935475594228890e+00
1.631281647164519484e+02,8.001325311515419259e+00
-1.700241696168959322e+02,6.633868685958609568e+00
-1.775645999669153809e+02,5.334674592328504161e+00
1.626834711371047035e+02,8.103636890378780322e+00
-1.690606256886316885e+02,6.444509875887979078e+00
-1.746858809008575406e+02,4.521284909960273879e+00
1.622168901728038009e+02,7.160455552188091488e+00
-1.687365743730643146e+02,7.525269701954780288e+00
-1.772291239501914504e+02,4.857547035181195128e+00
1.732760460457762122e+02,5.923399679668337470e+00
-1.715628696916502633e+02,7.885229199388870569e+00
1.691172995717896299e+02,5.841190561675588810e+00
-1.775060425160756949e+02,4.137361951331398835e+00
-1.776051016425698208e+02,6.583326341981102559e+00
1.719541553938572918e+02,7.947353753343740834e+00
-1.778403352425040964e+02,5.768938533333590968e+00
6.810775797908355855e+01,1.086558732910734193e+01
5.168767138389267757e+01,1.075156313525657659e+01
7.885208079395000880e+01,1.403516329515775496e+01
7.066840371637226781e+01,1.000970326904193719e+01
6.077323480071763129e+01,1.657920104389423699e+01
6.241465624139506474e+01,9.527104232299819842e+00
8.352793172715007586e+01,1.570753148990830539e+01
6.318572930191984938e+01,1.171244555581835911e+01
6.358885214008692088e+01,1.271982397408851995e+01
6.398686632982578715e+01,1.165007593464613933e+01
7.766958034562338753e+01,1.178954396079217659e+01
5.734782462667038061e+01,9.638203205676964203e+00
6.242073816802422925e+01,8.088608055629437743e+00
7.369582179870043603e+01,9.545763065942361791e+00
7.256816679900774147e+01,1.032948430694996844e+01
5.828915280080158823e+01,1.069042537880030252e+01
6.173488307125111163e+01,8.867591813259355860e+00
8.267001707994937476e+01,1.606985698252641726e+01
6.301360357290877090e+01,9.558601572296122839e+00
6.071485270673510115e+01,1.479759770030941191e+01
6.892718661171591066e+01,1.268518169188590861e+01
7.591052591133617966e+01,1.376980119682759707e+01
6.304551670671412467e+01,1.348091956198626207e+01
6.303734602868318149e+01,9.490576368072755287e+00
6.714347776863287720e+01,1.310586276223265045e+01
6.521010990951961617e+01,1.256926981987485625e+01
6.027700482664430837e+01,1.188361474042447874e+01
7.051238788715289729e+01,1.321397088983275481e+01
6.518078228105746064e+01,9.603969359046017118e+00
5.853991668051260433e+01,1.246697425680449278e+01
7.216281201405217871e+01,1.175534922813993077e+01
5.883467238054301873e+01,1.342289946573674442e+01
6.945488264046566940e+01,1.220022895938776131e+01
6.482690269252428550e+01,9.994116152431288924e+00
6.040739717133353537e+01,9.074969894465393594e+00
6.651084136755501675e+01,1.058212668509485788e+01
6.448381080649926389e+01,1.046573038654023691e+01
6.882681273991831006e+01,1.394289881971620915e+01
5.704883231909293073e+01,1.144304235193083308e+01
6.923326261497459200e+01,1.050211236022716221e+01
-1.756521488669912401e+02,5.617483813721713126e+00
1.766429195699721788e+02,6.347743102190704256e+00
-1.780640504181436938e+02,5.126233290043394675e+00
-1.781872046665995413e+02,7.668305623779041014e+00
1.667858228386266433e+02,7.361305391549276322e+00
-1.767907770991099312e+02,7.306104897314213531e+00
-1.785570738404631186e+02,5.979406008495495861e+00
1.715166871865119447e+02,6.727360447122859632e+00
-1.783842571635955494e+02,6.337291595180451154e+00
1.690840896298369387e+02,6.151709213192258829e+00
-1.780863399939865133e+02,6.973156355184779720e+00
-1.758146250666667925e+02,8.490868016080915126e+00
1.768135907164390801e+02,8.014519522262061102e+00
-1.771750074713104937e+02,7.405980328802042933e+00
1.790689206004795437e+02,6.241404677814779589e+00
1.748038549888523505e+02,8.434769372610832150e+00
-1.781081624324572203e+02,6.320323235416362095e+00
1.759787917392495160e+02,6.681769052006863774e+00
1.750027264575625736e+02,4.332378634999736633e+00
-1.783520658703710353e+02,5.765120315376353943e+00
5.730049204110000005e+01,1.025599144832660414e+01
7.869103043359392302e+01,1.381045118220649037e+01
6.629303930929965816e+01,1.446684769022948558e+01
5.968523568947846769e+01,1.624616358050196041e+01
6.132063195878946971e+01,1.456186738090346822e+01
8.543897803995204754e+01,1.359967399809242927e+01
5.574201470190051566e+01,1.123359288276180834e+01
6.161980410203730685e+01,8.590888417085885465e+00
7.888137775521801132e+01,1.265155430629007682e+01
6.826408390095012635e+01,9.036203670049598458e+00
6.625310189418823370e+01,8.420489430654104268e+00
6.307031511891499065e+01,8.466028938343450605e+00
7.242901532426517974e+01,9.613973322385987785e+00
5.857407563877474388e+01,7.617029261574510102e+00
6.606035425084405688e+01,8.775825712312538940e+00
6.742857304892629600e+01,8.377925497330423354e+00
6.714379057467930068e+01,7.238179215275907907e+00
6.020004154809311103e+01,8.590420761187862908e+00
6.893634549956894375e+01,8.095841974942105779e+00
6.303039585531820421e+01,9.847821506014733828e+00
-1.729986225082337512e+02,7.559814347172066462e+00
1.693601257423201503e+02,9.665440556678193573e+00
-1.758359311860359924e+02,5.173940433848388309e+00
-1.779142825332982341e+02,7.186363234168031688e+00
1.771511934624748221e+02,4.386718990014768949e+00
-1.681193005153554338e+02,1.015516958920523294e+01
-1.768848507025595609e+02,7.816083054580353462e+00
1.755928125555479937e+02,7.769751043334252927e+00
-1.795674953897324144e+02,6.962337306325544262e+00
-1.701442810674789996e+02,8.057054749366482582e+00
1.758099579099703931e+02,9.036182865891738913e+00
1.784276489725183978e+02,7.366405631857015024e+00
-1.707493814560078818e+02,8.704760949027946282e+00
1.737785299672188444e+02,7.764686189619038004e+00
-1.755376465814353821e+02,6.913661785668271165e+00
1.784424111297069544e+02,6.329052605519413177e+00
1.778818678248202900e+02,9.319021643359546303e+00
-1.735500310525737291e+02,8.194807022239711358e+00
-1.787028069612896672e+02,5.874016306600047699e+00
1.791018661120654940e+02,5.737724490104930908e+00
-6.675887907081958872e+01,7.228603493518917844e+00
-6.809269462594869537e+01,6.275621696367476687e+00
-6.738546653106197937e+01,5.297640798769542414e+00
-6.682522069669107623e+01,5.600750767126891461e+00
-7.047866651795406767e+01,5.687864668803980450e+00
-6.245876038338242608e+01,5.749964104372127238e+00
-5.901046347570030548e+01,6.013500469079949617e+00
-6.140576388502940119e+01,5.427894781889457398e+00
-5.681276909607043279e+01,4.182238995912396007e+00
-7.407048954420042719e+01,5.907337779466532268e+00
-5.461070404701414560e+01,6.304052091433564264e+00
-7.263106914789618429e+01,6.109631405873512833e+00
-6.540120389486453689e+01,5.216826055196536416e+00
-6.136802102137325221e+01,4.994615306251515285e+00
-7.521685196196906986e+01,5.337609467608181113e+00
-5.926924863082413708e+01,7.727666135857591101e+00
-6.855344377548600221e+01,5.420821973332137667e+00
-5.605885343310634283e+01,7.278473575463429768e+00
-6.385893577002450172e+01,6.969961841811061376e+00
-6.140604220263298174e+01,5.994989681174850205e+00
7.227091798857556171e+01,6.927823620544712568e+00
7.225548596161563353e+01,8.918115912371920473e+00
7.859852636866666842e+01,1.159910462732931080e+01
7.621514939708184500e+01,1.028038197102997486e+01
7.181248838275557489e+01,8.380922393945711590e+00
6.643406503019660647e+01,4.961933371582309960e+00
5.727081535705391957e+01,9.595419405660722489e+00
6.262006057868223508e+01,1.348015254364525717e+01
6.537984859648479130e+01,1.081736867451058970e+01
5.507873053272689390e+01,9.794554401243194874e+00
7.830029503768290056e+01,9.244453219310507563e+00
6.227436109734527747e+01,4.643589052951447194e+00
6.751471621771699461e+01,6.156532722749821218e+00
7.591187762063796640e+01,7.080656262693933556e+00
5.883539092535207260e+01,7.818627554057336226e+00
7.356758126275938992e+01,5.098144420904915819e+00
5.474541634405594692e+01,6.944865673522130578e+00
6.380658818667669863e+01,7.037561355092252668e+00
5.608331299489117328e+01,8.246437928121235217e+00
5.947143813795890566e+01,8.661750925076630026e+00
-4.769803120692775167e+01,1.037170464815263315e+01
-7.095707781449364404e+01,5.953903892616002835e+00
-6.250072354886926718e+01,5.710172075096952682e+00
-5.740536793027190754e+01,6.318102722448875497e+00
-7.201396993982700678e+01,5.392257910316922143e+00
-5.708515233918134157e+01,6.586806333798772783e+00
-6.809657752035002432e+01,5.897797032109503235e+00
-5.997815785641076758e+01,8.991033177069686744e+00
-5.648401520337798587e+01,5.430202008610288900e+00
-7.003543447198991601e+01,9.037183383987672514e+00
-4.898544347992878301e+01,7.684972815113361833e+00
-7.069253971678901394e+01,1.080157982925610227e+01
-6.480297649322153575e+01,7.968188610575218433e+00
-6.607154244069704419e+01,1.022941501556051946e+01
-6.806878298452913612e+01,5.588897866774802381e+00
-6.866132812314364742e+01,6.724757874356477316e+00
-5.994018622421197762e+01,6.059776896083216791e+00
-6.090956675608138937e+01,9.176726182240352969e+00
-5.468141327545755814e+01,8.004336966001163844e+00
-5.837255513263767881e+01,7.417208230636587629e+00
6.309877646453131206e+01,1.043057331989492198e+01
6.842591832490266768e+01,7.799932659924877498e+00
6.295127297072655637e+01,1.137659448145985053e+01
6.526715441334243906e+01,1.159659824364920944e+01
6.432375762488007354e+01,7.321727891158730905e+00
7.269708924423326835e+01,1.100869167401582338e+01
6.465670339226964813e+01,1.133979484540814475e+01
5.917797059127146042e+01,1.171191179991433273e+01
7.143285555232898787e+01,1.066920950650272282e+01
7.195164104690515217e+01,8.708435246568512866e+00
5.633556803641082666e+01,1.391232583212327611e+01
6.793989989589309175e+01,1.064882587901849575e+01
7.608444646937411449e+01,1.183525524865918399e+01
5.499717394329409359e+01,1.400096289345782097e+01
6.584016805651384630e+01,9.502285431441759300e+00
7.373844949783860159e+01,1.203987017294749684e+01
6.344745726133007935e+01,1.266571801171908618e+01
6.214605243845628024e+01,8.621471165904980083e+00
6.230547432615767178e+01,1.035153066838152114e+01
7.820893560236264364e+01,1.300847548085190120e+01
-5.825269078916504384e+01,7.689394129982584758e+00
-5.664714856706547152e+01,5.921858683996627626e+00
-6.165427707625121201e+01,8.793442392655094864e+00
-5.093979934615487792e+01,1.161992893109096414e+01
-6.186185648970143092e+01,1.131844534396891433e+01
-5.746584593717047085e+01,9.617910539205126952e+00
-6.260328139061364539e+01,8.891417929017242372e+00
-6.591782769227795313e+01,6.730706189844707588e+00
-5.628224827029836064e+01,6.263596517977630285e+00
-6.210016323616527956e+01,7.628379707992735348e+00
-4.748441597689853211e+01,1.093037579023505046e+01
-6.353602796434687150e+01,7.554183590231533074e+00
-5.700385817045846437e+01,5.385179710357368421e+00
-6.092218706231580683e+01,5.919565051547523993e+00
-5.363351954655417586e+01,7.090794405382121468e+00
-5.925765649268853963e+01,8.751535619288262069e+00
-6.109995822527296383e+01,7.824704014882716052e+00
-6.097272418458188525e+01,7.366275800653975026e+00
-6.757624952115689609e+01,8.426967296483596215e+00
-6.797857712225969351e+01,8.382045315582036693e+00
-6.094715455527387604e+01,1.056317191965906410e+01
-7.354083957315640419e+01,1.161272554445079130e+01
-6.100690638317955461e+01,9.841046237670866503e+00
-7.071945235289209108e+01,1.086422491815049440e+01
-6.659158570466030369e+01,9.010319357460186751e+00
-5.708452188516702108e+01,9.313416432101663034e+00
-7.438379146733832670e+01,9.073351227185089130e+00
-6.586220066832051145e+01,1.013184889117494514e+01
-6.370220130871980757e+01,1.260633687065520547e+01
-5.887152497245433835e+01,1.224192580362374905e+01
-6.912852720472859858e+01,1.014180774088049475e+01
-6.735336750785587867e+01,1.088345725564639643e+01
-6.515065717469173023e+01,1.169999156235617477e+01
-6.243118975515126579e+01,1.319024672736454562e+01
-6.402739449133935068e+01,1.071498786169087936e+01
-7.015239219156603667e+01,9.760757279005639830e+00
-7.107972743911176394e+01,9.678935000905205754e+00
-5.462659919366667793e+01,1.229389865457144992e+01
-7.079110489312533616e+01,1.052257977765492036e+01
-6.900471767449448635e+01,1.067314476206580309e+01
-5.633099650873562325e+01,8.749201395179664331e+00
-7.355714978096494860e+01,5.580935748032255006e+00
-5.177527959388839207e+01,9.383049907326521222e+00
-6.891181334967636474e+01,8.658219157958640722e+00
-6.016809210820072451e+01,7.436760969918536190e+00
-5.680818657339711564e+01,1.025654269636618565e+01
-7.758700867272322910e+01,5.897141298780351093e+00
-6.066229111573700550e+01,1.112675673339041182e+01
-7.582970979447806315e+01,6.182964037140583180e+00
-6.878213462396884381e+01,8.177412231511359764e+00
-5.663058294450551244e+01,5.131102113954923105e+00
-7.585876917383606610e+01,6.517842325957652783e+00
-5.237054055992423685e+01,6.517500059054501804e+00
-6.544644485437720505e+01,4.567634334453494205e+00
-5.856055787271129986e+01,7.410925121068942190e+00
-6.485080738261486033e+01,7.324312010359546932e+00
-6.370806021008332465e+01,5.348205005278122925e+00
-6.136478503061841394e+01,6.678704686139910862e+00
-6.854521391190530721e+01,9.013365941381239921e+00
-6.180314829856597214e+01,5.904654942836430109e+00
-1.733195522176897043e+02,8.096778711666871686e+00
-1.787219556102325839e+02,7.421051985447508770e+00
1.795490103733935143e+02,8.716814922570261359e+00
-1.770282697207113927e+02,9.725818555979470759e+00
1.769995862488170246e+02,7.100241947880256532e+00
1.779447348745781881e+02,7.575060504104357051e+00
-1.742820302051812860e+02,6.332717199819049014e+00
-1.783657578050306256e+02,8.129894982535500247e+00
1.747839816210856725e+02,8.115852621815857759e+00
-1.698726238403751552e+02,8.216662503429258635e+00
1.740037006958936558e+02,9.248025391609878909e+00
1.792454136601420771e+02,7.801764832132862537e+00
-1.656353215192500841e+02,1.015238951978096082e+01
1.664590369734794422e+02,8.780510860580772459e+00
-1.745258132825960331e+02,9.062333627210648501e+00
-1.744941217976035830e+02,7.670377883840291844e+00
1.680273666666371355e+02,7.982389629001376719e+00
-1.623760490037186628e+02,9.294376496326314907e+00
1.794301055952335844e+02,5.650606937268552343e+00
1.611282484273052376e+02,9.845401853538451320e+00
-1.645235627682620816e+02,7.215436222027699742e+00
-1.795513651405756832e+02,6.041474591497022928e+00
1.691774873595147142e+02,7.808080501618366753e+00
-1.683854187115633465e+02,7.859676823419990299e+00
-1.748470361650554992e+02,5.709026375693655453e+00
1.748716734976595149e+02,6.654665849545692957e+00
-1.741212123031098997e+02,7.674873862314871786e+00
1.759336683761935376e+02,1.077138078441713098e+01
1.721249877619557083e+02,8.298057288158808831e+00
-1.697812138252197087e+02,7.596822754396319155e+00
1.752623176431808929e+02,6.043743137627194173e+00
-1.764604824164986496e+02,3.992840772083106948e+00
-1.781978447397476657e+02,4.415734452894431783e+00
1.793346401051200303e+02,4.296733237731813482e+00
-1.734094283646305144e+02,5.622022269585156273e+00
1.745606399093407504e+02,5.464092577199290091e+00
-1.764734662297692296e+02,4.696276261884710479e+00
-1.785283884893048594e+02,3.627151718471090192e+00
1.750063258901120093e+02,5.135168671203906854e+00
-1.767795627706962023e+02,5.238977407031543798e+00
1.766445859499455935e+02,1.093362263230370601e+01
-1.661540377116302523e+02,8.299093010755962396e+00
1.760888127693726517e+02,1.023428343221380921e+01
1.760831321094245823e+02,1.019655412836126018e+01
-1.699627049012606221e+02,1.004204450276736083e+01
1.682727048838311816e+02,1.311650651510690935e+01
-1.746342434545598223e+02,7.417361984648401574e+00
-1.784249934617904501e+02,9.584706205509828436e+00
1.730308628215367435e+02,1.492870209781428770e+01
-1.781040768534462870e+02,1.991806742594808100e+01
-1.764246039409104583e+02,1.189171532563685219e+01
1.789825886816825005e+02,1.388402847729846812e+01
-1.795924850640271018e+02,1.391363534597184426e+01
-1.790121678882270828e+02,1.080241888085509316e+01
-1.789038877446116942e+02,7.793218610884038000e+00
1.772392314846515831e+02,8.661147282921335844e+00
-1.773491364969879953e+02,7.402119245918218127e+00
1.754859505885887643e+02,8.461803613575067828e+00
1.769889048072113553e+02,8.803359403035628361e+00
-1.763781953132918545e+02,9.562190601838683079e+00
-8.812630002831033948e+01,9.151298780400741961e+00
-4.708997951051873798e+01,7.808313249817576462e+00
-6.549853049616748990e+01,5.633996307231371681e+00
-8.243616769170931491e+01,7.274208859479132094e+00
-5.099976533863298300e+01,8.669823570401726798e+00
-8.518154362652732914e+01,7.805717021491672014e+00
-5.157515450990177897e+01,5.425064400583936575e+00
-6.713962798615943939e+01,3.454855803648110069e+00
-7.693339515101567372e+01,5.699779339559878366e+00
-5.080176186834030716e+01,7.250494222982325709e+00
-8.707195041009445902e+01,8.158841351038617518e+00
-6.259187921866628557e+01,4.871345397089674734e+00
-5.551364303672900036e+01,4.342970522756957052e+00
-7.220972817036970071e+01,4.771786008018881198e+00
-5.227019692361857039e+01,6.387370108828948290e+00
-7.160581355683764571e+01,5.839622100155086315e+00
-5.655674039855571067e+01,5.518142164718344844e+00
-5.876831291311069805e+01,6.355002794219693385e+00
-5.763108373634682380e+01,6.686086003591799276e+00
-6.185039301948492607e+01,6.760590900830769634e+00
-6.842286762432846103e+01,6.814030539493204586e+00
-5.332388875375879422e+01,6.446589797032315161e+00
-6.004012057274911740e+01,5.350735351156272301e+00
-5.988930281801435740e+01,4.493416448342971492e+00
-5.146290533477926488e+01,5.874129379497569303e+00
-7.579991230540035474e+01,6.454800651852353965e+00
-5.373271563772444637e+01,6.687530669872849387e+00
-7.207948035067703074e+01,6.710741740329819294e+00
-6.549709032080274085e+01,5.197630046400672832e+00
-5.780378877681007310e+01,6.708838302572211809e+00
-7.517407327337204492e+01,8.209613320332234565e+00
-5.737259091720117965e+01,5.241648889112240361e+00
-7.127031211391384602e+01,5.958883690497250640e+00
-5.069440206667218263e+01,5.535867756085785629e+00
-6.967526703079101935e+01,7.632567663492016763e+00
-5.851484080417370137e+01,4.623259661793661657e+00
-6.427172540792238919e+01,8.231613575463113008e+00
-6.855730760642880739e+01,5.328384828602800383e+00
-5.692439580965117329e+01,6.834448887871921841e+00
-7.501432129150205697e+01,5.656491026859073123e+00
4.750874556476976096e+01,6.641823508637050288e+00
6.764957878916808909e+01,5.179095708904457140e+00
5.907084986737858401e+01,4.839692790847431425e+00
6.230805106569150098e+01,4.224220353399150696e+00
7.449582907949469757e+01,6.125041930029266446e+00
5.933822450342108112e+01,4.776305602512913140e+00
7.505630506178175665e+01,5.748527070023031982e+00
5.463562779508522738e+01,5.218808808249709053e+00
6.499199529596717184e+01,4.889130613302972606e+00
6.117299828006997586e+01,5.062610853111277009e+00
6.057290152041364450e+01,6.148101875420330487e+00
6.822504143982719427e+01,5.424172743973154631e+00
6.639572672742015413e+01,6.133965555315215923e+00
6.614092741021286770e+01,4.920157963207126173e+00
6.749429177290728887e+01,5.293436266081375408e+00
6.557957871312103748e+01,5.255779830457760760e+00
6.727976670548882510e+01,6.253929972087702183e+00
6.344637552605222908e+01,4.734162631951265965e+00
6.336268081250126727e+01,6.379774410260308670e+00
6.430111855027610090e+01,5.140557888970698208e+00
-4.490680146379077797e+01,9.553227337363560778e+00
-7.452714987504536737e+01,9.631717982960676494e+00
-5.667366892983228155e+01,6.387286954420078544e+00
-5.753783854575978296e+01,7.245255932807243227e+00
-8.100645552914276948e+01,7.837932047811596803e+00
-5.369803446878123765e+01,9.690931687624463109e+00
-7.537198341750571728e+01,7.056153594823357800e+00
-5.921016744575972979e+01,4.464562124434722001e+00
-6.049288956806762485e+01,6.499057295259738964e+00
-7.855820221435415363e+01,7.914560733474413468e+00
-5.265736176510110766e+01,9.989502040454972587e+00
-7.683933063856657952e+01,6.347891165432006488e+00
-5.876189989807070901e+01,5.658876493351236547e+00
-6.526115826911427575e+01,5.467471156540469224e+00
-7.574739472849950062e+01,8.981107102796295649e+00
-5.934001316113278790e+01,9.216072110722386412e+00
-7.779621395685775553e+01,8.022065638606482807e+00
-5.431553229771899538e+01,7.873995095105744468e+00
-6.686674615548342615e+01,9.359631675706690856e+00
-6.720468316098003925e+01,8.439881044060946635e+00
7.323545109298848388e+01,7.018052557699528293e+00
6.199744797933362861e+01,6.949668104892436915e+00
6.741832780947784443e+01,4.869381687430475836e+00
6.419468781073298658e+01,5.010449738878652859e+00
4.961893659089210473e+01,6.094605719571136504e+00
6.508292585623280502e+01,8.757999373648008401e+00
4.802853365687989395e+01,9.432471706854148152e+00
7.403908529066318067e+01,1.027855590543331665e+01
5.670660048195988168e+01,6.238002320585726679e+00
6.819101572199839723e+01,6.256653372904360744e+00
6.019341482967688250e+01,6.990585016374081917e+00
6.805939703427304721e+01,7.100135681827959289e+00
7.984668407259661649e+01,1.308142398018777897e+01
5.660809988541047488e+01,7.876920378485889884e+00
6.993226243454519420e+01,8.072223919139632997e+00
6.070512437270771500e+01,7.681456475539542694e+00
5.679328861136824003e+01,6.744357543538631816e+00
7.576648454172971014e+01,1.111440663549663910e+01
4.594854892719385475e+01,1.199437532140384732e+01
7.236229405459457098e+01,1.007988841537231117e+01
-5.919623542548205108e+01,4.141763756865746160e+00
-5.893752115457712648e+01,4.235474894293016490e+00
-5.802966723029803120e+01,6.370329597900840746e+00
-5.325685106285021675e+01,6.704902033818049389e+00
-5.705417897344195666e+01,6.248313391277983797e+00
-6.047636773470536298e+01,4.836689101609126240e+00
-6.508426326341837864e+01,5.027607903232339304e+00
-7.218259480387844462e+01,8.900833923893170407e+00
-6.871591903465336770e+01,1.102703080745740394e+01
-6.425763039955239719e+01,5.845108170072649045e+00
-6.589876583597744286e+01,5.921029451932669829e+00
-5.380339316808690597e+01,7.002633191991733952e+00
-7.353048962044016434e+01,1.071118096549748522e+01
-4.678206083314779562e+01,1.146394510512975273e+01
-5.649340571379693188e+01,7.420166959676997465e+00
-6.973017330456104901e+01,1.054486691580985180e+01
-5.106241217099672269e+01,9.359520238647803581e+00
-7.640779611008214545e+01,9.657498653099093389e+00
-5.548681050998756348e+01,8.801707856874083191e+00
-6.038020013379238549e+01,6.673857526888921754e+00
6.556367290575101947e+01,1.165223664930476666e+01
4.555204503285216333e+01,8.354094152531695627e+00
6.380462920724810516e+01,1.011516326537635102e+01
6.366417841492917518e+01,8.989864515144093460e+00
5.782814971475949051e+01,1.096493670158670319e+01
6.758373954063461042e+01,9.661783352684663484e+00
6.898554881185326337e+01,1.019249523562469051e+01
5.489842098135798665e+01,8.854767199672664901e+00
6.624428316963887653e+01,9.361950832131110900e+00
4.643654947305522285e+01,6.368890208202998338e+00
6.184020156445230043e+01,7.314040974843035059e+00
6.274643401182854774e+01,9.374900795605123349e+00
4.725292672410076023e+01,1.183857992571088502e+01
7.413563339231124871e+01,1.084517418214285733e+01
5.967306267951543219e+01,8.674500674907514863e+00
6.304933002536491671e+01,5.151199131347910409e+00
5.282551697845530470e+01,6.253792802135008877e+00
5.538757254806610320e+01,7.804199108793561379e+00
6.681354118109197771e+01,8.488675799638475183e+00
4.676521093051600531e+01,1.008376141271723370e+01
1.765644748184694777e+02,8.048077268005833673e+00
-1.669730166556728932e+02,1.161528507180849346e+01
1.747045736071606825e+02,6.209826756336030762e+00
1.762555382316007524e+02,7.215934125413285827e+00
-1.622658516692892476e+02,8.722276362952772644e+00
1.708637008128779371e+02,1.144826829543548641e+01
-1.772039067111593909e+02,9.615100159474838648e+00
-1.776287339026881682e+02,6.676160079492563959e+00
1.716238235423340086e+02,8.035771496310358586e+00
-1.733957967486355756e+02,6.967698876825279442e+00
-1.780192247088084514e+02,8.455058931052136018e+00
1.703857039656874406e+02,7.874801457546865890e+00
-1.781218097232550974e+02,6.852684274122561092e+00
-1.767193656764554532e+02,4.785122915009903721e+00
1.680555872707188598e+02,8.304037180357012105e+00
-1.726178396569924871e+02,5.804839605236414180e+00
1.700480596080108739e+02,7.473396681351285764e+00
1.778524162692162349e+02,7.272119483125139006e+00
-1.726189723898160366e+02,8.194036569752483956e+00
1.654935492893181390e+02,8.978420407294358085e+00
-6.654036018298579336e+01,3.719659482374185089e+00
-6.255067777725292899e+01,4.581393704703373260e+00
-7.111767796678708464e+01,6.385123552470077790e+00
-5.971433547949572329e+01,4.583734983305213007e+00
-6.691624120407972498e+01,5.391446172972238493e+00
-5.482588284018996916e+01,4.409228825491942949e+00
-6.604973403295623768e+01,5.294572458301495921e+00
-5.368368000088072733e+01,5.630744701661464902e+00
-6.493724233699337844e+01,5.870310381611750117e+00
-6.032262887251510364e+01,6.785656928868680993e+00
-6.294134571316331517e+01,4.346076019944500324e+00
-6.253687073445408373e+01,4.724602707219693443e+00
-6.075364179262101771e+01,6.382783365509186346e+00
-7.223587388300822454e+01,5.560539740221698501e+00
-5.356279041789103701e+01,8.781638069758143317e+00
-6.971167954381805032e+01,5.595890290722151050e+00
-5.752572171728899519e+01,6.490623110861104550e+00
-6.256570417846199206e+01,5.088204333139607627e+00
-7.395239274490651837e+01,5.008731738879643736e+00
-5.658123133160079021e+01,9.163825191324404429e+00
1.764791912384919783e+02,8.022662663567221131e+00
-1.724409096451153687e+02,5.229471979627660971e+00
1.727410879023423718e+02,9.623130395421958028e+00
-1.778003005880958369e+02,1.033882642405367491e+01
1.787329256864467482e+02,1.018898379932128329e+01
1.740858794020392395e+02,1.098964063529392376e+01
-1.773331331339410042e+02,6.707392320595293889e+00
1.732364913657370664e+02,9.473641526138180780e+00
1.761677678260799667e+02,9.293187070034591102e+00
1.792498567072502738e+02,1.522568405482769016e+01
-1.771938171490484990e+02,1.057972001575821253e+01
1.745353970628039804e+02,1.455584652650206579e+01
-1.725597023166385782e+02,8.803258683741798762e+00
1.753879074212723310e+02,9.422262100376480376e+00
1.702217695220334690e+02,6.628006689934868412e+00
-1.740538713581366608e+02,9.960671955309948089e+00
1.700628817392743599e+02,9.938492595869464097e+00
-1.784886904876265987e+02,1.010087832056190749e+01
-1.736053843835073849e+02,6.212980624190518775e+00
1.767385415986727821e+02,5.058563354634184606e+00
-1.748253962856215935e+02,6.238943117740295641e+00
-1.744692067229400152e+02,6.153891756064527208e+00
-1.770227128853077261e+02,7.645786918763228357e+00
-1.767480045158859241e+02,4.640247394071437270e+00
1.794239621366085657e+02,4.662888483868060874e+00
1.731839095770850463e+02,4.474562367107946415e+00
-1.706856339333951951e+02,5.459255275029915921e+00
1.748449089230539357e+02,4.749417880348089760e+00
1.745511368132320911e+02,4.429117685053721942e+00
-1.715950489694812404e+02,4.602608395519407480e+00
1.745186307652174094e+02,3.960349341770122322e+00
-1.772408851459877042e+02,4.019040746292854571e+00
-1.793744740210776456e+02,3.721708606140687436e+00
1.712732843813939780e+02,4.663307617736069055e+00
-1.739725967853389079e+02,3.811699251158344737e+00
-1.747738649288453416e+02,4.610113304836992221e+00
1.720198642331515657e+02,5.451195593756330560e+00
-1.780659036202935397e+02,5.441354851573741769e+00
-1.765398926063767249e+02,5.303170236113079028e+00
1.733882230427455795e+02,5.526385650454058052e+00
1.790105807645231266e+02,4.340217596171335401e+00
-1.705540739368568097e+02,5.084515285383925942e+00
1.678058892964967868e+02,5.581835559763550947e+00
-1.742412752251370023e+02,4.986668989767189863e+00
-1.768362206090074267e+02,5.500932557405938894e+00
1.644271226847006062e+02,6.034588506567433619e+00
-1.724185920210428833e+02,4.807574086552536485e+00
-1.722813743010414669e+02,5.526822984215578494e+00
1.746032156912082769e+02,8.706839426751271205e+00
-1.758718719424861376e+02,5.873281660186767894e+00
-1.692748375247217894e+02,6.926536362634949207e+00
1.722308621656762284e+02,5.715177350203249240e+00
-1.746829056134849623e+02,4.943256009353696356e+00
-1.735175671886330804e+02,7.311463875457317130e+00
1.739583111049511217e+02,8.051782364912135392e+00
-1.774887340948616554e+02,5.585215508930364336e+00
-1.758780014316801612e+02,5.269745669164924706e+00
1.775012090978745505e+02,7.937131113222450907e+00
-1.716159209428164729e+02,9.564218981901001726e+00
-1.735196214428003429e+02,9.980353524549606448e+00
1.625086323880681789e+02,9.521455783657422955e+00
1.782535514333538913e+02,8.505520206625391211e+00
-1.717185912918997133e+02,6.566613688613377242e+00
1.753418505048985594e+02,7.278412225078055187e+00
-1.794596353489902754e+02,9.597184644702240419e+00
1.792164713281466675e+02,1.186981114475212706e+01
-1.749285287343389541e+02,1.095564452721384541e+01
1.739929736659806565e+02,8.940712612009816596e+00
-1.768800667083176279e+02,8.318376530473123864e+00
-1.786245735736355300e+02,1.184226414779654668e+01
1.776256345027149735e+02,1.028531427678692722e+01
-1.750953999085506609e+02,1.012109375660465638e+01
1.749984880431386500e+02,9.148107760956808221e+00
-1.744762143618547441e+02,9.671592253458072719e+00
-1.734992925061616802e+02,1.078096970489265338e+01
-1.782490304348159214e+02,9.525458308120207107e+00
-1.753818292335822946e+02,8.612081349915525763e+00
1.789068136953390251e+02,6.327432481402443187e+00
-1.790076516590338258e+02,5.334659140219657480e+00
1.767726452306224587e+02,7.880517514546188096e+00
1.677838213491961028e+02,6.531074728811120167e+00
1.750447586723911400e+02,4.922845803540032428e+00
-1.729857687063181686e+02,7.613966176990768275e+00
1.636577448983796330e+02,7.895664857026098105e+00
1.755513605493262048e+02,6.912504202561262190e+00
-1.710115095057640815e+02,6.484813216592044682e+00
1.656180047282376506e+02,5.808311760808464896e+00
-1.748948314777965720e+02,4.163317752138741668e+00
-1.744162409275811854e+02,3.635774579377325288e+00
1.628632188435645958e+02,6.394351892681720884e+00
-1.658107452962693174e+02,6.120259873766345393e+00
-1.772726454415034425e+02,5.078165255081688478e+00
1.651878741463935114e+02,5.430354478285413400e+00
-1.626493337304037539e+02,7.367823473903204246e+00
1.746107531142322671e+02,4.171388054868042872e+00
1.615989601993571796e+02,7.566767395157814491e+00
-1.645503715767355004e+02,8.805718878060538657e+00
1.709408943098843849e+02,5.805117458014344756e+00
1.697882316707005828e+02,6.152583278577139936e+00
-1.680747410896151166e+02,7.056437927362368967e+00
1.754744024433255163e+02,7.613177592891410939e+00
-1.677927112469248243e+02,7.433519617365778487e+00
1.733741065522999634e+02,7.961680606987961539e+00
-1.767515729183192263e+02,6.757284562701237007e+00
-1.718288498133898088e+02,7.758082706266009154e+00
1.711665850224499934e+02,5.722099176252177344e+00
1.773473646637010859e+02,6.978919131938153164e+00
-1.708935567202263996e+02,4.391326760639073790e+00
1.630524442605983495e+02,1.045297577790683263e+01
-1.779343794341871501e+02,5.658135050862172832e+00
1.773298505818880813e+02,1.126930341555806159e+01
1.697668616743581254e+02,5.140276233862568489e+00
-1.692573107333583380e+02,9.452703210518283328e+00
1.660483840796461550e+02,9.306386187422265976e+00
1.781621134663643033e+02,8.154641172171574581e+00
-1.659680701430363854e+02,8.844973546277554277e+00
1.652160350312402386e+02,9.063928196261937131e+00
1.774847197262028544e+02,8.929372784953475417e+00
-1.669626684000224941e+02,1.061919409782082546e+01
1.591430734059349561e+02,1.345551916587215402e+01
-5.627405920006729190e+01,9.508594206674263916e+00
-7.966230981722895876e+01,9.897675681215702070e+00
-6.023782020869234799e+01,9.431833651376514638e+00
-8.181646201785883932e+01,1.097526146794764124e+01
-5.400039831100747278e+01,1.091203346397734109e+01
-6.770533825892347579e+01,9.813232926194750405e+00
-7.717454877491279319e+01,1.261167062278122941e+01
-5.576552065995478102e+01,8.555700733550526849e+00
-6.691078376254662885e+01,1.267791165350937987e+01
-6.882387456027717576e+01,1.096852221875103695e+01
-7.392161007952945795e+01,1.028639365013098761e+01
-4.475458985767991749e+01,1.315493632866003715e+01
-7.896414871876065433e+01,1.302742492422212983e+01
-6.179309009420687460e+01,1.089964712495177146e+01
-6.949256278789914631e+01,1.162076022149002519e+01
-5.368115922847930221e+01,9.756854514465704398e+00
-7.503630690054045260e+01,1.398815880238287868e+01
-6.359026416004859072e+01,8.799875414699066312e+00
-6.298010881214669610e+01,1.385792536657233676e+01
-6.575671878833566097e+01,9.875954993353582623e+00
7.264955756032856016e+01,6.205738752724657914e+00
5.366425333482128224e+01,6.423200314391559473e+00
6.436817266865340059e+01,8.558318205902349263e+00
5.176507288825448683e+01,9.240163706031864876e+00
6.092085567156944848e+01,6.245873999601900373e+00
6.802353639235609251e+01,5.855764579806007397e+00
6.548139793318976842e+01,6.889050358022892340e+00
7.695941158807355009e+01,9.658358929748571242e+00
7.055587153739840289e+01,9.971210903541994242e+00
7.101802287516235879e+01,1.284509407976566209e+01
7.461548418160774077e+01,1.179693377949159228e+01
6.476870323497087156e+01,7.279967790000878125e+00
6.254536753679276018e+01,7.225695608359033351e+00
6.511365854225958572e+01,1.065695466015452553e+01
6.812164331960867969e+01,1.121664712800640018e+01
5.075436834562101041e+01,9.772154356346851145e+00
7.025929772450281519e+01,9.264742441202717060e+00
6.178847460310316109e+01,8.269714959602373128e+00
5.919201817318479897e+01,5.291082480711877700e+00
6.966423118699800909e+01,7.571096209962041357e+00
1.768412226077556966e+02,9.215533458774174846e+00
-1.791181435184004727e+02,9.643720525173515412e+00
-1.734131510011978321e+02,1.677907734123159855e+01
1.744640349257160494e+02,1.387274822303926491e+01
-1.737449344614615541e+02,1.365888464164915028e+01
1.789978420126165020e+02,7.610096720231066314e+00
-1.751086543134281044e+02,6.578334517245481905e+00
1.789834296596913532e+02,9.535896401850727955e+00
-1.745441231624047589e+02,1.240367590372655471e+01
-1.758422959425223553e+02,1.445558269668017992e+01
1.716834228201144867e+02,1.112037279444381888e+01
-1.671029807130381641e+02,9.205735591735075829e+00
1.730308637881468314e+02,5.596261054926643830e+00
1.740623222458496002e+02,7.665140606089074993e+00
-1.553217359037097083e+02,1.174558962632912440e+01
1.687258554846828247e+02,9.101494890170602758e+00
1.785978346505703485e+02,1.021186665200033516e+01
-1.675846859195203535e+02,1.097636870150195421e+01
1.739746061302562907e+02,8.974879224374717523e+00
-1.767826852908783053e+02,7.734377994440597703e+00
-7.055443864960213318e+01,1.152894161580720223e+01
-6.642479624020700157e+01,9.016301091012643099e+00
-6.568642475303278161e+01,1.546572623800303425e+01
-5.865983804659575895e+01,1.309152759842925917e+01
-7.212078984968169948e+01,1.297852159226370006e+01
-7.003613576028389787e+01,1.519329058461133286e+01
-5.486324441074383884e+01,1.217933799745357248e+01
-6.951152573958970038e+01,1.086479249864738961e+01
-6.833110225338745636e+01,1.108105385523781550e+01
-6.033509913745528763e+01,1.310584198171070724e+01
-5.998402027025881722e+01,1.091691692130770619e+01
-7.629584283634956421e+01,1.161261227369027615e+01
-5.431297680277766204e+01,1.251616532932449033e+01
-7.103070327471679946e+01,1.133225730167251655e+01
-7.075785814692024189e+01,9.757455334042369088e+00
-6.359215414934568855e+01,1.049803494282553729e+01
-6.049713570213361180e+01,1.112481960931226865e+01
-7.233619467079141430e+01,1.162298533665116551e+01
-6.568741183512381099e+01,1.153871126284414572e+01
-5.546092943413661658e+01,1.297170476965652952e+01
-1.746694386228802784e+02,6.134474172341960241e+00
1.692030173877364518e+02,7.793344059165413285e+00
-1.754316706765762035e+02,8.062332259080559282e+00
1.784992363368318991e+02,8.661596081484187692e+00
1.766915371420530505e+02,1.046088907621923347e+01
-1.786164531044859700e+02,7.778239534933174326e+00
-1.755081653917001461e+02,6.563553018209690393e+00
1.739076188440196518e+02,8.682170179377354913e+00
-1.768248267750924754e+02,6.589251602799669705e+00
1.756193667301808432e+02,6.368804927994647258e+00
1.767568034054912687e+02,6.695670472649620564e+00
-1.792466785310950570e+02,6.021802992778072294e+00
1.765852509637217906e+02,9.602024806746593200e+00
1.781226838709069398e+02,6.358618270201212397e+00
1.790124603092733366e+02,6.790246835944754977e+00
1.754072647844572828e+02,6.742736960353045816e+00
-1.798398194591829622e+02,4.996617125016895145e+00
-1.760053294507067960e+02,4.351156605224516305e+00
1.791232146721869469e+02,3.789168391876619246e+00
-1.785964446899693314e+02,7.068924403692951053e+00
-5.169132045704174772e+01,1.376772023454066662e+01
-7.526514504169200848e+01,1.188224711884206641e+01
-6.546230724003426360e+01,1.269129552164087649e+01
-7.529831314182854385e+01,1.144985733568022468e+01
-5.432791195318523592e+01,9.306960869723891250e+00
-7.702296778473639449e+01,1.162935860545328737e+01
-7.175257865331131768e+01,9.432830721125244011e+00
-5.547165248217032030e+01,1.058118703552737827e+01
-6.975070906176470942e+01,7.344546012884309860e+00
-7.913739346500170768e+01,1.195472124995003149e+01
-5.260568677251117720e+01,1.065359065334119748e+01
-6.695290484766979944e+01,7.829394437562232412e+00
-7.360051479895668081e+01,1.140703645490922113e+01
-5.624411205741346720e+01,1.085926919578428596e+01
-6.306466559006808836e+01,9.597927437682788110e+00
-7.356879754523562553e+01,1.234964268700831980e+01
-7.386627630887328166e+01,1.647946309259259579e+01
-5.117561442785790859e+01,1.325489897682518681e+01
-7.424587207694023050e+01,1.361084158663391008e+01
-6.205469652764298161e+01,1.795315653910970966e+01
-6.527780821254603438e+01,1.243344060123690831e+01
-6.473408810393308954e+01,1.502434700715467031e+01
-6.980942105641251771e+01,1.218698772483721449e+01
-6.913219473826103467e+01,1.073565987002129773e+01
-6.461822270486356956e+01,1.032738057422393396e+01
-6.061729875687369429e+01,1.116331280452725494e+01
-7.014675355611281304e+01,1.022803459305325191e+01
-6.910392890359808860e+01,8.724962218766453503e+00
-5.504370094630546362e+01,1.251226574595318652e+01
-7.313688982330624810e+01,9.917002258176296436e+00
-6.727898032141567342e+01,1.095033087898256419e+01
-6.097945011840761254e+01,1.269906601819686998e+01
-6.495843959702199299e+01,8.960809224611768542e+00
-8.041623504254791044e+01,1.062066261702840642e+01
-5.850726469023823739e+01,9.257412786180099218e+00
-5.874320837070987977e+01,8.401932154822647547e+00
-7.819372888539467681e+01,9.789740499192186363e+00
-7.164615093180402994e+01,1.133520280596330210e+01
-6.474603260687513284e+01,9.295477630741350694e+00
-5.477670825350455885e+01,1.194744655118826948e+01
-4.754679809900803633e+01,7.629994530508948714e+00
-6.954296253884396606e+01,9.708907092031353159e+00
-6.245219449764128683e+01,7.698092313660030328e+00
-5.826932805611900790e+01,1.158570794889037714e+01
-7.890129101358152752e+01,1.208758209163978314e+01
-5.473194085426065669e+01,8.703924231177822435e+00
-7.206774064614130282e+01,1.341143387964183020e+01
-6.157985583484808245e+01,8.148882417809298673e+00
-5.429711943934310625e+01,1.225964535252240140e+01
-6.095221660188215651e+01,7.792478337844872982e+00
-5.010433856783387085e+01,9.497299901358600138e+00
-6.628884058587749450e+01,7.042545574246407369e+00
-6.045779321460801015e+01,1.100229902730976406e+01
-6.215618481020717212e+01,7.266727219772205260e+00
-5.810827346861800180e+01,8.290292027568087363e+00
-6.567394241555393819e+01,5.319848975693985516e+00
-6.371720036414839683e+01,8.659526399559762666e+00
-5.950137584675625391e+01,7.069157452348465043e+00
-6.417872167282351370e+01,8.697541258270769404e+00
-6.234950532375222565e+01,6.635021426319360316e+00
-1.789573113746984063e+02,6.431257999638861023e+00
-1.749740201905521246e+02,7.866929056879648385e+00
1.739117082946657433e+02,5.252621170789912419e+00
-1.739257783589993664e+02,5.944020033623585775e+00
-1.709178894197928287e+02,9.017683839800792356e+00
1.683053404926155849e+02,9.833122091879797466e+00
-1.728570196324562005e+02,6.894163411749390846e+00
-1.726006473212614196e+02,6.385896801849859195e+00
1.642071700945838018e+02,7.827824977838350407e+00
-1.735118879531264611e+02,6.358823763552615915e+00
-1.782446142776943532e+02,4.773536856036430187e+00
1.729383303571057127e+02,5.421440394033771426e+00
-1.767246800920545127e+02,6.448917868491670369e+00
1.784269104036718829e+02,5.651093539936826282e+00
1.780994560450913013e+02,5.015885934175368988e+00
1.782710846595641101e+02,6.733795137572466061e+00
-1.651456767997323141e+02,8.223348011589225237e+00
1.657726136031228918e+02,1.124708332191118743e+01
-1.763124235131541298e+02,7.487480528358680942e+00
-1.688396152777264376e+02,7.014615980412075125e+00
-1.775558575954572120e+02,8.347653367718169903e+00
1.736530356308172998e+02,6.049181691413480166e+00
1.769597417707743432e+02,3.865365506878263524e+00
-1.770007370541003127e+02,7.865682683517687401e-01
1.755438587428063215e+02,6.178719789918067917e+00
-1.676923523479856328e+02,1.034632007398552744e+01
1.685503276606342524e+02,1.019978960843042515e+01
-1.721002263934576888e+02,5.882888987281102544e+00
1.773867818469687734e+02,5.736488276062175373e+00
1.794403792494448453e+02,1.185066028949743222e+00
-1.721364115935519976e+02,3.341184328009913163e+00
1.710452647451831751e+02,5.206934171981004056e+00
-1.764279505927777620e+02,5.606052866313929073e+00
-1.760345160890968259e+02,6.085717531663813240e+00
1.722162402282501148e+02,8.227621136901767329e+00
-1.715317793600409289e+02,6.103916481715232933e+00
1.733882275968411477e+02,4.283641521275574959e+00
-1.736389918173750573e+02,2.769921472663765982e+00
1.757355431831929025e+02,1.162454702647327531e+00
1.747885914068982061e+02,1.626394949007508473e+00
-1.795343950629607548e+02,4.247913494023368486e+00
1.687626344068254696e+02,5.927732215842013375e+00
-1.706737816199274391e+02,4.524379422753387558e+00
1.738610834832263947e+02,4.017173985665317026e+00
1.784603821723410420e+02,6.076107754398034189e+00
-1.730558601560780687e+02,7.448253108357263841e+00
1.680525517900430827e+02,7.543412022097367498e+00
-1.762404414341487495e+02,5.363087840565990305e+00
-1.746290475763923951e+02,3.521158716470427663e+00
1.721860852503295405e+02,5.212677358230328295e+00
-1.778245203393888971e+02,5.854193788973051760e+00
1.790591819461887724e+02,6.838726892151246517e+00
1.772783461888025442e+02,7.125394460621600423e+00
-1.701714887958946463e+02,5.987750419586021167e+00
1.765307626184377341e+02,4.136909054331578517e+00
1.787943135975460507e+02,5.461344226917343114e+00
-1.761559693909150042e+02,7.500074893710399593e+00
1.739624336482563649e+02,8.304674010495553205e+00
1.796875181861773854e+02,8.706930365277059991e+00
-1.678503696848390518e+02,6.005078598889541652e+00
7.401714423170345469e+01,1.035134191036695839e+01
6.086433853965983332e+01,1.121484717815106080e+01
6.372216804286573932e+01,1.166521365762439189e+01
6.670190941460160161e+01,1.167325952774650943e+01
6.559171361847251092e+01,1.154514248265054732e+01
6.697884311784163458e+01,9.037721986513174599e+00
6.076958680534904289e+01,1.140218360977967293e+01
7.116780548602378076e+01,1.273417829417171987e+01
6.918972603380250064e+01,9.693985350125508660e+00
6.556044504187042321e+01,1.112392762189393558e+01
6.034241825339188381e+01,9.283893042506505822e+00
7.265960219862975578e+01,1.027284237521811860e+01
6.523195284068788169e+01,1.029411425761386489e+01
6.385704907514515583e+01,8.552395025131307449e+00
6.684881771043679066e+01,9.327134470503819941e+00
6.917407804639093172e+01,8.961019781084079483e+00
5.672553002258595711e+01,8.796412021227787648e+00
7.775579983802295203e+01,9.552318753059068968e+00
6.764903837373732642e+01,9.657354957525994266e+00
6.609128399851218205e+01,8.110008835366192770e+00
-7.789445141492397795e+01,1.148033781556483746e+01
-5.694636266976970518e+01,1.017499317761301647e+01
-6.974693050278725082e+01,9.824181733171206687e+00
-6.848449495389270680e+01,1.292434292107784088e+01
-4.911364500526956078e+01,1.265796522346906094e+01
-8.023790050622329773e+01,2.318404182836099281e+01
-5.439743828396836278e+01,1.247199376361036727e+01
-7.522910243897383964e+01,8.977048723516293904e+00
-7.408799077031484615e+01,7.137960114503217213e+00
-6.737588134413690000e+01,1.357487113724207717e+01
-8.050602934699605839e+01,1.033334983952224739e+01
-6.154621158424778571e+01,8.997617358022253597e+00
-6.738511873919846096e+01,5.392431820116430963e+00
-6.210216449020187213e+01,8.622317916737170407e+00
-5.320561378259415619e+01,7.964309622762216989e+00
-6.898538515146087491e+01,8.985442953667689636e+00
-5.674115170285661947e+01,7.708562851740200728e+00
-6.893667877060291005e+01,5.679434841886545016e+00
-6.099841398918514557e+01,6.684155788927640174e+00
-6.918671964091818438e+01,8.047208794877668936e+00
-1.742143371067174087e+02,2.181512210153260689e+00
1.778061673593568059e+02,3.423260221349085253e+00
1.769036956557820588e+02,1.835394890571209192e+00
-1.751626708798382026e+02,3.674803790727692920e+00
1.767472766552540691e+02,3.953983209257733833e+00
-1.796960029997053141e+02,1.563325533492097907e+00
-1.781184026987426137e+02,5.599764085541593772e+00
1.723999249441555719e+02,2.191885034549677425e+00
-1.599362608251147719e+02,7.686370182168246856e+00
1.622589892573835186e+02,4.765139041180107782e+00
-1.711511713393488776e+02,6.350846683937024117e+00
-1.772904982941107903e+02,4.912996159732096579e+00
1.715362836819149948e+02,7.242739396606421742e+00
-1.737678136378567615e+02,3.453018311357288095e+00
-1.777040453509497695e+02,3.154437985839165126e+00
1.740793759568251460e+02,3.822680008213371394e+00
-1.735536696700255561e+02,3.696623764090304576e+00
-1.797698263246763304e+02,9.227392356942878404e-01
1.752590278076435766e+02,9.535457745723141532e-01
-1.735593308531602474e+02,5.510722069987410432e-01
-8.253481880337564291e+01,1.211537898080661435e+01
-5.584402740424821587e+01,8.811988367479234086e+00
-6.633652054791340902e+01,6.002262015696562258e+00
-7.979408846494494867e+01,6.444309878486805587e+00
-4.318989188399878998e+01,8.519834455789366601e+00
-7.303612012550367183e+01,8.754315328632786830e+00
-4.362033841123635369e+01,8.657965106332609295e+00
-6.514058971633060935e+01,7.826060370940716382e+00
-6.070748574455139845e+01,9.056272825149552119e+00
-6.109767279792255579e+01,4.800512976426999145e+00
-6.928697674345865209e+01,5.361005329951293419e+00
-6.549057219118074613e+01,6.891326944973557467e+00
-7.329507811787296134e+01,7.341444111812648998e+00
-5.897612444045202551e+01,4.233318009505563140e+00
-5.917203141248571541e+01,4.763536812781662633e+00
-6.633830249740435647e+01,4.943654017684590229e+00
-5.408838531608559208e+01,6.969492802909288187e+00
-6.435035172988226293e+01,7.555129619089278492e+00
-4.879783659604321855e+01,9.145482750117672310e+00
-7.405677594807120556e+01,9.004961180897424811e+00
5.319480497229942983e+01,1.255638326859335407e+01
7.355110277475462510e+01,1.357040758300088079e+01
6.082114682974319209e+01,1.140870047546254362e+01
7.250442827805466095e+01,1.413773047358279555e+01
6.149908224319769090e+01,9.482266179835313835e+00
7.008608988410398410e+01,1.397014972028237167e+01
5.891816447639507714e+01,1.182392347552548451e+01
7.908100561728329581e+01,1.251397446258635782e+01
6.127771956060851721e+01,1.215571993830007358e+01
5.826303209713712050e+01,1.045443235029034312e+01
6.462929735775966833e+01,8.603485290478605663e+00
7.135355293578736280e+01,1.285089477112500234e+01
6.526623881341497224e+01,9.072559601413246355e+00
5.648616529866630032e+01,1.098111771167505424e+01
7.484806818976061038e+01,9.393744543772566402e+00
4.887525524684471634e+01,1.227556483907271812e+01
7.518001473408585866e+01,9.126617432935290708e+00
6.678423924295803715e+01,1.033900403401491452e+01
6.205221200189674136e+01,1.063990521559824387e+01
6.137906691562798756e+01,1.007209830469515666e+01
6.953500737258465847e+01,8.721303679813351195e+00
6.877013784123339235e+01,8.528955054157684401e+00
5.349727134006095497e+01,1.070907202982512807e+01
7.410767939787554326e+01,9.552511801055544538e+00
6.471803891720114166e+01,9.845008159982011620e+00
6.801857401806417158e+01,8.549790175778753110e+00
6.107332049490989334e+01,8.139158922490366876e+00
6.556591464424678861e+01,8.524002633698735565e+00
6.531332806606205565e+01,7.655136662419435467e+00
6.350130949870895591e+01,7.967731483372068269e+00
6.481237406314053828e+01,7.548844075746306004e+00
6.516535009752182361e+01,8.603340416814647895e+00
6.387797309867897155e+01,7.263240805782988474e+00
6.100997675257838893e+01,7.922520648442867852e+00
6.812048721204010349e+01,8.295063840903985408e+00
6.160521975465999134e+01,8.569957609279876820e+00
6.609040795113071454e+01,9.046084573683582875e+00
5.651854141947645616e+01,9.645246975137954593e+00
6.958758382588851532e+01,9.190745266388445245e+00
6.150850771422889807e+01,9.638996856798552670e+00
6.452719232817376849e+01,8.381602816629124320e+00
6.725114464597383801e+01,8.162598035971445398e+00
6.485517207617161262e+01,9.536805163337493951e+00
7.051045264170916482e+01,8.434993674823665799e+00
5.618988018547268126e+01,1.004712414508857954e+01
6.541095288684962838e+01,1.028029461196263128e+01
6.223859982965336712e+01,8.308417581036501076e+00
6.860220705180357470e+01,1.140102672129832406e+01
7.072109674876327290e+01,1.154541936210381792e+01
6.503615458922911330e+01,1.435270392684252982e+01
5.381210113486002200e+01,1.185595730685975369e+01
7.799993340665297126e+01,9.567106042159625900e+00
6.819858973797124690e+01,9.403393559447225769e+00
6.425856103620549220e+01,9.998088340200823154e+00
5.686565950504510880e+01,9.158658527027050411e+00
7.160207720629958317e+01,1.034182906320908124e+01
6.495653218814125296e+01,1.095203843884661765e+01
5.975691326629793565e+01,1.101437966123942047e+01
6.585889969135968158e+01,1.259262246540563623e+01
6.721885061282486618e+01,1.176767512770834756e+01
4.986052049233826722e+01,1.253839226689010999e+01
6.197142482823467446e+01,1.182737646426959799e+01
7.630229781050141469e+01,1.257533255520168858e+01
6.052840119673558661e+01,1.249965000670737680e+01
6.270818864631142020e+01,9.721705062789887108e+00
6.840063429447469900e+01,1.181708094552458554e+01
6.370776939629961788e+01,8.167623020671030076e+00
5.570945340080760388e+01,1.092548095354316473e+01
8.439282539839550168e+01,1.128597725063269053e+01
6.061728146059433442e+01,1.070871293392563572e+01
5.960395061724199195e+01,1.152415789759770526e+01
6.812856018849767281e+01,1.389719419873226514e+01
7.753375110973654216e+01,1.094931621186616688e+01
5.332258089856403416e+01,1.158021553825779293e+01
6.578380000965985630e+01,1.042875657648203358e+01
6.868272090988155298e+01,9.489701572795944173e+00
7.010478436143688441e+01,9.226533765830218670e+00
6.728053803847302561e+01,9.746960792371908155e+00
5.799963857208952334e+01,9.447002046868149705e+00
7.179118978413798402e+01,1.085945998968943194e+01
8.030869558170034850e+01,1.169297874496460921e+01
6.846352950875987631e+01,1.075622284679548457e+01
6.052417437638927566e+01,7.829642256417550072e+00
7.511077050910307662e+01,1.171600138556120818e+01
4.804938209526224568e+01,1.309076296767696590e+01
7.107746706237740852e+01,1.035098226683346390e+01
6.243885778833545430e+01,6.097463213180960295e+00
6.863376959663305854e+01,7.844415232626268164e+00
7.537745264197202744e+01,9.669273080994251757e+00
7.087332739377731627e+01,8.781999537461224747e+00
