dihedral_deg,energy_kJmol
1.517895644465067733e+02,1.753793839375692443e+01
-1.475095763974658780e+02,2.037820752388652323e+01
1.665652737340589056e+02,8.847033072073879012e+00
-1.736804699396857359e+02,1.497991023673229449e+01
-1.670884909540406227e+02,8.735171474495398769e+00
1.555619827476913315e+02,1.321111007647376923e+01
-1.739191794028423885e+02,8.882167004239777341e+00
-1.781175694935842557e+02,7.915582674341422376e+00
1.582734599057073694e+02,1.218054826765222742e+01
-1.574293594232421185e+02,1.445373212774292782e+01
-1.767289788640937900e+02,1.232220123629519826e+01
-1.784548761059292872e+02,6.754917315747343665e+00
1.794012139671139892e+02,1.803007804448440154e+01
-1.789782249659000684e+02,5.549704643014300665e+00
-1.776197773556968968e+02,9.401067799892844690e+00
1.695416641199000196e+02,1.069838652447319483e+01
-1.790154208823693693e+02,8.833067788726841840e+00
-1.622905033581640737e+02,1.060146330685656935e+01
1.613531414569457922e+02,6.654224011097168656e+00
-1.650920758136415429e+02,9.361485509463626897e+00
1.750566213893704628e+02,8.541586621132108093e+00
1.772096291587863561e+02,9.969978448609447597e+00
-1.659091089021158325e+02,1.662534698124953891e+01
1.694347184864401186e+02,1.160810234699540544e+01
1.762075795702911591e+02,1.641721375457443344e+01
-1.733352606285793911e+02,1.309084859677017221e+01
1.673790462011076272e+02,2.042212298820255256e+01
-1.713692245214335514e+02,1.740129914965434921e+01
-1.653790763145270262e+02,1.641242743898305534e+01
1.620488203096665814e+02,2.156889440641685951e+01
-1.754837632143773192e+02,9.963086891750371876e+00
-1.764524443581079538e+02,4.059636734513612844e+00
1.755617440088186072e+02,4.175092927954479727e+00
-1.719799545876403215e+02,5.717830688925991112e+00
1.786091837046220974e+02,3.359597335918411698e+00
-1.793281284988743209e+02,2.822154913311968549e+00
-1.655378022258132944e+02,7.342607679292888712e+00
1.762113675678810125e+02,5.861544410845276332e+00
-1.720152290673423465e+02,1.179453600913821631e+01
1.786518434318416269e+02,7.329831370730301110e+00
-8.167810624070787640e+01,1.739204159961111884e+01
-8.402874171157318983e+01,4.636841975523749682e+01
-4.446668227803463935e+01,2.941039809904988545e+01
-7.847877114653164199e+01,3.109809688058975041e+01
-6.008969005611452729e+01,4.498692788793918851e+01
-7.099982281207577728e+01,2.114115958475829871e+01
-4.235188641775545193e+01,2.932722031789312211e+01
-1.076692033157701900e+02,2.278063706005262645e+01
-8.050450189241639976e+01,2.814713120551633452e+01
-4.967719479431958263e+01,2.839245703218290373e+01
-1.751777778053740633e+02,9.072984214250165991e+00
1.703553562540916460e+02,1.118885232584855771e+01
-1.657216448904698041e+02,6.309691574210363640e+00
1.654803861050046123e+02,6.881467324233828897e+00
-1.693194429699115915e+02,1.373270225959480229e+01
1.680658184177813723e+02,1.001112147298122501e+01
-1.683363062598025124e+02,1.347769842168683496e+01
-1.792619790573630780e+02,7.746838066393410216e+00
-1.746416754777939389e+02,1.374849566550269664e+01
1.721341071940632617e+02,1.486610458739621343e+01
1.656754392780630951e+02,1.660238477986749217e+01
-1.781465491316639600e+02,1.694061811462777456e+01
-1.629389517147059223e+02,1.912964433727205815e+01
1.685539917009790543e+02,1.708908903942931090e+01
1.740359083784881022e+02,1.183334841773434931e+01
-1.567014172567608910e+02,1.833557960986821556e+01
1.678566121254087022e+02,1.785944602746394239e+01
1.634721499899660557e+02,1.743899993763788103e+01
-1.532362889834130897e+02,1.381278468408528504e+01
-1.712216259040513933e+02,8.942311983191796543e+00
-1.697534655947632416e+02,8.288815907806297290e+00
1.696827748754758431e+02,9.541379973958445504e+00
-1.767945792896483113e+02,5.118332548919287461e+00
1.792530662322265584e+02,1.029681243459849149e+01
1.735197398814766814e+02,4.764164636790258811e+00
-1.699507230606930079e+02,8.383200141703643027e+00
1.716561107589734831e+02,7.434299347923317036e+00
-1.779176772012677361e+02,1.215820854819301111e+01
-1.782487630431465107e+02,1.299289654503203373e+01
1.735408975099062729e+02,1.264724244935088215e+01
-7.237932570492937145e+01,1.925522428100591910e+01
-7.425626189923458753e+01,1.397092829174373030e+01
-5.559665663440771510e+01,1.893018150938933530e+01
-9.184895190569339718e+01,1.490533359087559617e+01
-5.746721864011248471e+01,2.549232000956072852e+01
-4.629581519258947253e+01,1.960882689904112652e+01
-8.680442903130574450e+01,3.690948372863152827e+01
-6.723061544205137352e+01,2.237864343724972827e+01
-5.632907280927221905e+01,2.884801326988979042e+01
-6.377126427346694015e+01,1.844882620020113251e+01
1.655076905051431879e+02,1.742688128219831611e+01
-1.680374384257543454e+02,1.191282589446792173e+01
-1.698822647663857879e+02,1.661362537980150833e+01
1.677407740369767453e+02,2.110191661862751999e+01
-1.534437276503182090e+02,1.849498813619871385e+01
-1.715418024763457367e+02,1.542253807044110303e+01
1.668980004335215028e+02,1.809081931504408658e+01
-1.624868883869511933e+02,2.034774793727522990e+01
-1.629319550245155028e+02,2.160897139203152051e+01
1.533533876260192130e+02,1.550901936146421889e+01
-1.683454384187697883e+02,1.500522932814946842e+01
1.774720341126885046e+02,2.077951969491388695e+01
-1.618541178700598380e+02,2.169341336047796176e+01
1.593109576771262255e+02,7.061322522334537055e+00
-1.661563201720043139e+02,8.742592086599600520e+00
-1.761952052995446820e+02,4.889723818383755471e+00
1.708448927737197494e+02,6.627956466685824388e+00
-1.733301395067358044e+02,4.385617017203206736e+00
1.684207925639726682e+02,3.858375439757603331e+00
1.794929599017461896e+02,8.634948350603332656e+00
-6.117055424516369300e+01,1.530210542225407622e+01
-6.993829811313824507e+01,1.352802678272805714e+01
-6.199541338744035102e+01,1.230362140888045097e+01
-6.694996181867342955e+01,1.409210998138693327e+01
-5.354190015071948494e+01,1.643384707263525968e+01
-6.973945467761230077e+01,2.019794189213106250e+01
-7.051294386470979703e+01,2.071486296168104246e+01
-5.447625173081230798e+01,1.415189429985232650e+01
-6.814090232295939131e+01,1.275420519522739404e+01
-7.108815567732460750e+01,1.231704863452563714e+01
-4.308680370363152434e+01,2.118547114633826567e+01
-7.908855085969666732e+01,1.830460502787456534e+01
-7.910857083634027731e+01,1.287857157436888045e+01
-6.064348192494585277e+01,1.609755907975108613e+01
-6.174125354262228882e+01,1.170213473312292152e+01
-8.021554195227436423e+01,1.324072673761595453e+01
-6.185435067024410927e+01,1.709331582079520473e+01
-7.117653315990450835e+01,1.737619291970130675e+01
-4.962198206960902525e+01,1.627538188130468910e+01
-7.714272719562011105e+01,1.483467156231928463e+01
1.782259228305641159e+02,7.164181562244209545e+00
1.705498977000340517e+02,9.555357886048373217e+00
-1.759715588032531173e+02,1.357073736113757967e+01
-1.763443395590192040e+02,1.467150917447507652e+01
1.788475616317784898e+02,1.046175996398299723e+01
-1.746696385605973489e+02,6.475739896201868184e+00
1.742402817237091313e+02,1.202713240423527452e+01
1.769413334286534791e+02,1.697289153324194189e+01
-1.752519402986670798e+02,1.868766253163389734e+01
1.754110680893460597e+02,1.632727312160221800e+01
-1.797195250150482195e+02,1.017039846145753579e+01
-1.703223622683475185e+02,8.657954937020654995e+00
1.722481114983190764e+02,1.000059544963798075e+01
-1.671135341556429239e+02,1.732782135012436697e+01
1.775962941438631049e+02,1.187057303975503331e+01
1.698690073415087056e+02,1.316848547287573190e+01
-1.596930762600180458e+02,1.252119872421383562e+01
1.669876976650207894e+02,1.172957859179390638e+01
-1.772360474856628798e+02,9.223329939090101348e+00
-1.659439542068488151e+02,1.418319562779311305e+01
-1.767785778895810154e+02,9.405031156016541161e+00
-1.733636826238083870e+02,7.840969961158458901e+00
1.684564832637733787e+02,5.576952551177433826e+00
-1.728419475177967684e+02,7.412334838215939747e+00
-1.787886900251033637e+02,2.621628001911506800e+00
1.791741406936177725e+02,7.004057710121780467e+00
-1.757384271952307984e+02,8.561126297799301454e+00
1.772270496314268087e+02,7.760453189075418479e+00
1.772737638891327947e+02,9.820752376536598049e+00
-1.716675101067179128e+02,8.273840884604252821e+00
1.553581066484971416e+02,7.357676992781969183e+00
-1.737886893874019165e+02,6.107676646470366677e+00
-1.751571681843471708e+02,8.222854968147681021e+00
1.670667918385121595e+02,1.107468417875445965e+01
-1.682970371605978244e+02,1.102751647453941608e+01
1.579211153014163642e+02,8.181978169881709562e+00
1.679127479314061588e+02,4.695542701543366171e+00
-1.564015921765433461e+02,7.613447266813853531e+00
1.644855774890129965e+02,9.240083817937774668e+00
-1.762891366057629341e+02,1.060652756184792622e+01
1.784639201802810078e+02,5.204807307671774907e+00
1.750898311951564779e+02,6.457014988852612269e+00
-1.760240173329308675e+02,6.558802390632745727e+00
1.738684231006311052e+02,3.781582828857324330e+00
-1.788499741276267798e+02,8.110931511963794804e+00
1.795288173950779367e+02,6.441128201461346237e+00
1.740977779126734504e+02,4.495609538214952572e+00
-1.684284564593313007e+02,3.612209350778408101e+00
1.718755114696177486e+02,1.758543480533813153e+00
-1.749961731762220154e+02,2.503530394870543851e+00
1.585552292197453710e+02,1.635966777456282273e+01
-1.623994881025943471e+02,1.332478458267798160e+01
1.664908270283250431e+02,1.285217164303317361e+01
1.773385233509957004e+02,5.511337049321512360e+00
-1.766237110596977402e+02,5.349893395683887221e+00
1.693633370821495703e+02,7.146500159103708505e+00
-1.659013466033127315e+02,1.131966159891119794e+01
-1.778150809051990962e+02,1.170749722337453136e+01
1.669020846517662164e+02,1.124801734916365703e+01
-1.784803180409026311e+02,1.754875439856493458e+01
-3.822013931368663719e+01,1.416699081956193496e+01
-4.352418317084256216e+01,1.306785390128640145e+01
-1.035844145903202076e+02,1.334346216180481548e+01
-3.557037430293814850e+01,1.549257102527378649e+01
-6.177096605209025881e+01,9.543903396386525628e+00
-1.431566997023537340e+02,1.432555345620600207e+01
1.067065923174645832e+02,1.628810871163685903e+01
3.966675895480273084e+01,2.321556439913986125e+01
8.698834798877948060e+01,1.343968268655827991e+01
1.079069379332723599e+02,1.802059176902938376e+01
-1.611851855138947940e+02,1.175177881580153105e+01
1.696852332123453380e+02,8.397589505616970484e+00
-1.772006511376096398e+02,6.628569949240028514e+00
-1.740938935487691879e+02,8.753060433930995643e+00
1.730807909503626547e+02,9.342792279814783996e+00
-1.749059622664289577e+02,5.181775435225724813e+00
1.748419488642514352e+02,5.832406696050827399e+00
-1.770941624809001382e+02,8.535402446905811402e+00
1.791206323760070518e+02,1.055866856552873756e+01
1.780493509061572865e+02,1.137706195059320358e+01
-1.697537098782279656e+02,1.238991025187743311e+01
1.787751990667719610e+02,1.161781241678694343e+01
1.771624598368933619e+02,1.300612839443147095e+01
-1.678472047026982068e+02,1.339431996519294188e+01
1.719888958419981861e+02,1.379422936053414794e+01
1.756045095294653606e+02,1.145171844094378599e+01
-1.657204811638276851e+02,1.679459078439742825e+01
1.757459005612570877e+02,1.381738224324033837e+01
-1.793572047168361507e+02,1.376853183296044492e+01
-1.523909425588743716e+02,1.927982494453289064e+01
1.658898065318552142e+02,1.089471417906286632e+01
-1.771699573884004337e+02,8.088455769935720241e+00
-1.632737342213083025e+02,1.107824978714215902e+01
1.474195842393209261e+02,1.436818095556085240e+01
-1.786068285051329383e+02,4.388236351459267937e+00
-1.594730019014693880e+02,1.377315670240816203e+01
1.456380116023372011e+02,1.715534370069197934e+01
-1.668273486602531932e+02,9.437083170639336771e+00
-1.507332003829872065e+02,1.590179832613869593e+01
1.507407782542436792e+02,1.746813141855263751e+01
1.798322893494691357e+02,5.372946716425825109e+00
1.730084410913916031e+02,1.134478807415353430e+01
-1.699305970566653627e+02,1.233777375102393314e+01
1.694636803215871623e+02,1.285859675430883442e+01
-1.719076817609746684e+02,7.912794238013288961e+00
1.692432938990747573e+02,8.046575250511493138e+00
-1.669524897160331989e+02,1.227062591362963495e+01
1.669056891110019478e+02,1.234233795141074275e+01
-1.744113838729116708e+02,7.320521995615748345e+00
1.682255072171407733e+02,5.428036246526925623e+00
-1.757229355320226034e+02,1.664178153254900749e+01
-1.645063251146408732e+02,1.782799119910119146e+01
1.721534922237331671e+02,1.979212119701059436e+01
-1.733639813040094850e+02,2.151819540271335285e+01
-1.618990416345347114e+02,2.395807080584241078e+01
1.593643879539013142e+02,1.649001488535144233e+01
-1.705076843899606445e+02,1.263359852102394143e+01
1.773353918836229752e+02,9.399010055160978538e+00
1.689084291031791167e+02,8.633637071490394277e+00
-1.709206325409201099e+02,1.497730001640497832e+01
-7.299387844379509716e+01,1.205421682603501488e+01
-6.753843897299964283e+01,1.456571530422180949e+01
-5.697127015430555019e+01,1.349842499077430702e+01
-9.655627926399455419e+01,2.117570744892869072e+01
-7.495064685070639143e+01,1.862711838037568413e+01
-4.864343772323650938e+01,1.807049714220189429e+01
-7.509932548855071843e+01,1.025346933164516372e+01
-7.755236256684641205e+01,1.559566423254914369e+01
-6.085264378458040824e+01,1.459911942172754884e+01
-5.403081832053051414e+01,1.755417249122799106e+01
8.054595101128664680e+01,2.385623307968779727e+01
6.726423950619422953e+01,1.577013450376790615e+01
6.688724760753781595e+01,5.995918597120170723e+00
6.334615092348253285e+01,2.011083706644310709e+01
4.900860919820845396e+01,1.549181382735994461e+01
8.056361911604879822e+01,2.303188684893787652e+01
4.073941970210805863e+01,1.860500836388236223e+01
7.027832279431348184e+01,1.273309990798383851e+01
4.684004531404249150e+01,2.199514286227076099e+01
6.712173994515525521e+01,1.266331370435292669e+01
1.780831145043475203e+02,1.193833351991073144e+01
-1.741998153066620034e+02,6.849167542609295722e+00
1.780047343229301759e+02,9.009327903437805318e+00
1.771428027413582242e+02,1.269955154161023714e+01
-1.790941919679531793e+02,1.405140946641505195e+01
-1.699814859279803159e+02,5.690348803454609694e+00
1.659365285218031261e+02,7.876180227264629963e+00
-1.693321637556278745e+02,6.794477317573578645e+00
1.616366961804734501e+02,1.365584333200273370e+01
-1.741512495282245538e+02,1.070905438350210659e+01
-5.369049971071208205e+01,2.676609470627276011e+01
-8.612225889715453775e+01,2.458145602933124607e+01
-3.895773222574072037e+01,2.048721909104569860e+01
-9.481623581159541914e+01,1.570877860999889464e+01
1.760010992892837294e+02,8.790695390395921294e+00
1.205265618338159186e+02,3.083736130095454797e+01
7.876805108873168138e+01,2.095295955859402426e+01
8.368395078775930074e+01,2.603243727667640428e+01
8.328149522014435036e+01,2.302307877363217870e+01
5.069851295645360523e+01,2.818689538573057973e+01
1.718400761247076503e+02,7.625552128610944891e+00
-1.688064838243697636e+02,1.050856234165994252e+01
1.767503098408985522e+02,7.589466429413485926e+00
1.644663289552972287e+02,8.524720112361487523e+00
-1.631999498461403562e+02,7.215654638514212849e+00
1.795186625040935837e+02,6.670061335928260782e+00
1.659324290987983943e+02,6.792886558293036003e+00
-1.672970112917566325e+02,6.399401454706895365e+00
-1.670310744913512053e+02,8.097964717313438143e+00
1.657851298627284677e+02,8.799772811788773907e+00
1.619521969453409724e+02,8.426289027791003861e+00
1.662729890193504048e+02,1.546190074381039281e+01
-1.783242742422718266e+02,1.138028910035745156e+01
1.723056912936053209e+02,1.943352722168164348e+01
-1.760229422737702976e+02,1.132840557848408025e+01
1.785399975993263695e+02,1.083943073842943150e+01
-1.793713630754879773e+02,9.311977096107803220e+00
-1.763581702650493526e+02,8.198456443619448919e+00
-1.742337570563619238e+02,8.934981739020347646e+00
1.754153159923044427e+02,7.876461526557303472e+00
1.778576164910957402e+02,1.645597250835358238e+01
-1.795038675250982010e+02,1.126771306845775911e+01
1.727101916562253621e+02,1.770538336119773604e+01
-1.692281720948764985e+02,1.079594386005039830e+01
1.670430034954773362e+02,1.032511944285932515e+01
1.774781371474618368e+02,5.430964688664327689e+00
-1.631681974468641556e+02,1.246684452008436494e+01
1.634888603944679630e+02,1.182941353596059386e+01
1.686789525790467223e+02,1.130002288554446466e+01
-1.628848131565911501e+02,1.096344468621740376e+01
3.812352273606138908e+01,1.243381027346770296e+01
8.295443876246277171e+01,1.988893224850883357e+01
6.116396421446680876e+01,1.478178662062815718e+01
6.656478897776267445e+01,2.188513117028598742e+01
6.346124679337907537e+01,1.237147761917768385e+01
6.109961827269925294e+01,1.952913057262939844e+01
8.297864224998788529e+01,2.188343895181422383e+01
7.761144759566624884e+01,1.235440313221778297e+01
4.582158322352395885e+01,1.334616257644404769e+01
8.259063729856002567e+01,1.161626590707371776e+01
5.797415399749134934e+01,5.447215160628568142e+00
7.291099124076743010e+01,6.510382648470518951e+00
6.578597696135619799e+01,5.375872430519992307e+00
6.254237871325469911e+01,4.802675273726427996e+00
6.059476663597946811e+01,6.026218437246164683e+00
5.977446698286130555e+01,8.641797737717048733e+00
6.157285192003710961e+01,5.242572377631887548e+00
6.433060147535918816e+01,4.736054514751748101e+00
6.545816667533922839e+01,5.718154749450257590e+00
6.766747933615528154e+01,7.048614787566043205e+00
6.751818803857264584e+01,2.899884735082197551e+01
8.154477909810564995e+01,2.283044739829002623e+01
5.625306316086007286e+01,1.789854856041282716e+01
7.300424438957078621e+01,2.045576108859394537e+01
5.846401669161736692e+01,2.531161918324705695e+01
4.675071802753863892e+01,3.262387894314212389e+01
9.050075341620656388e+01,4.436231701087336887e+01
5.155378735857966177e+01,3.078557772636547085e+01
7.893953384326536593e+01,1.801867632203438774e+01
8.401199658722455865e+01,1.040441257304236622e+01
5.045308043003295495e+01,2.333150638514916864e+01
7.182848545068279122e+01,1.295498086610270860e+01
5.619139007597519253e+01,1.941929836327838643e+01
4.412135010066516827e+01,2.412387780959934958e+01
7.550019065729527767e+01,1.618066386919446487e+01
4.825429852887533144e+01,1.659904962181826349e+01
6.221390180982264440e+01,9.886273017594493950e+00
8.550146232968505444e+01,1.705212183082193889e+01
6.149902234266437517e+01,2.047982518624085202e+01
7.238016431186916577e+01,1.157405533193791314e+01
5.223269684574157878e+01,2.515588986557401796e+01
6.910002954892706839e+01,1.813198603652939411e+01
5.742213548979990634e+01,2.131186042905562061e+01
9.375869783214935183e+01,1.806905917145069296e+01
3.439823541066136414e+01,2.261042054360103748e+01
9.331701279050427900e+01,1.950516443891268636e+01
1.381240212714294842e+02,2.616047305550144131e+01
-1.382812306105359710e+02,2.282978929664094636e+01
-8.961410752483975273e+01,2.872688533633110808e+01
-6.728841329037803121e+01,2.058107151442842309e+01
-1.734883698863832819e+02,8.662269984326311345e+00
-1.656022125191468319e+02,6.913872283271754959e+00
1.601968376061410311e+02,1.263873973837471709e+01
-1.742092029869491512e+02,5.689266118989340981e+00
-1.712708505659101377e+02,1.367295779209466566e+01
1.628862642726699050e+02,9.617154644440983446e+00
-1.579538499100944762e+02,1.217761562619154603e+01
1.697387412760745349e+02,1.323458794996863119e+01
1.786412297211007001e+02,1.059153056032755025e+01
-1.791246968145468088e+02,1.433563961463658565e+01
1.572660150929076224e+02,3.027327375046168356e+01
1.756245270699800471e+02,2.075420571726842311e+01
-1.796782690291257438e+02,1.972118552459719254e+01
-1.602988516906142706e+02,1.854366901053884220e+01
-1.663067840099697321e+02,2.236467021329921323e+01
1.396059323780378634e+02,1.557042825568142064e+01
-1.601323634938395912e+02,2.092118262120009931e+01
1.738042159030738389e+02,1.615538648336660899e+01
1.553318457699892008e+02,2.037961278186312697e+01
-1.560988131340503458e+02,2.361843537558764794e+01
5.895070738326538162e+01,1.277940500717284777e+01
7.380995658964594952e+01,1.478705257677023610e+01
6.497232375651147152e+01,9.511102824411953094e+00
5.910204513741557975e+01,1.108345576462756021e+01
7.452994808855487463e+01,1.270698696098174452e+01
6.165353115623300795e+01,1.648863978673642805e+01
8.078644933632520519e+01,1.586549745703686654e+01
4.960218478758820027e+01,1.759412927488090617e+01
9.139512819187937964e+01,1.988933329727842647e+01
6.202513483068148759e+01,2.271502892485979430e+01
8.411074946219942206e+01,1.506816490709393719e+01
4.222505727481726723e+01,1.637417290592381391e+01
8.685047738678261453e+01,2.186647021940121860e+01
6.852214403616578409e+01,1.059279845246839713e+01
6.311434582918494129e+01,1.579169387984356021e+01
6.255510913915512106e+01,1.120643740071566263e+01
7.444088952689239136e+01,8.382135142788582627e+00
5.523562271057686957e+01,1.156427276018588302e+01
7.523631182321021527e+01,1.590453412012118761e+01
6.826494971093498521e+01,1.433873521227520875e+01
5.842150162014182513e+01,1.326255065349056039e+01
6.327466960315491917e+01,1.415137050636815808e+01
8.289704999700585120e+01,1.898318706361995822e+01
5.534834291949065488e+01,1.405287210225391448e+01
7.257679762471477147e+01,8.217656536561474212e+00
7.368875284327609165e+01,1.736601597242947292e+01
5.204657446469079929e+01,1.587739099291919942e+01
8.016628213531336655e+01,2.484831960843332155e+01
4.693879325723751350e+01,1.734505866236918337e+01
6.733714840004297741e+01,9.330572099183646273e+00
6.220770621364449937e+01,1.379871924107979098e+01
5.754522061900354402e+01,1.113213432547100190e+01
5.339037141809642151e+01,1.099371611378258962e+01
9.064962593287106074e+01,1.488875782797606817e+01
6.475642551432844130e+01,1.315471167581834422e+01
6.094816585116467422e+01,1.326818158639345491e+01
8.940522673611320670e+01,1.298807925635050253e+01
5.543382316105521568e+01,1.046001668460001000e+01
5.711306596578804573e+01,1.610799574658454603e+01
5.665941818482023962e+01,2.038791179769231121e+01
-6.886346119041888869e+01,1.059472105151247590e+01
-5.100223405851995295e+01,8.357748537589380078e+00
-7.191967001554495198e+01,6.601564378787919019e+00
-5.301025438202005802e+01,1.121908930222061684e+01
-7.514875108231316858e+01,1.490101059912672277e+01
-6.138993211539521155e+01,1.546798833770136383e+01
-7.108661156824668126e+01,1.132582938649252213e+01
-6.471076418075658410e+01,8.813774224260251700e+00
-7.337319807294254304e+01,1.152284335630306522e+01
-6.438994248038234502e+01,9.119310579399629191e+00
-1.579319405331745827e+02,1.316458764755335764e+01
-1.679517365700900484e+02,1.665660263271204755e+01
1.699548258058790680e+02,1.380159190332437724e+01
-1.641586174500404809e+02,1.533533829730782116e+01
1.766600526929983062e+02,8.614966820834148109e+00
1.752806424134451220e+02,9.040850649572353959e+00
1.770268045462267708e+02,1.093106760902375107e+01
-1.761460229085214735e+02,1.081633923442203837e+01
1.721817842253916808e+02,1.861158677742824352e+01
-1.702074262250837648e+02,1.405131146547109289e+01
1.702194861576282108e+02,5.853462292115327870e+00
-1.789657139584224126e+02,6.037452188094075467e+00
-1.747518824939720901e+02,7.966323233314957619e+00
1.730519673061012043e+02,7.614892607304156513e+00
1.791468621759410951e+02,9.088418007951624134e+00
-1.693363061912760088e+02,1.012916519519148650e+01
1.799915414305448280e+02,6.681307472677430859e+00
-1.771625559030215697e+02,7.121492535077621255e+00
1.773643475810885946e+02,1.009543641780335399e+01
-1.731513880917111692e+02,1.030183391634470169e+01
-7.144097879339329893e+01,3.877021016398217057e+01
-5.871337856246221065e+01,2.466285868748920507e+01
-8.245545904664506054e+01,2.772401734769224646e+01
-5.459372211018057186e+01,2.387386178678888626e+01
-6.347841338679994294e+01,2.233794243145426250e+01
-7.571412372373421817e+01,2.138644112265487252e+01
-6.429596700464077230e+01,1.257575120564448845e+01
-7.057651607287648687e+01,1.310421277067642976e+01
-6.303650252268796095e+01,9.950869987758014901e+00
-7.792431985120113325e+01,1.493809059311247900e+01
9.541117430635725327e+01,2.189936198194213546e+01
7.165009661927014406e+01,1.239759752174095375e+01
6.315613963381838403e+01,8.252609215068499537e+00
5.969713038863575605e+01,1.036645339712012159e+01
8.566767059197366052e+01,1.378246206360824466e+01
7.465380385409007147e+01,1.245172022646938714e+01
6.097743848932385191e+01,9.676552936386967119e+00
5.771035435018233528e+01,1.174413039156313232e+01
8.030893078222460701e+01,1.417776107181846612e+01
6.643900672245547412e+01,1.304660793131461993e+01
-1.745074748528245436e+02,6.653975054249497312e+00
-1.712021834619134495e+02,1.320840639831382468e+01
-1.735981890808966739e+02,1.168256360200387256e+01
-1.728931167805428970e+02,1.031646007415195854e+01
1.694471388952704558e+02,8.136051321543600778e+00
-1.730187544308238614e+02,1.093822651374594912e+01
1.673843912848107038e+02,7.805660334748823814e+00
1.732252458723858126e+02,7.277303469732788521e+00
-1.647480329096718776e+02,9.657311053901162623e+00
1.727859076266043701e+02,1.259444379914489076e+01
6.725068040815138204e+01,2.288101352427323576e+01
5.611742607085989931e+01,3.036346655165977992e+01
8.669121929654792780e+01,1.710946536187156042e+01
5.026070643143046368e+01,1.826748023349243866e+01
7.174398026066741352e+01,1.279121712199236605e+01
7.553783030906396334e+01,2.092625294224984600e+01
7.148873686128074212e+01,1.979422079083497010e+01
5.777356344252930853e+01,1.121012205445439314e+01
6.480177776681424007e+01,1.193004075378831885e+01
6.754879723172217609e+01,1.387556493636209609e+01
1.705815236762088034e+02,1.349267937189323519e+01
1.569987626179729148e+02,1.354088568479006405e+01
-1.479567174689261151e+02,1.258140513417251860e+01
-1.745941992666561191e+02,8.986670665584192363e+00
1.632085216920102937e+02,1.065004368806203949e+01
-1.638306045199466325e+02,9.904726680047801324e+00
1.788159970741496352e+02,6.651898800655166255e+00
1.674646752333795519e+02,7.513948999180522392e+00
-1.664401201835271422e+02,1.542538105018025973e+01
-1.768370249021159850e+02,1.076313600507587687e+01
-1.735936070218135967e+02,7.987123780576419918e+00
-1.790029377038925134e+02,7.786163890652257891e+00
-1.771792481469866516e+02,7.220872820294975014e+00
1.739005520238121392e+02,7.975987734609955027e+00
-1.734574872121001192e+02,7.905874494814923992e+00
-1.732766384027057143e+02,9.819437106959391315e+00
1.731151637797209162e+02,1.225359880814870905e+01
-1.747559176496276052e+02,1.213369531059116468e+01
-1.696174909078557391e+02,1.564070363553591392e+01
1.697704175202305237e+02,1.643669505280363552e+01
4.713676487171635898e+01,1.494419432018894156e+01
8.144910226692836375e+01,1.826891117666217568e+01
5.630198861281908762e+01,1.387347068087737867e+01
7.340951037898649645e+01,1.679848047454454374e+01
6.139560863600011231e+01,1.103614614196220245e+01
8.939287215863402025e+01,1.571836436245872193e+01
4.726990365845946940e+01,1.251990611500613326e+01
7.232738730672868144e+01,1.319825524663686878e+01
6.360009875353302533e+01,1.512667497470178901e+01
8.145907454707105444e+01,1.258191415756370546e+01
-1.715645896624337468e+02,1.292546271579151629e+01
-1.777762893423622472e+02,1.554216186919775566e+01
1.720406792454794527e+02,1.161630511694826673e+01
-1.664976487469598965e+02,8.955144268280793796e+00
1.735303052164066742e+02,1.534676699648183273e+01
1.742792286870475209e+02,1.083831989055226686e+01
-1.685338161848650600e+02,2.261920991763606992e+01
-1.794696464389225810e+02,1.065907735047200156e+01
1.733360608262889002e+02,6.688853143889826214e+00
-1.736599157056300271e+02,9.713746880122249294e+00
-1.704642759156708678e+02,7.260612819500273929e+00
1.654600575808849499e+02,9.130127386079006868e+00
-1.717118915106549082e+02,1.329989468362105853e+01
1.630559268834257125e+02,1.561996311500675816e+01
-1.657779516432744344e+02,1.549370957092875578e+01
-1.722929935175589833e+02,2.213926320255578872e+01
1.715181753809950749e+02,2.035908043914597698e+01
-1.662094067535547026e+02,1.627985180837649892e+01
-1.668442083735078540e+02,1.343400548583302445e+01
1.618794769864005332e+02,1.673879953615249150e+01
1.740533733010021251e+02,1.130422699093562500e+01
-1.622360135162308268e+02,1.301326064789016002e+01
1.748945915298683644e+02,1.017848839717506415e+01
-1.778225836606733594e+02,5.801504666805275434e+00
-1.722203661144652074e+02,6.822308434432644120e+00
1.655534732267923914e+02,7.194930172150868053e+00
-1.771178354860852835e+02,5.946971993565022707e+00
1.717268352218813448e+02,6.700845559658977102e+00
1.663154952503828667e+02,1.116691494573288601e+01
-1.666011701388169683e+02,9.504427352090615955e+00
-5.099939494177426980e+01,1.730912591069770912e+01
-6.326428791993965461e+01,1.433817030806399018e+01
-6.046209485772386927e+01,2.015936339289823565e+01
-6.164757416293406322e+01,1.652660117754054880e+01
-6.989072378002167341e+01,1.002329454340008041e+01
-6.287580557366378287e+01,1.744925780776759439e+01
-6.688893374791436486e+01,1.508422832240885469e+01
-5.260133045445770250e+01,7.271794545188019043e+00
-7.306354282873289208e+01,9.406960022815471945e+00
-4.975811865106555132e+01,1.219206048665316011e+01
-5.575403135420481959e+01,1.632105392958634482e+01
-8.727097163316754802e+01,1.418666303641093407e+01
-6.086857113017386922e+01,1.202575964999808988e+01
-6.081663835208451019e+01,1.532381266159905664e+01
-5.668547746988257785e+01,1.185364855918663096e+01
-9.384754059611094590e+01,1.538007248538477967e+01
-5.313724197794785198e+01,1.221849023489330222e+01
-6.707350356146211823e+01,1.330695971986414783e+01
-5.592025194189259452e+01,1.347183935267768895e+01
-8.276269065650042478e+01,1.599861638053640434e+01
9.358782327004298907e+01,1.872665270073284205e+01
4.691103152338142479e+01,2.810036722031065182e+01
8.903082394534683885e+01,1.932648514225904535e+01
9.724871866534172682e+01,1.993441021077771325e+01
3.634784587652222854e+01,2.782607722596149102e+01
8.513844949084490565e+01,2.183014023237247159e+01
5.728857157183632154e+01,2.760590372026443973e+01
1.010625389370108138e+02,1.852740455896852012e+01
7.257260073377851484e+01,2.181463440728595415e+01
5.364816563651501014e+01,1.690201385320485628e+01
6.129415013944345958e+01,1.456728518266494810e+01
7.343294325047342852e+01,1.295111642174441968e+01
5.508922495462531543e+01,1.732530753877727392e+01
8.251138905546355318e+01,1.440983804183830941e+01
5.749395774983118201e+01,1.580280965455317954e+01
6.575040900047096670e+01,9.633707792079883703e+00
6.777575369394178040e+01,9.264826573412911159e+00
7.115557511413996394e+01,9.635946235005604876e+00
6.261906291032025962e+01,8.035609188778492395e+00
6.413537761405785886e+01,1.077387275700174385e+01
-5.975107137591359674e+01,1.497788367246435826e+01
-8.336596482565772703e+01,1.467962257163167905e+01
-5.326483766833647593e+01,1.603275174232392786e+01
-8.072504336564945504e+01,1.509827307227986637e+01
-6.489869481584392474e+01,1.651115919819503830e+01
-6.591003231582135413e+01,1.426627342387492448e+01
-6.059243192641986298e+01,1.056988333182816220e+01
-7.339610404596470516e+01,1.450241798490541001e+01
-5.356302613315902761e+01,1.653076409158508042e+01
-6.687232885611311417e+01,1.753475006406580405e+01
1.551075508373427567e+02,1.387371141827114229e+01
-1.606815624118675885e+02,1.402570412821969548e+01
-1.714445598613345112e+02,9.597755637085324310e+00
1.434862086872111036e+02,1.697499877699033277e+01
-1.740411073903105148e+02,1.243215779592218517e+01
-1.516317608167126423e+02,1.409084211659098784e+01
1.475851978779615479e+02,1.789319906949906169e+01
8.552319370806095833e+01,2.046493231761278508e+01
3.920879704079042227e+01,3.385781542308536984e+01
9.989829717659858943e+01,2.513818062810945264e+01
-1.730511728590191183e+02,1.355139330019546762e+01
1.792397053136647003e+02,2.189785048711310012e+01
-1.744271159946042644e+02,2.051792785055175727e+01
-1.696909350832816870e+02,2.322670543311821234e+01
1.750878409581367237e+02,2.605772919036127888e+01
-1.738429886106320339e+02,1.692189944737807394e+01
1.769971985692926921e+02,2.215498368512145078e+01
1.696709578153692632e+02,2.093354797334209749e+01
-1.704452543121127519e+02,1.480580449221248607e+01
1.766488871490798829e+02,1.125860915329029588e+01
-6.326488590388957078e+01,1.031187777119216697e+01
-5.665727561238691123e+01,8.015300920151730679e+00
-5.984873316789011710e+01,1.080841776642426844e+01
-7.228246944441141864e+01,8.609633225156823499e+00
-5.171687821084914560e+01,1.344421656226051098e+01
-7.457002022338707548e+01,1.256474397409258614e+01
-6.106096901220294626e+01,9.156743947089694302e+00
-4.867966906664314308e+01,1.727907588716296416e+01
-6.748600280592428646e+01,7.732486860747311397e+00
-4.115896318246880270e+01,1.650591119259748751e+01
-6.542862916704108045e+01,1.051393465791336368e+01
-5.344873276647678040e+01,1.296920484118748185e+01
-5.924478130025454448e+01,1.348979138533445443e+01
-7.018074701703618246e+01,1.320591289248710964e+01
-5.563115325559718372e+01,1.168546546154863641e+01
-6.453608682301000954e+01,7.593805804396101422e+00
-7.044525536361084050e+01,1.611262348762905461e+01
-6.973679367935825724e+01,1.512536246629039383e+01
-4.440073582810769182e+01,1.093956496877477669e+01
-5.972425463992901484e+01,1.295627722651075331e+01
1.754525886629068907e+02,1.099137464253498564e+01
-1.767720375644561557e+02,1.087855919654453452e+01
1.738397689647084690e+02,1.262957202241667609e+01
1.694710738171953324e+02,1.075995992719051131e+01
-1.710547309528895141e+02,7.532279061482743288e+00
1.712645931530916812e+02,8.132976965703726080e+00
-1.775858508124331365e+02,6.073798480329605454e+00
-1.721338595824906861e+02,1.200547972966356980e+01
1.653892775371290043e+02,1.092714645252003969e+01
-1.790325335872741164e+02,1.244060699059792618e+01
8.836392755103634045e+01,1.813534908163281756e+01
6.548280694859606399e+01,1.229066886834942096e+01
7.031392563365260173e+01,1.988503495272933108e+01
5.761941573845071929e+01,1.156970156818996820e+01
8.458560734563739913e+01,2.515512082432741892e+01
4.683340119851802541e+01,2.221184140239936866e+01
7.368310007101264603e+01,2.290115731234314467e+01
6.250985654990329721e+01,2.474312151438932972e+01
7.142557046004830568e+01,1.607376099361260202e+01
4.931131866092718496e+01,1.796984072654370124e+01
-6.672003884018457143e+01,1.867674475582913374e+01
-8.892528004455151347e+01,1.822372060407527883e+01
-4.329391145624805404e+01,2.263926319028551148e+01
-7.123270466356018460e+01,1.400572034647623099e+01
-6.875935134837321527e+01,2.356024450726133779e+01
-6.296462408119161580e+01,1.204066290934737715e+01
-8.382687268289078020e+01,1.527621072229373667e+01
-7.133698721725629355e+01,2.158962365656525151e+01
-7.034185051122254606e+01,1.720379785946254714e+01
-7.809728091924117166e+01,1.919994732746442878e+01
-6.486093426346641877e+01,2.598564962714227988e+01
-5.648441397030081390e+01,1.385368663051131399e+01
-6.691760985165491604e+01,2.151052932913570004e+01
-5.322872743819239361e+01,1.350254889907084710e+01
-6.424015455403014130e+01,1.972104377222272120e+01
-4.995513044037864603e+01,1.318024885319721839e+01
-9.155228164312164552e+01,1.627293281278170411e+01
-6.431057175752495425e+01,1.734976848429267449e+01
-8.375533411127055672e+01,2.107559522858960221e+01
-7.450225525922154191e+01,1.596591197193626499e+01
-6.134749993657673883e+01,1.135789103356173690e+01
-6.801397362919836098e+01,1.249443028115326193e+01
-5.805973730817586898e+01,1.231414657271134416e+01
-6.448513063116540422e+01,1.453155706166656103e+01
-7.212721148512949298e+01,9.120699973872055111e+00
-6.011614391327987050e+01,1.092434369834271735e+01
-6.821606270641775893e+01,1.338122197578551109e+01
-6.144660928787338605e+01,1.744306726632740379e+01
-7.344862788184002511e+01,1.085315260226932210e+01
-5.664705055171817349e+01,1.039063278523143907e+01
-7.353607287780582169e+01,1.989938799129073743e+01
-5.030190071397093732e+01,2.187335091562739109e+01
-6.606111902366573929e+01,2.695426973326485864e+01
-7.723895147369869107e+01,1.868921658301676558e+01
-5.352863546099242598e+01,2.591594322155129859e+01
-7.841326276055849576e+01,1.707105159737791666e+01
-5.931180773443401222e+01,2.084061788851173702e+01
-7.286160617625567681e+01,2.268722132540374758e+01
-6.764819904830115149e+01,1.718616131891282350e+01
-7.286339950731698423e+01,2.084596864691473073e+01
6.278003809070093411e+01,1.413527456126115567e+01
8.083710478747056527e+01,1.620945132898398811e+01
5.490557655988450847e+01,1.781326680585543087e+01
6.414494493481450377e+01,1.594203082031285845e+01
7.154761951499723693e+01,1.434471043725709549e+01
6.633462815165813709e+01,1.323089458044822564e+01
5.155255906281338696e+01,1.840449302444301694e+01
7.669669880364490666e+01,1.718414536728479902e+01
7.307506268979723529e+01,1.469733229293764865e+01
5.888214308144281262e+01,1.386342786186791010e+01
7.659161958811830573e+01,1.309168713322901567e+01
4.857505265914647197e+01,1.654377710332029494e+01
6.930554024310487193e+01,9.913731261394785221e+00
6.437867404646289060e+01,1.633828998487854278e+01
7.844038371069765958e+01,1.442168552831452644e+01
5.366277862448883695e+01,1.413869445440469619e+01
6.857483747313895606e+01,1.374916491124238860e+01
5.817010135282408356e+01,1.452955250663555020e+01
8.340110941263321820e+01,1.728808871945273040e+01
5.254724562772757679e+01,1.714064571900834721e+01
7.085076672054697156e+01,1.329226824052524236e+01
6.846637469458896419e+01,1.124482415994036799e+01
5.870843114793958506e+01,1.381110618764843068e+01
7.307774569763122940e+01,1.259331567311421907e+01
6.311064043754119979e+01,1.118747535493837830e+01
6.123044671354885793e+01,1.206260335559736063e+01
6.890824484609041178e+01,9.211153483002297193e+00
6.344099913513591815e+01,9.452836233783134645e+00
7.004652597868552277e+01,1.062947708250177214e+01
6.906718948918114620e+01,9.985405761874611485e+00
7.452459864951511292e+01,2.233440003889948144e+01
5.602965575823035493e+01,1.845091229886746831e+01
7.778134074288492172e+01,1.288518996307464093e+01
5.469519746757017487e+01,1.727851493262206617e+01
6.570764598411643931e+01,2.197779707985273845e+01
7.328295866037068151e+01,2.344417790329996620e+01
5.976638750583575899e+01,1.989282085192643379e+01
7.815205822398073110e+01,1.432519841595386900e+01
5.971935123652655619e+01,1.782139744708375773e+01
8.264899584044979974e+01,2.438763777833860402e+01
-5.296337482836576527e+01,1.223126104615630894e+01
-7.103563856122622155e+01,1.191611293555006590e+01
-6.203481276835227476e+01,1.242939461817231717e+01
-5.522778543974912679e+01,9.752969546810923873e+00
-8.661982416854412747e+01,1.264707656622772447e+01
-5.633971540411295820e+01,1.027302048064817797e+01
-8.075347097378551098e+01,1.156669925653960185e+01
-6.480309208104957008e+01,7.774230942444852133e+00
-4.944198810725846016e+01,8.445719397316786115e+00
-9.160398733613568822e+01,1.317748994599710421e+01
-8.453822568588337560e+01,1.703468887324132552e+01
-9.234159530271233507e+01,1.933465513875314201e+01
-3.735126985804772914e+01,2.250151599361188559e+01
-7.340011319987770833e+01,1.646068420202367122e+01
-8.196246698776420203e+01,3.061828011957987172e+01
-4.072896706246483234e+01,1.682356023287014324e+01
-8.479904508448898071e+01,2.575968071631551481e+01
-7.050024212201208229e+01,1.490462495426609735e+01
-4.294854648072315229e+01,1.899256442793179644e+01
-8.468726065934016844e+01,2.404364520234424418e+01
-7.435659694413311627e+01,1.269244503566682880e+01
-6.267552747284103276e+01,1.719498796123109230e+01
-7.145365628131209235e+01,1.474075957917776414e+01
-6.083485918791319591e+01,1.602735463724739873e+01
-7.604056029148814844e+01,2.537188724859196753e+01
-4.927540776296938674e+01,1.390347537609125439e+01
-7.535775936749838877e+01,1.908744209902911848e+01
-6.535433193431191512e+01,1.798591432064180395e+01
-6.409952020902383651e+01,2.038874989534481230e+01
-4.986448170847177153e+01,1.914916628848721558e+01
-9.250516418056916734e+01,2.531460067722267127e+01
-4.724920650835584723e+01,1.674989832500428122e+01
-7.000966832841281473e+01,2.079810367651042924e+01
-6.504370520686589430e+01,2.205015761408250441e+01
-8.147559871260924069e+01,1.683955876146536923e+01
-5.711153927543430342e+01,1.583531143521526374e+01
-5.520111398176978668e+01,2.016085270943363383e+01
-8.032150924677731041e+01,2.046852770351659245e+01
-5.308162804337760576e+01,1.564851582663512986e+01
-7.452133948489172610e+01,2.512369293466019826e+01
7.592359943214067641e+01,1.362297601300509875e+01
5.294343051562707103e+01,1.667284902809350200e+01
7.282979462307530127e+01,1.201800509893136670e+01
9.197869294095083603e+01,1.949780380105724831e+01
5.818722854607811001e+01,1.249209391953358228e+01
5.636998238579505482e+01,1.215826303847040890e+01
7.883388673491832321e+01,1.474426105060476644e+01
7.184080850074214197e+01,9.980286429228872436e+00
4.660704847448536015e+01,1.443608850317965420e+01
8.074311368585681237e+01,1.136975247045459270e+01
1.576179696412994531e+02,1.029506039135166162e+01
-1.637842747959248868e+02,2.031845690570975549e+01
1.724900303684568144e+02,1.173388430773285407e+01
-1.733934837266664601e+02,1.214429514686541722e+01
1.690629834960789424e+02,1.931454992140075788e+01
-1.720291699616789742e+02,1.368227734686777808e+01
1.644828950144804480e+02,1.627079518320069695e+01
-1.725142484727559520e+02,1.072054948539313912e+01
1.703026745349931730e+02,8.571637657062925797e+00
1.717006474432648986e+02,1.487378527626307623e+01
-5.422387672344935794e+01,1.393915008910699171e+01
-6.125940717952464354e+01,1.117126670814831790e+01
-6.828344989308611446e+01,1.023827553500181331e+01
-6.871492768797195083e+01,2.589051777077860095e+01
-6.023139371193512659e+01,1.663557967368683421e+01
-6.897239126229585793e+01,2.327325667874429627e+01
-6.405959707628656474e+01,1.814746919425550686e+01
-7.262682632086583112e+01,2.699012682876383806e+01
-7.900618374790433052e+01,1.684626492797902841e+01
-6.048776757874356491e+01,1.999826201725456798e+01
-6.227821652542831998e+01,1.330314825418287583e+01
-8.441710778659523839e+01,1.701606238964597395e+01
-4.465295979707883589e+01,1.735858083242715111e+01
-8.375504657240598760e+01,1.783093806138546000e+01
-5.484537057495183632e+01,1.768006285226902463e+01
-6.503465943056556853e+01,1.286247598907214496e+01
-6.111103296293044451e+01,1.716832303501714563e+01
-7.763136297835812627e+01,1.063504509023716338e+01
-5.572946749861113602e+01,1.112704732538671415e+01
-5.818385860992732006e+01,1.387807955759436496e+01
-1.725613332079468307e+02,8.659373521571110288e+00
-1.737259779726780948e+02,8.543187708055654639e+00
1.754038421353376407e+02,1.083763784510577466e+01
-1.796453928003351734e+02,8.846710470454414832e+00
1.798293373875251575e+02,7.683347463945089828e+00
1.665086455078493657e+02,3.094043023918631619e+00
-1.571779476618206672e+02,1.060695352066406016e+01
1.683755156129812178e+02,4.240052285527427856e+00
1.780951120993699419e+02,2.218370745070804340e+00
-1.786880529063719791e+02,6.543060650027374692e+00
-1.693962588837697467e+02,1.025603101840641962e+01
1.536016312932749770e+02,1.516520969214792203e+01
-1.598590539587032708e+02,1.199752530136887962e+01
1.704284420549592767e+02,1.034552548626965063e+01
-1.786506774950595684e+02,7.604146815928977787e+00
-1.781656302728877108e+02,1.023222377170676900e+01
1.774989419437117988e+02,8.384942911238841390e+00
1.789599036015754905e+02,6.695575934362084425e+00
-1.462928778634532136e+02,1.170120540675842591e+01
1.495442519753557065e+02,1.092881311869879468e+01
-5.493938092672250662e+01,1.580100459573928617e+01
-7.423219259983549989e+01,1.443551116486256447e+01
-6.864810521308754687e+01,1.748260155241094793e+01
-7.240289509586382621e+01,1.245808472007909273e+01
-4.581823227844699886e+01,1.525892676633933931e+01
-1.007858255859441527e+02,2.096485319179337736e+01
-7.311322043896571188e+01,1.205278936579508198e+01
-5.913209645466878328e+01,1.773931328948035002e+01
-7.717773146757680536e+01,1.215667915971699031e+01
-1.004056687577334372e+02,1.687847430714760932e+01
-6.021383665809170793e+01,1.097780803064983779e+01
-6.932347517045050722e+01,1.525503964154856007e+01
-6.926774316328054226e+01,1.952237300055666935e+01
-5.398000005621701547e+01,1.255129789256969630e+01
-8.571916422006034963e+01,2.286089069169718258e+01
-5.011147191142497093e+01,1.076489321591674475e+01
-9.995164844961119854e+01,2.018100746117577415e+01
-6.779769011775235299e+01,1.449192953227268887e+01
-5.646715164598784753e+01,1.173341710027600371e+01
-1.056087828559177950e+02,2.081062479080392080e+01
6.426635565897342417e+01,1.232948507899100576e+01
6.443870453547090449e+01,9.353814367415267839e+00
6.811499920575604961e+01,1.163558660203938189e+01
6.684642173010733757e+01,1.783993072838304528e+01
6.942013883644553118e+01,1.308683349447882094e+01
6.169916991024498998e+01,1.162180223562575776e+01
6.262998079556858499e+01,1.174152562769365105e+01
7.748095711554314846e+01,1.365042989170074783e+01
6.556923171476093160e+01,1.229553474032282878e+01
5.237930099088241320e+01,1.205902717712361927e+01
6.741096861259845241e+01,1.988392971769108186e+01
6.100217508939861943e+01,3.115470726717695626e+01
6.375692585285325009e+01,2.134420681989375623e+01
7.464233821361563059e+01,4.041841196693293625e+01
6.490025711633550998e+01,2.255708623813792713e+01
4.831150831030819859e+01,2.325593838078237496e+01
5.052120759294920305e+01,2.121369012393825670e+01
4.410640506069938738e+01,3.082572055656285315e+01
2.562345490002357096e+01,2.956779453651995482e+01
5.749902849471512667e+01,1.635514138091398095e+01
1.720525304772110644e+02,7.502048272246608640e+00
-1.789436144171554020e+02,1.250575027286606078e+00
-1.698480935980965967e+02,1.087542576142561224e+01
-1.740194120703836518e+02,9.346378045228972198e+00
1.734209967394243677e+02,7.458710938529960366e+00
-1.703198836491758925e+02,8.806967666151992447e+00
1.664964201669121735e+02,6.734409862096863542e+00
-1.668060996912633129e+02,4.792580781581978755e+00
-1.788718319687419012e+02,3.327054367163863269e+00
1.767984928960173647e+02,7.328918587375115479e+00
6.098402522102329470e+01,1.555351860643096984e+01
4.651627491658234703e+01,1.537813956342103694e+01
7.938602276322042428e+01,2.197316854644386197e+01
4.337701746656750146e+01,1.718006149613123057e+01
7.533705739436675231e+01,1.360996080977988498e+01
6.926595450523250008e+01,9.586982944306631893e+00
5.753582401365513732e+01,1.457222194487214040e+01
8.970556057476058243e+01,2.448797003931505856e+01
5.185766551151512971e+01,2.072334356773993136e+01
4.556037318694556859e+01,1.928996081575406052e+01
-8.291584211198754417e+01,1.958598540556115353e+01
-6.263063120287677776e+01,1.936347497263868433e+01
-7.459874653741823636e+01,1.620492569148272466e+01
-5.934649618219577150e+01,1.920049097471242661e+01
-8.060280556674153729e+01,2.100904417662215096e+01
-5.935684015582436501e+01,1.676061780138890711e+01
-6.852164216779766548e+01,1.336958733986416448e+01
-6.390713995602055775e+01,1.266563412712812919e+01
-7.069996642252955610e+01,1.375189869957648803e+01
-6.941922148712721707e+01,1.667805471522140337e+01
-1.571712606732142206e+02,2.779423557931866284e+01
1.655827520105208350e+02,1.099170892938768063e+01
-1.683530326929257512e+02,2.032081870109066202e+01
1.758367758139195587e+02,9.141414256211071176e+00
1.789853622152690207e+02,1.421031516032105557e+01
1.756211846948397124e+02,1.182989217378801072e+01
-1.741121566639921809e+02,1.291517484154770301e+01
1.794445444480802792e+02,6.074164289962176611e+00
1.681406619213464353e+02,5.616875495369054505e+00
-1.756826872712996703e+02,5.934079533121437322e+00
-1.713034548653459126e+02,1.010503727935321017e+01
1.724031163534803852e+02,4.420783091404882903e+00
-1.663058838858407569e+02,1.748335653858104166e+01
1.623321367646271369e+02,1.015082830545278014e+01
1.728997051941997256e+02,1.150996442205626380e+01
-1.460722662068025954e+02,1.175364888310418898e+01
1.588935267566790230e+02,1.776644966667268122e+01
1.793268436795738410e+02,8.031002849203318306e+00
-1.683618308079496160e+02,1.999525691981026299e+01
1.763935254899836877e+02,1.133105543964160411e+01
-1.710501639541329553e+02,4.361053926499505629e+00
1.767725390112186972e+02,4.554004615223609775e+00
1.751868899127069028e+02,4.890496579648635489e+00
-1.691469232956188193e+02,9.642505353794931011e+00
1.727945866450995425e+02,1.040483878513233229e+01
-1.778746607157221717e+02,1.399361190863909066e+01
1.767445973748869505e+02,1.691866085215519533e+01
-1.628103022542594545e+02,6.708250171910830062e+00
1.612273292549141956e+02,8.863613779221163114e+00
-1.524478282706679977e+02,1.444760962028721352e+01
7.823150769941848637e+01,9.839920845491979762e+00
5.985653243087967468e+01,1.031320747599845689e+01
6.422618604473753123e+01,1.080626878876705632e+01
6.900643620756183338e+01,9.869337998352342822e+00
5.168967913917531831e+01,1.246093699492472950e+01
6.665174852122522964e+01,7.608080066607140424e+00
4.964463794697024213e+01,1.285603245976416709e+01
6.291817039347422735e+01,1.580330962284688567e+01
5.451295253938771879e+01,9.010012027278797575e+00
4.906489681958904470e+01,1.824569630477786575e+01
1.770534494416241955e+02,4.476532314877784025e+00
1.726184798936317293e+02,8.135548418120043479e+00
-1.587576332146766731e+02,8.134976681958921318e+00
1.709763483867207015e+02,1.223844619914721932e+01
-1.650448109700989789e+02,9.639478175496364543e+00
1.799555721973310654e+02,8.789821654548775953e+00
1.548783478440981298e+02,1.451355862150264464e+01
-1.624198436439943691e+02,1.490004718610810208e+01
1.660222398628256997e+02,1.583106905286734190e+01
-1.719902743207946401e+02,3.266254557327092911e+00
5.893427016896619364e+01,9.941220488793714338e+00
6.259019723188317386e+01,1.009345138065788561e+01
5.643027173671126207e+01,8.258889067716488341e+00
7.007176818909789517e+01,1.154426492811868776e+01
6.473059148528049889e+01,8.782629364687501550e+00
7.667152756607777064e+01,1.104390564315439782e+01
6.804462778990297522e+01,1.434617346291663864e+01
6.662371308469728604e+01,4.324435866839241527e+00
7.159986399318330541e+01,1.175413006834867602e+01
4.037784174791965341e+01,1.608578334537375554e+01
1.749708570287091618e+02,3.545475031901379026e+01
1.762167528171597155e+02,2.230001057872835446e+01
-1.632315958871561179e+02,3.320609093583038884e+01
1.599890411230986160e+02,2.770713543555605085e+01
-1.741435196862871067e+02,2.755274525979104538e+01
-1.617947095654662064e+02,2.791767643480341121e+01
1.676350831993019028e+02,2.301396178659516778e+01
1.761369467066497805e+02,2.524934965739499759e+01
-1.693373866065688844e+02,2.874406222783337839e+01
1.787023887678478786e+02,2.726861839282554101e+01
-1.786761263466647733e+02,6.203701191565676787e+00
1.685528642364826908e+02,3.651799990583751487e+00
-1.654131799396282645e+02,9.737037721096978515e+00
1.670388061454592332e+02,7.096439361708966942e+00
-1.735690209119192389e+02,9.782709432981119946e+00
-1.743173661042114873e+02,5.479271951300436427e+00
1.653014931838367545e+02,1.695097984654180934e+01
-1.754938555110315974e+02,7.384497125806650963e+00
1.787159229612672675e+02,1.339534470915931763e+01
-1.769016407213813409e+02,4.959793161696682162e+00
-7.168173550549741435e+01,2.139834841256544706e+01
-5.645601377713447988e+01,1.493587750155170113e+01
-7.657779716498582445e+01,1.277495346308493218e+01
-4.840091695563570795e+01,1.985000867045927464e+01
-6.176360262682107560e+01,2.013766835664448962e+01
-3.376248915046047472e+01,2.784597157246490795e+01
-7.170521954421597854e+01,1.899450493168009046e+01
-4.302193087304020480e+01,1.242979344897101868e+01
-7.562089672728259870e+01,1.317794860987619998e+01
-5.263773832307603584e+01,8.960840106152357265e+00
1.752713227298508798e+02,8.424262748216655439e+00
-1.665097991262150003e+02,8.204098863089656746e+00
1.634497387349402970e+02,7.142607254205871392e+00
-1.640390927484727683e+02,7.916451390244890973e+00
1.729936221439360224e+02,5.301492642784415565e+00
1.739839803843640311e+02,5.366812062041018905e+00
-1.765598510480300831e+02,8.645608588730203437e+00
-1.751171157116986876e+02,1.016947206113776403e+01
1.752856935629249904e+02,1.105527899998729779e+01
-1.724278408248197536e+02,1.307752508308107942e+01
1.719139663878853241e+02,1.193825069732046984e+01
-1.626066364699950668e+02,1.275246883372807183e+01
1.744553687069571879e+02,1.131544927729310679e+01
1.720592491602642440e+02,1.315182629843652506e+01
-1.753744378472512722e+02,7.422139707237261241e+00
1.778033809128825453e+02,7.094140154315693003e+00
-1.776230415757338790e+02,6.521737167570014648e+00
-1.768451505607068839e+02,5.235697494458166901e+00
1.709421141870684835e+02,6.803283085350805059e+00
-1.736744871651623328e+02,5.297763090016315068e+00
-5.754349468499605535e+01,9.459109434793587567e+00
-6.452187101044083306e+01,7.269576726487427365e+00
-7.079070489370441521e+01,1.659675186249620182e+01
-5.799581536318422792e+01,1.330775513133241539e+01
-8.452775928246933290e+01,1.362824453299664462e+01
-5.249285054714797383e+01,1.128183575596960075e+01
-5.723148617812719863e+01,1.091065301292151091e+01
-6.693290976894176936e+01,1.622665560673286222e+01
-4.151088560865855470e+01,1.563809261573653586e+01
-6.946429399095084989e+01,1.656113145703541534e+01
-4.556125464943762182e+01,1.570895969835549622e+01
-6.164857245679511522e+01,2.096572507988193479e+01
-4.868941207848529729e+01,1.416836165344408016e+01
-7.529903268451744225e+01,1.624626263240431001e+01
-5.930260112865121869e+01,1.271434448457506861e+01
-6.083827329652844185e+01,1.481766834454990800e+01
-7.016218438771984722e+01,7.589373608588878994e+00
-4.561289685224348034e+01,1.597634426372179917e+01
-6.808018638619749652e+01,1.566909979262858599e+01
-4.698951071040453797e+01,1.354253951657097588e+01
1.706929970003523636e+02,3.544655939885258622e+00
-1.677867726203128882e+02,6.079814870648501568e+00
1.747441922665512379e+02,9.634001605319527428e+00
1.791653388439846708e+02,9.590500231257470531e+00
-1.643313733210581802e+02,1.363945942786991949e+01
1.649208895542905680e+02,7.872959816735221494e+00
-1.712137223612365062e+02,1.243719556669908854e+01
-1.612081191995720246e+02,1.371906406769013032e+01
1.445403311525596735e+02,1.936895331525973418e+01
-1.500581204671159981e+02,1.275642069336815965e+01
1.744637276363339708e+02,1.233492609989884770e+01
-1.717273320159220589e+02,8.666392993733202488e+00
1.660002993727368050e+02,8.838132017137816376e+00
-1.646105950479105786e+02,5.418401580815914720e+00
1.590280253914939124e+02,7.310746010988455446e+00
-1.796978551678230360e+02,3.903530933037309580e+00
-1.368625538411499463e+02,1.446188824379190052e+01
1.611262259869463378e+02,8.775290272829767702e+00
-1.635472661366928833e+02,1.396147143149558012e+01
1.663939553863502852e+02,1.422473759948108807e+01
-1.790954649733060933e+02,1.048987373376993215e+00
1.780329250317452647e+02,1.743650568953438285e+00
-1.693296295891633747e+02,3.251344329778492526e+00
1.693638416667562865e+02,2.165949307613065145e+00
-1.723656344611759152e+02,3.856037273711080182e+00
1.738644327141834935e+02,6.659827105945126391e+00
-1.757326651273917548e+02,3.855817948394043349e+00
1.774476421594755493e+02,7.312820969454081776e+00
1.676904219508229517e+02,6.945051943135106320e+00
-1.754222421924962134e+02,6.022227888180658795e+00
5.317654208233051349e+01,1.601602109919135586e+01
6.479472753831205978e+01,1.304192366626081778e+01
6.524042259642432384e+01,1.107681604818507637e+01
7.108451256409114194e+01,1.390634747276184591e+01
5.581367729983941217e+01,1.738621304517243260e+01
6.847914663751969044e+01,1.170276820774286719e+01
7.216166271532425469e+01,1.684904210975318861e+01
5.784257988776302284e+01,1.881763415059253219e+01
7.555847063673657260e+01,1.511147249553666860e+01
5.621204804032825564e+01,1.895485665142881260e+01
-1.799918453456467091e+02,5.773587062108546775e+00
1.747212925805775967e+02,6.831021483283473472e+00
1.758582506183373653e+02,8.614801341047606087e+00
-1.674989111756385114e+02,9.926825098512658485e+00
1.740882722446688717e+02,6.641129063646017627e+00
1.682311138672791628e+02,7.478922584306573640e+00
-1.517087245028565405e+02,1.005151994694174356e+01
1.668467893343910191e+02,9.903512392765637884e+00
-1.781427918040151326e+02,1.045692891279605163e+01
1.794879840945528997e+02,1.038058954791686972e+01
1.745840690198268135e+02,5.741686974518749764e+00
-1.675322345394788499e+02,3.162643164663247575e+00
1.655016987031301312e+02,4.719766871770376682e+00
-1.763514188007625023e+02,2.755614995443290027e+00
1.779306473645191886e+02,4.167968373821568484e+00
-1.781231304823574533e+02,3.519953448442282973e+00
-1.738051084615264870e+02,5.686416926302560348e+00
1.775005775206993519e+02,2.935737131695772550e+00
1.796862674123463535e+02,3.713193250874079254e+00
1.716293142236476967e+02,2.260515194046265997e+00
-6.411165924953401429e+01,8.737859488905023397e+00
-8.331578150872066146e+01,1.275824808361050167e+01
-6.487984004192730936e+01,5.458909759707122333e+00
-7.006197301300990432e+01,8.653763828572568428e+00
-7.112073074696895958e+01,8.640595434229295435e+00
-5.214708335612869661e+01,7.442468440993984302e+00
-7.073042393063508371e+01,1.075184656297785324e+01
-4.644466206404157305e+01,1.341037463564902055e+01
-6.213853054116670194e+01,1.080430689258047572e+01
-6.373003066238621983e+01,8.420165393400580456e+00
1.793523203743443730e+02,1.309899289313230142e+01
1.777222015792016805e+02,8.466841127511907317e+00
-1.742857246494434378e+02,8.361385833796083134e+00
1.766410296374207292e+02,8.513936839704124182e+00
-1.750415254132616383e+02,8.871024068537998630e+00
1.705252492494088870e+02,4.254514285070953861e+00
-1.600012056683939647e+02,1.406573162420158596e+01
1.583136922425106263e+02,1.100509561555546689e+01
1.679540943661563404e+02,1.378398371279357093e+01
-1.470510248587728483e+02,1.767307963276920901e+01
1.648921962030484565e+02,9.196987276443188364e+00
-1.638263432508270512e+02,7.145398049023196307e+00
1.640936114522580453e+02,9.928573083540607414e+00
-1.601791048103545165e+02,8.132137682976233961e+00
1.680200598779811116e+02,6.241578829450338262e+00
1.731004993320517542e+02,1.001232128674305777e+01
-1.725200157880842369e+02,9.336993226249695965e+00
-1.701140401095927928e+02,6.228526709696138752e+00
1.653792411019935287e+02,3.590973186900973779e+00
-1.654038159261738201e+02,1.027491230708809056e+01
-7.093831029707085634e+01,2.454955042775723939e+01
-6.823329539873726901e+01,1.928138215962994906e+01
-6.928827469593043986e+01,2.049338640688748114e+01
-5.195411077995220950e+01,1.839812994418604575e+01
-6.521055709759890817e+01,1.415792182173558977e+01
-5.019256459882902277e+01,1.055186675019209552e+01
-7.812500193893710332e+01,1.301021189588195348e+01
-5.707095205798015058e+01,1.151234739145071018e+01
-7.001240743027049973e+01,6.278048405860944925e+00
-7.661782911300285548e+01,7.154672470321361999e+00
-1.759187571709797453e+02,4.353015497544947543e+00
1.758550505556003429e+02,5.680977188224934693e+00
-1.783800123378056242e+02,5.584683794925858535e+00
-1.781648312156284533e+02,5.888462675330588425e+00
-1.738040111015610023e+02,4.778656206152986918e+00
1.558401947191081263e+02,6.559581841983955108e+00
-1.560105817099860133e+02,9.371491766378010624e+00
1.741908072203991935e+02,8.063304090273726743e+00
1.688373134491571363e+02,7.827770878086408146e+00
-1.716677083910463750e+02,7.413167536807441671e+00
-1.742086579319081636e+02,1.244890933605840466e+01
1.552367401103809357e+02,2.249130228767438666e+01
-1.631112132780593527e+02,1.260928098399536523e+01
1.793583881016665202e+02,1.532802970234379636e+01
-1.781151056037981277e+02,8.556981328945852283e+00
1.655580381088846309e+02,8.979814105515595557e+00
-1.556395935406414708e+02,1.002231530471075516e+01
1.712349552915580091e+02,1.037588905633051439e+01
1.606371300766919035e+02,8.879570923799539273e+00
-1.662678720594599326e+02,8.001012085306054900e+00
1.707212098885802902e+02,1.075801350723136807e+01
-1.743843981639730032e+02,1.131615260293731673e+01
1.794079438945173877e+02,8.779833506186809799e+00
1.637412283677584810e+02,7.367358269258836856e+00
-1.565707553605619751e+02,1.040449319100759062e+01
1.563019316475141238e+02,1.013644393637796881e+01
-1.757020723112637199e+02,1.052003932739778413e+01
1.799709514802574972e+02,1.522027392205335694e+01
-1.753207149484175034e+02,1.030185275249823462e+01
1.744135535869863531e+02,1.787702381103641613e+01
-6.351668194860052097e+01,1.452529490483366637e+01
-7.532932324109088995e+01,1.987370262269946863e+01
-5.644717342021021977e+01,1.465948470445835561e+01
-7.037828882646455497e+01,1.857719265940595221e+01
-6.860420441563296379e+01,2.395912783175645444e+01
-5.283917672637819152e+01,2.033177218162235178e+01
-7.029945835218886430e+01,2.050042227160566455e+01
-7.368314672020747480e+01,2.771640760808190862e+01
-6.226187096072980864e+01,1.418311791858730686e+01
-5.891295579576165409e+01,2.277625068114969764e+01
7.173832062044952806e+01,1.553772127951738824e+01
6.842736991000947455e+01,1.754375685259394402e+01
5.850368131249641834e+01,1.177276603940487831e+01
7.743224511969006585e+01,1.026776555904830524e+01
6.678051567226317786e+01,1.307874613199949643e+01
5.374032645650667916e+01,1.607518789107607304e+01
7.020276982903726548e+01,1.576990069368984848e+01
7.247069837998195396e+01,1.854848617600914196e+01
6.486961123823587627e+01,1.240852289328146618e+01
5.709370652617986508e+01,1.625050392880527284e+01
-1.742388836219076325e+02,1.016895746019869939e+01
1.615214372708068424e+02,9.574916221347891110e+00
-1.489475503834429446e+02,1.196784127856459889e+01
1.610641767447190489e+02,6.651099277130073872e+00
-1.712104663794514749e+02,9.434004815531332966e+00
1.690268762840222792e+02,1.948093351694805619e+01
-1.753113876067464503e+02,2.402084674992060087e+01
1.617273972463895859e+02,2.401547817476579638e+01
-1.602543722366118857e+02,2.097977585627878128e+01
1.609535199814444866e+02,1.474539388651234262e+01
1.794021899951843864e+02,4.516084819969304220e+00
-1.759837901420120545e+02,4.422410722975911312e+00
1.796428961348841256e+02,8.679105444760910615e+00
1.702103937524589981e+02,5.543854800471544664e+00
-1.687909059736117001e+02,1.213543973627037964e+01
1.607639019747312261e+02,1.518679158819018227e+01
-1.653291051630233142e+02,1.506614901129176154e+01
1.726523177327794087e+02,1.807951164161386970e+01
-1.747972271860020328e+02,8.742241337548971813e+00
1.581906229039551022e+02,2.039635624910859235e+01
1.709780055513998320e+02,1.939298285582018977e+01
-1.781546959988498031e+02,1.659786044680651074e+01
-1.796971948731344355e+02,9.022881812976589089e+00
-1.799900130450012909e+02,1.471876958944844738e+01
-1.775242735028843981e+02,1.556889089694072936e+01
-1.746441623521229189e+02,1.433993679138919575e+01
1.724152338364566504e+02,9.979947266133168071e+00
-1.718494140231787526e+02,7.577881051724306261e+00
-1.723484944291843703e+02,8.919373624512513032e+00
1.759801153149761888e+02,8.964229589905848172e+00
-8.333874698036429152e+01,1.161498225341970070e+01
-4.981690822273807129e+01,1.107223952422934055e+01
-6.737308073026373734e+01,7.867020852190609759e+00
-5.488611318503761538e+01,8.411505694284512558e+00
-4.504155833315329716e+01,1.125186292254849718e+01
-7.680919085985814831e+01,1.551793478323605058e+01
-4.218509763331912410e+01,1.637555020670239969e+01
-6.913615387109163635e+01,1.270872566546278293e+01
-4.955013653503719695e+01,9.114112836164999010e+00
-6.470984301168806496e+01,7.876662857749145985e+00
-1.693336782832378731e+02,2.475927012258522453e+01
-1.761409534410932451e+02,1.887405800814251222e+01
1.738309360955906868e+02,2.395182318314240888e+01
-1.696283532523696067e+02,1.063690435472490847e+01
1.733918538870311181e+02,2.262899999063392187e+01
1.657388175401914907e+02,2.089374986554743430e+01
-1.705978100333585132e+02,1.294957804072404528e+01
-1.757554139829106816e+02,1.696416572997585526e+00
1.758279003471269846e+02,7.681076539843987305e+00
-1.795811926738811337e+02,1.666963145203853003e+01
-1.668724720799321801e+02,6.065978086938174307e+00
1.453110396470329420e+02,1.160267670274558682e+01
-1.580736611946075243e+02,1.058032739263228450e+01
-1.649809171667609462e+02,1.398347784852188092e+01
1.731814629521578865e+02,4.452392344502346333e+00
-1.781929325310134402e+02,5.815507584185954926e+00
1.723307867895624952e+02,1.204426458394342347e+01
-1.676379248179328840e+02,1.264458607377436472e+01
1.700289048216005767e+02,1.276583430410708075e+01
-1.594593730332603911e+02,1.007480693851208997e+01
-1.716324383669812903e+02,6.794064426676331259e+00
1.741242958219335719e+02,2.121358384773537864e+01
-1.763636351664083577e+02,8.815183431576208761e+00
-1.775112615255071091e+02,1.749376285819734989e+01
1.670611073553058361e+02,1.531169802073629427e+01
-1.667292936928329539e+02,1.675407102526689584e+01
1.784411130862226003e+02,7.408904001343595169e+00
1.761559416972740735e+02,1.703891936811618990e+01
-1.688524576108130759e+02,9.381196318787033306e+00
-1.782058389709004871e+02,1.727627303412568693e+01
1.771580111983813879e+02,1.097092203015574263e+01
1.697231858255307486e+02,1.198669864406223340e+01
-1.698918913864233389e+02,1.156387849271609625e+01
1.686084574858881808e+02,1.039053547744060602e+01
1.798121434608601987e+02,9.466595625880094289e+00
1.791324592354750962e+02,1.190299550864535050e+01
1.735789033705190150e+02,8.421665179103397847e+00
-1.741489530003998141e+02,1.266042252354758979e+01
1.644930750183728776e+02,7.210920312908137397e+00
-1.773380995386479810e+02,7.771224591333258047e+00
1.655494093484532812e+02,7.710288618926734117e+00
1.303798211434455254e+02,1.698787495958014659e+01
-1.482215683803543698e+02,1.284914113076828635e+01
1.781783694186066498e+02,1.021012612755574800e+01
1.708275871878587679e+02,1.009415569108440280e+01
-1.571848384730294015e+02,1.360226725793313918e+01
1.557818664106799247e+02,1.301011218404437564e+01
-1.700032821126227986e+02,1.123055236666269252e+01
-1.772740983155501340e+02,1.334390677335912301e+01
1.715536693765681946e+02,1.731950759456701405e+01
-4.187891770151210125e+01,1.643542480349375978e+01
-8.160948893903839974e+01,1.407451936687558813e+01
-8.264048000625395218e+01,2.135878624893794608e+01
-6.765106299007190671e+01,1.216336517430355002e+01
-4.989284683557853839e+01,1.865288267915686049e+01
-7.671867267041555749e+01,1.936508854409054692e+01
-1.034618274572755325e+02,2.508456752569354009e+01
-5.226866407749367482e+01,1.853678997195394018e+01
-8.351190028603008386e+01,2.540347022345321193e+01
-5.407322166841439781e+01,2.990623975751542574e+01
-4.849931640823898960e+01,1.405326618769653990e+01
-6.094243560058961862e+01,1.562271445499822420e+01
-5.970714505870579814e+01,1.360311097056383112e+01
-6.454913270499334033e+01,1.323824267247070985e+01
-6.533976347647008254e+01,1.174312994672390786e+01
-5.656242243810324766e+01,1.268328717782318904e+01
-5.592019235275288480e+01,7.468575310206963636e+00
-6.575343722885634179e+01,9.369551461611131060e+00
-5.946958877287534051e+01,7.281225297938810570e+00
-6.368817730981425740e+01,6.398865737055412062e+00
-6.988190311682082267e+01,1.013715617573029526e+01
-5.679576654280187853e+01,7.722243204414272810e+00
-7.011114630460015462e+01,7.053774157246403220e+00
-6.766431370246409926e+01,3.977802057002859826e+00
-6.467365974758963887e+01,5.677901420930037801e+00
-6.860045373027341498e+01,5.502459725663395140e+00
-6.169318573787256810e+01,8.683150351675717360e+00
-7.171123842145119909e+01,8.816271884282276261e+00
-5.797838981870803110e+01,8.322033221258980262e+00
-6.263277463665045985e+01,6.545144153307371759e+00
-1.770369794716870331e+02,1.505002789604162849e+01
1.766384141438131508e+02,1.034197880183438834e+01
-1.790260196083804090e+02,7.675403366661589288e+00
1.797786620399299125e+02,5.620538951869972877e+00
1.730415541037108937e+02,9.154445885529231219e+00
1.762751875607981447e+02,4.573187433294708448e+00
-1.695698749436638195e+02,5.401660246118728637e+00
1.672811697110611533e+02,9.428422468553218749e+00
-1.695666696352140832e+02,4.967757702573840639e+00
1.703228015843723995e+02,9.006938950820030598e+00
-1.736890734248486012e+02,1.457582185780486927e+00
-1.776929487787501785e+02,1.059183814338247132e+01
-1.769643849055054261e+02,5.032771736159166842e+00
1.765837301578092706e+02,6.651048663174645270e+00
1.763102900357681904e+02,9.817248215058725691e+00
-1.794404073419021870e+02,5.064754357308992816e+00
1.789723552578954298e+02,8.798239072352609824e+00
-1.799553388923113175e+02,2.745675974658970731e+00
-1.740778501550717863e+02,1.010403880900234697e+01
1.734482023296100692e+02,5.315400511253725924e+00
-6.128086791029777203e+01,8.964098689455346047e+00
-6.677719346712270010e+01,1.512364061236866597e+01
-6.096513671847108640e+01,1.449540585304120555e+01
-6.958013490027718717e+01,1.966464578583313383e+01
-6.113306393104760161e+01,1.723820977486048633e+01
-5.281908673606672977e+01,1.394261853539709328e+01
-5.918662388248932160e+01,5.986018323551236087e+00
-5.825092025254585337e+01,1.886076718158207655e+01
-5.431443422244410613e+01,1.586948435313272654e+01
-6.551887857368436130e+01,1.494637260758545061e+01
1.777750925046310329e+02,6.167245066708284540e+00
-1.692328202314908197e+02,8.437940414968821301e+00
1.657065143351484835e+02,9.884640558614625760e+00
-1.725940839643880338e+02,8.887891070747730993e+00
1.709740993186316302e+02,3.407455709496630014e+00
-1.713576358556274499e+02,1.115307060591153387e+01
1.642452090647855698e+02,1.760885044486129658e+01
-1.766667209096563340e+02,1.973979030521240574e+01
-1.778330047040754494e+02,1.070473346422071970e+01
-1.782359331043481916e+02,9.036984897411874940e+00
-1.649025049419965967e+02,1.388875995193943247e+01
1.778125667710397124e+02,8.727996774951263248e+00
1.725752576159339640e+02,7.382084928096304566e+00
-1.726205477246216446e+02,1.405043942816078939e+01
-1.799359760588861263e+02,9.078495021448089730e+00
-1.784871582702808439e+02,1.581569572777259935e+01
1.792151033609678734e+02,7.134739365161121505e+00
1.735483761738283022e+02,1.452749810743113201e+01
1.794345381196827702e+02,5.280443443817984139e+00
-1.783824420094255743e+02,1.495832879770360790e+01
1.663410052797710819e+02,1.121753417344918979e+01
-1.736129950893643468e+02,6.230162491733635122e+00
-1.782998723997443165e+02,7.144539451030851751e+00
1.687799795944408743e+02,1.061400855096666263e+01
-1.627983003860322242e+02,1.417263326428327375e+01
1.679973693340820944e+02,8.415435529071652709e+00
1.782949351873788828e+02,7.734812008535843830e+00
-1.698227568751293575e+02,9.387415781962138439e+00
1.738367125797312838e+02,4.563305150814204403e+00
1.742956584997656364e+02,1.330193105033760759e+01
-1.781645843717647892e+02,2.000241412590136747e+01
-1.784971266724400323e+02,2.358165228710146266e+01
-1.785890184159177920e+02,1.942056557087987301e+01
1.627752616126133489e+02,2.050910546282838709e+01
1.730086196700070786e+02,2.366530849658091284e+01
-1.758050590435115055e+02,1.493004909876817088e+01
1.798683240920931894e+02,1.257425071361479318e+01
-1.709121601890788043e+02,1.335954571497504517e+01
-1.709717752642864639e+02,1.962128939636335545e+01
1.687145104965351265e+02,1.703478823662629082e+01
-1.688423217201695934e+02,5.887441516080635040e+00
1.721464431420820347e+02,8.213030446973569099e+00
-1.725312457850795624e+02,5.367118798483006437e+00
1.732310449144365236e+02,5.331881446317909834e+00
-1.791223549271731486e+02,5.177418822728192538e+00
1.758729650369981243e+02,2.855240157077550300e+00
-1.705551113307043636e+02,4.001726311501372813e+00
1.650648370884852341e+02,5.721889488793479472e+00
-1.672864405231068758e+02,7.917163563052310948e+00
1.777428090000696272e+02,4.863815651672679152e+00
7.479992651340499776e+01,1.595224276166997868e+01
5.382536781542538051e+01,9.916886106542996515e+00
7.488424226969327435e+01,1.626596418554925449e+01
6.372469783814496225e+01,1.838195267574369751e+01
7.480131770774143263e+01,1.879674332319554608e+01
5.352154016102551992e+01,1.822051832530936366e+01
8.576020177490954666e+01,2.240408643828106605e+01
6.211022603792047647e+01,1.454700767799026018e+01
6.598747594803661798e+01,1.372711666960706900e+01
6.077650933435210590e+01,9.765898073517938371e+00
-7.023606586945474817e+01,8.216203151164108931e+00
-5.649392086320869311e+01,1.190488191702578469e+01
-5.739897084267141736e+01,1.515102669798610791e+01
-7.646859003034975899e+01,1.679959600795110219e+01
-6.321011965914969011e+01,2.071108472507689768e+01
-8.271557446349783049e+01,1.359539850439617936e+01
-6.203418606921441381e+01,1.327228796657186294e+01
-6.517778259972691046e+01,1.072577022623165277e+01
-6.500542619261638322e+01,1.126623071598954695e+01
-5.558945078992468325e+01,1.128347084085144836e+01
-1.591604425095290196e+02,2.749603047954301260e+01
-1.781379154600621177e+02,2.438301265575758592e+01
-1.787189788438795972e+02,1.660797263651687672e+01
-1.747009420657140026e+02,1.464216806898447309e+01
1.607062139679082975e+02,1.311531454755937531e+01
-1.609909714643168854e+02,1.380649246530763641e+01
1.715736435816221501e+02,7.899362594751053734e+00
1.741202461760823041e+02,5.485054044487724489e+00
-1.723662080193679458e+02,3.409952381814707500e+00
-1.724222904424347291e+02,9.403961378289361406e+00
1.713669439021367964e+02,1.245007951083560549e+01
-1.752271721862323943e+02,8.955302779331690388e+00
-1.758602762335333693e+02,8.566061363137126961e+00
1.737556608614164304e+02,9.263640808575431151e+00
1.760729759893971220e+02,1.407581530973979689e+01
-1.774806643460200064e+02,1.701645442960053245e+01
1.557592233015821250e+02,1.267533381254762759e+01
-1.484510019585692362e+02,1.153007831226848623e+01
1.635712891736633594e+02,6.120563171503322408e+00
1.779190675139844302e+02,1.565596107790718783e+00
-7.281532891377587191e+01,1.383766720826432639e+01
-4.650830481131703209e+01,9.397846415171608569e+00
-6.662029665097048792e+01,1.230247791495818532e+01
-6.364226941858311903e+01,1.135546113703608562e+01
-5.818663292288806588e+01,1.086655379280706768e+01
-6.840030022592931402e+01,1.156830736304858931e+01
-7.053745876915937174e+01,7.115604338320966171e+00
-6.765020050619047254e+01,1.385604925715346702e+01
-5.274459214733608547e+01,2.140735273496841984e+01
-5.842093808796784060e+01,1.729682233775924161e+01
-1.727894549133963551e+02,5.841761114752662465e+00
1.691463613723145727e+02,7.898177746061646687e+00
1.796288986118147193e+02,4.635254446255499872e+00
-1.678135568087869274e+02,7.108946830168448194e+00
1.700888184792318611e+02,4.487593430986930088e+00
1.747992419369875279e+02,5.619184383686185669e+00
-1.657421957999039535e+02,1.303606071497060093e+01
1.742596364841267587e+02,1.430564350660316464e+01
1.686482268058595935e+02,1.067280140151760293e+01
-1.738878609147133147e+02,7.871318150827484317e+00
1.689689207267219331e+02,1.183526368349257041e+01
-1.769192389885845387e+02,1.189058212101623013e+01
-1.681203443353299747e+02,1.378276275816009644e+01
1.672981911811102123e+02,1.546422116804431823e+01
-1.696852748612483595e+02,2.139904972639364189e+01
-1.788834954339581600e+02,2.632406785654962178e+01
1.649950545684314704e+02,2.861186415393861893e+01
-1.724840787300212810e+02,2.876476994115175501e+01
-1.763187357158540749e+02,2.458486694103375569e+01
1.566960943556079258e+02,3.189231192075629906e+01
1.797711017906147504e+02,2.464959206758308152e+00
1.782586289659622878e+02,4.470887742295150957e+00
-1.735368158974820005e+02,5.587264827870809469e+00
1.737633964935104416e+02,7.421925433844711151e+00
-1.758310488883141147e+02,5.313316907420328583e+00
1.778629547299932199e+02,5.351474831827946588e+00
-1.777543309565193113e+02,4.763619927616960403e+00
-1.798940961541055401e+02,3.546269048953905045e+00
1.798177514344789074e+02,4.714043653641968312e+00
1.726339632205844339e+02,3.457745368045753498e+00
1.796634966410143477e+02,1.646364272411963725e+01
1.708192547114951196e+02,1.534025670006729491e+01
1.695974021858817764e+02,1.076587815372373846e+01
-1.723251529062852114e+02,1.106737305499009238e+01
-1.715851453473657671e+02,1.347051460437769244e+01
1.581864930774291622e+02,1.679326531490826113e+01
1.751663204537665592e+02,1.075878668249518810e+01
-1.670193149232528071e+02,1.584784979371891467e+01
1.647886745984286847e+02,2.022125243668132200e+01
1.684566668982206465e+02,1.095525869265187424e+01
6.517838024206898240e+01,1.542782760748606563e+01
6.446410505921346612e+01,1.850769561531266305e+01
7.626319220266186960e+01,2.010611671474926254e+01
5.827963405019603016e+01,2.244012118278585177e+01
6.822936849757833500e+01,1.855299550626616423e+01
6.028931317585272609e+01,2.817873648490725458e+01
6.857590802092713034e+01,2.159544421460614672e+01
6.179022236988146233e+01,2.665649338729824791e+01
7.532474842073700927e+01,3.314405496916241134e+01
5.641023859104830507e+01,3.128554936479086734e+01
6.739230178067757038e+01,2.720388184752999550e+01
7.426378005742381561e+01,2.118481669169216275e+01
5.951820290468717900e+01,1.734522138407983860e+01
7.098956532398781860e+01,2.135945449873720392e+01
6.142933583310622225e+01,2.295415442122569871e+01
7.558082122222627675e+01,3.092908556926703767e+01
6.339079320902327197e+01,1.833463773383209627e+01
7.329908895469576180e+01,2.056814149598423214e+01
6.193534583577535102e+01,2.513424605507277931e+01
7.160887160040300614e+01,2.919654671734537033e+01
-6.518085792380823307e+01,1.302517849566712371e+01
-6.750798735526161920e+01,8.948319604286162132e+00
-6.230077639987023019e+01,7.449308733321098330e+00
-5.538674104426296196e+01,1.083827004799755045e+01
-5.803425055597391236e+01,8.066276511911476987e+00
-4.546037066794105641e+01,9.656422055563352203e+00
-6.894332065886167982e+01,1.362113902243016206e+01
-5.097251093319103887e+01,1.237440733022866013e+01
-7.944790332928867826e+01,1.077556409671342053e+01
-5.645793035079505984e+01,1.170880713971067877e+01
1.791232326289013770e+02,1.732947559375732993e+01
-1.495203577909891521e+02,1.476245555141262145e+01
1.638505700523830910e+02,1.533950997055654497e+01
-1.751155817536470067e+02,1.131809552736834412e+01
-1.599232098031461931e+02,2.369214976951137075e+01
1.561823885001057022e+02,2.153329009702836316e+01
-1.729775641777802377e+02,1.513478528322472627e+01
-1.651784892278062955e+02,1.921107020656624087e+01
1.541831234946197355e+02,3.066615061874894721e+01
-1.666593677813484362e+02,1.939098273269852513e+01
-1.786574393528577787e+02,1.434999086705891536e+01
-1.799838442484526979e+02,1.109350845879707492e+01
-1.621797952121980870e+02,1.510765153652734938e+01
1.777209896858659590e+02,1.029935777412855202e+01
1.776374471322101272e+02,1.084739027749899520e+01
-1.626955065797528448e+02,9.013788471583939810e+00
1.757548024242059626e+02,7.798603880682229317e+00
1.642917289901130005e+02,1.249082441494731199e+01
-1.722687905857291923e+02,8.603830841811738850e+00
1.693325091044906969e+02,1.347012237388856803e+01
-1.792306460195684963e+02,2.217015611337764724e+01
-1.727903441111474763e+02,1.920842465116537312e+01
-1.677007286834558784e+02,2.085859122727646309e+01
-1.741278989473885588e+02,1.854405783252349948e+01
1.734391138437831330e+02,1.604313543309518053e+01
-1.707684669919312341e+02,2.306348182281719872e+01
1.780010628129610950e+02,2.492071102328348431e+01
1.746472827897008244e+02,1.307024719329890061e+01
-1.650885991549319556e+02,1.885304860460240661e+01
1.707295433952115786e+02,1.551859252121121813e+01
1.642846275208735847e+02,1.007406189980856048e+01
-1.701642162208168827e+02,1.353407867542220444e+01
-1.794688287631589674e+02,8.666116250662582843e+00
1.647960764227322272e+02,7.572208457941883353e+00
-1.643586316739610140e+02,9.322868805561920880e+00
1.653704566491113326e+02,7.793298653973142365e+00
1.751772138899787592e+02,7.917017948034096975e+00
-1.564754261374417297e+02,1.388033604961870182e+01
1.613014061264418899e+02,1.215399390589509387e+01
-1.762721721701347803e+02,8.348750260755986474e+00
6.212780421736169956e+01,1.214171225155554623e+01
6.751605122236692580e+01,1.107587394132719893e+01
5.627872413453487610e+01,7.848744465793238589e+00
5.580261998131300061e+01,1.119890535576365664e+01
6.212778141243148866e+01,1.005673787425384269e+01
4.041232144123923575e+01,1.506722818264892538e+01
6.715051315603643900e+01,2.241059403355988877e+01
3.153278867386825368e+01,2.249104095930820790e+01
6.342324828603805997e+01,9.906027458438545708e+00
6.146202297326880171e+01,1.177222487533637008e+01
6.055512359335757822e+01,1.256913052093196015e+01
6.934612870219838499e+01,1.200007184760259804e+01
7.074907499880562511e+01,1.180860450295910624e+01
6.135393201920136619e+01,9.726927338871007578e+00
7.225740392972139148e+01,1.177454974611242555e+01
6.127869593555509198e+01,1.158574877869978970e+01
7.689994017401809856e+01,1.150838819083837983e+01
4.633767031816218918e+01,1.388190819329027192e+01
8.361406479995649477e+01,1.272248572025988800e+01
6.797192368674045326e+01,1.524047490003739824e+01
1.601992494172266674e+02,1.067999091808558276e+01
-1.646557784391839903e+02,7.611913800608277825e+00
1.670180585509726541e+02,7.901042303948965895e+00
-1.753641624941392081e+02,8.027395366073113436e+00
-1.798144595553387148e+02,7.737670048391215971e+00
-1.738348393082119401e+02,7.529945973742054655e+00
1.740453730573689484e+02,4.931003746730469040e+00
1.789571875387478883e+02,2.541242583866826443e+00
-1.763045399148684851e+02,3.375085153470807509e+00
1.734337089850754410e+02,4.839283366597310732e+00
1.738912461080381888e+02,2.891338207859526221e+00
-1.760046638095461446e+02,3.709615728121639755e+00
1.786024935291629561e+02,5.446456211035276773e+00
-1.763017022249620709e+02,8.028912884603631284e+00
1.750985531122692009e+02,6.360107589090389091e+00
1.799702027347272519e+02,4.953849693836886559e+00
-1.700080791755579241e+02,5.352722571889945158e+00
1.775797990587026902e+02,1.613138007498642779e+00
1.731306652048267267e+02,4.160068406452233525e+00
-1.686693594124610911e+02,3.745918565140181400e+00
6.361417538555347306e+01,1.279022220147331268e+01
7.186905754542847546e+01,1.392257236029287348e+01
5.848881069752199124e+01,8.827254916567136789e+00
6.168874223083243891e+01,1.197024293126413141e+01
6.883502880342463470e+01,1.103312509298569921e+01
6.809021187822497723e+01,9.354785290675094345e+00
7.273093382326975131e+01,7.136584017932507962e+00
5.822776456310405280e+01,9.115983025873966028e+00
7.066005922520680826e+01,7.161030696946955487e+00
7.887661512787175866e+01,1.101127108455851555e+01
-1.761067949589327952e+02,1.294460004802284914e+01
1.731733120419886802e+02,9.836752837379773240e+00
-1.766024584184847015e+02,1.281400018059132861e+01
-1.790307752985139018e+02,1.372370636800544830e+01
1.727830743996176750e+02,8.332326735635133375e+00
-1.726000657970563452e+02,1.121098600674059398e+01
1.739549530490719746e+02,6.138357428527825732e+00
1.768827563390147475e+02,1.066416583049939426e+01
-1.679936938579573393e+02,6.690565478764352036e+00
1.700285941938067822e+02,7.753680024004433236e+00
-5.771568065765754341e+01,1.286776390485662702e+01
-3.903851420760923219e+01,1.281137983231119293e+01
-5.926282452202157458e+01,7.231773332052028991e+00
-6.410183036185405570e+01,6.615887762369837333e+00
-5.300167806771564472e+01,6.502287245774654778e+00
-7.686303042000163543e+01,1.108723600303327927e+01
-6.592194879367809790e+01,1.329180209183904005e+01
-5.971610000647138605e+01,1.218779624829213937e+01
-7.120342436075144121e+01,1.082132907136427136e+01
-4.564258502209580826e+01,9.428810511871692057e+00
5.282435430383101505e+01,1.078759932857058601e+01
7.696193414743353856e+01,1.252107338554069571e+01
4.767289124908764819e+01,8.006994746981767719e+00
7.095766572038259312e+01,8.382179271114519992e+00
5.968871000281777128e+01,9.667211491831297465e+00
5.651911402159985442e+01,7.519314580921532709e+00
7.726616947921122858e+01,9.390359803036872677e+00
5.890801781719335395e+01,7.841530279328511099e+00
6.782042769834822593e+01,9.768877403095309830e+00
6.663113164405440614e+01,1.149127722804385066e+01
1.796745772076180572e+02,2.035260516135022257e+01
-1.711613637671239587e+02,2.243088046202740671e+01
1.749822821792450611e+02,1.595604925263819851e+01
1.738036800250923761e+02,1.625452960727698226e+01
-1.716856306381347110e+02,1.429427727248304336e+01
1.728093165182281155e+02,1.814735338739941284e+01
-1.728781151478053459e+02,1.274276293082794531e+01
-1.780420438498378246e+02,1.071702697863710441e+01
1.773803526986862664e+02,1.392713996228947870e+01
-1.780819456721567633e+02,1.766061771286746307e+01
1.550592677445470713e+02,1.308308648397573037e+01
-1.738392765372759641e+02,7.282052299916085936e+00
-1.636851978086201029e+02,7.441456435228307242e+00
1.442728186770649472e+02,1.414099517720584487e+01
1.599053775143289045e+02,1.181708171130376073e+01
-1.509737478659489511e+02,1.605055764813682373e+01
-1.793603879194350270e+02,1.028601116505626223e+01
1.535805556056253636e+02,1.864679318742913594e+01
-1.663243600412546073e+02,1.542745472582542021e+01
1.762066374928409118e+02,1.076528533797638865e+01
5.349787606331767620e+01,1.241628790509598979e+01
7.885219611231859460e+01,9.993523193875994082e+00
5.877662248795704159e+01,1.266220741830058572e+01
7.950161789346152830e+01,1.260599434315853173e+01
5.587064021417816662e+01,1.364547511972848071e+01
5.515332494964100363e+01,1.247253724909503347e+01
7.997291778953680819e+01,1.239064525163932906e+01
4.248845600648786558e+01,1.141287298569973352e+01
7.410455440074814248e+01,1.075868002555401048e+01
5.665116284675695368e+01,7.128121937052682711e+00
6.123325820479926307e+01,1.068851337857374695e+01
8.243595634834110797e+01,1.057010429664492079e+01
5.378353191940448141e+01,7.843182351038922917e+00
6.705630779101105077e+01,4.625478866495189578e+00
5.959306623291750782e+01,8.562729130091376817e+00
4.341856774744950798e+01,1.049917673873194701e+01
7.708571709733887189e+01,1.402738421449570794e+01
4.228164769742157603e+01,1.254231001188449213e+01
5.726805982703596953e+01,9.750827967012861919e+00
5.692027174118427979e+01,5.827810604653398840e+00
-1.719903526092339803e+02,8.706216931400319936e+00
1.777382085900322863e+02,1.135409508750985985e+01
1.750767922490520903e+02,6.275239246746972199e+00
-1.717094868305252362e+02,1.204620883123195085e+01
1.697069365249240320e+02,1.327182773023359452e+01
-1.661396397689475464e+02,8.307802992114201146e+00
-1.754831254873399757e+02,4.650665065236535334e+00
1.599563469326422194e+02,8.279972869494720555e+00
-1.654425731429770394e+02,1.380851190321542354e+01
1.584449452508459615e+02,1.242286799909856931e+01
-4.328457288787848967e+01,1.532856586040571756e+01
-5.782005933139754461e+01,1.057234280769490908e+01
-5.702029216096409669e+01,8.580769317491469650e+00
-6.675958194927747513e+01,1.095659087681221067e+01
-6.337791959461439717e+01,8.152256560160161314e+00
-7.536073949528761773e+01,1.467191066155952939e+01
-7.271563408367724435e+01,1.566001911853921058e+01
-6.561125407016335487e+01,1.344979157111480284e+01
-7.170577201418790025e+01,1.409831290132209958e+01
-4.532946689727914702e+01,2.042424558222094433e+01
1.519487041581721769e+02,2.042877401414838801e+01
-1.703439809679717030e+02,1.495779876344753134e+01
-1.628074976139173486e+02,1.650493311521847772e+01
1.754534433238928273e+02,1.356846967283870775e+01
-1.766420668588303613e+02,7.527150051780415296e+00
-1.776817098938052197e+02,1.013980561613662346e+01
-1.769708096201979686e+02,1.116973581339604493e+01
-1.799784926455010066e+02,7.496546089763583609e+00
1.749505190691725431e+02,5.578671183109478626e+00
-1.675041557077625498e+02,6.585238865692307542e+00
1.772986600327947713e+02,1.183137083783432431e+01
1.737979897948968926e+02,1.362719020778719070e+01
-1.771794814789946884e+02,1.151117310865388355e+01
-1.786019271401923731e+02,1.216986528634956777e+01
1.571799838815619239e+02,9.683948335989173373e+00
1.758540161369965062e+02,6.986761642856397003e+00
1.799474795095529203e+02,1.068752117689574277e+01
1.677410829074307230e+02,8.621660780348454622e+00
-1.687351411294441164e+02,8.426841902923147387e+00
-1.736127703863195677e+02,5.102233570233927651e+00
5.469371606286272680e+01,1.300442305754000749e+01
5.341453830663174074e+01,1.655927284206372363e+01
5.751710902549827154e+01,1.735276117813480212e+01
4.578712015683257164e+01,2.518188071471141498e+01
7.571953092243141725e+01,1.914665556505939747e+01
5.632826780210334050e+01,1.562866063167684416e+01
8.137158198809703435e+01,1.457832996303278961e+01
8.311710637543859548e+01,2.292776824376830547e+01
5.024594513750007962e+01,1.717495139935155635e+01
7.963793313641063776e+01,1.526322585007887511e+01
1.767161231904350984e+02,4.728749704079326932e+00
-1.761269528554762758e+02,3.838247668147779734e+00
1.785606750162963579e+02,4.751076450454847944e+00
1.788028417640680630e+02,7.503941997050130652e+00
-1.769149629836786346e+02,4.281631154520855631e+00
1.769473447883927690e+02,7.626773799721792813e+00
-1.765935417809641308e+02,6.861047382700853348e+00
1.769428619966800795e+02,6.278014257608125703e+00
1.762415460355895789e+02,8.193604148649363594e+00
-1.765774204934867271e+02,5.542474470858458346e+00
1.794492702770102426e+02,7.643065288816723424e+00
1.676482267804724984e+02,9.278566588939380466e+00
-1.670400919982816959e+02,7.474377287317188312e+00
1.666596504206778775e+02,1.302921247275950556e+01
-1.739342586395987098e+02,7.537716046459690844e+00
-1.698628444851933637e+02,1.302658016163105259e+01
1.655167744976892550e+02,1.069859080958370257e+01
-1.759645571420618353e+02,4.120586968269715378e+00
-1.595764094374637523e+02,7.766163681449604894e+00
1.662221593048948876e+02,1.110968501129757691e+01
7.328766100501073311e+01,1.156210880834729693e+01
4.950826505898731256e+01,8.962845575992723468e+00
4.882401562883132584e+01,1.030641367792197016e+01
1.095771322210054137e+02,1.822073685786557817e+01
7.891093664932527929e+01,1.773875353675634869e+01
3.990536532641544909e+01,2.393585468751893686e+01
8.179400489440760680e+01,1.210245250172275888e+01
4.376430800884324412e+01,1.409512219265248234e+01
7.357853407271247193e+01,1.101330918383252211e+01
5.455597427027862523e+01,1.151293644235479441e+01
-9.279813827729591935e+01,1.836384067060665259e+01
2.147744225818535568e+01,2.989856353412135803e+01
8.615731839704180572e+01,3.224337442147896127e+01
5.136555193197167313e+01,1.922760556423814648e+01
3.257503066979725048e+01,2.921276732590042258e+01
5.937914135030210616e+01,2.793552169097169369e+01
3.712651819513283158e+01,2.510036946319136320e+01
5.659572168694040784e+01,1.764589300895940127e+01
5.899129389456670935e+01,1.882571995370826556e+01
6.252397304457097249e+01,1.693994887608046440e+01
-1.739856998095981737e+02,1.145194942787712833e+01
1.761345116196764025e+02,1.264756707715504902e+01
1.773649567671085947e+02,1.277745856735564089e+01
-1.743173337515652292e+02,8.942288021166238110e+00
1.721265409404747118e+02,6.991248277751282103e+00
-1.698994261759538063e+02,9.687887344281648438e+00
1.688712505520071829e+02,9.172690772036801832e+00
-1.779971818215038297e+02,9.335721481303849600e+00
-1.630460896846046523e+02,1.014585241223129053e+01
1.538579558442239374e+02,9.864432346509374838e+00
1.764057183242818780e+02,7.212033718753128930e+00
-1.597742614942777095e+02,1.258854823258366551e+01
1.657747044326475532e+02,1.637580675763708626e+01
-1.789812022838140422e+02,5.513794959393035100e+00
-1.640904684309734307e+02,1.315281605860895553e+01
1.686575281149987973e+02,8.959577465092436910e+00
-1.718783136365111091e+02,9.560475831533135960e+00
-1.744895308853689642e+02,1.062669457343129409e+01
1.754101402520764168e+02,1.050527798957847203e+01
-1.679441822456330158e+02,1.058981581642930081e+01
6.148521647202924356e+01,1.278878504449509457e+01
7.233501489741772161e+01,1.016863837650965863e+01
6.336925540577476568e+01,8.565205493961292049e+00
6.625692059946729273e+01,6.306383955804896857e+00
7.178250955500060115e+01,8.278977614851399380e+00
5.765211969693972804e+01,6.394490606453893555e+00
6.397736748645080240e+01,1.407532339867707272e+01
6.126582080544700659e+01,8.071223452688345290e+00
5.588545583714356013e+01,1.333572343539441718e+01
7.374910357205459377e+01,1.071228500916806325e+01
-5.452127814294331642e+01,1.928465195395326859e+01
-7.666974338540548217e+01,1.892890476356206619e+01
-5.239728268785034260e+01,1.496423862366662050e+01
-7.351998555181904749e+01,1.706887761978689610e+01
-5.580768470180372987e+01,1.927713514983203780e+01
-7.686317819629314840e+01,2.006032550834622441e+01
-5.642986179928710300e+01,2.371224072369765423e+01
-7.987198876007367687e+01,1.799629630616329479e+01
-7.335951625343864180e+01,1.385604983107635491e+01
-6.745808869468999092e+01,2.365837711601765747e+01
1.786802880447710322e+02,1.449666342750980519e+01
1.705219751929058702e+02,1.229514285784533634e+01
-1.659957756483761102e+02,1.495307766294864749e+01
1.729905308678414428e+02,7.455589426665827801e+00
1.735225237185797482e+02,4.713247668406199686e+00
-1.669412046140368773e+02,1.296116481299293355e+01
1.636573642090387182e+02,1.378638498075022589e+01
-1.779859079374705004e+02,1.652923869092907339e+01
-1.764216752073074588e+02,8.816332125123524932e+00
-1.785708677052765836e+02,8.997241152358260052e+00
8.401849174522682517e+01,1.607670663721429349e+01
4.820657495087743172e+01,1.847582888136938095e+01
6.158463867912172418e+01,2.069289232725270722e+01
4.980060906440447610e+01,2.033685982098545253e+01
6.490213789088889484e+01,1.660794176346245621e+01
8.078479547614665535e+01,2.067649404251726963e+01
5.254746170544380135e+01,1.320659780399401839e+01
7.727947367478719798e+01,2.295988266088673768e+01
6.552744030928737118e+01,1.392021061493104028e+01
7.293598223169989581e+01,2.584772209868168602e+01
5.465861533706323883e+01,1.935131659401663384e+01
1.113747105502978201e+02,2.569176236959182802e+01
8.935260111861543919e+01,2.129240557059121386e+01
5.620023927735418567e+01,1.747213526476918588e+01
9.225578939130873835e+01,2.594173301836323731e+01
5.986203880543097000e+01,1.563265076840850298e+01
7.738184698649364179e+01,2.458588567487944232e+01
5.793014798564344403e+01,8.700944308064428867e+00
7.207269951690282994e+01,2.245275860545147850e+01
5.455392555452230852e+01,2.450917847005333527e+01
6.205484666476512245e+01,1.496341784206314252e+01
6.025239018477521569e+01,2.253649632030293759e+01
7.351591250947137723e+01,1.624832732378775546e+01
5.077351688201941471e+01,1.654279441109041571e+01
8.977755098902169095e+01,1.704152068104462359e+01
9.198653951729004064e+01,2.162478818099027578e+01
6.167926010461130204e+01,1.205543980009572458e+01
6.742812320578532592e+01,1.752217193516717231e+01
5.415788972546241808e+01,1.334264387157420018e+01
9.006399926183134141e+01,1.574239270855798623e+01
-1.565186112388390143e+02,9.764729585817285340e+00
1.660453600806127668e+02,5.220407705166405954e+00
-1.728119080343782628e+02,4.074597935276916161e+00
1.716029652987317888e+02,8.840813928615528283e+00
-1.735892248844191386e+02,1.215177688149907631e+01
1.717928988693768702e+02,1.412665504025589769e+01
-1.590362737379173552e+02,1.188809079800097557e+01
1.521800372211446302e+02,9.220444395479084676e+00
-1.666208152130024303e+02,4.714825631567542530e+00
1.765313821078821661e+02,2.572323554389793543e+00
-3.680425127618489967e+01,2.461383920736426134e+01
-7.693171689626102250e+01,2.119519523477365297e+01
-4.912892272883633638e+01,1.661695175200980401e+01
-7.291577366909129410e+01,1.187114697634280702e+01
-6.862612242735788470e+01,1.494012644006938828e+01
-6.647191569086480456e+01,1.567316427598039041e+01
-7.736686984469965012e+01,1.315861151530688034e+01
-6.465385941244544199e+01,1.562421200757591322e+01
-7.889249053700825698e+01,2.019536421078896637e+01
-6.480439042667772753e+01,9.500011754743578507e+00
-6.087340612157520070e+01,1.486771574083470782e+01
-6.168995857459805876e+01,1.330676348531311781e+01
-6.996790628926683553e+01,1.327027226028188522e+01
-6.631472258639576012e+01,1.258132808679956938e+01
-5.783374695368264895e+01,1.130141228401526021e+01
-6.460187214088765018e+01,1.371725231694572500e+01
-7.066137391633482423e+01,1.193461358540410444e+01
-6.566779298738545378e+01,1.166299677737102591e+01
-5.921804573882148048e+01,1.250975738132400750e+01
-7.464107987126334365e+01,1.599196853123085305e+01
8.866365262157509619e+01,2.148927528345441829e+01
5.118962369312240668e+01,1.245486194975938687e+01
5.359839106760811234e+01,1.510476884584593904e+01
6.764385877447276130e+01,1.971021411501580545e+01
5.249892423372242689e+01,2.368665027532375333e+01
7.268450185553608378e+01,1.291379111666582347e+01
6.494733170848688530e+01,1.633203859401875846e+01
6.109756918553831895e+01,8.648060822232769951e+00
6.220502481842267883e+01,1.733833408239652130e+01
5.827139602201115309e+01,1.987211624621553341e+01
6.216016787758071160e+01,7.251897968339847012e+00
6.880357605044466140e+01,8.376872941289676078e+00
6.035664291579005436e+01,8.300349723114074152e+00
6.075744050092757220e+01,1.021460731380251019e+01
6.233296493224671764e+01,1.112163571228421333e+01
5.316393259611381694e+01,1.133195882706540480e+01
8.364706492624570444e+01,9.584918120350383930e+00
7.784861786019699537e+01,1.294681981212128186e+01
6.946671882290424094e+01,1.156672762385484177e+01
7.349792981639541267e+01,9.628311236500824322e+00
1.789080467073060845e+02,9.281841968635101026e+00
1.699310473949774689e+02,1.441993227528656085e+01
-1.746231361417160315e+02,1.547755855478608211e+01
-1.744528329652079321e+02,1.033905918191635109e+01
1.579588931395973930e+02,1.265411587347810496e+01
1.774940374710552646e+02,1.713615337316504394e+01
-1.713775846531345906e+02,1.368410110293797999e+01
1.530663847795867696e+02,1.880411978965482689e+01
-1.780333071520657029e+02,1.139054923540891018e+01
-1.792600299809761850e+02,1.408340215674130214e+01
-5.034352707024713425e+01,9.420099431748392149e+00
-6.894636303839830305e+01,6.336434608666424495e+00
-6.539261600687639486e+01,7.711012276108963448e+00
-5.909295003036002214e+01,1.120917352262359756e+01
-7.679690893612448122e+01,1.298362350646041818e+01
-5.120829194277193608e+01,1.059164800224996483e+01
-6.833065129445476771e+01,6.990121241822222942e+00
-6.916734684739171257e+01,7.415803226454265484e+00
-3.260626169094857119e+01,1.417991407809112125e+01
-8.503238924319541070e+01,1.491853867259311883e+01
-5.093386006985979719e+01,1.216380140538985088e+01
-7.519030314287282124e+01,8.368185143037694118e+00
-7.604473540586468516e+01,1.738841592579532147e+01
-8.043897038237705033e+01,2.871581897157938101e+01
-7.028988717014327392e+01,2.650682794507007856e+01
-6.817057385057754004e+01,1.787503648457177619e+01
-5.844170479575907962e+01,1.170102460296386582e+01
-4.099900169884906376e+01,1.188487369878655642e+01
-6.592013783335765709e+01,1.497978607493278957e+01
-4.524455622292536816e+01,1.018068746727531959e+01
1.781589808367638739e+02,7.673258582048305243e+00
-1.796999551462550926e+02,8.956007990903559701e+00
1.792541426375977096e+02,1.088970405045858136e+01
1.770791275711993080e+02,1.378098840759214028e+01
1.738009796175123824e+02,9.847311834515080520e+00
1.799059503462774217e+02,1.307749040755644998e+01
1.717415995274629665e+02,1.153409115637682802e+01
-1.799245056084766929e+02,1.273451280218478843e+01
1.672066329889068186e+02,1.336532882074244100e+01
1.730428759436251767e+02,1.379994107754656341e+01
5.260428788624830787e+01,8.769164160754883142e+00
6.293573842141765340e+01,8.472701759747405248e+00
6.590786951817402439e+01,8.416899122790251653e+00
6.315808296988577553e+01,9.984487720540816014e+00
7.204965862662766085e+01,1.086658344777102414e+01
6.101238565489451560e+01,1.060395139138784693e+01
7.287710123827913833e+01,1.089798858058882836e+01
6.162719398214957778e+01,5.959352113081571645e+00
7.420078479111917602e+01,6.739879273690526418e+00
5.026767723327034787e+01,1.806427992419945738e+01
4.803071489632876734e+01,5.716865530938521900e+00
6.946713867166972989e+01,1.048715833126209063e+01
5.942897703536052489e+01,4.959827536518257141e+00
6.205205567472891914e+01,4.847574331295737338e+00
6.644030381331103285e+01,6.415694292565161660e+00
6.393553874271892568e+01,5.501904716449132593e+00
6.016164315986322464e+01,5.130580292522532559e+00
5.584876472941369485e+01,9.292951090018231497e+00
6.783554636824939621e+01,7.604954291434625091e+00
4.574864564770276587e+01,7.342747437190487503e+00
1.651087655360742872e+02,1.975205385631630151e+01
1.746796742464461261e+02,2.572056692894177488e+01
-1.640943304348075742e+02,2.505902915518225527e+01
1.504745576945393566e+02,2.728092447285651900e+01
1.667519674762685611e+02,2.011727364847640231e+01
-1.519671469835249127e+02,2.475973609903448747e+01
1.649106498447073932e+02,1.811438064714891638e+01
1.628331328911642117e+02,1.758734467653636813e+01
-1.669719201169085352e+02,1.451198812686461537e+01
1.747908283922960493e+02,1.454168486827108708e+01
-6.246863546482571650e+01,6.801461889493602087e+00
-5.328259475987022142e+01,6.656558882419272294e+00
-6.434856457801291185e+01,5.455286990834269822e+00
-5.980167357698324793e+01,7.543723022255839794e+00
-5.693442577277884453e+01,7.938870596816364866e+00
-6.958200353603429278e+01,1.390168030151611234e+01
-5.304146619628451020e+01,1.356660644070054289e+01
-6.342821075178896706e+01,1.029445482786874955e+01
-6.322303624845453385e+01,9.678070367571141475e+00
-6.828575641960135556e+01,1.185751408296365028e+01
-1.722942693518307635e+02,1.278747921471455129e+01
1.558225202798367945e+02,1.412540020137560326e+01
-1.465297968725230362e+02,1.783719377700003150e+01
1.642426043706298628e+02,1.040347831954009905e+01
-1.770533829151539749e+02,1.671430528047211439e+01
1.668758778296838443e+02,1.906369100162203978e+01
-1.663747685274680919e+02,9.165655480628249308e+00
1.697997193365558246e+02,1.174290871068700248e+01
-1.660773482512237251e+02,8.089498805503632539e+00
1.658835840809499871e+02,2.218569971927935569e+01
6.664814196194197393e+01,1.395593038535108477e+01
6.328174530342048598e+01,1.343128409487570352e+01
6.058581211853750403e+01,1.203210340158773839e+01
6.693511137805933231e+01,1.174364782104233029e+01
6.711464395960139484e+01,1.019825011963125760e+01
6.786508783930675293e+01,1.497894556707742808e+01
6.307986474621868922e+01,1.275447538898140465e+01
7.038036035670673130e+01,1.533686937553379792e+01
6.924174465372158238e+01,1.321591888522703861e+01
5.466108237562954741e+01,1.705460412974335327e+01
6.800034818627851507e+01,1.370365886367850372e+01
7.074647665580518208e+01,1.274741111641412772e+01
5.511872769660502769e+01,1.589447431511342756e+01
6.366806420873432160e+01,1.126748226363900507e+01
6.912312581429743830e+01,1.081813005691862806e+01
6.225366802720942161e+01,8.424007821003140606e+00
6.908272022106135068e+01,8.579988222676268705e+00
6.084909407280757421e+01,8.944086182912188931e+00
6.569500747417285424e+01,7.761436271204733117e+00
6.553218834448260566e+01,7.989799521663824677e+00
6.697262027272202545e+01,7.604105700913500243e+00
6.164607075240640910e+01,9.778229125028307323e+00
6.562329425810737860e+01,8.631477413621837513e+00
6.480287873823439782e+01,9.748019305869688012e+00
6.242570272590990044e+01,8.090031792336837668e+00
6.951993654326365402e+01,1.065482894997698260e+01
7.180129564589127256e+01,1.222725566254769092e+01
5.776337395920504036e+01,1.291718995709575069e+01
6.276985683284033257e+01,9.180856377805172386e+00
8.463818807064838268e+01,1.540706003490976528e+01
3.956694255947848404e+01,1.968198270645674341e+01
6.386330603467223455e+01,1.761105450917775173e+01
5.582747461735667116e+01,1.179260838232998765e+01
7.013389376097508432e+01,1.169436235424427295e+01
8.538688883476432068e+01,1.350299104776018133e+01
6.811613844933826556e+01,1.546420588354974157e+01
8.426469633278543370e+01,1.541937722774141406e+01
7.176700650871279663e+01,1.155547318926537592e+01
6.192403030765056116e+01,9.394977529502105185e+00
7.127714328232897856e+01,1.093517099647140434e+01
1.714302294596787988e+02,1.246978884094550821e+01
-1.704995349515070018e+02,1.792042400411041925e+01
-1.725000672893923479e+02,1.881265026401863594e+01
1.744707124853102016e+02,1.665574493144709933e+01
-1.651114581291928118e+02,1.065196315031411167e+01
1.713647458688524523e+02,8.068752759265375829e+00
1.769816371372759249e+02,1.382883870696858430e+01
-1.567854857368199646e+02,1.626588345789812351e+01
1.664982755553995446e+02,1.108577620937531094e+01
1.799667513731421593e+02,5.105978766400102842e+00
-4.309958202638595282e+01,1.714533856091923525e+01
-6.748527018476310957e+01,1.213303085250760560e+01
-7.991876595606349554e+01,1.796208926328771582e+01
-4.858437004349205068e+01,1.512139034404636817e+01
-8.394323768130324481e+01,1.482158923248880100e+01
-4.517517296703748997e+01,8.012121075770540557e+00
-6.321859587668435410e+01,1.347999825340101410e+01
-5.588801825204186002e+01,1.575074834984927463e+01
-4.442069027544000193e+01,1.270895481810830319e+01
-6.254388252387990832e+01,1.104926256688878716e+01
-1.788908373088970052e+02,1.034493320839685992e+01
-1.757387232355623610e+02,6.685295346541208161e+00
-1.747396265285872801e+02,3.164057130420943942e+00
1.715114024368330661e+02,1.118561250618797409e+01
-1.764413353130815665e+02,7.766550134732643329e+00
1.761420304615915597e+02,8.577429344525620891e+00
-1.756562078321158822e+02,7.270534495069671976e+00
1.574852314346188109e+02,8.722850747907038738e+00
-1.645466033470989942e+02,1.177686396027014482e+01
1.763513275555193331e+02,5.379970588274317400e+00
-1.758528705783968178e+02,9.006847672762631873e+00
1.781226605465998887e+02,1.000970223298362072e+01
1.720847242119918121e+02,7.463728787544464005e+00
-1.647713024272833877e+02,5.283381975325765367e+00
1.661142080684096527e+02,5.811488441455844089e+00
-1.706388748964689910e+02,8.058441898897660494e+00
1.750817715937472201e+02,7.984098428941448944e+00
-1.762354199750702151e+02,1.201904501409634030e+01
1.711924537661958823e+02,7.259660988901224243e+00
-1.735627125264414587e+02,1.249777609275080614e+01
-6.881306984153923167e+01,9.212237314151906276e+00
-3.602052616851160849e+01,1.248776139441714683e+01
-9.211182779908814666e+01,2.281202524366242557e+01
-4.045486824028666462e+01,2.278161586562932683e+01
-2.793111343660594059e+01,1.894718367538781933e+01
-1.162972447654670134e+02,2.356481244784896845e+01
-1.582783054786306423e+02,1.267972664608257105e+01
1.292828078662670634e+02,2.849649304319088827e+01
4.142102131950711907e+01,1.916776574201224292e+01
4.847872774853468059e+01,2.428740723403627655e+01
8.199813202487375463e+01,1.416270039698559202e+01
4.714109138377692432e+01,1.939967076164911219e+01
7.311325611602755714e+01,7.858672089492952040e+00
8.057019330186061268e+01,1.527541527958102918e+01
5.920872477576359216e+01,1.711535539960305385e+01
8.284785051979986292e+01,1.466124470434424154e+01
6.230122652592822163e+01,1.871150782101067023e+01
4.602601098283866321e+01,1.528292101955473825e+01
8.224529290434279005e+01,1.701537555380258482e+01
5.521196129073818781e+01,9.873587031706318129e+00
5.636507130176746472e+01,6.113410302301770294e+00
6.075700668313503883e+01,1.560018843525674015e+01
5.473232216675566519e+01,1.805735865221018344e+01
6.232684948484941856e+01,1.390446859809862445e+01
5.488486868794526430e+01,1.878574714064044926e+01
7.057533219784160394e+01,1.671785943360218951e+01
5.597244095918171070e+01,1.814053252270885963e+01
7.355433175484873232e+01,2.123114169723034195e+01
5.339953743830707822e+01,1.819683414670055299e+01
5.209698086603849987e+01,1.519885860071007855e+01
5.911474729449734866e+01,2.328024458711188061e+01
3.929712829922957695e+01,2.648340420197546763e+01
7.094580136060486097e+01,1.924836098669532092e+01
4.742018535446700866e+01,1.342172123110477955e+01
6.788264315720452657e+01,1.569600629835323247e+01
9.469698530042605000e+01,2.834880590445215631e+01
5.113093712531707524e+01,1.203439122454079069e+01
7.540706764311957500e+01,1.855657469136139426e+01
9.807803205354437637e+01,1.960857248494166782e+01
4.068643268778836131e+01,1.544570786658546524e+01
-1.786348671155767249e+02,8.175105374742921427e+00
1.767057535311047332e+02,1.586769399892705579e+01
-1.799775158836448554e+02,7.787816848743636555e+00
-1.759170064868869190e+02,9.626940241527144337e+00
1.776325728718583434e+02,3.139977055412006113e+00
-1.595854206147680259e+02,5.656216186452095229e+00
1.507969119739367727e+02,9.948581028016425520e+00
-1.637137521472856179e+02,9.842889463280471318e+00
-1.793538896882384961e+02,1.916669283134335444e+01
-1.745340136293140461e+02,1.585877453770057954e+01
-1.791502307090701152e+02,1.459015858127586895e+01
-1.741897303259703165e+02,1.018974157378895562e+01
1.678941896559634870e+02,1.345393781225212315e+01
-1.637625692333639051e+02,1.029189080735408801e+01
1.774951567148443985e+02,1.129985394413394495e+01
1.713630448561671642e+02,1.228815816774680414e+01
-1.542030526343417023e+02,1.295853534010560182e+01
1.786477213218626048e+02,6.901108861872818245e+00
1.652261194145804666e+02,1.169627204024780909e+01
-1.577948278515243317e+02,1.775540534751662136e+01
-1.518222469372645094e+02,9.341801075324760006e+00
1.597560437132983111e+02,8.728822445150518305e+00
-1.789585567545862261e+02,8.544066924570222099e+00
-1.683625686241416588e+02,7.002214555000104923e+00
1.689324783376536914e+02,8.265841441267005152e+00
-1.660719099014755784e+02,5.221854785767517271e+00
1.762798443630588281e+02,7.669569061554197376e+00
1.739903486413908809e+02,4.750133430750770991e+00
1.666215854942731767e+02,4.398579260317584172e+00
-1.511245615020633011e+02,9.302264688306088658e+00
6.723433419021058910e+01,2.528746291912139554e+01
7.939872060686620614e+01,2.345957147033475820e+01
9.164499722425438222e+01,2.276686051500335850e+01
8.690889555108961417e+01,2.105071675048722213e+01
6.057428411285086867e+01,1.982016644822645901e+01
6.788110065568736218e+01,1.863415472649419513e+01
6.941969118887200807e+01,1.911253018249189495e+01
9.027319292115456051e+01,1.914008639742087325e+01
8.034479282680234746e+01,1.727797990362218172e+01
8.543072701828698712e+01,1.653459505952709208e+01
-1.760187159621354454e+02,1.210689790198469318e+01
-1.717361376500560368e+02,1.321862130898778531e+01
1.687488392636982155e+02,1.259959272957669896e+01
-1.751799642557124912e+02,1.326087659603250302e+01
-1.680719517494787851e+02,1.511964801771036981e+01
1.656699641977101862e+02,2.007759513239465221e+01
-1.727993478299739536e+02,1.405749026919094469e+01
-1.687759123612438827e+02,6.419999885688426389e+00
1.602091004012114865e+02,1.209514263134308010e+01
-1.795290066123891108e+02,7.579663404298527141e+00
7.324171322208280799e+01,1.198247187275501346e+01
4.631625711919983246e+01,9.464814138514066499e+00
6.957370942443817796e+01,1.238940226321170002e+01
5.282202544985659642e+01,1.469595737229054322e+01
5.895047633473256354e+01,1.382296899556133241e+01
8.075427823616676903e+01,1.602694161220872360e+01
5.775453950202586384e+01,1.298838536195752269e+01
7.664341863075735262e+01,1.621399142198659149e+01
8.043950164197424613e+01,1.945807048478702939e+01
5.121152918687261746e+01,1.094993365498729077e+01
6.414264511921712142e+01,1.046559274110666493e+01
5.850442489578080796e+01,8.869491059210051986e+00
6.673395718280430344e+01,1.890156735956780309e+01
7.427794029492602590e+01,1.318931020864883763e+01
4.517352933601433307e+01,1.301187085750747130e+01
6.953605977358181178e+01,1.467746678330167320e+01
6.654826783308016047e+01,1.505351392893244977e+01
5.058062563591175831e+01,1.774519740121801092e+01
5.980412467556862310e+01,1.570014678443021339e+01
6.643130079238585495e+01,1.148140781326108417e+01
-1.728233643708261127e+02,1.394272615055565900e+01
-1.689799712532444005e+02,1.137491771388367923e+01
1.613658704041857277e+02,1.123910371778552530e+01
-1.628225228430752622e+02,9.391524939411681316e+00
1.771796167200651269e+02,8.420144823255329314e+00
1.637067800143629484e+02,1.051720397594444911e+01
-1.659127994055594968e+02,9.311937345182073500e+00
1.765412954654222233e+02,9.418213459448766756e+00
1.757236983398000802e+02,6.013867795289833396e+00
-1.620851204149191744e+02,1.240320764937853326e+01
4.726096814317887151e+01,1.127120724854614409e+01
7.495324465391158242e+01,8.264700072238884587e+00
5.846553819653559714e+01,8.056263475780230721e+00
5.251266964357909472e+01,1.217597355521846936e+01
8.514929854689675892e+01,1.364812912200240724e+01
4.418867184920311075e+01,1.436859465256348045e+01
7.008804597735219488e+01,1.299456232464044625e+01
6.763834969328641478e+01,9.154347623579845106e+00
5.022461627797207484e+01,1.411442190733921542e+01
7.366036691286164739e+01,1.542010915885390432e+01
1.457079154839955208e+02,1.989562788528630222e+01
-1.788853996469287324e+02,1.652311364120645720e+01
-1.477735636567873598e+02,2.003848002051869415e+01
1.668940541301626297e+02,1.727670258994308838e+01
-1.640927716641185441e+02,2.329561015112562927e+01
-1.612922246590067630e+02,1.367612693261649248e+01
1.680661372552626744e+02,9.664461333695037126e+00
-1.758832444085443569e+02,1.078335931973615658e+01
-1.785250825967857793e+02,1.616043782659622607e+01
1.743688538191776445e+02,1.645211756639552902e+01
1.693688881559743038e+02,7.302605196911688523e+00
-1.687198255082535354e+02,1.013394472845596717e+01
-1.748531998592721948e+02,8.348558883480947657e+00
1.713127419768447339e+02,4.875659339743397602e+00
-1.737439230901456142e+02,6.461792945950570299e+00
1.776655142304150559e+02,6.341136498923728659e+00
-1.760204141812493503e+02,7.577114597973768184e+00
1.737960341984217507e+02,7.990698812783964655e+00
-1.757549193335805171e+02,6.156812023201653439e+00
1.684714279401715089e+02,8.940744645251971434e+00
-1.576820651749898161e+02,1.524155504443064046e+01
1.600387795202686902e+02,1.397691088299615458e+01
-1.794173681451824223e+02,8.788217682005299736e+00
-1.761972771018384378e+02,1.880661184041503020e+01
-1.739184928854454597e+02,9.723865770162634092e+00
-1.763698048413921811e+02,2.667495040541034257e+01
1.570947079328333587e+02,1.690799161083626601e+01
-1.526265770096717347e+02,1.657926239943537183e+01
1.666183999271152629e+02,1.566594257970418980e+01
1.770454165409227585e+02,8.222769177582614830e+00
3.633361413445163635e+01,2.130492895068173453e+01
8.290293088371295482e+01,2.110419888542823230e+01
3.739003889368009936e+01,2.343392941606267499e+01
6.360296114542413903e+01,3.126973692212671097e+01
6.851293768158853936e+01,1.225771315279300211e+01
4.154869874735776847e+01,3.259251842562754575e+01
8.428184454103138989e+01,1.755853786598049382e+01
5.702506765873490480e+01,1.430854964948611929e+01
5.717659097666297896e+01,2.259412686031327411e+01
9.491290319672665987e+01,1.742589882736126583e+01
5.002919129677221832e+01,1.281983152775477741e+01
6.667487699716231475e+01,1.572036215576701679e+01
7.438339476690376273e+01,1.110128275371804563e+01
3.547978370018108762e+01,2.044213758857005558e+01
8.022666172228046833e+01,1.224460004159919180e+01
5.133863473362557528e+01,1.015660408070565879e+01
5.877884414712922023e+01,1.124977258325989382e+01
8.140113967857016064e+01,1.707493911449275714e+01
4.607801091136621352e+01,1.945957086830640748e+01
8.136299910024121118e+01,9.679551831403783169e+00
-1.640733843723226357e+02,7.609349042541337482e+00
1.573463426397837850e+02,1.086611748462249949e+01
-1.789139588189458152e+02,1.054695882652466210e+01
-1.670320779568299088e+02,1.331205789365584202e+01
1.553811757481472569e+02,1.868226639363451724e+01
-1.635439149180305947e+02,1.819910230322038913e+01
1.757343901631234075e+02,1.979491494397763773e+01
1.678132499284367043e+02,2.416854584066430078e+01
-1.721461187769050980e+02,2.041068048324617479e+01
-1.755367288757652773e+02,1.269140364355312300e+01
-8.739599829603550063e+01,1.669698420519911508e+01
-9.098934480374822442e+01,3.066481161574998282e+01
-4.926268379610664994e+01,3.015423684501357471e+01
-7.908035032175391166e+01,2.179560558754674560e+01
-8.330956716063090539e+01,1.576311992856372513e+01
-4.643691899532890943e+01,2.498457822852067522e+01
-9.351044540925676074e+01,1.604289331591483148e+01
-1.468348581733240508e+02,1.298410892714511178e+01
1.653199175266005057e+02,1.517035074226841296e+01
1.690754422866568518e+02,1.588809386445877792e+01
1.780497969269439125e+02,1.146135381618968907e+01
1.709219187987267219e+02,1.041141968777832894e+01
-1.679086683854798139e+02,7.381278346337147411e+00
1.746682470575624109e+02,4.213431425412218267e+00
1.797485535166028399e+02,6.370263428782151571e+00
1.786559662409017619e+02,8.715962897738073423e+00
1.753735809420018654e+02,8.991327141980811177e+00
-1.765433786214188103e+02,8.776125677909933032e+00
-1.787893665026207373e+02,9.515955470143010686e+00
1.744850606509463091e+02,7.963739245762248231e+00
-6.070042614153995686e+01,2.790663061228776698e+01
-3.426467643692654264e+01,3.205854760235968115e+01
-6.947486267621171407e+01,1.407403822812077898e+01
-4.761111267870681019e+01,9.481142491730158994e+00
-7.842538736440548064e+01,2.566066301630691271e+01
-7.261384727382835536e+01,2.060174591260094701e+01
-4.779921165944315931e+01,2.086681934718166787e+01
-1.019993159398338065e+02,1.583025057521381385e+01
-7.656043877825815969e+01,1.319668524301715351e+01
-2.348925110454272769e+01,2.693027701064482926e+01
-1.751379451385497816e+02,1.487760143461873241e+01
1.775000136090596925e+02,1.526775705842027975e+01
-1.609419111522969388e+02,1.623237334227580320e+01
1.761042501846178254e+02,1.596667753840125670e+01
1.745911832169645663e+02,1.407672802560185410e+01
-1.725815917415700937e+02,1.108737924751064874e+01
1.730237352720552053e+02,1.155970417216257573e+01
-1.772223071839288764e+02,7.649792133709757636e+00
-1.732345378740322701e+02,1.159704805055250176e+01
1.759141311638186664e+02,8.957646994401706309e+00
-1.788237688484435637e+02,2.681288118642633833e+01
-1.667093907888196895e+02,1.977466444276208790e+01
1.591475948421662281e+02,3.050692305992049569e+01
-1.771084088541674646e+02,1.256951965473666277e+01
-1.736322662198226965e+02,2.518549195239733862e+01
-1.792026245062826888e+02,1.426383731852071612e+01
1.604305764868793176e+02,1.150194446299196116e+01
-1.612827355912120311e+02,1.647951356033133408e+01
1.755619513324146794e+02,1.209455983045910443e+01
-1.698003139757486224e+02,1.580094370577310769e+01
1.686169369197687047e+02,9.850931391750400223e+00
-1.461946541044432024e+02,1.716155106563611810e+01
1.490063107089605978e+02,2.101117941144104506e+01
1.789123837868469877e+02,7.124080362147928724e+00
-1.631956688370464974e+02,1.508912320435207022e+01
1.575035286884613583e+02,1.041704597142925692e+01
-1.528237349522975137e+02,1.695903589406777456e+01
1.688556507513142435e+02,1.775898126384506526e+01
-1.737172620308930675e+02,1.804379923829431220e+01
1.669087886803913534e+02,1.385387757359348271e+01
-1.637363459305453262e+02,1.430682391445833801e+01
1.653871113298755802e+02,1.184994577772546620e+01
-1.645408594016641928e+02,1.860506705451037490e+01
1.583289425096873799e+02,1.523505280723606958e+01
-1.778051404013845342e+02,1.616288833830346050e+01
-1.378692895563563638e+02,2.080078849309224864e+01
1.547076541329533370e+02,1.547868845405534088e+01
1.365852215021417067e+02,1.549692299117553773e+01
-1.617218983261961398e+02,1.749249982560550265e+01
-1.529642272339430065e+02,2.476869909700911165e+01
5.850742539129107911e+01,7.185054468394824312e+00
6.272237369975812271e+01,5.670278187221390986e+00
5.404882341483207142e+01,5.071248248797602720e+00
7.663842519882163629e+01,7.726511811362399840e+00
5.494910732534692244e+01,8.957186254324161823e+00
6.534958694601539264e+01,9.577762027084261831e+00
6.867168401315541360e+01,1.142849802079251020e+01
5.213884554090143553e+01,1.113106756751021287e+01
6.559941668345705068e+01,8.162833373248922442e+00
5.399250949610115669e+01,1.142248330269627132e+01
-1.594141345107820200e+02,2.054910858770922033e+01
-1.688819635421745886e+02,2.175019322618506479e+01
1.550434044386591950e+02,2.956382023893995381e+01
-1.607027232646883022e+02,1.607564253691774780e+01
-1.620056850322218907e+02,1.924205217803144308e+01
1.450129072055879078e+02,2.033580895241987108e+01
-1.583248851586866977e+02,2.442663173088332940e+01
-1.461698330725272683e+02,1.321988447943458134e+01
1.647270749079907830e+02,2.189414471628385073e+01
1.786769574700372232e+02,1.435473064041772595e+01
-1.779222547451640253e+02,4.928184461113161774e+00
1.783566886976141177e+02,7.834422585456993104e+00
1.784250125646059075e+02,8.986164458803544974e+00
-1.716699791858914921e+02,1.250697964430168163e+01
1.766320935349444312e+02,5.915622741744591018e+00
-1.796042253543031109e+02,5.799206985740382514e+00
-1.788036707357492219e+02,7.148333948939995963e+00
-1.724518090585698928e+02,9.484896881246609013e+00
1.650190024220982821e+02,8.496188790967829974e+00
-1.647177475845762444e+02,7.182172403361032131e+00
-8.375668824960949621e+01,1.403100835785726908e+01
-6.503163426128436697e+01,5.481485794439600490e+00
-4.790369480177874806e+01,9.789543729954718998e+00
-6.418035331607535454e+01,1.449246604373793090e+01
-4.860904093437985551e+01,1.286815727516952634e+01
-6.691064010275502483e+01,9.336209759240549744e+00
-5.156958044153569176e+01,1.029863291384017643e+01
-7.897944724581280695e+01,1.065141301847866373e+01
-5.414174744609265844e+01,1.590416708781449984e+01
-7.833079523684226331e+01,1.714073684475804882e+01
1.645078953410369706e+02,9.295746267048826894e+00
-1.725830349604071046e+02,7.549831187239624875e+00
1.741291142930783735e+02,4.448011957775129588e+00
-1.763036193314881928e+02,9.180701983923995613e+00
1.721199780838211950e+02,5.606942305266694682e+00
-1.774781310364975582e+02,7.352760009962979737e+00
1.719522716606002746e+02,3.631707138465568363e+00
-1.741054271154559956e+02,4.705306534238020255e+00
1.782946912483639323e+02,3.512595713192926183e+00
1.744502718438495492e+02,5.396182678004782574e+00
7.050936409150752127e+01,1.333808071985265009e+01
6.816351107922110941e+01,1.218754417079590979e+01
5.589406439476834265e+01,1.037346962876141099e+01
8.364345907883711106e+01,1.272237440539347730e+01
6.324060834016871979e+01,9.437144761553199146e+00
7.846899579135804004e+01,9.511166168459007864e+00
7.757408821175403091e+01,7.559329707950258381e+00
5.710040825787277896e+01,8.441327478431695397e+00
7.747671029652923380e+01,6.547323120375105887e+00
5.373287725356303213e+01,6.417664070730901393e+00
5.842061301869626533e+01,6.953714512902347877e+00
7.542590193769883911e+01,8.797692554062905401e+00
6.313399317693470891e+01,9.462281043264985314e+00
7.225483065816597161e+01,9.607177451374532495e+00
6.504562090953334064e+01,6.919489470212976556e+00
6.465046358478092259e+01,9.163348203316155960e+00
7.170971402879446543e+01,5.875217726454939893e+00
5.911527603421080812e+01,5.695964982297029522e+00
7.181267927071452561e+01,7.570654166722530221e+00
5.950403528603501968e+01,7.891857993706842933e+00
-1.768500043847719780e+02,8.333210484080632696e+00
1.788600186485847132e+02,1.026677168810726748e+01
-1.760287396058801619e+02,1.477326219853049949e+01
-1.752325016561337065e+02,8.090271575732407072e+00
1.690036193028805371e+02,6.802052491326462835e+00
-1.663151600146530313e+02,6.443987014771929367e+00
1.741456656221107835e+02,1.193035138628739311e+01
-1.748098164463607986e+02,7.792275861742483656e+00
1.699472532763486754e+02,1.393973611517355238e+01
-1.763371954129407584e+02,8.146490688362705512e+00
1.693220152305079012e+02,8.015351552830274784e+00
-1.798932285504331503e+02,4.505849758049636833e+00
-1.646731723088301180e+02,8.057185887323692342e+00
1.626663879320759065e+02,8.293512638068825993e+00
1.724563666187378033e+02,6.566360820546812249e+00
-1.644099807241703957e+02,7.745171208105034566e+00
1.685822569345109514e+02,1.203466340728774853e+01
1.691031811937119471e+02,9.961956884352542119e+00
-1.750637270896476423e+02,1.064557073095516415e+01
1.748854252143474639e+02,1.514750052895253773e+01
-1.683621476202925464e+02,2.138846969391423158e+01
1.726958318702364750e+02,1.794962874807257691e+01
1.676179596937076326e+02,9.397355658795017774e+00
-1.638258758058153148e+02,1.317256619791871231e+01
1.659173435274144879e+02,1.248403429738225512e+01
-1.754331916231011803e+02,1.488147868746642999e+01
-1.638916499683522545e+02,1.818151733512246437e+01
1.621415863390753884e+02,1.559976444165334186e+01
-1.788684723566024388e+02,1.552027731990094139e+01
-1.698804410489170778e+02,1.015769848912521489e+01
-7.461205200136086546e+01,1.072315479661322613e+01
-7.402229301861991928e+01,7.677078355596764325e+00
-6.363678828502154516e+01,1.089117832211418957e+01
-6.906398594684770842e+01,1.283385520560681670e+01
-6.370435125084969741e+01,6.636440249447164597e+00
-5.179700259439020016e+01,1.267548752996335182e+01
-7.014927467845367914e+01,9.406094783966910455e+00
-5.980189874792653626e+01,6.246600876467629959e+00
-6.244140204395512939e+01,1.167944081671031142e+01
-6.693138465770928747e+01,8.898059699987076243e+00
-1.693451862071796938e+02,1.568151668055640613e+01
1.678588383143249985e+02,1.662435515637459105e+01
-1.582448891264548649e+02,2.055417802566846674e+01
1.766945384524613303e+02,1.746099246677815131e+01
-1.773599868120353733e+02,2.332680105469505349e+01
-1.569775068182747475e+02,1.805315073168361550e+01
1.708744110534624383e+02,2.446916021866152136e+01
1.735790065637032171e+02,2.268870502050585714e+01
-1.642470106499816040e+02,2.487048662928392062e+01
-1.694998943123535184e+02,1.130450112865614543e+01
-5.618331510612544122e+01,1.407107093780779294e+01
-8.859703762022891738e+01,1.164421919256590243e+01
-6.936707384814421573e+01,1.415024942514581952e+01
-4.856161304830838077e+01,1.131245352972164575e+01
-7.945947028401111822e+01,1.284374136570641767e+01
-4.986919068877116246e+01,1.581915894619083218e+01
-6.232289185987725233e+01,5.767996938236768401e+00
-6.004392582336785011e+01,1.503500698999794416e+01
-5.715351966789007321e+01,9.197526343258044079e+00
-9.339015587306361965e+01,1.603903693488780391e+01
7.096156886381211848e+01,2.087466361555811289e+01
5.445085311667673977e+01,1.969301718345886343e+01
9.344446205794092464e+01,2.454636716911417693e+01
3.960588356252349485e+01,1.557668104474592141e+01
6.836473485588447829e+01,2.515580847763443728e+01
7.870718443495852057e+01,2.281782579428609381e+01
6.566726885091556198e+01,1.809568638862690904e+01
5.902933296909107952e+01,2.577594898291233605e+01
6.454327436112858152e+01,1.446217953511070675e+01
1.215069382987640552e+02,3.158119416184963768e+01
1.595807162661043321e+02,9.430541431569242405e+00
-1.596292620692559865e+02,9.057995018268456988e+00
1.741333519740377369e+02,9.884085812110223301e+00
1.738909165999855304e+02,9.007643489181099028e+00
1.770464620267888449e+02,5.828584263974011748e+00
-1.721958962182827690e+02,6.306158052734351926e+00
1.662436023393777589e+02,4.713958184336872748e+00
-1.709661221074216542e+02,1.311931862295269369e+01
1.743218517435668957e+02,9.028960930481602531e+00
-1.644554132502771893e+02,5.231020217242520864e+00
-1.744897809309674699e+02,9.820647654611711630e+00
-1.784168021901586769e+02,1.075336066704494797e+01
1.751102752808829734e+02,1.324623525267323032e+01
-1.683126542628255606e+02,1.443876573243878525e+01
1.687658631081760348e+02,1.013141409305883300e+01
1.753854508271941484e+02,8.949407546697813132e+00
-1.793795632990707816e+02,7.245643842287321945e+00
1.732158435968989636e+02,6.706605168058634270e+00
-1.753425674932345260e+02,1.096285204447060835e+01
-1.774706257947376002e+02,8.789107874425367228e+00
-1.695234654776779166e+02,1.300166134804137030e+01
1.647966800423687914e+02,1.093157278143981870e+01
1.788631845541714540e+02,8.755161112370343446e+00
-1.694430017805486557e+02,5.759651951670133663e+00
1.683740603117304317e+02,4.753197118329929083e+00
-1.706041074769295562e+02,7.861925244022192061e+00
-1.710074663254567895e+02,1.296673756093131580e+01
1.665449394883019067e+02,1.638288263095741826e+01
-1.608022749176138859e+02,1.284000832172767659e+01
-1.722332805527105108e+02,6.810456205447101397e+00
-1.791080670310454934e+02,3.463878540137633877e+01
-1.600289415872133816e+02,2.530327954370787324e+01
1.684208170163629745e+02,7.792071910552024860e+00
-1.686020104844901937e+02,2.968833126215539053e+01
1.546724695809436696e+02,3.451848901316652274e+01
-1.613582357127561693e+02,4.134712490789051742e+01
-1.512416409161456272e+02,2.849570772015135844e+01
1.677377291345141828e+02,2.303690280997368944e+01
-1.606140806494192645e+02,1.287304579460493414e+01
1.647996722356571127e+02,8.459843425435481734e+00
-1.689987030880046746e+02,1.019254655201446802e+01
1.702209368937748479e+02,8.528504700698306351e+00
1.793074762758850511e+02,1.518096081337489167e+01
-1.702239151505590371e+02,6.746250461082021310e+00
1.708191719061221079e+02,1.548319520268279348e+01
1.771150930132344001e+02,8.431503555691680418e+00
-1.772651591699772098e+02,1.390024463611070615e+01
1.781283019443867488e+02,6.692009634145414054e+00
1.712902156158100411e+02,1.413469724243616099e+01
-1.730322753320465381e+02,9.036585160372641923e+00
-1.740078186877189239e+02,1.188584918172045235e+01
-1.738169860321146416e+02,8.837709515980062491e+00
1.782909008137053206e+02,9.708263564172797899e+00
-1.764032076250399257e+02,9.207123430978690237e+00
1.788615559655612230e+02,1.118738991801565419e+01
1.749045235227376338e+02,7.296257248550263697e+00
1.776563412398523099e+02,1.036089930675483650e+01
1.776335898833592921e+02,7.838807436042175780e+00
1.660163971770409148e+02,1.055430511611451649e+01
-1.655767811747195992e+02,9.755739682535187640e+00
-1.787130108784211018e+02,8.437757176538408288e+00
1.743514902476471207e+02,7.858564028403899115e+00
1.788992861119440363e+02,7.627162839390166482e+00
-1.776805970284290197e+02,5.716190382794406055e+00
1.744663018551649429e+02,5.951444869941656002e+00
1.753161682841943332e+02,5.456517417545134307e+00
-1.776995656154602443e+02,5.839186081928259497e+00
1.794843189647711199e+02,7.340156272173310015e+00
1.763859629596099694e+02,7.718210803787929564e+00
-1.703790633557578929e+02,8.263043265219469191e+00
-6.570679780977381768e+01,8.975147217422319912e+00
-6.116513424992831460e+01,1.533391730366401617e+01
-9.114049876364035185e+01,1.273104077798567957e+01
-6.037381992818022525e+01,1.597962586851739175e+01
-7.117856221971891273e+01,1.008278790236857958e+01
-7.584474208136042250e+01,1.359831052298256893e+01
-5.086617811405273670e+01,8.397860438097705327e+00
-6.962232381739507048e+01,1.091428571195666386e+01
-6.109928713436463710e+01,8.716181232745883634e+00
-6.075920036201627283e+01,7.699349641808018063e+00
-7.654318067834572048e+01,1.433652641038715103e+01
-6.330589977585224659e+01,9.492058785351298766e+00
-6.635379902594605994e+01,1.076763535820622408e+01
-8.232126087717075791e+01,9.855586974513569132e+00
-6.062897758038297980e+01,1.349574373274424133e+01
-7.427990603965714911e+01,7.608798039033890959e+00
-6.433940420031812835e+01,1.097248648989405950e+01
-6.105107297778830144e+01,8.151284905000409253e+00
-7.401184492169458906e+01,1.258889768353621363e+01
-5.765641266036600143e+01,1.023050314215280210e+01
1.665281246758506200e+02,1.528267874532155624e+01
-1.669459491107009796e+02,6.378767107037400130e+00
1.693136323222723831e+02,5.593337604728342960e+00
-1.724142871893781148e+02,2.003122290475681133e+00
-1.770323420704356181e+02,5.322686465407445056e+00
1.717148755096777677e+02,6.214405381591206812e+00
-1.582329933382905836e+02,1.004086871382393475e+01
1.741678831457316221e+02,1.269145863845417566e+01
1.599390913152664950e+02,1.710792401566180132e+01
-1.659753092737138900e+02,1.702797265577100205e+01
1.793657066380390575e+02,7.058287310056678088e+00
1.752068810794927742e+02,6.362464419990772058e+00
-1.683251983158128837e+02,6.299469146758215565e+00
1.724817275218247801e+02,3.300334186815816917e+00
-1.745662710886869888e+02,3.500661039145407827e+00
1.755561338824027757e+02,3.688844806922042530e+00
1.799335538835609611e+02,7.850549790294515162e+00
-1.741652605495233104e+02,6.111487165904584629e+00
1.773243379862183815e+02,1.013910481537128661e+01
1.749451767344882853e+02,4.154511337886754418e+00
6.337652914261038717e+01,9.069519425493403730e+00
4.973067518017586508e+01,1.462380045642089499e+01
7.459524183038348610e+01,1.143259409106195434e+01
4.963246417479631845e+01,1.731312498350033735e+01
6.369478223940257777e+01,1.239896383375397804e+01
6.744818384900943897e+01,6.779224205925600266e+00
6.141923234925759800e+01,1.465718527470961874e+01
7.775868327422705306e+01,8.001656570285064163e+00
6.316348950174930366e+01,9.757843436100973378e+00
5.784330864578890896e+01,9.337623841258817947e+00
1.758634667822651636e+02,1.028004255208838735e+01
1.782007387922983241e+02,1.354705788253657062e+01
1.730995590860893572e+02,9.033777435848463710e+00
1.758582915397745694e+02,1.474684693146850023e+01
1.746295210002032263e+02,8.498528233577477664e+00
1.713046524429746285e+02,1.339085898455234513e+01
-1.737761019489363719e+02,7.196542810014648239e+00
1.749175911072498195e+02,1.242282145496078094e+01
1.750733037396084626e+02,1.202000326820172127e+01
1.740314074557374795e+02,1.018413855607715846e+01
-1.292196008968449519e+02,2.569031588703828817e+01
1.637595406208913857e+02,1.413279825654318245e+01
1.250251387272215879e+02,2.457492416315860240e+01
1.370734950472097751e+02,2.355790309494445012e+01
-1.553616605903328889e+02,1.578562531495195742e+01
-1.744358616129386235e+02,1.390542541423594258e+01
1.565012007536550414e+02,1.754328213128354008e+01
-1.736587512757656384e+02,1.126168282165470913e+01
-1.718804597941031886e+02,1.103081572276661504e+01
1.638269580534654040e+02,1.796467820629148804e+01
-1.765082511899586564e+02,3.224471307366914452e+00
1.792104359437279300e+02,7.925931532515747335e+00
-1.759997281221624803e+02,9.133672782814224789e+00
1.733339467211714577e+02,8.749121853622799705e+00
-1.782017004582190509e+02,4.038474855415246978e+00
1.778381461142361388e+02,6.998297754860115738e+00
-1.751283948941510857e+02,8.703953850528206360e+00
1.704056085862246448e+02,1.010397328009435824e+01
-1.747362261849378342e+02,5.995877133478797028e+00
1.683924986403528976e+02,5.993836927277420124e+00
-1.591876415253925643e+02,6.558559293674688817e+00
1.796645684236996487e+02,5.266212110612619846e+00
1.751059998807473903e+02,4.616945882575112847e+00
-1.780575787397084184e+02,8.985602964425776662e+00
1.784202377968035478e+02,1.040066179884836473e+01
1.741840851190748936e+02,9.471447978637021592e+00
-1.650160039419747875e+02,1.016223485375465430e+01
1.683425627024724065e+02,1.185324261873920726e+01
1.741810960955223493e+02,2.219605591509413944e+00
-1.691463560387150835e+02,1.132644891361513295e+01
-1.762894418965776993e+02,5.659385007930756828e+00
1.793149552752404929e+02,8.258294130075702455e+00
-1.743083327546958117e+02,7.455273802546660278e+00
-1.797921769087132020e+02,1.530795612652246263e+01
-1.786542920303583344e+02,8.795465877554672574e+00
-1.714152575813384090e+02,7.414191735049961096e+00
1.783021799958211773e+02,1.499307261175237471e+01
1.761292566338934762e+02,1.129304078115672461e+01
-1.701407285219344487e+02,1.972565464440678795e+01
1.773519521629710596e+02,2.293645980043505972e+01
4.628141687948871663e+01,2.588500548158363301e+01
8.702451242135315113e+01,2.003432630906011624e+01
5.302629729270244496e+01,1.881087854373545198e+01
5.739357832231024048e+01,2.100764950451183211e+01
1.002278409399032455e+02,2.630010789588405729e+01
4.928603906420270420e+01,2.088136775149544277e+01
5.809481203629532331e+01,1.759679427267934315e+01
8.930201909044487252e+01,2.109771386686865924e+01
4.766409578621561138e+01,1.462386631372637069e+01
6.728193242302147326e+01,1.469182483681102269e+01
7.023515795525030114e+01,1.139103901757833981e+01
5.261986396968924851e+01,7.550653195199830137e+00
6.933814509332725606e+01,1.331504446708259870e+01
7.121316042185451067e+01,1.034920895444732558e+01
4.794859024175195827e+01,1.301192998627962538e+01
5.935886578009235848e+01,1.556257143365236217e+01
5.322279231734421501e+01,1.547992446966573610e+01
5.288073477533534117e+01,1.293004696920377938e+01
7.192177686664282987e+01,1.930288243571601114e+01
6.508977563744478800e+01,1.292756247723534990e+01
4.922154541324923827e+01,1.644746438565626789e+01
7.836300233888809430e+01,1.763563541184902661e+01
5.145099935859685303e+01,1.863746458192379052e+01
5.487311104546245133e+01,2.160961132146188390e+01
7.346841367083190733e+01,2.804690252341190160e+01
6.640961254235357103e+01,2.013949710910355151e+01
7.524280825663964833e+01,1.751338742453891584e+01
6.734770011360045316e+01,1.544948923867301005e+01
7.416123032018137451e+01,1.167171267694432224e+01
6.668359171815939135e+01,1.132214821805305860e+01
1.687136618204856404e+02,3.861354670131907696e+00
-1.716627995945911778e+02,6.045615629700670013e+00
1.774089436496714427e+02,3.353769915575902871e+00
-1.750232708701148852e+02,4.883644669488106160e+00
1.788050712969168217e+02,3.396078286997681772e+00
-1.748686528431188094e+02,2.821674931503205919e+00
1.761015785936322118e+02,6.747146772657689695e+00
1.799340125796144321e+02,1.141834944651611394e+01
1.706720581573966911e+02,8.526582185678096337e+00
-1.654310668580296237e+02,4.764562229577116170e+00
1.741240985305202287e+02,1.108669736182659626e+01
-1.679123059530051307e+02,1.392634242303650716e+01
1.716126910029038299e+02,6.427046932577170857e+00
-1.649706675264275759e+02,7.825804942002154263e+00
1.579104017081081963e+02,8.369321895079458784e+00
-1.610134070147408352e+02,8.024828585338688924e+00
1.716319594464498266e+02,7.952670373563584860e+00
-1.756155714972639146e+02,1.048357920940388688e+01
1.647202401177025592e+02,1.107982447546162774e+01
-1.641257177359060222e+02,1.099809734434110986e+01
-1.745308824511316459e+02,4.445821638190670555e+00
1.773973830510075516e+02,7.351370284376705477e+00
-1.734926118719911017e+02,9.270079779439102552e+00
1.769612741965372322e+02,5.766764488685494960e+00
-1.784145688631533631e+02,2.845680366663417171e+00
-1.798571125194558817e+02,4.758543948100348864e+00
-1.748408855897584431e+02,5.057081286025336908e+00
1.762955432664883801e+02,3.172008493111145633e+00
1.759050178840524552e+02,3.942290303482097080e+00
-1.749027399092825874e+02,4.076282997175719736e+00
-1.789282870757576802e+02,1.702669244557569428e+01
-1.773727932311334996e+02,1.134725717898355235e+01
1.782001507374215521e+02,5.915169848901485672e+00
1.712009961302781278e+02,6.395140658028578784e+00
-1.700429797737060369e+02,1.357211691463069414e+01
1.638811914409552912e+02,1.517181058277240879e+01
1.777682970345093736e+02,1.259462996315336802e+01
-1.688412457254489709e+02,1.243057048089507077e+01
1.627890068549554883e+02,1.017121493073046956e+01
-1.582032163306555503e+02,1.327820918596087374e+01
4.992259548745642661e+01,1.129329730650327335e+01
5.807048995028853255e+01,1.115319654742781452e+01
6.571713414936587583e+01,1.319652226538163475e+01
4.961424746375451633e+01,1.035640070478454433e+01
6.955458023390077926e+01,1.032476018998349510e+01
5.277740482917239007e+01,8.957610333271059488e+00
6.575494638285657345e+01,1.305766661639693638e+01
6.297580211480960344e+01,1.096612598975812070e+01
6.274557851776953044e+01,1.300738108806700666e+01
7.067635050412657449e+01,2.024000916104678538e+01
1.739275476306891619e+02,9.130526646739117069e+00
-1.724251543718552853e+02,7.690475107217837447e+00
1.675783079153361825e+02,9.498445191400714194e+00
-1.766433993198075427e+02,1.508512573271481472e+01
1.751612219685850960e+02,6.469331268202219043e+00
-1.639209693499642242e+02,1.226687910199626330e+01
1.614041717800642175e+02,1.066947394994976683e+01
1.732700185511140205e+02,4.039863179201837795e+00
-1.668265788478073546e+02,1.011587153685552209e+01
1.657071762652405198e+02,7.509694716014650773e+00
4.328515442188042783e+01,1.613555963925703196e+01
6.847220739580195925e+01,1.721049976554663985e+01
5.478174509484361465e+01,1.137188119860753766e+01
5.639397799630530983e+01,1.118922694426752784e+01
8.352668851370863479e+01,1.741117737573646806e+01
6.749593790398336068e+01,2.349960559836715390e+01
6.093901845828288799e+01,1.492816213475312637e+01
7.431583294430251385e+01,1.053502566153620990e+01
4.532148412941608484e+01,1.316456535286301488e+01
6.539363241733242660e+01,1.008544168585705236e+01
-1.480753514523107981e+02,1.718806164797413061e+01
-1.768025134069634134e+02,1.550688647336116688e+01
1.504419540139757601e+02,1.632979483309704705e+01
-1.682433291430446616e+02,1.142424878652646569e+01
-1.705542873594548610e+02,9.477477888414842511e+00
1.534874692883979321e+02,1.833469637794455664e+01
1.739971830146582477e+02,7.645405554113821722e+00
-1.548712566608289762e+02,1.847659189458238416e+01
1.587418032248154134e+02,1.364157366804123406e+01
1.548340385458265018e+02,1.809963376123369017e+01
1.768883679307807313e+02,5.909485002828007261e+00
-1.697207454646791120e+02,5.986961612966268831e+00
1.767084866048166703e+02,2.882507749683661746e+00
1.759415124897684564e+02,2.926466736585493500e+00
-1.764230244297080503e+02,6.363128553212693106e+00
1.797969416451040843e+02,5.145351476584107964e+00
-1.767317762265992656e+02,2.721690033843969125e+00
-1.798969905775452958e+02,7.963123387508082018e+00
1.779172783386125900e+02,7.465279916030507223e+00
-1.677715437642344227e+02,1.187316204303336775e+01
1.626818789822447968e+02,6.668113490088113160e+00
1.681919095993719964e+02,7.453436556558877157e+00
-1.660801339300318489e+02,7.382209039359443281e+00
1.799425468757282545e+02,9.300932318963752721e+00
1.752760693723485588e+02,1.243210774609893576e+01
-1.698913454856141811e+02,1.337926534209546503e+01
1.683094508235376736e+02,1.051394147769008924e+01
1.719560023646450588e+02,1.267541304383501455e+01
-1.702684141104918183e+02,2.084474308886883165e+01
1.514144510991835091e+02,2.440539460397352656e+01
-1.753392100103347389e+02,1.223301003158124622e+01
-1.771679274769259393e+02,7.293507415128638094e+00
1.667108815265360988e+02,1.643511181693400403e+01
-1.670020121303559222e+02,1.860898083038923545e+01
1.728266685716037898e+02,1.191495025467631308e+01
1.693856305537666174e+02,8.579776704897577488e+00
-1.635297864151868339e+02,8.404512277684389687e+00
1.665561800699653645e+02,1.562912566668095593e+01
-1.760799171319609400e+02,1.130790310278512045e+01
1.799338616136205644e+02,1.546468247858238065e+01
-1.484097227942419579e+02,1.328365155015519505e+01
1.642425115635265342e+02,1.917118019500820481e+01
-1.574400546811831987e+02,1.573020786287343498e+01
1.615394540915856396e+02,1.366402660901124477e+01
-1.784085918667956037e+02,9.936277422100795675e+00
-1.479963395106815085e+02,1.258739957646932872e+01
1.525323357997592097e+02,1.372958728543621909e+01
1.610429448549567155e+02,2.007242748052892978e+01
-1.733270659593710548e+02,1.066845248974537697e+01
-1.696215295857345495e+02,2.339572879892605073e+01
1.703387800820600262e+02,4.448010974180710342e+00
-1.731892433462221561e+02,7.333657653227700024e+00
1.784508650821519211e+02,5.290985016755860748e+00
1.781653413518279194e+02,5.634330161145607363e+00
-1.641811541078691334e+02,7.698402743547209326e+00
1.659723677368328083e+02,6.503181558703498233e+00
-1.659198152878572614e+02,6.782696455073889297e+00
1.754668435535247113e+02,3.920965716524082545e+00
1.733164758227318600e+02,4.461975183485896501e+00
-1.727502063894969524e+02,6.146208222611104333e+00
-1.646063439101795609e+02,7.175669218140868111e+00
-1.689260810669367459e+02,1.308027387363348204e+01
1.566876758168995991e+02,1.418762176052823065e+01
-1.732005013874617987e+02,1.589857881767730774e+01
-1.740655728653876793e+02,1.354475605871288479e+01
1.702776949678331562e+02,9.436710419075092560e+00
-1.730757402141321677e+02,7.934398650149017129e+00
1.727921627465733820e+02,1.035497857866019444e+01
1.746762329998720418e+02,1.565620187437794897e+01
-1.792457526632806264e+02,1.346590262754365597e+01
1.790671410799194234e+02,1.011617704580405253e+01
-1.698962318330255528e+02,1.779271892850607628e+01
1.728995659912451401e+02,9.750000884460934714e+00
1.755525901903056365e+02,1.316193391329998796e+01
-1.601456735850578070e+02,9.885513944161873567e+00
1.722031845286578857e+02,1.618187887312054585e+01
1.704284194352193254e+02,7.721763120709905337e+00
-1.650770458008944388e+02,1.350855790438965620e+01
1.610832625846580015e+02,7.502435846727253832e+00
-1.760761589103382505e+02,1.354975655047225835e+01
-1.622292318237715563e+02,9.717635045969878149e+00
1.622910373005301210e+02,1.099725872205179655e+01
1.758031253761557764e+02,7.104859274992271878e+00
-1.650909963164167777e+02,8.243861211793737098e+00
1.609115026582073256e+02,1.352922035174361604e+01
-1.755439413084590683e+02,8.278365997443524193e+00
-1.632953270747328247e+02,1.116766606580553223e+01
1.626123417972350182e+02,1.075932840002759328e+01
-1.750508713107947187e+02,7.523037093584724389e+00
1.752334401315562502e+02,1.052223609341660371e+01
1.776195797355607340e+02,9.333788061063881258e+00
1.741431842913099786e+02,1.091213652906427534e+01
1.637975286265417481e+02,1.380294596567255461e+01
-1.711562018162011896e+02,1.219250990547745772e+01
-1.723591474978139502e+02,7.876489203566141128e+00
1.672847624797145443e+02,1.002619968342918888e+01
-1.684269586365614089e+02,1.107521590200971673e+01
1.745276025041328012e+02,8.931299459300895194e+00
1.752878298841138474e+02,1.226559339317895336e+01
-1.680940565377599398e+02,1.274912854860557943e+01
-1.799922159862339583e+02,7.482233759626057079e+00
1.789367134987877819e+02,1.435209462446814577e+01
1.759879750388965931e+02,1.428485383780046192e+01
1.781767925088685729e+02,1.808472821357809579e+01
1.747378466102625509e+02,1.884115769275629759e+01
-1.706689701851003349e+02,1.681217015212777000e+01
1.715429647083970792e+02,1.479589274061800097e+01
-1.775956007437439155e+02,1.672486345378862183e+01
-1.666292557650922390e+02,1.091583430699283852e+01
1.723288863271028220e+02,1.760260028947096700e+01
1.630266809441671114e+02,1.318241393997024780e+01
-1.696750320914354404e+02,1.122355575034223207e+01
1.728415297349860396e+02,1.350379382397753680e+01
1.728187204996069113e+02,1.160247890675440807e+01
-1.712619432299358380e+02,9.099983714099842302e+00
1.665053402107787122e+02,1.033718592317732643e+01
-1.793444098151532842e+02,8.692188728060386893e+00
-1.764081289198938975e+02,1.457828222081273495e+01
1.659628027000248665e+02,1.422327970808138886e+01
-1.697759535877145254e+02,2.059749480773006880e+01
2.699526872636047070e+00,3.040144514765908923e+01
4.964885008559854640e+01,3.050173261010496972e+01
9.584590843752890521e+01,1.676776570026268587e+01
5.593695459884135346e+01,1.578989816128887114e+01
2.915506619261977761e+01,1.689602481582371141e+01
1.022056531737690079e+02,2.412947880766547470e+01
8.063056382359005170e+01,1.329817725119361782e+01
4.802827777214759664e+01,3.038336779625617368e+01
1.006315419757854102e+02,1.248566450627889779e+01
1.255527830006654426e+02,2.248059723048057634e+01
1.629359754274949239e+02,1.882638185538706566e+01
-1.721394211254537652e+02,1.221740260021753244e+01
1.741119204315613445e+02,1.880138686899983469e+01
-1.782588252143420107e+02,1.256386624489777404e+01
-1.731384161278844545e+02,1.748902905056143453e+01
1.698706867598337453e+02,1.103994079453425137e+01
-1.691678221995739193e+02,7.744809909148594684e+00
1.741351351648475259e+02,1.137935041182009321e+01
1.748606329521296061e+02,1.234309128252019150e+01
-1.753997210928948220e+02,1.620393082761103187e+01
-1.750882658689693301e+02,2.418678027660296692e+01
1.771993437131303892e+02,1.750192856750211234e+01
-1.735875910645719671e+02,1.958743642819507613e+01
-1.755600540017013032e+02,1.555101620546714969e+01
1.738578018431632017e+02,1.776419279873297086e+01
-1.614061196190368719e+02,1.669482794122012592e+01
1.778656181725529279e+02,9.646468684104540614e+00
1.550139581379199853e+02,2.249226856976810396e+01
-1.608485947836657886e+02,1.341901430092206304e+01
1.720122820474763330e+02,1.763099420667237638e+01
-1.723400244375140744e+02,1.141665330376997112e+01
1.723653352569793071e+02,9.376001586796192555e+00
-1.672931504035260275e+02,1.467061389057610654e+01
1.645373099813599254e+02,6.120933474844133748e+00
-1.706147915866665699e+02,1.621374166054238941e+01
1.794300417408376802e+02,1.341698478350225088e+01
-1.722775335748571024e+02,9.995623937664271708e+00
1.565390483118553107e+02,1.752005351281271572e+01
1.785611066534893610e+02,1.579666613309280621e+01
1.760983001743173588e+02,9.875281114149817796e+00
8.619991969996914349e+01,2.287116031471923350e+01
7.726469458131185775e+01,2.209300644753446363e+01
8.114885917970666185e+01,2.243551055566728181e+01
7.914149661890469645e+01,2.356859241956992435e+01
7.495518908459098384e+01,2.558570078966948813e+01
6.233105729705479803e+01,1.927492476109198805e+01
9.639471380005790024e+01,1.934372119660729439e+01
1.042231699726470424e+02,2.728230740402484855e+01
8.610740604706805357e+01,2.028373571482338278e+01
5.022056142479328145e+01,2.476012136246104944e+01
1.666393010102403025e+02,8.726520939901099894e+00
1.730828650759892469e+02,2.002359507177643394e+01
-1.715710884159345255e+02,1.705847045968981135e+01
1.681358363864201237e+02,1.244623558124761331e+01
-1.787545074457374596e+02,1.088024837621068386e+01
1.781225805780265432e+02,1.650574023834003157e+01
-1.764850936274791877e+02,3.294111224918674452e+01
1.757575254182791298e+02,2.834907134565634834e+01
1.719160787680699798e+02,1.485740558878275053e+01
-1.640064162883551262e+02,2.151240786034984254e+01
-4.442548409443403301e+01,2.904927958438244673e+01
-5.302404775160188422e+01,2.357849181963192819e+01
-7.617548712559934643e+01,1.868516004118118445e+01
-5.996838871483837607e+01,6.949982042338309185e+00
-6.744192997055716887e+01,9.181180268798639688e+00
-4.348440972089927925e+01,1.953029046495121435e+01
-7.240502456273028997e+01,2.288393231850721321e+01
-4.004092205590128373e+01,2.458338661009663184e+01
-4.406561046473160559e+01,1.688523627761215096e+01
-8.713893931552739502e+01,2.713047038079395890e+01
-1.720470598686623021e+02,1.122700288234426935e+01
-1.760526479046185955e+02,1.535007006822237230e+01
-1.792983535533310260e+02,1.232257704544407062e+01
-1.742806692675389684e+02,6.585943059100287655e+00
1.769493396745099858e+02,8.033113526557785988e+00
-1.697208454738632497e+02,1.418831121683322394e+01
-1.793676628351964553e+02,1.138139130653148356e+01
-1.794760840996063678e+02,7.487964806278915475e+00
1.775191244394123089e+02,6.417023622830757112e+00
-1.695505369722941964e+02,7.014149770140731377e+00
1.766838235344227428e+02,1.919433802648553922e+01
1.715884009439096189e+02,1.135408259787929808e+01
-1.601846481969703291e+02,1.291021087834203840e+01
-1.742111972356316585e+02,2.051619396188648636e+01
1.792689509867877007e+02,2.025159834705994655e+01
-1.652108083979323681e+02,1.338731429274408669e+01
1.739745967218719329e+02,7.802780026065956775e+00
1.685451790857731282e+02,2.157418765499484792e+01
-1.745107318289148282e+02,1.745605199924816020e+01
-1.790345882296068964e+02,1.404981191741671154e+01
1.778200844298626748e+02,8.125372831529572792e+00
-1.753709664144450358e+02,7.475254178913640857e+00
1.730855904522005062e+02,7.693079016435703466e+00
1.745377589831575733e+02,8.651678956103749485e+00
-1.677013056448208204e+02,7.367108006274071030e+00
1.699850448574685799e+02,9.228118597782319910e+00
1.770959561574049417e+02,6.070590148751202619e+00
-1.711088799840493664e+02,1.109111033403936908e+01
1.660339510934443013e+02,8.300714015044906802e+00
-1.728862947898221307e+02,8.350750847844942371e+00
1.772862226391714557e+02,1.544146713762367540e+01
-1.411547646824717503e+02,1.998972014973043798e+01
1.617751432158481464e+02,2.016218195533718927e+01
1.658944465304850553e+02,1.562665270076408319e+01
-1.317647762852805897e+02,1.760770780304693517e+01
-1.510086620033454778e+02,1.584426721432513929e+01
1.473885403076689045e+02,1.879671752306637345e+01
1.607117185214025881e+02,9.997435168479782419e+00
-1.388752509909834316e+02,1.710669905499471355e+01
-1.605371682941859319e+02,1.291093997693265649e+01
7.601565518269657673e+01,2.496096211143869326e+01
5.439502457712393380e+01,1.753508730012298855e+01
8.381084150229530394e+01,2.253527469655657711e+01
5.738569791956874866e+01,2.617043533693873059e+01
6.205652627522558618e+01,2.148248773765466169e+01
7.841501258265267893e+01,3.021472016267735938e+01
7.745611559197649854e+01,1.464279503645622604e+01
5.022618854202863048e+01,2.405528604675961901e+01
6.549007563736117277e+01,2.190027923999091541e+01
8.048562413015537231e+01,1.267253176536379478e+01
-1.662121517822978376e+02,1.296094258717248415e+01
-1.714216958502936166e+02,1.480564847788030036e+01
1.744518635250047964e+02,1.829030104272364099e+01
-1.707637687990726931e+02,2.014701911657681066e+01
1.798828746299770103e+02,2.005630336056127305e+01
1.767559772440852441e+02,1.113766219507932043e+01
-1.682059480776374585e+02,1.161361367373927322e+01
1.797508040735954751e+02,2.074727630129881462e+01
1.799736515433643262e+02,1.651976458490653243e+01
-1.677397144226572436e+02,1.756260913350209307e+01
-6.628479106023539202e+01,8.485746203419330058e+00
-7.943310006667063305e+01,1.335538491930509508e+01
-4.880612641448463762e+01,1.998095818337331764e+01
-8.017447197473798326e+01,1.501173451411255755e+01
-5.530936616776211423e+01,8.064533534601931564e+00
-5.439313992725563907e+01,9.370270948821493917e+00
-7.867062875616744577e+01,1.377529994591237283e+01
-5.999422302661584894e+01,1.708220679481917514e+01
-7.646113700227051879e+01,1.092488565540901035e+01
-7.029424963810745908e+01,6.119898224778156148e+00
5.033954295930072220e+01,2.226610410200718704e+01
8.531942724486431473e+01,2.726942163505623284e+01
4.833608261400718931e+01,1.841922859795945655e+01
7.875290731382744980e+01,1.254061432671002230e+01
6.732099519669866083e+01,7.615796107082630328e+00
6.468792567892541001e+01,1.078153432032071635e+01
8.621181638860491603e+01,1.590315161931303578e+01
5.241856068155377812e+01,2.203798997459876219e+01
7.914533645885616409e+01,1.504764984039703180e+01
6.945663256184631962e+01,1.460502283847967142e+01
1.799897393886351722e+02,1.030789912409506570e+01
1.738885854912717264e+02,1.308882443702865217e+01
-1.767009608269757734e+02,1.422365276109762888e+01
1.757709199776552964e+02,1.071123014821291974e+01
-1.751855062017268949e+02,1.074453682392482712e+01
1.775063044166972759e+02,1.538423731574673425e+01
-1.708635091492255356e+02,9.469342116241531215e+00
-1.784940516099794650e+02,4.881086640274827637e+00
1.766575195680140951e+02,1.373478210862101534e+01
-1.693007894323056917e+02,1.487087341996475232e+01
-1.719289126551157949e+02,9.476306002930391159e+00
1.712867931697452093e+02,9.248517522064366503e+00
-1.594255279687422444e+02,1.238795688765922698e+01
-1.782940601471263449e+02,9.411980541078794005e+00
1.600976006299921721e+02,9.247244957871471271e+00
-1.575488449863043741e+02,1.094149572256101877e+01
1.793464146823331475e+02,4.054326321123538968e+00
1.742646445190887903e+02,3.378804531223731367e+00
-1.735492156581238419e+02,9.708019389165718493e+00
-1.739860522559311846e+02,1.241060317036010296e+01
-1.794593307882026920e+02,8.324913318713626609e+00
1.781076555257996290e+02,9.359162439859595395e+00
-1.756571233556013851e+02,1.135155567306154722e+01
-1.659316090613822610e+02,1.402028640421014849e+01
1.680079338800948676e+02,1.346570748761717340e+01
-1.795888506598096512e+02,1.361838239692325381e+01
-1.662540821949455108e+02,1.422413292277607866e+01
1.668730952015709192e+02,1.406143654029346557e+01
-1.734540788276711964e+02,1.275982351716357144e+01
-1.628585461340733502e+02,1.239816692047016211e+01
-7.516221790174880368e+01,1.605385704917109990e+01
-5.886622448552670761e+01,2.282271078112731288e+01
-8.009248548764622910e+01,1.329004852234742629e+01
-7.666002133354767523e+01,9.454287126826169896e+00
-5.347865055672807699e+01,7.813648739097528662e+00
-7.039398777428259280e+01,8.692114963614223200e+00
-5.505540790273773410e+01,1.326300761221028601e+01
-5.746819007390298140e+01,1.551746215500684656e+01
-7.735798122487103967e+01,1.373862254554051532e+01
-4.359638256146126878e+01,2.159830443884445828e+01
1.732714776665639249e+02,1.242543484425703681e+01
1.774568217383085766e+02,1.357676302674727076e+01
-1.787891023845662062e+02,1.266459557396738589e+01
1.701761390406178407e+02,1.107908981928993697e+01
-1.748420430932414149e+02,7.672256282362237556e+00
1.750685181198197142e+02,1.431000305756276347e+01
1.708525777949735414e+02,1.364604877101591285e+01
-1.765647410839061138e+02,1.131260382714073032e+01
1.738700531713103885e+02,1.372058572323923720e+01
1.734502314601142245e+02,1.616048196218906696e+01
-1.788624774034703648e+02,9.001815368318933253e+00
1.731104770917533813e+02,1.022235620632936204e+01
1.770275982752563664e+02,1.246176652528594175e+01
-1.756328379335691636e+02,1.355365539808201802e+01
1.759977361869937056e+02,1.282741360966237210e+01
1.771881297390947907e+02,1.211416401079668859e+01
1.780589842889588965e+02,1.160453460768208878e+01
1.757410721435377070e+02,7.878175532420048199e+00
-1.787417969287694746e+02,1.140974917163090296e+01
-1.767820244649448398e+02,7.151272369043160104e+00
1.762843004805937994e+02,8.618465969480791244e+00
1.718012518658701993e+02,6.808059051857492605e+00
-1.723470447480323173e+02,7.231171174849635896e+00
-1.790741172774931442e+02,9.782603611304294233e+00
1.658169962992917306e+02,8.953478010498308493e+00
-1.677660279972598119e+02,1.105458196274623006e+01
1.785031039393600452e+02,5.738067427684442556e+00
1.682325715690895436e+02,4.898285747504613319e+00
-1.611179806253269646e+02,9.755981491458065591e+00
1.751374999945229831e+02,5.908403559409261874e+00
6.927174256800060448e+01,2.186018717424901325e+01
7.161527824737558490e+01,2.272002584185297991e+01
4.682654275071230643e+01,9.089511571409973456e+00
8.370179727110617307e+01,2.593977299657136015e+01
5.449305770450557418e+01,1.283879097858174489e+01
6.119198295789352926e+01,2.829445810400584804e+01
5.595779274525611413e+01,2.548076005571289926e+01
8.870148166841350701e+01,2.707955487016342389e+01
1.408290296778934874e+02,2.626911299418544843e+01
-1.426005239642601907e+02,2.032962591846359857e+01
5.352650066695559872e+01,1.009754511561859935e+01
6.422273957312656023e+01,8.783869244064796078e+00
5.165729281268580309e+01,7.737721520339521319e+00
6.538977886814755891e+01,8.235567842225048452e+00
6.002055397804292625e+01,5.352046509285253606e+00
6.144987183279968690e+01,8.667141995016137912e+00
8.208236792427524620e+01,9.739763232827364448e+00
6.452800559058452734e+01,8.574340367567605981e+00
6.864380647611402253e+01,1.327707375299177173e+01
5.325366362944865273e+01,1.101489933793090259e+01
7.041643162192366390e+01,9.944143983799477837e+00
6.565122473435386041e+01,8.958360422299600501e+00
6.795267247838381763e+01,1.494428639126574865e+01
6.783999892783806729e+01,8.927922010632865835e+00
5.944769670124060923e+01,1.116463393971831763e+01
8.371201942457493317e+01,9.226344335220366233e+00
5.909145919567166061e+01,1.545775454001990923e+01
6.444528086902008113e+01,1.282487751646566565e+01
7.019992930383254759e+01,1.560734832323318244e+01
6.031221960851345187e+01,1.305848286926599044e+01
-1.525118632407841517e+02,1.699940126290499265e+01
1.722389424107598472e+02,2.100738319603873450e+01
-1.730549483932597639e+02,1.321615322411545179e+01
1.677514728973197577e+02,1.076809409154850172e+01
-1.731541537701668290e+02,1.339479325791853093e+01
1.695658246350839704e+02,1.604562399124183614e+01
-1.632635223505492092e+02,2.008330246646036699e+01
1.707519662060138046e+02,1.562705598129479512e+01
1.788462406277308219e+02,6.519919345644011877e+00
-1.726741399169642648e+02,4.520755598191640523e+00
7.961502822171014770e+01,1.032366045713779990e+01
4.886452980861768225e+01,8.136670518544642405e+00
6.299936330260205608e+01,1.488778361367588587e+01
9.035114000875383056e+01,1.586394357756273976e+01
4.611551854263546346e+01,1.802104667512661962e+01
7.966229116459845727e+01,1.593552597453776087e+01
7.766705994346554576e+01,1.579128254132962184e+01
4.867858999963315370e+01,1.447497270919699908e+01
9.184182875019583037e+01,1.561440556613926134e+01
5.344898170571495655e+01,9.102741859443099770e+00
-1.705202824547959040e+02,6.189320841512918392e+00
1.733477664895421526e+02,5.853375456719446923e+00
-1.709178923521492948e+02,5.968434804654000558e+00
1.697244616455837161e+02,3.312912532464179716e+00
-1.727207092313969667e+02,6.544139735954192183e+00
1.725055278848351747e+02,3.202258230541221273e+00
-1.767224612849444441e+02,1.310007019193862376e+01
-1.779644330564393897e+02,6.882543906082293717e+00
1.766477400464448237e+02,1.079063518740282035e+01
1.726396368041091876e+02,6.170533424536645661e+00
1.763765581627861820e+02,2.020765572427709955e+01
1.799805944445524517e+02,2.768299764600729773e+01
1.766002216606899538e+02,1.261098904854199887e+01
1.669976832180664985e+02,2.240316528112624184e+01
-1.599192070692715504e+02,2.272861897217972071e+01
-1.762708219533585634e+02,1.165595580380398211e+01
1.665300412077954491e+02,1.592821287053947543e+01
-1.678822321506515607e+02,9.463965043988920911e+00
-1.693989723180481803e+02,1.166687840275424293e+01
1.632202262035507943e+02,1.235051034877987419e+01
1.770202057841495389e+02,8.814904331707699825e+00
1.775745075412163487e+02,7.244377274905106745e+00
-1.742520567668848628e+02,9.543842320312474925e+00
1.700166348886235426e+02,7.301940283013015787e+00
-1.795879310914570510e+02,1.378603354506442713e+01
1.749180483636318399e+02,8.000449054541171279e+00
1.787285495604077141e+02,1.157130951217325077e+01
1.760144060275072206e+02,6.954234867595124214e+00
-1.725232580248730017e+02,1.110479730665147002e+01
1.733989249489107181e+02,9.889528364378342928e+00
-1.763624053894542669e+02,8.841506382100183359e+00
1.777140192737039683e+02,1.550134437582328850e+01
-1.758168524234017127e+02,5.589234143106821762e+00
1.744044422538906645e+02,6.892673000674979455e+00
-1.735236302002326454e+02,6.391370055048421150e+00
1.707941468568974415e+02,9.088136939169718431e+00
-1.735544656858521932e+02,8.669538043935840932e+00
1.779164219093756856e+02,4.438628233142323687e+00
-1.755805408945597321e+02,5.735191759344753670e+00
1.706532734854755802e+02,6.346654517042021659e+00
8.027547359533076587e+01,1.065571004393872556e+01
5.523414135952919679e+01,7.384098012134000300e+00
8.240541947427560387e+01,1.142750821763923952e+01
5.541117385733357992e+01,8.686583047459336626e+00
5.770574785207278978e+01,1.076841785618801239e+01
7.073549923137028372e+01,8.847918316144120610e+00
4.708849990423874488e+01,1.161948326558336930e+01
7.823439177025414892e+01,1.269466811633418857e+01
6.122227976667040394e+01,1.030596026520082020e+01
6.970658569133490801e+01,1.405153474150204929e+01
-1.792295134004057502e+02,8.908611007932167425e+00
1.755511351849462756e+02,6.409581989720061657e+00
-1.682805425622107691e+02,1.005445105656386318e+01
1.740087068741531198e+02,9.599181300994695576e+00
-1.729772474050185167e+02,9.728369386042496458e+00
-1.709422859755608783e+02,1.089671220788768835e+01
1.683037524755608842e+02,5.746849151969078306e+00
-1.723474760676883761e+02,7.287363118716326582e+00
-1.710607471079125617e+02,1.260375457009928368e+01
1.596871539547725263e+02,1.448026887158082943e+01
-1.748993908251202924e+02,7.834066578110942203e+00
1.769274366539782761e+02,9.237581791261359143e+00
1.741127250345409436e+02,6.541448299143434397e+00
-1.696659383850482357e+02,6.946368961958938826e+00
-1.766294019196908778e+02,1.035691589788118705e+01
1.661179371194945702e+02,1.080445518470695454e+01
-1.650187904683125737e+02,9.967877339840910622e+00
1.631804654550845441e+02,1.209121931222264834e+01
-1.746312424073828140e+02,1.553780002940179372e+01
1.745402456687817789e+02,1.286165276644979372e+01
6.094255068504509865e+01,1.444549411328240041e+01
7.128098890824483647e+01,1.498180054177128007e+01
5.854835737359081804e+01,5.385921634461669605e+00
6.241094010708869178e+01,1.031865763718604434e+01
6.605668655923220456e+01,1.252911056655978328e+01
6.204326199375196893e+01,1.571889267620782960e+01
7.125464326109289459e+01,1.111451797830639521e+01
4.930666018381153748e+01,1.299727074485612555e+01
6.777925493779345345e+01,1.153234517783819513e+01
6.422637660002375526e+01,1.636768797010876497e+01
1.704009794575767387e+02,1.616502987526430246e+01
-1.728699015077762908e+02,1.637976675377931457e+01
1.727509054024823172e+02,1.329793416516793592e+01
-1.770982586370627132e+02,1.257370695101640123e+01
-1.797946844686417762e+02,8.471292904781090982e+00
-1.779737446729750161e+02,1.445091342063958884e+01
1.746295788094159320e+02,1.393473088691010631e+01
-1.785351660939163594e+02,1.287477702482876296e+01
-1.718808133437487413e+02,2.091099096906142307e+01
1.695378536104090870e+02,1.857693566831121146e+01
-5.549070956187203763e+01,1.163251033966203707e+01
-6.926956792893243176e+01,1.104573647278483861e+01
-6.235467216789518830e+01,8.189730981549573130e+00
-7.355428409935069567e+01,8.946637095834359954e+00
-7.155803588204082644e+01,7.654776664422980659e+00
-6.569297920020885329e+01,5.785850180969746681e+00
-6.622388528801765517e+01,7.407491909999702528e+00
-6.545105160768521557e+01,8.446593150546522821e+00
-5.582927297949340328e+01,1.016763086098569424e+01
-7.243708287926894229e+01,1.430402447901946239e+01
5.879792612952886799e+01,1.364013622040343243e+01
6.851399167380721167e+01,5.532822515346000003e+00
7.098395553992769180e+01,1.633513161711899286e+01
6.245756786470035848e+01,1.294065065053001362e+01
6.151271766359182891e+01,7.557075840415956591e+00
6.956362852966810806e+01,1.410609469522028014e+01
6.191331802564494780e+01,1.573309355689219302e+01
8.231624427102008212e+01,1.226589423236580956e+01
6.236432592874461278e+01,1.337597941683155511e+01
6.239868024973550575e+01,7.873461053640429697e+00
-8.189865017241761791e+01,2.727265841428244642e+01
-5.062029894184060197e+01,2.895180452009651617e+01
-8.498393473971439960e+01,2.630774263255041490e+01
-5.397762848598979701e+01,1.981069208303496865e+01
-9.789649038365138267e+01,2.768297264892915877e+01
-8.162866302396214735e+01,2.393729838004881572e+01
-5.144697451469184557e+01,2.452626977554951893e+01
-1.040160189242017736e+02,2.270528567366573824e+01
-5.509895771462266367e+01,2.640619226143909515e+01
-6.949044732311810435e+01,1.924088318014012344e+01
-1.706207367389892795e+02,5.434104626897651613e+00
-1.792443752111354627e+02,8.571626368647466521e+00
-1.719877835536164810e+02,1.516174024343391835e+01
1.746648565827820789e+02,1.953853807518794738e+01
1.741900979746570499e+02,1.719049503796020772e+01
1.632139199878024556e+02,1.462772016557377697e+01
-1.394995198055691787e+02,2.225421172044320528e+01
1.601841405071934616e+02,1.198652467666486388e+01
-1.723339868263669530e+02,1.299315431871486837e+01
-1.782833646498865789e+02,1.670187569654006765e+01
-7.637522590607176198e+01,2.438103066424841003e+01
-5.588287932142385728e+01,1.705253024975220200e+01
-7.222437931872507022e+01,1.558439994833559439e+01
-7.117710284381836061e+01,1.688575203007715686e+01
-6.476341230445446229e+01,1.595251222937702806e+01
-5.211572960048749081e+01,1.376179566398535670e+01
-7.061747792083819775e+01,1.392211267340785241e+01
-7.265797282425830872e+01,1.315082657675321087e+01
-5.399008485625840592e+01,1.357522199027313192e+01
-7.493959605779214428e+01,1.801301816370186870e+01
6.300464278266345985e+01,1.223813553130004372e+01
6.586521012082241100e+01,7.051516173656528608e+00
7.411187578019126931e+01,1.513891791274593146e+01
5.606421159078173844e+01,7.315988128550149128e+00
6.435119160427372265e+01,1.078736135647274352e+01
7.348874823408974066e+01,1.507615875932846095e+01
5.497646408482063407e+01,1.083054580910978260e+01
6.922053945313410850e+01,1.724494928059469601e+01
6.550565326222356077e+01,1.319139246331956450e+01
6.951757187224673373e+01,8.483284726088701433e+00
4.187372622636259223e+01,1.094603344971498515e+01
6.822058585587888047e+01,2.217461495741597943e+01
4.010791697235623587e+01,1.479040662090854141e+01
7.247490345062112738e+01,1.530541459244846081e+01
6.026474094389455871e+01,1.151378671900357631e+01
6.152449925196614089e+01,1.106272736177026772e+01
8.399866584082664644e+01,1.602408521977899625e+01
6.088758714074677414e+01,1.404017061914385067e+01
6.605220592761803289e+01,8.172930941204056055e+00
7.126426505860005989e+01,5.745179247562986369e+00
4.392691099089248752e+01,1.138243167981265813e+01
8.291832827927909477e+01,1.260386528433971520e+01
6.060753146085361465e+01,9.208306311960681612e+00
5.880781079651305987e+01,6.745301538307480804e+00
7.469395351276318706e+01,7.593140102642022882e+00
5.964773400554886251e+01,1.032077708666545846e+01
7.316755616549571073e+01,1.102011053958015907e+01
6.450219427242953429e+01,8.582985539846674783e+00
5.442531778617849625e+01,1.049336749492125875e+01
6.923729346690458897e+01,9.489778250339577781e+00
-1.657455175512664880e+02,7.440789550252187468e+00
-1.770338229382996360e+02,1.399534310063567766e+01
1.624946979184227018e+02,9.010354257886076468e+00
-1.669502747123223685e+02,1.164931372666104181e+01
-1.714545855376754275e+02,1.091844941164372074e+01
1.729026451509248830e+02,8.233991517458598253e+00
-1.780439555912363403e+02,1.496996939776901492e+01
1.751903290762542156e+02,1.859982288571739062e+01
1.708772160299371876e+02,1.729823173734215658e+01
-1.724220391553592719e+02,2.038919212775326173e+01
-6.494779793585469463e+01,6.435686895005225949e+00
-6.077441518392424058e+01,9.196016804115068055e+00
-5.859710311011068740e+01,1.277025634247506503e+01
-6.825979243004367447e+01,1.246019039042173304e+01
-5.882140675506882843e+01,1.380363225463077370e+01
-7.796585271543537488e+01,1.699953233686601806e+01
-5.758343265457296667e+01,9.095725136632468733e+00
-6.088792836243676732e+01,6.277176079759025029e+00
-6.559528349122550139e+01,1.112392163962142888e+01
-4.837902201931095192e+01,1.370525374704555333e+01
-1.675666963770160862e+02,3.705370995093227293e+01
-1.751563238766410677e+02,2.816401600621525958e+01
-1.683079824622858212e+02,2.225489676166934316e+01
1.707305611834658521e+02,1.789266408913977102e+01
-1.739875958867358463e+02,3.379464507359893588e+01
-1.565758844041308748e+02,2.970108736519047454e+01
1.798789378039741393e+02,3.048616910490654419e+01
-1.752027312780652153e+02,2.604134799765103025e+01
-1.630834186434152571e+02,2.499336151014147589e+01
1.735560216481905798e+02,2.250963046371848009e+01
-6.897219167211400759e+01,1.323422317793213132e+01
-7.633626992349908846e+01,1.844243237313413886e+01
-6.532155434100000946e+01,1.266528262337724975e+01
-5.950923917693879162e+01,1.072145903702104341e+01
-8.150968324110182550e+01,1.718158368610178854e+01
-6.125097266707280141e+01,1.313309786118379918e+01
-6.247055977699770324e+01,1.607959597646848238e+01
-6.549792512352937024e+01,1.379000151528437712e+01
-7.380865402315247081e+01,1.218351004423820072e+01
-5.558556515715752511e+01,1.246792654176762838e+01
-7.120459073620878598e+01,1.244204312097747334e+01
-6.603668185162614179e+01,1.374724884445262951e+01
-6.765416089311851522e+01,8.347989010993646986e+00
-6.292998759983513679e+01,8.080943450836421960e+00
-7.576840358037556200e+01,1.030739506518235515e+01
-6.010892388999153013e+01,1.251936971944743604e+01
-6.986074738902073022e+01,1.331104060927868460e+01
-6.724632559823976408e+01,1.256949123643530974e+01
-7.371414275250799619e+01,2.024372527614503880e+01
-6.979066238262663546e+01,8.272081398681541131e+00
-1.743512559042885073e+02,1.097882352742311340e+01
-1.791857433653883618e+02,1.192440772222647638e+01
1.765942677979351743e+02,1.031356123085368992e+01
-1.684819633677811339e+02,1.146496778557618157e+01
1.726396598846369272e+02,1.065664285258299770e+01
-1.724308160344678242e+02,9.356776356644539661e+00
-1.642687661742700129e+02,9.347913202901350971e+00
1.726658992555123291e+02,8.724656224367741686e+00
-1.798837489141880610e+02,1.186745179735682498e+01
-1.715998270983960481e+02,1.513753753648599698e+01
1.729332170072216002e+02,3.255901682897680871e+01
-1.624690233576426976e+02,1.647417338555845134e+01
-1.776231150065868860e+02,2.118269115412903147e+01
-1.629556926483734003e+02,3.148612035300990897e+01
-1.785669984763558205e+02,1.174630403861504035e+01
1.791291043435776942e+02,1.770827627035378526e+01
-1.641729336205141863e+02,9.306761302233109490e+00
1.789737426533593521e+02,2.119187667191340907e+01
1.704654445409905179e+02,9.302889671618244094e+00
-1.696130725865014881e+02,2.084594900443332222e+01
-6.112529424742657369e+01,1.717574946661397561e+01
-8.351968661988068732e+01,1.878412822091318901e+01
-5.502175696257737059e+01,1.588794324845450845e+01
-9.137536815675561286e+01,1.733439961674634944e+01
-6.807372989868935065e+01,1.226163162474251678e+01
-5.253766931082676450e+01,7.009479259511900651e+00
-8.282585371347248326e+01,1.367222938514968433e+01
-4.380089070211081292e+01,9.752817453274428061e+00
-6.299506055478192224e+01,9.548408038260266295e+00
-6.591990547473456274e+01,7.481838236888455285e+00
5.355074399923550743e+01,2.366791055830192292e+01
5.661046269248469542e+01,9.116940407051421502e+00
8.051864526319847926e+01,2.638402724820381451e+01
5.029959314872418474e+01,1.021594504583199736e+01
8.729052470143797393e+01,3.127864714918305822e+01
5.754325061670119368e+01,2.131887470630491066e+01
4.919525741895654392e+01,1.978620883444016698e+01
8.234312073905874740e+01,2.238737094371560232e+01
3.647157606925846807e+01,2.508165505770015358e+01
6.981359109883467795e+01,2.301507955351600643e+01
1.728134457518293061e+02,9.167574609664402630e+00
-1.695798286769962431e+02,1.108384385172469067e+01
-1.765755117937644911e+02,9.684829724846524712e+00
1.716094866756712349e+02,9.783574629928388333e+00
-1.675766041203042676e+02,7.402636880002271269e+00
-1.716235813159997292e+02,1.046137864792658689e+01
1.743323542368123071e+02,1.197649812389337853e+01
-1.704374773935485621e+02,1.911545819416675229e+01
-1.701080049852548370e+02,1.642192296463360179e+01
1.694822127183776956e+02,1.094784984100888181e+01
-1.722748612091552332e+02,9.504948341524967148e+00
1.598595038130600869e+02,1.259136434552388906e+01
-1.705546548783784999e+02,1.118006889491243427e+01
1.779003350848045102e+02,8.869366992787272252e+00
1.798096899156932125e+02,7.592824815712544861e+00
-1.777213785866061073e+02,6.152898952498532026e+00
1.639306538703934564e+02,1.295575069896384335e+01
-1.747644229528635549e+02,1.371254228250557894e+01
-1.535713581414821078e+02,1.725334379286686826e+01
1.563905911439240697e+02,1.721773403267387437e+01
-1.694821278085599943e+02,1.069246180540057978e+01
1.741055554351333683e+02,7.916938879730603063e+00
-1.780517491160485406e+02,1.391067605706241039e+01
-1.735675003815930779e+02,1.197417895631402018e+01
1.783431957691813068e+02,8.270959942690083722e+00
1.771232090566035140e+02,1.309424228785842459e+01
1.699533201020761908e+02,1.506114633420293458e+01
1.782859045067791612e+02,1.408733994732920358e+01
-1.767072803723734467e+02,1.731539379062330397e+01
1.774504425054572891e+02,1.207223150884689744e+01
-1.786666381594292545e+02,1.177287251139075153e+01
-1.754240201252741542e+02,1.584962636895055255e+01
1.559895219335772936e+02,1.708732983366887481e+01
-1.681661599198151293e+02,1.463218995067981787e+01
1.723869362898227848e+02,1.764633364607709609e+01
1.562448281221962247e+02,2.007339704361314148e+01
-1.532458869192564066e+02,2.603229789030606867e+01
1.732793103750500165e+02,1.329268001811752065e+01
1.599505892750092357e+02,1.451775036576097833e+01
-1.617214367535117105e+02,1.161488375192442923e+01
1.764052791291744029e+02,5.679647335417429943e+00
-1.729481823812281220e+02,6.620156619722595615e+00
1.785755882004069122e+02,8.991954003232219605e+00
1.751331257928930256e+02,1.078508047535066616e+01
-1.622623932338931922e+02,9.590042218827061760e+00
1.677930953902757381e+02,1.249714802504105471e+01
-1.741974460456365250e+02,1.402094970895183934e+01
-1.777945383695502528e+02,8.748006797263025547e+00
1.645417944213758972e+02,1.708163122496660336e+01
-1.706641554229087490e+02,1.496808976860717699e+01
5.736719260653362085e+01,2.234262215578056754e+01
7.040635923291881682e+01,1.998913210895045012e+01
7.417994403062367326e+01,2.967727814914963602e+01
5.285183253865191233e+01,2.213059641825207535e+01
1.028195824976154995e+02,2.644137997967654030e+01
4.895652840660254412e+01,2.407117525261641333e+01
4.527106901059890731e+01,2.698319692849241491e+01
6.413269959918949326e+01,2.085699409243837721e+01
4.178882777192156084e+01,3.057427140031411383e+01
6.752208799847673504e+01,1.763805749587540106e+01
5.254035725323478800e+01,4.740276584343203758e+00
7.279262084873171545e+01,1.165654573344481904e+01
4.964797371235246715e+01,6.229185369521569982e+00
5.470465219787681832e+01,1.090557775724904666e+01
6.309932517774627314e+01,9.699277414477606385e+00
4.681673761233012243e+01,1.022165697226568604e+01
7.326264634057355352e+01,1.290382461283592441e+01
5.758450134691377542e+01,8.703313992149830369e+00
6.739756529248137440e+01,1.088796876830941507e+01
5.822839626749320985e+01,1.356862937514598499e+01
7.578821911294633651e+01,8.583888454677760294e+00
7.047696873790803807e+01,8.279130608249186452e+00
5.345436900826666005e+01,8.619482283259248590e+00
7.647283460720012727e+01,1.017929331574383056e+01
5.269152151619550750e+01,6.890987008830105509e+00
6.169260230128469402e+01,8.340376183242231178e+00
4.594583106798414462e+01,8.130390202709424585e+00
6.745250211416532693e+01,5.246881002056712262e+00
6.290395143287230439e+01,4.110387072724243751e+00
6.400433682239579980e+01,7.649482331077454234e+00
-5.328061152133371081e+01,9.564840819069754474e+00
-9.235875447265874527e+01,1.013555575663963104e+01
-5.710949426078322944e+01,7.908169216121077483e+00
-6.352621033730054023e+01,6.693934493778737504e+00
-6.952857244143287119e+01,8.544197436591769446e+00
-6.176810161580817038e+01,1.225667010021551917e+01
-7.306139627333203634e+01,9.713458271636639552e+00
-6.035651520624777078e+01,1.012680971711655076e+01
-5.931116712737635055e+01,1.091034141000158009e+01
-7.053490754829850573e+01,9.860773696336696759e+00
-1.768766097163844506e+02,2.580062474762188174e+01
1.799103457866487190e+02,1.421176608327843915e+01
-1.766658520810136395e+02,8.189525023999477682e+00
1.738105955023853539e+02,5.553403043956116392e+00
-1.685080568699845287e+02,1.735644405755348174e+01
1.657879874183062157e+02,1.683815316772225401e+01
1.579315121139933922e+02,1.749095196570675981e+01
-1.551035214030454199e+02,1.561503320688639462e+01
1.636060964344120805e+02,1.717901889680649674e+01
-1.742786685494945971e+02,6.758730128549823135e+00
-1.764581561378256822e+02,1.185486744193500996e+01
1.716853009567565778e+02,8.410794553852166899e+00
-1.720360287687404082e+02,1.320219699056486107e+01
-1.774714468767102460e+02,1.025917389016721870e+01
1.615766609832039649e+02,9.130764529112802563e+00
-1.741912612031519814e+02,1.263247260854008047e+01
-1.799548575888497624e+02,9.832472074226069836e+00
1.661445287521136152e+02,1.290117580654611018e+01
1.765792154962825009e+02,8.883622156895523148e+00
-1.791559649550032418e+02,6.420097566662450461e+00
-7.718137505912568486e+01,9.566932803044018385e+00
-5.299756881567732592e+01,6.563398535572492420e+00
-6.782337846366472434e+01,7.676051088387399801e+00
-4.473262445751993965e+01,1.114061448897319373e+01
-5.533739641394354436e+01,1.429169542412437721e+01
-5.684501609653650434e+01,1.215217461822732758e+01
-4.634255324714678892e+01,8.285737855480013181e+00
-7.552146093901966140e+01,8.028732965014157230e+00
-6.704173699641880546e+01,8.537210331178311407e+00
-6.753631529525812027e+01,8.282118076962557751e+00
-7.038073022192995154e+01,8.191774095446870518e+00
-7.081036783139506952e+01,1.040837961487302010e+01
-8.504086301002588755e+01,1.533217171098687359e+01
-6.549390911886327160e+01,1.286087927664704367e+01
-5.937261090143237396e+01,1.162895358044110239e+01
-6.966637836417034180e+01,1.329328481789273297e+01
-5.588490819052756819e+01,1.338552427539762490e+01
-6.362686888773345117e+01,7.015583767840356977e+00
-6.440719475542070427e+01,7.046313063574993762e+00
-6.087080811152358706e+01,9.021851798162053626e+00
1.651359496217019114e+02,2.311475210725258478e+01
-1.779820026464723242e+02,1.474889408086046494e+01
-1.795599562212919693e+02,9.148318741694753342e+00
1.684564491736952050e+02,1.160002240191229284e+01
-1.673763886354043962e+02,1.520155612579983462e+01
-1.795603785060727091e+02,2.470230366472929973e+01
1.777831160669985877e+02,1.184893062460155377e+01
-1.749327081830464863e+02,1.194795034427941616e+01
-1.796280035332273712e+02,9.165059487511975078e+00
1.711325583396574359e+02,1.925284652998455570e+01
6.836689588419694985e+01,1.374725801956184057e+01
6.026946774397325157e+01,1.300351291756954986e+01
6.204916768260884652e+01,9.147136770545932549e+00
6.704552294963902170e+01,1.409646992752782957e+01
6.623568110839883616e+01,1.554368989537857360e+01
7.646526371432550206e+01,1.723148111431840590e+01
6.258933722234581154e+01,2.074561925373983584e+01
7.949791614464263034e+01,2.115127315022080623e+01
6.383979536813212263e+01,1.288147677524324841e+01
5.401262598855631580e+01,1.846232047651873387e+01
1.720214329594288643e+02,1.902869357236255610e+01
1.765723868111153365e+02,1.171159473307770327e+01
-1.657243115304282242e+02,2.438830383630656229e+01
1.693664914694805361e+02,1.423117477327754443e+01
1.792131285749999847e+02,1.602464117750320938e+01
-1.735385782624872775e+02,1.807132265076272404e+01
1.696467699061170435e+02,1.264680511927640083e+01
1.769080821571473336e+02,1.489403250772485521e+01
-1.679597265475678114e+02,1.591221002015291930e+01
1.768265837995676293e+02,3.197865647313285109e+01
1.646264800711641669e+02,6.140934706737787963e+00
-1.744573163557103612e+02,4.388605074963921382e+00
1.733026250384923230e+02,8.152640865662666769e+00
1.776979046274987581e+02,7.419949585006095027e+00
-1.740714679079870564e+02,1.150097970256075008e+01
1.625027430266387398e+02,1.327490004173948890e+01
-1.704292075359157934e+02,4.821748534589175073e+00
1.760894521371634767e+02,3.869520897607445775e+00
-1.727591718177202154e+02,6.527512372340410707e+00
1.644711153271689454e+02,8.120787468518688712e+00
-7.227106405951232659e+01,6.442808731902161412e+00
-6.521463853057058202e+01,5.183107057285509356e+00
-5.268993426475601893e+01,1.155385838556471612e+01
-7.261301113176752153e+01,1.134116953488807411e+01
-5.628520641046578987e+01,1.079964344953908650e+01
-6.904624038942604614e+01,7.557441661321798065e+00
-5.846626671265290298e+01,8.449470788499626295e+00
-6.564273242087698179e+01,1.354743786255099991e+01
-5.880324902482152538e+01,1.552458436133759179e+01
-5.648685535130100277e+01,1.713552318334469149e+01
5.889835406238634619e+01,1.670407230294302536e+01
6.096977080118686843e+01,1.244572366571239286e+01
8.757625987470373730e+01,1.511400897815405031e+01
5.933036060353661156e+01,1.369797254477409965e+01
7.501726794818280553e+01,8.271452483287390578e+00
7.485670290783055236e+01,1.030274169776955517e+01
5.435114602187592681e+01,1.135654423335992114e+01
8.842769909895844194e+01,1.394999776096446098e+01
5.841452293561252418e+01,9.693237928762377109e+00
4.713389375369024492e+01,1.118185435401023398e+01
-1.656243671460010205e+02,2.040380120706772260e+01
-1.372784500894801454e+02,2.854308908853606397e+01
-1.663512556555060087e+02,2.997933930596528995e+01
1.579462012142758169e+02,3.271488435725336785e+01
-1.544637672497386518e+02,2.406395931328158611e+01
1.570374639734484390e+02,9.873596969781225141e+00
-1.630761689758533350e+02,8.108776328169932768e+00
1.451869287507712727e+02,1.450194236011304483e+01
1.585947351952647750e+02,9.108041971958868999e+00
-1.727838984787094034e+02,7.713499258391868452e+00
1.722917155205737458e+02,9.305305491270626561e+00
1.625975700997820752e+02,1.440822977761399137e+01
-1.557361613216274066e+02,1.532392521272543817e+01
1.671857205247954710e+02,1.223074572951806971e+01
1.537215659941140586e+02,1.539067649145901839e+01
-1.510125970206545958e+02,1.208253856797751169e+01
1.723796659878810829e+02,9.034351877811186426e+00
1.697656638731586725e+02,1.504296521834986677e+01
-1.679515614724505213e+02,1.217657874360374493e+01
1.771956042431355343e+02,1.071113133022182495e+01
-3.620684552438915205e+01,1.497037925236905664e+01
-1.018230352906325038e+02,2.046294805831342600e+01
-5.963088117631943419e+01,1.207974351973757265e+01
-3.398537975720595483e+01,1.386183142494729736e+01
-6.930636802676650632e+01,2.226198721067119379e+01
-2.121336385997606655e+01,2.439229628163900543e+01
-6.470708618595928385e+01,1.835609946348442634e+01
-7.159173202996420571e+01,1.548277799596325366e+01
-5.925144557016530911e+01,1.995264081469157702e+01
-8.220637875300886321e+01,2.243887514524614701e+01
-1.758034213631491127e+02,1.467328243641535046e+01
1.680959947403374599e+02,1.511395405915988377e+01
1.745474811044961996e+02,1.346259277699211054e+01
1.759440909682861616e+02,9.353755380066232306e+00
1.694047903815770439e+02,1.094487906797136034e+01
-1.775518744861032303e+02,1.138461709778288622e+01
1.670237179293082761e+02,1.318224106182369937e+01
1.773791189279879745e+02,1.049398362690810771e+01
-1.720361666847135780e+02,1.021762891021113617e+01
1.660988317899567903e+02,9.480542433096443844e+00
1.610947371281041853e+02,2.190040907255681191e+01
-1.607489631496370919e+02,2.127602603408204374e+01
1.679848440702764663e+02,1.123291007865830160e+01
-1.732665022607750984e+02,1.945845419465873505e+01
1.717012341784150919e+02,1.913564832555505646e+01
-1.573876823908854874e+02,2.059808080410367381e+01
1.547829020761926415e+02,2.107898224513886731e+01
-1.672880042798541922e+02,6.711895223787578857e+00
1.746092227372420211e+02,1.532986146290616247e+01
1.786454643566150082e+02,8.091787144720882452e+00
1.763031188376413070e+02,1.431241425607059981e+01
-1.739289322822218367e+02,8.211487580564337918e+00
1.693824783641683780e+02,1.054864976782346098e+01
-1.700744289277257622e+02,1.361193640484085066e+01
1.796380753018590610e+02,3.211148119645851118e+00
1.670346390911857100e+02,1.162231655226402793e+01
-1.590248851104281300e+02,4.903154927470523283e+00
1.714673900363705172e+02,1.225367535002475705e+01
-1.798200143851842938e+02,9.413964149842298568e+00
1.703000424183462087e+02,1.162278409509327659e+01
-1.740325484856679452e+02,8.279142674825649806e+00
1.713206294379432677e+02,3.423817328655131220e+00
-1.709634397132081745e+02,7.486811076596611159e+00
1.730802831529057073e+02,4.250374223179198552e+00
-1.748689068461362410e+02,3.589759849324768215e+00
-1.693806446022230148e+02,1.490700436743451007e+01
1.665829130219323133e+02,8.322755279049399491e+00
-1.681635075123526235e+02,1.557273300574780883e+01
1.793116442339249943e+02,6.070474261778915803e+00
1.766540826501388892e+02,1.138464808771721870e+01
-1.789505989662125387e+02,6.810034130617669490e+00
1.772273573069423946e+02,4.934831873500255206e+00
1.761253173841549824e+02,6.487811213470221716e+00
-1.744622523647748267e+02,1.836305021935545234e+00
1.778611700125674417e+02,4.518349449107690319e+00
1.740603997940255283e+02,1.793417164387225426e+00
-1.626448336248189719e+02,6.278339133571439135e+00
1.624421212985159855e+02,4.535220573198788685e+00
-1.698822517057829202e+02,4.657915239902636451e+00
-1.768037152306390283e+02,5.391767112829159991e+00
-6.330361580100624508e+01,1.279805676118137114e+01
-6.622928327842892315e+01,2.350408763791664057e+01
-8.097606164355940450e+01,1.895089243610949481e+01
-6.663975465464751835e+01,1.357963269230726766e+01
-6.878964974460616588e+01,1.712262449897207262e+01
-6.400123422777940618e+01,1.788787564440212208e+01
-6.660351182273178949e+01,1.798009185323579473e+01
-6.481531356453790238e+01,1.361879883511250888e+01
-6.616669384134929999e+01,8.978916141932774764e+00
-7.580120295205450986e+01,1.625534883507273065e+01
-5.637539746683176389e+01,9.359595809599634109e+00
-6.945827422213110935e+01,1.264251017877671401e+01
-6.088112169468218582e+01,9.241727208823478534e+00
-7.489453112133490720e+01,7.002187258118341973e+00
-5.733981268878357440e+01,6.454432386919928710e+00
-4.608267171397302064e+01,9.473391300336393428e+00
-8.473727781703530582e+01,1.829099867475510166e+01
-3.892840391506062048e+01,1.535401965027543980e+01
-6.741729861193306306e+01,1.305131231591641416e+01
-8.617604958282545624e+01,1.269526835178832513e+01
-5.188853452008156353e+01,2.117385973189022508e+01
-6.510263922786759849e+01,1.711328042554592344e+01
-8.413680742392483580e+01,2.482681630058851496e+01
-6.287701954791036485e+01,2.051678404826937197e+01
-5.604164422839318149e+01,2.495122344009208604e+01
-6.970599162922015068e+01,2.193569294587216945e+01
-7.277608951837072482e+01,1.564309337214132611e+01
-5.565889079535242701e+01,1.835371256283352892e+01
-7.315208135241178411e+01,1.775247604764989973e+01
-9.121505831344173032e+01,2.627907146301024355e+01
-5.803861451570942620e+01,8.454174776242751932e+00
-7.284752386045369121e+01,9.487815841176658438e+00
-5.050122690160159067e+01,9.152307780218308153e+00
-6.568751401465480910e+01,9.251719380749172217e+00
-5.830480203789142735e+01,8.032654527518360510e+00
-4.881694541220374362e+01,8.282754973826728317e+00
-7.071563868841163014e+01,1.331029530839077069e+01
-4.779711111376879984e+01,8.171410464059450263e+00
-6.063212460814312266e+01,1.050377249123374135e+01
-6.514181594199045833e+01,6.642950934645790895e+00
1.452613059081282643e+02,2.640638048363775425e+01
-1.447480674842976498e+02,1.658534641425800160e+01
-1.644731953337585253e+02,1.335358810323552170e+01
1.503424251925425494e+02,1.805238590323342862e+01
1.799787734890916511e+02,1.470289343119429759e+01
-1.616365043039905629e+02,1.979862786598017621e+01
1.703800153125330894e+02,1.476012414263033889e+01
1.731144079127967643e+02,1.156324391279044050e+01
-1.575323292888633659e+02,1.560317991374665070e+01
1.797856258560669573e+02,1.177370512503351563e+01
1.583868467297286600e+02,9.646377439124368181e+00
-1.529618690643910952e+02,7.403512438678067298e+00
1.686021993098026428e+02,3.634581224617249084e+00
1.757626874522636911e+02,4.107086511339276491e+00
-1.734078025356935200e+02,6.991911860733543982e+00
1.720596133721821843e+02,1.008591700669615321e+01
-1.675036065317362670e+02,8.062592004630264597e+00
1.738711984770501999e+02,5.038379726157970140e+00
-1.720145073403337790e+02,6.709900054174672057e+00
1.708612876594888803e+02,1.192266524917394577e+01
1.754307577985522926e+02,1.897800125247227498e+01
-1.674254465764710744e+02,1.609642018819504017e+01
1.435380736145523031e+02,2.284555781750522385e+01
-1.642391027850355556e+02,1.616819888760941737e+01
-1.695845892156887089e+02,1.112728826665107462e+01
1.698173687762005386e+02,1.378498109522448445e+01
-1.628844248218086648e+02,1.691478692893884528e+01
1.659129382994232174e+02,1.068850879404904575e+01
1.730720047811533675e+02,1.093447482560805639e+01
-1.716755582910493843e+02,1.295568773551423192e+01
-6.344760215050010288e+01,2.072326851950301929e+01
-7.109714203809616606e+01,1.318384670044211227e+01
-4.717884711651765883e+01,1.206746932441916087e+01
-7.586516199281517459e+01,1.332558707476044546e+01
-5.853978543503402676e+01,1.369221386919249994e+01
-7.750679716245100792e+01,7.329460030536735005e+00
-5.518662459031983758e+01,8.422056704249163417e+00
-5.992810855017282989e+01,1.208834801399019909e+01
-8.044547687557819415e+01,1.486913538087461717e+01
-4.471274358283272221e+01,2.210352231443920346e+01
-6.991120350250052695e+01,1.511944492949400143e+01
-5.903146040651112259e+01,7.243603479338594830e+00
-5.750086211211966258e+01,1.217717476328962967e+01
-6.131862711686444811e+01,1.320641311335769252e+01
-5.243785701081719708e+01,1.382750812579445920e+01
-7.700328152440027907e+01,1.341109909641673070e+01
-5.565537198914786643e+01,1.362362863693495818e+01
-7.356015055324452590e+01,1.668744153033169653e+01
-6.419887435700312039e+01,1.204435899477666894e+01
-6.232026563028933452e+01,1.264959161865439796e+01
-6.610536783084467061e+01,1.100916827659292174e+01
-6.159892522539210091e+01,1.777627180311878163e+01
-6.042034692222535597e+01,1.536197240545605425e+01
-9.105809727642578366e+01,1.764475474869858118e+01
-4.925422776620491305e+01,1.447129234686420673e+01
-7.778931134852354035e+01,2.195881889321569247e+01
-6.357120036405383701e+01,1.751186426446818700e+01
-9.889258509174734968e+01,1.894013729897595510e+01
-5.059144320647565962e+01,1.440189363731080441e+01
-6.937611742464081033e+01,2.091049206831961271e+01
-6.115653480524864705e+01,1.532205186625578364e+01
-7.665213367574745007e+01,2.011668218647632855e+01
-4.743438383700747352e+01,1.372142394175833680e+01
-7.650630395003118167e+01,1.405309916267696480e+01
-5.392995212531558735e+01,9.779769034720830589e+00
-7.592752473258464363e+01,1.205288237910761318e+01
-6.207220560625381012e+01,9.449232215339183227e+00
-7.803278300767890130e+01,1.006775566194370342e+01
-5.530750266970481732e+01,1.004523139077915772e+01
-6.081691099358176444e+01,8.441178537617442856e+00
1.669402671549863157e+02,8.653170570702156894e+00
-1.637633999997678984e+02,1.320756231563817273e+01
1.717680385048628011e+02,7.609703318935133964e+00
-1.688117133499046361e+02,5.484189723555563667e+00
1.717666645820405051e+02,1.082967871484266631e+01
-1.764762664798919616e+02,8.325311509288690459e+00
1.717342294423358169e+02,1.792936916780576340e+01
-1.745936707713504177e+02,1.364599870811609605e+01
1.698961581264552478e+02,1.528050875974062350e+01
-1.604248600115230374e+02,8.798497949277770402e+00
-7.050272416593494995e+01,1.066371203083868302e+01
-6.156358559375294703e+01,2.128712298357351074e+01
-7.115278162760893110e+01,1.371091653848183256e+01
-7.225982210078548462e+01,1.794358482129376853e+01
-7.442081297151806041e+01,1.228803562403329508e+01
-6.859856020218349215e+01,1.477318703066313965e+01
-6.916577479961547681e+01,9.418012102634861549e+00
-6.830841360016253816e+01,1.196979301432678255e+01
-6.600143682372625165e+01,1.563375473465359988e+01
-5.207232363231383943e+01,7.852111589719271478e+00
-1.781796700197326118e+02,1.205999472436970521e+01
-1.723407998879293643e+02,8.734712461840357989e+00
1.721339241893060432e+02,1.021975087135007598e+01
-1.789439366449354054e+02,8.593223238572830880e+00
-1.704572191976735667e+02,8.250468769816631465e+00
1.713829459912919901e+02,6.557572248877748144e+00
-1.754441041143240625e+02,4.655069017571333845e+00
-1.765938613702340945e+02,3.805676636579216954e+00
1.781028196972567912e+02,6.407022259412282317e+00
-1.733511201106565522e+02,6.231733849444664131e+00
8.118259998029995472e+01,1.865484959682114408e+01
9.801503773150022880e+01,2.185535361987731306e+01
5.250172745194174695e+01,2.243239961022289464e+01
6.071988518491546927e+01,8.268566437009196690e+00
9.749462368761957975e+01,2.735338101714858539e+01
5.488570952772224842e+01,1.467437895889208477e+01
5.897386981118889793e+01,1.218293489758540105e+01
7.245151979972992251e+01,1.043236184443024861e+01
3.995622933378751895e+01,1.256382863262120075e+01
7.520139925895229283e+01,1.738924458456425626e+01
-7.628336879240679025e+01,1.181639241315630073e+01
-5.439050872082592747e+01,8.834245877646608847e+00
-6.936182203811642921e+01,8.588675657271849673e+00
-6.638614755077280449e+01,1.014952892918690530e+01
-5.238852180557788785e+01,6.435036547058115453e+00
-8.002723126956986732e+01,1.073585873270669566e+01
-6.102800776054799314e+01,9.006133143547025099e+00
-7.228398284721012601e+01,1.212098116832483186e+01
-7.237041536693344312e+01,1.610773935324241890e+01
-5.203588711563990898e+01,7.613168581595640916e+00
-1.573979940363471997e+02,8.297207886533492172e+00
1.691153889625406919e+02,4.690670644781378407e+00
-1.772510731904694126e+02,5.590222803813923669e+00
-1.775127685477311843e+02,6.267441521409437222e+00
1.661423112014909407e+02,3.695049750822347434e+00
-1.712646328726743548e+02,3.689986872981199539e+00
-1.796161249775998670e+02,3.862266234455987046e+00
-1.770292647694619745e+02,1.046720684765015719e+01
1.615834758278622303e+02,8.451957314495061269e+00
-1.510805967573638213e+02,9.128728550418360399e+00
1.645637000316786782e+02,1.108512161450211053e+01
-1.738792849219565539e+02,9.988108479786111715e+00
1.659921802563813173e+02,1.418313911994964371e+01
-1.593755553838593926e+02,1.186338859010909985e+01
1.665313454167394980e+02,1.276400253025301446e+01
-1.758004340630543538e+02,7.423145393020844196e+00
-1.733876051847677502e+02,6.835899591617375037e+00
1.772544995829657068e+02,8.832590075508903738e+00
1.745122702705316158e+02,7.261370423540688179e+00
-1.720062681240592042e+02,1.023012550733633219e+01
1.654351539084610749e+02,3.015629654194860620e+01
-1.726553638222270024e+02,2.087036133759153600e+01
-1.774129118810529064e+02,2.007451920184726646e+01
1.637728204510954981e+02,3.278280344626799092e+01
-1.741252057957479451e+02,1.559623685148462968e+01
1.751342489454256679e+02,3.594693603138642146e+01
1.778537809601647552e+02,2.213329378914170675e+01
1.756684162240568412e+02,2.052017083705942824e+01
1.782833147272613985e+02,1.025039542159860062e+01
-1.691736344518010924e+02,1.067063811412752017e+01
-8.718841177100516404e+01,9.922395815210094838e+00
-4.915477057952917050e+01,1.295051495325315116e+01
-7.597988673010895866e+01,1.117162072798306127e+01
-6.108659291561275495e+01,1.342136977574350709e+01
-4.910461260540242989e+01,1.287580343220590251e+01
-7.610184825619271010e+01,1.923518559761600244e+01
-4.973726101252476184e+01,1.823823666881207117e+01
-7.534434021617134647e+01,1.662933491654508700e+01
-5.129412080389852235e+01,1.708657424714488116e+01
-6.211704918025442623e+01,1.986309852209828719e+01
8.868994815265109821e+01,2.208640785947062923e+01
6.157803983547189830e+01,1.790798799046169165e+01
6.187292741466708179e+01,1.071332932229947588e+01
6.522531714745883846e+01,1.526426458242247186e+01
8.108576217794421837e+01,2.308320232296241770e+01
6.987318149312500282e+01,2.201904675721359794e+01
7.121047974697000882e+01,2.336877379162010726e+01
4.997308710686024824e+01,1.632206279379779801e+01
9.082796270210063483e+01,1.384779699814280818e+01
6.158718392437310030e+01,1.526646076775150895e+01
6.869508187742897576e+01,8.105853868474946822e+00
5.848697218241083107e+01,7.532993466525189419e+00
7.663086647822434827e+01,9.414580821321095527e+00
5.850918396168321323e+01,9.480065456337204211e+00
6.608401611441992429e+01,8.201940408425134166e+00
6.468986679538521400e+01,1.443886190791288016e+01
7.079989875227384744e+01,1.090310660902586548e+01
6.672885616800016351e+01,6.387027781487505607e+00
6.455695180379461817e+01,6.613382912081050335e+00
6.831794041214695312e+01,8.073530741977284819e+00
-7.533641156821626339e+01,1.115264219462300588e+01
-4.129915996369431497e+01,1.154446483377228105e+01
-7.722152559949522299e+01,8.509150640364277152e+00
-6.096269633502375029e+01,8.037897330151785980e+00
-6.394259329536424019e+01,9.068431566558295742e+00
-8.040978300471901719e+01,1.229401290379548861e+01
-6.383795128799088303e+01,1.749143797039004511e+01
-8.094016348698765739e+01,1.222780286355466117e+01
-5.971727791286458142e+01,1.398087644573785582e+01
-4.217715102601290056e+01,1.976500307901179809e+01
1.793424872399464221e+02,9.907299163003479237e+00
-1.764432938414308580e+02,9.159953908101011066e+00
1.705385242974037112e+02,9.210473354667186641e+00
-1.680135137210410505e+02,6.708798725797880280e+00
1.681060706874983453e+02,5.631828766375496897e+00
-1.699595773418872113e+02,2.214636381328539017e+00
1.730349456576387865e+02,6.586600947869428957e+00
-1.755680968651719525e+02,8.776528351735811029e+00
1.743089917635926724e+02,4.988739775562067713e+00
-1.799708885622988532e+02,8.140458849350093118e+00
7.035335901664494429e+01,1.281365644525133618e+01
6.916261383095000781e+01,1.861565427150209473e+01
5.544020361640219363e+01,1.343755550313736791e+01
7.363593137881808559e+01,1.720068848258404159e+01
6.134677199629292232e+01,2.220654485133438882e+01
7.599504572735614261e+01,1.760132785455910920e+01
5.839321818262934016e+01,1.896333915809066895e+01
6.486305405092430476e+01,9.705135290381354807e+00
7.952971014737956068e+01,1.353779441155205987e+01
5.787367970247854743e+01,1.575204174780204625e+01
-8.209818156061879790e+01,1.128752137392904942e+01
-4.674646719967445563e+01,1.240663864848404252e+01
-7.976080071376699721e+01,1.045952890059756868e+01
-5.279742226431050511e+01,1.633804934401524989e+01
-4.961732618296276343e+01,1.659464460388538498e+01
-7.481025303206308763e+01,1.458828525273846211e+01
-4.792815074645103834e+01,9.180465981855610025e+00
-8.196696319180161083e+01,1.250106903257288415e+01
-5.925212430283789189e+01,1.107645598577003199e+01
-6.393191426914813036e+01,9.107773724592131970e+00
-6.004477672782992670e+01,1.506141906028234878e+01
-8.634392718773268882e+01,1.510381160200135575e+01
-4.459911276498873889e+01,1.406508183502545073e+01
-7.548922478127070690e+01,9.999273904432222082e+00
-6.332338297352543321e+01,1.323563525947230701e+01
-5.518193236906795107e+01,1.557560375766093586e+01
-9.073706020663996696e+01,2.176500754250372438e+01
-4.324947170784041361e+01,1.593153951635048315e+01
-6.128462274439972646e+01,1.415793516544577635e+01
-5.276896128390142593e+01,8.974410789924391452e+00
6.114965113197452951e+01,9.842607095077962498e+00
6.332106690534261872e+01,1.414258157818728812e+01
8.477823956694463448e+01,1.600874590162118238e+01
6.354794103530791460e+01,1.508947382564533868e+01
5.932656710692640445e+01,1.596955897412732206e+01
6.722527782394837459e+01,1.416078054466100156e+01
7.511163826642075492e+01,9.773750674853799225e+00
4.985197878730458854e+01,1.758635645364296707e+01
6.817137911337968603e+01,1.193513065272361295e+01
7.973854271090496582e+01,1.840321825908342390e+01
6.369462874473637015e+01,1.801537951745687849e+01
6.083630116913487740e+01,1.659584144605366873e+01
7.681135916012058829e+01,1.632319779884237931e+01
7.693641448943360217e+01,1.496484926040849750e+01
5.049172554516815836e+01,1.978454777417286437e+01
6.289576780433510095e+01,1.483783809446226698e+01
9.896266509373886322e+01,2.725622772379058034e+01
8.999325805051670102e+01,1.952571991080171898e+01
4.364637216040105727e+01,2.016362630236583087e+01
6.797708879462363996e+01,1.573818547562986225e+01
-6.513845626844486958e+01,7.496333249040912250e+00
-6.698506400048998444e+01,5.939520324811881302e+00
-7.161635949821602765e+01,1.063852830474016287e+01
-6.059174099864544161e+01,4.656518949604837587e+00
-6.811145306592867144e+01,1.376863034659526797e+01
-7.431675913296069780e+01,8.849614825213901526e+00
-5.935085690277504966e+01,1.270926829892817977e+01
-7.439692124499471504e+01,1.146574729035315343e+01
-6.480162622253290294e+01,6.799536095168461358e+00
-6.043582206972567406e+01,7.185893705281602095e+00
8.005231489497028008e+01,9.860975124356766486e+00
6.258650192057643125e+01,1.008935962090623306e+01
5.824803943279122365e+01,1.133865951827232088e+01
6.680789239040429095e+01,1.743675339217632470e+01
4.035119867932696280e+01,1.259013939958575179e+01
5.809690981341712046e+01,1.540016859658010162e+01
4.567740608743784492e+01,7.899021344836778979e+00
6.185666719161368121e+01,1.297380942002707727e+01
5.713426279722062873e+01,9.533659480456389446e+00
5.998350975961198372e+01,1.296574756276918805e+01
6.811863671165501444e+01,1.162060543298917636e+01
5.740261834423200327e+01,1.134920403312755433e+01
6.168846214532668881e+01,1.249186004987147669e+01
6.863375512858118555e+01,1.023589821958456980e+01
6.618482062026978952e+01,1.432524079301079922e+01
6.987134754334277886e+01,1.385190934106177707e+01
7.023231863275002240e+01,1.659931762729328142e+01
8.136406649150895021e+01,1.563091689035329068e+01
7.837376451863474358e+01,1.432835929645646900e+01
6.579358372203488159e+01,1.472730350055324600e+01
1.630095731527060536e+02,6.899303441618828359e+00
1.738485369328788863e+02,7.857806786735199722e+00
-1.594316049003837463e+02,1.335372516988441660e+01
1.627922034798243942e+02,1.652861610511856227e+01
-1.679167845591694288e+02,5.803137944006079962e+00
-1.711111598341569788e+02,1.216076302058036163e+01
1.666717513474192742e+02,1.332114363296631154e+01
1.783810738554385864e+02,1.038086000962339206e+01
-1.727485370166631924e+02,2.397325282783360478e+01
-1.769804471272553599e+02,1.417981361971924947e+01
-5.243431635034897198e+01,1.062791018480007921e+01
-6.140615561349665796e+01,9.249701686083440677e+00
-6.714698355813212061e+01,1.024735599341615178e+01
-6.100070276659661062e+01,6.863762392747345231e+00
-6.061482835930221569e+01,8.931103847370341242e+00
-5.991174702286998155e+01,7.031034281918378426e+00
-7.194727875716870358e+01,1.258999839351893968e+01
-5.537152127250173095e+01,9.824322887295739548e+00
-5.435436624072572442e+01,1.271573381692126148e+01
-5.850965151903291428e+01,1.694905994489354129e+01
