dihedral_deg,energy_kJmol
1.612701842260598539e+02,1.136982551687226106e+01
-1.557393261862216889e+02,1.296636427156329674e+01
1.692990446060586862e+02,5.804489963037157807e+00
-1.795406600192811766e+02,9.708516675015115283e+00
-1.766334821199060343e+02,6.461898687894841231e+00
1.713274713561656881e+02,5.304699691060343447e+00
1.697880470393062922e+02,3.071930342439071371e+00
-1.522205394380021346e+02,1.019822798237389527e+01
1.599134595325154180e+02,9.347286160136006217e+00
-1.681782125719797136e+02,9.366317225362040588e+00
-1.797235838479457755e+02,3.544874983209560515e+00
-1.771706369606135638e+02,4.119049063309108583e+00
1.782894478887510274e+02,4.511443337807222065e+00
-1.790485448050711739e+02,5.024018608301754618e+00
-1.764739399371613331e+02,4.947933700735024587e+00
-1.781038370333645275e+02,6.170220729721467734e+00
1.731771226331248386e+02,6.140161540346165125e+00
-1.726318076965795001e+02,5.130560192252292318e+00
1.666405739754165722e+02,8.182086804165159322e+00
-1.662672700057647148e+02,6.415714588799653839e+00
1.704432111606832336e+02,6.402794759216671849e+00
-1.637535527433555274e+02,4.324751512826537692e+00
1.626680450088006467e+02,7.746455778314446761e+00
-1.625793625902292376e+02,3.654420826701041847e+00
1.710731408945300416e+02,4.270938545487386051e+00
-1.702958537741270959e+02,9.913063484893008592e+00
1.691089918326348425e+02,9.778719623690914631e+00
-1.691008763110889390e+02,1.142530687854954330e+01
1.684888602271116156e+02,1.002882028727102259e+01
-1.569418618736800397e+02,7.557397166152329149e+00
-1.751498726501582723e+02,9.872543074327975177e-01
-1.798975150648218460e+02,1.734808791053107146e+00
1.779397493051300785e+02,3.360724540038120267e+00
-1.736107848945530918e+02,3.848918283061989243e+00
1.729067974835990640e+02,7.366601054344898536e+00
1.765587205524579133e+02,4.193961820351461256e+00
1.778426857628090829e+02,5.791407672508734450e+00
-1.782623350522156613e+02,2.692529651668155832e+00
1.762425405289143328e+02,2.661094985550961578e+00
-1.766957661731381677e+02,1.356187233484637211e+00
-1.643728552033488199e+02,4.731029097477880363e+00
1.486024312107860226e+02,1.634642827922948172e+01
-1.641360143187699521e+02,8.980708353643425568e+00
1.709703234328264614e+02,1.450955938611778429e+01
1.765797890923934119e+02,5.199200871127448664e+00
-1.650096053980547879e+02,1.398008103340881725e+01
1.785843093009827101e+02,5.010530715926984513e+00
1.778091717308352031e+02,1.138676991355732326e+01
-1.714755260208588936e+02,5.398766444685870525e+00
1.653696416267893596e+02,9.910256224993402085e+00
-1.790602290967967463e+02,4.919189670283463656e+00
-1.748628325710073455e+02,3.504789705336722516e+00
1.750537213328171049e+02,2.009417086176441103e+00
-1.755261944931651215e+02,3.150568957688133498e+00
-1.763883591455900728e+02,1.383054945223069598e+00
1.732500039210143825e+02,4.427284463452587637e+00
-1.750824900277203255e+02,4.266737327406863400e+00
-1.738163495274689296e+02,4.182518721675156925e+00
1.776914237270071339e+02,7.593713697705350540e+00
-1.753022389881399477e+02,5.638742914728136491e+00
1.782811627024719314e+02,2.975386724977217234e+00
-1.745054994340962367e+02,3.606931270158382219e+00
1.744127440139336045e+02,2.698128514739049244e+00
-1.749552327949793664e+02,2.854825175236609613e+00
-1.793755930789205308e+02,4.390972136883650734e+00
1.689609990807651343e+02,1.496948022281388235e+00
-1.631900447162992691e+02,5.425923694636496819e+00
1.700299808742773280e+02,3.008274740679072856e+00
-1.700690044237790062e+02,4.717461862735297551e+00
1.764772691839971230e+02,3.657270413393251651e+00
1.722397168067267899e+02,5.301066028643568018e+00
-1.699477733749719732e+02,7.416884498063563314e+00
1.743536904259183871e+02,8.188694731980824315e+00
-1.737161663201812019e+02,9.771899353755349793e+00
1.784459784722164386e+02,7.297558109050740427e+00
1.702773745484850565e+02,4.838452131127477962e+00
-1.688216068071033931e+02,3.669266485176040149e+00
-1.785107011076914603e+02,3.608663444853910107e+00
1.735260192759133986e+02,8.253073483442038949e+00
1.776147923426113096e+02,5.267654788414639633e+00
-1.724010279324293435e+02,2.939109038712905075e+00
1.767541577967395483e+02,7.517435186202622965e+00
1.775115480916427941e+02,1.783372243835303461e+00
-1.728449521922904921e+02,2.302065555831113386e+00
1.756203847811599132e+02,1.160861125696962315e+00
1.759175647902446826e+02,6.325905360024650648e-01
-1.778242886324798064e+02,3.479174974302929879e+00
1.758715774451530081e+02,1.157386545135411948e+00
1.770825517133905294e+02,3.364110263716127314e+00
-1.776869645219062477e+02,3.255456894900262910e+00
1.779894808164193591e+02,3.802875203327835685e+00
-1.791998190409883307e+02,3.068602316564205790e+00
-1.788716490343897476e+02,5.762462383405289046e+00
1.769192270043087376e+02,3.712761689176349300e+00
1.775646327472904886e+02,6.060951149793092796e+00
-1.773848736312686754e+02,4.168361462031590747e+00
1.681611426176326631e+02,3.993765293366711155e+00
-1.663243663018860730e+02,3.941925788333231040e+00
1.701940889603834819e+02,1.897036125848835297e+00
-1.788855956330969832e+02,4.719293861155193781e+00
-1.707749345259371125e+02,1.518386092203584070e+01
-1.787289364152713915e+02,1.809734673762399382e+01
1.715020879343083209e+02,1.408497817756081538e+01
-1.786952847017027466e+02,1.515048969599259010e+01
1.744758411307000188e+02,1.615507849762484582e+01
-1.672917134059965747e+02,1.482245564332042953e+01
-1.784600709383473145e+02,7.749775413286302594e+00
-1.788377748306592139e+02,8.206700322873178521e+00
1.799202202285626129e+02,1.194214055819600162e+01
-1.777582304687984731e+02,9.456611172013328570e+00
1.716182519533681159e+02,1.151958151572245370e+01
1.786112129439485727e+02,3.235768794157842354e+00
-1.779354192643576766e+02,9.164985708968627520e+00
1.775933326919308115e+02,3.786893129750066755e+00
1.793213368567161012e+02,3.636676341693174663e+00
-1.715690453866382938e+02,2.462535530334798217e+00
1.690868129698909570e+02,4.871591508775795276e+00
-1.757097411081304870e+02,6.816270913222104433e+00
1.783339508013256136e+02,4.548178881983577782e+00
-1.799506290260599712e+02,5.384808927928330213e+00
7.891044415892805830e+01,1.323016351984398931e+01
8.368907198378818180e+01,1.393581505329735393e+01
5.951217522741028176e+01,1.683854555326998792e+01
8.770011856390307514e+01,1.224330641973085321e+01
5.524684275675608802e+01,1.339275233894114692e+01
6.736422835500903261e+01,1.042667535473292517e+01
6.724948304140167465e+01,1.175907476965413068e+01
5.404578367470369216e+01,1.136440909955372902e+01
9.084551906721064540e+01,1.355143693378155234e+01
5.601778051813763426e+01,1.248808119003947681e+01
-1.748512671831507532e+02,1.361765240337286009e+01
1.791676498153863974e+02,9.670991572746753917e+00
1.752681425048513404e+02,9.580962782228105823e+00
-1.729649301106473160e+02,6.709749944912635655e+00
1.726969891197674087e+02,2.918101179000299972e+00
-1.753485517733584231e+02,2.469226634009247690e+00
1.747973094938052441e+02,4.195670019574427201e+00
-1.725326110252946989e+02,9.300911208079707393e+00
1.682712896958370834e+02,1.406373766567973860e+01
-1.703106023283307309e+02,1.330279742904336082e+01
1.648361718883955973e+02,8.078424690760449778e+00
-1.775411401459413412e+02,9.341376154261249454e+00
1.786815083976410108e+02,1.048951854173145293e+01
-1.724112091105597244e+02,9.310333899954422066e+00
1.754914470881927286e+02,3.917882153546875301e+00
-1.754587448089029067e+02,3.487537663801731913e+00
1.729391280674200857e+02,7.726879963390917538e+00
-1.782744162685667391e+02,1.411850231037273673e+01
-1.762620533511554299e+02,1.342795542323563041e+01
-1.758714575253271732e+02,9.639289021751123343e+00
1.532523601389319197e+02,7.992887591672559466e+00
-1.636719132014809759e+02,5.627833317982820382e+00
1.700233873986063031e+02,7.547256255653836732e+00
-1.752395274490845907e+02,9.672067172477962771e+00
-1.768645548860138490e+02,4.883134354152568690e+00
-1.757547359963489839e+02,4.567618255107815273e+00
1.541186058972564581e+02,8.703561707301453509e+00
-1.552288097622036673e+02,8.838570591765755324e+00
1.704311519314773591e+02,6.729670438407369559e+00
1.748902023321483910e+02,6.593615711481788821e+00
-1.770738831593838540e+02,9.784669868426412620e+00
1.725750496625065580e+02,6.671700174566211672e+00
-1.585338167231340947e+02,6.331947230346216315e+00
1.628063513975688750e+02,6.413375586797756434e+00
-1.766394471012852421e+02,1.145562313406892629e+00
-1.726192367164943278e+02,7.261066616186602651e+00
1.629521342401945390e+02,9.041534692928209438e+00
-1.662969321325184922e+02,1.020106291222885808e+01
1.705163160178070711e+02,9.085562860657212525e+00
1.797218374450274894e+02,6.392431757980679308e+00
-1.722404687063757365e+02,1.001069432000855031e+01
1.662825244195558128e+02,9.433672357213488624e+00
-1.727605453870907866e+02,6.908706450196220317e+00
-1.799428151024561373e+02,6.460324960298372332e+00
1.678696399490515887e+02,6.928204384598467769e+00
-1.682328838551846104e+02,1.213650137758478387e+01
1.696576483404483895e+02,7.284694982176406874e+00
-1.754770800826691755e+02,1.241968652050950084e+01
-1.757328223529677018e+02,4.708528009066518472e+00
1.714730684728620531e+02,9.953481315632647153e+00
1.762800691923152954e+02,8.845472385869131315e+00
-1.761696864486284824e+02,1.197911083735070292e+01
1.739486317336334480e+02,1.364421690666994813e+01
-1.753425176154170799e+02,4.765894782095982940e+00
-1.778535901814686611e+02,3.632158788356299794e+00
1.732740314824317238e+02,4.039023479527954485e+00
-1.721478648668101528e+02,1.260615152805614869e+01
1.728710226940841039e+02,1.063103229170448039e+01
-1.700821270686618334e+02,9.022848021899395832e+00
1.767836022463816619e+02,4.416212609863880090e+00
1.666527948004218160e+02,6.987197954517916365e+00
-1.758041058462343358e+02,7.518306943281668708e+00
1.767334534344494159e+02,4.479634026081363629e+00
1.788667868231964917e+02,3.522450371013587045e+00
-1.749713335262149769e+02,8.858606833677020731e-01
1.720881561989855584e+02,4.036344381393651481e+00
-1.796582716125066952e+02,1.951909188515706273e+00
-1.717465674137349936e+02,2.550449164639889688e+00
1.752918048538092251e+02,3.243190498065378069e+00
-1.775198380787480517e+02,1.578749959237233824e+00
-1.727231791762656599e+02,5.379951165762841825e+00
1.756263867715325375e+02,9.276049896933063366e+00
-1.717939493163462146e+02,7.193512541761966972e+00
1.798545306938547981e+02,7.815475711020063443e+00
-1.609583810500964205e+02,1.157981605522138935e+01
1.430806519845769174e+02,1.355581149851010281e+01
-1.735337852286850762e+02,8.898596956446020556e+00
-1.627009336302028828e+02,1.109102224808807335e+01
1.668057275941309570e+02,8.864748296199056909e+00
-1.765011414536124619e+02,9.440705557726138508e+00
1.767924271754551455e+02,1.175706286377273457e+01
-1.779567880839898066e+02,5.205819937455462565e+00
1.764855954932897362e+02,1.310384382924730673e+01
1.771463030050139196e+02,8.729214747101277538e+00
-1.795579432494985213e+02,1.431738736607680451e+01
-1.752528284826146887e+02,8.756454177430978092e+00
1.771986658556371310e+02,7.943493277452596146e+00
1.774829633208825328e+02,9.639445517767590843e+00
-1.709911173592713567e+02,7.846449432143916880e+00
1.661694965135408495e+02,8.983541759101100865e+00
-1.691648329611057591e+02,6.833777901413088607e+00
1.753652255121384655e+02,5.111625288303288883e+00
-1.760811894219897056e+02,4.156239927725255079e+00
-1.799966998522249355e+02,9.335809222893077575e+00
-1.751022355246582833e+02,5.819101643486073172e+00
-1.777487165762558448e+02,6.259943424073243889e+00
1.792967773669140001e+02,3.109065914781475648e+00
1.742189400012794920e+02,8.192015238558900680e-01
-1.728168789439058060e+02,5.458203718019199790e+00
1.787796341991754332e+02,3.004469292119702928e+00
6.459120234632450774e+01,4.367270842593954150e+00
6.904624850034316808e+01,1.053208006605752090e+01
5.848882279857275535e+01,6.770604661411296021e+00
6.831451897990433508e+01,1.376215837761511551e+01
6.002608270972291393e+01,8.447359920868073857e+00
7.206374419163020661e+01,1.268213801767991100e+01
6.038915990352588636e+01,8.911248512208072015e+00
5.531079418712074158e+01,1.120204360484207307e+01
8.049231989292736955e+01,1.093655005326590768e+01
4.767843471326845872e+01,1.312046739203528745e+01
7.154971013098474941e+01,1.021456947896722234e+01
7.846491098954535914e+01,1.091723016796952095e+01
5.197034070975692543e+01,1.715220136686176033e+01
8.147709106267491563e+01,1.415288499593004978e+01
4.803120231558916942e+01,1.891539155954264118e+01
6.216671722014397261e+01,1.723850683618896795e+01
6.777113363524166800e+01,2.266831118120360600e+01
4.956634917796633744e+01,1.752355218594625086e+01
7.438571743280992621e+01,1.941431784825867268e+01
5.569706200517255468e+01,1.385776624627165532e+01
-1.788082479116968102e+02,3.908832120266824361e+00
1.749222364591887526e+02,2.893912386665989267e+00
1.794877969567512537e+02,3.411174962728484417e+00
1.784584869846516995e+02,8.517891983233770503e+00
1.739805459929348785e+02,6.885833845200226122e+00
-1.652742685662144311e+02,1.432994541727262927e+01
1.632954422109034169e+02,4.591105826034834081e+00
-1.678596867400519841e+02,8.322173653242188607e+00
1.783730046658457127e+02,7.322946739406757111e+00
-1.725864353751362046e+02,9.688026173132527674e+00
-1.752054086495072909e+02,1.429512371992192143e+01
1.615853697328779788e+02,1.114584638004320638e+01
-1.608762397100707346e+02,1.827276824909740327e+01
1.670748127865943218e+02,6.463016754301596833e+00
-1.766773497274919009e+02,1.196804007823555338e+01
-1.771661813484458321e+02,8.456810977375351257e+00
-1.787645336703972703e+02,1.336814919587781425e+01
1.681081178571203623e+02,1.343460428502146087e+01
-1.544396895632173710e+02,1.756590364158058293e+01
1.580401992979046497e+02,1.245405838659241837e+01
5.723830698850121479e+01,1.028416248233982699e+01
5.750548012152702171e+01,8.169262190894199804e+00
6.483812230966378820e+01,6.367684482666964740e+00
6.287630538113416634e+01,1.045294170493991004e+01
6.240067232299320921e+01,9.045142747238642755e+00
5.704445475008341049e+01,8.499744165496608161e+00
6.478046575027471476e+01,1.486605136202604882e+01
6.215991922558544758e+01,8.593297806594089039e+00
6.735498553620946893e+01,7.214612590519156043e+00
6.419656950075814450e+01,7.740089895174676826e+00
-1.770842666621261969e+02,1.887406849359054206e+01
1.749885800307741306e+02,9.962073520184496545e+00
-1.761200704947165434e+02,1.238335153855053505e+01
1.777826106197725835e+02,1.058713114364861063e+01
-1.689184522274207154e+02,8.653369948596090211e+00
1.795832497491792594e+02,1.224007634440468806e+01
1.782204280222914576e+02,5.832847590018252149e+00
-1.681547357150105313e+02,1.059653224871616217e+01
1.671360157535716837e+02,7.286317253419701601e+00
-1.794932806015856386e+02,6.860518349304017605e+00
-1.737984883294705867e+02,7.545464507975790269e+00
1.772330532583241904e+02,1.128681471731806951e+01
1.744506715050911225e+02,9.359042458236913831e+00
-1.718896446404944811e+02,1.071849677704407000e+01
1.783279690336939041e+02,1.042010756962452867e+01
-1.751728875579410101e+02,1.042930475679209223e+01
-1.788223543334860892e+02,1.354412123443251659e+01
1.684323352642340978e+02,1.125319139609839247e+01
-1.660742023518683936e+02,4.206323307120968025e+00
1.670287178685482843e+02,2.390420080535964775e+00
5.896617493733051418e+01,1.043307579211860059e+01
6.467180986084146355e+01,8.199976526739868987e+00
6.718639864010715712e+01,6.229998950089891352e+00
5.866173394358385451e+01,1.037117519334949378e+01
6.940062155719731152e+01,7.507866359332270534e+00
6.407427023449507431e+01,6.557945315890811422e+00
7.990468138546664534e+01,1.333783007816857591e+01
7.064088828282183385e+01,9.247550236470448937e+00
6.651160392680320399e+01,8.960633886071398990e+00
8.325219578953586108e+01,1.508879419999350091e+01
-1.725728553517975286e+02,5.405124442600113710e+00
1.692867135494816750e+02,6.768694061793604888e+00
-1.565804320021511842e+02,7.636645810293307690e+00
1.556632421062872709e+02,8.904609053826760601e+00
-1.653394833753006026e+02,9.453253327123970706e+00
1.635976106231154574e+02,1.401946487383318285e+01
-1.723762649578468711e+02,1.924240205249511959e+01
1.692615822865892881e+02,1.127815834159516228e+01
-1.646721210542695246e+02,7.391162220025181639e+00
1.703412692294774899e+02,1.862952682866327869e+00
1.790614619803643848e+02,8.247616694085516897e+00
1.773252384941964124e+02,3.888974410341178967e+00
-1.610968308076194546e+02,6.939058241843088837e+00
1.621495301675765575e+02,7.832945101540435218e+00
-1.630427613523806372e+02,1.004925935190518160e+01
1.762169688579307092e+02,5.872132264858426431e+00
1.703175082426966469e+02,8.071535590846973918e+00
-1.667270948122855145e+02,5.364913044315603230e+00
1.746771970424543099e+02,2.214083978467986213e+00
-1.794343977960012637e+02,1.613773021798649232e+00
1.784948545913812836e+02,6.111374520264640786e+00
1.769118594764615864e+02,8.265420048219709770e+00
-1.665948532818906358e+02,1.494964009365814483e+01
1.618432346691744783e+02,1.501338070162385208e+01
-1.752862146021857370e+02,1.168943230426095781e+01
1.749981165878161562e+02,1.038698506592058735e+01
-1.698753017913770407e+02,1.836498734515072329e+01
1.789679005236728244e+02,1.910480967142169462e+01
-1.716328103937863148e+02,1.429382650860237014e+01
1.619094791978606906e+02,1.409202475353910700e+01
-1.668851748137898880e+02,8.825848924905079329e+00
-1.770231265611427318e+02,1.862699293627374431e+01
1.760333321448779884e+02,1.127270149353387119e+01
-1.711066932605080524e+02,1.411186631308228456e+01
1.694520748728648698e+02,4.922039432127562897e+00
1.761787784673358317e+02,5.845232549116073706e+00
-1.744865525018251446e+02,1.017722108036118911e+01
1.797142952953738870e+02,1.609984222224239048e+01
1.785378816090797613e+02,1.306431165721700793e+01
-1.691268827177790683e+02,5.278130901119116203e+00
1.772332758339867667e+02,1.077311997641210617e+01
1.740191956346322684e+02,5.712977986228015226e+00
-1.632327466495625856e+02,1.332270240232421088e+01
1.750278571415320528e+02,7.130410331226475051e+00
-1.739264933867925436e+02,1.426547657411847858e+01
-1.682387268695904652e+02,9.124807079933589193e+00
1.746747156688267637e+02,1.261772310590068891e+01
-1.764850119507779596e+02,1.054961096061233050e+01
1.774171802369184263e+02,1.686640485011642099e+01
-1.701528089748252057e+02,1.153123478447381700e+01
-1.659116479902781975e+02,2.433046561507312688e+01
1.703513774222207360e+02,1.473622823483806421e+01
-1.709228319008218477e+02,7.961592005183078413e+00
1.770683829393352937e+02,7.507744139303601294e+00
1.758350012194619580e+02,7.400753372540480157e+00
-1.779737113404907234e+02,1.142977739384951263e+01
-1.792828464408748061e+02,6.375740468927247662e+00
1.771378832796266920e+02,8.371943393488740170e+00
-1.674361081718755599e+02,5.600144590945244971e+00
1.622689369407400193e+02,1.509697941310890634e+01
1.696085290884505810e+02,1.053102013979703244e+01
-1.740088187396651165e+02,5.179012316047362674e+00
1.791644275978821099e+02,3.380451552480126853e+00
1.745383159354456950e+02,4.208072420167155769e+00
-1.718947909578856752e+02,5.584694438154483187e+00
1.743676797006859545e+02,4.509153240499344406e+00
-1.786838872797953286e+02,4.552928100994965810e+00
1.776994977303675114e+02,5.583506516337050307e+00
1.776337867054525077e+02,3.101254959551702939e+00
-1.724406963566277682e+02,3.282460182716492536e+00
1.798753482441163385e+02,1.636853087734466428e+01
1.655948283034140616e+02,1.467202233867237560e+01
-1.692322617881084170e+02,1.064684836256095579e+01
1.735999093277844452e+02,1.165486848168620426e+01
1.569135484588176723e+02,1.837038057019288217e+01
-1.737120950152908847e+02,1.775855465689475920e+01
1.782055465437761654e+02,1.959859231669338797e+01
1.726756835896362645e+02,1.622492888303495562e+01
-1.749690210742095360e+02,1.668953629337054778e+01
-1.721288203651291724e+02,1.136676813740217895e+01
7.100552903343732680e+01,6.734114754161744543e+00
6.050030164993430049e+01,7.035629332686460735e+00
6.063624083501606776e+01,6.003056390091797034e+00
7.209300942884001984e+01,6.879165778709698031e+00
5.753038660830473106e+01,7.535868479924662466e+00
8.038997253793884568e+01,1.000685204013246299e+01
6.010432680486924539e+01,9.080982906374721608e+00
7.380110663592822107e+01,9.510226735489300864e+00
6.810767287012616578e+01,1.241246209161886860e+01
5.699149824458127256e+01,1.362343358451512998e+01
-1.684323966124469791e+02,1.343733406311400103e+01
1.652543187726864744e+02,1.414141187683836165e+01
-1.787430904715076565e+02,1.306384096438172193e+01
-1.750874504684956321e+02,1.700594746537638713e+01
1.668098370796177505e+02,1.398428643523688919e+01
-1.771663651925075840e+02,1.290776919262831512e+01
-1.766330698052712478e+02,8.083622625292836261e+00
1.634051343900597146e+02,9.908599962363066282e+00
-1.773749642003477334e+02,8.919005369467313926e+00
-1.730473962398648098e+02,1.125856652312994299e+01
1.755273903669448430e+02,3.779474697758351098e+00
-1.730262689267820804e+02,6.315167820797397802e+00
1.671956605643217699e+02,2.606410679660073448e+00
-1.616117586053848925e+02,6.743639217305307909e+00
1.692836735749785930e+02,5.721607703789691968e+00
-1.692746543366126275e+02,9.536811794524872710e+00
1.713687762504634691e+02,7.583066554343727006e+00
-1.707878380043487709e+02,8.686077765677406859e+00
-1.757115224139071188e+02,4.159238572234812636e+00
-1.790241591816662776e+02,5.922847491298378841e+00
-1.555547765627673016e+02,8.465434458566402753e+00
1.600792773922048866e+02,6.278542193937678206e+00
-1.757324239373313617e+02,5.278674726041183263e+00
-1.715390388025424784e+02,5.714147922081399322e+00
1.748085707987087289e+02,4.922951041862395627e+00
-1.748968765644177097e+02,2.728121183186959620e+00
-1.772055400906789941e+02,1.074578913706629946e+00
1.740863157186879562e+02,1.697396767960893449e+00
-1.670773132675683996e+02,2.997227988600177806e+00
1.644854536683662332e+02,5.048782647873888862e+00
-1.473247453088781072e+02,9.486569732677233802e+00
1.737221364829986783e+02,1.367959265263639868e+00
1.597983800195336528e+02,5.929776575831830598e+00
-1.553024905651282666e+02,6.525980598109162756e+00
1.588644137707966308e+02,6.410840532897402966e+00
-1.711165717485835103e+02,1.178214692553169307e+01
1.673546246945285816e+02,1.357624752553155290e+01
-1.742689628909369048e+02,9.383928063968973277e+00
1.738589783345081230e+02,4.736652135548032660e+00
-1.690956936231290513e+02,7.032786667692732863e+00
-1.515621660256400105e+02,1.260800965678657981e+01
1.643102228094810755e+02,1.273073649706141452e+01
1.697954158657370556e+02,1.549922803149016559e+01
-1.576700922532099582e+02,1.688365516165649183e+01
1.699409935069435846e+02,8.525809954380699551e+00
1.611654857000352479e+02,1.275088686106076352e+01
-1.557810928892932623e+02,1.335295820170312453e+01
1.793819921590047954e+02,8.615182273558612991e+00
1.466245545866639191e+02,1.687584766334797237e+01
-1.687156476698582139e+02,1.102534827453088617e+01
-1.704544302409598231e+02,1.173482288589686817e+01
-1.754519986790395478e+02,1.104295299170875566e+01
1.746136127576286583e+02,6.150262161337030520e+00
1.753001491539032770e+02,7.395441761523699142e+00
-1.599541805969194570e+02,1.471960843644977857e+01
1.669086785599074005e+02,8.745004379214012857e+00
1.513817434005376867e+02,1.232341555974660885e+01
-1.678753788364095385e+02,7.126041937385288350e+00
1.796374612423069550e+02,6.670055053431635628e+00
1.634437043507041949e+02,8.238169656468052438e+00
-3.998762254324783783e+01,1.400657508629858228e+01
-7.155929178265999724e+01,7.472364928058214062e+00
-7.531778002659552840e+01,8.634721466922034239e+00
-5.600085133034586704e+01,1.254743946129219623e+01
-8.252226908456712806e+01,9.979066417447556958e+00
-5.206280108236169468e+01,9.353666377477292571e+00
-6.350988010979600773e+01,9.112516711097802258e+00
-5.327800116105215977e+01,9.979218919483027861e+00
-5.247158169692598051e+01,6.818575008209613486e+00
-6.261512512709602873e+01,9.331632090837363336e+00
1.793002402528503012e+02,9.693082479218720238e+00
-1.588667012015123134e+02,1.462405061607236334e+01
1.609190531617477404e+02,9.298366950925247565e+00
1.606182834198490923e+02,1.383010415142549832e+01
-1.617482171443228083e+02,1.083742699713470969e+01
1.683515828993855337e+02,1.763561848195305970e+01
1.665813860664774779e+02,7.747051061113380044e+00
-1.672544733883208892e+02,1.447726884528849034e+01
-1.765452698542234202e+02,9.596777550926773870e+00
1.599612120643868707e+02,1.778634022764105893e+01
1.712906759870519977e+02,1.512129144681411574e+01
-1.742290589645023147e+02,7.994564672837107366e+00
-1.766349342970487726e+02,8.240211629156009465e+00
-1.756451132482794151e+02,8.679063586903364325e+00
1.777199553559165111e+02,1.018786383097939208e+01
-1.728848281637701518e+02,9.423691871107806151e+00
1.755799967644578885e+02,1.337286734707408797e+01
1.793469969855860029e+02,8.937646087814107076e+00
1.783223957138471292e+02,1.354478603555344307e+01
1.786990174506122742e+02,7.368334337868034822e+00
1.769438765876234072e+02,9.473957456298254698e+00
-1.790786659456889822e+02,9.331896114172725021e+00
-1.668473882416934941e+02,8.242421119943866614e+00
1.549379021787005684e+02,9.044640280547772804e+00
-1.613116665347025958e+02,5.458189199119327206e+00
1.774226084282750833e+02,5.221240410964231415e+00
-1.777136747453667454e+02,1.119832249738646546e+01
1.732395319182944320e+02,6.522598370046694072e+00
-1.661336480364973909e+02,7.973346327297296199e+00
1.728870927346443409e+02,6.198992673863941150e+00
1.766292033760610991e+02,1.017281486427478576e+01
1.752675327178857003e+02,1.825259430281376893e+01
-1.639692933740972478e+02,1.325056175383634738e+01
1.731443595299219282e+02,1.051284684326442331e+01
1.777063635525039160e+02,1.324072797582276451e+01
-1.720629512440105202e+02,1.138247245703810151e+01
1.656406610426933810e+02,1.533424973646028455e+01
-1.703513913959041872e+02,6.496122019431689765e+00
1.789874622296703421e+02,5.645565904804866086e+00
1.632594887686852019e+02,8.662738382193289510e+00
-1.770776910564830473e+02,6.692863751557178276e+00
1.782350945009869463e+02,6.539920063801919703e+00
1.793578402293595673e+02,5.848108451979509681e+00
1.796061925653738740e+02,6.560197078249515812e+00
1.692262301745579691e+02,7.053145587362450897e+00
-1.724819788658358277e+02,7.536348225501019016e+00
1.767612675056404044e+02,5.118671563243283984e+00
1.731933667121653855e+02,6.353098473316434180e+00
-1.616113833847115586e+02,8.070105259222987826e+00
-1.795575039946350557e+02,4.421255836955868546e+00
-5.841210357560477462e+01,1.336012423052735798e+01
-7.246466958648183265e+01,1.519480051338696569e+01
-5.698986041718360696e+01,1.499024059884462545e+01
-6.534100434128153267e+01,1.422882230840924223e+01
-6.820916110446172809e+01,1.225889591802764933e+01
-7.652501056132516055e+01,1.422718525251893595e+01
-4.936390631496407622e+01,1.261251824576332403e+01
-7.417420747751951637e+01,1.054347674637530297e+01
-7.157913690207740842e+01,9.148517159669395937e+00
-6.192615492956934276e+01,1.025328997937451980e+01
-5.632893445424712553e+01,1.098834521871422965e+01
-7.480024562170837044e+01,7.723798462562344369e+00
-4.589014418739390067e+01,1.195051692314883240e+01
-7.716933294441244584e+01,1.144820766038175108e+01
-5.381890197746820093e+01,1.097735475392218873e+01
-6.744056546304027222e+01,9.719959894220490781e+00
-7.305566539719832519e+01,1.126011855824052432e+01
-5.970245363048172038e+01,1.003652277370955659e+01
-7.905937473738738674e+01,1.099161862676803381e+01
-5.650580875292555305e+01,1.000552412163721527e+01
-1.743876993333086887e+02,1.195803073909655723e+01
-1.745742762134540556e+02,1.359429137643805063e+01
1.763813288736394327e+02,9.170890982790208312e+00
1.771111827268892398e+02,1.456844057902755551e+01
1.725745716444830578e+02,4.711140038228491811e+00
-1.732961177797462824e+02,1.526484630501487949e+01
-1.711373444330432960e+02,4.119053232711308077e+00
1.702400648924678990e+02,1.320314168697264101e+01
1.767031991272746154e+02,7.546117331658973804e+00
-1.678813153493719028e+02,7.361754763482331043e+00
1.648971082590623212e+02,7.152358347738495326e+00
-1.609745817930345879e+02,1.685989932104456557e+01
1.608243156184396412e+02,1.718849021276204070e+01
1.756341740905118343e+02,1.263202256049465433e+01
-1.453525078769337711e+02,1.964474281176456927e+01
1.607621628625504968e+02,1.738163629219469186e+01
1.753948340024080039e+02,8.736629146923132083e+00
-1.731038258848117550e+02,3.314896326521463266e+00
1.709402866669398406e+02,4.471714935800500612e+00
-1.731115763893545534e+02,6.509737279235917384e+00
1.774583794734611786e+02,6.419196040218796639e+00
-1.773634547108314905e+02,1.036259414430791814e+01
-1.796552878050792685e+02,8.253419936019994907e+00
1.745370979663416904e+02,8.485348000006053937e+00
-1.755353493425568843e+02,1.437878631881199532e+01
-1.733903900643944382e+02,7.794131218568875141e+00
1.621463997367511638e+02,1.523475101077025684e+01
-1.704070364630758263e+02,1.189156282619940441e+01
1.775898875761635622e+02,1.027785097326581010e+01
1.590191097116189098e+02,1.526125576227963521e+01
-1.754515098272812850e+02,8.748417214598449121e+00
1.794213287812829947e+02,9.492473100868838998e+00
-1.755648663143520309e+02,7.100988469747218090e+00
-1.799179082566007253e+02,8.050901811550705389e+00
1.731496351850607596e+02,1.092092001942905810e+01
-1.789933986512955073e+02,7.396348414430965690e+00
-1.708485636369211988e+02,1.021223597996273824e+01
1.781912267415557096e+02,6.061290753309890533e+00
-1.737876048914613989e+02,8.641985643353695679e+00
-1.682224907332125952e+02,8.917539061318542792e+00
1.533000760840125452e+02,1.540282273601956575e+01
-1.787214577615511075e+02,5.253355132245423498e+00
-1.646820677764821710e+02,1.069324304140748083e+01
1.579078549395886739e+02,1.404685215972712520e+01
-1.732925469799176881e+02,1.453827006583396297e+01
-1.567007322571236045e+02,1.232540723417207928e+01
1.527476595485541679e+02,1.607990140993579331e+01
1.791919222650809331e+02,1.137154770287059158e+01
-1.625938808679113095e+02,1.815208308883151744e+01
1.518507312808700362e+02,1.844019227353107482e+01
1.792268701016916452e+02,5.668753337686377236e+00
1.707876372277021630e+02,6.181658829519169451e+00
-1.741682603359120947e+02,5.888985627218765728e+00
1.768356811160354312e+02,6.279559979286188032e+00
1.785051317828816195e+02,8.694514933375701915e+00
-1.780555601843499858e+02,7.812899081007003588e+00
-1.740900127886325492e+02,6.206810446598540310e+00
-1.797407772733134550e+02,4.336485246375789693e+00
-1.798043584756441362e+02,5.747815504969207012e+00
1.775507624698919642e+02,7.351616292733787361e+00
7.664418725447370662e+01,5.380958828468095589e+00
5.776053199775049762e+01,1.144725607387902855e+01
8.952376520123596038e+01,1.307503022955363470e+01
6.193470118634756005e+01,9.191290130140840731e+00
6.329757514801742957e+01,1.159639166923331288e+01
7.257513949440595979e+01,1.231304246892903898e+01
5.579526758473591030e+01,7.998609803653135231e+00
7.818211340751889793e+01,1.788446564826615059e+01
6.121688755764331091e+01,1.295066468812162697e+01
6.603808636000854904e+01,9.757714078559773796e+00
-1.765227729579462448e+02,7.063981640608988144e+00
1.685191083723396730e+02,9.099979190019244157e+00
-1.687766560671522029e+02,8.469646208094959050e+00
1.790334165331422867e+02,4.315810156556484145e+00
1.667578031596629842e+02,1.283197067912582234e+01
-1.632063882106027677e+02,9.380862147491892955e+00
1.751410595327595274e+02,1.283725303033251919e+01
1.620299930436752334e+02,1.149754909473555742e+01
-1.581476203474491626e+02,1.423840629787028789e+01
1.769616305637148059e+02,1.016344717648306073e+01
-7.840627566375614776e+01,8.401520793041253654e+00
-6.075417509897842194e+01,1.586405010110015468e+01
-6.331559742306473737e+01,4.454079315999723399e+00
-6.930160494508527336e+01,9.427096492385754090e+00
-6.075149979388988442e+01,9.212885924735626730e+00
-9.085772229102325070e+01,1.462840034571773629e+01
-5.772072382053046624e+01,5.698929666282239737e+00
-5.392450385435097360e+01,9.124477210153326467e+00
-8.861529287729997861e+01,9.703455132363778546e+00
-5.119733450785277995e+01,1.043578546248645722e+01
-4.706000649156077742e+01,1.597326398303889050e+01
-8.227408687994960701e+01,1.232849462353853909e+01
-5.489910573440649699e+01,1.728108168753717422e+01
-8.909100623107700301e+01,1.336892077934950684e+01
-4.915566564661038740e+01,1.287088940139865301e+01
-7.799676557729901560e+01,1.600320471016381418e+01
-6.040695800502711421e+01,1.417131997704363222e+01
-7.508170304691439867e+01,1.334634684005050786e+01
-4.788791473788602815e+01,1.651331935007503660e+01
-9.083183540139800982e+01,1.374055988101133430e+01
1.793708291157177541e+02,3.486050657880808146e+00
-1.738190466385573245e+02,5.009344595959639435e+00
1.704697279716481830e+02,6.425916305935409412e+00
-1.767988281666446539e+02,6.781294582741896448e+00
-1.717985599935020957e+02,6.495981424794524450e+00
1.660245417625071696e+02,6.451360836054380599e+00
-1.685440077379458899e+02,6.192850255838257212e+00
-1.726288022895332688e+02,4.104948280067274524e+00
1.664797962901354254e+02,5.726547971479479138e+00
-1.709191566123493828e+02,6.001789668570458147e+00
-1.709680782947058333e+02,1.317741096591828054e+01
1.718300393960229258e+02,9.846954554402948645e+00
-1.641526562060825825e+02,9.644640045494321967e+00
1.786381437532768928e+02,1.092512911695214228e+01
1.727086800378540659e+02,8.214072603253340432e+00
-1.621836341972408775e+02,1.190977604237951937e+01
1.739812937575892988e+02,1.150933079399510461e+01
-1.798815578601156915e+02,1.022464598192987495e+01
-1.667484901428307467e+02,1.314166759443924448e+01
1.661830715247060937e+02,1.210918915242132599e+01
-1.729389408095915712e+02,8.940666515497095901e+00
1.734939693665392610e+02,1.082720277382327012e+01
-1.735277042244431129e+02,9.904247989104383976e+00
-1.764972103901690730e+02,3.889263840526892224e+00
1.598681718363375523e+02,1.207363659687188218e+01
-1.691094012035121636e+02,1.526360472216492603e+01
1.732596642088917633e+02,1.603987736273338882e+01
1.616691241344828711e+02,9.566009391761401304e+00
-1.686585940075724466e+02,1.597033021200665814e+01
1.749875179568848580e+02,1.321075158715441411e+01
6.094270336608123273e+01,6.029772671164236542e+00
5.237886638439950104e+01,1.113765091849157329e+01
7.107111913784325452e+01,7.713554957744886309e+00
5.886185792903130931e+01,1.297907272153835834e+01
6.594715043360172047e+01,7.322695275562988826e+00
5.881476073410558314e+01,8.601757820453642012e+00
5.495461773134925210e+01,7.887617772932543403e+00
6.270998508265628857e+01,4.970843442441721827e+00
6.122704881441154612e+01,5.497756278607429437e+00
7.116760109206077800e+01,8.584790510769972016e+00
-6.224455830871838202e+01,7.631563978657545988e+00
-7.632812531174768367e+01,5.899390390495638847e+00
-5.369395430051311280e+01,6.403260050580396268e+00
-6.582796551332631907e+01,6.255110719716702405e+00
-6.445753367057670857e+01,6.548939594036915501e+00
-5.028839572999159202e+01,8.329866208827443330e+00
-6.967564060341818788e+01,7.546265980853995359e+00
-5.638894006633988454e+01,6.855563836363398167e+00
-7.257802067132671198e+01,9.987263451808040315e+00
-5.472355304021751010e+01,9.716714725529563168e+00
-7.503988612094370581e+01,1.878346807591596246e+01
-6.582975429830401026e+01,1.446718123291975999e+01
-7.641540760254976306e+01,8.687059530010976971e+00
-5.489604145352880238e+01,7.295596088555653225e+00
-5.477911784043813981e+01,1.225125998125664673e+01
-6.003800408528938704e+01,1.632175071680184431e+01
-4.171970842380543587e+01,1.261219228024281769e+01
-5.875294478821086841e+01,8.723222187035339914e+00
-7.034236486096926910e+01,1.235887289027942160e+01
-5.382346930795454654e+01,8.958641559312328084e+00
4.831389576766944316e+01,1.208135004462890905e+01
6.642483421321881565e+01,1.071738378601197716e+01
5.544526988480586738e+01,7.116906674408464362e+00
7.491772483766543189e+01,1.116850610878056216e+01
6.650256106747907836e+01,1.270290451683070465e+01
5.236630999291466537e+01,1.386568105698084707e+01
8.071160498800232119e+01,1.884087625240937314e+01
5.472799348322828195e+01,8.526395628153764505e+00
5.872808896881071661e+01,1.070119653364571555e+01
6.285979584238130258e+01,1.794114635557583171e+01
-1.760477149335218314e+02,6.065782944878320038e+00
-1.660720261430572009e+02,1.076385116883959370e+01
1.774147217326720067e+02,7.108381407261083140e+00
-1.740848320395824373e+02,6.468328526578013715e+00
-1.795933301611200363e+02,5.856112040462289059e+00
1.752934170793761837e+02,5.436284574714671969e+00
-1.668845776627605630e+02,7.412723098273172440e+00
1.754421090309741942e+02,9.513720052798102955e+00
1.743921066533838484e+02,1.050631238298283598e+01
-1.705701191733424196e+02,9.539292258475636999e+00
7.545579195081157309e+01,1.311120736598796199e+01
6.431309058290436553e+01,2.425711415438028951e+01
9.073617901659909535e+01,1.990668853666019800e+01
3.613781470829840714e+01,1.908459306387100796e+01
9.283113116162708423e+01,1.954848377734431253e+01
7.923338388535304944e+01,2.235617844542068156e+01
4.313846364541233669e+01,1.846729851947465306e+01
8.738774592016541476e+01,2.002676832496218395e+01
6.364342674241675013e+01,1.090542800297588855e+01
3.504409850344343624e+01,2.272406224198343239e+01
1.718927126017655667e+02,1.101360929251712406e+01
-1.778200266932868487e+02,7.402109660744141451e+00
-1.732684002723107994e+02,1.233312569787053192e+01
1.636824589222202349e+02,1.189262349556835652e+01
1.764051962213667366e+02,1.508999077143774414e+01
-1.627925725891059301e+02,1.564906396282390233e+01
1.637129881183562077e+02,1.454504309947602358e+01
1.772233686931067780e+02,1.038108370125902979e+01
-1.551523210516960205e+02,1.662273717099508019e+01
1.556352371880583121e+02,1.280696048274702648e+01
1.662884482394910322e+02,2.018413865427887899e+01
-1.672636724957654621e+02,1.024522709146514643e+01
-1.758416058642835083e+02,9.915669047755969245e+00
-1.755041663853368732e+02,1.672344966783098741e+01
1.777533913668060563e+02,1.578811789714305647e+01
1.649664019626737002e+02,1.876211329905714109e+01
-1.622252121607527613e+02,2.233775316379792031e+01
1.654376569151125409e+02,2.543995637130898047e+01
1.715009482457529373e+02,1.669393747278613915e+01
-1.526391626439148297e+02,1.933602630633093611e+01
-5.507020875868560950e+01,1.115173002511348876e+01
-6.023888231268618654e+01,6.448376841979053253e+00
-6.824279279001672194e+01,7.885256603347219340e+00
-5.383500704961868166e+01,7.336664077590304700e+00
-7.707037038127822370e+01,5.383145729586292560e+00
-6.671816164047399411e+01,1.086062103629022779e+01
-6.652034731911420806e+01,7.110483081717292819e+00
-6.149909224210323799e+01,1.055709262237622958e+01
-4.713497668241987526e+01,1.171619131421073945e+01
-6.151859507425037066e+01,1.471406829156909701e+01
-5.997307830332056255e+01,9.932509883082261126e+00
-5.546273096573698780e+01,8.011246139720178405e+00
-6.954689195616381880e+01,1.031651831177045686e+01
-5.153024710237125561e+01,7.996712725859380200e+00
-7.337915446797819641e+01,7.919280900408438129e+00
-6.921900862222607032e+01,9.501903854880101363e+00
-6.660650457229829158e+01,1.218527289692113413e+01
-7.205834252595799683e+01,1.087810543696597421e+01
-7.085209886839085414e+01,7.262205300663723051e+00
-5.571445419927566434e+01,6.144977233338657641e+00
5.477869079663151552e+01,1.076736064333000087e+01
6.359753451715545225e+01,7.424983483678431639e+00
6.157610273060488737e+01,4.185287053243616384e+00
6.026465397971362137e+01,8.844844038525236485e+00
7.368977695215072288e+01,9.137399576977752957e+00
5.885755202622959104e+01,1.377836204279829779e+01
6.887488117713692759e+01,1.014938151760676810e+01
6.604590808376579503e+01,7.522388244589365058e+00
5.808021275058801791e+01,1.038939737820846787e+01
6.372446342647219808e+01,6.893440543364306450e+00
1.764581770316935376e+02,1.598225140429441282e+01
1.779679996063517535e+02,1.184270356509415656e+01
1.783828066021069958e+02,2.266652798886675413e+01
1.789004440849190587e+02,1.444441975182427740e+01
-1.792404723899377927e+02,8.864214002744652987e+00
-1.751143911691445396e+02,1.475023072634152577e+01
1.651287130900867339e+02,1.805446762206909028e+01
-1.782580727613662646e+02,1.556066621729738486e+01
-1.740107326924437245e+02,1.206701056528351579e+01
1.628779889580054032e+02,1.272100945771750702e+01
6.099323289151032412e+01,8.623394121442638394e+00
7.184408111891939086e+01,5.555129870464591946e+00
5.849702136020152210e+01,8.746292608031243532e+00
5.510799041779014829e+01,9.324714591947984133e+00
6.468142135088631051e+01,1.304579683958934311e+01
4.677007786136709910e+01,9.984926426735045268e+00
7.790603477645910857e+01,9.187975559183119145e+00
5.937819899969328219e+01,8.875173190229926234e+00
6.460211190492111655e+01,1.328155745115693875e+01
9.019715134031196158e+01,1.283253234410955557e+01
1.685295922229016696e+02,4.117419339486934504e+00
-1.754610155459355099e+02,2.492014537982380151e+00
1.761934929877327818e+02,2.213843279359746674e+00
1.782723059640102292e+02,2.421647317077133543e+00
1.732252127941792139e+02,3.153531534538069447e+00
-1.759611703911993743e+02,2.718798297887846438e+00
1.792115102166090708e+02,2.582260768455202360e+00
-1.748158767868657435e+02,2.257700300656376502e+00
1.641183436409571925e+02,3.108574377741966543e+00
-1.663067264607740867e+02,4.650977144071381630e+00
1.639582162828802439e+02,1.132274168580584117e+01
-1.734167231045098276e+02,8.541604241815168308e+00
-1.686166279847961960e+02,6.536251919110000586e+00
1.639777880752452575e+02,9.403061066427460091e+00
-1.728250929182987363e+02,9.302907046764939736e+00
-1.689491481635289176e+02,7.034540548309562880e+00
1.613179619392472830e+02,9.511047061988417539e+00
-1.638038101261477095e+02,6.576301771046322742e+00
-1.750351022154297027e+02,5.045529862213518513e+00
1.759709400471780611e+02,1.119121265555772027e+01
5.412268364374046570e+01,8.349309085202790470e+00
6.430508092678995524e+01,8.067717905645817922e+00
6.191674969560818198e+01,5.557971720883596589e+00
5.952828834740315500e+01,7.722955403350427517e+00
6.973172764664010970e+01,8.497738813924634371e+00
6.313039047730965336e+01,9.433492282018773878e+00
6.865254559846104598e+01,1.437217360075685235e+01
5.609646325740933293e+01,8.028948998581542540e+00
6.025875379588489977e+01,9.928404552896568092e+00
5.289356841388395480e+01,1.055084723234775268e+01
1.746361593827237755e+02,3.081172717050169929e+00
-1.783077702043712520e+02,2.373639038195321849e+00
1.791509000277408177e+02,3.641585878736859350e+00
1.767993255935948582e+02,8.242094106857052793e+00
-1.716318085908510511e+02,7.494319633274285408e+00
1.759496612278732073e+02,5.750590162996948251e+00
-1.743662842718560455e+02,4.376677494815179870e+00
1.798213584791772632e+02,3.578156155594387045e+00
1.757993847983655940e+02,2.887562524706464462e+00
-1.715034799856153427e+02,4.130694419035313203e+00
5.838988574381725272e+01,6.768122714842871090e+00
6.543042006129250865e+01,1.034894229325063186e+01
5.688083915906595678e+01,1.027213566115040777e+01
5.598411055966977301e+01,1.152696308109529255e+01
5.638660546472946322e+01,8.584253375793293728e+00
6.117975609905467138e+01,6.939032614265238763e+00
5.595688423650547350e+01,9.177199770234162557e+00
6.006268675330922235e+01,5.817669886928085177e+00
5.826827828500191231e+01,6.567246156210041264e+00
6.747236038805607450e+01,3.700306234618467194e+00
-1.763359159116588444e+02,4.703488961091116138e+00
1.774834766806501705e+02,6.326167618980881535e+00
-1.758297620996643502e+02,5.492162206802785995e+00
1.758436749001531325e+02,7.177732041799794516e+00
1.677239405961992986e+02,9.497410274868343549e+00
-1.640772239931910690e+02,1.267128114245157455e+01
1.696790096763473912e+02,8.631743454726144904e+00
1.749838366610162268e+02,7.731219327259131191e+00
-1.628945900210713660e+02,9.729261999025888841e+00
1.709262922746326012e+02,9.047368556952388730e+00
-1.751174095204650882e+02,6.593775402015854326e+00
1.776820425272764510e+02,5.581499201373624430e+00
-1.755412183161509461e+02,8.394920143152633685e+00
1.714981827685441544e+02,1.144672786807661957e+01
1.794341779660311147e+02,1.109196190572109586e+01
1.781829666215631107e+02,7.614475183922078116e+00
1.793193505621215138e+02,3.750640538161890802e+00
-1.740240520007345708e+02,8.611086438460056058e+00
1.738276243346149101e+02,8.979010775336266903e+00
-1.737808453027379585e+02,1.178766128549994363e+01
-6.747520999245514872e+01,1.156984818945076299e+01
-5.636618733744162313e+01,8.518324338070549118e+00
-7.699791059568754292e+01,1.077424206947129193e+01
-6.252713274015918188e+01,6.803897101709027950e+00
-7.314629181663616464e+01,1.178878449978583021e+01
-5.288410866871684846e+01,1.258108278605250163e+01
-5.562706798236546746e+01,1.010333262293663736e+01
-5.793812359039320370e+01,1.085155275012231613e+01
-5.449285665033052339e+01,8.240940069950065450e+00
-6.191013967770248172e+01,1.695663619857296922e+01
-6.234558790123325167e+01,1.263746134155694811e+01
-6.358168648343801266e+01,1.200962853763389049e+01
-6.938808042336277992e+01,1.027269309639356543e+01
-6.113761373470926941e+01,6.917362361619341371e+00
-6.277152652531638211e+01,1.525694478836947354e+01
-6.046207177043035585e+01,4.707942916314815207e+00
-7.108680658145799214e+01,1.137841778623030820e+01
-4.630467131472931896e+01,9.047484917814118788e+00
-7.189756212983965611e+01,7.493369328935454377e+00
-5.441763544639429284e+01,1.450200782109018327e+01
-1.660385949298129447e+02,8.455173017873569563e+00
1.725402655833304664e+02,5.483691600164510405e+00
1.765639990761418119e+02,8.275948883730812611e+00
-1.633045793216412847e+02,8.489352189012365102e+00
1.687311779375603749e+02,1.155263030833235760e+01
-1.681357766115714583e+02,1.204005780101442014e+01
1.768218246644753435e+02,1.039646348795945130e+01
1.795900675158382285e+02,8.824056641332967743e+00
1.732319266865519012e+02,5.911952352608527583e+00
-1.760163432553180769e+02,6.318291959980966155e+00
1.720756166695130105e+02,6.849483128451751668e+00
-1.562246482203334779e+02,6.417845340311507663e+00
1.674327526146010712e+02,3.781209911570929449e+00
-1.667337431306842461e+02,3.064458328887904148e+00
1.719288579272156596e+02,4.338919712101426462e+00
1.753401148227711417e+02,5.677989443280581305e+00
-1.639853360998691869e+02,9.838264619416634105e+00
1.693654609901152241e+02,5.517873332980782308e+00
-1.788623118946240425e+02,3.357876731370852852e+00
1.773515679476467710e+02,2.797981801779916733e+00
7.012738751936302606e+01,1.320253534492557179e+01
5.770120807617319514e+01,1.127553222077781214e+01
6.997872398873927580e+01,6.392427605372830612e+00
5.586211901133172830e+01,8.281324978325985242e+00
5.968309317737578823e+01,7.772788575728037941e+00
6.296679734014848862e+01,1.381872694202185770e+01
5.289158706778171393e+01,1.467037746785936392e+01
5.856315296748889665e+01,1.115190930337034914e+01
5.206706960375203153e+01,1.234829545927163252e+01
6.051608839398144113e+01,8.705071354286493701e+00
5.783862191191445135e+01,5.539657262768591828e+00
4.915503783793439396e+01,7.142532040684251626e+00
7.524222403752530397e+01,9.067314131515617603e+00
5.403846431493342806e+01,8.172802664400379058e+00
7.785070726830286958e+01,8.893127634643931856e+00
5.182547289306452143e+01,8.184452548262438398e+00
6.036822410336494471e+01,7.976513560335254382e+00
6.927619489099932082e+01,5.788742942570644701e+00
4.934331788196330848e+01,1.181534089469449000e+01
8.228429546620121471e+01,1.153199205768391522e+01
6.531332723818736952e+01,1.535194603729096841e+01
3.571268785366238774e+01,1.340086954584675638e+01
6.605775300276030748e+01,1.312516482856612043e+01
4.231700747221487546e+01,1.603170577700734256e+01
8.043990951730228289e+01,1.697747691767509792e+01
6.159420574667164772e+01,1.659417493517464948e+01
6.636663643427492332e+01,1.275155882923919037e+01
7.455649554258873479e+01,6.739819487532369813e+00
5.312382216093619292e+01,1.180746891692234790e+01
7.058666857805300765e+01,1.063493267982793711e+01
6.221152401870777737e+01,1.431438918193618193e+01
6.688284419373955814e+01,1.102724917888365930e+01
6.899738521207348185e+01,1.233504803312622400e+01
6.698054361106720478e+01,8.521800873156017531e+00
7.778430212646881614e+01,1.105641821645618172e+01
6.652760877458113953e+01,1.603823261299335456e+01
8.138706664639316557e+01,9.783643661271492320e+00
6.621865937235455135e+01,7.114936349536966631e+00
6.574441022517301292e+01,8.987618284000632229e+00
7.040251893766711078e+01,9.842049420166141260e+00
-1.685330530416466388e+02,6.378942742410985467e+00
1.789712161454292243e+02,6.035235702577661954e+00
1.715093558077177249e+02,5.536283843546561556e+00
-1.677015366827701826e+02,7.298714511789521353e+00
1.780603330295311935e+02,3.139915762236791252e+00
1.755844126480403986e+02,6.434121634676545298e+00
-1.667949008544248954e+02,5.855282963433880994e+00
1.665267259264231257e+02,5.235984431970342357e+00
-1.694534965253119481e+02,4.483471979097943816e+00
1.739225327204241012e+02,3.720963835157057531e+00
-1.769419106839311553e+02,8.659904689192032379e+00
-1.779970448195382460e+02,6.978652216760403704e+00
-1.738793301706358250e+02,8.891258427749196613e+00
1.789175172244005410e+02,9.816711541056605483e+00
-1.788589961278308067e+02,6.072018761392953934e+00
-1.687878328458691897e+02,7.464381619582313832e+00
1.698879964354529477e+02,6.932655329718749648e+00
1.789901672561721568e+02,6.303512117614231691e+00
-1.728304570505484037e+02,1.032924337864174902e+01
1.720473633584744277e+02,9.003459639417080496e+00
1.788070031864938869e+02,1.039701986599230921e+01
-1.700765260771188139e+02,9.147018556517236831e+00
1.680718359969102380e+02,9.920887339597360466e+00
-1.767833911460012928e+02,6.427479697635991585e+00
-1.790796288138550949e+02,7.295711586105237956e+00
1.717622398884695940e+02,8.176517312533970738e+00
-1.753968473718210248e+02,7.277890006731254857e+00
1.769099916076392560e+02,7.932556347255058427e+00
1.744325298734751755e+02,7.376125832327113940e+00
-1.788282827325034816e+02,6.819282602843679264e+00
1.722490405169623102e+02,1.337710124815313861e+01
1.676804698014168480e+02,1.202308338385203612e+01
-1.522962365042409374e+02,1.299556678529565446e+01
1.717023257968461110e+02,1.496731312964014471e+01
1.610926082981226273e+02,1.197767192147234816e+01
-1.618948819359637241e+02,9.432308861082265850e+00
1.722352848886687298e+02,4.689535891935415535e+00
1.733225774110509292e+02,5.651555022393216277e+00
-1.651719785310381212e+02,6.463639018508950507e+00
1.746897260803596339e+02,7.181207091386467845e+00
-4.922806983745078213e+01,1.351467666242201027e+01
-8.004010549793423479e+01,8.192527516810994115e+00
-3.865625306797444694e+01,1.284013476545554688e+01
-7.331459533650753713e+01,1.140536443283810897e+01
-6.726266556371265892e+01,8.496096221915202307e+00
-5.765496016643806598e+01,1.376979783920603850e+01
-9.087615863828024487e+01,1.800648273836639390e+01
-6.473663180612958001e+01,1.260968210644685250e+01
-6.228759082344406295e+01,1.374543848303618532e+01
-5.793456899009011352e+01,1.391367210814971145e+01
1.674509529102867020e+02,1.327920031037090531e+01
1.715391631224301250e+02,8.946388857796584659e+00
-1.709201674132425239e+02,9.781205628890443649e+00
1.757711920106914079e+02,8.251018904948981714e+00
1.729750182890364272e+02,9.163561567367651151e+00
-1.699455228229610100e+02,9.170191341239096516e+00
1.723025380400121946e+02,6.114618599508709451e+00
1.703693754011047190e+02,1.288648900117060059e+01
-1.654498689414994885e+02,1.043573361887088424e+01
1.770567787468746133e+02,8.368515293267471122e+00
5.628998509023967500e+01,5.850537417977495380e+00
6.648379187027225612e+01,8.560893112074950295e+00
5.767086515164646698e+01,6.861477239070315370e+00
5.453352626078636689e+01,7.139776371063804916e+00
7.103018206736489049e+01,9.376244684305540034e+00
5.711781180533227342e+01,7.126853656702042628e+00
7.213773308257262329e+01,1.292132784556037706e+01
5.755930142202824840e+01,7.538730446910516747e+00
6.952252220957862505e+01,8.795929702742125045e+00
6.272261726284113337e+01,7.827862104884701466e+00
-1.584602367851420297e+02,7.165505160416410391e+00
1.554400516938107444e+02,7.419538189381722049e+00
-1.662116836448421964e+02,6.245219014267460622e+00
1.740428289053838284e+02,8.419531639458174510e+00
-1.768167059350035402e+02,8.422973714324582417e+00
1.775690641955305296e+02,8.555498854728019964e+00
-1.783457530312120696e+02,6.083012674331601310e+00
-1.782622913754878482e+02,7.729606210335397520e+00
1.782300156351417684e+02,5.408297896661828474e+00
-1.767524218531303006e+02,4.766208531515745861e+00
-1.784702320305069918e+02,1.448186773490044654e+00
1.794580581207426064e+02,7.403685074196459937e-01
-1.784804746842237932e+02,2.601387636845122753e+00
-1.778657906348461779e+02,3.937210148868771853e+00
1.706149498288104098e+02,3.107302024000756280e+00
-1.699790256827718906e+02,3.828760949019367033e+00
1.689087187344202903e+02,3.541317279639828453e+00
-1.736833625365247258e+02,1.282294294472186458e+00
1.799245144027326262e+02,2.068578276647105252e+00
1.758750526983476163e+02,2.178932070506900853e+00
6.168010151167670330e+01,7.269198425250550599e+00
6.185061727452350056e+01,7.412095340291678269e+00
5.446137517009092477e+01,8.693180646342707263e+00
6.853106240446246034e+01,1.404918013229815443e+01
4.976136216228383802e+01,7.642920965646123221e+00
6.533425317049837133e+01,1.152610418933254444e+01
4.925828454912365117e+01,1.314821923049831653e+01
7.265605142775558534e+01,9.765845286492295330e+00
6.660393311932878646e+01,9.360623148969509089e+00
5.347432592119415773e+01,1.419583843301533221e+01
1.753381135424118327e+02,9.215334858257882900e+00
1.684798418331303367e+02,1.138262376059588377e+01
-1.759966072663115142e+02,1.614417104488119037e+01
1.761913243233893240e+02,1.215209997175836065e+01
1.731569011350551364e+02,1.368542083549111510e+01
-1.769783179154901802e+02,1.166785571536868460e+01
1.731191441107779667e+02,7.297603384373394064e+00
-1.769668412236503343e+02,1.586616760673981474e+01
1.782819356176328540e+02,1.667667480173780703e+01
1.738082426696939251e+02,1.530168979879500668e+01
-5.407645488915400023e+01,8.698006007258674899e+00
-6.240755204636519693e+01,1.082989635955856400e+01
-5.834702855499321572e+01,1.715696139611625881e+01
-5.689048595067527714e+01,1.551913115127745257e+01
-7.394246417335736510e+01,1.444283092200244667e+01
-4.555308680813200795e+01,1.339835169079567123e+01
-6.764858453242774772e+01,1.094605195366945871e+01
-5.453058885431178027e+01,1.355648897290831734e+01
-5.962415049778276455e+01,1.259810772120508560e+01
-6.306496786618166794e+01,1.540783107980807998e+01
1.706142047197824070e+02,7.926355639022890642e+00
-1.639368229696039236e+02,9.510164730611357697e+00
1.721925720274932416e+02,8.071672110952842871e+00
1.714554106455592262e+02,7.687007972205131878e+00
-1.568368394315081673e+02,9.989683620719908674e+00
1.740094633789006195e+02,7.390760693620295640e+00
1.743647864481109195e+02,8.027943393964743990e+00
-1.705941594614668873e+02,7.298336557128452640e+00
1.719187023039814051e+02,1.098159126256862095e+01
-1.789310621997734643e+02,8.751912522620445500e+00
1.661672605179939524e+02,1.481110462918129578e+01
-1.694666446103768749e+02,1.422305118857919481e+01
1.750739625681019049e+02,7.822473408202533562e+00
1.750456895589053943e+02,6.428898152650016407e+00
-1.680408286173944248e+02,3.951804320543319093e+00
1.640768954539857418e+02,1.086467611133263489e+01
-1.676408159055033593e+02,7.546645390295954492e+00
1.747443856311310810e+02,8.384628861387191989e+00
1.712020523133184611e+02,4.147649645527400786e+00
-1.658928582486828418e+02,7.963517113043657503e+00
1.638354291101614706e+02,1.236803623872854274e+01
-1.791329484508949577e+02,6.804685314610789071e+00
1.775742530296867017e+02,1.243377669765643212e+01
-1.732699452091043213e+02,1.315264037566008781e+01
1.635420953500422456e+02,1.473762273458358685e+01
-1.608009118112436511e+02,1.057754966603776836e+01
1.593875440421277290e+02,1.131666986066581515e+01
-1.664598013696763132e+02,6.528444688186191058e+00
1.732045580284302559e+02,4.369079727470238872e+00
-1.768093411824555687e+02,5.040751150443958828e+00
5.270105514678281367e+01,7.311649851232683517e+00
6.441349815621730102e+01,6.766072665330806757e+00
5.262403449435670666e+01,7.373509428880632655e+00
6.982775090712185317e+01,8.170046632740458392e+00
6.118315004273564739e+01,8.776314998415355007e+00
6.804618806286997312e+01,7.653160316673586649e+00
6.233776079273869897e+01,1.008029237198070049e+01
6.719395146201885893e+01,1.473041301243110368e+01
5.964945584023318759e+01,1.545125217206462054e+01
5.513723515205836634e+01,1.376582056124698283e+01
5.449293854487239486e+01,7.096222503096647927e+00
7.716154302683601429e+01,8.429336939617595448e+00
7.115235745177773197e+01,9.117458087255362997e+00
6.033054296152486273e+01,9.610317176630379876e+00
7.460814927913887118e+01,7.276233433224614799e+00
4.845903608579569521e+01,1.186099924482031653e+01
7.043243929816030402e+01,9.602877353290157458e+00
5.509907912227901505e+01,1.286088410689895767e+01
5.229096791005934364e+01,1.139566093512969225e+01
6.479115145972181722e+01,6.497242554820495286e+00
1.737219994957064557e+02,7.098885108017891632e+00
-1.659105797804317319e+02,8.323957109400227594e+00
1.598404891886183634e+02,5.934712880573259852e+00
-1.622012731242573693e+02,9.028201543769219128e+00
1.758976662041183374e+02,4.407445024884232510e+00
1.686201386854449424e+02,7.862890274996294337e+00
-1.754947268706893340e+02,4.794634632158686571e+00
1.759690580218970695e+02,1.359828519219399956e+00
-1.796386237420771579e+02,2.810989437897059684e+00
-1.741649557412334559e+02,3.959937599614927528e+00
1.710137630513972624e+02,6.513225299186439443e+00
-1.754563378854450093e+02,5.363090390554967613e+00
1.759092204882387023e+02,5.761613817445496721e-01
1.689707845300318354e+02,1.746410043996063699e+00
-1.717193743653353124e+02,6.422348041744268876e+00
1.741714439622287784e+02,7.232543575316668694e+00
-1.682223695238909045e+02,6.423394245793794255e+00
1.709760298692384310e+02,2.642868337647678700e+00
-1.700666642754986526e+02,4.399619625171394155e+00
1.674108830986679379e+02,6.886491553052270120e+00
1.676885677982426444e+02,1.858686645036472385e+01
-1.776183702827373452e+02,1.311956281988718231e+01
-1.746490691909866655e+02,1.279464588933267422e+01
1.760707087592048481e+02,9.536378539688854516e+00
-1.734150598961197431e+02,1.220843588171306493e+01
1.689916352970167566e+02,1.282212039369472834e+01
-1.679096989060048202e+02,1.365928442484186434e+01
-1.789285164958827465e+02,1.271973085463798725e+01
1.726164743812970528e+02,1.023309580151326692e+01
-1.732096808595766504e+02,8.090331755039620987e+00
6.527589177664498266e+01,1.249813813670078666e+01
3.351418705184082825e+01,1.617365016872784622e+01
8.761746932337507587e+01,1.732748491261889967e+01
4.255825264360458249e+01,1.245202388841743968e+01
4.916570731909204284e+01,8.398698976917398085e+00
7.404468487721895542e+01,8.704783668196697022e+00
6.154895883185296412e+01,1.183801455008871706e+01
8.020090389364735017e+01,8.388198383035808448e+00
5.419595906497024629e+01,7.350871413075770633e+00
6.736600967018861752e+01,6.795248803523565861e+00
-1.737858590236495218e+02,8.181728393827011558e+00
-1.770833500555572755e+02,6.214140063693188054e+00
-1.783200790668404920e+02,5.906366985010121695e+00
-1.721061577856022211e+02,6.913494432335960838e+00
1.755303086755541528e+02,7.906771708251330466e+00
-1.768597220692010410e+02,7.123008816877750782e+00
-1.793597228771905918e+02,5.682154163863136986e+00
1.788890291519591926e+02,6.667910256386185175e+00
-1.779601084314685977e+02,5.459578199908870388e+00
-1.788343263454347607e+02,5.425658091684484319e+00
7.107655678279159872e+01,7.891951581915920499e+00
5.864665589604486939e+01,6.844850760898228081e+00
7.086665441423997436e+01,8.664381260529188111e+00
6.855415333215633211e+01,8.705783264675783784e+00
6.880734871366027505e+01,9.094946586001210420e+00
6.813177370253724519e+01,7.895036107758643951e+00
5.544547895638546464e+01,5.198980858952410244e+00
5.894924396043793990e+01,1.137409005415830876e+01
5.858709983079369010e+01,1.118075395670718919e+01
4.729554097865398887e+01,1.210596980780946197e+01
-6.193182664378685587e+01,1.079325533071271437e+01
-7.567238771428581856e+01,1.765868320673200742e+01
-5.653726352183515758e+01,1.497771192754466441e+01
-6.038243207971951421e+01,1.633393020726254363e+01
-7.253024807013045461e+01,1.236119232652289313e+01
-5.363933186118850216e+01,1.883767572771371235e+01
-7.848555778760284340e+01,1.356072214145268795e+01
-6.210565999021557815e+01,1.089668788612955019e+01
-5.559337914988343954e+01,1.618122796759214310e+01
-6.565540274365211815e+01,9.361872610678618756e+00
-7.725573538838740717e+01,1.472681557487690718e+01
-5.790362169519694646e+01,1.764148715369054798e+01
-6.621816956059956283e+01,1.411278676381356512e+01
-7.153185475361301826e+01,9.133747307089905121e+00
-6.218021459907755855e+01,1.540900669998174521e+01
-6.529443718431670618e+01,1.180942198148330746e+01
-6.008041882998906402e+01,1.510293643630509308e+01
-6.400816803386780407e+01,1.989469060687398638e+01
-7.752028989928550118e+01,1.362691504450176971e+01
-6.461614075281063663e+01,1.249466102638130494e+01
1.792945395873418306e+02,1.409657833346447831e+01
-1.719907916902095053e+02,7.543533375440949484e+00
1.777507248455749505e+02,1.249987201606404597e+01
-1.765360267452683445e+02,1.655106388508538018e+01
-1.668013624038666194e+02,1.950590224706936837e+01
1.680023999143021172e+02,2.082322564121244213e+01
-1.742715066249372171e+02,1.063356248550779704e+01
-1.679802220365657490e+02,1.063743801860456095e+01
1.547985332930005313e+02,1.819158252130328179e+01
-1.573247206170964034e+02,1.654093991602823266e+01
1.784397151336820855e+02,1.040846417657470369e+01
-1.754763050603460215e+02,1.243074971077494695e+01
1.792233823249989939e+02,8.318460741475567133e+00
-1.773279693865448223e+02,1.087350686757545049e+01
-1.733068496181604132e+02,9.382055648407892079e+00
1.775662042360243333e+02,1.145751514569693619e+01
-1.714884896176248503e+02,1.456238886356812046e+01
-1.780577309444904586e+02,8.195766011877269719e+00
1.725771097460643375e+02,7.266920397887041361e+00
-1.748283333250916485e+02,9.514125381175535523e+00
-7.315439413629121645e+01,1.985722366718087883e+01
-5.174167637586477753e+01,2.304938430033547547e+01
-6.457804877498746521e+01,1.484951103614979573e+01
-8.583817496358123833e+01,2.205714542868491179e+01
-6.651960091212856696e+01,1.607693839806080049e+01
-5.126220930760465677e+01,1.459077888318767791e+01
-7.820657263866013409e+01,1.582721838055617880e+01
-7.452803284971228948e+01,1.659178895036407653e+01
-6.284069085815581701e+01,1.013771834349746470e+01
-6.786607066534257626e+01,1.827065840501821370e+01
1.729617096447264259e+02,1.106134293991931017e+01
1.785408217253099963e+02,1.279853239763561490e+01
-1.756457691047249057e+02,9.020855513286294425e+00
-1.786256336750614366e+02,1.299112972336086358e+01
-1.772648434223269192e+02,7.193442640508573405e+00
-1.790462718118859016e+02,9.452458002291345807e+00
1.796446938669656106e+02,7.747494096370463268e+00
-1.745625935188798792e+02,7.214561594312074888e+00
-1.742728204482354784e+02,1.057476133414859021e+01
-1.795971951329990191e+02,5.669691269790554600e+00
-1.703682122228020432e+02,6.120449675890785812e+00
1.717564003441094371e+02,4.889404268227020900e+00
-1.797857026677177146e+02,1.615612621529305848e+00
-1.734923010283410179e+02,1.489714379273604949e+00
1.635343401515914081e+02,6.333228938358864468e+00
-1.694039716318377202e+02,9.938385170005027192e+00
1.763873458425053116e+02,5.544949696492495583e+00
1.787038475871291894e+02,4.449820646067866647e+00
-1.625466843253331035e+02,4.859386785494957728e+00
1.629851304689528888e+02,4.905749709241411516e+00
-6.051775922253683859e+01,1.026594051315950118e+01
-6.061970302525597276e+01,9.935138856196168433e+00
-5.774417829012313774e+01,1.246910103464157693e+01
-7.381200743247370610e+01,8.481547999048590469e+00
-5.788735944439968506e+01,1.278880965211743792e+01
-8.004123512250730244e+01,6.342332271063794380e+00
-6.379008833047672056e+01,9.041383321937763284e+00
-5.716200503642722452e+01,9.920051599742830462e+00
-6.906027582470507298e+01,9.604747241821566917e+00
-4.859308932466480968e+01,1.328032585959081402e+01
-7.515941414090518435e+01,7.494528042834716075e+00
-5.722052048283941872e+01,8.058245172535235312e+00
-5.376804527698721614e+01,7.936138258348044872e+00
-7.491863169300144421e+01,8.902099815489558310e+00
-5.726836360830655082e+01,9.487214650206210464e+00
-7.220183190084244984e+01,5.704177071659243481e+00
-5.760698926791420860e+01,5.935304927608060055e+00
-5.361117334783237709e+01,8.072900617257923628e+00
-8.761986154046948627e+01,1.287455391584376407e+01
-4.420464528082776923e+01,9.043251708333356120e+00
-1.786414540756441056e+02,6.992521174680449647e+00
1.766295785778816310e+02,8.995361304358759469e+00
-1.718325914089420223e+02,1.531290343353871464e+01
-1.793329559099707353e+02,9.647656891921727151e+00
1.743478444968353642e+02,9.411490312461666008e+00
-1.792501957122030092e+02,7.203453082257881945e+00
-1.694358968424973853e+02,9.836508176702892570e+00
1.634095451842567002e+02,1.056825722650801680e+01
-1.777312849330230620e+02,1.655950783347191191e+01
-1.723286445933749746e+02,9.984483934894267776e+00
-1.683766091916471908e+02,7.167705676159732420e+00
1.714087063921433014e+02,7.213456156854038070e+00
1.773415976914050418e+02,8.828014262006197654e+00
-1.786600919104517118e+02,8.152921065841443493e+00
1.685797332871919139e+02,1.115597902585922618e+01
-1.684531379744703656e+02,1.360951462627712871e+01
1.777727238082427164e+02,1.162404730798387220e+01
1.669179947988927211e+02,8.055353857226473124e+00
-1.607885652564949339e+02,1.198200856879109999e+01
-1.777729906427902051e+02,9.453571905129651398e+00
-5.618933733634655425e+01,1.364152205160536013e+01
-7.231570330524611734e+01,1.367973371998852627e+01
-6.310556772487722554e+01,1.043684590996523553e+01
-7.082186629818465917e+01,1.216471231182492296e+01
-5.988472990260794404e+01,8.806511685545011403e+00
-6.441244028434007873e+01,1.063294179492378433e+01
-7.287849450882096392e+01,1.295158597202725659e+01
-5.887813976112740733e+01,1.136537662345945243e+01
-7.586380120107588709e+01,1.318254093815050432e+01
-6.085550614778417611e+01,1.431890928969119337e+01
1.630362602987759715e+02,1.729962125468409440e+01
-1.776077723591039899e+02,1.362006050473894447e+01
-1.609955484246081880e+02,1.185256465526640746e+01
1.741499710315891036e+02,1.558265505471301893e+01
1.745042631352908984e+02,1.591160535955408761e+01
-1.685548833694500672e+02,1.351774992273983855e+01
1.704347760899406694e+02,7.150943486951575778e+00
-1.746525896989418243e+02,9.680926512932625627e+00
-1.652921690622473534e+02,1.256683835616244593e+01
1.712802772058639675e+02,1.479703170403013601e+01
1.764141572553051276e+02,6.164485169234110273e+00
-1.693181977483206140e+02,9.212994621360900638e+00
1.696602633143082528e+02,6.368613835275263924e+00
-1.773509276524580116e+02,1.941437603895474151e+00
1.760076407519152895e+02,3.980934830557576909e+00
-1.789186135798885005e+02,6.415836218414963099e+00
1.788913991680055915e+02,3.856008302637820684e+00
1.764882236993076390e+02,3.163628241463711355e+00
-1.780677901223812967e+02,4.486877741929879093e+00
1.760000545574012563e+02,5.327278053086835108e+00
7.548600395408175245e+01,1.476092866114626290e+01
6.409575997507008083e+01,1.755382036321918804e+01
6.292051604712037260e+01,1.594404913137285007e+01
6.888761336695662862e+01,1.642217279238560934e+01
6.968655365339814978e+01,1.060221916530477415e+01
6.475355077626784350e+01,1.568446837019601148e+01
4.969478189332211571e+01,1.334890680434607368e+01
8.928511506375599538e+01,2.183852363343662972e+01
5.500905884625443321e+01,1.168646985248116543e+01
7.020926853070614015e+01,1.892541908595953615e+01
-5.719483080686139687e+01,1.300991100504648834e+01
-6.027988241680719739e+01,8.268400742452653773e+00
-6.125548289481252340e+01,4.412216677500440554e+00
-6.120213315108026109e+01,8.305951930971062325e+00
-6.778035536426170893e+01,1.135603451985406309e+01
-5.644001917814703972e+01,1.140020909035974128e+01
-6.578428298963321197e+01,1.168691731709828296e+01
-5.258272837253735332e+01,1.130054804045274786e+01
-5.234125867435988511e+01,1.101031120043424671e+01
-5.872355657552072472e+01,7.470868250442293856e+00
6.640696741134574665e+01,1.320586104963765806e+01
5.673087547892240678e+01,1.857132772209080684e+01
7.090727635259655415e+01,1.313566115380237953e+01
5.896094896053895695e+01,1.136927182256549074e+01
7.019192085920592206e+01,1.048133856003485676e+01
7.082212524528776498e+01,9.907107598380962443e+00
6.464709309871300036e+01,8.237672316603195100e+00
7.766133739971046168e+01,7.812780966760467294e+00
6.969753903602986611e+01,7.641461636596122986e+00
7.272691566347985770e+01,8.263703087325449559e+00
-1.672909189345708398e+02,9.085387291246286523e+00
1.729151890021859117e+02,8.625829360274021695e+00
-1.759009197802654398e+02,6.111151798990769102e+00
-1.727452452406679697e+02,5.214173972656270806e+00
1.679614307279238403e+02,5.980092624353971154e+00
-1.743386886141609580e+02,7.340115215773622026e+00
-1.709207844863069568e+02,6.353507129347399918e+00
1.635623066868208468e+02,6.798633658485348619e+00
-1.770572061638286243e+02,5.343128719813421412e+00
-1.666217592383664794e+02,8.439540086262333318e+00
-6.425597826773207544e+01,1.562793239100665232e+01
-6.620167144845133578e+01,1.122697847227139967e+01
-5.411823833713467735e+01,1.904425348012351549e+01
-6.592512653383957399e+01,9.886936906193248831e+00
-5.952651132259224198e+01,1.122976148562005960e+01
-6.192505952942453007e+01,8.409906308683185117e+00
-6.511169462118054696e+01,1.044486929736051550e+01
-5.937487608951168738e+01,8.397447730706211644e+00
-6.176547498710129247e+01,1.015442801073759682e+01
-5.768710177009770490e+01,1.202619313227634024e+01
1.764120771716478657e+02,1.737964458336734097e+01
-1.761399847737071127e+02,1.998452560233487318e+01
1.677518606560501553e+02,1.488774213930453527e+01
-1.696825726305255273e+02,9.129699189948798477e+00
1.733292983438930435e+02,1.052778944204198197e+01
-1.796999479141691154e+02,1.200115662382853188e+01
-1.718988174160594156e+02,1.202120769144980983e+01
1.685725885966249677e+02,9.185153979515717992e+00
-1.735950661308101814e+02,5.146213886240833091e+00
1.727260050243779972e+02,6.823338140551062914e+00
-1.733312034182607135e+02,8.051284626949023249e+00
-1.668610749217700970e+02,1.178015070213398019e+01
1.541013215635575193e+02,1.443712222345217100e+01
1.761847287416158565e+02,1.323515378145399879e+01
-1.632629179392146455e+02,1.008907167237291347e+01
1.592597676297735632e+02,8.050971311582163281e+00
1.767640447101790642e+02,1.113891487035721184e+01
-1.483088233041855233e+02,2.148331146086627896e+01
1.756062547224707373e+02,1.008064190413122141e+01
1.437765566804871185e+02,1.743503386755268281e+01
7.651909715546975121e+01,1.292355473940673960e+01
6.524844107522203274e+01,1.530396095027572301e+01
6.529860641554236622e+01,1.463779237990662452e+01
7.864482885442367888e+01,1.439271546410398273e+01
4.561911042270627092e+01,1.646697692055557027e+01
7.934873824280843735e+01,1.397260761117189531e+01
4.423622977656216904e+01,1.360400995311542793e+01
6.818866746894127573e+01,1.412236801521200569e+01
5.664918910742058245e+01,1.112395181097794250e+01
7.302225195263957858e+01,1.344136302861215526e+01
1.008294614944009737e+02,1.531586362487477082e+01
7.122881368045499073e+01,4.699585253872448298e+00
4.560843763654639815e+01,1.121121955734264475e+01
1.080108604917368780e+02,1.781752592145575420e+01
1.685886440812370495e+02,5.449375087499468862e+00
-1.350878256930458861e+02,1.511280195471151444e+01
1.500412198721082007e+02,1.037374081107414270e+01
1.065564862899528293e+02,1.661829605673705856e+01
3.636922689848839241e+01,1.907126551040599338e+01
7.711209211743226888e+01,1.244801935935264403e+01
1.799230122650218959e+02,7.758105779249188316e+00
-1.758377543054159844e+02,5.109988730388334233e+00
-1.789042676056805021e+02,8.314534889384299632e+00
1.753082383522503278e+02,8.844350684168020393e+00
-1.639714269270878901e+02,1.309938879459085648e+01
1.785064068095251173e+02,1.186666347702415081e+01
1.745014376328778098e+02,6.640619061374755105e+00
-1.633062961817144298e+02,8.173683349641670759e+00
1.779198440012634705e+02,8.170720470971266636e+00
-1.796475809759552646e+02,1.162626406280996250e+01
-4.277776176850074563e+01,9.397860576627149243e+00
-6.069103179633663814e+01,6.797603158447097726e+00
-7.282190562198465500e+01,7.541774578107460769e+00
-6.016060159906363936e+01,6.674586082803607212e+00
-7.929053192706537345e+01,6.480740944236147882e+00
-5.371831585639682061e+01,7.627143836322320070e+00
-7.366263291021165571e+01,6.535317264580743135e+00
-6.880162272816420455e+01,3.431390436422676160e+00
-5.231651117796971562e+01,7.929407304348877972e+00
-8.612092487124461115e+01,8.562397096228243853e+00
5.820791019254171772e+01,9.219804258383714313e+00
6.527341916767204566e+01,1.156127592923599501e+01
5.886462754221776095e+01,9.087279342165810903e+00
6.745181625595293440e+01,7.759033768149011578e+00
6.411817636707462498e+01,5.189334689254775590e+00
7.240831776912776263e+01,6.264725747235464048e+00
6.592477028800580285e+01,6.601986764689861786e+00
6.929502361977834823e+01,9.798274417133644221e+00
7.247008949237542197e+01,1.323138146973247586e+01
6.300443673954062263e+01,1.448148628911742541e+01
7.256029830424621707e+01,1.454355780129903053e+01
5.963937473281763602e+01,8.165155525886413912e+00
6.892240001716248798e+01,8.035278472327263444e+00
6.416572960549166282e+01,9.292019398651568451e+00
6.364308820660530586e+01,1.232752786515467847e+01
6.695540611757138549e+01,1.094992924783265664e+01
7.077290545783243658e+01,1.136380800997594420e+01
7.549888130501435057e+01,1.109085463435492613e+01
6.113445926915162687e+01,1.275061414273340255e+01
6.756774005436918173e+01,1.181618914593875402e+01
-5.406207749725426481e+01,8.159326898087631008e+00
-5.953470207685949589e+01,7.759929446106990980e+00
-6.816288419392834896e+01,9.674402480650218905e+00
-5.097122247021128061e+01,7.724978882710145101e+00
-8.313020096126700764e+01,9.586279956262689694e+00
-6.094309361528829783e+01,8.290503907885945267e+00
-7.183401122273521366e+01,1.031030158788873230e+01
-6.157245602347369129e+01,9.984572044280756842e+00
-6.159576905398218827e+01,1.461648912240732479e+01
-8.163087715633480457e+01,1.676273553090109658e+01
-5.775263842389354352e+01,1.609354338284242303e+01
-7.746245686889568560e+01,1.194476584010119069e+01
-6.483140484735572784e+01,7.802740540402501424e+00
-6.087683824416214406e+01,9.349534980210323809e+00
-6.513916197337931635e+01,5.590081294198947504e+00
-5.757126303802461109e+01,1.103634715908781061e+01
-7.452412697590995094e+01,1.037094870965333726e+01
-5.465260704613648102e+01,7.464038192717149300e+00
-6.091995768496423835e+01,9.184282619105411882e+00
-6.714321773608440935e+01,7.599365130388129330e+00
6.953937451336544484e+01,1.131457304301881095e+01
6.013133468632645418e+01,1.401789533624006623e+01
8.013801931732363926e+01,1.398432232834823807e+01
6.069089564884902188e+01,1.109226363180276032e+01
5.743341106489430103e+01,1.482478940881629370e+01
6.844191232828599425e+01,1.382704165696982201e+01
6.401038647370457113e+01,1.397429332173392780e+01
6.273734971178477338e+01,1.764395312340887045e+01
6.464052594219033665e+01,1.419658185095356018e+01
6.807663894046557118e+01,1.495052317090618388e+01
-8.200478706688065245e+01,1.306659681537958306e+01
-4.967584569275219764e+01,1.329604151788387512e+01
-7.085081357298004434e+01,1.265549086484882757e+01
-6.923017610502508035e+01,1.059761466002968788e+01
-5.173933451055104626e+01,1.684654245427307373e+01
-7.493100327686742901e+01,1.159161883643420410e+01
-6.805095756567871490e+01,1.283921730599366029e+01
-5.992122575899886527e+01,1.459360782462008643e+01
-6.314065063556292756e+01,1.838006417022219097e+01
-7.008181391358871792e+01,1.022817192658544272e+01
-6.920426709431288259e+01,7.589723615622709474e+00
-6.041895671445839611e+01,1.030034007324522527e+01
-6.683058728035676666e+01,1.313926922936309971e+01
-5.539779985254033789e+01,1.017351249952658065e+01
-6.860575022716433580e+01,1.132116542125625003e+01
-6.923078074461348308e+01,8.657188685720925037e+00
-6.905749761773085993e+01,1.214917726967905409e+01
-6.775603301545692148e+01,1.303074368986234965e+01
-7.038419224446349176e+01,1.423197868897667107e+01
-6.665892556774294064e+01,1.316743334502243457e+01
-1.720459302712972658e+02,9.420278062481632020e+00
1.739700520421705505e+02,6.972260676862312323e+00
-1.724513350100054083e+02,7.216255944918485099e+00
-1.774973113751236440e+02,8.192161664194914650e+00
1.736026324365177231e+02,1.185985877940333033e+01
-1.720294240979656593e+02,8.618716166155637737e+00
-1.737730045802015866e+02,8.558019390259136827e+00
1.705979104318204520e+02,8.790439093152212280e+00
-1.711245453792295450e+02,1.015156880368893155e+01
-1.788150135495162658e+02,9.795992594708438972e+00
5.556218792226439263e+01,1.282824274225539263e+01
5.764981430353530101e+01,1.373844702382661609e+01
5.609877934195864668e+01,1.131258779638823242e+01
4.024386863737025521e+01,1.213933527156911474e+01
5.836731803361303150e+01,1.068116653320496390e+01
6.081749262430700753e+01,8.414731371674490035e+00
5.450859794375612211e+01,6.591330440275933178e+00
7.817747814743263746e+01,6.563379003852745086e+00
6.125321652197987277e+01,7.893187995050713113e+00
7.477879836435258198e+01,7.236816625256432545e+00
1.766749886305527184e+02,1.189742148449865411e+01
1.729091499622554693e+02,1.057581200299884472e+01
-1.682091860687807809e+02,9.747454579294627663e+00
1.712111403709147623e+02,1.687757454150857939e+01
-1.727920785749299171e+02,1.180467474549724827e+01
-1.775708995690577581e+02,1.435103811956932063e+01
1.693180157138280038e+02,7.707784747570627815e+00
-1.712617849862635353e+02,1.167916948960544588e+01
1.781158341924750061e+02,4.663788774138406090e+00
1.787264924814848257e+02,8.633575386251832740e+00
-6.603064323594455232e+01,1.081016975307905525e+01
-6.873068378796254763e+01,1.109333848571247039e+01
-5.999881600686651950e+01,9.770646054978616490e+00
-8.351375271954668733e+01,1.369723707404587643e+01
-5.772671722395870120e+01,1.152150789289061983e+01
-6.976524951240243411e+01,1.400360310458221846e+01
-6.942218038236192967e+01,9.276646673113173591e+00
-6.335389021982070545e+01,6.503489791638103590e+00
-7.086094446209614262e+01,6.141754526376423051e+00
-5.896515656135836281e+01,1.035315534063671095e+01
-1.717285550900064379e+02,6.092671224005261621e+00
1.666150529388046664e+02,5.076268446946109236e+00
-1.634090240545821473e+02,5.221956098696352910e+00
1.661557975677187073e+02,5.223527650247334897e+00
-1.773763901776114267e+02,5.977927254490097653e+00
-1.795013352650801437e+02,8.878139395096322772e+00
1.704323409719805795e+02,1.110470472744444237e+01
1.769634873557497201e+02,4.854873266889850214e+00
-1.768508631302064771e+02,9.012416208584252075e+00
-1.774567967157111923e+02,1.154514304659822344e+01
1.773635454623649537e+02,3.618914753129367057e+00
-1.793588732698031833e+02,3.703588741611091528e+00
-1.780844054989780147e+02,5.343721287493118588e+00
-1.798744203286552761e+02,2.102743183737453503e+00
-1.764533425702254021e+02,3.171872155574115837e+00
1.760521682113657391e+02,3.172195236386821993e+00
-1.777100341600667832e+02,4.866888297002187613e+00
1.777819129483051768e+02,7.273476637106652376e+00
-1.751750658169075905e+02,5.009910449845744296e+00
1.733076116358841432e+02,8.454151724260425382e+00
5.067896901698713918e+01,1.431821677187246955e+01
7.382176534121730072e+01,1.190237637638919743e+01
6.493505773219234811e+01,1.422806906228488799e+01
6.652438038820899635e+01,7.682307035755096436e+00
7.207617570853379618e+01,8.818618031252961842e+00
6.661690368446156185e+01,1.644646087127573253e+01
7.360845821399919942e+01,7.237537414960340421e+00
6.226887798686350806e+01,8.058179725969448981e+00
6.142819914506914358e+01,1.109816119941140933e+01
7.165044936049585544e+01,1.078565473232976046e+01
1.692113636700156860e+02,6.965926882700911094e+00
-1.693066667046466875e+02,8.714026542311783530e+00
1.633182704051658618e+02,1.189992847155086508e+01
1.791978359293460130e+02,5.991787992463175172e+00
-1.673256853082302484e+02,7.088632701601294883e+00
1.703577460237405887e+02,5.428642188732197837e+00
-1.759533707346587619e+02,5.644247147633355333e+00
-1.747137294441458835e+02,5.713351513962591000e+00
1.725439556101223104e+02,4.403739579560413731e+00
-1.715849974390963837e+02,5.006306514516271733e+00
-6.473615549835066929e+01,5.771092289416568377e+00
-5.365749285599113705e+01,6.263220801597272569e+00
-7.029184775317379774e+01,7.020417963311397891e+00
-5.849971323861745987e+01,6.658958477836242729e+00
-7.274527720664683272e+01,5.622383546251464637e+00
-6.401392653116788267e+01,7.550431964673114393e+00
-5.507766861047707607e+01,9.549955451662825112e+00
-7.970326867558360107e+01,9.713112659115125780e+00
-4.861359288868234074e+01,7.596280965068649138e+00
-7.432454422737313848e+01,6.308397938677208217e+00
1.774819748242451567e+02,1.027134403493676551e+01
1.776930152943438088e+02,8.728152784808486331e+00
-1.778819818945010240e+02,9.316734586889126035e+00
-1.699506968322793909e+02,7.564051354554561790e+00
1.633911258736158629e+02,8.748898137070746373e+00
-1.643264797643053896e+02,4.405277884372000408e+00
1.751720266098837158e+02,3.783789356496377820e+00
-1.760486980064455338e+02,5.782654764335264375e+00
1.723942371494290740e+02,4.582193128443278418e+00
1.789452922955306349e+02,5.118999980113639658e+00
1.662791539204237665e+02,1.331481585064325657e+01
1.651740293485165978e+02,1.050216819538583124e+01
-1.572147176077430402e+02,1.302944411100660282e+01
1.685653780790913459e+02,9.604928835664166442e+00
1.747751288518011847e+02,5.538775206839240184e+00
-1.577743975392161531e+02,1.020917245812208307e+01
1.681954250650900917e+02,7.934416952602621365e+00
1.762413056575603605e+02,1.140699553593211313e+01
-1.645017158519568170e+02,1.087842341322245332e+01
1.715860621498056844e+02,8.881140148910251497e+00
-7.336541608611443621e+01,9.667419051002726249e+00
-5.388289272769495852e+01,1.966086867976716235e+01
-6.457489647630166019e+01,1.643929991799047485e+01
-7.250621561925095193e+01,1.991977776942175637e+01
-6.845214755666160045e+01,9.996088960695441727e+00
-5.387938204827842981e+01,1.292876581382685330e+01
-8.159631509107272507e+01,1.877270525526249401e+01
-5.473797676770935539e+01,1.878478601597187847e+01
-6.430427284176441560e+01,1.753219860078537451e+01
-7.000298461087281510e+01,2.545225511276598596e+01
-8.469107543121705817e+01,2.203154151310648245e+01
-4.570444313127175917e+01,2.404247627813476029e+01
-7.309989946094415814e+01,1.832841121417548891e+01
-6.393210729553498339e+01,2.008805730712090565e+01
-9.693177728765614631e+01,2.394270705087117079e+01
-4.423089082431992125e+01,2.116187535819494059e+01
-8.316584842825336921e+01,2.020056725657611452e+01
-6.484716089946107331e+01,2.311690210476290730e+01
-7.365234904412349692e+01,2.449640599505944039e+01
-6.964436788682982638e+01,1.933898988825208676e+01
6.390992446876239796e+01,6.872363426987680768e+00
6.893787813723497493e+01,7.032430054038970368e+00
6.463234636146219714e+01,8.416032268749582101e+00
6.073316704855827197e+01,7.165819274040309494e+00
6.689753168516958226e+01,6.179133442596410397e+00
6.322373579266547949e+01,7.553174439227701598e+00
6.558575543004377550e+01,7.828451735608187079e+00
5.834455353261294874e+01,7.129278020168179353e+00
7.144183820187875256e+01,4.707901461428484424e+00
6.362124146017715987e+01,6.379982049528289068e+00
1.557009121460541792e+02,1.333709078481567722e+01
-1.624529836966787855e+02,1.296408459403266811e+01
1.773041243603920805e+02,9.689103539838317403e+00
1.596993625205531089e+02,1.208377171775458514e+01
-1.674537281968939908e+02,1.071233886782609801e+01
-1.708115197807389620e+02,1.295807667982995071e+01
1.661911968796434849e+02,1.397357540373613638e+01
-1.692112513117816093e+02,9.941800491358115721e+00
-1.540451185345266083e+02,1.187067387005641450e+01
1.560835887030167441e+02,1.799373744864605484e+01
-5.674851841781458006e+01,8.396387521677734611e+00
-7.372362251379479403e+01,1.229145085166014084e+01
-5.928741143247822976e+01,8.908531993862972342e+00
-4.977239833405756997e+01,8.758493327334281986e+00
-5.959216560146683861e+01,1.205823772772106395e+01
-4.692826362987037925e+01,1.317026311183714959e+01
-6.772269558918317500e+01,9.216824260365225285e+00
-5.339358836399206609e+01,9.550006007084817838e+00
-7.008760156771359107e+01,1.055603711085287166e+01
-7.926136120109018179e+01,1.156465819861482913e+01
-6.494617028478488407e+01,1.444482778644281495e+01
-7.059916208563203099e+01,1.131925652417143979e+01
-5.838374005222991059e+01,1.223568582387031611e+01
-6.508857715112945641e+01,1.128264272926095124e+01
-6.940198377964530607e+01,8.657314185112081617e+00
-7.114588219795231794e+01,9.983801523424563840e+00
-5.838940907476132480e+01,1.102088943984157154e+01
-6.881962510734940963e+01,1.163135536925002889e+01
-7.122629236982577083e+01,1.263497216678790025e+01
-6.716732310782903426e+01,8.124419085328003831e+00
1.711161601191304271e+02,9.046262477261267421e+00
-1.686969464806708459e+02,1.019761249640601619e+01
-1.737337865921941784e+02,1.119110998812245583e+01
1.716545564366624887e+02,1.037356323388364387e+01
-1.658765407553656530e+02,8.428106814928220558e+00
1.775353825964664622e+02,9.495032876185735660e+00
-1.707948658421603341e+02,1.196116740013069091e+01
1.781006832911459128e+02,1.128041264327024251e+01
-1.791730181993986832e+02,8.056182098237663070e+00
-1.746799037929860390e+02,5.859162047607172852e+00
1.688676564308961190e+02,7.761530820145932097e+00
1.778372523977127173e+02,7.653909549888972208e+00
-1.725236970016345879e+02,1.345942224950992205e+01
1.780185967989264100e+02,9.488614657802665775e+00
1.792661945696416979e+02,1.301672043854625649e+01
-1.663423124218160183e+02,7.839180159815645865e+00
1.602379053033887999e+02,8.536039115206367711e+00
-1.609475951570466350e+02,5.756675180939408776e+00
1.772220676423895327e+02,6.832905381645915099e+00
1.790017904030426905e+02,1.261378726918760762e+01
-7.240388296003430924e+01,1.856106657260347248e+01
-5.769571047044846779e+01,1.431147478583445221e+01
-6.217402727960534037e+01,2.181361943052036168e+01
-7.140758226586324042e+01,1.457968567200845911e+01
-6.477073359984984791e+01,9.686668699957913020e+00
-6.379529073000965411e+01,1.576035819656268799e+01
-6.721307428612135482e+01,1.743321162691625403e+01
-6.350424417256755305e+01,1.024287056097550952e+01
-5.806272499761048778e+01,1.353109440312197798e+01
-7.502186876790729286e+01,1.547861618854235388e+01
-1.711148644949986988e+02,1.025428161653545267e+01
-1.690480348403466735e+02,1.522265399270325403e+01
1.788577629403143874e+02,1.442814028746986921e+01
1.778388348279266609e+02,1.558302548315123914e+01
-1.715034887066321119e+02,6.035426737761532934e+00
1.783468919280812486e+02,9.798188871790644683e+00
1.752162934424658545e+02,1.918358203822599251e+01
-1.688105508467185985e+02,1.605140255569940422e+01
1.729200292517583080e+02,1.241459625946330725e+01
-1.773924110910323009e+02,7.387024971762732761e+00
-1.765564261949753018e+02,1.305890033499551706e+01
-1.716503412452909174e+02,9.002347824143845045e+00
1.737722063157756338e+02,7.066077782980080713e+00
-1.741394163222263671e+02,1.062785847793262484e+01
-1.693202848926951560e+02,8.120014105373517310e+00
1.659884741384937286e+02,1.315268802953565697e+01
-1.667402312610134345e+02,9.124855718881306643e+00
-1.786399480784670288e+02,8.184084465221889815e+00
1.694035787469098864e+02,1.238408504187082571e+01
-1.762611337906571976e+02,8.025677052509710308e+00
1.740932725522364990e+02,1.258540152431412551e+01
-1.749249289101059617e+02,1.018451799093879551e+01
1.691676096811731043e+02,7.156133976952857800e+00
-1.622676569134039539e+02,1.004588295910282447e+01
1.670118273443401620e+02,1.171066527111049105e+01
-1.761032338961437063e+02,1.853267626836783677e+01
-1.728645373591597263e+02,1.229971651081232942e+01
1.694541842304287513e+02,1.266323629066648593e+01
-1.789063914470737018e+02,4.375499549388337073e+00
-1.764772481021179260e+02,1.071035743071725221e+01
1.740831253449537712e+02,6.544939769047972256e+00
-1.786583187755416020e+02,5.719465464557978329e+00
1.764148298069985401e+02,6.697928190449567332e+00
1.767887595579286142e+02,2.493673653742943142e+00
-1.732537307808088372e+02,2.665158507970300406e+00
1.628859541545794229e+02,5.807364274040926588e+00
-1.600274016128847165e+02,8.317226102426413803e+00
1.712954289715308960e+02,3.987046196367148632e+00
-1.741692239631331347e+02,3.321632389845889932e+00
1.775524399097367905e+02,2.309981980868640594e+00
-1.764332356675889457e+02,9.358664829399307550e+00
1.730732787354216953e+02,7.970266339403284661e+00
1.761238367741439674e+02,8.795417772340382356e+00
-1.727512955557284329e+02,7.684574452250133803e+00
1.716537720505262428e+02,8.524050524571752163e+00
1.790752202796103347e+02,6.369933825705281549e+00
-1.672429476765064749e+02,7.364545764690227259e+00
1.708073191902651899e+02,7.705274658091578743e+00
1.670772641917749013e+02,8.664914275056670334e+00
-1.595151310689301170e+02,1.421683411976628264e+01
-5.740626696675377616e+01,1.386164138411572644e+01
-6.988726575240771410e+01,1.698773703831445658e+01
-6.095274067680045249e+01,1.342706520111977042e+01
-7.557017092149354198e+01,1.589443378185291067e+01
-6.855020940589416512e+01,1.333680138159112438e+01
-6.971010538425909431e+01,9.261244177305037795e+00
-5.466051967369611475e+01,1.004127970585742347e+01
-8.307979621360216527e+01,1.399182329505254074e+01
-6.307189257819790384e+01,1.451065237302959154e+01
-6.369273617313071867e+01,1.403010280849794711e+01
6.304553696342247093e+01,5.763155377177810124e+00
5.173235434251870402e+01,9.979824924611097714e+00
6.256587375569398546e+01,8.556924455757094705e+00
5.937525678242861460e+01,9.947331433039726889e+00
6.318885735523430469e+01,9.159587093166532412e+00
6.871778887378275158e+01,7.416522128355843790e+00
6.933736974238355799e+01,6.478521261753078520e+00
6.818176126105306878e+01,6.175889741908127561e+00
7.318832531941654906e+01,1.003862401988941855e+01
6.747900561181940304e+01,8.909482103335811587e+00
-1.667472909193527073e+02,8.428473837007761205e+00
1.705047504799211424e+02,7.264158023621568816e+00
1.707612471067071169e+02,6.509425757641140287e+00
-1.617082691662132561e+02,9.512876173506727540e+00
1.694529117701074199e+02,6.334682532153822265e+00
1.713205592365874281e+02,7.986434899145599786e+00
-1.656833654384376757e+02,9.235581136808541203e+00
1.735406971121343815e+02,6.991251206186968936e+00
-1.799595467036368461e+02,4.035965451637800072e+00
-1.738607872841648714e+02,4.548829503602209279e+00
-4.054374577531885393e+01,1.201944855732915762e+01
-6.393840783355737045e+01,7.072505076881068220e+00
-5.404416760849423440e+01,1.067922748967860613e+01
-6.578995303171565467e+01,8.501535110015218777e+00
-6.745027988124024887e+01,1.098229834587903575e+01
-6.571447544046345968e+01,1.446709436857708120e+01
-7.014535077962455034e+01,8.915018215396305123e+00
-6.049299909807258757e+01,1.686645627690866078e+01
-6.174910007391833489e+01,1.390906058181290561e+01
-4.685306543059029849e+01,1.867330213462859945e+01
1.785069943814414160e+02,3.386613348508118460e+00
-1.733426335814181982e+02,5.563009938583559411e+00
1.722959794775010494e+02,3.832243656409345611e+00
-1.679881002166209782e+02,7.441800803129260622e+00
1.678430341724025254e+02,7.047659792352005681e+00
-1.738062499330809771e+02,8.212289922246464258e+00
-1.721773093978633824e+02,7.070098812160160229e+00
1.799497497626567224e+02,6.353431008277235392e+00
-1.769117960776868870e+02,3.796322493157694211e+00
1.758147660094475100e+02,6.027357634587085400e+00
1.690080599498360812e+02,4.397692881037977841e+00
-1.788542825016019151e+02,8.319365997849491379e+00
-1.720655181622086616e+02,8.398621888725346096e+00
1.744447922034481735e+02,1.773033268818385011e+01
-1.714406362181342161e+02,1.350200581929098931e+01
-1.766188790156072344e+02,8.416810518677943165e+00
1.669514791359129617e+02,8.553481885087290237e+00
-1.743527319027355418e+02,1.041112662482254692e+01
1.699995268696331152e+02,3.741946913240091099e+00
-1.761232353189506910e+02,8.972751434867733522e+00
-1.766241908706644210e+02,8.874631668297251252e+00
-1.720741214838067776e+02,7.592874645696133129e+00
1.666292573567781119e+02,7.289914636769040612e+00
-1.747205092405135929e+02,7.194804412806125704e+00
1.772593846254276002e+02,1.172652589243438825e+01
1.731810993354985158e+02,1.062319775881065809e+01
-1.707088952548922975e+02,6.329929231694421787e+00
1.769614809248471659e+02,1.168972209577455956e+01
1.735367623239058048e+02,1.272562643786578995e+01
-1.739762906780529761e+02,2.072773973725999497e+01
6.484311345404506710e+01,1.191830991331154443e+01
7.315970155813381837e+01,1.162626666964473898e+01
7.035872969067118277e+01,6.428706051853828818e+00
4.636471815569654353e+01,1.680200077351137722e+01
7.107342090606010743e+01,1.763178147333866974e+01
3.804543613663737744e+01,1.972172348446897416e+01
6.962341794469534761e+01,1.315687148838329534e+01
5.757310307534106641e+01,1.394227769437465803e+01
6.116357701201420838e+01,6.003068123405871148e+00
8.174096244962143487e+01,1.079988036844661536e+01
5.765345793824636189e+01,9.677797898080644501e+00
7.446766433610929425e+01,1.046919692088443554e+01
4.667156837501813982e+01,1.360893140789148426e+01
7.524728849880504811e+01,1.133547466112953117e+01
6.277589055840878274e+01,1.064836685444796416e+01
6.125507557232292299e+01,9.558114314340711459e+00
6.781709042565725554e+01,1.116734500102121963e+01
5.327224856154307275e+01,1.078579807328616269e+01
8.124456942609501198e+01,1.384653749525891442e+01
4.632540787934676985e+01,9.083765036624772193e+00
-1.589061474372377916e+02,1.037278053095754515e+01
-1.775614571480664665e+02,1.472415295482805320e+01
1.657480008642153564e+02,1.385184918608179139e+01
-1.545296468007522037e+02,1.324297998757591444e+01
1.701894681229725279e+02,6.311471013077112779e+00
1.728085409110963155e+02,9.733026904745493368e+00
-1.627484441601287983e+02,1.349558930917373623e+01
1.792600836195989018e+02,1.132946378468096071e+01
1.653745913021698755e+02,7.245131451769207587e+00
-1.637113613857137580e+02,8.730562928461965910e+00
-1.636557841591898637e+02,9.450394386781589162e+00
1.702312954245198284e+02,7.570097592598075131e+00
-1.744237937297635028e+02,4.317419826489801160e+00
-1.748954811178016371e+02,7.443849208568196651e+00
1.708143303321564019e+02,4.217867134526763984e+00
-1.766199969214173109e+02,8.361345030994591809e+00
1.757220087599872613e+02,6.454022206762134672e+00
-1.795438106730047423e+02,2.801848013672964655e+00
-1.718564652997103224e+02,7.006984147223670689e+00
1.710462902544515771e+02,6.362274131825613743e+00
1.790393214625925680e+02,5.710897866518855892e+00
-1.791533030099788277e+02,6.827663635058902614e+00
1.725323233744157392e+02,5.542260964089692266e+00
-1.730081174346298951e+02,3.003389703488239526e+00
1.727960253399798205e+02,3.921946409084827501e+00
-1.781467231332985648e+02,2.492374483796737650e+00
-1.778935129827393098e+02,5.925234186634285471e+00
1.786882685125287651e+02,1.990857369336364258e+00
1.763426701691245739e+02,8.361727495130473642e+00
1.795483071365321450e+02,5.062240149777199605e+00
-1.657638154697942241e+02,9.455481407434580987e+00
1.505383018185418678e+02,1.232652619398839811e+01
-1.661591017816498663e+02,6.964753129625608885e+00
1.622366550495011666e+02,8.362350275748656969e+00
-1.668133137698634414e+02,8.034752990603063694e+00
1.757263965609225238e+02,4.924843637531964191e+00
-1.767285489607971556e+02,8.590909946434365452e+00
-1.766106672233788402e+02,3.883142147353515483e+00
1.742132858584152473e+02,9.927463452875930017e+00
1.773155974099647665e+02,3.330837367374535063e+00
-5.815172053624721116e+01,7.944340176740077197e+00
-6.474187213266053220e+01,5.607623401970274202e+00
-6.675521440359783298e+01,7.441491237635833755e+00
-6.809309711799342324e+01,1.350827439082740611e+01
-7.501402398118088399e+01,1.197024091418204250e+01
-6.467217533924014106e+01,9.266612509426721545e+00
-6.699751948855033845e+01,1.273518255451644876e+01
-6.105767842934392320e+01,1.095692139185966596e+01
-5.872600706536252346e+01,9.474127604328051788e+00
-6.779881903566912627e+01,1.268823885648993510e+01
7.304339102173744891e+01,1.245454506061204825e+01
5.615351218461290017e+01,1.610869799197730146e+01
6.554865922824333779e+01,6.889733519533570494e+00
6.775574462694288513e+01,9.304870121192767130e+00
6.551653445344129523e+01,1.269509577743961515e+01
6.651305572180780246e+01,7.543160366544078954e+00
7.122227980431568994e+01,9.905737734501760983e+00
7.147592002583796500e+01,8.138603723466019346e+00
6.339528254650559802e+01,6.625703153958515834e+00
6.291961701003829432e+01,6.007694941070742090e+00
1.706949581598830150e+02,7.827895975314717703e+00
-1.769718935555509916e+02,3.872727715688734307e+00
-1.744695160992268370e+02,3.586812901325310499e+00
-1.798509746968093737e+02,1.514571273001348972e+00
-1.780030850603052670e+02,3.676695440193472386e+00
1.741196741352232209e+02,3.910945583612076781e+00
1.795320527118556129e+02,1.489748952703073615e+00
1.784967444039028805e+02,2.019893288427113465e+00
-1.798808117221350358e+02,2.524341302366853501e+00
1.794055516329632667e+02,3.226135879358825953e+00
-1.733868589813065455e+02,1.103221819680441307e+01
-1.784620835445368243e+02,1.103931642254079648e+01
-1.753007133396971255e+02,1.133580336696387292e+01
-1.729425089971133218e+02,1.079728793929145603e+01
1.702754393954944874e+02,8.239807561432739291e+00
1.776495587814015664e+02,1.260465773808336465e+01
-1.788005812988605214e+02,9.073371603544000408e+00
-1.781210169733032558e+02,6.764699727889702530e+00
-1.769001126519677314e+02,8.412191307095717718e+00
-1.665410902749073614e+02,1.084470193088961310e+01
-1.766258225962855306e+02,8.567158256189090437e+00
1.798118619847196555e+02,1.172093292195382830e+01
-1.678054680900405913e+02,1.061431222116488016e+01
1.774753792873605391e+02,6.783974939376116176e+00
-1.763463543992384643e+02,9.615085128961405658e+00
-1.718190331258635979e+02,6.808899672397249248e+00
1.751699745892424005e+02,9.837128986044225698e+00
-1.734459298769664599e+02,7.384019597685220759e+00
-1.731612977243168245e+02,7.531054422017845695e+00
1.697939991658896872e+02,7.776598260257662432e+00
-1.722518513514419851e+02,6.091224441329242900e+00
1.702276692349958580e+02,3.338332058080089038e+00
-1.712034957255059737e+02,7.242896891280432570e+00
1.685190516230193225e+02,6.199077103565864277e+00
-1.682871510483878410e+02,5.349280395133898303e+00
1.738116668309496617e+02,2.898531965590599668e+00
-1.791073705273997803e+02,2.796591534638483090e+00
-1.775735402662025422e+02,2.496495572055271062e+00
1.784783578807222568e+02,2.521140101591903271e+00
1.776499554349000789e+02,1.604434933959528298e+00
1.670356897043895117e+02,1.034082401030624609e+01
-1.694285583128556709e+02,5.390517348908863582e+00
-1.739929475060754669e+02,5.853818217509504152e+00
1.606815212311630603e+02,1.080901548021813419e+01
-1.616176773700801164e+02,1.376547953024493864e+01
1.662090768854035616e+02,1.176573785584497145e+01
1.623006738998014669e+02,1.131754134301962722e+01
-1.684900039921971029e+02,1.332735683370234270e+01
1.735729155355331272e+02,1.258488217445479762e+01
-1.773975420227639290e+02,1.124467343088684501e+01
-6.152582253396393241e+01,1.165045639298494251e+01
-4.283938386766106987e+01,1.172156103976459107e+01
-5.682099203076062821e+01,9.153163890405764391e+00
-5.135649890648004146e+01,7.758421219768347754e+00
-5.643012972376480008e+01,6.355010139631525945e+00
-7.086752809045584911e+01,9.659847504610873159e+00
-6.214180035898657906e+01,9.547708800652001671e+00
-5.625509113151284168e+01,8.483315767859167522e+00
-6.652470133400518648e+01,9.819935477930968659e+00
-5.925253694723726738e+01,7.383493482686322551e+00
-1.709529764085887109e+02,9.861447108658740746e+00
1.760342812868880742e+02,3.109815429644585016e+00
1.743954955096859862e+02,9.660435904422508102e+00
-1.738298213488295119e+02,9.102670603165915253e+00
1.778893934093152609e+02,1.297043226434116292e+01
1.715575008397120769e+02,1.097374636208650323e+01
-1.759165380513659613e+02,9.963826477018796979e+00
1.799617355592179706e+02,8.437658666888530945e+00
1.775724007615152971e+02,4.636052943956955552e+00
-1.746570397772687500e+02,3.894371620440995052e+00
-1.763404305663791831e+02,8.157094725014466974e+00
-1.694631607982249477e+02,1.250430173290020264e+01
1.728395423922824818e+02,1.338343094052605409e+01
-1.710817304894429469e+02,8.494931900280917603e+00
1.743423569558303541e+02,8.807392241583267278e+00
1.767686903323468073e+02,7.119421687256442866e+00
-1.766769616205520208e+02,8.202222997352281553e+00
-1.768874155767135221e+02,7.780270078934377054e+00
1.708440827090152823e+02,7.833679372816559905e+00
-1.748201183633013613e+02,6.620902876612328569e+00
6.734642792438478409e+01,1.344541709699837284e+01
7.648250052375242092e+01,9.316015283664821567e+00
6.656981411857631770e+01,5.768446451353788973e+00
3.710272972595784324e+01,1.476447439553334462e+01
8.479870926237251183e+01,1.736339529771975165e+01
2.657121152886245241e+01,1.448616290523238170e+01
7.059493586213881144e+01,8.728841971500976626e+00
7.031371183768594335e+01,6.526150817316861641e+00
6.609305670547827560e+01,1.322673896413643746e+01
8.464024985033263704e+01,1.203514529184986515e+01
1.750403411034208148e+02,1.052986259870907482e+01
-1.764677390185462684e+02,7.666543480813238887e+00
1.777410148513913555e+02,9.514928047498987240e+00
-1.776670185573059371e+02,8.383608136194085958e+00
-1.795064363434318011e+02,1.123573569487088619e+01
1.765910960746031435e+02,1.395930915161336117e+01
-1.753384878226528372e+02,9.844241532790501736e+00
-1.785427034725881299e+02,1.032982634169453462e+01
1.604109939784972312e+02,9.864836944038723132e+00
-1.673830602119463151e+02,1.223558903025402600e+01
1.729164903618415963e+02,7.229101393393534636e+00
-1.688090212620579962e+02,8.104298802941187319e+00
1.617162114880550519e+02,6.195585586074857432e+00
-1.636376836133592860e+02,6.345021610241341037e+00
1.686427940469389455e+02,7.015850392816721737e+00
-1.784939342008962058e+02,1.114502394387034201e+01
1.740170675376711529e+02,6.994814875517328723e+00
-1.722560971038617481e+02,6.396543672039324946e+00
1.734370258412456280e+02,4.922250209630423257e+00
-1.676888465788944131e+02,5.762282432126308862e+00
1.678857238760198527e+02,8.683757080406383722e+00
-1.752614991622627656e+02,6.549747784987777877e+00
1.767033059729920126e+02,5.166444322175254733e+00
1.757748531764005691e+02,3.387667382062566013e+00
-1.687845402586999626e+02,8.330223566587028117e+00
1.653115458624582743e+02,1.078948197698965572e+01
-1.743732019411736474e+02,1.113182863182809612e+01
-1.737059941995425163e+02,9.448826007391044612e+00
1.703714286931278536e+02,9.428407736603231726e+00
-1.651017877323660059e+02,6.631165047471567320e+00
1.691415227392127747e+02,8.822840669532833857e+00
-1.749172331108459275e+02,1.486474082311236700e+01
-1.742871477634372184e+02,3.311628224314122626e+00
1.701378881028379624e+02,1.604650529789070745e+01
-1.690659467801568780e+02,1.091346674484697310e+01
1.722885116706686972e+02,1.132631635440841222e+01
-1.725449753340439543e+02,1.245084296820840741e+01
-1.698704378003911586e+02,7.611939861239079619e+00
1.697460017554764704e+02,1.267488291794788147e+01
-1.748225063856108932e+02,8.449334443784142223e+00
-1.733969033440772591e+02,5.620311763706357766e+00
1.644732672931384911e+02,9.643076446266599433e+00
-1.724625950769231224e+02,2.667051644483474426e+00
1.750202042298496963e+02,3.773036655704722797e+00
-1.773261502093933757e+02,4.415132415352926998e+00
1.798728445116287844e+02,4.437585564817140948e+00
1.790968240247415508e+02,6.311251067457586572e+00
1.745373779609468272e+02,3.477239050166624601e+00
-1.672546132974067348e+02,4.593920702119303812e+00
1.652784917321974376e+02,3.474143357123912423e+00
-1.790838942344595921e+02,4.431817300365861634e+00
-1.793551359263157110e+02,2.258749611883466457e+00
-1.778699760132420238e+02,1.494239267410943928e-01
1.739031026887029441e+02,2.924434481060794511e+00
-1.706530824391985561e+02,2.469262390245687389e+00
1.708842544330244095e+02,4.158445248023856067e+00
1.779361046810507503e+02,5.971588592438331844e+00
-1.785960328654506100e+02,4.984158179869965899e+00
-1.761735982581541009e+02,2.677150288109150011e+00
1.780232559716836818e+02,2.102405467165759045e+00
6.291027287415770530e+01,5.186683688484952981e+00
5.994479946798708880e+01,5.555770160625139731e+00
6.057210183737677767e+01,3.830185095049877475e+00
6.279818646568437401e+01,5.655102129696105706e+00
8.404133602503392808e+01,8.246054377021991399e+00
5.570323157556246940e+01,7.030545873725436934e+00
7.350653775328316897e+01,5.804401433120865761e+00
6.454320049147204941e+01,6.487570230935896021e+00
5.140558509633041950e+01,6.000201568954012465e+00
6.901003851997747063e+01,7.337279344217296995e+00
6.058546544038765802e+01,1.241702970397631667e+01
7.286422612316148673e+01,1.067558770949254310e+01
6.127842964020013738e+01,9.581971008544268642e+00
6.382939572705332409e+01,7.068128876717679532e+00
6.025880433696411842e+01,7.183052511214062186e+00
5.389857594173516020e+01,9.984979676228588730e+00
4.774739324842204979e+01,1.500542251920477455e+01
4.673002380947476553e+01,1.311595022996712778e+01
5.979346949119228327e+01,9.870058992482244165e+00
6.153593533553173245e+01,7.921841115803985645e+00
6.790408569871898692e+01,6.507575435163776234e+00
7.066046366387809030e+01,9.742873011104357772e+00
6.825328851029186694e+01,7.799242295930733704e+00
6.891037243374034915e+01,7.846286183843750095e+00
5.596553779590818323e+01,1.024816852421763613e+01
5.572370958522506612e+01,1.124571893330662320e+01
5.516247229493817628e+01,1.141962650512900623e+01
4.719542261049384280e+01,7.355259700914686505e+00
7.078632497890342279e+01,4.868235029740318964e+00
5.821290306678002935e+01,6.078419757801453827e+00
8.845574651229019025e+01,2.217300089971646671e+01
1.146697413866069155e+02,2.736799699872779001e+01
1.678214828879230822e+02,1.243795479230200840e+01
-1.080080136049015778e+02,2.083602619966041303e+01
-6.394380471537793653e+01,2.089418872252947779e+01
-6.736420442168477507e+01,1.898056195101412058e+01
-4.935661166428977253e+01,2.011200124524373223e+01
-8.874425341156468505e+01,3.034091029835093423e+01
-6.822075164958573623e+01,1.995891871053521527e+01
-6.058980490266124974e+01,2.198861750101196577e+01
-8.313659447899833310e+01,1.141326109708760406e+01
-4.727855947518707325e+01,8.029770062986482770e+00
-6.368668747458195156e+01,7.858487111983382789e+00
-8.118447803839839594e+01,6.557790568361797412e+00
-5.537125272364264106e+01,7.292263120104330199e+00
-7.961563030357604021e+01,9.193517414425365075e+00
-5.427256699620023994e+01,6.714001466556199560e+00
-6.856823405239768476e+01,1.078027064337907781e+01
-5.311665129954854336e+01,1.060516676155163296e+01
-5.353662920639008149e+01,7.887576014544404046e+00
-1.799515498869536430e+02,2.561924757175312450e+01
1.697016835185423531e+02,1.938568502596645615e+01
-1.689550202527623810e+02,2.323301045003555032e+01
1.666201405510123550e+02,1.633366607653185554e+01
1.657887240081783204e+02,1.843415446069524677e+01
-1.703633859840219316e+02,1.317983846521202196e+01
1.703959223082901531e+02,1.496539448722936783e+01
-1.750087481182100362e+02,1.199694882156036257e+01
1.772031845112389306e+02,9.228442013484510653e+00
1.779002388644470614e+02,8.987700439718986800e+00
1.774692548537203436e+02,2.947698333882829758e+00
-1.761934205925049923e+02,1.686427297927668434e+00
1.718229764250682763e+02,2.277293819017430998e+00
-1.715210399531615906e+02,2.189119526654767611e+00
1.755648650446413797e+02,2.183761803428716064e+00
-1.720327674245415324e+02,4.275551154054222813e+00
1.764991846091309640e+02,6.338875431307039676e+00
-1.770098173557736345e+02,5.024379922936510923e+00
-1.765422607544791731e+02,2.481623476371433767e+00
1.724295903328823556e+02,6.052462162522777689e+00
-5.772891037966482486e+01,2.005041705502055649e+01
-8.534822633581124762e+01,2.196068561758029603e+01
-4.285923248571022270e+01,2.152210758356301312e+01
-7.270454657049403124e+01,1.606008805112065829e+01
-5.549296379093895126e+01,1.200208319905414456e+01
-5.662668514544662202e+01,1.107090230929135899e+01
-7.811155302129452593e+01,1.693734372101989294e+01
-4.807321365514493294e+01,1.813369828350146662e+01
-7.312015624524202906e+01,1.544425770422552091e+01
-5.563088603964583001e+01,1.240637738342280905e+01
1.740773443053753908e+02,9.575936515483814304e+00
1.791197423261142490e+02,5.364570377036758764e+00
-1.788391634985311214e+02,5.881103906778211154e+00
-1.771832436950109582e+02,3.122333401372830775e+00
1.766281968762650649e+02,4.775366544235160937e+00
-1.746534678240397511e+02,6.113939419591207347e+00
1.728280887465594446e+02,4.646499451075980502e+00
-1.787304251103494153e+02,3.509347002904799950e+00
-1.790410804607575983e+02,7.077135101025433528e+00
1.696623805193102896e+02,4.842105161016304393e+00
-1.732983039298755159e+02,5.441743329105930727e+00
-1.715260643511670651e+02,4.680359590163496009e+00
1.693071998620252714e+02,6.007704873913851884e+00
-1.610820405201704375e+02,5.809989355659867627e+00
1.671349791923945816e+02,4.670821178643040028e+00
-1.726239795601353535e+02,2.903920564670896987e+00
1.716079655574241656e+02,3.940465956396531411e+00
1.791625326261002158e+02,2.045328979883682674e+00
-1.704409237186945916e+02,3.263821082042368094e+00
1.684246457178274170e+02,3.815886977020059412e+00
-6.476683876731597422e+01,5.559380909047598962e+00
-6.135894461803062683e+01,5.396896766184207550e+00
-6.075706873484745074e+01,5.518795312519607421e+00
-6.595424849194841954e+01,6.221509191988507936e+00
-4.630389031522167187e+01,8.310328898362453032e+00
-5.639110074969227071e+01,7.302864710330386089e+00
-5.902946217215658464e+01,7.514973243684305970e+00
-5.415475612098405378e+01,6.157728190530638912e+00
-6.877834878080754777e+01,6.936574522363873285e+00
-5.944068198833510053e+01,1.040779479842078104e+01
5.822757227133897828e+01,1.189187899353585465e+01
4.735080283039287963e+01,1.410144650881444051e+01
8.350808394505692434e+01,2.087861190482413321e+01
5.996078796156242419e+01,2.114872531465390892e+01
7.121724302015120145e+01,1.435034565066276890e+01
7.028099712892482387e+01,1.301747599377492648e+01
5.296678508172084321e+01,1.594505719228152429e+01
7.913112633755343950e+01,2.516585958725644900e+01
4.406515376909401027e+01,1.636535635879637596e+01
4.543190019788865897e+01,2.217455817252529116e+01
1.639220725499976083e+02,1.234390341651319645e+01
-1.661306728050031438e+02,6.737927000925524545e+00
1.691746878374875962e+02,7.687563218918096908e+00
1.748167866802005790e+02,7.826805639202502718e+00
-1.632490321347359554e+02,1.237810832592768229e+01
1.636783742584593710e+02,1.556412449780956209e+01
-1.684318206060630416e+02,1.224974852874301057e+01
-1.738757907562864204e+02,1.212601316903903381e+01
1.698423500666486632e+02,1.133726048904879136e+01
-1.738966751652915832e+02,9.619703821063016136e+00
-1.718091108986414781e+02,3.053576672912699408e+00
1.754103968054029110e+02,1.905824808617831767e+00
1.760758301761796929e+02,1.421923390337282767e+00
-1.698800508001139917e+02,1.707460997511777379e+00
1.737014259527026638e+02,7.765489712237605424e-01
-1.769204652120945127e+02,8.925611690811456889e-01
-1.777953579911777524e+02,2.187693977286083946e+00
1.725577914805717512e+02,1.319718820602687970e+00
-1.724511767980373236e+02,3.005745674357423347e+00
1.728616751410010011e+02,2.905489543995404933e+00
1.725653189445607154e+02,2.025967157110717398e+00
-1.669260475538596324e+02,2.728904341934271116e+00
1.668729831612659780e+02,2.275693388339276702e+00
-1.697966505464501665e+02,4.033530176510550902e+00
1.743692330299361970e+02,5.522693265653018102e+00
1.782562734891337755e+02,8.466462157352456330e+00
1.758505653555497474e+02,5.637589973243000152e+00
1.794566051379427449e+02,4.780239959620754320e+00
1.784612979585103005e+02,5.026669029656872567e+00
-1.724846879333752270e+02,7.679772762231964478e+00
-1.771498633422270075e+02,2.430712704906162713e+01
1.749490637423669170e+02,2.173387714807154225e+01
-1.667147496015142565e+02,1.334699203531923750e+01
1.773388368459191327e+02,9.588333509234370666e+00
1.756172142362804607e+02,1.001174137145778786e+01
-1.694674383059549996e+02,1.300590236685366108e+01
1.777994288474779978e+02,1.097700811576336122e+01
-1.725791195380862746e+02,7.609998013332388567e+00
-1.754380283103317879e+02,8.165160989845563932e+00
1.788255098785053292e+02,6.928905676913495348e+00
-1.761686137605230726e+02,6.715822487260032503e+00
1.720662370165383095e+02,2.774080245883453699e+00
-1.722820362400151168e+02,3.266046287311234142e+00
1.631740655431162565e+02,5.619885422977862532e+00
-1.609152653084805991e+02,4.855674393282915169e+00
1.736469965780397615e+02,3.665462503364794067e+00
1.680214590557047245e+02,4.191871533265885574e+00
-1.686392466855216128e+02,8.072575565261111308e+00
1.651491195318583323e+02,5.294263802984007228e+00
-1.667721227317610158e+02,6.748466126887143091e+00
-6.372354816497627894e+01,8.263663222304058920e+00
-6.623452563943351379e+01,5.044873018255559671e+00
-6.615845102847079318e+01,8.519231694075415362e+00
-5.701608542093490684e+01,5.699529149508691717e+00
-6.882354066658714942e+01,1.215002442022297302e+01
-5.831534367052748280e+01,1.142594498715312490e+01
-7.380295309960658301e+01,1.254928368941453520e+01
-6.338327960296732044e+01,1.066521964496276809e+01
-6.933318852153452383e+01,4.465996893899692566e+00
-6.702055725495540628e+01,7.483440278770672194e+00
6.995575786266003604e+01,9.725328028282083537e+00
4.975967363967347978e+01,8.652155274100842064e+00
7.179027581132194769e+01,8.632973010847749151e+00
6.530901910678670674e+01,1.094428394225765544e+01
5.212937552309694667e+01,1.100476593646080481e+01
6.277744434335344437e+01,1.261664339564867987e+01
4.507653759288744055e+01,1.188597064151322336e+01
5.794710935392612328e+01,9.547253503998025082e+00
6.048943855337348197e+01,1.077846955688409025e+01
5.300982771996833520e+01,8.272278009551516931e+00
-7.409398560115678833e+01,9.589199520645484753e+00
-5.538503306099171652e+01,1.142970300619468382e+01
-6.305397044582044686e+01,7.991775542485944683e+00
-7.099228153177817546e+01,7.352976980653384231e+00
-6.151818974831186182e+01,7.186307795204973203e+00
-6.481053552038669352e+01,5.835444855779265971e+00
-5.896080005495583976e+01,6.829202417697063154e+00
-5.078678394134244911e+01,8.862827010937561312e+00
-5.979492131477122996e+01,7.385046289652686724e+00
-5.481013350437515896e+01,5.730722566918160510e+00
-1.622866725967681703e+02,1.160031075663684597e+01
1.690289108176125126e+02,1.381945448874433069e+01
1.692828865775395002e+02,1.515329673891413975e+01
-1.598651356492441096e+02,1.220814586070732233e+01
1.726720265352657293e+02,1.096507604285918447e+01
-1.706740038072272796e+02,1.250373820277427228e+01
-1.625699175812539181e+02,2.037710324957609487e+01
1.541375100227157589e+02,2.132109667304062484e+01
-1.576632004235932811e+02,1.682253391125856012e+01
-1.754459945627316984e+02,8.408757750294915567e+00
-1.594929071027087559e+02,1.017978318673923255e+01
1.646248163986544739e+02,9.615837127306384957e+00
-1.735045392796293129e+02,4.114618001491580301e+00
1.758262242231704420e+02,4.855595697123435528e+00
-1.726306922011390839e+02,3.497987625590032845e+00
1.750754066468086592e+02,6.712837536795214888e+00
-1.710256485027165354e+02,7.453794797294375662e+00
1.641706809473370470e+02,5.651483189977076549e+00
-1.631515724818443687e+02,4.721491695864846960e+00
1.686108384589176126e+02,4.838545090133414384e+00
1.773585919202474486e+02,5.777776199618516628e+00
-1.747640716521365789e+02,4.196600099146330365e+00
1.649771403340651261e+02,5.327033073492421167e+00
-1.648779609122696854e+02,3.896013906832678231e+00
1.697397499317864344e+02,6.135936261618766707e+00
-1.769741454660209570e+02,7.169836930641544370e+00
-1.754554458668453663e+02,9.591013528038965674e+00
1.704926801271916759e+02,9.189587750773286601e+00
-1.732769064112760589e+02,6.793998747419928819e+00
1.760489846741578219e+02,4.216762612617999118e+00
-1.714958195869910753e+02,1.173019178921710370e+01
1.671970107175032467e+02,8.676939423478460256e+00
-1.611827931974301009e+02,8.323580904089178389e+00
1.632247109045277114e+02,4.142090914505493160e+00
-1.703371969161179607e+02,7.914456368372940531e+00
1.776589983974059521e+02,6.581297571474459041e+00
1.779997936868618638e+02,7.068532161624035304e+00
-1.729386822819989220e+02,6.246858707637699126e+00
1.744349367017148609e+02,4.705147226018486784e+00
1.758419516533880369e+02,8.802832913838628315e+00
-8.065747255616183509e+01,1.516162262513019598e+01
-6.021709052705627130e+01,1.391232354500330359e+01
-7.142608411484508224e+01,1.275592173343184399e+01
-6.307329953827247948e+01,1.721488078256286158e+01
-6.419833497702387604e+01,9.124247305728269808e+00
-6.873630586167817569e+01,1.252921278761251678e+01
-5.569647073737325371e+01,1.505557420254441681e+01
-5.612252624371238596e+01,1.806095305644863558e+01
-4.944477613816142991e+01,1.442123638847697364e+01
-6.852188180458388445e+01,1.530796942596543175e+01
-6.431702540709434857e+01,5.989509587559458836e+00
-6.413091196767551594e+01,6.874742043639912481e+00
-6.460038626886070290e+01,5.682079115698547511e+00
-6.254473399054531058e+01,8.523707542169518092e+00
-6.991741469117843621e+01,1.569960489389563918e+01
-6.194034976021909955e+01,1.085674741290582546e+01
-6.396995409072363969e+01,8.224454577368621955e+00
-6.092086830180439705e+01,1.254482058076774464e+01
-4.926085269713082937e+01,9.849202305159463933e+00
-6.585831784293618796e+01,1.364696564243229560e+01
-7.044682869801368952e+01,6.267448950978588229e+00
-6.387680123377015207e+01,7.425720464817139543e+00
-6.334304221344881825e+01,1.124473525297380760e+01
-8.247694884989414277e+01,1.222975412792543892e+01
-6.036001319622373273e+01,1.331752438024269125e+01
-7.424946409643347067e+01,1.343845826139601840e+01
-5.305586977417411276e+01,1.070200365972337053e+01
-5.739991233744848387e+01,6.892805102610357615e+00
-4.875729000207371655e+01,8.456206210603015805e+00
-6.077181377219935854e+01,1.170729180761140498e+01
6.965900300706431381e+01,6.414582466294694640e+00
6.982573104974387945e+01,6.715171981977434257e+00
6.534648461491632077e+01,1.364186812136706273e+01
8.394023219373369216e+01,1.370815726372233456e+01
5.926693245630819717e+01,8.136011764330152829e+00
6.422278042644859397e+01,8.939841507550386979e+00
5.460504448522747367e+01,1.134351253665265169e+01
6.456764817939442480e+01,1.132990793697138976e+01
4.646235375314017801e+01,1.348672629805803069e+01
6.277137038500494981e+01,1.285067456431440647e+01
-1.678962941858144973e+02,8.248616553380401228e+00
1.725616014018905275e+02,7.611047995723259518e+00
1.757112993250982811e+02,6.790142758712878646e+00
-1.681584349933849296e+02,8.209832688362808994e+00
1.685256541984873024e+02,7.170121981214902185e+00
1.718911698294165262e+02,1.154273387667418049e+01
-1.665485138203263489e+02,1.089234450461373349e+01
1.699321700927296206e+02,9.532948503378991134e+00
1.799868109301212371e+02,7.325036276967594517e+00
-1.671940995446383909e+02,9.413369110435683140e+00
1.748845407648919092e+02,3.821404951285066076e+00
-1.695484494377349733e+02,4.629640209625795144e+00
1.643532846377290184e+02,6.098691244689915081e+00
-1.703636627929295457e+02,1.886264360610794277e+00
1.686710387628825458e+02,2.307439476353617458e+00
-1.748867894291576590e+02,3.224612086128326283e+00
1.785658111793459284e+02,4.487810600313114406e+00
-1.740484952457594545e+02,5.206844590123791860e+00
1.738015612204196430e+02,7.092102592687265172e+00
-1.708582543232562898e+02,4.847281581482226542e+00
-1.728057413264128002e+02,1.086428800564334551e+01
1.777384591527148814e+02,1.294971341624003003e+01
-1.761900295963027645e+02,7.555587863466856291e+00
1.740973982328870591e+02,1.134417545252245496e+01
-1.738881966670977874e+02,5.236086141715091458e+00
1.787587265617660250e+02,8.642729178018312197e+00
-1.740413263909953514e+02,7.555921641976950376e+00
1.693278590934315559e+02,5.159251977117238042e+00
-1.661004913723874097e+02,5.334301088143844183e+00
1.703401244218577517e+02,1.756170089480727725e+00
1.720161348088234661e+02,1.159305575341031869e+01
1.676531913332283352e+02,1.052312438804232464e+01
-1.708327526467636233e+02,1.238404339942364629e+01
1.698034445921811937e+02,9.688402017093533658e+00
-1.777526421683029980e+02,7.360019816413554850e+00
-1.778354489925764597e+02,1.324638076859283586e+01
-1.798576485120433972e+02,1.093094223535721454e+01
1.781455262432268682e+02,7.873227475029668909e+00
-1.792779520007065912e+02,1.003494411857006341e+01
-1.774784182940388746e+02,1.194066370589982107e+01
-5.212122116235060076e+01,9.734523068562545234e+00
-7.818120441396543185e+01,6.990251526123800296e+00
-5.479167278094551108e+01,6.973081921951876261e+00
-6.678336142062030945e+01,6.154911437461991319e+00
-6.190498565824396593e+01,6.960148399133855079e+00
-5.580574517475707808e+01,7.072450841934816879e+00
-6.961401741107530938e+01,5.087265673773055497e+00
-6.272079658925944301e+01,3.973074953804299980e+00
-6.310863200215485591e+01,6.355905672780151505e+00
-6.675325631181516428e+01,6.930836032264167557e+00
4.921265037432657152e+01,1.457003062821495654e+01
5.908371370907484987e+01,9.019903947146264755e+00
6.325893285715292080e+01,1.050417945385026108e+01
7.376444868065865990e+01,8.353748838822491862e+00
6.025913642198970877e+01,1.021735480386482564e+01
7.425759879889564274e+01,8.582174471078289457e+00
7.747572895750727184e+01,9.883394229650082963e+00
6.025974353037432962e+01,9.565940367499855768e+00
7.136233987030473713e+01,8.023832138144321391e+00
5.780719725861771963e+01,6.933818770878405147e+00
1.722676176394005836e+02,9.563670634324765274e+00
-1.785991481408853190e+02,1.056704605545037090e+01
-1.775343312226053456e+02,5.142087521959406438e+00
1.699741014242017627e+02,6.613213841854398645e+00
-1.722333139399950142e+02,2.351417214271646738e+00
1.742575500350737059e+02,3.787849777929181094e+00
-1.786395914577341273e+02,8.426708421971110141e+00
1.767301278434699441e+02,6.623530325938719265e+00
1.759585571427934951e+02,9.536268111045945517e+00
1.771286643577689404e+02,5.208549779731208140e+00
-1.676780342068620087e+02,1.137406876048353155e+01
1.574597426235603450e+02,1.009771928142236419e+01
-1.641730628247733819e+02,9.691067462212700434e+00
-1.694637046248976446e+02,8.213560378106318893e+00
1.711962647690343999e+02,8.576133877134999750e+00
-1.789017073347573614e+02,8.621633505183867285e+00
-1.693655999255495033e+02,9.134652763726407443e+00
1.740350590818090382e+02,1.109426234253881383e+01
-1.745446308359083787e+02,9.432223202608330581e+00
-1.695141880888675985e+02,1.505141924882619975e+01
6.530979002467312000e+01,1.110481933196223281e+01
5.826075158079997607e+01,6.547623893969977793e+00
6.300795927323437695e+01,8.231919710932775303e+00
6.796697639694397708e+01,7.951930748885637001e+00
6.021353189288512908e+01,5.394975923531474926e+00
6.906723285848165972e+01,7.614279801224707711e+00
6.008251634091917026e+01,6.723644143412158769e+00
6.788187340042179585e+01,4.926702757894294571e+00
5.679919052654716438e+01,9.146869146612846890e+00
7.560544312068530814e+01,6.090137545743083081e+00
7.493496652702198446e+01,1.195993569396008382e+01
6.177452885903952762e+01,1.098055282613628059e+01
5.960158288219508904e+01,2.074489905795355327e+01
7.331069834417580466e+01,1.289281412927934589e+01
7.191748954416598849e+01,1.331583310389632402e+01
4.841922146601881849e+01,2.181537675252501884e+01
8.141034605293370419e+01,2.103954904457429720e+01
7.054586040842956152e+01,2.556100441350235286e+01
5.917293920346875780e+01,1.982944701778173879e+01
6.182902927593456610e+01,1.667405249953245772e+01
1.748916581574875408e+02,5.034367709607905361e+00
-1.592430135477397073e+02,8.666805669573461657e+00
1.667269800582093637e+02,6.321353325567244497e+00
1.721291776352570935e+02,1.032295744055165088e+01
-1.625801917001784886e+02,1.336636378869942732e+01
1.756153651040685304e+02,6.858903082462539658e+00
1.632787919091611855e+02,1.082246053904636263e+01
-1.639525081374358706e+02,1.196656999210619077e+01
-1.772975992661372118e+02,1.246445354047484422e+01
1.659841573596758337e+02,1.169062045490572999e+01
-8.190019342786084167e+01,8.450108869043873483e+00
-6.864511398504603790e+01,7.434440123234184128e+00
-6.737090816891938516e+01,5.699728098377265795e+00
-7.546140201549327742e+01,5.853381879052147241e+00
-5.569582853225027463e+01,6.633758536026530983e+00
-6.880217397768797127e+01,6.436035576622218812e+00
-5.544796086012686231e+01,6.401185792762202453e+00
-6.350071181587505720e+01,6.952685404930074142e+00
-6.359650298619060749e+01,6.696720188507704563e+00
-6.726526901180594109e+01,5.979640629143466946e+00
-6.620122514997990493e+01,5.056694461675344421e+00
-6.491126158609631602e+01,6.721695845307466222e+00
-6.987384883745038167e+01,6.958391425506393446e+00
-6.011947617840291258e+01,6.924138150083358312e+00
-7.068281535601487064e+01,6.048210352221810027e+00
-5.919731173259733481e+01,5.082543655599899068e+00
-6.376057911884741713e+01,7.202572128778482963e+00
-6.416716654192492797e+01,6.829468347953380203e+00
-5.252702149485028116e+01,5.370646937658999143e+00
-6.890185332859826417e+01,4.942855344703886544e+00
-5.130431243996945767e+01,1.382596313416398637e+01
-7.404223154374189164e+01,2.240140266178040918e+01
-6.314595522052791665e+01,1.505917461682798297e+01
-7.274351916392791395e+01,2.392741076540439593e+01
-4.560613569125172262e+01,1.487407262219978499e+01
-8.640575879043984742e+01,2.543244149732788273e+01
-5.912406760459685273e+01,1.979195132847488026e+01
-6.156387127589645303e+01,1.890109666126510035e+01
-6.175764439508817105e+01,1.655145527866273625e+01
-6.791951331693677218e+01,2.244758090380821258e+01
1.744800014572385294e+02,1.091599682316924103e+01
-1.760471227534893615e+02,6.067205164074569446e+00
1.650422615725974254e+02,9.638650252490990056e+00
-1.699134339367999473e+02,7.038547680867487166e+00
-1.759343690836678036e+02,8.321091457258745550e+00
1.767055494143732801e+02,9.474930142434452307e+00
-1.655671062681832950e+02,6.648744653649792724e+00
1.737849491084500642e+02,7.485174490183569063e+00
-1.772690246372474689e+02,5.966255852338324672e+00
-1.784679590306783723e+02,5.783824731421446153e+00
1.769215931435468292e+02,5.416489356404015965e+00
-1.690924676467683128e+02,7.949310475226463168e+00
1.682902182162134466e+02,9.874751312225992450e+00
-1.762041720352503944e+02,8.133201155408848138e+00
1.787622349710546246e+02,5.008402071738210282e+00
1.751434026488213647e+02,5.341868764860194574e+00
1.773304123949605753e+02,8.504531302200405207e+00
-1.797325234163729704e+02,9.802507826169703620e+00
1.736949445592285599e+02,9.943443254586075142e+00
1.789539502947430947e+02,7.085270941846722792e+00
8.126401735133428872e+01,1.396440950877972220e+01
5.199619489401951711e+01,1.381536155790573872e+01
6.896534192600525159e+01,1.147853817453827219e+01
6.373757883429347970e+01,1.114357113695930579e+01
5.845187311406577635e+01,1.317546937938170082e+01
7.197282220152051480e+01,1.064070341067805536e+01
5.924925579863628400e+01,1.268067107059351173e+01
6.884721040928118896e+01,8.842581821175084400e+00
6.092110579851759411e+01,1.066492340851777776e+01
7.045629576983733955e+01,1.070587202157715723e+01
-1.760936714733105077e+02,1.428396226377016553e+01
-1.788675090312106590e+02,6.773183214406955699e+00
1.594549477584271528e+02,1.072380137112396881e+01
-1.701962693511897839e+02,1.136210661076888329e+01
1.793954757882102342e+02,1.204644060696833208e+01
1.537465259533771871e+02,1.411045766636708088e+01
-1.750200641043690553e+02,6.338745537710835265e+00
-1.612393628020818710e+02,9.219222696811620210e+00
1.519938768657981143e+02,1.462372040706090104e+01
1.670258346654096329e+02,1.247829800931772937e+01
5.677967773872908452e+01,9.638263962557177322e+00
5.930229574688888761e+01,4.661629916546046637e+00
6.628032787399766335e+01,5.957466521586919583e+00
6.224034466060876269e+01,5.224825749492749694e+00
6.169108608013902284e+01,7.401475602520093844e+00
7.373827261557785562e+01,8.778379310008805447e+00
7.036198377883094679e+01,4.429171254362777255e+00
5.959160356991546337e+01,6.077598128243291598e+00
7.583662127952460708e+01,8.229489579927433240e+00
5.574300664712389164e+01,6.616366367222266121e+00
-6.357135971133029528e+01,7.435139031582860270e+00
-7.361133896938504506e+01,1.079086676649838417e+01
-5.271814780979016035e+01,6.887793443106835056e+00
-6.428449578934998954e+01,1.101895945313967040e+01
-5.475657978600330722e+01,1.311289689345124998e+01
-6.844878113326686275e+01,8.963440426727682819e+00
-5.609567474487997174e+01,1.061343555536424077e+01
-7.252000316760438636e+01,9.646888429462475045e+00
-7.315178970533439440e+01,7.956470276277141096e+00
-6.455194493270577993e+01,1.269476113472896373e+01
-1.775899492113734368e+02,1.277197227341434171e+01
1.758944679553154913e+02,1.090919301475765479e+01
-1.772576740923932732e+02,1.233552283314067211e+01
1.693306313201389912e+02,1.007120148193632048e+01
-1.705894330790883373e+02,9.043555274155902879e+00
-1.719678387956498682e+02,7.784723541321630691e+00
1.789890852270689550e+02,9.566531328074962204e+00
-1.742105279933745408e+02,7.995994483099019945e+00
1.797830327626478777e+02,9.241728542951593184e+00
-1.784352181128035966e+02,9.779037061458318192e+00
-1.771850446127445764e+02,1.386927396392731815e+01
-1.716276496685413520e+02,7.739404093828655462e+00
1.752946796052091543e+02,7.169086105781673268e+00
1.657879951253758293e+02,6.063443689275884729e+00
-1.620371208827857288e+02,1.000184805572601121e+01
1.539361443508601326e+02,1.210452878733379478e+01
-1.567563656522164877e+02,1.386712332675251425e+01
1.629966730454736989e+02,1.514892661964535314e+01
-1.652859695926707673e+02,1.596399937717599116e+01
1.654864458330122829e+02,1.148370771069867047e+01
1.684066788521982687e+02,1.117444824427999706e+01
-1.673583282515956796e+02,7.755274126503721277e+00
1.652996632863528248e+02,1.414746716234811075e+01
1.776598501730100850e+02,1.515745440112610432e+01
-1.762014941793721619e+02,1.120857119623851084e+01
1.775846300664528883e+02,8.929891596054497782e+00
1.637519910746339917e+02,8.192217299002763298e+00
-1.702066295346594984e+02,1.315471324706420475e+01
1.731195142100809221e+02,1.080912599037613830e+01
1.712938553287076502e+02,9.026371572653214770e+00
-1.714561148504731989e+02,7.323730405330153737e+00
1.666311030592220277e+02,8.568304867812710057e+00
1.796200441439412714e+02,7.923279137806940042e+00
-1.690833934255458360e+02,1.451831604476609527e+01
1.592906436299042525e+02,1.364069615453394313e+01
1.797520335954028212e+02,1.087138521746003406e+01
-1.697141522810470917e+02,1.084170394539337501e+01
1.641578103441970882e+02,9.829992585060455923e+00
-1.748530092152959696e+02,8.931951348888475195e+00
-1.599115026826130475e+02,9.709792783007046069e+00
1.773202833566460868e+02,7.581062014437037533e+00
-1.729970758048094410e+02,6.725918693544807425e+00
1.668328210130492835e+02,8.977905009630244848e+00
-1.707291901288256781e+02,8.191568896014977952e+00
-1.733625361985994573e+02,3.667463023763866126e+00
1.651841922336836035e+02,1.049457745345229753e+01
-1.607003601260057053e+02,4.977379424493685534e+00
1.586089624930489776e+02,9.783941993976403850e+00
-1.615886868210528746e+02,8.831573357823270243e+00
1.746677261617099077e+02,7.475105595398842340e+00
1.654878519818913674e+02,8.560926403771235371e+00
1.762114386420172707e+02,8.906934924521337393e+00
1.778042727632329729e+02,1.039224066972758109e+01
1.717597127396102508e+02,1.012603118850833539e+01
-1.794018164925215615e+02,9.627755857927315475e+00
-1.787981558959930339e+02,1.055986153288780294e+01
1.688016238361431078e+02,7.872787036899762114e+00
-1.738544327927610880e+02,8.494915635063652104e+00
-1.768380659907343215e+02,1.174423108927579307e+01
1.750902799889110781e+02,1.191771287228420029e+01
-6.076766067393452175e+01,6.993316905229786329e+00
-7.135041475388320009e+01,6.398709593992328415e+00
-6.978405865372374706e+01,4.552408453686534351e+00
-5.426083267756939676e+01,5.918491139089940845e+00
-7.408456740647388017e+01,6.994070765398346268e+00
-5.726440874336920217e+01,7.394342811025058637e+00
-5.774783971007715166e+01,7.093047398915411250e+00
-6.076816495014487884e+01,8.287574402006676166e+00
-6.278175541104953794e+01,4.590606471988783355e+00
-7.092535663189933359e+01,3.911501828171767947e+00
5.914695019646001128e+01,1.747134366342597289e+01
7.213478372225861790e+01,1.466818807577744010e+01
6.046179670232833558e+01,1.728877723509113196e+01
7.320243116866566879e+01,1.073422719374469381e+01
6.209248623070827477e+01,1.642887578896193901e+01
7.166250705177861846e+01,1.119886956656953458e+01
6.539196559067360681e+01,1.325397992856924922e+01
6.136644635729052766e+01,1.514258399792536380e+01
7.857468912813429540e+01,1.304667126215128015e+01
5.649476797353235469e+01,1.658535068907662335e+01
-1.730746919219502331e+02,8.384584755324311800e+00
-1.686083939272868122e+02,8.092219622394420497e+00
1.659861485613927243e+02,1.015632766581523327e+01
-1.675082045910916975e+02,9.294956719159440439e+00
-1.792250970274084807e+02,6.556312680273495452e+00
1.692021224428892481e+02,9.477195996188594762e+00
-1.647766568425720948e+02,8.477790792569589229e+00
1.766616786123958036e+02,7.647435076121723796e+00
1.696113924621374451e+02,8.124150281116170547e+00
-1.673205209774214097e+02,5.421773928032233236e+00
1.722167234003376279e+02,6.246285046035184862e+00
-1.718740659978937799e+02,6.545919643170882374e+00
-1.713903635913633821e+02,5.787626194710105310e+00
1.579186670198961338e+02,8.776510287488157758e+00
-1.585074698850094990e+02,6.949422277561351002e+00
1.645154675284967141e+02,6.436796224613098971e+00
-1.740876255788424203e+02,9.141458235892811146e+00
1.686204747899710696e+02,1.081284879661599163e+01
-1.674587708961794306e+02,1.047646532094614003e+01
1.659268098540410676e+02,8.129138388859775688e+00
1.753016351153463859e+02,6.765016672234770212e+00
1.721995138735901207e+02,1.134085113599566874e+01
1.773148117369927945e+02,7.464045200014069792e+00
-1.669935851151035422e+02,7.069695130800208283e+00
1.666920687846755698e+02,7.163443722626847254e+00
-1.656973461311111464e+02,7.584841167471042311e+00
-1.678027380722534190e+02,7.692797987389633718e+00
1.590357142053080963e+02,1.252595368212058879e+01
-1.612410705520778436e+02,1.223169102311744894e+01
-1.679199101116727775e+02,1.053405223894413112e+01
1.706432919610221006e+02,6.292894200650785308e+00
-1.701498022843952356e+02,7.826348145069960793e+00
1.761312729639335544e+02,3.668887103138968264e+00
-1.761805803356185720e+02,5.495883842626896332e+00
1.768534114593506956e+02,3.206932669086695498e+00
-1.798949218781253876e+02,5.443879648585312481e+00
1.687297216382139879e+02,3.114221990764515446e+00
-1.661855126865656018e+02,5.021041524892440933e+00
1.650012964342702446e+02,3.511639528945430744e+00
-1.744396416100106819e+02,1.173014062463828111e+00
1.745036612090239032e+02,3.649845323069231817e+00
-1.764783207419293092e+02,2.424017751830054745e+00
-1.776857119250775554e+02,8.741732367175139018e-01
1.770048743374373146e+02,1.089770624625714390e+00
-1.775472757088663798e+02,5.767348374846763548e-01
-1.723804335945607136e+02,2.724086884432089128e+00
1.658235259733579312e+02,4.964035570813005727e+00
-1.653676828981345750e+02,3.071259140012921218e+00
1.678488136445425027e+02,3.734708567830350212e+00
-1.773123821206357889e+02,5.290250718129548169e+00
-1.593806484099952456e+02,9.242321423517104506e+00
1.648653652461725301e+02,7.718787991748252253e+00
-1.699962881164483974e+02,6.254699211290359884e+00
1.721345280798873034e+02,4.867005899683213954e+00
-1.769663324510920859e+02,3.386408402735843648e+00
-1.782296285973423835e+02,5.586600648104298017e+00
-1.740149587552101025e+02,8.679179059136561847e+00
1.710809156178162311e+02,1.225779538777777233e+01
-1.668121496693027552e+02,9.133219689014300258e+00
1.654272492360206002e+02,8.229024233122146370e+00
-1.710836164978414331e+02,4.427277393523933569e+00
1.786219682265267181e+02,2.265846807152414932e+00
1.751786322392703994e+02,6.000279323102784446e+00
-1.779712129259312974e+02,4.946626001203903833e+00
-1.692552192211362296e+02,7.972724093660840339e+00
1.578710942299611020e+02,7.839092797063752727e+00
-1.597865548506083826e+02,9.739025471023731839e+00
1.665132774066385366e+02,1.173064732946873079e+01
-1.722572472771733771e+02,6.701473700223798957e+00
1.791364336082855289e+02,4.726590675966395594e+00
6.932549609259491774e+01,7.989761216758367368e+00
5.622584697787564068e+01,1.167600210667895055e+01
6.471643002942026612e+01,1.001152863030309703e+01
5.694496668400699235e+01,1.312590532345686611e+01
6.797298810290621418e+01,1.485378935807104028e+01
6.656552341548361085e+01,8.643200217588887568e+00
7.276839874552869958e+01,1.039910738194025797e+01
7.055739499672898773e+01,1.590118293076134393e+01
7.558813278368145916e+01,1.191131771607965462e+01
6.336399674535646653e+01,1.337736490860477190e+01
1.741883505527680427e+02,6.907748960065223542e+00
-1.718534652048907674e+02,7.065438353958105822e+00
1.729678196570261548e+02,5.647538303231510071e+00
-1.777788031369162809e+02,2.775967333918004876e+00
1.784424116778541247e+02,4.669030098554018959e-01
-1.776486199201740135e+02,4.520425052837492963e+00
1.783154134388410341e+02,4.518966732328308034e+00
-1.795050950539959729e+02,2.331981829609188317e+00
1.707688603391157187e+02,2.512484963495999146e+00
-1.666514492715128881e+02,4.143132935434956643e+00
-1.681088966426461866e+02,1.265786150851682024e+01
1.653001016124148634e+02,1.384280835092575757e+01
-1.700282451603125651e+02,9.932080380492786631e+00
-1.740658816063383085e+02,1.675579443658930501e+01
-1.790660698528652688e+02,8.012872804944208838e+00
1.689047385746894463e+02,7.995379217937831129e+00
-1.661315026581646634e+02,7.137824827596451982e+00
1.624290296595380596e+02,1.130159463152695842e+01
-1.629923761402757521e+02,5.940973627211944219e+00
1.674934503185346557e+02,2.739409945252608836e+00
-1.690625662696558607e+02,5.489938946602617165e+00
1.738938368281271494e+02,4.984642198381728839e+00
-1.696691589130677471e+02,4.088086046951890928e+00
1.718310829137669771e+02,5.208587577314924388e+00
-1.738985706650514373e+02,4.817532843926001007e+00
1.764649010241888050e+02,5.315127892774568430e+00
-1.782748671381731356e+02,2.219045652198386787e+00
1.744029070513004172e+02,2.681151701388269970e+00
1.796929780171232665e+02,6.611840162833960477e+00
1.782460511042520466e+02,3.698885645938327471e+00
1.717150165899971910e+02,5.080159269674893174e+00
-1.739363989192258657e+02,8.206397832656481484e+00
1.612666818910868471e+02,1.051763664894829375e+01
-1.680620467450851834e+02,8.157123709291052904e+00
1.642525140454976338e+02,9.948378612150229117e+00
-1.540742143759207181e+02,1.314608441842870334e+01
1.573414414923689435e+02,1.462627987909728411e+01
-1.654683931890652673e+02,1.001843173132153453e+01
1.723043324026823768e+02,1.215467521791355665e+01
-1.751560146289968714e+02,6.053920383717789733e+00
5.967954625683972836e+01,9.043130613465521606e+00
7.093016573042454809e+01,1.199308493239376538e+01
5.209265961549908752e+01,1.158759932001624193e+01
7.175448105315791736e+01,1.259344559770188354e+01
6.774016062573934960e+01,9.538246585661894983e+00
6.130671545617312290e+01,9.682972913001737680e+00
5.361758538142339603e+01,1.137473625655558607e+01
7.969643306961175711e+01,1.202478748786526808e+01
6.172836125954832198e+01,9.611171972253233164e+00
5.639458295854534242e+01,9.734724212303655477e+00
7.345313174714993920e+01,1.031975126204549653e+01
7.425615733845295097e+01,1.001895638584021597e+01
5.693471431757099310e+01,1.061880683264455882e+01
6.884273231319841102e+01,1.161102083021934384e+01
7.193841366589946063e+01,1.055077210835971258e+01
5.626495676235232679e+01,1.350856325768536514e+01
7.779184100804435786e+01,1.114566294076244901e+01
5.654010248197376853e+01,8.973204639848695763e+00
7.227346196576895920e+01,1.101162700232107738e+01
6.197596299281407539e+01,1.034692776836161698e+01
6.914528779258003510e+01,1.072263584637130052e+01
6.630831869971947867e+01,8.020741937132898514e+00
5.923832765423128421e+01,8.097730168938294781e+00
6.861998300772347648e+01,5.757801225719996197e+00
4.842878444828245676e+01,1.211915065956889670e+01
6.866984092139469453e+01,1.085485350852421149e+01
4.120728194211854856e+01,1.133301324148358447e+01
6.477980196804969637e+01,6.880392539562888210e+00
5.618426107533385760e+01,8.515021466684171259e+00
5.706435336601295205e+01,7.338080263581396423e+00
5.870982821961724341e+01,7.161942310406498535e+00
7.526797725493317159e+01,8.890474716701763924e+00
5.170042914319090954e+01,9.211277196050122740e+00
7.479079615141786519e+01,9.729107905737343742e+00
5.850803155587159665e+01,6.498393767926873288e+00
6.911519474421031362e+01,7.448181611940617231e+00
6.342314113964217626e+01,7.562861627222243754e+00
6.101498461065294521e+01,1.255645720120955389e+01
7.476685001406160325e+01,1.357499475576094028e+01
5.916071922158998575e+01,1.986440606380196527e+01
1.596354468539684888e+02,7.236784606595366043e+00
-1.659892145481908301e+02,6.475514562144853770e+00
1.626108017735275837e+02,7.306760389810662559e+00
-1.637383576763757560e+02,3.732506157942809821e+00
1.789874573113920633e+02,2.474370696721701623e+00
1.766437067580243649e+02,5.444999975991220431e+00
1.783267146536452685e+02,7.144561618241326073e+00
-1.753636829195912128e+02,5.696715653792669976e+00
1.726581834875276513e+02,5.988947710547245507e+00
-1.677038485412464865e+02,3.132181886922315250e+00
-6.845695006728733745e+01,1.775036380136718250e+01
-6.154529859784933166e+01,1.319518155488036193e+01
-7.885907020585015914e+01,1.261413068039670193e+01
-5.944488437725849650e+01,1.306808876555982124e+01
-6.507749634958160811e+01,1.254726374842302050e+01
-7.130993551059528102e+01,1.366511902826734470e+01
-5.483614978802115303e+01,1.213141422241648115e+01
-7.274618480295920619e+01,1.325201936544149284e+01
-5.835136364569562062e+01,1.128543725075165405e+01
-7.037834083732413148e+01,1.380027638657645994e+01
-8.353266753918603627e+01,1.216903425668689920e+01
-5.953443726023250093e+01,1.053865917202262281e+01
-6.185456771000838927e+01,1.237761406424956689e+01
-6.934944440821379885e+01,1.178089574001524653e+01
-7.921725272101127757e+01,1.278215726294520849e+01
-5.126663168826389239e+01,1.590038406160874729e+01
-6.762562978501136968e+01,1.551432137408761491e+01
-7.125803459356305325e+01,1.228481492747189208e+01
-6.472883214403347552e+01,1.110535428718788964e+01
-6.374505002695811129e+01,1.141447565369541906e+01
-4.863933592889026158e+01,1.045832130316086150e+01
-6.787576910811316111e+01,1.083367848905455233e+01
-5.112391296620814529e+01,9.081492606440512816e+00
-6.036011615703736766e+01,5.428477606178647719e+00
-7.102433774658813093e+01,6.203342463133703077e+00
-5.822270510470780636e+01,1.023014333772276174e+01
-6.999108970570121357e+01,1.121684828072448781e+01
-7.429001729707368895e+01,1.137482880037574873e+01
-5.393325935182399888e+01,9.404974040045605221e+00
-7.412028796777993023e+01,1.060105695685217952e+01
-8.222307850385811889e+01,8.491676206787770909e+00
-5.452084476196396423e+01,1.135905408045356424e+01
-5.822865200960324472e+01,6.074155586290544306e+00
-7.910186407263749686e+01,1.234624781982389941e+01
-5.129625093342692566e+01,1.116887984321952487e+01
-7.348940669268652925e+01,1.313876242780262515e+01
-6.548533551583190615e+01,7.939963399772111075e+00
-4.262608914209135946e+01,1.168934814249638166e+01
-7.835160119824080027e+01,1.026951895793875025e+01
-5.049155641275644513e+01,9.373887939392311353e+00
-5.728573611933867227e+01,1.523778311175621170e+01
-9.823018416266577901e+01,1.463427454246288306e+01
-5.807659444029008000e+01,9.990851576440960002e+00
-7.002116857443576237e+01,7.724621431867486621e+00
-5.966258274659534067e+01,1.039880883248926935e+01
-4.407897673789179294e+01,1.269292933555175296e+01
-5.192409412501795885e+01,1.175592131973527543e+01
-4.620972431808176850e+01,1.166358570548742968e+01
-7.216504872438117957e+01,9.983473668388750610e+00
-4.645565516042017862e+01,1.009679480208090752e+01
-8.008643428326850255e+01,1.140371319770125780e+01
-5.641387446173560960e+01,8.187496773547525919e+00
-6.127180234668767866e+01,1.128337533576348051e+01
-7.856157527958177411e+01,1.035071181073515234e+01
-5.166664643580178051e+01,1.105770946951191647e+01
-6.098712410406115936e+01,9.326678281398702808e+00
-4.303048843549744618e+01,8.931915383538445496e+00
-6.262732742761071592e+01,1.046114697812883065e+01
-5.194603788387422583e+01,8.143493824802600756e+00
-6.394334865978276383e+01,6.749006030552962443e+00
8.063000541665196863e+01,1.377026548831112507e+01
4.542649209172228808e+01,1.368833094287909091e+01
6.134776293930703872e+01,1.005390259684021714e+01
6.993593358502789670e+01,7.414070260907688947e+00
5.109454777065445086e+01,1.226439213822068552e+01
7.745958591210236932e+01,1.347001565900369435e+01
7.224141970287314507e+01,1.106011774465154396e+01
6.581953599849155978e+01,1.068782801964289142e+01
5.434613134528695610e+01,6.912192689001358303e+00
5.299776049631144303e+01,6.656611463494152225e+00
5.559879661773423720e+01,1.087356991729947708e+01
4.527826245925123061e+01,1.563057467498588338e+01
5.461163369925250066e+01,1.675429104608695141e+01
6.006610749644298863e+01,1.606988603785319114e+01
6.376861011429675585e+01,9.995467473022600302e+00
7.590461008642375873e+01,1.164976026010784693e+01
6.209294124054666497e+01,8.858817587012680406e+00
7.005527762628369715e+01,9.514065856841352087e+00
5.857574536890144401e+01,6.799693951636037070e+00
4.261782571478514114e+01,1.126314105064889581e+01
1.726292823487936801e+02,1.051567204324481075e+01
1.753886575404590928e+02,1.116974280564764399e+01
-1.759378850903828209e+02,6.061588372824864734e+00
1.720035380276926276e+02,1.131936387552957157e+01
-1.774512400877704010e+02,9.941039575204623446e+00
-1.783232674827085020e+02,8.191347082563762427e+00
1.649992252640304002e+02,1.250464365263865751e+01
-1.698583149897513351e+02,6.409245874474549076e+00
-1.691881573315152423e+02,1.246605389356452243e+01
1.748605337197070355e+02,1.142872862774825471e+01
-6.987203056995559791e+01,1.404146813930227466e+01
-4.962585939851771144e+01,1.611915588306034408e+01
-6.454975940452811756e+01,1.242460863518632408e+01
-4.526119836141465669e+01,1.142954437130739898e+01
-5.823366752787902811e+01,5.281693674552791151e+00
-5.630377105949902727e+01,6.113470902617082814e+00
-6.071970870314742541e+01,7.371743808675626397e+00
-6.708346373791131612e+01,1.007862030555494393e+01
-5.241219041474157336e+01,8.114548288051727454e+00
-6.577728100764828412e+01,6.815669805505860879e+00
-6.309693191893313013e+01,1.663904361599873383e+01
-6.036744961093474870e+01,7.511990911411450256e+00
-7.341733978144181094e+01,8.843058790322821494e+00
-6.096349439677803872e+01,8.104578727437941055e+00
-7.684437912530891879e+01,1.236209939239263633e+01
-5.927541288773490180e+01,6.459155150346447272e+00
-6.400496012960390146e+01,8.333286721734159741e+00
-6.115312587248806864e+01,1.098855058004823348e+01
-5.710541444014222634e+01,1.478823932144485198e+01
-7.916536089477219207e+01,1.149988863695140751e+01
6.518003520162930897e+01,7.716424956323706397e+00
6.423270918411245134e+01,5.756587086548339727e+00
7.585204972699504822e+01,6.383855910912378917e+00
5.123300174827998887e+01,6.420440519285822489e+00
7.522188829247036779e+01,6.628678548412234584e+00
5.095268017244925574e+01,6.401309977301444576e+00
7.147432442330591584e+01,7.313280347947065607e+00
6.006438642731796307e+01,6.150692689004117142e+00
5.075996340503991178e+01,8.382605967924870782e+00
6.902112805237085524e+01,8.654923337952485696e+00
-6.605500911977820522e+01,8.828655171330915152e+00
-7.058617379543549930e+01,5.247573382560132060e+00
-6.802299677480289120e+01,1.070487709589870562e+01
-6.065110391718627625e+01,7.941105027090831214e+00
-5.302847134852513022e+01,9.642707661163562705e+00
-5.729131169836355042e+01,8.058525733185748052e+00
-5.556298876816087073e+01,8.711059661899945183e+00
-6.803681066919146758e+01,4.684625518156590118e+00
-6.909387559614972929e+01,7.062321936288572743e+00
-6.517062064171157942e+01,1.050694941522343839e+01
-1.729087442357350994e+02,7.059761441472617527e+00
1.675190944954985923e+02,5.660559590281623699e+00
-1.700920057084246650e+02,5.899604032501111206e+00
-1.777708345802584233e+02,4.851952342603032875e+00
1.764234387095278862e+02,5.491346593687927324e+00
-1.790713671572260353e+02,6.444593455589952669e+00
-1.772439782029128708e+02,7.344070187739358602e+00
1.746269024420900280e+02,8.165731873352264358e+00
-1.744134676224838358e+02,4.896224162745815178e+00
-1.762739339030522956e+02,4.281237912372338528e+00
1.644751321795814363e+02,7.619068716653853102e+00
-1.649430054226108098e+02,4.503130157345888840e+00
1.714632215742623771e+02,5.449002127161808318e+00
-1.673812479727906464e+02,6.741013908175454539e+00
1.776292565633425227e+02,6.266720402410010493e+00
1.750767536197617460e+02,6.450208073037416057e+00
-1.798302104598575397e+02,4.917093191163160348e+00
-1.768405597381330097e+02,2.472188690879372430e+00
1.758657178176119942e+02,9.443323231260924988e-01
-1.726863942590124452e+02,7.998646289704591794e+00
-6.509815408605716414e+01,6.409268718444537605e+00
-5.510918323188263201e+01,8.097244669810041984e+00
-8.225057581680809449e+01,1.008152475247657343e+01
-5.644855183714097535e+01,6.679088271190082082e+00
-6.286572014223622062e+01,5.583817188187953917e+00
-6.642441114880030284e+01,1.161062967695356818e+01
-6.253479668859279883e+01,9.131183568082601454e+00
-7.206142145422231238e+01,8.402884534726650756e+00
-3.758620663013978458e+01,1.686429027741830211e+01
-7.046461564411239920e+01,1.309593817341841948e+01
-4.889822646061491440e+01,7.964083794123583360e+00
-8.541706630780043952e+01,1.795473093486530303e+01
-5.184483885142569193e+01,9.572347867994363213e+00
-5.613814486148459082e+01,1.867364215163702923e+01
-7.438436224082188630e+01,1.271202000284102063e+01
-5.283923024284193559e+01,1.629857830305218158e+01
-6.316213095585085568e+01,1.096454253713421778e+01
-8.816694090836256237e+01,1.798318977202933056e+01
-5.025632582387669345e+01,1.374592870774678488e+01
-8.138935134720314579e+01,1.227323257130446521e+01
-1.775293281370318539e+02,6.929164799041253708e+00
-1.776737594248366747e+02,3.648935820688286924e+00
1.774129835803952346e+02,5.912336817080834805e+00
-1.732071200793686216e+02,3.241802109982910629e+00
1.769332249566592736e+02,3.000071123083500435e+00
-1.769749890210434273e+02,5.421606397857168247e+00
-1.768599291144630286e+02,4.599216238977537508e+00
1.770087488673888458e+02,2.486621712443297660e+00
-1.764165485705866558e+02,3.762686593829942083e+00
1.763560097194353489e+02,3.785627908392770635e+00
-1.739199532919016917e+02,1.057612304713080142e+01
1.775671818100711903e+02,8.732884968057776476e+00
1.744766260913401368e+02,8.179938624883636322e+00
-1.769616375463588724e+02,9.855977519558013711e+00
1.672594877229377914e+02,1.393117520120235397e+01
-1.695531175441021219e+02,1.401249996446812141e+01
-1.747736781949816134e+02,9.560120103065056441e+00
-1.781940060909353178e+02,1.068336185508253600e+01
-1.745226233501481659e+02,1.480847223582603434e+01
1.768355251306834646e+02,1.884764131534993226e+01
-6.820676957560144160e+01,1.165662366730397892e+01
-6.038590867304167631e+01,7.767218922480436660e+00
-6.827486267855917390e+01,7.061122298305923195e+00
-4.720220755743028462e+01,1.263677351855787734e+01
-5.934021373015493594e+01,1.140193679899518564e+01
-4.688045327952173835e+01,1.034482225166000902e+01
-6.459340043222873362e+01,6.253511270313119041e+00
-6.594832544292819421e+01,7.284264226889744620e+00
-7.431143339168822592e+01,8.611569915350623106e+00
-7.208901993200898062e+01,1.183783288679319057e+01
6.707352781084065896e+01,7.526930294590112425e+00
5.954999801863554865e+01,6.348221639726303600e+00
7.827958013256113645e+01,6.963384295767971466e+00
6.444307640247696156e+01,6.274057183227377266e+00
7.006361570176066778e+01,5.177914198541932578e+00
6.490554503420436561e+01,4.967326245173214971e+00
5.541449866057914875e+01,6.617303220801114882e+00
6.677976958573869126e+01,3.811457591697773317e+00
5.454099569342438514e+01,6.551373802957364489e+00
6.591004471850438051e+01,4.165173026991496386e+00
6.545929031529809095e+01,5.138859989509180437e+00
6.018776280763065500e+01,6.994957539612136621e+00
6.826966187716048751e+01,8.083025417451938921e+00
5.130325244933570161e+01,8.067550421009244133e+00
7.815019915286285368e+01,1.072775786735345349e+01
4.259064923611099118e+01,8.295136970608520954e+00
6.550506504360672011e+01,8.309306672763453250e+00
6.076832622636835168e+01,5.233237185615961629e+00
5.551992077317254370e+01,7.205808679311732412e+00
8.691767832263914784e+01,9.944399126318465676e+00
-1.745653683380901100e+02,1.040505040056483921e+01
-1.721427872966842472e+02,1.132449289974491080e+01
1.662684852038594556e+02,1.057267967836484068e+01
-1.701405306466535023e+02,1.027341524692750241e+01
-1.783316014983659841e+02,1.092952847675225314e+01
1.673463553792990979e+02,1.155927792271991805e+01
-1.593786167411260806e+02,9.919388306891356422e+00
-1.799981942288461880e+02,8.626901049383358000e+00
1.659922416452521361e+02,1.304397354457315572e+01
-1.592547902408392986e+02,9.694219652678073729e+00
1.718858860989011816e+02,1.195757637984162614e+01
1.770217537930509479e+02,4.998357908038409292e+00
-1.698648753581028359e+02,9.979971968866461651e+00
1.777703264278713959e+02,1.111098427962239654e+01
1.762225270507341577e+02,1.040441011181094488e+01
-1.741977742553681878e+02,1.481459041755761419e+01
1.781805028380188958e+02,8.884513832271400346e+00
1.761498173998593870e+02,7.668093789864711241e+00
-1.642852503841405110e+02,1.336832281451874849e+01
1.797059138719756675e+02,7.879824120602471282e+00
1.698830016800148428e+02,7.097684557905239444e+00
-1.723697633976095460e+02,6.343413108682322665e+00
-1.793852492791797317e+02,7.115802646889560101e+00
1.655207866871797933e+02,1.203696063557472229e+01
-1.744987682036414469e+02,8.868862609831870358e+00
1.788504837918324313e+02,8.018204747408965716e+00
1.682038845767144721e+02,9.250751977606263665e+00
-1.756495822302879333e+02,7.826437344312850541e+00
1.690446326950855678e+02,7.038511679084215267e+00
-1.739022422184446555e+02,9.780546694540968033e+00
1.764210461197984330e+02,7.274284608124924389e+00
1.748577775462148054e+02,6.009875362962860734e+00
-1.731718284203460030e+02,1.285396043531559229e+01
1.785836998928665764e+02,8.992553992963117082e+00
1.795897580067596664e+02,1.081146956268782766e+01
-1.780160559981132735e+02,7.614204777045832984e+00
1.730213143218682319e+02,1.106148377124917026e+01
1.781574862083899120e+02,7.935624936908119764e+00
1.768324908328920060e+02,1.553784136378909153e+01
1.649985602413943298e+02,1.293771025181200685e+01
1.558653880113461412e+02,8.288677707154075591e+00
1.750997419677415223e+02,4.570199899063790205e+00
-1.661046322805474631e+02,8.769898045832970723e+00
1.631542847598367416e+02,8.955913536237591899e+00
1.781301584389188406e+02,6.693501174890085892e+00
-1.625209240573843488e+02,8.525991275285724313e+00
1.623696943362228637e+02,9.555403273666042807e+00
1.734934857378456741e+02,4.721766382999190270e+00
-1.714110179676081600e+02,5.668323708304166431e+00
1.745601440353699161e+02,7.459228661442468322e+00
-8.060180948983234828e+01,7.656473406225041245e+00
-5.588639120931571824e+01,7.756380205789550786e+00
-7.755729926517999218e+01,8.825408384185305266e+00
-4.970997756010405766e+01,6.051461269062673232e+00
-6.336476540910595645e+01,4.485627008569954555e+00
-7.483247124878899115e+01,6.017997576058314202e+00
-4.853271480754996503e+01,7.870977510334016714e+00
-8.747877348275187614e+01,8.345368559335463843e+00
-5.880424576365369660e+01,5.279194922855084293e+00
-5.691097810416762570e+01,7.158485122541060619e+00
6.005470106371438987e+01,5.376512138635328952e+00
6.498038283533904291e+01,4.523854732018015135e+00
6.665766926299160389e+01,4.671494286545397223e+00
6.976573893438833807e+01,5.900633483157776027e+00
6.621340588805543348e+01,6.626644067341535660e+00
6.910280845284682982e+01,6.469802879652613470e+00
5.458508187965767888e+01,7.545743667271553434e+00
7.683274801506389906e+01,7.810103357169463578e+00
4.677137383022943595e+01,8.295230493445259867e+00
6.832388940557032697e+01,8.183412455413456854e+00
-1.733316525996329460e+02,6.137707838141376548e+00
1.689338026639284749e+02,9.200804297959052747e+00
-1.752996355883232411e+02,5.901611206497651807e+00
-1.665356093576410501e+02,9.807597977259682409e+00
1.669466075980830908e+02,8.013190206508571833e+00
-1.785882667452143266e+02,4.194602681842463987e+00
-1.664976360484012332e+02,8.769066414678585275e+00
1.634079399962201649e+02,1.019834099254954296e+01
-1.777306570790888429e+02,7.830161374125406581e+00
-1.694011470397130665e+02,1.005895545883312714e+01
-6.832957086182948103e+01,6.250713769717323842e+00
-6.186830708559627823e+01,7.076946017756062801e+00
-7.804268669003425885e+01,1.098731099965963054e+01
-6.935074687179690045e+01,8.547038516767416994e+00
-6.934431101941865450e+01,9.346256757500544410e+00
-5.805108146190442397e+01,9.474495904690854786e+00
-4.998024721278206073e+01,8.457791120948225938e+00
-5.949664540651215816e+01,1.316930868676465316e+01
-4.232419781966063255e+01,1.108046959346601312e+01
-6.483227231996400519e+01,8.091526009350378246e+00
5.928810286767767224e+01,6.521274683821827622e+00
7.730086660767788942e+01,7.739222681564569939e+00
6.492049110148565205e+01,6.944036833240916806e+00
6.491750168557791767e+01,6.579089774601340146e+00
6.345340412701597899e+01,7.109548977439231088e+00
5.197735714830187703e+01,8.662239869791001468e+00
7.405022498071755876e+01,9.329265282763437028e+00
4.816717163861128626e+01,7.439286045772394829e+00
7.115181277648400737e+01,9.031970591527255010e+00
6.952706933485708873e+01,8.077530614099540429e+00
6.394975664524862680e+01,1.296108356758579205e+01
6.908446655192511798e+01,1.277618579604441784e+01
7.862855309981816276e+01,1.411639760190061210e+01
5.919157159500114318e+01,9.815574974980153300e+00
8.294271998927327161e+01,7.175182456676602705e+00
6.564150694194992752e+01,5.448810442299818035e+00
5.790642157143600599e+01,7.074589220586103622e+00
7.032874366225635754e+01,1.086952117919689442e+01
5.084880621207182116e+01,1.040818226499994736e+01
6.935307916468322276e+01,1.015530068298766508e+01
7.923825708331560236e+01,1.198745092016914704e+01
6.798635286179211334e+01,1.216896911034854512e+01
5.912417895720013661e+01,1.398368946990180639e+01
6.672589188971966223e+01,1.380435661557803328e+01
8.084699021592371082e+01,1.735991521458236164e+01
6.659418785821722508e+01,1.516983720972553940e+01
4.970252509447364275e+01,1.858403765959308629e+01
7.286842303601935100e+01,1.846087163615563753e+01
7.328996666334644772e+01,1.791752349909602415e+01
6.175682893752843228e+01,1.889055151397088039e+01
-7.888195939609977358e+01,1.487010246959149740e+01
-6.033924485970175766e+01,1.844460183211220183e+01
-6.208165912868523151e+01,1.541824093237724469e+01
-7.719777903170557920e+01,1.691655650809470046e+01
-6.289454594196335790e+01,1.509660584199989231e+01
-6.596850542471791812e+01,2.178998399057821445e+01
-6.861789663777690862e+01,8.943480862713959922e+00
-4.876198677010583538e+01,2.146039724830210105e+01
-6.522022265540925900e+01,1.013975066266095837e+01
-4.167778677542745669e+01,2.027171736182627626e+01
-1.772403981736949845e+02,1.268745022015658819e+01
-1.685693595540864749e+02,1.137014253826701449e+01
-1.771388765470906321e+02,1.022501157036735009e+01
1.750398981107536827e+02,1.127874324503419246e+01
-1.699606487679422457e+02,1.293840738259505052e+01
1.777615509911883294e+02,1.536558443939241059e+01
1.728193139899781841e+02,1.366301854774443214e+01
-1.725488015795046977e+02,1.458783436059057692e+01
-1.772239975656765694e+02,1.123639088702254440e+01
-1.767794114893767699e+02,1.035476252017300780e+01
8.438628264162979065e+01,1.219054639212390079e+01
5.030450177985507310e+01,1.380766107234725126e+01
7.907424963259224171e+01,1.179656787721879496e+01
5.321878898174917794e+01,1.304315471594095754e+01
7.244672028202269587e+01,1.066079627766616333e+01
5.946770901818088362e+01,1.461499327205601340e+01
7.661387093188859865e+01,1.533748838691708727e+01
5.865674125595254651e+01,1.823253732465841637e+01
7.519963760596151303e+01,1.478373622668929421e+01
6.507743102706913874e+01,1.700330811759117822e+01
-5.861054217243223263e+01,1.117935393128469457e+01
-5.972754694664055108e+01,8.673217976616768965e+00
-6.710285213329952114e+01,6.460768865582510401e+00
-6.290819791116538084e+01,8.259763793249454977e+00
-7.204476080986849240e+01,8.334440977962678687e+00
-6.398914122816150751e+01,5.423467554262662915e+00
-5.628035072773288761e+01,5.155390054212863227e+00
-7.726960397972935368e+01,8.753690186170565823e+00
-4.512573189123315132e+01,1.014567770998726459e+01
-7.382207267354324642e+01,9.322576482847971135e+00
-5.936809208659860104e+01,8.464810198959380472e+00
-5.895001566256853920e+01,8.400621001262370768e+00
-5.443740770949989383e+01,7.771300583262931383e+00
-7.532989370045413580e+01,8.453085440770395920e+00
-5.522639996908243631e+01,8.891207002215963939e+00
-7.968325455416281500e+01,7.559477952938602030e+00
-6.024726297756524218e+01,1.006530871351026057e+01
-6.909037555163484967e+01,1.243546672994503055e+01
-5.466168237240339067e+01,1.459769923155156235e+01
-4.449259277966329051e+01,1.513033944788666396e+01
6.783869937925246063e+01,1.440262748313861607e+01
8.372609075690465374e+01,1.651180849553528773e+01
6.577742706884652080e+01,1.349409664652718099e+01
7.734241993227190903e+01,1.731853903859617105e+01
6.691369480853350638e+01,1.310244950873578240e+01
6.029856916811289125e+01,1.155626665881909609e+01
7.162876619622569763e+01,1.389389107847940252e+01
5.322143267670670497e+01,1.619609324457184840e+01
8.326831669291937033e+01,1.393817530944757266e+01
5.534950019112447706e+01,9.191332051290594052e+00
-6.705206858801057024e+01,1.590109979645577454e+01
-6.084356402450271872e+01,1.625484769375979255e+01
-9.306395948998330425e+01,2.130024628350199833e+01
-7.586897871693926731e+01,1.520697947684197260e+01
-5.431355388362627679e+01,1.558978182013225222e+01
-6.564881203866805492e+01,2.024104471182661769e+01
-8.333333640759241234e+01,1.728394744912711900e+01
-5.138520420175964887e+01,1.219684926048077145e+01
-5.974794684537049960e+01,1.246677254026239545e+01
-8.719849846471717569e+01,2.103240785427380288e+01
-6.234245725391194526e+01,1.450941081678371702e+01
-5.137681353613694313e+01,1.217182985507213644e+01
-5.214303064686164646e+01,8.126628762978981513e+00
-5.390756540193416413e+01,9.980218235073769151e+00
-5.419270684919884928e+01,1.483247456620914129e+01
-6.403518890858522639e+01,7.229247056914003267e+00
-7.312505866184589820e+01,1.421415093915833872e+01
-5.119360656566562540e+01,1.316280369095296088e+01
-7.305238583189850488e+01,1.033792176815758879e+01
-6.784037897666799211e+01,6.810453082331084929e+00
-4.727249014783714642e+01,8.359900055397156748e+00
-7.039475053259987192e+01,1.534704968504434319e+01
-5.694784848032768565e+01,7.739612374356699576e+00
-6.903198685060868911e+01,1.057121474424860530e+01
-6.815218866532235609e+01,1.231417728802943046e+01
-6.778344306992457291e+01,2.207433128088471719e+01
-6.859552046824623517e+01,6.027095843938795383e+00
-5.325051241315421180e+01,1.690907759368910490e+01
-6.991228810751007927e+01,1.296876907982152893e+01
-4.936472299561103938e+01,2.040880812364801855e+01
8.195569145387850085e+01,1.912492044101301403e+01
6.043068311879579824e+01,9.734495446694298337e+00
5.894867952406255540e+01,1.554791824045696558e+01
7.573294202711807088e+01,1.381840223022959435e+01
7.256793224160988132e+01,1.455719194712186138e+01
5.562930226805156764e+01,2.005998357131283782e+01
5.576384578727241603e+01,1.161810737151395401e+01
9.451361469748906075e+01,2.047301044353051225e+01
5.425983156224761217e+01,1.327495392777900030e+01
6.487456249261703078e+01,1.528253555519681228e+01
-1.756597439428895768e+02,1.292727789445248732e+01
-1.663812484983056379e+02,1.262965925830611980e+01
1.686690947897032231e+02,1.155160287021610088e+01
-1.721492189139907509e+02,1.205787119234227234e+01
-1.708727472495631048e+02,1.085195253698642759e+01
1.797385605357194720e+02,9.748022623439652534e+00
-1.685813524789999178e+02,8.940211700021087893e+00
1.747350501101942655e+02,1.147048932517571984e+01
-1.694933783498065907e+02,9.437649743319463269e+00
1.767554157890168085e+02,8.594640035349751628e+00
-4.567053514414545390e+01,1.964065495851397358e+01
-8.879326540881488938e+01,1.863456377299261391e+01
-8.270561131263346510e+01,1.821787179200304507e+01
-4.533847079527470214e+01,1.237501695646928113e+01
-8.201616401040759285e+01,1.793811419001299612e+01
-3.811293836514166600e+01,1.840271883312599499e+01
-5.149565081270931444e+01,1.807949430954299785e+01
-5.823956455531730114e+01,1.668376085434134737e+01
-4.494972262343288349e+01,1.299617114024129805e+01
-6.856089075721240533e+01,1.181391820886060984e+01
1.698474933364549315e+02,1.212679240781202417e+01
-1.595443354851667550e+02,1.290627881447478131e+01
1.613614880828695277e+02,1.296398691975763384e+01
1.608760552457984261e+02,1.130999408786841620e+01
-1.633187543764236409e+02,1.285821107467905833e+01
-1.719856172094250724e+02,1.036866521384214757e+01
1.521985075172945585e+02,1.238878342285467227e+01
-1.774070090431848712e+02,7.553429988323816957e+00
-1.654662492248883439e+02,7.518908974516248733e+00
1.567097252294036309e+02,1.447239219627067008e+01
-7.686374572928694704e+01,1.232016384882160054e+01
-7.001328605554310514e+01,9.282510929970726465e+00
-6.020777803804625705e+01,1.411027944793567812e+01
-6.538535409815916921e+01,8.433265115618919339e+00
-7.728869564513570367e+01,1.274138485968837919e+01
-6.664657476607509068e+01,1.110916471248176052e+01
-5.777193000113347665e+01,1.178799223352190140e+01
-6.872503622825797720e+01,1.458388498512445253e+01
-7.616495549540189813e+01,9.720586297811738774e+00
-5.621748494157625942e+01,9.408811043423179754e+00
-1.760165678299804028e+02,1.133496539167381201e+01
1.793450539509898078e+02,1.394855121037805645e+01
-1.754657921370268809e+02,1.066517699026890753e+01
-1.754267899767340850e+02,8.471949337937346058e+00
1.755821387722524491e+02,6.212576419475736245e+00
-1.768341015934459790e+02,5.608161343388097464e+00
1.770773094175547726e+02,7.160068426004785103e+00
1.794505804968131599e+02,7.612627654528385079e+00
-1.670532001115865910e+02,1.005394483728157518e+01
1.741045750687792690e+02,6.347704126674999614e+00
-1.680576154248258831e+02,8.981314457698390541e+00
1.719265535399926534e+02,8.159299617733868359e+00
-1.745060711407618612e+02,6.107429887561512061e+00
-1.750232608109404850e+02,1.195838944978893892e+01
1.661282253752904410e+02,1.357956731063839406e+01
-1.521554239429326287e+02,1.663102327906684508e+01
-1.778755477372772305e+02,9.422600418247419896e+00
1.703511867840075240e+02,1.001100382784235521e+01
-1.551292189671101482e+02,1.209266481631493662e+01
-1.789710300160230361e+02,8.212336457758915742e+00
-5.575816511813620480e+01,1.349405470269041629e+01
-6.819964430633878294e+01,1.807478180504782017e+01
-6.162355110778607781e+01,1.511364455353807656e+01
-7.484611923362992059e+01,1.050617252266427215e+01
-5.477482883521536650e+01,7.238835463873167342e+00
-7.276090177680035254e+01,1.053411984689985559e+01
-6.122000285490882732e+01,1.859062395470891005e+01
-6.373286077456484833e+01,1.136428492014804448e+01
-7.343892328961507587e+01,9.927691227144826769e+00
-4.699744691500745120e+01,9.016904325692046029e+00
-5.168389278818931842e+01,6.419624596976774455e+00
-6.122664542238666741e+01,1.102564476273110827e+01
-5.754301636255562613e+01,8.314601473596075820e+00
-5.949522702134898822e+01,1.039955108443759180e+01
-7.425958590956051353e+01,1.000619783837063537e+01
-6.210088275524478973e+01,6.277189396853442460e+00
-7.077482722565942197e+01,9.264825269280695608e+00
-6.282774961897295185e+01,8.512780699926008054e+00
-6.347379683966019570e+01,6.969805710101670826e+00
-6.316627053893699895e+01,8.396286281244940142e+00
-8.017797862576435364e+01,8.948143907319622059e+00
-7.479583449678723639e+01,9.790334942578656552e+00
-4.131793837762507593e+01,1.480940957183147866e+01
-8.185160888511948940e+01,8.916206777350584645e+00
-5.037055918662687759e+01,1.080670252722560853e+01
-5.447917202206910048e+01,1.750479287249981297e+01
-7.108010114759491671e+01,1.465101018912783282e+01
-4.674980910789280131e+01,1.363220736185616744e+01
-8.686946972191616112e+01,1.562478610300306059e+01
-5.664905115293272075e+01,1.272267788213237338e+01
-1.459620620125478467e+02,1.492317594076760656e+01
1.616785226078054620e+02,1.045071068946530701e+01
1.594487107907132497e+02,1.269610084032867192e+01
-1.510135844929339441e+02,1.343833001135150695e+01
1.789471401683442764e+02,1.481805664035443826e+01
1.441304498444588091e+02,1.710461904620371598e+01
-1.787184047489820671e+02,9.482578043327240636e+00
-1.670153209850798817e+02,1.661207971768761382e+01
1.693885152697936007e+02,1.195412990847591139e+01
-1.684556022720389024e+02,1.445402851475795281e+01
7.508285857077802916e+01,5.797060232536055402e+00
6.193430504260599889e+01,1.043853481947330053e+01
6.960576278969922726e+01,8.289565265130871552e+00
6.730421566979727288e+01,9.526235492851757414e+00
5.964247259493389208e+01,1.276936620630697483e+01
7.943076165762049357e+01,8.433843432192656309e+00
5.485857121572883699e+01,7.707970742611284010e+00
6.566054873513327550e+01,1.128905521196859318e+01
6.872760725117184677e+01,9.774061364589879730e+00
5.076226365063666890e+01,8.527912370691282717e+00
1.782320755378369768e+02,1.362881724685683871e+01
-1.717942039393172138e+02,1.751012813423988135e+01
-1.765300973990464115e+02,1.042236563015520368e+01
1.723379901316298799e+02,1.213302935749331724e+01
1.776034597075201873e+02,1.006490548949561159e+01
-1.776742376668666168e+02,1.725198512074187107e+01
1.685368692445566410e+02,7.439526859440178441e+00
-1.700201317448300244e+02,1.153254333398776410e+01
1.738019931782285710e+02,7.960193052164079575e+00
1.635938161496133034e+02,1.301788156113043016e+01
-4.573870095995008711e+01,1.482858889394858259e+01
-7.057489460066662446e+01,1.025835112317655629e+01
-5.886379346570647186e+01,1.076347193443853456e+01
-5.436754044463197744e+01,1.286924434051033828e+01
-9.164416804189522736e+01,1.601891741584403306e+01
-4.636136796670189852e+01,1.663041424251792932e+01
-8.272834379848568176e+01,1.711503462444315460e+01
-8.449934406621238736e+01,1.197784109018920162e+01
-5.228028924017151269e+01,1.354230489163953166e+01
-9.265017833345766007e+01,1.661836454554423881e+01
-6.423610027964997471e+01,8.958536614122291297e+00
-5.718665480002134416e+01,7.162733251938522727e+00
-6.625226328912900442e+01,4.121123499474406593e+00
-6.444486256200801222e+01,7.041810736545095040e+00
-6.392499044504807415e+01,8.593382328374282508e+00
-6.409129410728027665e+01,7.571369010109744835e+00
-6.613209252485147260e+01,8.372188939382731121e+00
-7.224044513938805778e+01,7.036025355039483564e+00
-6.031500720240779145e+01,7.172938454622862281e+00
-6.462880966410091332e+01,7.195446312028400904e+00
1.789161117516474349e+02,4.852910174417354838e+00
-1.788951269930914805e+02,5.687115216853412036e+00
-1.787047450539400018e+02,6.853552671075370029e+00
1.791516286043554658e+02,5.777241889759126892e+00
-1.743431745396540862e+02,6.649648963345621056e+00
1.793980385399694342e+02,6.279517972309640150e+00
-1.755242010296081503e+02,8.084327383844879478e+00
1.764219205616849990e+02,6.186844409303879466e+00
-1.736414409258014473e+02,6.511905791619568618e+00
1.717445108006686780e+02,6.738257198213794652e+00
1.749202977402022725e+02,6.629497210661405404e+00
-1.704136723355059644e+02,7.076647569400710935e+00
1.682715212168110668e+02,7.532625806834612803e+00
-1.731194195906249149e+02,7.833345394593894895e+00
-1.699437702654681743e+02,7.529222522762692549e+00
1.744795371482686619e+02,9.663616637782284968e+00
-1.707277646620485143e+02,8.936383834373298640e+00
-1.769244117388226982e+02,1.288327072196698708e+01
1.709544618649709093e+02,1.036824809074206755e+01
1.758867635751620924e+02,6.763963530346265074e+00
-4.974897323800512083e+01,1.024334876636850566e+01
-7.202475396714410749e+01,9.505130466285971025e+00
-6.313566675359349034e+01,1.120985407725515870e+01
-7.115094161079080948e+01,7.542644143687354585e+00
-6.004107396793412477e+01,1.145184433518863898e+01
-6.508132272870672352e+01,9.074412308186079912e+00
-6.640547285936618493e+01,8.254218325027828485e+00
-5.935854684391610192e+01,1.565028814147391856e+01
-8.204431604119440635e+01,1.287922669168234435e+01
-6.444798092593133276e+01,1.607594492293705812e+01
-6.544642920223668625e+01,4.065912421972157631e+00
-6.283110223375980752e+01,6.214419095239938073e+00
-7.244090748522415879e+01,6.740419091766628235e+00
-5.544498651698122416e+01,6.512192395987024263e+00
-6.641076604711888365e+01,6.986310711609503343e+00
-5.529995287119324132e+01,1.114955491053325431e+01
-5.721520924830676336e+01,1.511778515883323948e+01
-6.713903066874951264e+01,9.815914952736173760e+00
-6.407599070691667009e+01,7.050070145746376582e+00
-7.750731823578361457e+01,1.159520498297466773e+01
6.822954718473967262e+01,1.086198483133368597e+01
6.113310273424983876e+01,4.535725553286702905e+00
6.469754747576587306e+01,7.398529907442847886e+00
6.397226135566558725e+01,5.141736081815908577e+00
5.999138572787323653e+01,6.953795086430183403e+00
6.436932656484529502e+01,6.932151444265130635e+00
5.902775196847299100e+01,4.426504320590459507e+00
5.833756477837803089e+01,7.900571359510925262e+00
5.097968454027437701e+01,7.252923058787422050e+00
5.754377257638104481e+01,7.589342065994252096e+00
-6.767891793922640886e+01,9.927981096609595824e+00
-7.795619904691989177e+01,1.197707045178607821e+01
-6.505944950461315557e+01,1.171272355575064417e+01
-7.000577873413713803e+01,8.099737055314413681e+00
-6.914940031702121814e+01,9.118336613414957270e+00
-5.179279087561208428e+01,1.019448487783980895e+01
-7.550237608417539548e+01,1.295292433174121882e+01
-4.088047910818887232e+01,1.467019690555015998e+01
-7.394500471790847484e+01,8.236732540316150875e+00
-5.778144086514902966e+01,9.277160673446317674e+00
-1.747766494775539456e+02,1.443578526197198464e+01
1.651336776229404961e+02,1.711967621547446328e+01
1.775317139771903214e+02,1.444462709381449983e+01
-1.639006416988663943e+02,1.663699441420684266e+01
1.611862117359144690e+02,1.908714532897619165e+01
1.784057292429188522e+02,1.038058663390766156e+01
-1.619411227798914013e+02,2.268487487800202018e+01
1.534413680089912191e+02,1.550377785676877096e+01
-1.657368368213991516e+02,1.359320265998609933e+01
-1.602054974592635119e+02,1.055057288648736780e+01
5.573967818826331211e+01,7.498104396646610326e+00
6.613756017967745038e+01,7.548259940460708250e+00
6.636560424622305732e+01,4.203464120846746255e+00
6.916754047936549910e+01,7.404832350766357152e+00
7.326830467863449314e+01,8.707854179179454590e+00
6.609111737789321239e+01,6.274807064547864854e+00
6.432221704112470206e+01,5.103295974764818332e+00
5.151492798604183321e+01,8.121398879572650387e+00
6.720284301014459061e+01,8.202200367956201887e+00
4.154856354475707292e+01,1.063251081390303376e+01
-8.288403821331758081e+01,8.729184083633315439e+00
-6.537892121576376780e+01,6.360922927852199038e+00
-5.745552218907103992e+01,6.256352635605737511e+00
-7.590823723950305180e+01,7.949450979059763611e+00
-5.234094142019547036e+01,7.770409000479084227e+00
-9.290725536505786408e+01,1.389016186328905533e+01
-5.800652938122703262e+01,1.265069932427371135e+01
-6.061657900200908244e+01,1.266841199221726022e+01
-8.656949163050069274e+01,1.631741549420117821e+01
-5.577038057346668154e+01,1.034154258393989423e+01
-6.515470346019434089e+01,9.371959981949576246e+00
-4.863396281670386401e+01,8.565917334115319193e+00
-6.743573586161303979e+01,8.788206479644756541e+00
-5.421647706094891817e+01,9.151208185394082761e+00
-6.610180832999583345e+01,8.718924296790758532e+00
-6.808483263763694993e+01,7.200697622264629061e+00
-6.055628890135909614e+01,7.161291551742334782e+00
-5.751402451904075264e+01,6.717138758267586773e+00
-5.256566330155526856e+01,7.707336365973532111e+00
-6.414914248540090114e+01,7.580717254537129079e+00
-1.719683020584230349e+02,1.009086056234572304e+01
1.688735790614917391e+02,9.603741110924204349e+00
-1.760379737417807746e+02,8.284713625951198424e+00
1.764851460222685091e+02,6.952273606997421140e+00
1.777032984512163409e+02,6.093902125516779122e+00
1.747065469648480018e+02,8.645179327701981720e+00
1.763994535109367234e+02,6.351259227869741508e+00
-1.752918519986796184e+02,5.547838877598934459e+00
1.654148887702657760e+02,6.069624210852142099e+00
-1.721956569725843451e+02,5.098620139501493398e+00
5.041372290133703160e+01,8.535170832457470880e+00
7.059553593201262345e+01,6.091186458901675316e+00
5.592103301082973843e+01,1.077002517720080377e+01
5.420210744561919114e+01,8.824432156719547393e+00
6.074108440110568807e+01,1.290602274450541742e+01
5.949324338533047296e+01,7.882556568195408175e+00
5.753698870951432554e+01,1.444846921201295409e+01
7.032437756433503750e+01,1.335684975299486688e+01
4.103440056724286222e+01,1.417172454467285192e+01
7.695474522176502319e+01,1.424114882601830345e+01
-1.782555166140885206e+02,9.114784159666278640e+00
-1.754431915705290805e+02,8.349358514599092729e+00
1.671130869520952729e+02,7.717341633654420718e+00
-1.634071174567319815e+02,1.234813288244307472e+01
-1.795208425199667204e+02,1.127732885190168766e+01
1.732503356421395040e+02,5.451173040299520878e+00
-1.709539430726073022e+02,1.067280667577681541e+01
1.769510557256751042e+02,5.170215568394048056e+00
1.774738781485665413e+02,1.220265490310760725e+01
-1.716885282398840502e+02,9.888617262408665454e+00
1.790625364892029268e+02,5.605916547247341342e+00
-1.754554050716409677e+02,7.238685975692882302e+00
1.759281434074599417e+02,7.277434455542991287e+00
1.794425668118813917e+02,7.476651470325524684e+00
1.740195765358989206e+02,6.818052142955359329e+00
-1.778238200557101152e+02,5.555932272053388132e+00
1.758598949641908575e+02,4.828347689777065632e+00
-1.766817320365640285e+02,5.943295076052322656e+00
1.774090015829121683e+02,5.928909614812331696e+00
-1.768060812709494769e+02,7.242865972008738495e+00
-1.741986885251802164e+02,6.812339942776533874e+00
1.645549441395040731e+02,1.094120872721897086e+01
-1.527961670129278957e+02,1.685955734526857697e+01
1.600140283830454280e+02,1.402331356608428337e+01
-1.600857200621475442e+02,1.156016524566375203e+01
1.626843495810744571e+02,1.014972164266555765e+01
-1.684868761102592032e+02,9.295895899571540610e+00
1.726216074656326782e+02,5.052327717919115280e+00
-1.732003356977610906e+02,5.743106612727462590e+00
1.691426907987528239e+02,5.439780273782362841e+00
-6.066787024101017778e+01,4.341013349309352343e+00
-6.658581523230134280e+01,5.831441308196092521e+00
-6.850190485197946089e+01,8.130518682755361937e+00
-7.247327820617326211e+01,6.336313476408617085e+00
-5.067643303440713964e+01,6.134778167920455161e+00
-7.269697468043800370e+01,8.452351533813452278e+00
-5.745892744516856965e+01,7.847604802338532082e+00
-5.866588739957371956e+01,1.082424307221761417e+01
-6.736629483701558740e+01,1.028193598171798762e+01
-5.709258766534225771e+01,9.123233522679557339e+00
-1.648502319380523318e+02,9.522332189681360859e+00
-1.594478355891395154e+02,1.118859472337647176e+01
1.571533586551959729e+02,1.546515035336376798e+01
-1.746321356626745001e+02,8.788097501467062145e+00
-1.622521455196338422e+02,1.101880428303903869e+01
1.601450373616141576e+02,8.536108140351728935e+00
-1.697630372265487608e+02,6.692424004234557522e+00
-1.668348050782336145e+02,1.102104037700096129e+01
1.705701354934078324e+02,1.439184919718325872e+01
-1.645386578639364359e+02,1.201236499492127940e+01
1.728288696451043336e+02,1.180719231419377024e+01
1.779112271907922036e+02,1.052458392264070319e+01
-1.705523469653774100e+02,7.036784952740794630e+00
1.653385103134450844e+02,1.036358187538580822e+01
-1.782574266501732154e+02,8.011260382815098779e+00
1.771636263206216597e+02,6.127550141790948146e+00
1.674114110371907316e+02,1.002240758941554333e+01
-1.764697761747315212e+02,1.131602285458327728e+01
1.763596858787501276e+02,9.680269512093751416e+00
-1.745403993742517628e+02,9.292798979427477235e+00
1.594138171679709899e+02,1.288378260837322742e+01
-1.666105560884098509e+02,1.925414654566355210e+01
1.668279063837014462e+02,1.329430954877033244e+01
1.788785427143092761e+02,1.201527074241252890e+01
-1.741424582182332585e+02,1.039502287157734628e+01
1.775800411364743638e+02,1.069982528172513270e+01
-1.789175115025981881e+02,1.259960619803366555e+01
-1.698810356890673745e+02,1.430242108674751833e+01
1.753544929833241213e+02,1.029174777151212616e+01
1.732026422285591707e+02,1.428535046497167471e+01
-1.711529475255770194e+02,4.788023311403042825e+00
1.788025944731664367e+02,6.244884486158068349e+00
1.727621556618844068e+02,7.000822729358837648e+00
-1.704491542702956792e+02,4.880769544428675388e+00
1.653258684378799046e+02,5.189297770223293860e+00
-1.702192317526694865e+02,4.821241705778234632e+00
1.788777756654624511e+02,4.840187370087521757e+00
1.776060250746782287e+02,4.026874013134850827e+00
-1.732514246164805343e+02,3.392497107856356386e+00
1.706885256001028495e+02,5.831638888342205007e+00
-1.701387576982145049e+02,1.079137953582569587e+01
1.654982760933103805e+02,2.145327148234809300e+01
-1.711266755443592160e+02,1.747143430245730400e+01
-1.729576189252459528e+02,1.064445224831895231e+01
1.723696928867858276e+02,1.327863124584066412e+01
-1.695969332164098660e+02,1.143976964153142184e+01
-1.792593362138391626e+02,1.727968597170566056e+01
1.773782836867602555e+02,1.170491461089688379e+01
-1.726834917662244209e+02,1.107894423240822235e+01
1.727275276552515493e+02,1.290331641954677622e+01
1.606885781550797958e+02,9.489127956571390854e+00
1.699059900201577591e+02,6.632724796092364983e+00
-1.686457906274184779e+02,6.100522522494745026e+00
1.715148599392892947e+02,6.090619863435250636e+00
1.698907772130494038e+02,7.888348955829439291e+00
-1.732685984284951530e+02,7.952345879552218832e+00
-1.795653122515754490e+02,9.119075984489640518e+00
1.741086122175669573e+02,7.201368222845035305e+00
-1.744652184927330438e+02,5.888452904966704260e+00
-1.777407986740461752e+02,6.560440409458792033e+00
-6.125025293650997327e+01,1.254789594950729992e+01
-7.042552991408356888e+01,1.402373285842699957e+01
-5.789291566509370313e+01,1.228126073686626185e+01
-7.108509911246002844e+01,1.321755328693996034e+01
-5.883940393041989836e+01,1.492522010040523739e+01
-8.016503669742517957e+01,1.475839602246179716e+01
-5.007861705553908394e+01,1.336107183232996931e+01
-7.627866991463702107e+01,1.514828035306170761e+01
-6.186359589133876824e+01,1.607038224581539509e+01
-8.636564335095850709e+01,1.717354364917999732e+01
1.609087844966199725e+02,1.120641905990785148e+01
-1.690481246151013295e+02,8.306176069908898896e+00
-1.675408553832713494e+02,8.641322041656124497e+00
1.763996220210594004e+02,7.648957569992386851e+00
-1.708687783789135040e+02,1.227286116503053037e+01
1.761028582582852664e+02,1.233279705531115056e+01
-1.795145746266125855e+02,1.234167258701008585e+01
-1.766924747484804925e+02,8.036113117599263944e+00
1.661373950447458299e+02,1.241292253522100175e+01
-1.721802044003510730e+02,1.260388375260680327e+01
4.934528266988834133e+01,7.394351472729303154e+00
6.264192707093080514e+01,8.106294999919938959e+00
7.912663668759779512e+01,1.072438323222711887e+01
5.600792378103527369e+01,1.198067422460343323e+01
7.311222146341928863e+01,8.493192089726642635e+00
5.924776520714514305e+01,7.584317676576969092e+00
5.651820467324370867e+01,5.511206899159702743e+00
6.314852719494377453e+01,7.789838781099387433e+00
5.511693577776797781e+01,6.677307487821728671e+00
6.202233791678138886e+01,7.591976685799837199e+00
-1.579120732920030150e+02,1.113630891362451969e+01
1.750297275775470496e+02,1.201635444465425451e+01
1.599062666253441591e+02,1.090529021897845041e+01
-1.609004063797460731e+02,9.361078377679159956e+00
1.799070339576193192e+02,3.983392508479170147e+00
1.461796419678021550e+02,1.309148239121384805e+01
-1.661872368888569156e+02,1.029413434731245225e+01
-1.701903231298430228e+02,1.353025370336792221e+01
1.443902170705644892e+02,1.755414503049125940e+01
-1.729950733003687446e+02,1.484755421777354201e+01
1.701019250370554801e+02,9.969250065010911044e+00
-1.697545419085157619e+02,2.183984629636123032e+01
-1.752944937805194172e+02,1.346941143395229545e+01
1.651696906308175414e+02,2.635598107270224233e+01
-1.655327425012740150e+02,2.428994709296430798e+01
1.783885292769650448e+02,9.027214974145024939e+00
1.702944765706108115e+02,2.670024073160713485e+01
-1.681657980701299380e+02,1.644482593761486555e+01
1.782845582658705723e+02,2.953930705463469764e+01
1.743357221090244593e+02,1.779307303881922309e+01
1.740362419781548056e+02,7.719480821857747088e+00
-1.798379528079482839e+02,5.064882674310976718e+00
1.748684991699120701e+02,5.929713062321248174e+00
1.745025098812620570e+02,4.999018926315514477e+00
-1.778596168850560559e+02,3.786163013192910043e+00
1.745148542455652603e+02,7.170894144001929149e+00
-1.799139788982743369e+02,5.863065782813658089e+00
-1.757726347447082844e+02,7.773934184361969812e+00
1.682868492539120382e+02,7.893632787155256736e+00
1.755655201676171089e+02,5.575296023214058039e+00
1.724316403434310701e+02,3.608823323455138343e+00
-1.781370943091966410e+02,4.995387941388323760e+00
-1.781069711418755617e+02,6.399542509815367097e+00
1.770487266397116173e+02,4.934276813664410177e+00
-1.793478407348179076e+02,3.110062222933184906e+00
-1.753255429818865139e+02,3.429181344125867614e+00
1.719119112671590699e+02,3.268469704790478936e+00
-1.695685657365670238e+02,2.282510602102912678e+00
1.729252423309923188e+02,2.795930433137379101e+00
-1.759235396368526665e+02,4.632633502185829144e+00
1.787845511517149646e+02,4.463305308178935782e+00
1.776108731862247225e+02,6.108025549536874266e+00
1.770558505468910653e+02,4.440139143806808519e+00
-1.731218653971066033e+02,7.873232939674323916e+00
1.772940903185313744e+02,6.995755798649312851e+00
-1.772331442770334036e+02,4.035150513143028306e+00
-1.765588592329689561e+02,6.719503889976790489e+00
1.698160498151521267e+02,4.455901265696985192e+00
-1.632344373503102020e+02,6.202935296627284600e+00
1.719685595785214218e+02,6.761462530517571956e+00
1.739616480806469099e+02,6.795790725547222522e+00
-1.766048010441756446e+02,7.084621263741403219e+00
-1.698344257632325593e+02,8.233083010284600434e+00
1.674193378804901045e+02,8.446358820376588028e+00
-1.720919055129640469e+02,6.967654528125986069e+00
-1.700222804044460361e+02,1.351102611802892284e+01
1.624104153093556704e+02,8.359241434569815610e+00
-1.767305404995570370e+02,1.023698103638576384e+01
-1.563916608714066854e+02,1.033665627014881139e+01
1.628946421011855534e+02,7.948763935492836552e+00
7.142671182267210384e+01,6.609731715700362109e+00
5.382488456568854929e+01,5.476731212301086948e+00
5.883299694073713937e+01,7.290565819161209049e+00
6.600686303202699889e+01,1.179916319296954086e+01
5.039639531961189078e+01,1.082956929834040949e+01
6.197145235314516043e+01,8.524665541107296463e+00
6.194834733466863952e+01,1.432190592132919882e+01
6.235830145500433730e+01,1.079658806126182746e+01
6.371195414539212010e+01,1.675055169584538106e+01
7.331249967912738441e+01,1.450763673313256952e+01
1.659614753917806524e+02,1.075519518572366806e+01
-1.589915987592445390e+02,9.402592084031180519e+00
1.745395827362018508e+02,7.102124428228044906e+00
1.562561771060616138e+02,1.335963725311488837e+01
-1.576098860480715018e+02,1.435151269153779907e+01
-1.739275383114033957e+02,1.217291557316021411e+01
1.597905474158438892e+02,1.110209984365108049e+01
-1.656057640279103680e+02,6.850568542157533081e+00
-1.699965883051013691e+02,6.980998024382969902e+00
1.659540988221945952e+02,1.147862622502106333e+01
-1.779908144382435751e+02,5.960789133181227939e+00
1.701519655150156041e+02,5.962537444118854779e+00
-1.624306465090178335e+02,6.630935794684793549e+00
1.713851824036287326e+02,7.396248395104191076e+00
1.776564200359519532e+02,6.863618232103050332e+00
-1.697750311431908870e+02,1.114709919932996662e+01
1.684763058286301316e+02,8.534356080979950576e+00
-1.784493033004411586e+02,7.472080751235598228e+00
-1.717479237749788297e+02,6.785880776973892026e+00
1.650020891864797363e+02,1.241313032732369948e+01
5.910681657011522105e+01,8.732849055582962094e+00
7.597823519165355322e+01,6.037013461123221347e+00
6.202957351186746848e+01,5.476859932158259170e+00
6.145735176435962188e+01,6.525365789324675703e+00
6.604347369668403189e+01,8.193369763264843897e+00
7.050649690515356838e+01,8.341760994576372212e+00
5.937383539622592821e+01,6.264336794349617321e+00
6.279466207623030982e+01,9.842243070297501006e+00
6.560599866416852421e+01,1.165010044642986742e+01
6.390975445764366469e+01,9.937854466849287860e+00
-1.676600914255533041e+02,8.866822592856774321e+00
-1.756070926891871409e+02,9.093582831594563487e+00
1.714344832616037024e+02,1.051208181294278887e+01
-1.701430269266977291e+02,8.516784074892834511e+00
1.754377360389110834e+02,1.014296425586924855e+01
1.731652674824648557e+02,6.392980577434350664e+00
-1.767302493667418446e+02,1.205204015832039133e+01
-1.797702867030506582e+02,1.113563820163943241e+01
1.780060049786187335e+02,8.817803607749144845e+00
1.788672770737252904e+02,6.431270075066747971e+00
-6.333079232579471807e+01,1.220704311489355298e+01
-5.795679450696315627e+01,6.980768625827695750e+00
-9.250953605155022785e+01,1.665700088083641006e+01
-5.247336140584913977e+01,1.178180494487216734e+01
-7.404487556553637262e+01,1.581578016416888488e+01
-7.863633879649172798e+01,1.282663205393778050e+01
-5.734692268587311759e+01,1.731263868852018817e+01
-8.767484923908332917e+01,1.713580468777377064e+01
-6.335648279191282484e+01,1.068671997862085910e+01
-7.249593643125832898e+01,1.642545382881496252e+01
1.731627492563546014e+02,5.743778678602639687e+00
-1.788214536268264681e+02,5.390204571166581360e+00
1.758426409586857346e+02,5.107519045308492878e+00
1.745001409056946216e+02,4.398240708489483453e+00
-1.745848267905317925e+02,3.510430600607855389e+00
-1.735248081011411045e+02,5.900641658335946893e+00
1.752808893114782620e+02,5.176286257673570645e+00
-1.763652057831306479e+02,4.425563545226152584e+00
1.748447105961083992e+02,8.069972574397176857e+00
-1.774418525629365888e+02,7.701881821332614564e+00
1.738654373165630602e+02,1.120141966675007339e+01
1.618757982970318494e+02,1.751182463994259209e+01
-1.674610256325730973e+02,1.416510463734217140e+01
1.660596542922250478e+02,1.442821503908152003e+01
1.688008433577820426e+02,1.318961553678444609e+01
-1.736119814626881919e+02,1.698507377017171294e+01
1.626615046984433377e+02,1.627943668417243828e+01
1.737870566487891892e+02,1.445692955927892775e+01
-1.647640605961872495e+02,1.747482917122907509e+01
1.653013625804589708e+02,1.832400532797343828e+01
5.035459554682979189e+01,1.434602290461931418e+01
6.917339442603430655e+01,6.865954737916579731e+00
6.200890264859322087e+01,7.923661983693746080e+00
5.828850698293431520e+01,1.340570425795425535e+01
6.413129435397566169e+01,7.955258910791140892e+00
5.606132578399226674e+01,9.803520561126266131e+00
7.670542484010040596e+01,1.061098946411955701e+01
4.947691885672546164e+01,1.031808068624616226e+01
6.503801323210436180e+01,1.031488339592754855e+01
5.894474810359671579e+01,6.673783857816380838e+00
1.626344532006314978e+02,9.778292073635293846e+00
-1.741962653642503085e+02,1.117667691685010389e+01
-1.711131119633334663e+02,1.158072675152631703e+01
1.504481915713404305e+02,1.688484981349790814e+01
1.744167076179737705e+02,7.268515575537333184e+00
-1.665326734994255276e+02,1.384937876101883703e+01
1.549371138671222070e+02,1.537887736727121535e+01
1.755453185439924084e+02,9.221895939014036259e+00
-1.629199102079649890e+02,1.086098274916171746e+01
1.578551136127369432e+02,1.532358373242313121e+01
-6.354801383339800225e+01,9.606175039674486271e+00
-6.118448882228144470e+01,1.014098289272487641e+01
-8.195737475466759747e+01,1.477265493546289221e+01
-4.834638914955456102e+01,1.110597952581722225e+01
-7.311751144403342551e+01,1.473333030239229657e+01
-6.660535716277848906e+01,1.370240387683819883e+01
-6.945581237337459868e+01,1.384649168667473518e+01
-5.899459916278447480e+01,1.426864287988310664e+01
-7.062034610508207777e+01,1.160766112719915988e+01
-6.178798213207821277e+01,1.169341948802857267e+01
-1.666452065663829103e+02,1.684114470829486265e+01
1.575426075798062300e+02,1.345139822931121465e+01
-1.768656967194254719e+02,7.362198565569546105e+00
-1.627816154534049247e+02,1.141895032784054465e+01
1.656220928488705511e+02,2.173064213600456185e+01
-1.719190180060461444e+02,2.105219177892915638e+01
-1.612312501203178670e+02,1.532889405336695887e+01
1.558353938748920200e+02,1.815113672288131852e+01
-1.616164574485122785e+02,1.500393579536683575e+01
-1.636692002960431580e+02,1.682891373818167935e+01
-5.416322889060830903e+01,1.227309908372996894e+01
-5.210124727067782402e+01,1.445640084254182156e+01
-5.557799986193052177e+01,1.399573364834778388e+01
-4.675584529330657091e+01,1.239993077961403323e+01
-5.809182509794491978e+01,8.925553307051366403e+00
-5.882908994707221950e+01,8.240351933227174186e+00
-6.832092802170156176e+01,8.522838564803958405e+00
-5.799217154990090961e+01,1.028509978979286643e+01
-6.131316613024735318e+01,8.977733341237655651e+00
-5.778366369267857294e+01,9.353191522849545692e+00
6.879534535110471438e+01,1.282974496388052543e+01
7.143482856593074359e+01,1.011347440897745997e+01
5.634809124835655325e+01,9.833040616732338535e+00
6.548922881834954524e+01,7.842588531424224740e+00
7.781076713833715530e+01,1.214075344695987901e+01
5.610136524380935441e+01,1.408724426778855943e+01
6.733962040560111006e+01,1.545011288697747887e+01
6.324358158491474313e+01,1.452154099418042676e+01
7.227246658844224214e+01,1.003166498555876984e+01
5.596810283876083503e+01,1.159599392496241421e+01
1.692981096349978714e+02,7.288753644040327551e+00
-1.786318412268289819e+02,4.858513306314213409e+00
-1.772651359413418675e+02,3.842267000342294736e+00
1.767568769066174070e+02,4.816348932117451298e+00
1.757201744115723727e+02,7.144275154588262566e+00
-1.703062602611234411e+02,6.386757172415993722e+00
1.768646792853601255e+02,6.418161565415794634e+00
-1.783685368478756459e+02,7.691429119702442918e+00
-1.749934009916110824e+02,8.682704118318280706e+00
1.732117165673365378e+02,1.103915586464997212e+01
-8.651031883736595773e+01,1.332185939824070076e+01
-4.456312565367364442e+01,8.550989112203591702e+00
-6.990929663710114994e+01,6.848951049954688841e+00
-7.386315089912977783e+01,7.937020399600278608e+00
-4.763121936954651403e+01,7.336331618465935733e+00
-7.578018137283949329e+01,9.865127377730988911e+00
-5.799245574657128799e+01,4.991459159229854059e+00
-5.848339386362738423e+01,8.898104086910727517e+00
-6.035600908259905140e+01,5.881707863654327184e+00
-5.943510137880197419e+01,9.174913505932835278e+00
1.747900377071108835e+02,4.464739762752000019e+00
1.785123988983555705e+02,3.302756984984140498e+00
-1.738084322330938960e+02,4.056794366796622420e+00
1.714404927547503803e+02,3.628155002025254205e+00
-1.779906043525039081e+02,3.462991104022763000e+00
-1.690483978846258708e+02,4.106982813005999766e+00
1.648038440899479440e+02,3.670777080169790096e+00
-1.678807155135399114e+02,8.365559937845713279e+00
1.738305584058078068e+02,5.550043801134372679e+00
1.735192073310023488e+02,4.600811444892777935e+00
1.621699483551670085e+02,6.857289871703367012e+00
-1.545097325394621066e+02,9.923808269667754089e+00
1.620473615319960174e+02,3.850002075041153660e+00
-1.755260701503306393e+02,4.126777195513041008e+00
-1.778285146696550498e+02,4.930743940814722670e+00
1.787462530909610621e+02,7.149774781350302533e+00
1.767205209748448453e+02,5.160388067400503154e+00
-1.746793294852978136e+02,1.724210607476262425e+00
1.693935536682104157e+02,4.258551444003916053e+00
-1.722502330790767644e+02,3.073468403246769398e+00
1.664980594256180098e+02,9.810489566530248950e+00
-1.722361640987924432e+02,9.331988221572949271e+00
1.785513770636068500e+02,5.125258211918835016e+00
1.779280903910275526e+02,9.055738815280626852e+00
-1.738844439726651672e+02,9.899354995225174036e+00
1.767683863013988628e+02,9.926703062026119184e+00
-1.702453645674739278e+02,7.528574557319815952e+00
-1.776552799142738195e+02,7.693329046516076630e+00
-1.712274686837371007e+02,1.299274289308505459e+01
-1.734958270321584735e+02,1.329964505477524028e+01
1.778765752507051729e+02,1.185193684703704875e+01
-1.713989533556756442e+02,1.085525086633195002e+01
1.739152866028727829e+02,1.809928389472931087e+01
-1.784948582540974087e+02,7.797865269708696090e+00
1.766445900492061298e+02,1.042643203112378103e+01
-1.753356940011054235e+02,1.277105788213271431e+01
1.720131506609565690e+02,8.388093816618457765e+00
-1.699085397997876328e+02,6.026183124553912585e+00
1.571631218367063525e+02,1.045775779720041854e+01
-1.608794996165820805e+02,6.838710461988442901e+00
6.365577157785703122e+01,1.143634240281156700e+01
8.333506989960666544e+01,1.210785313236718075e+01
5.383605510341063649e+01,1.130894890073727588e+01
6.400784064995964684e+01,8.274806084919388738e+00
7.413406649326518050e+01,1.338273904786238333e+01
7.426587410251661936e+01,1.176054978462871148e+01
5.649321772752794146e+01,1.135679729342747812e+01
7.150275279963432240e+01,1.153213491669134783e+01
7.090753244963146074e+01,1.151065323663245188e+01
6.485640381840647706e+01,9.163707174944415002e+00
6.051462848864485267e+01,1.372249909356936826e+01
6.798254829080489969e+01,8.590656235323891110e+00
7.217725999354057365e+01,1.058522322432972906e+01
6.168142305532120417e+01,8.708330259648233707e+00
5.978222913570962760e+01,1.052044320019494705e+01
7.454375460890824456e+01,1.369700204619181960e+01
6.656077762867361969e+01,1.356669102281272998e+01
6.856373956512558721e+01,1.686532583938741681e+01
5.799360339337223991e+01,1.301400195111379787e+01
7.998217551953555926e+01,1.232631209105707448e+01
-1.644994416506909545e+02,1.867302686384154242e+01
1.591017732717389208e+02,9.095763707011375487e+00
-1.765746335612686835e+02,1.079375969126383517e+01
-1.687388657479563108e+02,1.219069066058781203e+01
1.778358345549953015e+02,1.066346294645089365e+01
1.784520062822574289e+02,4.968763941840673048e+00
-1.677656390132019339e+02,3.334934212301934764e+00
1.709342297675143243e+02,5.234462614213840403e+00
-1.762431366144422782e+02,2.965024597388659533e+00
-1.788990697036942379e+02,2.771862975945170504e+00
-1.622624714344194103e+02,9.612236825752329850e+00
-1.797446589964919497e+02,8.286733171526220687e+00
1.605606138945835824e+02,9.336886979298792966e+00
-1.614151751196611713e+02,9.965167212940126973e+00
1.758230958622162632e+02,5.284372915641849744e+00
1.569856745297831253e+02,1.008099494152568276e+01
-1.555484605789795864e+02,1.282639547855933770e+01
-1.747005688736149409e+02,7.779996033057479110e+00
1.690146964920366202e+02,9.765103140844864527e+00
-1.660419251986490394e+02,1.293902574443434794e+01
1.705494374950665986e+02,3.683257672577321173e+00
-1.680832752097640537e+02,2.266114252594444878e+00
1.664501696301737752e+02,5.530883477681333815e+00
-1.731078975149216603e+02,6.705053280857651288e+00
1.791925903516073220e+02,8.592044351791342294e+00
-1.742731874448489009e+02,7.508883394281152590e+00
1.781900672965879835e+02,4.781907089724498405e+00
-1.751427813984861359e+02,5.946281623555822904e+00
1.669042241755608416e+02,7.379380428142648718e+00
-1.671184553146044607e+02,9.057648466680866761e+00
4.123415369581373113e+01,1.652652793718576518e+01
5.813380322571022418e+01,1.400855756569130506e+01
4.421900374222838792e+01,1.175037149783206303e+01
6.843595277536215349e+01,1.276056455625347574e+01
6.078007718984188301e+01,1.253663871748364045e+01
6.223800474622022705e+01,1.317412494219155761e+01
7.854792482905931195e+01,1.392024485954847890e+01
5.107045932667794830e+01,7.410071405144373458e+00
6.732925489069315006e+01,8.273972759748208006e+00
5.440180849051695589e+01,8.946996932394565505e+00
-6.421402732740857289e+01,1.000941243609957709e+01
-7.468435855386833566e+01,9.116909064810172936e+00
-6.624342906562316102e+01,1.456575117797473773e+01
-7.777983926823094407e+01,1.078806589853070719e+01
-6.501006902476095206e+01,1.296402177519889420e+01
-7.475157522505898555e+01,1.354252309064504267e+01
-5.639118770812260095e+01,1.303025017511332173e+01
-5.896283058724867487e+01,1.422599017442711045e+01
-7.202464048276110020e+01,1.242383400510737346e+01
-5.307451208170130030e+01,1.362189505948779100e+01
4.828412235462704416e+01,1.094036289141917884e+01
7.309627246365296571e+01,1.158006769818153714e+01
6.844086897752876553e+01,1.050521155935088480e+01
6.637661233025188778e+01,8.996695196732765964e+00
5.894078538589327820e+01,1.140875561958853623e+01
7.864699471209371495e+01,1.011512072248795668e+01
5.747839862855896342e+01,1.201847026898173176e+01
6.990819750217771400e+01,1.214929840143065931e+01
5.758916387462387831e+01,9.940066924356901978e+00
8.689377148650386573e+01,1.287769570906541361e+01
1.773240291411853491e+02,9.611307776564187222e+00
-1.674987542762654584e+02,5.386351155159044168e+00
1.731424691011633001e+02,7.097389061704631352e+00
-1.768724970917362214e+02,5.750132109061761199e+00
-1.719046384068306281e+02,8.064920500562944738e+00
1.753883004762567737e+02,6.902965605029152130e+00
-1.768560339743415852e+02,1.053705083785998298e+01
-1.759522355855289106e+02,4.042938602177001073e+00
1.768215086646570740e+02,7.739055112874732245e+00
1.741051215911802501e+02,6.708938681670481685e+00
5.140463736072645418e+01,7.990760040545138665e+00
6.730097256002660799e+01,7.946345567266167365e+00
6.229964320179593074e+01,8.847223917797979453e+00
6.530381964789759763e+01,7.018487852259975845e+00
6.587924177476450893e+01,9.820020002533965453e+00
7.504711944073088148e+01,8.359004422515965871e+00
6.539787522966507538e+01,1.059338719365065273e+01
7.904234077067093267e+01,8.328265052391836676e+00
6.511767681124022999e+01,1.040484784720697675e+01
6.443209985573761855e+01,8.963905156897927995e+00
-1.737687866833911414e+02,8.013464128297908218e+00
1.754089867007178043e+02,6.417707304089624643e+00
1.772788566608619192e+02,5.052623526123605657e+00
-1.721579681292230930e+02,7.562923731586179699e+00
1.785663936051734595e+02,5.834764557907118565e+00
1.796603736180445026e+02,9.641529637846586454e+00
-1.785972841156301740e+02,2.499007785708078799e+00
-1.761980487644208324e+02,6.219768280551136286e+00
1.740130290443000831e+02,1.971839519193029577e+00
-1.682779554077761759e+02,7.615820338302096815e+00
1.740955096312525825e+02,8.697053109458966702e+00
1.779927047819286656e+02,1.072953066532335775e+01
-1.687712466764063208e+02,6.198723403102171403e+00
1.702845098580628189e+02,1.418194239738059892e+01
-1.707909779082391424e+02,5.917222321630214665e+00
-1.632978836484183205e+02,1.620476943809784842e+01
1.578270164714221551e+02,1.005677203826738264e+01
-1.619724829066188079e+02,9.655193259170971487e+00
-1.735484177088249282e+02,8.829060375763464918e+00
1.616800275930758630e+02,1.054116738422853849e+01
-1.634299169661104827e+02,9.007161819590976393e+00
-1.690481763172581680e+02,1.000491965244897941e+01
1.557806803896903318e+02,1.285790162217851496e+01
-1.681366271204284715e+02,1.137802124059151154e+01
-1.729688651206344332e+02,4.708119515118998066e+00
1.574089397856099595e+02,1.077518223860501578e+01
-1.633295700875741829e+02,8.207839431380509865e+00
-1.783570570113699887e+02,6.873027382806634833e+00
1.696590981039264534e+02,8.102433537564202481e+00
-1.656022915507228106e+02,8.236238937627977208e+00
