dihedral_deg,energy_kJmol
-1.770089623082673711e+02,6.956729082449592205e+00
1.771546728544869040e+02,1.068004390723448260e+01
-1.796507127761597076e+02,9.971849811637286010e+00
1.795571638546799988e+02,9.190949688733054401e+00
-1.729555954124460868e+02,1.207123097659145650e+01
1.785955422466173275e+02,1.046235404813048220e+01
-1.771317805487314843e+02,1.057685358980058865e+01
1.714979821885025046e+02,1.154581311119400056e+01
-1.748727926639257930e+02,7.827054251867727075e+00
-1.744004733853039681e+02,3.301358071738789146e+00
1.666176909907460697e+02,1.076507310678123730e+01
-1.770301105527830430e+02,1.185376491592562509e+01
1.796279827267698863e+02,1.342918548358315078e+01
-1.628534694119125277e+02,8.849416455852882279e+00
1.608003648555159373e+02,1.761396232319185629e+01
-1.719361149763501828e+02,1.086529209051229650e+01
-1.553375443105529996e+02,1.481596426712621550e+01
1.480776355370004467e+02,1.079631465934431134e+01
-1.606930980647699414e+02,1.916888718677832770e+01
1.638970819310970057e+02,1.293581534390773413e+01
1.704732508293290891e+02,7.300152637788738019e+00
-1.645764435220814050e+02,8.333586233563819334e+00
1.625664195465490991e+02,1.125353730841052702e+01
-1.584282744456884302e+02,8.491305748215218330e+00
1.499208575459545045e+02,1.239383878728355270e+01
-1.587027986223581593e+02,1.120601233331619895e+01
1.688955289672169613e+02,7.115505350266836615e+00
-1.710168285816302784e+02,6.378768811777306702e+00
1.728270805410019761e+02,8.594375009714561031e+00
-1.743915546043860729e+02,7.910232184568625868e+00
-1.485540650825402054e+02,1.675080053944778058e+01
-1.747414122306983870e+02,1.060316152052396532e+01
1.608537010214102736e+02,1.212817977747677034e+01
-1.645151911517143901e+02,1.490129178247546804e+01
-1.766916730402405449e+02,1.405801372601545651e+01
1.530292244966624651e+02,2.277902333818881786e+01
-1.715991814363626418e+02,1.577947341380148671e+01
-1.503890994480333063e+02,1.403476231060690083e+01
1.705783206300565382e+02,1.469279943578842129e+01
1.747833337584991966e+02,2.111000565046730770e+01
1.782645545878649500e+02,1.395254623555632989e+01
1.775807488148386142e+02,1.141765635936798340e+01
-1.776404616505945171e+02,1.236369959693832499e+01
1.662919012116908846e+02,6.810871328934448243e+00
-1.738841633711363386e+02,1.025490603406967516e+01
1.776119139246763154e+02,1.339924287372499379e+01
-1.716020077871510807e+02,9.082975318584256996e+00
1.749950956724127877e+02,4.630520049073131084e+00
-1.699873510922985247e+02,1.210400127229479139e+01
1.690398293015713591e+02,1.184874747055859068e+01
-6.587509306908664541e+01,1.103569117186969706e+01
-7.886192582078449220e+01,2.044220920899264371e+01
-7.474916969295765057e+01,2.670830576071863405e+01
-5.385388180751208864e+01,1.524459775549422247e+01
-6.781405029734686707e+01,1.976285613325789114e+01
-7.403935449110610989e+01,1.456698496052899472e+01
-6.065345387580187264e+01,1.979136222153973534e+01
-6.187733715221028774e+01,2.057942590177424336e+01
-7.967910892873513262e+01,1.967280368230915855e+01
-6.439680387982960497e+01,1.568169880177507736e+01
-1.767548940905751920e+02,7.929140712404915803e+00
1.752142451124455818e+02,4.667182666088951493e+00
-1.752119318295183916e+02,7.691765680342427913e+00
1.762047195341943393e+02,8.715901249115978189e+00
-1.783946882597405192e+02,1.427545377272442195e+01
-1.756716497594820225e+02,1.175140648993533077e+01
1.747485361661846639e+02,1.149518001290821623e+01
-1.717946957204160583e+02,5.364951766442676906e+00
1.758284505413733143e+02,8.287147905945886350e+00
-1.733699750259146981e+02,6.610854024854297073e+00
-1.758057734974728419e+02,1.161301777890395570e+01
1.730517725072888879e+02,1.586696811641018456e+01
-1.695257363033345825e+02,1.542565406562189878e+01
-1.729448072553935845e+02,1.442099617834453440e+01
1.724800699297609583e+02,1.431867593189875265e+01
-1.729675799252958086e+02,1.093080582441801241e+01
1.788563709783258844e+02,1.356153795234991577e+01
-1.797336985745930065e+02,1.194968380577792999e+01
-1.734963552238499744e+02,8.500067827780760865e+00
1.711013830113869290e+02,1.069500210787398942e+01
-1.797954684879015588e+02,9.117889606529544722e+00
1.797476040709569247e+02,7.950292869170027643e+00
1.797682765234132489e+02,6.312467524765418503e+00
-1.657487653998128962e+02,9.865981769040635285e+00
1.571861637704771795e+02,1.291681519481000784e+01
-1.709475585044967545e+02,1.578529103155705116e+01
1.744369814203653846e+02,1.165901782074866233e+01
1.613460293353598729e+02,9.447423013535722447e+00
-1.708637822910416730e+02,7.791019418395196183e+00
-1.744031645583250736e+02,1.034023491968032360e+01
-7.376422192860485438e+01,1.660056235264864455e+01
-5.333879782996328345e+01,1.209654477996606126e+01
-8.088498107846346841e+01,1.939131247551346604e+01
-5.582766405306308144e+01,1.483435230218888279e+01
-7.185295099088261850e+01,1.196305378734509262e+01
-6.489961931711563636e+01,1.322811252785233904e+01
-6.991277869746653550e+01,1.083824759730813625e+01
-5.692542946697211903e+01,1.054440088352871818e+01
-7.389318060007389022e+01,1.309339306909507172e+01
-5.861841610454137452e+01,1.640075430820247959e+01
-9.480124959188039213e+01,1.884611508263751745e+01
-4.387248624427396493e+01,1.752705619549566407e+01
-7.437683119362000639e+01,1.709629491782874311e+01
-6.631659958689053269e+01,1.586146090637652151e+01
-6.341015122836812168e+01,2.242861723897613757e+01
-5.536457366009136649e+01,1.577104718193971067e+01
-7.514881639864353247e+01,1.681648433835195888e+01
-6.245866786779239277e+01,2.155622338109699498e+01
-6.730280144736133252e+01,1.324732160724908070e+01
-6.483731718484595774e+01,1.120117066376344894e+01
1.797199100306514481e+02,6.827803319498439549e+00
-1.682119916039530949e+02,1.061162421385149379e+01
1.693486837266313501e+02,4.464404378874408330e+00
-1.680084046379323297e+02,6.388595565554391342e+00
1.689089431338353791e+02,6.042112367385007232e+00
-1.694059119415055932e+02,1.137963168208619358e+01
1.715174262145496584e+02,1.121003513549149311e+01
-1.744726778884300131e+02,9.205501640725875845e+00
1.750933262371725050e+02,7.484820700809031280e+00
-1.788866953343272996e+02,6.904017681987153487e+00
-1.562916690739488956e+02,1.004750710529845747e+01
1.761086858590170721e+02,6.394911609268103980e+00
1.628497853817621888e+02,9.464620949370035063e+00
-1.546699486932779166e+02,1.437420196155278340e+01
-1.787385536730388935e+02,1.275686243245469242e+01
1.555858152159992756e+02,1.741776305141376469e+01
-1.646366585847846125e+02,9.906753998275217299e+00
-1.783706305896257902e+02,1.095246316919058316e+01
1.623706974402322487e+02,1.105228936189397260e+01
-1.670178401722261583e+02,1.351550034488201391e+01
-5.726386445507350231e+01,1.236186139107310211e+01
-6.752862430695007845e+01,1.211138846412913139e+01
-6.251202849734872302e+01,1.302807489551040376e+01
-7.452661420738344589e+01,1.007493561595958909e+01
-5.736120181832293952e+01,1.915315341810225647e+01
-6.536640275881561024e+01,1.496139089342216977e+01
-5.499076296348212622e+01,2.006455023613869315e+01
-1.038350378990490412e+02,2.479749160164474731e+01
-4.080361729038158813e+01,2.104177759848099782e+01
-9.394723941981069970e+01,2.401048710981853418e+01
-1.781924521646147070e+02,5.928581969640617011e+00
1.785404458424974621e+02,9.198645505876111628e+00
-1.788336127183292774e+02,6.065593411347514952e+00
-1.796412644242731460e+02,1.780545796745260478e+00
-1.797722110415691361e+02,7.698581105345878584e-01
1.781958259824104402e+02,3.056316159682755718e+00
-1.792365031790971557e+02,3.853860102506549090e+00
1.781922828404811128e+02,4.669253742138193886e+00
-1.762091130530744181e+02,3.722266595105809373e+00
-1.798735136785914221e+02,5.030553170951141517e+00
-1.738017593005978085e+02,1.539605920125643479e+01
1.671014800985387865e+02,1.150003373817603602e+01
-1.697597442714875342e+02,8.447436714683654202e+00
1.735390992358790641e+02,7.654465209585604057e+00
-1.764675148457870648e+02,1.027886313623517367e+01
1.733761143867959618e+02,1.366889218835001607e+01
-1.798079627309657269e+02,1.392038494296375006e+01
-1.797633665371330096e+02,9.786456731672537046e+00
1.695279052369844806e+02,1.058721563834691004e+01
-1.636805082837816485e+02,1.901826085364766783e+01
-6.412930105722085727e+01,1.431359246910602678e+01
-5.787433807741133052e+01,1.178400262695192779e+01
-6.503046888583108398e+01,1.717997994186906396e+01
-6.843413571518021854e+01,1.178309040949731035e+01
-6.232931956002037310e+01,1.300613629590740494e+01
-6.734214436128861792e+01,1.400538103995166139e+01
-6.128583454075002379e+01,1.572678999251521859e+01
-5.628328735494966395e+01,1.319101009063173180e+01
-7.606564679575708965e+01,1.749010621430244683e+01
-6.559617782920936691e+01,1.647034115648033392e+01
-5.489989786859480603e+01,1.582944502250478536e+01
-7.473072385613556889e+01,1.439254662382786343e+01
-6.100209485549150656e+01,1.615872630710130053e+01
-8.417767248542669734e+01,1.951409963785901525e+01
-4.149283652704020398e+01,1.923429266142275651e+01
-8.406550484360769815e+01,2.483335118051382295e+01
-6.760594905024123591e+01,1.966918328480061717e+01
-7.676116980542506951e+01,1.690928226353201680e+01
-4.104723265461853998e+01,2.172288186276813704e+01
-8.368127941708763728e+01,2.407659700653733381e+01
-5.189766560873225387e+01,1.406714520009989933e+01
-8.476234123005633592e+01,1.127049997812298265e+01
-4.925686813773356221e+01,9.769282194957437326e+00
-8.296355158736137980e+01,1.126428176781061730e+01
-6.908017005796627075e+01,1.038179289077526946e+01
-4.999139300861512680e+01,1.375071961067315485e+01
-8.423777934955329272e+01,1.121810583674876227e+01
-5.104206455825578814e+01,1.568096721584968378e+01
-6.726088692199451202e+01,1.287283597553486558e+01
-7.957381353273648017e+01,1.370333458107104363e+01
1.787537644825927430e+02,1.394175676239151684e+01
1.764723259476030250e+02,8.995398666338688898e+00
-1.648630796017093587e+02,1.308657978950986944e+01
1.595132003028517715e+02,1.187562676098057146e+01
-1.610420140572926755e+02,1.853132989118963536e+01
1.676915725323215440e+02,1.454071523269297117e+01
1.701519637937624339e+02,1.033078791091528892e+01
-1.602075965680149636e+02,9.610416472628374507e+00
1.773321402452570794e+02,7.785602526437834570e+00
1.718457687020210756e+02,9.604517413674383164e+00
1.760664647287555056e+02,9.676335717372117173e+00
-1.778618545904532766e+02,1.056915250535553596e+01
-1.729541518571174095e+02,7.104581523176619839e+00
1.692228329112165568e+02,7.011778332426610305e+00
1.783866430138337478e+02,8.483644553980685288e+00
-1.738716146166815975e+02,1.152494451146207766e+01
1.734783239840979263e+02,9.852494898233549847e+00
1.759741991302368547e+02,8.021133564048621878e+00
-1.711713030469208263e+02,7.108799172495650964e+00
1.756475949282038869e+02,8.258317829710010827e+00
-1.764641471762212461e+02,1.246992698515374265e+01
-1.724833365767962619e+02,5.722801801767783303e+00
1.663930562150046626e+02,1.349421202731530656e+01
-1.672441133716492914e+02,1.167771181841301065e+01
1.647663499119296660e+02,1.338718008613947852e+01
-1.675914515366413866e+02,1.147489078427107145e+01
1.695500568062429636e+02,1.395588450626100929e+01
-1.686562359349738074e+02,2.012016968264678951e+01
1.645696028267880990e+02,1.674063496280938779e+01
-1.565240727415048525e+02,1.549555811074337797e+01
1.728474259697735249e+02,4.740685440277387919e+00
-1.738292690254026809e+02,2.746115606216207095e+00
-1.796068572912937782e+02,2.426586866018100697e+00
1.787705012925599988e+02,3.626638408182134121e+00
-1.784851515962562871e+02,3.879789039274419871e+00
-1.785888452924119747e+02,6.687169100155463397e+00
1.755602110074679558e+02,5.629554325032103179e+00
-1.706201598662471781e+02,4.831605351125097592e+00
1.754011667170487101e+02,1.703233802216375103e+00
-1.796401633360083281e+02,2.430976815448724349e+00
-1.789034291958765834e+02,9.540585257028602939e+00
-1.352087660032409246e+02,1.834808223256165505e+01
1.795673586393104983e+02,5.852228999331328119e+00
1.449988787052514851e+02,1.509378776165751823e+01
-1.606532277310491565e+02,1.254368844780351644e+01
-1.493024182128943380e+02,2.211518215899617701e+01
1.535424355282403042e+02,1.426016966350518089e+01
1.229381281376807493e+02,2.409864754331232106e+01
1.648797528345104411e+02,1.478613375456995094e+01
-1.429059505529032492e+02,2.475210623153976996e+01
-6.080901632833593595e+01,1.259264816525410424e+01
-6.007702776835701997e+01,1.084757264886986583e+01
-7.704893597012436146e+01,1.267530233670098738e+01
-7.003844581943364744e+01,1.188824217448852139e+01
-5.379756240838584347e+01,1.532473574263399918e+01
-7.502137103295908105e+01,1.307630279701971254e+01
-6.211377376925452864e+01,1.870558879309901812e+01
-6.420730500496244986e+01,1.410994646844779865e+01
-6.501866718259877587e+01,1.267146246810499832e+01
-7.345533995349612155e+01,1.666664700327219251e+01
-1.746487144366595317e+02,1.023282817784512311e+01
1.679595794870341763e+02,1.014214932219691256e+01
-1.604322846785783838e+02,9.841323923174424948e+00
1.725927646231434380e+02,9.613716251966415882e+00
1.775972615614570316e+02,1.451914593616491089e+01
-1.672547446001343587e+02,1.700538652311353616e+01
1.783943631120897351e+02,1.111463717714483224e+01
1.736191633407206041e+02,1.681791871542783667e+01
-1.778346494714461130e+02,1.711275687957169822e+01
-1.689723978801823989e+02,8.849797931690400077e+00
-1.669512039465073769e+02,4.353718218622296021e+00
1.726883319614488528e+02,3.807390657120571120e+00
-1.769547803376621005e+02,4.464558561516707158e+00
1.785896429850990330e+02,3.500980939449598317e+00
-1.798309363574985866e+02,6.351887666041163172e+00
1.771758418018607131e+02,5.518747442153967064e+00
-1.691241266675571069e+02,4.091269961237122388e+00
1.607004843703431334e+02,7.182581931128156683e+00
-1.635325220943639408e+02,4.255938297105971380e+00
1.681279534654001395e+02,7.711545318451122455e+00
4.675910626379126001e+01,1.527637691978444678e+01
6.638589975697654211e+01,9.304580667473640432e+00
6.012370147099193218e+01,1.235568106999981630e+01
6.756249216816416947e+01,1.613756437504117969e+01
7.592970153013156676e+01,1.809942985378453528e+01
6.919330264879715742e+01,1.732947724634080444e+01
7.534066672866056535e+01,1.035619542522135283e+01
6.148357504321077727e+01,1.535861353033654453e+01
6.562059825807010327e+01,1.255768335874705599e+01
5.855483308561166211e+01,1.515190419202356509e+01
1.783847963837130521e+02,4.572397085701316755e+00
1.754698082961083401e+02,9.429186731547348543e+00
-1.763476198885524866e+02,6.841923658282318854e+00
-1.786929255615167165e+02,8.285081388456394080e+00
1.775034978188155605e+02,8.548601103781349408e+00
-1.763359645243686487e+02,7.719062479673279853e+00
-1.775312514677648323e+02,1.100652598317374853e+01
1.773977408236653162e+02,7.460356024825994581e+00
-1.783599682335550369e+02,4.737918826100288250e+00
-1.729121023247348035e+02,4.090493170621008368e+00
6.284779816814016584e+01,2.096406455921813716e+01
4.977640093209252115e+01,1.710381323794455355e+01
5.074791175172596525e+01,1.507308019016279310e+01
7.802406833177455781e+01,1.546128636500554165e+01
3.700695561194729777e+01,1.489749361760541291e+01
5.431797582026584337e+01,1.291797482753151982e+01
8.633772890674030975e+01,1.872724475709653902e+01
4.797126850422777977e+01,1.423514100863653908e+01
8.056837382002554193e+01,2.022146820028052616e+01
7.164762355339659905e+01,8.177145619606044136e+00
1.699293027132425493e+02,8.260785630603459495e+00
-1.730591253396006834e+02,7.825505666976408037e+00
-1.794076137664208090e+02,9.135462611257683108e+00
1.716663189592300114e+02,7.275626945009650903e+00
-1.702908339406672269e+02,1.072223733871143736e+01
-1.786162147596091927e+02,1.198244315712898178e+01
1.701919247043558983e+02,1.774081487700369308e+01
-1.704664481447593971e+02,7.796557363431830368e+00
-1.762653344289362281e+02,8.800934774930775362e+00
1.797978822996905706e+02,4.888784894621910126e+00
-1.793485426184009839e+02,8.158774842548936590e+00
1.784847013198607613e+02,9.193495150848146835e+00
1.779026117760779186e+02,1.461119443508502513e+01
-1.709639718635513930e+02,1.181345250889739518e+01
1.699679681060157463e+02,9.683001887918532447e+00
1.788951877541972806e+02,3.570632894863238427e+00
-1.795720686015809804e+02,6.968229319212510653e+00
1.796803153669848712e+02,1.025104288803450103e+01
-1.562889009403877765e+02,1.282793491148399490e+01
1.646788077748489343e+02,7.746782514831988209e+00
6.686486797503674495e+01,1.019040250547270432e+01
4.873165627384290133e+01,7.073103135760957727e+00
4.741435315137896112e+01,9.631596464064697827e+00
6.235023666401822595e+01,1.010820994748761770e+01
6.259104002333056371e+01,5.881554864051285136e+00
6.660983758094391760e+01,5.323162386512445110e+00
7.255481795505730247e+01,7.607556486944108798e+00
7.258950962817195318e+01,8.033409896387718518e+00
6.347741072662631012e+01,8.302359883807884700e+00
7.036444365183712080e+01,5.335614250265352076e+00
5.683559759370596964e+01,9.411083759596001741e+00
7.060458691040587098e+01,9.923775992462047668e+00
6.876073720374320430e+01,1.186868317511707538e+01
6.884625464140268036e+01,9.934055708205789870e+00
5.577910532749700678e+01,1.154117380892223466e+01
8.084279075278661253e+01,1.616148295850308614e+01
6.414508514143244611e+01,1.650413514212709387e+01
5.327807301119793948e+01,2.061109394048515497e+01
6.989037539283835088e+01,1.374528251892795971e+01
8.953853240891534426e+01,1.689333493806550024e+01
8.480392868834478293e+01,7.923426175076677680e+00
4.091532667326170269e+01,8.696779222394658504e+00
6.603641185737306785e+01,1.247619422639220055e+01
4.852776448967863132e+01,1.588447678351481329e+01
5.679118785454904383e+01,1.161557340515022041e+01
4.430565336732879445e+01,7.655629991631535347e+00
6.943335439551744059e+01,7.872864664626714415e+00
8.184431306182904109e+01,1.382802725715399816e+01
6.507733180202076539e+01,1.821587599115217415e+01
8.292876971238804629e+01,1.665181333629974603e+01
5.996025687436756613e+01,9.840732837147410095e+00
7.111774560605745421e+01,1.411962050654707390e+01
7.752737335335609714e+01,1.174275288907788806e+01
5.603416340314351629e+01,1.038785582888158032e+01
7.577479935947403078e+01,1.367213286271045547e+01
4.714462527238811163e+01,1.254221065291083193e+01
6.129056426624671872e+01,1.262937445170369699e+01
5.067395548195791832e+01,1.283248159638121599e+01
5.013917739769985360e+01,1.404013936295732279e+01
7.368746939082738834e+01,1.217356661172568266e+01
-1.777091907327971114e+02,6.321287298364040907e+00
-1.770338238615306068e+02,1.888267127253914435e+00
1.692123474294105563e+02,6.235783178789169767e+00
-1.717919373755124468e+02,2.838729356609462684e+00
1.785802032899711662e+02,5.384965163286910439e+00
1.773997699418076479e+02,4.153007011093952983e+00
-1.704233446811894908e+02,4.364062920043632943e+00
1.684126039539205522e+02,5.494941751830852539e+00
-1.716819883198251375e+02,2.289674068021130715e+00
1.715958936354158766e+02,7.506892180941025394e+00
-7.780392517785993789e+01,1.910436947761680671e+01
-8.176628613323421746e+01,2.166726229852006114e+01
-5.741879764315060442e+01,1.982302640967395391e+01
-8.429386671259115360e+01,1.915477099164743890e+01
-7.694237315069462113e+01,1.953456478440574884e+01
-9.259864007309229805e+01,2.007197947337712307e+01
-8.053258000382611215e+01,2.021737863341323660e+01
-9.587545207674155279e+01,2.236328283997795552e+01
-7.245002340883186775e+01,2.183606726774193874e+01
-8.666263969797688560e+01,2.275130680561554186e+01
6.065952373961314947e+01,1.088556735943672038e+01
7.659822882500955643e+01,1.109812346768465652e+01
6.864913151497756871e+01,9.691394989540219385e+00
5.965295107624849891e+01,1.169307568051346813e+01
6.294142164029546649e+01,1.177123491371817110e+01
8.429757047372608270e+01,1.359747769547234597e+01
5.580913242562579768e+01,1.253801844710523739e+01
7.451680024402283209e+01,1.291147487182111853e+01
5.626208840780029874e+01,1.493340075328462291e+01
8.465292281269726971e+01,1.371347404127243053e+01
1.606294722148765288e+02,1.183548552133403220e+01
-1.649566907125637840e+02,3.751721818579017764e+00
1.526704913916348119e+02,1.388757003640889209e+01
-1.773817483877179768e+02,8.066662436786241841e+00
-1.541405123268089596e+02,1.509451450039123088e+01
1.336153209282489343e+02,1.976287319987726931e+01
1.760404184560670160e+02,4.275140777420212146e+00
-1.106245100804964068e+02,2.310650499149803494e+01
-4.020519559913155661e+01,1.747553726901417548e+01
-6.115408301643302025e+01,1.886942061923402747e+01
4.145759476109494557e+01,1.231627559269096395e+01
8.615062357748691113e+01,1.114071336915575117e+01
5.714121331576502172e+01,9.081142565399067834e+00
6.968287857699134236e+01,7.967670047022759050e+00
7.402054099648935903e+01,7.601409085659977194e+00
5.822652522459896574e+01,1.130471225143104164e+01
8.447968276179615543e+01,1.170513490525894795e+01
6.096978465114803925e+01,6.843893328673085641e+00
5.784769036231912054e+01,9.538984170580116384e+00
8.466034874942276645e+01,1.115208337777697523e+01
6.905467549067691380e+01,1.403349811994796426e+01
6.261208380344681501e+01,1.392041410151227154e+01
6.389660796048308811e+01,1.404583020396780491e+01
8.571099421122112005e+01,1.809978294557641831e+01
5.196577006708245250e+01,1.583615643419800634e+01
5.484992166078173170e+01,1.824662216030504069e+01
8.655152497132449696e+01,2.160188853855869695e+01
7.435033382248117562e+01,2.203945348845326180e+01
5.441926901630857571e+01,2.119105499026371575e+01
6.962577362382674551e+01,2.003354680984737257e+01
-6.838765264869306293e+01,1.041888798149458850e+01
-6.342986656790981925e+01,1.161930650188024394e+01
-7.291015754793789938e+01,1.476887597529575125e+01
-6.703645399088830459e+01,1.294344717283071944e+01
-6.668522459135604663e+01,9.223850454283038403e+00
-6.497177074609629699e+01,5.768952603785727717e+00
-5.794915945730942752e+01,5.873433799468880778e+00
-6.507633146876293040e+01,8.256296044985054650e+00
-6.122933009273762650e+01,1.183888820385265461e+01
-6.268203487889542913e+01,1.039166134926054674e+01
6.035482020287403060e+01,8.687821280690007697e+00
6.178256616559635006e+01,6.284139211798223101e+00
7.340962302879262324e+01,9.706303843572875678e+00
7.209304757474605196e+01,1.610953735817308186e+01
7.147927352778367549e+01,1.043857450743091064e+01
6.892725945907214680e+01,6.841430108543776534e+00
5.084302215009466153e+01,9.039532939850735360e+00
6.985364096461816530e+01,1.323926428070067374e+01
4.269190942509352027e+01,1.421858854699891594e+01
5.237179866650854621e+01,1.272585826054740110e+01
-1.692785553205457063e+02,6.648481761660695710e+00
-1.729115391148818617e+02,6.662922679052771358e+00
1.651867838607710155e+02,8.132635697031570743e+00
1.761714759415145011e+02,6.703079641701934932e+00
-1.691013990023957092e+02,6.504262503121921668e+00
1.728253875011983496e+02,8.217725182087587399e+00
-1.743980885903152682e+02,8.378724588549424368e+00
-1.756651049904415629e+02,5.980982813271607412e+00
1.713324836214773654e+02,9.965894245643502458e+00
-1.748871824317008361e+02,8.101556905403120012e+00
1.686137080388039351e+02,1.701429788721492287e+01
-1.781641878406980197e+02,1.284218413895161603e+01
-1.637616984008425334e+02,7.546355131353472245e+00
1.688582881541271377e+02,1.211867020438659992e+01
-1.691104811376607699e+02,1.043260773784922968e+01
-1.701392920623484883e+02,9.150504258882715902e+00
1.699013765761526713e+02,8.397634909563089778e+00
-1.678798959031140328e+02,1.321407085889612532e+01
-1.726146024182521046e+02,8.317470668913479415e+00
1.596458509286825063e+02,1.446854792861394046e+01
5.950036704039889912e+01,1.362838633889335327e+01
6.852490892675123746e+01,1.372774799351908825e+01
5.879500850189439376e+01,1.468809170983701229e+01
7.017042235743849687e+01,1.561416062674663507e+01
6.848456778312227300e+01,1.015370991585129801e+01
5.258042380975218322e+01,1.536182333737544425e+01
8.619682047867289043e+01,1.824927002144168853e+01
5.592444935466027545e+01,1.964465642037258419e+01
7.623391538880296991e+01,1.436185867707221675e+01
5.531585334576619317e+01,1.971461140421310176e+01
-6.302375381292578282e+01,1.188297157453271780e+01
-6.218199041070492683e+01,1.341023369950767830e+01
-7.176653594788999158e+01,1.331403526967206474e+01
-7.445752785150573061e+01,1.761591447035166880e+01
-7.174100927779024062e+01,1.651178605134378685e+01
-4.879486010320790967e+01,1.563168927531178909e+01
-8.720109445260456482e+01,1.913395474423272447e+01
-6.468142873694496586e+01,1.300821168007307094e+01
-6.598840090112101109e+01,1.056405511281327136e+01
-5.805178794732030667e+01,1.511842419022758932e+01
6.540680723778132233e+01,7.585075357234897453e+00
7.410720823022214176e+01,9.057877734361023059e+00
5.299405395792835094e+01,8.452733433217463954e+00
6.807752928526457481e+01,8.702078402674484181e+00
5.248076256413290963e+01,1.351295801600487678e+01
6.954329275273234146e+01,1.452639587389305120e+01
5.948283852373583613e+01,1.499239654395415222e+01
6.099795289878144899e+01,1.448339957011269163e+01
5.596029165346227785e+01,1.034407622884118894e+01
6.193353215564699354e+01,1.004443317186913021e+01
-1.568485815370160594e+02,1.754114965438218832e+01
1.574246806303763719e+02,1.529900408339076279e+01
1.738186489182143362e+02,1.388786753283085140e+01
-1.522927871314589652e+02,2.320544804904846359e+01
1.654446328783690490e+02,2.050817003119784943e+01
1.785767108991219345e+02,1.667550334564488423e+01
-1.636732698387410778e+02,1.706784204757087764e+01
1.669413329709350648e+02,1.842579891228211508e+01
-1.719364367185337699e+02,1.256247745744158451e+01
-1.688574278804941855e+02,1.151794987325678576e+01
-1.717256416596839301e+02,7.237874812144038827e+00
1.647639353490606879e+02,1.640004879832915918e+01
-1.718850925126507150e+02,1.602698782102354613e+01
-1.695501162145255307e+02,1.076719721923693740e+01
1.594906143450049569e+02,1.489070328241881214e+01
-1.628753013539740095e+02,2.369045427849823326e+01
-1.662907326512128350e+02,1.986959492245107128e+01
1.588795036550525879e+02,1.934629321373039801e+01
-1.686810839289677801e+02,5.078342765113371904e+00
1.742540917132764662e+02,9.850789065732652006e+00
1.744517195439432840e+02,9.606680539190605828e+00
-1.796442820380678711e+02,1.685415960221650167e+01
-1.780092581391763247e+02,1.594853859887048486e+01
-1.791233386754375942e+02,6.060501417142033276e+00
1.766416635932018551e+02,1.119959603928522185e+01
1.754670625435739453e+02,1.474874928731558477e+01
-1.730690605911592854e+02,1.326185045516566596e+01
1.695169655286829027e+02,6.258052439828896141e+00
-1.688747967028895403e+02,1.425701462440676792e+01
-1.697044276786410819e+02,1.054090092599184914e+01
1.674382208018048743e+02,7.607597484309248870e+00
-1.692702518284885116e+02,1.250319673469240556e+01
-1.657359516473542271e+02,1.207834341166271663e+01
1.628807533028316641e+02,1.502642456287030726e+01
-1.702796650653419306e+02,1.161550907928225129e+01
-1.743173736945999508e+02,8.633838521570064373e+00
1.712156942334934229e+02,1.635502505506883608e+01
-1.607680209620381220e+02,1.740615023049615928e+01
-1.775442336513966097e+02,1.652040033619930171e+01
1.778452988659176413e+02,1.427089224887461327e+01
6.329738039069908240e+01,1.104378463995027282e+01
7.120411517090468578e+01,8.624168106143857315e+00
6.301587567440337523e+01,9.214344066678929579e+00
6.861538853828658091e+01,1.413250437559768891e+01
5.872344465045781448e+01,1.324183217058293138e+01
6.913086569996080755e+01,1.274606325492059788e+01
6.797889258337472995e+01,9.035586913062667591e+00
7.564958681673400065e+01,1.267931855446646949e+01
6.344912383027354963e+01,9.582725217585913668e+00
6.190690880410955543e+01,8.614725029947720714e+00
1.741812590922200741e+02,8.570635302893300889e+00
-1.754375715506942299e+02,6.635141503658253725e+00
-1.763293234449816111e+02,7.514004123660523504e+00
1.688892241150963116e+02,8.409577230270073755e+00
-1.718422048816273673e+02,6.013980023152257104e+00
-1.761926949645402090e+02,5.896792567367974414e+00
1.786898772964719058e+02,7.499244874803029148e+00
-1.710828617722964395e+02,9.643335795266743560e+00
1.735954827659745376e+02,1.049737373264445139e+01
-1.767089410297789414e+02,7.102111197706879153e+00
-1.628002299550144869e+02,1.331669106798252855e+01
-1.763631552111391727e+02,1.712384296758830615e+01
1.668326635784916050e+02,1.817955102153587887e+01
-1.737885764661547228e+02,1.942933109204511055e+01
1.788763738509623522e+02,2.024360266784040974e+01
1.664595554901641208e+02,1.448325853972640687e+01
-1.711608333819545749e+02,9.058943729225493513e+00
1.742749194285518399e+02,1.021316245177856175e+01
1.690257422523645801e+02,1.071273387518396625e+01
-1.673183858121462606e+02,1.052275479632981714e+01
-6.501170063691334633e+01,1.506881255750801429e+01
-6.947624327742306605e+01,1.560605973326738649e+01
-5.221963502206192231e+01,1.403156860301423237e+01
-7.946780962377161472e+01,1.391206227060707157e+01
-6.592325674683640102e+01,1.348070911369261538e+01
-5.273276351146490981e+01,1.261375523126014819e+01
-7.443879737745764658e+01,1.392262428302846367e+01
-7.591403638989049796e+01,1.547860379373252826e+01
-5.658521721981529851e+01,1.162674257515213583e+01
-6.869015806728381790e+01,1.281439768255857636e+01
-7.112252187984600482e+01,7.750247586529072308e+00
-6.565202493330718880e+01,6.269498107776271922e+00
-6.650924446436081894e+01,1.104154379114648421e+01
-8.361898437669056250e+01,1.065063040108750414e+01
-5.751045984189794780e+01,1.012921643228236235e+01
-7.795689507622269332e+01,7.169132481265052981e+00
-7.750276114633297198e+01,6.352160443718983807e+00
-3.182895125222687582e+01,1.315048541088727241e+01
-7.230949756499794034e+01,1.162364694699738266e+01
-4.255128101526818085e+01,9.033942543855566498e+00
5.304182851057622372e+01,1.983636062891760332e+01
8.628142952520224185e+01,1.356704635475594500e+01
5.949332761839386308e+01,1.482343169894749479e+01
5.914735960933690961e+01,1.239875665691938522e+01
6.608654313218602283e+01,1.517320997501597191e+01
9.308765353079505189e+01,1.742698989062978754e+01
4.743887649613500201e+01,1.552734708513184003e+01
7.406703160493793803e+01,1.592972640840966037e+01
6.382258871959431445e+01,2.009279771816422056e+01
8.171773952499250981e+01,1.719539027792619024e+01
8.848604706378402796e+01,1.857232247845893980e+01
7.870835285615643784e+01,1.525695691794178188e+01
6.229855730651926393e+01,1.685956166052571703e+01
5.591643749407140973e+01,1.381432559983420205e+01
7.621444015251775284e+01,1.442911605744539116e+01
8.597647907274593138e+01,1.338148591581580504e+01
4.892657477699838608e+01,1.833417312690111345e+01
6.999000397178524224e+01,1.293235371124774247e+01
6.270198854777910924e+01,1.407162533135343097e+01
6.333673314549908184e+01,1.188826364554536852e+01
1.680047182092367279e+02,8.619102306076122488e+00
1.799012418432862148e+02,6.935794784311879013e+00
-1.685933326438802453e+02,1.179086904486957366e+01
1.757665379231129634e+02,6.570395641985689039e+00
-1.766834803055833447e+02,1.088932197503956800e+01
-1.775477088765564417e+02,1.297979299950576149e+01
1.744733432235447594e+02,1.457651528815808462e+01
-1.776892805060224987e+02,1.070549032976791359e+01
1.758942779629475410e+02,7.790528134427990636e+00
-1.758255075932257796e+02,5.347014795547520905e+00
-6.015326503458632601e+01,1.450492554583071225e+01
-6.910198748681722236e+01,1.333370853680649759e+01
-6.959766122068594996e+01,1.203666168864862840e+01
-6.816823740985110192e+01,1.189936940841127111e+01
-6.475609612352309341e+01,1.286938118233412531e+01
-6.853882067363615249e+01,1.147724391163335156e+01
-5.528693646109881144e+01,1.241192173246305153e+01
-7.669200374704574585e+01,1.518408355858486658e+01
-8.282156960449702865e+01,1.283565552917733044e+01
-5.970106608568927697e+01,1.492318147754408031e+01
-5.666469030055394995e+01,7.068572885468014988e+00
-4.768219094156641802e+01,9.396799039797162578e+00
-6.770694977859312758e+01,9.669221640856701327e+00
-4.430082833028100708e+01,1.363751660035168456e+01
-6.829039627945996926e+01,1.305920268497300896e+01
-4.805844256600150288e+01,1.124976790514629954e+01
-5.670836623933742970e+01,1.110285494118822669e+01
-7.600655283724879041e+01,1.076450135535061037e+01
-6.041188479225520780e+01,8.396842928174493181e+00
-6.373771964988060290e+01,8.567469787566230011e+00
-1.754999722321991840e+02,8.764823275507380274e+00
-1.708026637545301014e+02,1.034631298978403535e+01
1.604915091158348446e+02,1.168907052199153895e+01
-1.730101774114509396e+02,6.750256237548721394e+00
-1.751413616040426007e+02,1.068667591119885429e+01
1.599135792985695446e+02,9.491404322745527367e+00
-1.771914290885478351e+02,6.386881387506681662e+00
1.792351084418797029e+02,6.882431383162735727e+00
1.731680343108770046e+02,5.302660095107937899e+00
-1.725359353810554524e+02,7.459071356564813016e+00
1.753550849992645055e+02,6.188743200086556762e+00
-1.727007273408550247e+02,6.512502265228809151e+00
1.740597965158597447e+02,8.870367476453878908e+00
1.696023852832067860e+02,8.461742117458534551e+00
-1.602448633589559392e+02,1.037477163757436571e+01
1.712806341936268097e+02,5.869297259147643331e+00
-1.781961502622636431e+02,8.743203359452449419e+00
-1.715544471861314832e+02,9.978931819649229595e+00
1.707386363565873921e+02,1.104359829610402244e+01
-1.773190236177537713e+02,7.732659606356163451e+00
-6.922070263857418126e+01,1.273783742469451141e+01
-3.829056696058049170e+01,1.916880371299036057e+01
-6.458436511913255629e+01,9.575368668444388831e+00
-6.302653806424248017e+01,1.142336719508696774e+01
-5.450496687894541736e+01,1.041074590907184749e+01
-7.012903661906879904e+01,5.845341854898340017e+00
-6.687827975522287716e+01,8.697425439644890233e+00
-7.156173016982923230e+01,1.436211069039104871e+01
-6.281897922964106584e+01,1.147533826879127794e+01
-7.488921157595621025e+01,1.499383067324606778e+01
-6.988464440017116885e+01,1.097529039138430385e+01
-6.394304252051983184e+01,5.239235076358756515e+00
-6.936412815474483295e+01,6.947059218030270600e+00
-6.486883611519093051e+01,1.174422667734210179e+01
-6.079524849369451545e+01,9.266097890609247045e+00
-7.470244583158502394e+01,9.160354000122723050e+00
-6.256159154875803807e+01,9.437966834220212320e+00
-6.625955280037010198e+01,4.955706377116920081e+00
-7.731677343459166707e+01,7.386057298455403597e+00
-5.631521072236187564e+01,1.306071728133635546e+01
6.733237986912810413e+01,1.561484845431764157e+01
6.907244367698942256e+01,2.010085477818817168e+01
6.845344474040204830e+01,2.093493886119686564e+01
5.015348344339413700e+01,1.665372808462439735e+01
7.550143248262196494e+01,1.768875195487883900e+01
6.166137243820322311e+01,1.725191912584456588e+01
6.746431647736378068e+01,1.898231939777166133e+01
5.429549878452112210e+01,1.400085543642729391e+01
7.977651058432708453e+01,1.477015338524100230e+01
4.846922591137641234e+01,1.596904777998923564e+01
-5.680378729109716573e+01,1.572238282103565510e+01
-7.800055581999694709e+01,1.218225879017190927e+01
-4.437770396706292075e+01,1.561446352905526780e+01
-8.704362194120348306e+01,2.002018182507610788e+01
-5.939999165257966496e+01,1.266272720478889013e+01
-7.768978797116533030e+01,1.846710332363349494e+01
-5.185466055142936881e+01,1.045211753859186210e+01
-6.884461462903384188e+01,1.491709159091971060e+01
-6.524538718985296271e+01,1.252372393004354123e+01
-6.647211288605161883e+01,1.555378184064208114e+01
-6.614931896649794396e+01,1.742616555249847465e+01
-6.702933379684594684e+01,8.302509513716803013e+00
-6.942875353234597924e+01,9.248727457768833204e+00
-4.904677773867268797e+01,1.518627639908273075e+01
-8.505812739172061754e+01,1.587597669080960827e+01
-4.376291342006870622e+01,1.095208326042935099e+01
-7.117172148926766795e+01,6.062345322449762541e+00
-7.114114236945756886e+01,5.433236914265592077e+00
-6.770329934707396546e+01,1.198059041721980655e+01
-8.039492316901990421e+01,1.600653264429446665e+01
6.652257776941266343e+01,1.130752933964058471e+01
6.266053945947700043e+01,1.381532158322087156e+01
6.188892660905500520e+01,1.381495626165978763e+01
7.235051023783299229e+01,1.592627951010458887e+01
5.415457181322387470e+01,1.912159050678943828e+01
7.339061531193551957e+01,1.278537689296778979e+01
6.221187172499541163e+01,1.473587061464506398e+01
7.132357006137934263e+01,1.554505119705909877e+01
5.816531177182826440e+01,1.517103002889991714e+01
6.825286536200999876e+01,1.129659055985326965e+01
-5.543470325197858983e+01,1.377422363243325876e+01
-7.371978187703386709e+01,1.859847827643945095e+01
-6.381049989853239879e+01,1.566901203557720024e+01
-6.606265215775364652e+01,1.467269023175622600e+01
-7.012823827568949753e+01,1.813921521167458906e+01
-7.993481086935236135e+01,1.780412763871783000e+01
-5.631848152297359178e+01,1.829136998911599932e+01
-6.260923728119176701e+01,1.153472410065566578e+01
-7.877224052666076659e+01,1.292477313890630164e+01
-6.494445688565845387e+01,8.750179617260373632e+00
7.010084128041127371e+01,1.088438618064619945e+01
5.164789713596567111e+01,1.303005072354952176e+01
7.936732684850198893e+01,1.239653894412191271e+01
6.040511284287411087e+01,9.450685319216029612e+00
7.826565171440128665e+01,1.058316061490899429e+01
5.914074007001246969e+01,1.013104820217092339e+01
6.279508219677443748e+01,8.228261032330717484e+00
7.277497741629578343e+01,9.326502991334159276e+00
7.163821372209974925e+01,9.775039738645773468e+00
6.242109107466247764e+01,9.239281323176394167e+00
7.270488084551861618e+01,1.549496506238199345e+01
6.494749058580035239e+01,1.129814187903362210e+01
6.650310834575128638e+01,1.548669065705399284e+01
6.935643771006877500e+01,1.492033280037033549e+01
5.855924881668458681e+01,1.635507938658843585e+01
7.264115473102754095e+01,1.537691891316780257e+01
5.878857329056714320e+01,1.148662833503686009e+01
6.730582395863423528e+01,1.116308939236732911e+01
6.888397056993173351e+01,1.551380784239945854e+01
6.410730262156265269e+01,1.024922674868109240e+01
-6.367688108294529314e+01,7.261994536226912267e+00
-7.263366535935075774e+01,5.179200768294786705e+00
-5.779759457863580252e+01,8.846108126248966030e+00
-6.469068294694581311e+01,7.165833263527860097e+00
-7.724843978902666208e+01,6.177843019527489155e+00
-5.430979049226527877e+01,8.940188760442300264e+00
-7.768167081585058042e+01,8.362185368513145534e+00
-4.542989365739930463e+01,1.329069049737773867e+01
-6.399217919639004748e+01,8.876380608428640073e+00
-8.499926842897787083e+01,1.474885868788565269e+01
5.158676768719146111e+01,2.228671270978136576e+01
6.322356239201300809e+01,1.638855362984506669e+01
6.587243449872578083e+01,1.964876407893002153e+01
7.760896794172431612e+01,2.186155527786934982e+01
4.316246615126538444e+01,2.750920784381451512e+01
6.993585246950729584e+01,1.984672203117447964e+01
6.836497601556126824e+01,2.007860241049502292e+01
7.705515325025146467e+01,2.016025182118465509e+01
4.146089450610916316e+01,2.177013735644059977e+01
7.792494360726797709e+01,2.277389309648587812e+01
-5.627960636257005689e+01,2.016501264181506770e+01
-9.942725349162790849e+01,1.973373873232021936e+01
-4.934955478404210538e+01,1.374884291261731661e+01
-7.614777462948038078e+01,1.284960857535545919e+01
-7.004042688511881920e+01,1.985006567688124335e+01
-5.882072221886877372e+01,1.699234536466328649e+01
-7.078673594260975221e+01,1.553689918868704112e+01
-5.604254051932397829e+01,1.683803730868147142e+01
-8.298270399594611035e+01,1.537059876464477171e+01
-5.429902799110141132e+01,1.411436586504648183e+01
-3.201635646482214526e+01,2.632495497746577584e+01
-6.700749611701783692e+01,1.273937598515680136e+01
-1.077313325200258163e+02,2.080862411344754648e+01
-7.503554510894743146e+01,1.663860643277029538e+01
-5.249437911068122276e+01,1.683473827881953611e+01
-9.737384059183864338e+01,2.943806574624303352e+01
-4.736700743589864260e+01,1.771976247475506838e+01
-5.161017276779108442e+01,2.334234664686512417e+01
-5.864249950944922318e+01,2.229374296681976375e+01
-3.301568814705246524e+01,2.060031712924056535e+01
7.324476811476051807e+01,1.110119429484979214e+01
6.154755367671182853e+01,1.508808895128255934e+01
6.504193381170672694e+01,1.750404343410487229e+01
7.679528990352996232e+01,1.558174910218135167e+01
6.129309079476559674e+01,1.191975635752986840e+01
6.073623182569330226e+01,1.028182082735856184e+01
7.682449688664648590e+01,1.369257904070405019e+01
7.211179128539616556e+01,1.028398360239343212e+01
5.036313414105999442e+01,1.604162680469675806e+01
7.672367273059980164e+01,1.323321211068020098e+01
-4.214112514008738941e+01,2.137621017270652146e+01
-9.846628109468461787e+01,3.847511772278267017e+01
-5.715351407264695638e+01,2.733523300356455366e+01
-8.639543059887583354e+01,2.604704275558965776e+01
-4.677449139120938781e+01,1.997903097531375494e+01
-7.167190620073806429e+01,2.154519623318371657e+01
-6.111627497934375697e+01,1.437330114565957295e+01
-6.750637031570893498e+01,2.156569838121671623e+01
-9.138213793097907001e+01,1.835233431059297260e+01
-3.633766568191062873e+01,2.605064902374513025e+01
-5.796984809634726332e+01,7.389155968400050511e+00
-5.239786962133258896e+01,9.867446278222935518e+00
-7.486875216075419814e+01,1.022305997815560374e+01
-6.115614149356542839e+01,9.353118650088880770e+00
-7.469696616802433198e+01,9.490900435329315599e+00
-6.950186773384052685e+01,7.201794535235308103e+00
-5.353791804772151863e+01,9.410988728192721808e+00
-8.007378418417330579e+01,1.036322428799466877e+01
-4.421796042913788227e+01,9.004110242330618519e+00
-6.934450433820599358e+01,1.233357509493054494e+01
-1.608973345060350084e+02,6.478026321462419190e+00
1.637265394745311653e+02,1.701707966100243752e+01
-1.794049584330638254e+02,8.470268200410034254e+00
-1.776121347449653172e+02,8.578527074529135987e+00
1.792829167373937196e+02,8.192694972959250421e+00
-1.742710799966254740e+02,1.268718794080290557e+01
1.794963589010459657e+02,8.310815979490692840e+00
1.758230226590283962e+02,5.456575397508343528e+00
-1.718628169400026309e+02,2.729601012207349076e+00
1.669492675801544976e+02,7.574544381382374958e+00
-1.721323411062579680e+02,1.091762640203419288e+01
-1.764901760262790447e+02,1.237602936946561272e+01
1.754304531044468547e+02,1.123041517324623406e+01
-1.743080770482115440e+02,9.167874657885816347e+00
1.690957997069747307e+02,8.442055844021652433e+00
-1.715835446589875630e+02,7.215543427920836805e+00
1.796507070120211438e+02,1.105995206565636479e+01
-1.795596512367579578e+02,6.185707175020148441e+00
-1.728792254559492676e+02,6.379415776642757052e+00
1.672702887003722765e+02,7.199379125077964403e+00
-5.930773509440958691e+01,1.476648239735643564e+01
-7.005598622203787329e+01,1.286284831058343059e+01
-5.267732247236239118e+01,1.697414555814528114e+01
-7.769363677823270109e+01,1.180149574271975155e+01
-5.829960598410756489e+01,1.276684467632626507e+01
-6.320861994137903395e+01,1.460191869137087650e+01
-6.741739764906559174e+01,1.696226010571384535e+01
-7.676204944943390274e+01,1.216791723519603075e+01
-4.552710094136273256e+01,1.651050001167575942e+01
-6.804279960771155800e+01,1.905992006975547781e+01
-6.039600438783184444e+01,2.251315855259160870e+01
-6.013084671193123398e+01,1.535770523457171954e+01
-7.364142196560119658e+01,2.144860048192176549e+01
-6.586954766168071274e+01,1.280297294241566775e+01
-5.622564690309812363e+01,1.772443800800693481e+01
-6.317911753346323422e+01,1.106159333274241341e+01
-7.828062522631553577e+01,1.781746644060973139e+01
-6.690888362005179602e+01,1.278905428444442016e+01
-5.637586678217996905e+01,1.163308203023889043e+01
-7.790497056684206711e+01,1.218277333638685533e+01
-1.664229369073798068e+02,5.271844777916820490e+00
-1.753318337106928482e+02,7.588154379802546146e+00
-1.757432316559892058e+02,9.551153831597030575e+00
1.679956443338935230e+02,8.040969571226487034e+00
-1.666931157715799543e+02,7.464301649745219258e+00
1.671224960898294967e+02,9.552166623378855803e+00
-1.636961311657948102e+02,1.219796363353753499e+01
-1.788092598039238794e+02,7.941020687947695222e+00
1.637888063971993233e+02,6.874831306065829040e+00
-1.614686983153792710e+02,5.069307600624789245e+00
5.514718353602503242e+01,1.425460748376573505e+01
7.681821574261660146e+01,1.300300990406296364e+01
6.032319618025864116e+01,1.400988191116796422e+01
7.232715476908323637e+01,1.252420140008334393e+01
5.634083143752738465e+01,1.463925770147890226e+01
8.049126332913041892e+01,1.452470845183926862e+01
5.699810640113248184e+01,1.373212029299658532e+01
6.583039570445238553e+01,1.275878531530570115e+01
6.455189911110898038e+01,1.456367278621184802e+01
7.267177171987687245e+01,1.080325573785455617e+01
-6.669190689680874584e+01,5.626622838138247928e+00
-4.939877373630681490e+01,1.720930830073645268e+01
-1.131375075991611823e+02,1.916342556507616024e+01
-1.398978243478509569e+02,1.516579812262775206e+01
1.263656771355714596e+02,1.803140438877200680e+01
7.264048724522095313e+01,1.499329048739015136e+01
4.041226603580240351e+01,1.500135320881387990e+01
1.218379905592643269e+02,1.916862916778495673e+01
-1.413236825331942441e+02,1.806215666481364934e+01
-1.311257366309473014e+02,2.766117003697884869e+01
-1.734694980283409222e+02,1.341290698539414983e+01
1.664877447756986726e+02,1.619908591645234708e+01
-1.725566751034869810e+02,6.949123091150287479e+00
1.737321822196946641e+02,6.068658302314881681e+00
-1.587100702383346515e+02,1.133587404998505299e+01
1.509502837036162362e+02,1.540941646940140330e+01
-1.509865204606035434e+02,1.406122908379344594e+01
1.570508286675114107e+02,1.074812277419593975e+01
-1.790021040619164410e+02,4.488241397743491845e+00
-1.664044077148623160e+02,9.356398093961715290e+00
8.061585621636342580e+01,1.700200628593034935e+01
3.633240235927492279e+01,1.984362699202229763e+01
7.056765403467733222e+01,1.843343115589982517e+01
5.352271358696474124e+01,1.637172705095240133e+01
4.984814005135466175e+01,1.575134425751814149e+01
7.351141399297090118e+01,1.650087928569245577e+01
5.186201888151418160e+01,1.627495464048253737e+01
6.715668932511745481e+01,1.800950118605977579e+01
6.530273751008465410e+01,2.132346895585709845e+01
3.084825202645311748e+01,2.251121945960074555e+01
-6.721251044994224344e+01,1.054898130331277528e+01
-5.408443865012033314e+01,1.233492075998885973e+01
-7.837129704752840098e+01,1.616551377800955436e+01
-7.251252174859368438e+01,1.807158180246146273e+01
-5.937866217751088982e+01,1.344016607665394858e+01
-5.485931520912158987e+01,1.116117079322293471e+01
-8.929959924157974172e+01,1.615357208385754006e+01
-5.501963507018477628e+01,1.641678191579325841e+01
-7.117667038280951886e+01,2.362954715735689604e+01
-6.596624405153215775e+01,1.535590152423527144e+01
5.719537200398346499e+01,1.132608458183172218e+01
5.573181881209017519e+01,6.109394230775864187e+00
5.853491983043588931e+01,7.059948581703769932e+00
7.342613448126309095e+01,9.273621613937514496e+00
6.167716270939169476e+01,9.928428385757795738e+00
6.170399030764074411e+01,7.795085974851438948e+00
7.883874169459684822e+01,1.011026090386715381e+01
6.016460272842138579e+01,1.163020287972870648e+01
7.467004042271128128e+01,1.396500511099745623e+01
6.343061103491960040e+01,1.265935751984216395e+01
1.777346489482761456e+02,9.351344994265252453e+00
-1.738261653560293212e+02,6.787057827942261312e+00
1.762289893771071831e+02,6.544273720304334852e+00
-1.789857537418425864e+02,6.148066775590415034e+00
-1.759653703474980375e+02,3.221583079424666263e+00
1.749513268482301385e+02,1.017011590630987605e+01
-1.742270120548401451e+02,3.381692425079479314e+00
1.753290624891227765e+02,1.012284544588716351e+01
-1.788929703340336062e+02,9.933695133462798310e+00
1.741263006961591771e+02,7.256028881279283027e+00
1.760190366670177298e+02,4.224128666293820444e+00
-1.714549416202374346e+02,3.463989452522231449e+00
1.732575434444352993e+02,6.242318574520593799e+00
-1.709881642004054925e+02,6.415761968671469972e+00
1.738035812623709546e+02,8.913272229450901918e+00
-1.799050967323420025e+02,6.309940343569648391e+00
-1.797736333375388824e+02,1.058072197715850216e+01
1.774375864417043545e+02,5.666336146066766943e+00
1.725447385506332978e+02,4.260805441309435615e+00
-1.692186913744273511e+02,6.342849369397861814e+00
6.658967155164683049e+01,8.999071630593025617e+00
7.304570334274546894e+01,6.042249000188345320e+00
6.236432249267296157e+01,7.362285797048420122e+00
7.636761302099812099e+01,7.955959903303053693e+00
5.467843916908727664e+01,9.010319459764929206e+00
6.954395169315390035e+01,4.959609815375642050e+00
6.284375698997511250e+01,6.090728703211883754e+00
5.351152663579016888e+01,6.081372261593743112e+00
8.621567733677203194e+01,1.193475485590867002e+01
5.327155075374458448e+01,7.815955055602994861e+00
1.562807024406249070e+02,1.407698507943989874e+01
1.649845241370348958e+02,8.370498338511994874e+00
-1.424235962053217008e+02,1.455698195246868210e+01
1.605038293345205034e+02,1.664363769004648219e+01
1.793922665104417433e+02,1.629469744974445078e+01
1.772191426907259881e+02,1.460813327058135869e+01
-1.571572756465638463e+02,1.116993077218986841e+01
-1.737262824848426135e+02,1.381794659189512231e+01
1.543853060453743922e+02,1.187147315218119203e+01
-1.399996130315497567e+02,1.633595813732598856e+01
5.861470923095441066e+01,8.281577447371361700e+00
7.348837420617955729e+01,7.097272373460604911e+00
6.645899525804166785e+01,9.206420991092432615e+00
6.858109494007176465e+01,9.199448893901273294e+00
6.924038647889773301e+01,6.614991129981250495e+00
6.333224000067534121e+01,8.417365530477278313e+00
5.636781353988090615e+01,9.337944516622259883e+00
5.145075531586702056e+01,7.862262190123885830e+00
5.393175406491394597e+01,6.603956457332918362e+00
5.621580652517366872e+01,5.747722956067145006e+00
1.700386631708567222e+02,8.224216736769076164e+00
-1.739954065216810477e+02,7.104061568949175509e+00
1.730736196596291450e+02,9.370405014713783842e+00
1.777839108356990039e+02,3.915600689683238933e+00
1.798115646935636676e+02,8.155757530647386844e+00
-1.739395407596260839e+02,1.340574120075104148e+01
1.748654069114667209e+02,9.538275019123272358e+00
-1.789198690999344308e+02,1.266575288181453018e+01
-1.737867221326699223e+02,5.414527334289047644e+00
1.722627681211607182e+02,8.730191704861262281e+00
1.694611508861833897e+02,8.937149027308539218e+00
-1.719034548480432534e+02,7.974224363640168178e+00
1.691900548950714551e+02,9.792555609968923491e+00
-1.721929789590357700e+02,8.919024132886086420e+00
1.681341232959717047e+02,9.664956069119396531e+00
-1.766616550409171111e+02,6.207456044911353388e+00
1.766931079033290359e+02,5.973492037621432438e+00
-1.711491933668430079e+02,1.034324483675217010e+01
1.612277103758952421e+02,1.406703529369735861e+01
-1.722504517073028012e+02,6.880119294986892342e+00
-1.665672914215944900e+02,1.459252666239586915e+01
1.638195204542617205e+02,1.133057351169457405e+01
-1.692307277454830228e+02,9.769232078009389753e+00
1.617528203268444997e+02,1.139862659627360841e+01
-1.753364397470888605e+02,9.487658710931460959e+00
-1.742302857398685489e+02,1.033422504691368538e+01
1.748507270982200339e+02,9.364117217620265166e+00
-1.677698039091683313e+02,1.076379648349259632e+01
1.789937995580780807e+02,1.013159187987864662e+01
-1.787704403598739873e+02,1.083636559122098397e+01
1.708330167172857728e+02,3.695010065579302783e+00
-1.716348341435553380e+02,2.372240212537994886e+00
1.690557337181536752e+02,5.961366636443876210e+00
-1.786007715346968610e+02,6.518043861267122985e+00
-1.753957749980533265e+02,5.570177126439298299e+00
1.768823571075604377e+02,2.340585314722881449e+00
1.740475440205691484e+02,2.156545337663137829e+00
-1.719303957489846653e+02,4.514365861465916119e+00
1.719162912869703632e+02,6.092096170775035624e+00
-1.701904585780506522e+02,7.664058860430627007e+00
-5.995800371057283940e+01,6.521610896618905251e+00
-6.769033915037034888e+01,8.132348129908688605e+00
-5.431309250086043505e+01,5.798544832886789457e+00
-8.451856832453653112e+01,1.063098884718360893e+01
-5.989084888517575678e+01,8.644058861248762327e+00
-6.962437364283266561e+01,9.894731824984898338e+00
-7.386894540584025037e+01,6.744306451021635951e+00
-5.411787579359265266e+01,1.488326321787569029e+01
-8.735699944868460420e+01,1.503549849479051304e+01
-6.082822985049066489e+01,6.077644195203857791e+00
-5.862800771989729043e+01,1.204886745657474023e+01
-6.909761551541753022e+01,8.749942147276199123e+00
-5.275678123298825284e+01,1.383262063796207642e+01
-6.398773579412048917e+01,7.949635146292354904e+00
-5.542387741065488171e+01,9.284968405165470173e+00
-6.922012315311451403e+01,9.691638393267480112e+00
-7.217934327300351072e+01,8.166091195462326979e+00
-6.176135567540274707e+01,1.379043502398777399e+01
-6.426535075547809583e+01,8.876428390102763188e+00
-6.089420407480117348e+01,9.211831233063122681e+00
1.782782849084810550e+02,5.263812262258145580e+00
1.721885381481341142e+02,5.752150319996628625e+00
-1.746003787349869754e+02,7.578124745809274643e+00
-1.697249380563086447e+02,5.545804892209515558e+00
1.658262379388426098e+02,8.527683371691248126e+00
-1.542343878109041952e+02,1.361686271093719114e+01
1.621908564043142746e+02,1.030750165322688261e+01
1.709559358382799417e+02,5.107056251644404909e+00
-1.637577548194210806e+02,4.448120851621504279e+00
1.766280415621934026e+02,8.930531570446911260e+00
1.773508231911152961e+02,2.801623042675160047e+00
-1.705667794453456168e+02,2.481236360235045790e+00
1.747614593189408083e+02,3.341677484111514218e+00
-1.791999569464993556e+02,1.631103932903650744e+00
-1.733320571525442233e+02,3.413472526503116722e+00
1.717839980131439575e+02,1.979360972085201009e+00
-1.714689873134571485e+02,4.446384914489614815e+00
1.787635248741929388e+02,4.527493252036147275e+00
1.769605772046638492e+02,1.771551711164793375e+00
-1.726623095023925600e+02,5.248692871559391904e+00
-7.232684972874099572e+01,1.415516230425899380e+01
-3.929733607939862594e+01,2.048358917025395343e+01
-8.178137915559223359e+01,9.375736107770476835e+00
-5.452929622533373788e+01,1.497460932836408354e+01
-7.751022664880316881e+01,8.791751596454053796e+00
-8.506592732252502742e+01,9.773290361696528095e+00
-4.671544427729377702e+01,1.347681348276221058e+01
-8.204791561247351694e+01,8.318752321539978567e+00
-5.548451968516677368e+01,6.797610652912634777e+00
-5.531400041501697729e+01,1.193723243197013772e+01
-1.763293173862667231e+02,2.545222125215458320e+00
1.786864700870739853e+02,4.414170042979999486e+00
-1.756121400205732641e+02,3.013156784869833515e+00
1.783538029608521924e+02,2.026152814163620253e+00
1.794152384289977533e+02,3.470897123319629074e+00
1.765427472608661503e+02,8.835079933816937015e+00
1.787617260166576045e+02,8.245545495092086341e+00
1.744902576455622523e+02,7.786267267933606462e+00
-1.729334066618922918e+02,8.640025990925558119e+00
1.744397733149312444e+02,3.463521309614877364e+00
-1.691647819159057917e+02,1.383400927551364212e+01
1.641040065406474184e+02,7.169728226761817425e+00
-1.576313849755105423e+02,6.900520247716234401e+00
1.622398004434089955e+02,4.717312933259291796e+00
-1.746665625232132015e+02,3.126785587891790286e+00
-1.617225321766521802e+02,4.192373368951335166e+00
1.714519966034982019e+02,2.602069184640560362e+00
-1.780942561112060787e+02,5.187548881014417468e+00
1.770774985970686544e+02,1.194507942251564714e+01
-1.735429370938454099e+02,1.268750286986459663e+01
-1.488400217493076525e+02,1.617190372595601744e+01
1.546126308147129862e+02,1.272424309121580421e+01
1.702660069331006696e+02,1.039061806437631219e+01
-1.641561674264355588e+02,1.013824811543484472e+01
1.662151137643980690e+02,1.209608907065082839e+01
-1.701840982910848652e+02,1.155545331756084160e+01
1.795587318920975122e+02,1.048068207140801356e+01
1.651687294006960656e+02,1.696392590045654458e+01
-1.636496827078763374e+02,1.209709221290529868e+01
1.668808292141025333e+02,1.011938076746636384e+01
8.163837386455391254e+01,1.413593061352007751e+01
5.940471241832517535e+01,1.347267666982524936e+01
7.455226467640892452e+01,1.762167002955627737e+01
6.160344480776943499e+01,9.585919590337377727e+00
8.649525932325853717e+01,2.082800823989840211e+01
5.021165632067952345e+01,1.695050391020641101e+01
6.974738464813600558e+01,1.387331886367998024e+01
6.198591757095124422e+01,2.033344878936426170e+01
9.264459345502133658e+01,1.349632273412022698e+01
5.114127091672770575e+01,1.877722871770335544e+01
-6.520377221812755408e+01,8.269381920101462669e+00
-7.075077138274642152e+01,1.114241941400497993e+01
-6.828783477844352490e+01,1.373759512210902933e+01
-7.149730216753603429e+01,1.607676778998174782e+01
-6.243040053374133436e+01,1.134328525079347294e+01
-6.475272931958663492e+01,9.209133776050711262e+00
-7.381866334998404966e+01,1.246529150602764524e+01
-6.452116988002997289e+01,1.453657279289676652e+01
-7.442917260940534163e+01,1.186095963780904050e+01
-7.183666429090875738e+01,1.034371116040427552e+01
-1.697905346468758978e+02,3.188737003197025466e+00
1.681965995509098093e+02,2.114701978098991297e+00
-1.749170469849892129e+02,2.306282977954694946e+00
1.774335472585221396e+02,3.613995964740449818e+00
1.762336185219649280e+02,2.750580546322577646e+00
1.747804047313340163e+02,5.586363225673366628e+00
-1.692376563279508730e+02,4.191221602660375467e+00
1.686450769528827323e+02,7.686542984375204668e+00
-1.662090713969130888e+02,1.130887144477519435e+01
1.714913106219139820e+02,6.858331820490699116e+00
-1.651035250686569213e+02,4.704147111685934135e+00
1.686748470012962287e+02,5.164737800139699075e+00
1.799858847275949074e+02,2.023401889364545791e+00
-1.670420623319375011e+02,4.019371969419764490e+00
1.629979907696581449e+02,2.923038725499049306e+00
-1.650843387962271152e+02,5.021676455210052126e+00
1.675406948484735778e+02,7.949143079976439097e+00
-1.734161545816099306e+02,1.159836982875317091e+01
1.780680454876686838e+02,1.041782164512322240e+01
-1.773060774166488613e+02,8.803111095802098163e+00
1.559263181838944092e+02,1.162572990818484442e+01
-1.723703373605213756e+02,7.394606265010073898e+00
-1.746961557006749501e+02,7.925053744219667351e+00
1.768359062095488810e+02,1.046422753022675955e+01
1.776346399278239403e+02,8.834070311405385567e+00
-1.732817677131914991e+02,7.726731982767484297e+00
1.706260858497555546e+02,6.173379471416032160e+00
-1.694040505784760740e+02,9.453986853399666046e+00
1.799857884252627684e+02,6.912418323090322225e+00
1.740806495715563642e+02,1.548588131999342821e+01
1.750741827983496819e+02,3.266635828823550192e+00
-1.686194212456130970e+02,4.876374314765734574e+00
1.619546910887197555e+02,1.184320061305141891e+01
-1.790740389237713543e+02,4.151274169056320851e+00
-1.669935626164810571e+02,8.612590015621435668e+00
1.692758073261649372e+02,2.703667363755363429e+00
-1.768797039219043654e+02,2.175802658019313274e+00
1.772728135557474332e+02,2.698199399232023232e+00
1.790630864102008104e+02,4.820572182603535261e+00
-1.711135406616456578e+02,3.085411179018522354e+00
-6.160252693519051093e+01,8.817291336247365052e+00
-6.795569568737452926e+01,7.858534918162369820e+00
-7.037045285655894133e+01,1.166625048937222964e+01
-5.301507594448074201e+01,7.788548294133892824e+00
-7.824476903559950358e+01,9.252109658994385200e+00
-6.344568921026466057e+01,1.041139548431454465e+01
-7.312210326592104082e+01,1.647536505509765803e+01
-6.384961458437940252e+01,1.951828229214834920e+01
-6.119679088423201563e+01,1.441962912397934993e+01
-6.708156172937493977e+01,8.519340296754400299e+00
1.747293113465916861e+02,2.769357339714484390e+00
-1.751825451402023646e+02,4.971100061969103479e+00
1.778980495568231674e+02,2.355323812912530457e+00
1.703898818323174851e+02,3.329942843893663795e+00
-1.655715648439842766e+02,4.830198238482160455e+00
1.776303227102824280e+02,5.077951845830376953e+00
1.721865617836957654e+02,4.672889298268983360e+00
-1.714036421540860715e+02,4.046850523425610469e+00
-1.789914914509670325e+02,3.525810339928932002e+00
-1.791746993322296930e+02,3.403229452949140477e+00
-1.792197962182507354e+02,8.148469221003820095e+00
1.749354339052729301e+02,8.306625068487452523e+00
1.762952719503973071e+02,1.502902296343183686e+01
-1.688744774355266998e+02,1.143015157937454696e+01
1.701377588641122713e+02,6.990549165179547941e+00
-1.633006982215584912e+02,1.167942922572156661e+01
1.630583566734044894e+02,1.270374601070276555e+01
-1.577598950874269406e+02,1.275767847780969078e+01
1.626594694935764949e+02,1.432346556935724280e+01
-1.703605941707612601e+02,1.160938199186782782e+01
7.490029796682125607e+01,1.635060596820403944e+01
5.904458327035393950e+01,1.107384683971664430e+01
7.767669853894082621e+01,1.287393154051217081e+01
4.888948362150360794e+01,1.426481452835614583e+01
7.325930943997578026e+01,1.248617775046302469e+01
6.979356783682341359e+01,1.263557421903320233e+01
6.288438101082792286e+01,8.606499764794397933e+00
6.282987505762692848e+01,1.266427966279535333e+01
7.721669274206030309e+01,1.112749736626725650e+01
7.255880636286754282e+01,1.037847010799308123e+01
-6.271062182517027139e+01,1.316139339126015528e+01
-6.374396664829190229e+01,1.707977174455553993e+01
-7.947955988886869250e+01,1.639447511863286877e+01
-6.765341931642812767e+01,1.106253400541705112e+01
-5.191180138534900124e+01,1.172743717842834066e+01
-7.800888416577575413e+01,1.060761443081191047e+01
-6.217381293525200903e+01,1.360433160491966120e+01
-5.180321763359196297e+01,1.055516905189608678e+01
-7.267615223965268001e+01,1.452758634685412886e+01
-7.225730272791514608e+01,1.343407276014010776e+01
-1.628210019842392455e+02,8.906814777520970949e+00
-1.782195747358522624e+02,1.068871961245194946e+01
-1.759421520116672184e+02,1.111635643325737988e+01
1.714030308613596389e+02,8.490805966025886775e+00
-1.725709840487239148e+02,8.562765552109485867e+00
1.615043248584555613e+02,7.930803942433289677e+00
-1.630510124225305049e+02,1.083056010666312297e+01
1.721153025268844772e+02,3.650640312880335969e+00
-1.770058010937837309e+02,1.123271575013482249e+01
1.761590581596448999e+02,7.431464776900715385e+00
-1.690635870059857382e+02,9.260226013117311084e+00
-1.797536351680819564e+02,7.026951151610315804e+00
1.684727022024461576e+02,1.031233210073377116e+01
1.772810409864652001e+02,7.490389769861462099e+00
-1.592919070043962222e+02,1.045865646857663833e+01
1.673021140092639030e+02,4.359144771524075423e+00
-1.793523637451225454e+02,9.556996076366951698e+00
-1.691306897431656466e+02,1.245466859632422718e+01
-1.686332945621395254e+02,8.185853882293049111e+00
1.495602999450597963e+02,1.256917015855545294e+01
-4.839843221170172427e+01,8.035353473029040572e+00
-5.807048383315958517e+01,8.066231480796677289e+00
-5.293016341261249380e+01,7.378013009477905726e+00
-6.336258460450333985e+01,6.540646226450255618e+00
-6.013501274972109911e+01,7.225967724302728712e+00
-7.181415104550563910e+01,9.184274953508101191e+00
-6.873626338599294172e+01,9.226073239421406669e+00
-6.154165121218064627e+01,8.562001244674588563e+00
-7.354985764271987136e+01,9.214029625738842100e+00
-5.634514256684060030e+01,8.226584792981544325e+00
-1.757318095120632506e+02,6.999057101727122365e+00
1.702851180357239969e+02,8.588391977902434249e+00
1.770978392485927202e+02,1.082628988409419968e+01
-1.708109847358812488e+02,1.228144183334639905e+01
1.776446574068857274e+02,1.064298402501760421e+01
1.794607648239722266e+02,5.354221907501312216e+00
-1.790933903910981826e+02,6.486461802587749403e+00
-1.765836329339360589e+02,4.107014513255435872e+00
1.713221638265397644e+02,7.089447198681727791e+00
-1.740653174339576594e+02,9.286471749492076100e+00
1.691586406982482060e+02,4.492107410829879299e+00
1.785400024545785129e+02,4.910579916962625191e+00
-1.773572695558763428e+02,2.871884734408462592e+00
1.741651441294388576e+02,9.749406852567858550e+00
-1.675357850499628398e+02,6.445852760429454875e+00
1.791139265407267089e+02,6.750685486040366889e+00
1.736766725744181485e+02,3.060719342469456095e+00
-1.722346316032370055e+02,5.345644648106000041e+00
1.644751032178625678e+02,4.247535127934385812e+00
-1.703229153817024155e+02,3.844672167784976224e+00
1.773972263893785453e+02,1.317672342050570577e+01
1.732514660990139248e+02,9.091972396717983074e+00
-1.612629458397521205e+02,1.072383225958563102e+01
1.629179389146383983e+02,9.569430026788779742e+00
-1.683361497215165627e+02,4.819388126902785174e+00
1.779785205827602965e+02,4.997085402593774539e+00
1.722038738569065970e+02,4.512591820841928225e+00
-1.604868504157020368e+02,6.396266770602623275e+00
1.691599710028403081e+02,1.458333412969559317e+00
-1.737910242547608561e+02,1.295747784404381875e+00
1.674548152942160755e+02,1.176850866302812548e+01
-1.736144043637920902e+02,1.116908429955894988e+01
1.696989484499414402e+02,1.073761241607522621e+01
1.738020464030562380e+02,9.484697518957037943e+00
-1.795967569610446617e+02,9.293663517686871600e+00
1.743748662086392187e+02,1.125164034952521064e+01
1.722987334072152805e+02,8.110890341775494505e+00
1.799038710781335055e+02,1.228033354246693776e+01
1.728787099699699752e+02,1.187194065668686349e+01
1.783447387192978226e+02,1.329768165755448095e+01
-1.721517595195864203e+02,1.241040634825493250e+01
-1.763341669537665268e+02,1.771641425317090324e+01
-1.766646140104225822e+02,1.071996310376045258e+01
-1.776893132610720158e+02,1.690425939810823763e+01
-1.735425418136491658e+02,1.120554611640089604e+01
1.769499147495600937e+02,1.396532546748845860e+01
1.795967069666448879e+02,1.097778688642955913e+01
-1.710033890462559896e+02,1.267494515039241776e+01
1.786182877844083805e+02,9.964823357558113770e+00
-1.790479672652967338e+02,1.159720538123852407e+01
-7.118524852655531276e+01,7.842251618430561066e+00
-5.501570389293022600e+01,1.426339011217176456e+01
-7.754499561370248273e+01,1.227515803564419627e+01
-6.017679820967237703e+01,1.075980850473570882e+01
-5.789990871684723572e+01,1.139769625827240418e+01
-7.144576812363784768e+01,1.252892642515810095e+01
-8.728700772802694985e+01,1.424119769638477706e+01
-5.469360755480838066e+01,1.179677023278007120e+01
-6.333043463401268980e+01,1.326668989548631750e+01
-7.013659036590939877e+01,1.153229250890260182e+01
-1.721093966237489781e+02,1.564171512686792909e+01
1.709597886558586595e+02,1.056514694727310477e+01
-1.727118806097452932e+02,4.239918466621231730e+00
1.756806871093978941e+02,1.031528788340539293e+01
-1.777503350489864715e+02,1.219347488758305076e+01
1.735589452493308045e+02,1.305472003004050663e+01
-1.561956980760029410e+02,1.037351984654616288e+01
1.458692821103811070e+02,1.843335236472788807e+01
-1.667071989006668105e+02,1.463642865397049597e+01
1.753984211997355374e+02,7.031539426788032898e+00
-1.725162257963965260e+02,7.990604915152054843e+00
-1.712170682666157404e+02,3.437804149548795873e+00
1.616891712170505571e+02,6.817469271760657534e+00
-1.672446110924709046e+02,5.319812354522944986e+00
1.725055516225307031e+02,3.114515144454128581e+00
-1.788510346858356854e+02,4.487692111055518573e+00
-1.716127158250698130e+02,1.126859426975868317e+01
1.636534622842436590e+02,1.190872567386864844e+01
-1.727887169331147561e+02,6.176304767567808440e+00
-1.782219941331403277e+02,9.238441651604054172e+00
1.767896497805044191e+02,5.575713192372777627e+00
-1.694900622409088555e+02,9.958269167951597112e+00
1.645638361778429157e+02,7.650455810513316024e+00
-1.778956634874813005e+02,3.119144071604828650e+00
-1.760260853277933961e+02,2.248861635866176822e+00
1.770842740043522667e+02,2.684411581060219820e+00
-1.706634163681423786e+02,9.550568077226383679e+00
1.729123688157970662e+02,1.019383772409237920e+01
1.775818959100814709e+02,7.933056287042928645e+00
-1.692159986427275271e+02,8.440650190179223245e+00
1.716899837585367550e+02,3.417346860566024880e+00
-1.573111487774989428e+02,1.037599788871687601e+01
1.708317202505576518e+02,7.317869715515890050e+00
-1.798057195520893004e+02,8.387900567783189487e+00
-1.669297972103029224e+02,1.329946877023531826e+01
1.689612486953987229e+02,1.524838350421852873e+01
-1.740847524817254168e+02,1.237145987481155451e+01
-1.787645209688989212e+02,1.777993906567595417e+01
1.795263536474158457e+02,1.803490166236028713e+01
1.784926363047840141e+02,1.484798196903389922e+01
-1.729524912539362163e+02,7.333581382060056164e+00
1.679846476272514622e+02,9.809111350606087854e+00
-1.712143458915538758e+02,7.585865584484990265e+00
1.702226175942376187e+02,1.079857910657746345e+01
-1.751611133226584229e+02,7.585834260092775949e+00
1.797249381636989938e+02,7.842337716970074979e+00
1.750174406145151522e+02,5.692111672302242020e+00
-1.777704865910590968e+02,5.025301296499313786e+00
-1.777404082725988133e+02,7.459053994679489819e+00
1.714194702875632856e+02,7.472680180978285236e+00
1.761053593263701771e+02,1.026738400848107968e+00
-1.719427587494840566e+02,3.704353473503353200e+00
-1.762124420277467323e+02,4.967890912062154385e+00
1.655934698030343100e+02,5.945348575578303318e+00
-1.722784095490174820e+02,1.860817787260340417e+00
-1.797229956012468222e+02,2.914344046565418456e+00
-1.796177607044331523e+02,3.098495922746367981e+00
-1.789862245109464425e+02,5.545967542292899566e+00
1.772637977936278730e+02,7.048755801474652749e+00
-1.759623301579613042e+02,4.323053760733051476e+00
-5.339979697794107949e+01,1.380486465427417997e+01
-4.321128126508743605e+01,1.308572927554332210e+01
-6.085009032960544317e+01,8.892011872967129804e+00
-4.790888717735273161e+01,8.147291927387495747e+00
-7.143140103303845478e+01,6.928256244460379243e+00
-7.199210280888559055e+01,1.449939762454318526e+01
-6.372889931346752235e+01,9.133721264744782076e+00
-7.325364315402180182e+01,7.898365433252894974e+00
-6.070426851038734384e+01,5.326891453371443319e+00
-5.593656697525503319e+01,8.592791412011415275e+00
-1.758760525735269198e+02,8.774406368948238111e+00
1.754468621124433128e+02,6.305317071634510384e+00
1.749806191715925365e+02,5.481145554579036627e+00
-1.766423788486717115e+02,8.027942531119968805e+00
1.755856474887926026e+02,8.955301909935091231e+00
1.787621901676171490e+02,7.164286306056872000e+00
-1.761309207862805124e+02,4.878167193201122132e+00
1.676076643736571725e+02,8.317174430003436925e+00
-1.789854049814419170e+02,1.444104776290923553e+01
-1.696739554564650234e+02,1.522382633076290759e+01
1.711574034094381034e+02,4.339514778013086271e+00
-1.617527926137567533e+02,1.476038044215280287e+01
1.621082922869463516e+02,4.770475054777525870e+00
-1.705833518474867390e+02,7.094013982799922680e+00
-1.770340185945508438e+02,4.361519479393585641e+00
1.698490785702975359e+02,8.668940336970475613e+00
-1.691603971594931579e+02,3.846273540769463928e+00
1.730103347208052753e+02,6.231666315180138582e+00
1.793205382698093047e+02,3.778540694343953454e+00
-1.736576185506026775e+02,5.324493516562563755e+00
-1.592396826555495863e+02,7.690968122007486585e+00
1.610232159833942092e+02,1.005655407260380763e+01
-1.696644576570639344e+02,1.013683458957706307e+01
1.761581522964083319e+02,4.637107303295666227e+00
-1.780187675590975118e+02,6.704556137201724830e+00
1.720626063762599074e+02,5.763038093943530171e+00
-1.745788670252229338e+02,4.624576530373825989e+00
1.656320965684084854e+02,5.651232091281004344e+00
-1.593060378246757693e+02,9.505634274012585649e+00
1.645832864018588566e+02,8.320874063054414904e+00
-1.586152940470334443e+02,1.679935153411836879e+01
1.777436863169875494e+02,1.085620153144134292e+01
1.560299285792869171e+02,1.637308455146278874e+01
-1.627670165585707593e+02,2.169994989087186354e+01
-1.786756771298930460e+02,7.266986698478715923e+00
1.538336655105917430e+02,1.346201459442898596e+01
-1.642766352898901800e+02,1.087248088299649318e+01
-1.628894309302233694e+02,1.001797271476284834e+01
1.578950942647558122e+02,1.072476889231230679e+01
-1.728732486467943943e+02,8.037976041941259808e+00
-6.264058648244247252e+01,7.992788037273086843e+00
-7.039980409759631641e+01,1.051490963423491820e+01
-6.949796902472181159e+01,1.017458952472926192e+01
-7.398127096149863746e+01,7.662731805384488837e+00
-6.092272947811857620e+01,7.871549548816727082e+00
-7.284742276564138308e+01,7.831969651526573983e+00
-6.250441837802656408e+01,6.938124935745445754e+00
-5.624528084611009149e+01,1.106568752267135558e+01
-7.122190347517690157e+01,8.760003717432766734e+00
-4.609953646368435898e+01,1.030776260664185173e+01
7.748475419633857086e+01,1.078474006780932903e+01
6.554849599812804684e+01,8.434844642085332467e+00
5.893854788728229721e+01,8.910342212447265098e+00
7.125537621227771012e+01,9.449475097953452973e+00
7.607416913814006421e+01,1.400642686476982490e+01
6.727638312510882201e+01,9.719665853230662123e+00
6.266246801549175416e+01,1.158067039118584951e+01
6.219522535275012842e+01,1.024973223624811780e+01
6.284645882422359620e+01,1.260499422331603370e+01
7.387599418235386395e+01,1.237062881226248479e+01
-1.687065637061542418e+02,4.243451106907190962e+00
1.651822858821595617e+02,8.194440256934687028e+00
1.798688642002967413e+02,6.229833751156314214e+00
-1.709041551098256946e+02,4.587554612056946368e+00
1.668298554900746353e+02,5.576873836034001108e+00
-1.749048559575720105e+02,4.399167441244570043e+00
1.786428141335599094e+02,5.873324488167293467e+00
1.786724175411143278e+02,1.170660194144921995e+01
-1.747128682526883949e+02,1.027784092379648229e+01
1.782100764782541944e+02,4.579418115664070754e+00
1.721907114791942774e+02,8.235394127880390158e+00
1.754676651970758314e+02,1.914278086170715820e+00
-1.720593550253002206e+02,1.084526430425524701e+01
1.725693821728519026e+02,8.536352018933433428e+00
-1.795428298091325985e+02,8.471583718799520213e+00
-1.742664994203415461e+02,7.118136693406024840e+00
1.752188769809307871e+02,4.174442379816881044e+00
-1.700145300616717918e+02,6.460910725721133119e+00
-1.753843517637431546e+02,5.419077265708830637e+00
1.667880685769362685e+02,5.855253053522467610e+00
-1.790605424459391202e+02,8.451357350825672299e+00
-1.790138247537625773e+02,6.863787493228601377e+00
1.772751708800232961e+02,6.853410072878865833e+00
-1.793730983261265806e+02,7.519278749897903680e+00
-1.761595906620940468e+02,7.935397722632311357e+00
1.752018579719023705e+02,6.608128639739571319e+00
-1.657116306611454490e+02,6.026740914368584612e+00
1.736168128198634122e+02,9.529049723297880803e+00
-1.772135001558212650e+02,6.472228374549281682e+00
-1.752885164520999695e+02,5.597124016615858011e+00
-5.381884971938170281e+01,1.017530275211576196e+01
-7.105404430413553030e+01,1.740445539915102202e+01
-6.816305484916702540e+01,9.568662600356795167e+00
-6.613412060740454024e+01,1.085918256857480202e+01
-7.496190543437943177e+01,1.533322187293113359e+01
-6.779409805124041100e+01,7.968075505963208016e+00
-6.900630771574984124e+01,1.042451890485462584e+01
-5.805691546626920285e+01,5.276629423871630920e+00
-5.569121155386206823e+01,1.165474673634687441e+01
-6.153439893108340186e+01,7.218832604025653410e+00
-1.797572531682855868e+02,2.737747632026030775e+00
1.765748737312826506e+02,9.304030928698843184e+00
-1.748969857712404234e+02,7.182882108196336546e+00
1.647845770934614222e+02,1.065946115246664405e+01
-1.675413298071470081e+02,3.004541671372600753e+00
1.656169003836706679e+02,6.679178097486426324e+00
-1.764014028841673678e+02,1.395802560468957765e+01
-1.715092820140322658e+02,9.372581104019941378e+00
1.782996399264387151e+02,7.960061500608746954e+00
-1.775342010317447432e+02,4.345123717399712149e+00
1.676782178300686041e+02,2.063639725932871372e+01
-1.582820886636808950e+02,2.742173476678431854e+01
1.693826903442570426e+02,1.717187831604346826e+01
1.718148436168841329e+02,1.767785214788583659e+01
-1.712533822449301226e+02,1.050551574548507361e+01
1.681744455348805332e+02,1.160405195219122731e+01
-1.759160890672193602e+02,7.153863323719509282e+00
-1.756067204303013511e+02,1.217145133641805010e+01
1.658885373121146074e+02,1.017851293954791814e+01
-1.786653247490237675e+02,7.498522641187548743e+00
7.473138801977513879e+01,1.356635118930026707e+01
5.898473248950581649e+01,9.734705461163510876e+00
5.887632530220967908e+01,1.087176331894471204e+01
8.072774445968165935e+01,1.271653943298295530e+01
5.822681064530847550e+01,7.755481213631581383e+00
5.936269730390525723e+01,1.155446033328747646e+01
6.877501292233456809e+01,7.802440258336627465e+00
6.622602624275837968e+01,9.336039273828722784e+00
6.331657437654227749e+01,1.096006053209046271e+01
6.517159471717461372e+01,1.263761258675096144e+01
-1.682494392384211608e+02,1.592878708621692851e+01
1.705127014222851187e+02,8.334847573015892408e+00
-1.772592714733063701e+02,6.341318849445782391e+00
-1.626231563838711054e+02,1.063095424241098463e+01
1.751189542304208260e+02,1.463797914599062899e+01
-1.709285339139361213e+02,1.235263350153665662e+01
-1.669284198984771024e+02,1.276011337891220165e+01
1.726007970625502992e+02,1.429620531606318679e+01
-1.770599197581144608e+02,1.392985122689830391e+01
-1.720407186920687082e+02,1.469087384766302762e+01
-6.861381741654150801e+01,1.499616625680338267e+01
-5.769502677252824441e+01,8.031885742909240733e+00
-6.648314033771805498e+01,6.758930219208165724e+00
-5.148990225377101382e+01,1.536618839038437656e+01
-7.094830430330574700e+01,7.640040326732876252e+00
-4.970741352199334528e+01,1.183365703755568532e+01
-6.038371255337123955e+01,8.009421843764640059e+00
-6.906372672483021802e+01,9.458736134791106309e+00
-6.584244284803347114e+01,1.256938867506529434e+01
-7.962340431175620381e+01,9.375204551470904590e+00
5.918130111146887629e+01,2.196789257656219263e+01
8.382513811009650340e+01,2.169288550980641617e+01
6.090609055519076520e+01,1.800425564024855163e+01
6.658648255897919910e+01,1.848411554610337859e+01
6.621099894520425266e+01,2.077755111470228400e+01
7.786243151706827348e+01,1.507018114359540917e+01
5.605753917980386802e+01,1.771048241397659240e+01
5.814968253814866728e+01,1.241037174489082062e+01
7.845544817661395598e+01,1.769469809694368934e+01
6.228011750238755440e+01,1.890674726138448136e+01
-1.696984707482278338e+02,1.220958080376292365e+01
-1.755260622298680744e+02,1.045532524517214945e+01
-1.798248464646969751e+02,9.320312894317069663e+00
-1.634644263414111549e+02,1.274524305572315441e+01
1.780251138606050176e+02,9.708523441917723318e+00
-1.779392003189641400e+02,8.503715802101524446e+00
-1.592723426425254161e+02,1.222604535090394506e+01
1.724962691098063488e+02,1.085069971483774864e+01
-1.670052298486241682e+02,1.638036323704814379e+01
-1.796531047862887078e+02,1.425204750206558124e+01
1.710791177651839234e+02,2.054207195550144860e+01
-1.689177792831635259e+02,1.775823464703477939e+01
-1.785637725575937225e+02,2.119466355160381354e+01
-1.657423121707337828e+02,2.232342216636859433e+01
-1.762242913095832932e+02,2.083178462152054067e+01
-1.779626592076590441e+02,1.757991128343733322e+01
-1.674929207051477249e+02,1.819402154890913792e+01
1.686952188180220276e+02,1.664656613226809867e+01
-1.695240194503011821e+02,1.655321748167259344e+01
-1.733645308215963325e+02,1.556398985509702726e+01
1.706720248621618339e+02,1.294504277283109417e+01
-1.746118681629313585e+02,6.405825255978888855e+00
-1.711843947757043622e+02,1.641753818182234781e+01
1.620488159212250991e+02,1.260434256702138001e+01
-1.710350701929016282e+02,1.642896115141419244e+01
1.759300441338161818e+02,6.415090551789068840e+00
1.756422672592044876e+02,7.066259940251282679e+00
-1.617316215892227262e+02,1.213731259270685747e+01
1.645924563332943649e+02,1.087279843849402461e+01
-1.787453185192322564e+02,6.194019440233527796e+00
1.791198957734792145e+02,1.603321106112574768e+01
-1.762269342796547562e+02,1.323281135157544597e+01
1.761623855144266884e+02,1.027796648643262145e+01
-1.704633356001345135e+02,8.214190867200221291e+00
-1.738705831408714744e+02,1.592123264919600700e+01
1.781862672667581933e+02,1.841152535489685604e+01
-1.769829845694567894e+02,1.541259723338389165e+01
-1.728664124663387724e+02,1.636051826295612344e+01
1.753014938632399549e+02,1.155996139424922475e+01
-1.742726719127779518e+02,2.077660572439423703e+01
6.732222770627585362e+01,1.356653814943262049e+01
6.012949222610989608e+01,1.117361463453902459e+01
5.838119712699415942e+01,1.429939181844936158e+01
7.958610220007200553e+01,1.658644626626235308e+01
4.923106858496416294e+01,1.565892942942364385e+01
7.448647983374728199e+01,2.414746398271371675e+01
6.689409343322097357e+01,1.929519060334951774e+01
8.189337863803105222e+01,1.276787932322673313e+01
4.447822368159314976e+01,1.630412230798602025e+01
7.037953169321011160e+01,1.141435614333340887e+01
6.628095683530960969e+01,1.185681299996495497e+01
5.449479591117250266e+01,8.589110275088074786e+00
5.955388719033894773e+01,1.113240809515109220e+01
5.815848964418405131e+01,9.881733236534930853e+00
5.480597522804881550e+01,5.930176901247228294e+00
7.395732440315207157e+01,1.327521762208876055e+01
5.013483830144327413e+01,1.170828195945516015e+01
6.213102951915061567e+01,9.364978010788364671e+00
6.015630469596850816e+01,1.046620504648259775e+01
5.377455344774003976e+01,8.079010416456654298e+00
-1.721045791029719965e+02,8.785395365047563132e+00
1.709990355877891375e+02,1.526571449740821507e+01
-1.669460354759058589e+02,7.811909802824875015e+00
-1.796035511163468641e+02,9.343645408838153088e+00
1.774088874643150291e+02,5.005388088639020516e+00
-1.774870508403560905e+02,8.862431737860397618e+00
1.761070832338575940e+02,9.368594811097661790e+00
1.709251449412632837e+02,9.465294295377743694e+00
-1.696059203289508730e+02,9.032549024477154020e+00
-1.680992282200947727e+02,6.994897744034989984e+00
1.652301375370303163e+02,1.175464127792789171e+01
-1.689291174369470525e+02,1.382812118930150191e+01
-1.788368007584081738e+02,9.395181070159978276e+00
1.725742895247632873e+02,9.725700628388153746e+00
-1.770972586480395137e+02,5.525134621567074689e+00
1.714602603589967771e+02,1.028520376172475892e+01
1.754394866695868416e+02,1.378349971357500969e+01
-1.698245290865232278e+02,1.116625026863281533e+01
1.668811813765152579e+02,6.233102470885443225e+00
1.789790963141255418e+02,7.955739693368048648e+00
-1.777882140516227878e+02,1.289565197101461003e+01
1.761887814662613607e+02,1.127855727627565585e+01
-1.756759690960197702e+02,1.055174942880891820e+01
-1.790220962683419827e+02,1.591212418721659105e+01
1.797499697705778487e+02,7.712541005078442424e+00
1.745687607062957625e+02,1.201620383679827953e+01
-1.760518811104815882e+02,6.351347222440561602e+00
1.718428840728804516e+02,1.045399716516806166e+01
1.795367581185455776e+02,6.992167433095913154e+00
1.771718669028763600e+02,6.764125943400705054e+00
6.890420153399307424e+01,7.415303552433453405e+00
5.870138904602377039e+01,9.379556476692307854e+00
6.107738914597080537e+01,1.227368439817194457e+01
4.925098831770582564e+01,2.483554133257310426e+01
7.002966598223208905e+01,1.636779816683643674e+01
4.745392795546302978e+01,9.572343174002710953e+00
6.033715427663490516e+01,1.300718870045130515e+01
6.443564455504640875e+01,1.617649832452110203e+01
5.028579326510465108e+01,1.270943068505353324e+01
8.923784851267075169e+01,1.286629350268966299e+01
7.451270229960697122e+01,9.426137759968760577e+00
5.582377666756629253e+01,1.407079277914378856e+01
7.133603899788532487e+01,1.086513683417631526e+01
7.295748067492580446e+01,1.568480103044216989e+01
6.561008125066948082e+01,7.426271073855271965e+00
6.799962777912894296e+01,1.728422749331960517e+01
5.638945821194970875e+01,1.453155757839218154e+01
5.826007758619118704e+01,1.156497015830547781e+01
5.022877639745794909e+01,9.765452437330827351e+00
5.449788191973585327e+01,1.160775330719499543e+01
-7.096335537937073923e+01,1.107144221451082444e+01
-4.548503293905266531e+01,1.069923626970628838e+01
-6.121246167439688435e+01,6.471100091731889492e+00
-7.388124353111737719e+01,1.181975153211995355e+01
-6.513868688653710137e+01,8.008524295716206609e+00
-7.313248967753737872e+01,1.381994531419086059e+01
-7.949117386845773581e+01,1.717272342977276267e+01
-6.845124880128005884e+01,1.168345695282854990e+01
-6.962788144363331355e+01,5.279959136004048759e+00
-6.029099122995253168e+01,9.712369224010981128e+00
1.796567730804455607e+02,5.233900922398813549e+00
-1.735829971050520726e+02,5.195728809674516668e+00
1.698514204790696454e+02,8.413734873311300433e+00
-1.732480543351486517e+02,6.806209542337164464e+00
1.798901859753191559e+02,5.421198896902930997e+00
1.636287588703316089e+02,8.901206170222556224e+00
-1.576191913607953552e+02,9.964501613373691669e+00
1.793993204437089162e+02,5.376285959983870377e+00
1.648799395866526254e+02,7.911968447399859272e+00
-1.610245344553018469e+02,8.591456936739465533e+00
1.762682154610861858e+02,1.341396856502288948e+01
-1.773003855399566930e+02,1.494025676813302539e+01
1.781282763091880668e+02,7.864179925076122402e+00
1.698832213234914548e+02,1.216660489032040715e+01
-1.714378404111574241e+02,1.269850030005475006e+01
1.731628332952951155e+02,9.423562887318759351e+00
1.792593030167733161e+02,1.187687509453840562e+01
-1.743495438157931972e+02,5.678750105518497904e+00
1.705908071441061509e+02,1.141507891613634129e+01
-1.739488025567650595e+02,8.853494768292556216e+00
6.351122121631568263e+01,8.423359652294708511e+00
5.918079159359393771e+01,8.051776760922692233e+00
5.697578042398087206e+01,9.092268418255578410e+00
6.456557678596506378e+01,1.572603245201542776e+01
5.013989098896158225e+01,1.065940704863227140e+01
7.448240116751949813e+01,1.587967290152057487e+01
5.411907106458434669e+01,6.145982068751919769e+00
6.880688777510187037e+01,9.587558483594118997e+00
5.494112028485797339e+01,7.228925758095713583e+00
6.157440149172278154e+01,1.102678132305337044e+01
5.890100301447939302e+01,7.529588311943792078e+00
5.476497137480089350e+01,1.108833265643480814e+01
8.224932930559795352e+01,1.397384398516465431e+01
5.400669230959341149e+01,1.169775676886109395e+01
6.417454975466228007e+01,9.416274855507925423e+00
5.049069903442196505e+01,1.715286830107485372e+01
3.620246815142650831e+01,1.770899829048444474e+01
5.595225261371172820e+01,2.380118613229607050e+01
2.801239054938506357e+01,2.043273193409840260e+01
5.656569596188293048e+01,1.045381068219869114e+01
-5.222734954740218427e+01,7.738568773249657085e+00
-4.682450140449029874e+01,7.242000649308820925e+00
-8.167210746845964309e+01,6.374972753498015621e+00
-5.148252934017689597e+01,8.744683229918344125e+00
-8.219871066475975852e+01,1.069258853952399235e+01
-5.969069078427676800e+01,7.831167173215806798e+00
-5.724089979878481671e+01,8.219919178268945359e+00
-8.219849042631643954e+01,9.555945382150191847e+00
-5.103167731749061176e+01,1.326001374939178667e+01
-7.660651015852174339e+01,1.106180392822685121e+01
-1.658330717875211917e+02,9.670123286368138338e+00
1.711808472741799676e+02,6.831358639837073810e+00
1.696575903393306248e+02,1.550517961630461983e+01
1.796801908109648593e+02,6.333568239193548166e+00
-1.695914523846725785e+02,5.625237805669902613e+00
1.630587256497847193e+02,5.747950510367741295e+00
-1.622737154343673467e+02,5.926842183562181177e+00
1.713771728901779454e+02,6.092486543575378555e+00
-1.703635715127687149e+02,4.375298839370413972e+00
1.738123086897967653e+02,8.569247890532983192e+00
1.787217936610594222e+02,6.007260151123251291e+00
1.777267726756072932e+02,7.945398971839519930e+00
-1.779674943731448877e+02,1.061105530280572218e+01
1.734400181958960445e+02,1.363594461349855891e+01
1.716229229502746705e+02,8.580421733387128214e+00
-1.787793941164555349e+02,9.912328052805873924e+00
1.748849058242800822e+02,6.317280130567793250e+00
1.683168537832490301e+02,9.031769629248655562e+00
-1.771650751223098155e+02,1.143728655074982470e+01
-1.788019832426973039e+02,1.058590402660460583e+01
1.729699352782523931e+02,5.702403284482945978e+00
-1.725761298256340979e+02,6.337666708139500393e+00
-1.790784544232009807e+02,4.325283693450079348e+00
1.750245054788532855e+02,6.743640071411745041e+00
-1.742346261916209755e+02,6.706885777756333766e+00
1.694599522775526168e+02,7.719103016701685860e+00
-1.745187076807474966e+02,7.442600377457184280e+00
1.755589949286876390e+02,8.268386580648297013e+00
1.776685983269915141e+02,9.399444006704243293e+00
-1.751533740134985919e+02,1.527699862596112368e+01
1.688982341706943089e+02,9.332178756729609503e+00
-1.628471826312409405e+02,1.455035568734363061e+01
1.519574886157801359e+02,1.602017604724986910e+01
-1.681186262436809216e+02,1.192933178844157815e+01
-1.789072624109610672e+02,8.395885592242530393e+00
1.695825380771933055e+02,5.504455024379494077e+00
-1.775204092218023959e+02,7.211067170598630227e+00
-1.744297803608771460e+02,2.197430831314996169e+00
1.725270089066890478e+02,6.573132821775354628e+00
-1.794862166856482588e+02,7.610589425829514809e+00
4.042275914302253170e+01,1.621474598185034921e+01
7.874459012779531975e+01,2.218178399949237445e+01
5.014777047546748179e+01,1.102065447278618926e+01
4.671001352593774669e+01,1.994004360689535460e+01
7.115375647674652271e+01,1.871656522713013970e+01
5.150027840776639465e+01,1.453570995482599137e+01
7.928256687788335455e+01,1.645874681244684012e+01
6.707478770504792465e+01,1.128833516300360174e+01
6.096877388567376244e+01,1.280203899370313181e+01
6.926794828239940216e+01,1.747646996248084150e+01
6.030219119482051582e+01,7.336369679053877491e+00
5.673696628104190154e+01,7.301154132032866784e+00
5.941162335817735141e+01,6.506920169739450088e+00
6.767632261547807104e+01,7.995711163604234173e+00
4.277277220493146359e+01,1.247876919495867654e+01
8.444838021994523558e+01,8.407189616174438385e+00
5.850466832025220754e+01,7.984868565897018655e+00
5.329944402349754995e+01,8.119537953276626752e+00
8.668873661394241026e+01,1.467127867407242903e+01
4.002120809533755619e+01,1.085968052835435316e+01
-1.681181589061213799e+02,1.066661961259992708e+01
1.684588799393584395e+02,4.566197618096786925e+00
-1.792878390323801057e+02,8.596365953583596564e+00
-1.781968964549736540e+02,1.179394497581978030e+01
-1.762552731894698752e+02,9.706425560063378200e+00
1.736904933953159684e+02,1.091604955467373372e+01
-1.736003277919075742e+02,7.324729628700597850e+00
1.745422603370252830e+02,1.233860245684947898e+01
-1.746847031481816543e+02,5.630558356687968669e+00
1.736998800192396004e+02,1.327357679492778431e+01
1.649538880326861090e+02,1.163449270188955786e+01
-1.663395041548715767e+02,1.501974457015903752e+01
-1.762214351354593873e+02,1.337598000318070390e+01
1.739820774973231607e+02,1.612848335235128872e+01
-1.711542603355686651e+02,6.380272540214698473e+00
1.712168839987600961e+02,8.300624981094603783e+00
1.771916100010793969e+02,8.790244220210702508e+00
-1.769591118427261449e+02,9.104085289635364120e+00
1.783258245483795292e+02,9.351996670188428951e+00
-1.753453035784110909e+02,9.079204861548401340e+00
5.821967496212253934e+01,1.487354295375054569e+01
6.451577301295343148e+01,9.892448621215336857e+00
5.224696989522748680e+01,1.465656627266925227e+01
6.131381872927164522e+01,1.320817291255647064e+01
5.419348524096393760e+01,1.350178776345890164e+01
4.214524726916707920e+01,1.644247593823062203e+01
5.105712774061883863e+01,1.742481721137071560e+01
3.928985278285659888e+01,1.237079563377156433e+01
6.578126394364818452e+01,7.265707489638414174e+00
6.798910355379152293e+01,1.978731971427879799e+01
5.842139520848333234e+01,1.588272391953960039e+01
5.267265855884372172e+01,1.100777974290953409e+01
6.500448303783316817e+01,1.315886593761247170e+01
5.676466825841555419e+01,1.343045935651417366e+01
6.961135309595671572e+01,1.032301044591078565e+01
6.445443274895038144e+01,6.472025084804774231e+00
6.002931512898394573e+01,8.712621301838639809e+00
6.758398210980092813e+01,9.322599659271268990e+00
6.112024894435828770e+01,1.291445435081931770e+01
6.555365906003508769e+01,1.011348788196890780e+01
1.753224710123822661e+02,7.190499585618914224e+00
-1.780612291432422012e+02,8.374387768868139403e+00
-1.555459666792856694e+02,1.131085682594570585e+01
1.694968417523386677e+02,1.783400696648531891e+01
1.791692987841609863e+02,1.256683977115589812e+01
-1.666151502634119481e+02,1.159488784385944626e+01
1.709176657521007314e+02,1.462212105365077086e+01
-1.754272517023856039e+02,1.417527306426833178e+01
-1.651939128810755335e+02,1.325712313153220023e+01
1.742322463435484110e+02,9.207718015624930530e+00
-1.796358029109474046e+02,1.308463876273735771e+01
-1.716430659413163369e+02,1.473072916102350760e+01
-1.712395366587329306e+02,1.768012571217473550e+01
1.741137509184314922e+02,1.881999274046051696e+01
-1.656564871801024310e+02,1.210341056838995399e+01
1.775231539324786070e+02,1.072857037031912952e+01
1.772544350145469707e+02,8.197386648342252613e+00
1.794643083038346845e+02,9.627859529155609053e+00
1.764734619526472557e+02,1.149545722825993366e+01
-1.740747684585895456e+02,9.241238597912566632e+00
-5.795509614020796363e+01,1.512639836638035362e+01
-7.699959177451702885e+01,1.605576817806551659e+01
-5.725598083715381392e+01,1.751526577495720005e+01
-7.542732978038677061e+01,1.730359390473041259e+01
-5.607412327563994126e+01,1.479049662489101635e+01
-6.918473077615433908e+01,1.810554767457514203e+01
-5.956854217788233541e+01,1.759140777541694689e+01
-7.562809172234062771e+01,1.149852434494520992e+01
-5.935047697614187001e+01,1.658642971202511163e+01
-5.838418601443966338e+01,9.097749953733142547e+00
9.743261641729169753e+01,1.514321582218821050e+01
5.632651535548600208e+01,1.032538099686550837e+01
6.790410493187724228e+01,1.246339237024249513e+01
8.401342930306654466e+01,1.605184064486330087e+01
4.643819492918938607e+01,2.421534156790186643e+01
7.739570594102762868e+01,2.181399096648368641e+01
7.631175151351389729e+01,2.060302710597107989e+01
4.858229447470966278e+01,1.955561755227478216e+01
9.724416540708563161e+01,2.067803137628820309e+01
5.284210608857108582e+01,1.504228602278167060e+01
6.969679359438389099e+01,1.384757900334799530e+01
5.700850652503156368e+01,2.396740406915250077e+01
5.027534461742842353e+01,1.130222458380277040e+01
6.884694146558786088e+01,1.912753419727680182e+01
5.564938155142189657e+01,1.753150769343338666e+01
7.260108226479358962e+01,2.017165852996753728e+01
6.570375521573581068e+01,1.742463751806191041e+01
5.809252999664684580e+01,1.033743631240065142e+01
7.075412610832229632e+01,1.878004993877272355e+01
5.442908899856948324e+01,1.020277759449784938e+01
1.784424346138713133e+02,3.436816586090458259e+00
-1.753296431575534484e+02,2.779614152184369580e+00
-1.751890130468447069e+02,2.930646816484582029e+00
1.722747438213484656e+02,1.890633456550628644e+00
-1.759656023156957474e+02,1.219802346893944511e+00
1.671396350885547690e+02,4.217731803241880684e+00
-1.697469372693859100e+02,3.465594824630842119e+00
1.701607173299626368e+02,3.969547568732236797e+00
-1.682861367660171368e+02,4.308321876744125589e+00
1.754601324907354183e+02,7.309543221135045954e+00
5.107863917759125627e+01,1.822819699130604576e+01
7.698726869594331390e+01,1.519581531331184543e+01
6.329457023401219828e+01,1.799084044740236976e+01
8.512540164347855409e+01,1.264728603001745100e+01
4.871645965498107955e+01,1.672761968455085224e+01
7.417045518887556455e+01,1.166166844132837710e+01
6.426018577948008215e+01,1.305324606386367847e+01
7.818225793473877161e+01,1.196506165079880901e+01
5.774399504032518848e+01,1.211822023974621132e+01
5.712928716208583069e+01,1.280504313058743193e+01
-6.533134379576594597e+01,1.470815263994236055e+01
-6.523479091714922617e+01,1.285162244829831302e+01
-6.272615642399476599e+01,1.511969119416500185e+01
-7.234832588816585996e+01,1.186856831269073353e+01
-5.571237216580150431e+01,1.506858329216107961e+01
-7.215506841317919395e+01,1.619440564490210122e+01
-6.901986635328213993e+01,1.447566429767193874e+01
-6.466981349906924947e+01,1.220870350480990751e+01
-5.681169711649808107e+01,1.377565377410113356e+01
-7.791729128321331643e+01,1.658250664019452003e+01
-5.644318962925999017e+01,1.081389728126170091e+01
-6.927510055672618705e+01,1.126550294476013825e+01
-5.416532088189659788e+01,7.288770862457635502e+00
-5.798276809603764548e+01,1.375851419264218833e+01
-6.204439027253618377e+01,1.069455080317449180e+01
-5.945427550448860643e+01,1.429520823210823011e+01
-7.367073909325337411e+01,1.530516344125584283e+01
-5.926425556630812252e+01,1.701630008341455280e+01
-7.666256809930855809e+01,1.216910831443721719e+01
-5.662151705501113241e+01,1.359140895088405898e+01
5.603685692669653662e+01,5.156084931618047484e+00
6.712700530988935554e+01,6.021236810596896305e+00
4.633224382154968879e+01,8.866616137807671549e+00
6.384359181339483769e+01,1.096112812068958142e+01
5.473244307024411626e+01,9.057243994364659656e+00
6.528495693424612512e+01,9.817881216004753497e+00
7.738470941374680478e+01,1.025738725421969733e+01
5.817252701657245950e+01,1.919367148253621380e+01
7.871832319559503333e+01,1.521534262763409018e+01
6.733682432806014617e+01,8.082123103188166624e+00
6.289641364819208036e+01,1.474274643896986703e+01
7.344074365033492313e+01,1.264671809725019891e+01
8.057591922295665654e+01,2.068035985345311545e+01
7.066469691878060644e+01,1.382870836373545842e+01
4.078799501063974731e+01,1.462797453077120480e+01
5.776842170420205491e+01,1.507157695930143504e+01
3.015799584976894465e+01,2.246766754301700786e+01
5.459327830871046672e+01,1.543037160951385189e+01
3.994287355328281564e+01,1.535189908191861363e+01
6.260034863404264627e+01,1.282174129086924630e+01
-6.515956749439894224e+01,5.802287646325691384e+00
-5.734263286806902471e+01,7.242985756082669369e+00
-6.382778243192238676e+01,4.503578252583477770e+00
-6.206882980009025630e+01,5.452704216225731315e+00
-6.276683430025469335e+01,6.752029319501383853e+00
-6.428499779996131736e+01,8.150525394524555267e+00
-6.464366473714078154e+01,8.044903947689885371e+00
-6.498489409224866620e+01,7.350326836137075048e+00
-5.182177199507288634e+01,6.277664139716875091e+00
-6.592454196953394785e+01,7.651937289531973718e+00
1.756017574794004190e+02,9.657705365689622568e+00
1.754005053353006076e+02,1.250701576890404887e+01
1.776214787480711266e+02,8.240500141383160226e+00
1.792944133569927487e+02,7.402051179705296136e+00
-1.761390611834865183e+02,6.291492952796314597e+00
1.787129947773069034e+02,7.202313209475426525e+00
1.732323541100471118e+02,7.602987144973731404e+00
-1.713430702162641808e+02,8.600452482785962971e+00
1.778348673135040201e+02,7.472381876376839926e+00
1.641356121377963007e+02,9.142547472022529931e+00
-1.683874155557484755e+02,1.043501155301868977e+01
1.754420425387764908e+02,5.534760029524827374e+00
1.618741462327494389e+02,9.329216744896232427e+00
-1.716412894361355370e+02,8.566858472266208224e+00
1.769837122260673254e+02,7.056443211860285558e+00
1.616648071451833459e+02,1.008408583727881869e+01
-1.748253332836969491e+02,9.356158662266759407e+00
1.764694171739391493e+02,8.451803634230341089e+00
1.643375510679578895e+02,7.952594696305979483e+00
1.795956386635719184e+02,6.794028192812295863e+00
-6.283417004679611040e+01,1.012682475319286723e+01
-5.374866317937618732e+01,9.452807397156885116e+00
-6.488403192458460467e+01,9.378409828281469629e+00
-6.263742309856144175e+01,1.050512048971033252e+01
-7.810826160157500908e+01,1.125071554214484060e+01
-5.761357920434085145e+01,1.142034218660108102e+01
-7.023509444337604180e+01,8.221301023083917414e+00
-6.136196064619844748e+01,8.222287774543282524e+00
-6.320093664162406810e+01,9.646437032497981789e+00
-7.174424913487000310e+01,1.027329003692828735e+01
7.910127194988977806e+01,8.292918048664878583e+00
5.315487451752529324e+01,8.132254231369310915e+00
7.351725180781937752e+01,6.141380106054540100e+00
5.186273348416012396e+01,7.721256426571526887e+00
6.442141202902341490e+01,5.882130451561735640e+00
6.841172687170043787e+01,8.324219223430930015e+00
5.713645658526515092e+01,8.796736197914164279e+00
7.995106688344287704e+01,9.343840731907979702e+00
5.053630232167389380e+01,5.999890254791690580e+00
6.692724321837143009e+01,1.033043297285843209e+01
7.389964705466273642e+01,1.415745494946158090e+01
5.119562067346854661e+01,7.137320162828912018e+00
6.924703080012676537e+01,7.683238210068759955e+00
7.384275070331509028e+01,1.286815992119364438e+01
6.479110591592194623e+01,1.908322083453588647e+01
8.363906231004368408e+01,1.581618187026727895e+01
6.372882319753088609e+01,9.452336711537139280e+00
4.969826899546549726e+01,8.643494265253997000e+00
7.187217271657524975e+01,1.736124221189594152e+01
3.704963705180342970e+01,2.359281490253814439e+01
-6.863521582453287806e+01,1.063260523154418991e+01
-7.556404472619323087e+01,1.065705047218300905e+01
-5.058742769223859170e+01,1.195241338735770675e+01
-8.139781557646817589e+01,9.251962677039157867e+00
-4.627147339317065899e+01,1.161028778600634404e+01
-5.890385436834597499e+01,8.385084526241350034e+00
-5.275875695194740445e+01,9.161832049448495496e+00
-4.905940013800587707e+01,1.080674825278584450e+01
-5.748202255853632181e+01,1.302781356548536706e+01
-7.016060056136618073e+01,9.644943424593590109e+00
-1.785046417228423934e+02,1.474381887278659065e+01
-1.776222695134323430e+02,1.164435762191869728e+01
1.654305926119348555e+02,1.417168610800398909e+01
-1.658341198723817627e+02,1.571728355729144511e+01
1.614500838503804232e+02,1.278426827358624607e+01
1.556424159125142239e+02,1.376966154085020477e+01
-1.559097176564298479e+02,1.793550685654242471e+01
1.784487403605582756e+02,1.119785750247785217e+01
1.563592539484093891e+02,1.873270212394020007e+01
-1.571895519598700162e+02,1.323409860140865035e+01
7.192517121087689702e+01,1.109084162900121484e+01
6.191659237247562686e+01,1.103198438995348063e+01
6.331583342227368405e+01,8.550150602688869839e+00
7.008271197236014416e+01,1.137722572547802535e+01
6.448584718726951337e+01,1.079382432623353516e+01
7.203984508443834045e+01,8.527415427890531419e+00
5.959187472568746813e+01,1.057167706595089562e+01
6.959347035766774070e+01,8.721515385028856926e+00
7.027076550781721664e+01,1.171571211062428475e+01
6.401504029579115240e+01,1.131426554758121128e+01
-1.601353534371008323e+02,1.518897509408134994e+01
1.687750123274329326e+02,1.725064579201043458e+01
-1.754807490409762067e+02,1.225369178754852406e+01
1.765405047974143713e+02,1.130380922295883295e+01
1.728259325566973530e+02,1.556562922736700472e+01
-1.787048958715545837e+02,7.324463041523230800e+00
-1.635699891239912915e+02,1.006601786250837094e+01
1.697472220405796293e+02,6.893015906778789947e+00
-1.797249838396752182e+02,2.713361367256080570e+00
-1.724154261791416332e+02,9.020514042509827135e+00
8.793842346555703671e+01,1.289070779407477652e+01
4.774361756190187123e+01,9.563002731331213369e+00
6.933704386101227612e+01,6.690865200923222567e+00
6.252256491030074415e+01,1.802840113805887512e+01
5.741511240608112132e+01,1.229542523986876290e+01
8.157194833890434893e+01,1.490395585171006587e+01
5.191149156399609410e+01,1.206049632366528002e+01
8.180974153747055766e+01,1.192592392194153383e+01
7.902151900640454585e+01,1.057263170080469905e+01
5.121932095259789008e+01,1.724217072178774046e+01
9.052678256563673642e+01,1.134092119481107019e+01
6.080970356448829506e+01,8.605776828943792367e+00
5.573452829287773369e+01,1.117591881275168930e+01
1.130279358341932294e+02,2.083269292422662389e+01
1.599846139079046168e+02,1.378120016989477392e+01
-1.442083765707166947e+02,1.517297860069884230e+01
1.558358373545417521e+02,8.480358925726740438e+00
-1.725057864590011150e+02,7.094974699330913737e+00
-1.665900778999957481e+02,9.065954420891092269e+00
1.596782873706052897e+02,1.538421393214285438e+01
-1.645463897546059115e+02,6.626827025129431448e+00
1.741659033899347833e+02,1.230750493433605008e+01
-1.788995020680962966e+02,7.802154611350175628e+00
-1.717228129394899554e+02,1.089093369602526273e+01
1.744867946994162651e+02,8.396233610806376646e+00
1.781518746028403939e+02,1.260320687163092757e+01
-1.722307803192678364e+02,1.100106991829517611e+01
1.681099104207447681e+02,1.233510572895805169e+01
1.756795826572372050e+02,6.835751692318975614e+00
-1.707933668473557702e+02,1.114560037308067919e+01
6.107570470280366948e+01,9.750926754222664528e+00
6.370513522898718151e+01,1.146151929331520591e+01
7.105660748361417234e+01,1.132534093662135355e+01
5.743132086959528237e+01,1.533602995658127099e+01
7.778797216768661826e+01,1.702845635099601651e+01
6.183453606036109562e+01,1.672526830435646161e+01
6.990255664783157386e+01,1.415322995894066160e+01
7.258710609121746415e+01,1.071651124421974188e+01
5.170828764344604167e+01,1.168703280981227621e+01
8.445006216140602362e+01,1.330235537642100319e+01
-1.726146859784321066e+02,9.826126584151150922e+00
1.710563191734108841e+02,6.651995740229362575e+00
1.765450907923466843e+02,4.319601470218542794e+00
-1.758189079464017368e+02,7.091341228554796317e+00
1.761170120064134892e+02,8.377549809649783796e+00
-1.746958518932209472e+02,9.405489449480226583e+00
-1.745226681448861825e+02,8.563006071392813112e+00
1.581954724098673637e+02,1.355413067847967667e+01
-1.620345487829916351e+02,9.840738482771151041e+00
1.689710313221883382e+02,6.052658786266063906e+00
-4.477355760056209277e+01,1.479215589412656584e+01
-6.580727150197699871e+01,1.296622272341256732e+01
-3.893067674550111690e+01,1.427604839510240886e+01
-7.080392357425404271e+01,6.918224029790861707e+00
-5.374860558343477379e+01,1.315163832521266052e+01
-6.432432566200738222e+01,6.621970698244428633e+00
-8.277793372686241469e+01,1.659711197396492111e+01
-5.396053130889381322e+01,1.080633625417190302e+01
-7.382473121474895095e+01,8.436958811972910866e+00
-4.818257162352436751e+01,5.925275384270308088e+00
-5.321470903067002922e+01,1.263718357101669021e+01
-6.263734817002136879e+01,7.861665301520627480e+00
-4.277920872324212809e+01,1.214578181767901732e+01
-8.433915961194014699e+01,1.077819147367787167e+01
-5.719598602969823276e+01,6.632981250045121513e+00
-5.812494305270997330e+01,9.145943316721352190e+00
-8.320700266573463466e+01,8.958618512769083608e+00
-5.849565979380742675e+01,6.825746920748128943e+00
-6.957136846102865491e+01,9.200699250285909514e+00
-5.757581875408049399e+01,7.504866256980792016e+00
-1.753826070561497374e+02,7.541684921142392639e+00
-1.786245458030194015e+02,9.038169946018149048e+00
1.637894519919703953e+02,4.690881192323482551e+00
-1.651448520262428019e+02,7.001527594241635732e+00
1.693498882813858586e+02,8.062767758214656411e+00
-1.783602440561171818e+02,8.858870869334667830e+00
-1.794412046269139012e+02,1.645054500633717609e+01
-1.782115691630573622e+02,1.266613632884433471e+01
1.645227013460618650e+02,1.138890837879662854e+01
-1.572957511895442053e+02,7.718163202275356127e+00
6.460633435635578792e+01,8.204259898883389468e+00
6.250618908531819073e+01,7.428959293941479913e+00
6.552075098015454557e+01,8.610817911689629511e+00
6.218740767262057290e+01,9.445197820381084242e+00
6.150465126769246638e+01,8.373675327066850471e+00
5.721468824925587171e+01,1.353477915479723670e+01
6.209564081474299257e+01,1.457332502652373307e+01
4.917238282726494703e+01,1.298346407575301065e+01
5.769281866385426127e+01,1.613382941618094790e+01
5.768146952487179391e+01,1.399948223063514519e+01
5.726727262696824283e+01,1.415793114800269237e+01
6.155631093709445878e+01,1.506592141894605419e+01
5.583637721720715774e+01,1.483661042625225512e+01
6.746353113687483471e+01,9.227005289938389865e+00
5.183861528206727343e+01,8.933699182674107675e+00
7.300634740988687099e+01,1.021202278462910584e+01
5.914137434670160332e+01,7.633215223617710876e+00
6.678184123682592599e+01,9.942036723526804565e+00
6.250708570315696022e+01,7.702568879703070692e+00
5.923603141782240300e+01,7.349141203505313413e+00
1.676733429816488297e+02,9.210243507983182809e+00
-1.675826632561180531e+02,3.220624002220447757e+00
1.768698477670189675e+02,8.137945914679464821e+00
1.775016521657700252e+02,4.822627956193945131e+00
-1.773094665786744599e+02,7.283977902561934670e+00
-1.783286765926058592e+02,8.245477869615926991e+00
1.783382703978145685e+02,2.319378035730033982e+00
-1.773581945035742535e+02,9.883079881298083791e+00
1.793799800026516209e+02,4.494920113919096849e+00
1.766860658369918724e+02,8.576995587726635506e+00
8.792402035811875294e+01,1.048019390886919666e+01
6.169522130948264049e+01,9.543423445441373332e+00
5.537363942248610016e+01,1.053906074704857154e+01
9.083265746711433053e+01,1.732482473862675221e+01
5.470822799127014946e+01,1.141048377490183796e+01
6.256206841776636196e+01,7.162997707260471358e+00
5.717829621422305308e+01,1.343137241536547855e+01
4.604414094817562386e+01,1.682841967501262914e+01
5.627743110763945111e+01,1.603277981003778407e+01
5.614303953303082295e+01,1.370456832465956687e+01
-1.676497234538492762e+02,5.486286828897079637e+00
1.652044307780279837e+02,7.863926953653706420e+00
-1.649750601626390107e+02,2.958664725561297892e+00
1.711062759358138692e+02,7.038014600485930750e+00
1.723078707747597207e+02,2.944751518694151748e+00
-1.724866667053390472e+02,1.194779936145048538e+01
1.770007329592030487e+02,8.324908020251248431e+00
1.735787146768641378e+02,6.238233541100873580e+00
-1.645387127671528447e+02,1.307505522235035755e+01
1.543204207275630324e+02,9.420125502462449063e+00
-1.717429076581493916e+02,1.232401347758347576e+01
1.511709230226669547e+02,1.386806453243582027e+01
-1.610463533340000311e+02,1.465349530632650854e+01
-1.603626917673004755e+02,1.215967241668408860e+01
1.499668186427713579e+02,2.011627143263013551e+01
-1.697369958265460070e+02,1.343202181215039559e+01
-1.671567520232394770e+02,1.337246641691037929e+01
1.578198504623653093e+02,1.691981334925859670e+01
-1.715396735815445481e+02,1.504780542509131003e+01
-1.748232896437245643e+02,1.497922867313482875e+01
1.763342284943084337e+02,1.530777868832425526e+01
-1.777176105269421384e+02,7.496317231593948804e+00
-1.749488204185653615e+02,5.914729038098753833e+00
1.722193391673606016e+02,4.987590077312564318e+00
1.769958162993741837e+02,7.350255548550002516e+00
-1.708865659258815128e+02,7.782828157502482469e+00
1.658063615731707898e+02,9.386353178732447233e+00
-1.754184292114360915e+02,5.187304550100846789e+00
1.777448763172372708e+02,7.266044124784396097e+00
1.671748305281928992e+02,6.757222086047393717e+00
7.391466606856697297e+01,1.643382471809798773e+01
8.347938430986140190e+01,1.679842094576795475e+01
8.234345071125848392e+01,1.940565764001410543e+01
7.389563899346491382e+01,1.925614825633451588e+01
7.877364850919671824e+01,2.042650254430065360e+01
7.720682995790770065e+01,2.248560346024214596e+01
8.018590665603741741e+01,2.026168351604459872e+01
7.948481509045184623e+01,1.877881694148005209e+01
7.563123800338956926e+01,1.934207043515053215e+01
7.464713791674415688e+01,1.918360864782095376e+01
7.831003410061980219e+01,1.403720994236537933e+01
6.267566005534030893e+01,6.427299631710971184e+00
7.161230339287571667e+01,9.320710478512133079e+00
7.323659838299765568e+01,5.959654803062864659e+00
6.003129089130625573e+01,6.088228672362543392e+00
7.407923051220092248e+01,7.505034455205787935e+00
6.164272145922463153e+01,8.562339112469896207e+00
7.427748173902560325e+01,9.036261869852534545e+00
6.097434019319759102e+01,5.829474979701490867e+00
6.582456362246718129e+01,8.193573232840561715e+00
7.192163245542052152e+01,9.411829860763809563e+00
6.885926398756355127e+01,1.310057980329495919e+01
4.676785642008395882e+01,8.586034118504631607e+00
7.205236383916728471e+01,1.630917724825393478e+01
6.261217010506895519e+01,9.652594488633962300e+00
6.002299649299047246e+01,9.908274216635271969e+00
5.300995733203888705e+01,1.066565636890767088e+01
5.352499941322093235e+01,1.567744828953572522e+01
6.242117848254406454e+01,1.780170600509521961e+01
4.502849498981527177e+01,1.607440309620507080e+01
6.601052516240039836e+01,8.648298434476954455e+00
7.632291490462483807e+01,1.944910835818104999e+01
7.162938344263217516e+01,1.561536877284251901e+01
5.774665861460775318e+01,8.733001690878783307e+00
7.047001449584057298e+01,7.946756919883551262e+00
4.607651176358874068e+01,1.373877392645159112e+01
7.998797915480753318e+01,1.385660246551860908e+01
4.967897988747978388e+01,8.827766257764054103e+00
6.363561885871413892e+01,1.083290235792708600e+01
7.773131138831520559e+01,8.523622405820368897e+00
1.655196994810379749e+02,1.462100260559859422e+01
1.721431527918383324e+02,1.197558149574434516e+01
-1.662693759823514768e+02,1.572775173943984584e+01
1.747265711440920768e+02,1.003392338801145911e+01
1.743325042657154711e+02,1.344451268547719991e+01
-1.691716538236731253e+02,8.323988164466111783e+00
1.743356899177814512e+02,1.264213349669993036e+01
1.768806229856889729e+02,8.130401737571762766e+00
-1.655246201824238597e+02,1.355880202866915951e+01
-1.788589721805842885e+02,6.122593895861221824e+00
-1.787153122156423137e+02,6.268396998817674870e+00
-1.782854867331908224e+02,4.118132220560670298e+00
1.766684682077658692e+02,8.313267020031029020e+00
1.786299198744009118e+02,5.572895820686823321e+00
-1.703354107616061128e+02,7.835122324155390672e+00
1.793705798945784124e+02,4.653544027118129200e+00
1.737058713517402850e+02,1.135401342027880922e+01
-1.755514958943533372e+02,6.285981204987085569e+00
1.720199540546058188e+02,1.438363858247870652e+01
-1.743726085098734018e+02,5.964500774511378722e+00
1.754489320100530847e+02,1.116118181791561881e+01
-1.717178432310149390e+02,1.032105567513907651e+01
1.739500775789679778e+02,1.741361208086623691e+01
-1.791084252857131673e+02,2.499298850837355701e+01
-1.470439952884019590e+02,2.377316668113230946e+01
1.689406692016832778e+02,1.875900846458980809e+01
-1.786207622741937939e+02,7.264904385318146751e+00
-1.752941119910294390e+02,1.538517401002669516e+01
1.629912167880058576e+02,2.146353203067281612e+01
-1.711452774071181011e+02,1.946511519367942000e+01
6.023934807396128122e+01,1.101845478003391321e+01
6.006933755764330840e+01,7.035961015853854583e+00
6.220915612407003437e+01,8.896649906671800778e+00
4.970996505427127232e+01,1.360164534181548568e+01
6.090220350477694211e+01,1.123492906824752779e+01
5.620256007373491514e+01,1.081111030621322122e+01
5.753855089604666517e+01,5.386043092179527925e+00
6.975915978698037634e+01,7.684923225011484504e+00
5.630066527624693862e+01,1.056746134203887877e+01
6.822796863937004730e+01,1.106232364425979320e+01
-1.762293294018950007e+02,5.148175662527005869e+00
-1.796128945943422366e+02,4.823820974934708516e+00
1.783334704702626539e+02,2.349398450243911807e+00
1.755221448357720533e+02,6.990842973905843749e+00
-1.740147880027996337e+02,4.049473125411211072e+00
1.692456825940096508e+02,4.917699026946023011e+00
-1.706518619110346151e+02,5.636492148958998527e+00
1.670002816219173667e+02,5.399760239331232725e+00
-1.697602648322700247e+02,7.710760282651685671e+00
1.732248342308289466e+02,8.242940782248618703e+00
-1.774281912834126729e+02,8.915893949809490238e+00
1.703497860867530846e+02,1.108726529414986395e+01
-1.653645082121603309e+02,1.090587613093316932e+01
-1.762235572118381697e+02,9.073834049682844238e+00
1.722533071258968675e+02,9.970328844809724700e+00
-1.692569042984866883e+02,7.570066610698592768e+00
1.786621858379445769e+02,7.132612940419949865e+00
1.779331113006842884e+02,7.880782506767767259e+00
-1.799810885248887473e+02,8.467550722417858111e+00
1.780012544016378797e+02,9.599927132943662400e+00
4.502557499722195189e+01,1.443541541462746380e+01
5.561248694569772510e+01,1.010100811150246614e+01
5.346736564199606079e+01,1.585740224574869117e+01
4.925471710877641129e+01,1.219270268349364983e+01
6.752006626260082101e+01,8.264907139910667055e+00
6.290027264183472511e+01,1.053411352235530352e+01
7.553535852671718942e+01,9.864877943029764396e+00
6.371468540066599218e+01,7.354066480554173779e+00
7.050239589623407710e+01,1.176547825530671787e+01
7.251850107509145005e+01,1.311917958572916731e+01
1.613426939077118050e+02,8.650207733157575518e+00
-1.579091149227366486e+02,8.422037813755189006e+00
1.654162016058999711e+02,4.894279401507764860e+00
-1.692251093624566920e+02,6.576286898597619945e+00
1.771734480603984991e+02,5.286313986215267491e+00
-1.777188086565802791e+02,1.236648252858839570e+01
1.756539261729024588e+02,9.575712608180351637e+00
-1.694431211901499523e+02,1.114293894397249574e+01
1.640564450856330438e+02,1.098840931097915430e+01
-1.617558503135658725e+02,8.050303113989377479e+00
-1.699094523573913307e+02,2.136788954450409506e+01
1.572684093873432118e+02,1.660596939896650071e+01
-1.761390528586702260e+02,2.772004418731377928e+00
-1.788734910774883531e+02,8.440338873883170834e+00
-1.731622380620618742e+02,1.319261022762996838e+01
1.731424833958999443e+02,1.019859526222527890e+01
-1.653418290956421686e+02,7.038800605371214658e+00
1.553137092487982329e+02,8.451184722977505004e+00
-1.518580374105085866e+02,1.153255658360267333e+01
1.788398988239950143e+02,6.366278230961153639e+00
-1.704191723697871339e+02,8.808477351771573538e+00
1.710736495641488659e+02,9.420360487652818193e+00
-1.734160681395646861e+02,9.149071011226558525e+00
1.707024445903209653e+02,1.376562238176084563e+01
-1.730744660823540926e+02,8.596757553438884258e+00
1.749764688692806658e+02,1.492968591547959889e+01
-1.750642253567017974e+02,1.224476467650631406e+01
-1.751547899236638273e+02,1.284030394194742009e+01
1.765846733182148967e+02,1.612208295816190073e+01
-1.606664026459804404e+02,1.477530141017145482e+01
-8.104027537871837694e+01,9.648419224945744332e+00
-6.150555096761411278e+01,8.706049218890093755e+00
-6.249598572908791994e+01,1.489696525581058850e+01
-8.257403721827267873e+01,1.835693958712813867e+01
-6.479550173892710063e+01,1.541364670315377339e+01
-6.907675908311516366e+01,6.372648036229088930e+00
-5.861844107069163101e+01,6.461013138071075801e+00
-5.171689516727206382e+01,7.094635300999647676e+00
-5.995293931521802477e+01,1.326811995095866692e+01
-5.159739332628191733e+01,1.248498266140827617e+01
-1.686630246245435671e+02,7.569312966360359773e+00
1.601139771599883943e+02,9.895291100840921672e+00
-1.598084026906734323e+02,8.784788262322505759e+00
1.694093467651304650e+02,4.347411780166293482e+00
-1.774870534933918123e+02,2.850215218813932694e+00
-1.795687697691029143e+02,5.496566132755772216e+00
-1.694770371680300798e+02,7.539162752861761518e+00
1.690998259437726574e+02,1.203692980389521061e+01
-1.655239865034503168e+02,1.124680646299275466e+01
1.594961539049398596e+02,9.590342260284186793e+00
-1.717943050112573076e+02,1.273337345572744539e+01
1.706040103593865638e+02,7.655168977718918910e+00
1.798693207582452089e+02,9.575323128084921365e+00
-1.749726522760429361e+02,6.282455597898978006e+00
1.688735672777112882e+02,8.884263458822895032e+00
-1.706287661347912490e+02,4.116206238907517800e+00
1.774718850589804617e+02,3.430544776246546412e+00
1.797574704268311052e+02,5.258655038880865717e+00
-1.752815485615180364e+02,4.548742320751851587e+00
-1.783221809952742944e+02,8.767293127442375322e+00
7.049982602612710991e+01,6.889858209265010913e+00
5.733422851153046196e+01,1.269228550168481462e+01
6.452846876735416970e+01,1.310098452706771077e+01
6.264318516852370777e+01,1.161506337612953743e+01
6.260979548558928087e+01,9.038977256219062895e+00
7.352508566703212978e+01,5.687452519753020574e+00
6.366927674244756474e+01,8.076807570153755833e+00
7.114609810909892929e+01,8.750172948673331064e+00
6.231373628074782545e+01,9.881511064181822235e+00
6.957277542405128656e+01,7.402245944395541954e+00
1.568899466720463067e+02,1.996997264104967940e+01
1.781605877202456725e+02,1.182420311272528224e+01
-1.694021982938252791e+02,1.405327316957878026e+01
1.643368777887273779e+02,1.354662928986012815e+01
-1.659463711544322280e+02,7.460782481684246292e+00
1.745087442755367704e+02,1.890456154092845154e+01
1.711665399432928609e+02,1.685476476736684859e+01
-1.633483076504520568e+02,1.645100937545565856e+01
1.737836711606816209e+02,4.793251708361235153e+00
-1.783344606453452457e+02,2.079194160866179697e+00
-1.587902348331877533e+02,8.498231115483424247e+00
1.514521639455548154e+02,1.476769921025332621e+01
-1.559372650098731015e+02,1.113559554394337603e+01
1.656874871652368313e+02,8.179790161689323824e+00
-1.745708154357363071e+02,1.179553299067804062e+01
1.704030948170546083e+02,1.232710457595410425e+01
-1.579658251104798410e+02,1.373600152270797459e+01
1.529279360057650763e+02,1.361625282141679705e+01
-1.619597655730648285e+02,5.392293623610987297e+00
-1.770186557849159783e+02,4.285264668046763425e+00
-1.706543019429755930e+02,1.626014668073591452e+01
-1.601429097519981610e+02,1.311763959376070510e+01
1.601510902141644976e+02,1.310136648796769165e+01
-1.753094194750376289e+02,1.133945840639325553e+01
-1.685640178166273131e+02,2.223181461822190030e+01
1.607617199262349743e+02,1.347318008438876191e+01
-1.772241384167764693e+02,4.180358201677528918e+00
-1.745648109153435712e+02,1.961512572900170426e+01
1.648358698708155998e+02,1.901702310603535651e+01
-1.579142866801290381e+02,1.768900018696918153e+01
1.754415361554873414e+02,1.028597032249344068e+01
-1.670363767255106779e+02,1.227966028378017782e+01
1.709349441137797214e+02,1.107365236514951690e+01
-1.788166897446869825e+02,3.400038943100322175e+00
1.783191575734462333e+02,3.065022573929200966e+00
1.797378363546997093e+02,5.003328316077283233e+00
1.753123580475766232e+02,8.366909238987398467e+00
-1.616090010954595471e+02,1.105205298859687346e+01
1.586034084434730573e+02,9.159227047607153338e+00
-1.682323204017125988e+02,6.619871878649730590e+00
-7.583651491546700640e+01,1.360711917512201019e+01
-6.378675458316997293e+01,1.355343479911777393e+01
-6.870424322190166322e+01,8.918376961254804058e+00
-5.462085532918550967e+01,1.018165576879000866e+01
-6.410008285914375392e+01,8.442950966128224266e+00
-5.741533409952711509e+01,7.684040491650879545e+00
-5.635799950779654921e+01,6.028996041280855422e+00
-7.551169510878308699e+01,7.014910809591956564e+00
-6.599075643478192887e+01,1.154715304690555833e+01
-7.497248282710810940e+01,1.324872986943710274e+01
-6.400690080107689539e+01,6.578907229096913056e+00
-4.925307780838560490e+01,1.215611137545675469e+01
-6.044615094957804757e+01,1.047594603966852134e+01
-6.569638974318198166e+01,8.202397650412390107e+00
-6.076821303678687514e+01,6.214769228322028383e+00
-7.382534014496681607e+01,9.905866886700129825e+00
-5.945999496706630794e+01,9.043208402784362221e+00
-7.051998735309300059e+01,1.035317180312705787e+01
-4.961919258807431987e+01,8.760163110316238289e+00
-5.925852346165891760e+01,8.906029636329597210e+00
-7.112486962475209396e+01,9.850338238881176878e+00
-4.879830777589663171e+01,8.843213732538798055e+00
-7.172448677705148157e+01,1.246634543314671362e+01
-5.728046296786759228e+01,1.107563727264180997e+01
-6.206908808094372887e+01,1.147331282402252306e+01
-7.278828489572235583e+01,1.290119203911426737e+01
-4.993933903160947807e+01,1.289008492924475213e+01
-7.097195698273438325e+01,7.161873353460499025e+00
-6.903405995314616916e+01,8.335744746571903008e+00
-6.059806199664607362e+01,1.031452943190317662e+01
1.796550729518150149e+02,1.030654066197859109e+01
-1.740729414525381173e+02,7.425040524995869973e+00
1.742111661730620256e+02,1.353780472547125413e+01
-1.708891345288432717e+02,1.006169280726616755e+01
-1.778087371320787611e+02,1.044828819362717454e+01
1.770595065520747653e+02,7.106640976058361758e+00
-1.758683625955153218e+02,1.006707302540108628e+01
1.791916628557145827e+02,8.875552262554217364e+00
-1.789981236124359327e+02,1.213455957264878116e+01
1.740173711867506938e+02,8.418196503597272340e+00
1.756985711106508177e+02,8.052775225497102340e+00
-1.706728813722112648e+02,4.900812303366502753e+00
1.749388869503586363e+02,4.941422966199882971e+00
1.758981222907132178e+02,4.850017565057736846e+00
-1.706750269566666987e+02,8.079808514584954082e+00
1.718024502587788334e+02,1.168125625261568956e+01
1.789395719355898393e+02,1.026441470638262210e+01
-1.631840630053133339e+02,6.175251865450015032e+00
1.702441608242962729e+02,9.893106335588495170e+00
-1.767415909737632660e+02,9.446643255683381923e+00
-5.905273967753674214e+01,7.776646477982623651e+00
-6.932017535285996246e+01,4.723223483264566980e+00
-5.840666259354623691e+01,8.018488078840023903e+00
-6.716758860002320830e+01,6.012176125506223379e+00
-6.977879443513097613e+01,8.692730155768344957e+00
-6.124041714735280806e+01,8.328656096581276813e+00
-6.586983757964986808e+01,9.568654322822782277e+00
-6.290111561863110268e+01,9.671554903833767369e+00
-6.169635667291255743e+01,4.002183606508064706e+00
-6.253667102790622323e+01,8.452569526222951879e+00
1.729702507298471232e+02,7.637387237702705889e+00
-1.717241009497604409e+02,2.040947713471144098e+01
1.786872067064733187e+02,1.602876999635779853e+01
1.577220706550894249e+02,2.208796515814689698e+01
-1.627955195639439694e+02,1.033027461064465946e+01
-1.798785835164601679e+02,6.600601521725176113e+00
1.623492651186013802e+02,1.203377882221978368e+01
1.752192666296671746e+02,1.581584042550239388e+01
-1.619475070525657259e+02,2.023992880326118282e+01
1.746979576897118704e+02,1.706134886674100315e+01
-5.876224121429025615e+01,1.114764034900617773e+01
-4.822366879766235570e+01,1.195421075299706004e+01
-7.408136516763519808e+01,1.575846960436521016e+01
-3.693307916962043436e+01,1.285111395791148325e+01
-7.071337841982384020e+01,1.069414216396312156e+01
-5.709008797058310591e+01,7.225629198244968521e+00
-6.535569438966957989e+01,6.621611458056906763e+00
-7.702041700634033816e+01,1.063534136462193658e+01
-5.523962405287667110e+01,9.127506995337519413e+00
-8.082055046389733377e+01,9.222598265963034336e+00
-1.756350726520151966e+02,8.527853041530690348e+00
1.754774193817047774e+02,9.375037125554600337e+00
-1.753405102207983930e+02,1.119089805998631526e+01
-1.782330112867457785e+02,1.315644537317438001e+01
-1.715189283193979577e+02,5.690491143535593821e+00
1.762901627371408040e+02,6.735737191843967686e+00
-1.713165691836667861e+02,7.916188104556239225e+00
1.663359358369358461e+02,9.391099623267336938e+00
-1.644406194935528447e+02,1.029961658187444229e+01
-1.767767354260261641e+02,1.573269254501316894e+01
-1.633069251422294599e+02,8.980480086965735964e+00
1.593922659914230167e+02,1.704900555480936930e+01
-1.695665555753313072e+02,1.334166286160688308e+01
1.775925231769116976e+02,1.175662190762808024e+01
-1.771701035231506864e+02,9.750000888956316558e+00
1.765731211047870204e+02,8.053370402500494407e+00
-1.744616611552353049e+02,1.080410926870521493e+01
1.748398904555336060e+02,4.303432091517819025e+00
-1.772885624987777078e+02,4.630905871306290500e+00
-1.757043084972249858e+02,4.509708094372790299e+00
-1.752435573749314131e+02,1.724615586148341961e+01
-1.458658687403986676e+02,2.096264904371062698e+01
1.548933977931506263e+02,2.224185146054611550e+01
1.386184000956783393e+02,2.386476620069554144e+01
-1.739422993418802150e+02,1.696584021204617443e+01
-1.392098596557913197e+02,1.913962694038978540e+01
-1.677888553289216986e+02,1.137610448569810018e+01
1.490913340413915478e+02,1.477220046379783369e+01
-1.627869270879953945e+02,1.236813811756284309e+01
1.760730288917017106e+02,8.945513358084793865e+00
1.666749349417987389e+02,1.203839240560243340e+01
-1.724493571555705955e+02,7.319361190429516384e+00
1.724278661329655904e+02,8.797573188256706089e+00
1.677427033760070856e+02,8.239175161221183430e+00
-1.756205722475145592e+02,1.241817123593267347e+01
-1.772131827211740358e+02,8.657421406642381356e+00
1.714837425598081779e+02,8.098951365512331080e+00
-1.795646991142009483e+02,6.510020759881996355e+00
-1.752800102930001458e+02,9.082697794565909533e+00
1.737883236363082347e+02,7.971230917680109940e+00
-1.765149712068315182e+02,1.238772887574300086e+01
1.687388663093797732e+02,1.334343995090660151e+01
-1.764141747873393626e+02,1.471110403942500611e+01
1.685214215589287505e+02,1.086953450080019756e+01
1.725652835652760757e+02,4.708464182801319176e+00
-1.665848937560492686e+02,7.048342649809791638e+00
1.662063992511363324e+02,1.238049723138103886e+01
-1.697926377955809301e+02,1.067886871639134583e+01
-1.650797534264159196e+02,8.382772127019116226e+00
1.638988975857367620e+02,1.075714744605715545e+01
1.726798985071828270e+02,7.664313784507893246e+00
-1.791805680484081904e+02,1.002365703066453051e+01
1.726506841778447949e+02,6.621778084343082682e+00
-1.798435091047416847e+02,9.056246661818498467e+00
-1.779874062877840970e+02,6.925828909087169194e+00
1.741546086813194449e+02,6.992247849347153377e+00
1.789982575185323697e+02,7.040389064586894285e+00
-1.779150237814057789e+02,9.630529446094397983e+00
1.798693559395472334e+02,5.698484732697015609e+00
-1.797758110999313033e+02,8.332962220492380112e+00
-1.687836653601840453e+02,4.446096997625874181e+00
1.758108209996978246e+02,5.235254922592979199e+00
1.792580977433023293e+02,2.745477229485600024e+00
-1.767496069723454184e+02,1.243497368780475787e+00
1.731973731196353299e+02,2.651609615353034854e+00
-1.718722827981852106e+02,2.065689910057277867e+00
1.734829584270995895e+02,8.393630396839927954e+00
-1.758128502375728033e+02,5.209964582120196752e+00
1.682112528499758355e+02,8.006933465858345755e+00
-1.659503885785086084e+02,6.411254825143364755e+00
-1.679574562229129242e+02,6.717213987637722816e+00
1.697078542830594188e+02,5.043033633588832387e+00
1.777163504918545129e+02,7.437329787731345121e+00
-1.735315324764704314e+02,6.175235182316619387e+00
1.750370716606024359e+02,6.028846448931209245e+00
1.790430479675470679e+02,4.687892467044822098e+00
-1.745804826563150414e+02,6.639127695631092507e+00
1.726257565635639253e+02,8.278633716732382908e+00
1.771356388088794347e+02,8.480777016848438876e+00
-1.749461178116866336e+02,8.571593239995053182e+00
1.625720034213494500e+02,8.313430323634793950e+00
-1.691978351096728659e+02,7.457397141316860711e+00
-1.758981183181763299e+02,6.001250180678093571e+00
1.665120425112023668e+02,7.684277122104324675e+00
-1.774821500051242822e+02,6.681491755317560788e+00
1.755435323942267303e+02,1.299782431062534016e+01
1.758321729318308257e+02,1.423615750303060068e+01
-1.723518921842372151e+02,1.367987219344675864e+01
-1.760902167528172981e+02,8.160526053584604256e+00
1.642664072650283345e+02,1.064206836996501337e+01
1.678586785228158647e+02,1.192356449208185332e+01
1.767912041720501577e+02,5.782374690725097466e+00
-1.654586016959075039e+02,1.003840552629028693e+01
1.663053671672967937e+02,1.094197382910055971e+01
-1.774626596251974036e+02,1.139414963609747034e+01
-1.658714328355640362e+02,1.949580540416803132e+01
1.697213034454090064e+02,1.403123858009908353e+01
-1.669940250502006052e+02,1.256723893925176583e+01
1.790299484891105521e+02,1.364575232438424734e+01
1.672373907392197623e+02,1.173468221220159613e+01
-1.573910379249122684e+02,1.391996820301166160e+01
-1.798884112457691913e+02,8.153813863730533740e+00
1.721513696156479796e+02,9.248398726855285190e+00
-1.629274784974172405e+02,1.078908941607482319e+01
-1.781537318268101444e+02,6.745453009758186624e+00
1.754099945128049285e+02,9.411404744220554619e+00
-1.695512357192305899e+02,6.271670629895825577e+00
1.738668518139282355e+02,1.429661495626375967e+01
-1.787258830506343656e+02,1.167758886315631983e+01
-1.751960734279303153e+02,1.420336471897779340e+01
1.725347988704641864e+02,2.592234716649060910e+00
1.763075218464146019e+02,5.338048573547073516e+00
-1.604450260039143075e+02,1.036997924276703387e+01
1.655757088458270800e+02,1.102962306998676745e+01
-1.679911490299888897e+02,4.737224591229436399e+00
1.691481045276959492e+02,7.065206131285642677e+00
-1.724668063484641891e+02,7.131502682412581784e+00
1.766480965003258632e+02,1.501345407013000788e+01
-1.743791512318369996e+02,1.513240923763974344e+01
1.743879275177700663e+02,8.070884279065689171e+00
1.681041493932854678e+02,1.148587531799107353e+01
-1.689825391681521864e+02,1.080394239211883978e+01
1.740318383497598802e+02,9.215956516589928427e+00
1.771609611886256062e+02,6.275051005848805374e+00
1.741486473990168236e+02,1.486559425962906644e+01
-1.671310476310192712e+02,4.560009729225495079e+00
1.644040770730761096e+02,6.360186431025187659e+00
-1.607797373320151166e+02,8.829723549877135369e+00
1.579447003438503714e+02,1.292075057299461349e+01
-1.688550875208214563e+02,5.432288767704610777e+00
1.744413833111354108e+02,6.482708794349641757e+00
-1.716549986430899537e+02,4.802581097563461299e+00
1.744059212276788458e+02,1.309506645392109903e+01
1.629603802816091331e+02,9.352285800212328581e+00
-1.651344859482388472e+02,1.146876345486781013e+01
1.650541058128549992e+02,1.170206997741349042e+01
1.757699187935564851e+02,7.985714786730525816e+00
-1.725159224141194443e+02,1.069630442157301431e+01
1.625705801578634464e+02,1.058919338930174092e+01
-1.763455393212160232e+02,7.429704721310013582e+00
6.707500324270388603e+01,9.098156871114539967e+00
5.965535883044969268e+01,1.303234731799408763e+01
6.847715573658307164e+01,9.429203803002113915e+00
5.171028325751032639e+01,1.315822871444269282e+01
7.245678592032513166e+01,1.249867701886422111e+01
5.778374225302360401e+01,7.868650861263891017e+00
5.965718797743994628e+01,9.007911568000199765e+00
7.679673820622618052e+01,1.877204449461841307e+01
4.648990806447926616e+01,1.123002527953665286e+01
7.771333728034475996e+01,1.454626453771546934e+01
-1.685184131382922885e+02,5.472773224582477170e+00
-1.726716607313104532e+02,4.730712170210443546e+00
1.673719642448811271e+02,1.137197957161938966e+01
-1.743704668052805005e+02,1.202938208293051936e+01
-1.789464650482127581e+02,1.232965142096958466e+01
1.757151753092473143e+02,1.550699379514367671e+01
1.778679758598332228e+02,7.499717414251321657e+00
-1.760410621829635147e+02,1.024840766698685002e+01
-1.776664746074914945e+02,8.004890880070837156e+00
1.777609867142370490e+02,6.459078884987095037e+00
-1.727445159913480097e+02,1.747255705655639346e+01
1.788028631865357738e+02,1.527539414980154753e+01
1.759824208557267866e+02,9.760521886103036948e+00
-1.791309078265176140e+02,1.079017375351972419e+01
1.683177238172483214e+02,5.407860803769288793e+00
-1.648237986652295604e+02,1.998876366082799905e+01
1.746393450588678888e+02,1.290064968933747025e+01
-1.737393778353779510e+02,9.913210439670159246e+00
1.710466250863584037e+02,1.972262677336296477e+01
-1.737048917391865359e+02,1.392792414721600025e+01
1.703475218095590265e+02,7.541090222758260353e+00
-1.781206997917322781e+02,6.729017604746859504e+00
1.775077015655206196e+02,6.460932060370208063e+00
1.785428085646261991e+02,5.248266843294148387e+00
1.743709576226596880e+02,1.054978820749766300e+01
-1.796528009154668268e+02,6.864646437130133450e+00
-1.780270611385454913e+02,7.001990514628845474e+00
1.714541205779540860e+02,5.684832806051010046e+00
-1.769693573780859879e+02,5.513030683386960007e+00
1.774625281415692939e+02,6.601860155275464770e+00
1.710552287131170885e+02,4.028745395067057089e+00
-1.764890091244261328e+02,1.166233598610628697e+01
-1.668761920807190506e+02,8.868454526162723894e+00
1.594437006994178319e+02,1.036428364146767223e+01
-1.591483418615978280e+02,1.132706646377165427e+01
-1.732583338492109988e+02,8.955849925571765624e+00
1.552941981685011967e+02,9.220719142556458081e+00
-1.587968977905430563e+02,8.164118891598231897e+00
1.654139887823983770e+02,8.376980281701566611e+00
-1.665989389174957580e+02,1.263727316033486225e+01
5.423698900830040515e+01,5.647780297851793918e+00
5.926794177300376987e+01,7.118288925410680257e+00
7.984042193894410389e+01,9.749000296817861511e+00
5.973203177688252907e+01,7.736956523269439501e+00
6.750195264527306449e+01,6.311798486852042700e+00
5.846236174634868377e+01,7.031063808913208035e+00
6.479017053014477767e+01,1.011766717587584807e+01
6.354198229628882189e+01,6.734206070247468645e+00
5.432740406164995051e+01,7.186553239750019806e+00
6.479917409904565773e+01,1.051529643572437323e+01
5.373661701922711842e+01,1.677986012320907960e+01
8.143128494791548633e+01,1.388959501780987615e+01
6.053209260937716607e+01,1.280332161705057104e+01
7.255004755762652735e+01,8.937168174336905579e+00
6.775908084666490083e+01,1.258621713634027195e+01
4.678921568313231205e+01,8.097681634097884995e+00
7.639020743963968130e+01,1.646713980603021454e+01
4.636685093290070370e+01,9.122418295782063424e+00
6.723424952661983411e+01,1.111304377789818965e+01
6.256199012341129162e+01,8.296443980959059772e+00
1.731089444824375505e+02,1.246419773477940929e+01
-1.683233578058208479e+02,1.130908303909138368e+01
1.756747300784520291e+02,1.230973209718557726e+01
-1.785031583315945625e+02,8.168019661946996024e+00
-1.769374095641308600e+02,2.564849131092801660e+00
1.761836336488754284e+02,5.345641978336444389e+00
-1.763008229776656322e+02,7.994361504769271320e+00
-1.779314445203876858e+02,1.021905544009731948e+01
1.686401426961146797e+02,6.227412638207073137e+00
-1.701674475606788519e+02,2.644795965835501583e+00
5.421072754811977745e+01,1.179339643648507518e+01
6.035010986155641177e+01,1.659247856435774438e+01
4.905076967340339422e+01,1.368320717944232712e+01
5.765554008688472720e+01,5.903998929282435526e+00
6.540154155532407287e+01,9.492227287088903509e+00
5.813678734649050739e+01,1.100271354798305268e+01
7.356574528780596722e+01,1.414568227202006057e+01
5.468983794092542183e+01,1.282513086436504324e+01
5.817826710009714475e+01,8.229001423009378868e+00
7.021382179609035745e+01,9.518369812838141542e+00
-1.755435396691445931e+02,1.846806145440950786e+00
1.774032227670317070e+02,2.090753199630503545e+00
-1.784918752490287659e+02,3.397590937039546510e+00
1.777856185737979047e+02,1.497263032130760951e+00
-1.744982926776291379e+02,1.882887768791395633e+00
1.696344304531247644e+02,6.032775109803719005e+00
-1.689508415689146545e+02,5.750265134540970102e+00
-1.727951960081571201e+02,7.645871193438690483e+00
1.757144898145816683e+02,5.894377137770051789e+00
1.777264642420144298e+02,3.906700751283428197e+00
1.704725696851946282e+02,9.365880952549614946e+00
1.661852993462523500e+02,1.714250963390783511e+01
-1.614917893401863296e+02,1.429886074836537802e+01
1.709990774782974938e+02,1.193929288176705938e+01
-1.664575174831732625e+02,8.592961403040016322e+00
-1.783044534072364797e+02,1.046718874545376288e+01
1.722243395913989730e+02,5.684263517671506172e+00
-1.764091427436433435e+02,6.404385975811706544e+00
-1.723406986901189271e+02,3.127158356533950467e+00
1.692069634896890307e+02,3.341948499192376687e+00
8.214289757111518497e+01,9.557828647467474070e+00
5.186491345637014660e+01,8.807620533922499106e+00
6.592129354165203381e+01,7.465077639251807895e+00
7.589459074762424962e+01,1.269709793342080495e+01
6.015773802927518688e+01,9.643951206507002993e+00
7.054194338347467408e+01,1.089754761167694674e+01
5.343623221460160266e+01,6.701616197153838606e+00
5.772218724209498930e+01,1.547286348576935566e+01
4.513161011839056158e+01,1.291192946897631089e+01
7.312450072809360790e+01,1.583765625051833581e+01
1.662236494868539296e+02,3.227564227605272507e+00
-1.776978551470072603e+02,3.595873073191287794e+00
-1.614295803807818288e+02,1.035589137143479732e+01
1.534476140153437598e+02,8.691625360331304506e+00
-1.733010534539902494e+02,2.678867374598123074e+00
-1.675104777941219254e+02,5.495171026187176899e+00
1.702692628027176909e+02,6.885053314499918642e+00
-1.734425774512770317e+02,2.175550519679553041e+00
1.773477453824311567e+02,6.025479909506543663e+00
-1.719759791240103368e+02,6.652640636908992100e+00
6.781053968238252594e+01,9.424502688744555101e+00
7.243233079284638620e+01,1.196300386955267925e+01
6.622671762440732834e+01,6.469136332832792213e+00
6.656296563533690858e+01,6.746276885160037651e+00
7.309427979753120042e+01,9.020376622832891655e+00
5.168597815083440850e+01,9.027252383036287853e+00
7.406996416717238674e+01,1.337125889219269936e+01
4.550919377526887644e+01,1.266071548404281621e+01
5.618568744434646334e+01,8.587232862988544824e+00
6.984330172234081147e+01,1.074737143059392430e+01
-1.744985174691528869e+02,7.621440679084768632e+00
1.738904818093337781e+02,5.944588741140890420e+00
1.795086049124776935e+02,5.479477046146556951e+00
-1.784483185112229648e+02,4.837957549109733968e+00
-1.766091427035701713e+02,5.179660893634879137e+00
1.690509977705221729e+02,7.266968963356175593e+00
-1.675568774893093291e+02,4.805867293833618881e+00
1.631788481928639101e+02,1.089533867003270728e+01
-1.726103930285769934e+02,6.597926238017699951e+00
-1.745617783997715549e+02,1.176312878613916268e+01
-1.771220207746841595e+02,9.093436757332957754e+00
1.790088919020829792e+02,1.712828418921981921e+01
-1.764706324793856140e+02,1.013454908543795163e+01
-1.787868259731024523e+02,4.405207226659022979e+00
-1.765813522547821321e+02,6.876975471308066190e+00
1.724214699526892502e+02,1.116051726597786420e+01
-1.677039294915561811e+02,1.584474452618150764e+01
1.690574937268890210e+02,1.120527977918015772e+01
-1.716127494419836808e+02,1.071860559397139667e+01
1.763229077396281923e+02,7.229465247437130593e+00
-1.672933557613398818e+02,1.054272344333105060e+01
1.734819822359488057e+02,1.062915897742263382e+01
1.715813789111422807e+02,7.635316781881373416e+00
-1.648502612163194669e+02,1.340572057032995446e+01
-1.741042703691480824e+02,1.476256046390550480e+01
1.542445428851996780e+02,1.573720867157202363e+01
-1.675358868958650760e+02,1.412651783603907418e+01
-1.698369579963667206e+02,1.490947749734337080e+01
1.594401266941363247e+02,1.374545228859264512e+01
-1.750604537365670410e+02,8.749703623028022292e+00
-1.716193885695012966e+02,2.677888670476622046e+00
1.643427422482373288e+02,5.313782651735060369e+00
-1.655268906424129511e+02,7.348527022728291058e+00
1.645642432319570787e+02,9.268620586640206938e+00
-1.681818591881775546e+02,6.096771610359123628e+00
1.795738413392846553e+02,1.042191311789624386e+01
-1.780252599832231795e+02,1.154484801436071706e+01
1.788864870634152453e+02,1.558004840559391724e+01
1.778708981182428204e+02,1.809278504368835883e+01
1.697530797392791726e+02,1.154084389884349093e+01
1.770924974341571669e+02,1.493872659565557548e+01
-1.675427426057459002e+02,6.943248283132930965e+00
1.535413581831105034e+02,1.254590209081797880e+01
-1.746010377776664484e+02,9.629861325553989104e+00
-1.631483391790141866e+02,1.582568250032764468e+01
1.574926214707842291e+02,1.514317484312046957e+01
-1.730932007940643587e+02,7.821407190320730507e+00
-1.691975933148873708e+02,1.081982265797988063e+01
1.593138774150758934e+02,1.480676681113615878e+01
-1.772124578804014732e+02,9.984438171561869524e+00
1.782953243037403013e+02,7.273592362739271344e+00
1.742715131353885454e+02,9.414143916329660300e+00
1.783607350850992361e+02,6.094809895306488201e+00
1.755542400067171798e+02,6.630669867271727469e+00
-1.696626401370074575e+02,2.969976548762483848e+00
1.702983094476388146e+02,8.243181747805955695e+00
-1.653081972806380122e+02,7.382811458243718761e+00
1.754889309805741391e+02,2.257124059423236240e+00
-1.788197440087981533e+02,3.178314632374541482e+00
1.784361898751087665e+02,2.687732186446059046e+00
-1.784173620157687310e+02,1.719387854377511360e+01
1.531624747725029749e+02,1.670612915454563563e+01
-1.750879145703477491e+02,1.565934761071865466e+01
-1.688439258461030477e+02,1.162432207464739697e+01
1.563376367096377066e+02,1.431019858135307032e+01
-1.747756964645057849e+02,7.383170338974428759e+00
-1.773130284489870121e+02,5.773194436078014746e+00
1.697949367782124739e+02,5.876453018157784314e+00
-1.761086217561548324e+02,1.385143818339242117e+01
1.742715095694969136e+02,9.448087050980280566e+00
-1.783207169103043839e+02,9.848737237361975261e+00
1.772440587538108332e+02,9.730496272098809740e+00
-1.742626164904166899e+02,7.773323441018352042e+00
-1.740430805233558260e+02,5.330427966412302432e+00
1.698217866943044498e+02,7.402500817218218288e+00
-1.739154666006186858e+02,6.944731483202504663e+00
1.758143829177310522e+02,6.374612552053186221e+00
1.643756200219814616e+02,9.192605139480768628e+00
-1.719771006364376831e+02,8.513043087284607680e+00
1.704498101294001913e+02,6.965451774184620248e+00
-1.742606323054668565e+02,5.981723364476248861e+00
1.705833978959761339e+02,8.277930229251474259e+00
-1.640022610120859099e+02,1.347537728427662707e+01
1.765210403988263579e+02,1.005436010099289490e+01
1.701272566604470171e+02,1.178706969537734395e+01
-1.587246583170519898e+02,1.195221274968946190e+01
1.773804262600926336e+02,1.066072983845208810e+01
1.576740071788252635e+02,2.031149339635745577e+01
-1.731117037210494232e+02,1.294626613084271938e+01
1.792693417675851890e+02,1.133843025710186936e+01
1.796029883251192700e+02,7.567237354368726798e+00
1.775224475500562562e+02,1.095661341265463307e+01
-1.661671100611448537e+02,1.337946185426253898e+01
1.754537402779830870e+02,8.697002273718677401e+00
1.759884504603726612e+02,4.866117827589571121e+00
-1.664010941175612572e+02,6.582943307897997087e+00
1.662306421318782554e+02,8.549588848092062321e+00
1.759754621928745735e+02,6.381619253903867417e+00
1.773842180039028733e+02,8.324173754742993481e+00
1.779709931396063780e+02,7.584453182477707500e+00
1.606063984685299886e+02,1.116140602102607104e+01
-1.743753885855022077e+02,6.601265308975630575e+00
1.795906552290153400e+02,1.012068907907256765e+01
-1.777114139371161059e+02,1.039116920296541124e+01
-1.782645842428142942e+02,7.488278913674569992e+00
-1.780950447800192933e+02,5.225173670113829161e+00
1.723663317702869335e+02,5.605208053562428461e+00
-1.717222243282548675e+02,5.114985727691618855e+00
-1.795781839417878700e+02,4.892420546385896074e+00
1.758624984419226678e+02,6.711723877877854960e+00
1.778905617516277857e+02,6.947207169002060922e+00
1.585279429049727185e+02,9.288615834241028324e+00
-1.628502357102193798e+02,9.011478342729525082e+00
-1.707967674201803447e+02,1.082992777999418621e+01
1.745641468556350446e+02,1.034822483787551839e+01
-1.692119360492319515e+02,9.138263041805819498e+00
-1.775363175080518658e+02,1.207168006252100767e+01
1.780679374619684836e+02,1.008572058239579405e+01
1.723055489019964455e+02,1.287400292436411675e+01
-1.744659644116596269e+02,1.273788062953079248e+01
-1.649772958258436972e+02,8.964713505616922262e+00
1.712743173849359550e+02,9.035857668555820510e+00
1.785415582291016676e+02,1.550382450054850736e+01
-1.682820066825514971e+02,1.317637635466214618e+01
1.635167030035119637e+02,1.128694840298030222e+01
-1.757337232924015495e+02,1.001448073268181993e+01
-1.722743477895704132e+02,8.756018693851594037e+00
1.600497941413901799e+02,1.460003630118097107e+01
-1.706037317077945943e+02,1.062493748106876978e+01
-1.629399531785958004e+02,8.568223888286038203e+00
1.780917864156093913e+02,1.202830314019750801e+01
-1.760250474165231083e+02,1.537569998330146603e+01
1.708720359660484860e+02,1.373933402974770956e+01
1.745321324516499146e+02,1.478018366655733473e+01
-1.790446918211621892e+02,1.329011999391542531e+01
1.746007025843258020e+02,1.351837465837046537e+01
1.748622510404399861e+02,1.458417569143849590e+01
-1.775430374259085511e+02,1.371327194314457998e+01
1.773205815830261542e+02,1.896075982913130176e+01
-1.714634383673693776e+02,1.710323466537029446e+01
-1.735887016542789638e+02,1.299934647006843669e+01
-1.450932383788948243e+02,1.883783153268082700e+01
1.523177277172225956e+02,1.407583157886461045e+01
-1.659953796131927959e+02,7.952868530774479083e+00
-1.730720082992556001e+02,7.321594930253563227e+00
1.546710367690931491e+02,1.633007010060953945e+01
-1.565227339915089146e+02,1.697326581112471899e+01
1.693134373801104857e+02,1.783799034784573578e+01
-1.775043334856244428e+02,6.013510816272613191e+00
-1.736543288649910721e+02,4.921569240300773806e+00
1.670336523726832354e+02,1.234253171945442418e+01
-1.715406371234421101e+02,7.276065347029763153e+00
-1.796197111491133285e+02,6.082506630978651074e+00
1.733598351387505545e+02,5.683772306893225768e+00
-1.649898024492905506e+02,8.543854535634599401e+00
1.644110067452623127e+02,8.499958373953344193e+00
1.791312225734204162e+02,3.547683322946145523e+00
-1.696782015302545688e+02,7.285914601566553017e+00
1.746099485917378900e+02,4.596077495322620443e+00
-1.776179811488260043e+02,7.176927166184209561e+00
1.750945832963830640e+02,1.016150788611636280e+01
-1.758860358996408593e+02,1.331762040514029977e+01
1.669765515672233391e+02,1.056410866817109451e+01
-1.681169769126064750e+02,1.023729292713047201e+01
1.716370978685505122e+02,8.615308436795590552e+00
1.752577324750023990e+02,5.569676708625809880e+00
-1.704187099650652044e+02,8.625439957720871575e+00
1.709497672464181903e+02,1.064622996638970598e+01
1.793346135942413184e+02,8.151172009852450273e+00
-1.775626407014572408e+02,9.807614476305992923e+00
1.760371576547959762e+02,4.690090368592169767e+00
-1.710700538014837093e+02,7.421586327911789738e+00
1.694145649518191590e+02,6.503313586455364614e+00
1.772877052841157592e+02,6.310333197670654926e+00
1.786017184156720532e+02,6.207080081346642686e+00
1.783738671476959610e+02,5.232212080531726706e+00
-1.742748136083241945e+02,9.070456781404734770e+00
1.749086575839982061e+02,9.083177684946585728e+00
1.781110717987493786e+02,9.634162827544422214e+00
-1.784289223415683239e+02,1.076365503514666955e+01
7.720029109547473922e+01,2.210111045544344321e+01
5.865680278819773719e+01,1.392787193002622104e+01
6.239818908304675205e+01,3.258881253509605358e+01
7.919378776602907521e+01,1.864010041564768727e+01
3.743906448980226287e+01,2.424260516374245356e+01
9.644914601994635461e+01,1.976378874484326431e+01
6.249921371388194302e+01,1.219045065682545470e+01
6.844943135735690021e+01,1.474455942154631138e+01
4.417855529046832430e+01,1.528927120414431151e+01
9.369274668467278389e+01,1.985594628539671547e+01
1.701035378948954531e+02,9.539145740338410562e+00
-1.769355566885929818e+02,1.089868989101740482e+01
-1.781399775902921760e+02,1.027289440980592161e+01
-1.796446860605922780e+02,1.148001476865375281e+01
-1.726215033363692157e+02,1.301223049092436312e+01
-1.740558468683435080e+02,1.388536066760600107e+01
1.677544668295993802e+02,1.204371608470761146e+01
-1.652521065744303144e+02,1.439167366687834537e+01
1.711245611117647343e+02,8.548173932855748447e+00
1.723639324417084424e+02,1.105358765400133692e+01
-2.469465212219430583e+01,2.588164967442860132e+01
-7.695535091628303803e+01,1.756908227626072971e+01
-4.828146570566313756e+01,1.270640428764497543e+01
-5.589061955267506221e+01,1.155931739046827644e+01
-7.546616258031795610e+01,1.810250376445100073e+01
-6.160379794705374223e+01,2.357506612538464452e+01
-7.370423095675926106e+01,1.572402570167926683e+01
-6.549008587579240270e+01,9.471127870725933207e+00
-4.327544218972487045e+01,1.393538000506369912e+01
-6.493126565756516300e+01,1.648648124834376461e+01
1.761036650476440286e+02,9.413534079326817405e+00
-1.744203726026749166e+02,4.734705539191882195e+00
1.790764613244815564e+02,6.243071499789636825e+00
1.708553271654880348e+02,9.673733113388278682e+00
-1.651763266062070272e+02,1.033364960158793444e+01
1.746356562193826392e+02,8.758526554744129555e+00
1.755942313145546620e+02,7.543787756897552654e+00
-1.705531052050461653e+02,6.854625500098373792e+00
1.705378146039496983e+02,8.952434923084439333e+00
1.760787842916207921e+02,6.689816102907414574e+00
1.754180943967224096e+02,6.701473223770304521e+00
-1.797980523250419935e+02,1.086209040121235248e+01
-1.722158597726158007e+02,1.065205720831064617e+01
1.716848778556071409e+02,8.862345484270075957e+00
-1.722651975240111710e+02,7.547938617597065303e+00
1.751123645047021853e+02,6.056368981537108453e+00
1.731340982446794214e+02,6.425454460892160213e+00
-1.706658711553445755e+02,7.269918090958064738e+00
1.654423724558177469e+02,8.493407720542723638e+00
1.729538213425508388e+02,1.052928300787159088e+01
6.427321341927715537e+01,9.017701471732840091e+00
6.903115129266980432e+01,1.533193550766145563e+01
7.409616098452124788e+01,1.729119040880797797e+01
5.400058875023566429e+01,1.721267713049964243e+01
7.087947454819537541e+01,1.288045123079575838e+01
6.088730588029862645e+01,1.762403294036084134e+01
7.491323198381331849e+01,1.451659984057799235e+01
5.048821656451072215e+01,1.681595553950360511e+01
8.482501671246239994e+01,1.413379612432400023e+01
6.112636981161346483e+01,1.554699557760074669e+01
1.756935275414578541e+02,8.387427546724541827e+00
1.694358420374011587e+02,9.982765537228818431e+00
-1.554741429417126142e+02,1.646132564434899948e+01
1.674042391993725687e+02,1.368195898876940930e+01
1.723240195337403406e+02,1.105613039860429581e+01
-1.506788255439996078e+02,1.482333367001825053e+01
1.698082527892108260e+02,6.178967185818819985e+00
-1.796601687693360816e+02,1.124770475306093509e+01
-1.722702564767656668e+02,1.482585933545573909e+01
1.679707986670580908e+02,1.565013351738824099e+01
-6.677523125057925313e+01,7.818985527245462919e+00
-6.402079853355752448e+01,7.207967730185135480e+00
-8.229766035971326232e+01,8.483275295929534110e+00
-5.620247034550030918e+01,5.110943923639433173e+00
-6.551095074273551688e+01,6.692737500354741798e+00
-5.221304959427921233e+01,8.719280752823244995e+00
-4.966226592259559425e+01,1.250966055179081948e+01
-5.423863825902331115e+01,8.461311983854276519e+00
-5.816525602937303319e+01,5.958329269782661974e+00
-6.904579210191403149e+01,1.111995546903255949e+01
1.781961030739766443e+02,1.780340267382482722e+01
-1.722999158808161440e+02,1.805419120021845814e+01
-1.779969393996504721e+02,1.985306696141843474e+01
1.714647085432346501e+02,1.752594677451548222e+01
-1.657894665295791015e+02,1.488922494533258600e+01
1.759217362112036938e+02,1.378752014101482892e+01
1.683700192927477417e+02,1.590888290043548281e+01
-1.660011878264621998e+02,9.275244944848415329e+00
1.798655171786840015e+02,4.450689212404923545e+00
1.723029477255007862e+02,4.782413355446285763e+00
1.771214480696943383e+02,8.455289315491025803e+00
1.760213604158813610e+02,9.317934988211337810e+00
1.797533579167408959e+02,7.639351736438129592e+00
-1.789362962276043731e+02,6.460596635481644867e+00
1.778259443997303606e+02,5.349336954585931281e+00
-1.767797630030168818e+02,8.919017480514549234e+00
-1.661998400466301007e+02,1.112806442904343029e+01
1.764055454262670537e+02,9.132784255933632522e+00
1.746949951532992031e+02,1.007494083131244977e+01
-1.662454098289061335e+02,9.014850386841310126e+00
4.626280626659647766e+01,1.596043768055972478e+01
8.056825772974255528e+01,1.974587602382011653e+01
4.585829227184144230e+01,1.397784984780494710e+01
4.935260486525390178e+01,1.206281390380898344e+01
6.037660266961108135e+01,6.939809397464518526e+00
5.650362469159823320e+01,1.023906564877656322e+01
6.725415398553725765e+01,7.461376213262457924e+00
5.749402015074009142e+01,1.010642529128698008e+01
7.629507673342284590e+01,8.785014505803825813e+00
7.362831300833812520e+01,1.024527534374555060e+01
-1.712893226213823539e+02,7.433752846922260460e+00
-1.778050034475846246e+02,1.114367731946099838e+01
1.796933626932662094e+02,1.746084254409693415e+01
1.765816297758850624e+02,6.795947366498852560e+00
1.750732700490853517e+02,9.401616160884152862e+00
-1.725470907815265491e+02,1.058084244265283402e+01
1.713510540778302698e+02,1.204080795746445709e+01
-1.721274489195208446e+02,7.339271114099203075e+00
1.792899800867526494e+02,6.340638720260571404e+00
1.728811115654657158e+02,4.660262952480840326e+00
1.765185983628933286e+02,1.120141721472521112e+01
-1.742475070401721950e+02,1.655498603626454468e+01
1.788835834320941274e+02,1.206601254352037955e+01
1.680764755895273481e+02,1.640004243046361054e+01
-1.661872332919724329e+02,1.842699360878931358e+01
1.770701133410560146e+02,1.091721671164001251e+01
-1.788851670736907522e+02,1.286425551378346199e+01
1.785011460017472871e+02,1.009316934938521015e+01
1.702453221918060251e+02,8.070213154873453476e+00
-1.645431449712579308e+02,9.573332384385420113e+00
-1.769032131477076462e+02,7.368301781295333086e+00
-1.755601162328145506e+02,5.900596227155430640e+00
1.757896333769145940e+02,5.933794025353781088e+00
1.794422872062519332e+02,7.642079429426299697e+00
1.748287780855430640e+02,1.107614919080931770e+01
1.722481854864313391e+02,1.301007932433687664e+01
1.765991843168957587e+02,9.817509573888560936e+00
1.767464384555810000e+02,8.644933771016528823e+00
1.756508370459141872e+02,1.146040113952287243e+01
-1.775927143247503466e+02,1.106105224490786654e+01
-9.903506764868589585e+01,2.455240917615156704e+01
-8.801467492482970556e+01,1.879451271707731763e+01
6.650740943481097567e+00,3.051486693429813357e+01
9.069972505055841339e+01,2.759203547291535585e+01
1.190175843790612760e+02,3.143300650019614295e+01
-1.747549837062225322e+02,1.398513100527867792e+01
-1.467258931104475437e+02,2.282277930851504522e+01
1.622328063122590720e+02,6.544441914566961671e+00
-1.645346903935638068e+02,8.651002623978069295e+00
1.675673129732653308e+02,1.301981565963579968e+01
1.784952053387623891e+02,8.546428702597731686e+00
1.742158385034090031e+02,9.142238613360730071e+00
-1.668551809878034362e+02,1.690973887039023538e+01
1.706909336948683631e+02,7.710784801483429263e+00
-1.674471970838015409e+02,1.961462500573851386e+01
1.707053268690302446e+02,9.374704170008408610e+00
1.731168355963664851e+02,1.197407876585567088e+01
-1.694804761202967711e+02,1.041086776178041262e+01
1.718157463393102944e+02,1.648021090048908732e+01
-1.740982553236872263e+02,1.239511836764586761e+01
1.763070575988582220e+02,1.069621350551840777e+01
-1.749834277841666506e+02,1.018335374390788139e+01
1.767466706674892691e+02,7.872071012551748126e+00
-1.736358548456694848e+02,1.169523149142768403e+01
1.743128227439569287e+02,6.437791168782664997e+00
-1.695639011877308633e+02,6.996397299686138105e+00
1.620394019578199050e+02,7.818629728361601749e+00
-1.689223306433777623e+02,7.092144213567500799e+00
1.720225951392920649e+02,9.572820159014941765e+00
-1.723934894882097808e+02,6.625883906229756981e+00
5.416831234208665080e+01,9.175209335180189996e+00
6.249134496420322904e+01,1.004030146486272201e+01
5.355483862246480697e+01,8.960321062013363758e+00
5.622551322980278599e+01,6.504094842022229983e+00
7.885124304821567875e+01,1.164287499676698090e+01
6.226349188704372040e+01,7.697219838668864611e+00
6.472000053410012299e+01,1.088013446885248570e+01
7.116045309245491524e+01,9.917276797373968833e+00
5.596817157818818345e+01,8.061598520521389588e+00
6.170609699576422713e+01,6.270782998093300975e+00
-1.787599404807222356e+02,1.416821256889737946e+01
1.379052515558869061e+02,2.202708621512456233e+01
-1.773489188242973285e+02,1.344223775201247228e+01
-1.753845424646017932e+02,1.484104735723521884e+01
1.472077688477852178e+02,1.878219120481494997e+01
-1.779000868811506280e+02,1.581461707441293640e+01
-1.632042291311005897e+02,1.702294238278409821e+01
1.616658034938132005e+02,2.138313044466028146e+01
-1.788955463137183415e+02,1.388017833281352686e+01
-1.728045534261507612e+02,1.417815758550067073e+01
-1.698831923867522846e+02,1.076390443512047135e+01
1.770125771619693467e+02,7.434194707921422562e+00
1.752093825906466691e+02,7.367473813465059251e+00
-1.708656128971740031e+02,9.090135450365819381e+00
1.686457566127449184e+02,9.048420173470827166e+00
1.780237112550123584e+02,5.113944815557805335e+00
-1.713175289883065204e+02,3.312590674867723628e+00
1.679357566697841264e+02,2.913311523158574001e+00
-1.612777493426189324e+02,5.959022909535651280e+00
1.633738779846145803e+02,1.033199288353738865e+01
6.286740768375032218e+01,1.118747065997510326e+01
7.274379636551972794e+01,8.760922896598282605e+00
6.303315792843635279e+01,1.351597067505614369e+01
7.038064453173841173e+01,8.843899283327175453e+00
5.691739626112303085e+01,1.436935056633922869e+01
7.974843936681713785e+01,1.392439327716978070e+01
5.519087115640496677e+01,1.649567457926209002e+01
6.390504864741679825e+01,1.265478824707664174e+01
7.514458227271701674e+01,1.293837189167405555e+01
6.211221935954005602e+01,1.411284190231968871e+01
-1.748327452801339916e+02,2.993876984465798863e+00
1.742210242766706187e+02,4.888454241341914752e+00
-1.799021296755712456e+02,1.227205820291854010e+01
1.739101786706829671e+02,7.838572084613998570e+00
-1.710561834013867326e+02,7.951717612756839415e+00
1.681139838374240583e+02,3.264464567927162442e+00
-1.779162316359718545e+02,8.876384026115859527e+00
1.787484447313437101e+02,7.158175142157376492e+00
-1.720554424023730462e+02,9.516633780301297918e+00
1.760544004032290957e+02,1.014885962159953792e+01
8.229923340594469039e+01,1.802434363385203753e+01
5.639139799592290103e+01,1.662650779796476641e+01
4.551872300081502232e+01,1.628489959868392845e+01
6.344516589178643784e+01,1.278710689790499444e+01
4.538189284121184386e+01,1.215039896291007437e+01
7.289788765858250486e+01,1.177385415422432224e+01
6.301241253816919397e+01,9.501825699277986814e+00
7.131496614351161156e+01,1.315524486678953409e+01
7.322139949095095801e+01,9.441011967342589628e+00
6.322103588259436435e+01,9.589435389320025038e+00
-1.767252627510862624e+02,1.087641053214994002e+01
1.775935977179008205e+02,6.146332144452802737e+00
1.798930154824878969e+02,7.963702911838151266e+00
-1.756212726703166425e+02,9.491775823106337384e+00
1.687604174476993535e+02,8.440576178938508534e+00
1.766438993299441051e+02,1.276543202702056590e+01
-1.690580198618983729e+02,1.090150307969154753e+01
1.666662787789374249e+02,9.085304301479055766e+00
1.734329698074120927e+02,1.319616449074043629e+01
-1.736168228890560670e+02,1.299015917545712995e+01
-1.739608699379425900e+02,1.093611314895696651e+01
-1.716956044391874059e+02,1.140887907800740564e+01
1.752178205751618520e+02,1.554813670552730542e+01
-1.632157104822902340e+02,1.327935244317013108e+01
1.776342235339402293e+02,7.265418577263291766e+00
1.778539695999612604e+02,8.071209938207424273e+00
1.749091704982726299e+02,8.961739785510758338e+00
1.769730371901583794e+02,8.872755335064962168e+00
1.795600469641509278e+02,1.089212689710512194e+01
1.744476591873306290e+02,1.089571959291904513e+01
7.358092823274409966e+01,7.448062375751852926e+00
5.251714467009525578e+01,7.502584566799667343e+00
7.196877387848462604e+01,4.889438238651164781e+00
6.408046584247799160e+01,6.845784829042620423e+00
6.131286081804709909e+01,7.986713238537596737e+00
7.853431595523487374e+01,9.187423597510111506e+00
5.799230942931879440e+01,7.407395689562889629e+00
7.841989331730805191e+01,9.986919392205876989e+00
6.899012551034320495e+01,9.847361278423793607e+00
6.202273421581195123e+01,6.498354302704152374e+00
-1.670385213627232872e+02,6.834635521294732285e+00
1.622880746026123120e+02,8.116359566014367033e+00
-1.658043273096655810e+02,1.233844174564459450e+01
1.740175963294483950e+02,7.756657204263280647e+00
-1.743919149475344739e+02,8.683694942934719663e+00
1.684573259530530152e+02,7.691563328784571496e+00
-1.695533264275517809e+02,1.178855540801472124e+01
1.650041027590540921e+02,1.677481924422785653e+01
-1.684482394271502983e+02,9.426002724830290447e+00
1.666479939819400045e+02,9.576118146419750232e+00
-1.710635842595748386e+02,5.090434031492156564e+00
1.750986782400830180e+02,6.669853320087311133e+00
-1.725365002317653875e+02,3.268427374784749873e+00
1.729809800647988425e+02,2.823098873559966471e+00
-1.722920542330468265e+02,6.504893132938830647e+00
1.755978489059544927e+02,7.107313895415423133e+00
-1.732708201428849861e+02,6.296300434284617609e+00
1.640531958873734766e+02,7.280637841386914388e+00
-1.685893328329439385e+02,6.791898300918795428e+00
1.732020651680524850e+02,8.398899257042224065e+00
-1.656741862420929863e+02,1.405111976118312356e+01
-1.777447152004577902e+02,1.812434863969442134e+01
1.695200663759606243e+02,1.505044476178553658e+01
-1.530715620059753519e+02,2.216011142764677899e+01
1.622828754790567700e+02,1.566673306804118226e+01
1.787842604525836236e+02,8.800427832042558407e+00
-1.743119950656255810e+02,5.538212430185273760e+00
1.735244938694600592e+02,1.087064526324247460e+01
-1.787227734952585934e+02,1.099753901573349779e+01
1.750851050606349304e+02,8.407115246948420051e+00
-1.783730000762284078e+02,1.036065914967406165e+01
1.716370047475450633e+02,1.685748871642955393e+01
-1.695061747865380539e+02,1.170931877768331830e+01
-1.727924606846987388e+02,7.030857594062332794e+00
1.731683974991087496e+02,8.795663806678815533e+00
-1.724225367022478110e+02,1.304042653967238330e+01
1.777936108036513190e+02,1.037718994504955816e+01
1.662253851583929247e+02,9.037760160529437314e+00
-1.652159553077696899e+02,1.129786101484583227e+01
1.633222037029142655e+02,9.315126444020849661e+00
6.723636620236786143e+01,1.123691378678889308e+01
4.817355991332384235e+01,1.421628370757519377e+01
6.707213050748612204e+01,7.865720754359973199e+00
7.092754012431460353e+01,5.778756441148330758e+00
5.936800463999933442e+01,6.481176408160163049e+00
8.062527374851482875e+01,8.666282658346233347e+00
6.334416436365147263e+01,8.270581943387270485e+00
6.278737688986566923e+01,7.664472982849680704e+00
5.810815723126570020e+01,7.283463460186063720e+00
4.924119924030828344e+01,7.606415782090408584e+00
8.044215236057272023e+01,1.161775324981216606e+01
5.126014427685428387e+01,9.986016501610544438e+00
7.350206614826387863e+01,9.846864783125070630e+00
6.985840830993403472e+01,6.893194631735482858e+00
6.277154094891621838e+01,9.278921463698418748e+00
7.210458759199877932e+01,1.441032504582902618e+01
5.880503152486975438e+01,1.302607750222159844e+01
7.596470288070857180e+01,1.054956459350434628e+01
5.096917166525254572e+01,1.168017675717489823e+01
7.467651737076036511e+01,8.375470424889474685e+00
-4.609479642704234692e+01,1.793167091686478898e+01
-8.271144593413532675e+01,1.499660838524257400e+01
-5.584568542914740874e+01,1.178859207495690420e+01
-6.603834005354637782e+01,1.012740977542702936e+01
-5.789995372397109463e+01,9.367932072760392970e+00
-6.165014530255668745e+01,1.283167644518779760e+01
-7.914251962804867446e+01,1.306211076151838313e+01
-5.205517687020972062e+01,1.601226922780786310e+01
-8.363896534863594923e+01,1.243004532192807510e+01
-4.685061283073854099e+01,9.536953423713033118e+00
-1.775154069980070801e+02,3.630934409040366795e+00
1.751081723503776288e+02,6.044594205458168723e+00
-1.733441718026668639e+02,6.978451709945130865e+00
1.771328469203081681e+02,5.015091089511948930e+00
-1.789609920669472274e+02,5.318208420049632679e+00
-1.785137767367053527e+02,5.142506218775057647e+00
-1.791299017158408731e+02,8.799505938960978213e+00
1.742934622728057263e+02,8.565084025129550582e+00
-1.772651306713954682e+02,8.346651884805011079e+00
1.733926635948254216e+02,8.220545559540870073e+00
-4.968586306185226675e+01,1.203995209632231145e+01
-8.949755142750656489e+01,1.403524819289964931e+01
-5.853209590635051995e+01,7.958568543893544955e+00
-5.081092664918745072e+01,6.335231964135134675e+00
-6.882050160415460027e+01,6.450105593720937947e+00
-5.553375531530702602e+01,8.084765630058683428e+00
-6.981584718963392788e+01,5.788478580920853211e+00
-5.032104410371998426e+01,9.574147180677176294e+00
-5.450785552201132589e+01,8.386528187468961448e+00
-7.608347127550264588e+01,9.347210923382380798e+00
5.647427720418316710e+01,9.836122265522147856e+00
7.488635628526064636e+01,9.674090640553538734e+00
5.541104423654054045e+01,9.411911416118995177e+00
8.705995698735929977e+01,1.385727394610040086e+01
6.334038937237454547e+01,7.736159374919175491e+00
5.252641003596091451e+01,1.101771649799436759e+01
7.934200854734238817e+01,1.177810181471306450e+01
5.488793873603918172e+01,2.153369902897061650e+01
6.698533919139040904e+01,1.279326594101361181e+01
7.163167144205260684e+01,1.749620917697201605e+01
-5.035560148219429522e+01,1.583261801064224628e+01
-7.389413327133090093e+01,1.445229072254447189e+01
-6.187596513806680321e+01,1.096723729205589137e+01
-6.322784517077977284e+01,9.735893975554109403e+00
-6.664490879504752741e+01,1.347665865922412465e+01
-6.448560684934234644e+01,1.324340194265373505e+01
-6.605436528914863459e+01,1.340450056339319573e+01
-6.777016858684349643e+01,2.582683210969146259e+01
-6.045926185462403168e+01,2.378818217091668430e+01
-6.693805849477161019e+01,1.792071775877181139e+01
-4.258350993323479372e+01,1.147934218943003160e+01
-8.277472463794823909e+01,9.753227507710866107e+00
-6.051831280894897702e+01,5.599122557407381962e+00
-6.512095378507058285e+01,5.011984109794147102e+00
-7.425736312183620669e+01,5.641114262987541039e+00
-5.274709172508194399e+01,8.908493972242393255e+00
-8.875399058272229524e+01,1.070651173703342707e+01
-5.737803314191478421e+01,1.048075743699604701e+01
-6.911488585367941084e+01,1.463215418650712074e+01
-5.718918501037906310e+01,1.287936161512570443e+01
-5.734198484929115125e+01,1.805906838966048866e+01
-7.526794085744404583e+01,1.181839302038554074e+01
-6.381398107815875420e+01,1.686421611786522590e+01
-7.751212341451319787e+01,1.478100357629421424e+01
-7.399680107001468343e+01,1.290347434685149253e+01
-6.104838318062999747e+01,9.389850618336556209e+00
-7.646779307849529062e+01,9.617783028178468641e+00
-5.306848552593532276e+01,1.450302730997265321e+01
-6.094723296998224527e+01,1.708682290332133746e+01
-6.378526469786115172e+01,1.086103555275098387e+01
-7.550973742371223807e+01,8.953449259831895546e+00
-4.616429701086189397e+01,8.417568909697678237e+00
-6.933148365012080205e+01,1.338116904369928761e+01
-5.391356672173812825e+01,6.326900282235209616e+00
-5.649634079559400135e+01,1.010884578757130114e+01
-7.152742416389308744e+01,1.304425987781679197e+01
-5.021232480321737768e+01,1.039674855944848986e+01
-6.727655701943137956e+01,1.362779732359984308e+01
-5.987046559385416344e+01,9.199274075842101439e+00
-4.305224428986981167e+01,1.048255702914886633e+01
1.657430500215994584e+02,1.247106053300467821e+01
1.783830192574222906e+02,1.498256486566388546e+01
-1.743107926275360455e+02,1.310995942237316036e+01
-1.793599393779959712e+02,6.241795427845856281e+00
1.563757720816888366e+02,1.260609607562368417e+01
-1.654224467023552734e+02,9.962533328149378420e+00
-1.702116449853780864e+02,7.625721615129965159e+00
1.651701600070040286e+02,1.362649356206656925e+01
-1.697128741399950798e+02,7.791445498526034186e+00
-1.749147159227639747e+02,9.833103302235642218e+00
-7.764909199835311426e+01,2.060117265778387718e+01
-5.856110176187282690e+01,9.112834458160421036e+00
-5.499079813738262601e+01,1.710361228188350324e+01
-8.095525044028242689e+01,1.643916043715116970e+01
-9.345538495197503437e+01,2.134131306025363983e+01
-5.759419535937193046e+01,1.413133245698556095e+01
-6.083878056295070280e+01,1.447917710116437462e+01
-7.948141280359600103e+01,1.610305066844185973e+01
-7.239766395529267129e+01,1.574431768801147058e+01
-5.441699843127289427e+01,1.558409837369603679e+01
-1.799271746501188147e+02,1.646736545363330606e+01
-1.655412819170089449e+02,1.550790239052631492e+01
1.659595392173106347e+02,1.104838154652477655e+01
-1.707996041324752525e+02,1.420738004477980709e+01
-1.716096481436494798e+02,1.042618420807898794e+01
1.667048426780975205e+02,1.748664793919547833e+01
-1.594436741277180829e+02,1.306340661017102001e+01
1.746721545294633984e+02,1.107463855548041209e+01
-1.741635453514383869e+02,1.237705941735713111e+01
-1.761728490791246884e+02,1.124560231007315814e+01
-1.723986613361630020e+02,7.107223458536822136e+00
1.695520370170264925e+02,6.236996342178288799e+00
1.740788583504272538e+02,6.065338947315297879e+00
-1.749622520999338349e+02,7.080742904966963458e+00
1.711560416554153221e+02,8.010421127513769335e+00
-1.795961145183764245e+02,1.069208083133495713e+01
-1.786197543640623167e+02,1.410048020891545661e+01
1.725407690375786558e+02,1.325129506510471522e+01
-1.667719324784774813e+02,7.674827116787019676e+00
1.765245421210780989e+02,6.559717557310740688e+00
-7.799392601433714844e+01,1.682261570582626220e+01
-6.051620373502192507e+01,1.198593919924285700e+01
-5.752268331771076504e+01,1.141932607943417999e+01
-7.815201757896477375e+01,1.774742598208479194e+01
-6.988337692385246669e+01,8.115227608170506812e+00
-5.724168634988379267e+01,1.384613844309848574e+01
-7.080436481571324236e+01,1.305271883421867507e+01
-7.015819418510194794e+01,1.453654434576595733e+01
-6.899219058742295374e+01,1.299768482396109448e+01
-5.085601059843514804e+01,1.078715501120678155e+01
-6.873968091631094524e+01,8.870233538924319205e+00
-6.034687820592674967e+01,7.830877900433424799e+00
-6.921976856164916114e+01,7.774221151741961933e+00
-7.750545218920311186e+01,7.463979505972341499e+00
-7.003315853270741798e+01,8.455631717634853217e+00
-6.396635072826029500e+01,5.760801503479486385e+00
-6.738470383025681087e+01,9.857210229779969524e+00
-6.129002593155011880e+01,1.179225769988677186e+01
-6.090749743199469890e+01,1.086308177465854286e+01
-6.089484582072713437e+01,1.126496041621673783e+01
1.637280281366641361e+02,9.450816631349228558e+00
-1.749358823439918638e+02,2.389147982557979333e+01
-1.758429842787114410e+02,7.362366610696170710e+00
1.795868044813823019e+02,1.762135416055641457e+01
-1.729210577485322915e+02,6.535593964814990997e+00
-1.790793702554199456e+02,1.927584978325562304e+01
-1.792946866065544782e+02,5.651791979497193807e+00
-1.762793406853102454e+02,2.277388846272154055e+01
-1.779474154291214916e+02,7.265494726313383111e+00
1.744528441057399561e+02,1.526223509594944616e+01
-1.760411281990836585e+02,1.552310445834365282e+01
1.774084469464118570e+02,1.102424662198512451e+01
-1.700287152463517089e+02,8.931659344945080292e+00
1.793960423509529676e+02,1.611155715175215164e+01
-1.752137738254436101e+02,9.004235052988804000e+00
-1.714734646811536436e+02,1.061493816002256807e+01
1.773994799351073937e+02,8.476995109860460786e+00
1.781246445421249973e+02,8.426318615788176203e+00
1.787607251126292454e+02,1.036377750567725720e+01
1.774318010038961120e+02,6.109038928140446245e+00
5.008798142745956739e+01,2.283040070906875840e+01
7.193766871769395266e+01,1.552787028440154415e+01
5.337403237230890340e+01,1.948356215447236650e+01
7.552149355934736263e+01,1.167705529100247830e+01
6.307361288000288368e+01,7.830933334144319247e+00
4.754444236599820073e+01,1.939952842382375309e+01
8.712258301514978598e+01,1.305952373675224010e+01
4.528711509283401426e+01,1.808520458327361169e+01
6.589433122628368267e+01,7.974647176498978141e+00
8.651303758087978224e+01,1.785155746725511250e+01
1.728767721832864765e+02,6.657037119233434552e+00
-1.754904400080670825e+02,7.445117482882114501e+00
-1.747524747451274436e+02,1.100422895509657373e+01
1.648222107742085143e+02,9.898164959179652556e+00
-1.729631288314382971e+02,1.532783413940268957e+01
1.776915159222651255e+02,8.582037111607652591e+00
1.670861098429138849e+02,1.400877830461289264e+01
-1.721152209410010698e+02,1.066345750125994485e+01
-1.772756729336280728e+02,4.604073420723073795e+00
1.737717023226618949e+02,6.074167841049428418e+00
-1.779943795026346720e+02,1.531967374356916878e+01
-1.477475403427182528e+02,1.273487569947437059e+01
1.452456143852786568e+02,1.423200398824272206e+01
-1.726962933101156352e+02,1.153359821350119852e+01
-1.703445711469227604e+02,1.890359772302362273e+01
1.725906447233792278e+02,1.462776173184333217e+01
-1.796899473714790076e+02,3.126307855490443544e+00
-1.649810981284812215e+02,6.730960812557977846e+00
1.591068635082202434e+02,8.013453441031821001e+00
-1.673847197407126259e+02,9.013008617270999778e+00
1.633461520093037507e+02,1.012205315210371737e+01
-1.690844136371997024e+02,6.500762964652376574e+00
1.796944936964193857e+02,6.267378072381062815e+00
-1.776560914241382534e+02,7.636096297253304854e+00
1.778986345415811456e+02,4.322701801505571595e+00
-1.723295638975554311e+02,3.634089941461613904e+00
1.661074840004435771e+02,3.759844068402083295e+00
-1.598961433960996885e+02,4.818675867351094766e+00
1.587957235128577906e+02,6.614937374637526624e+00
-1.754560501207139112e+02,4.960609017591538716e+00
1.598667894283920532e+02,9.796717166129408128e+00
-1.755376639324183543e+02,1.155502353685500516e+01
-1.607332174686782480e+02,1.234406357092064788e+01
1.608991224191134393e+02,1.404773247127314661e+01
1.775812819620014125e+02,7.972894161745383457e+00
-1.698768874575426651e+02,6.116636862402573982e+00
1.631131362807090568e+02,7.749731807093475311e+00
-1.696992557332125955e+02,1.076261617840793150e+01
1.799159194282309215e+02,9.539929288756029635e+00
1.757781892904849883e+02,6.723977791174490903e+00
7.100524152005651501e+01,6.157534523325999487e+00
6.291438318742608971e+01,6.268059195223340652e+00
6.361341109966555507e+01,7.523554650706451241e+00
6.656538805852943597e+01,7.526253552961618354e+00
6.434093970170896171e+01,7.274913068019957407e+00
6.209819149410256500e+01,7.605668157133882445e+00
6.645433132795862718e+01,9.325491640659517856e+00
6.704358162939118415e+01,8.738143290326267021e+00
6.393657119816585777e+01,1.563798300554630316e+01
7.167790141201157894e+01,7.829981868519418242e+00
7.178178936318875003e+01,1.017617518838447133e+01
7.193787749965231626e+01,6.302934614603259433e+00
4.755933461643068227e+01,7.226938513758337734e+00
7.468687597827749869e+01,9.103783069392754612e+00
4.779632573976005716e+01,1.040153854939980604e+01
5.827734445619746140e+01,1.073700629886757696e+01
5.555265130600089662e+01,7.884145583343947550e+00
6.592323935670211199e+01,9.383881834175966219e+00
6.365152621838527125e+01,1.042416661387096433e+01
7.772600028439013897e+01,1.070086133239252035e+01
-7.993379978748060921e+01,1.419959769119970616e+01
-8.764904993289817980e+01,1.649660423327654257e+01
-3.444367597755680777e+01,2.059505015728149857e+01
-8.670230749652385782e+01,1.611214146452313756e+01
-7.806423320431507307e+01,2.751252240281188222e+01
-4.657498505142893919e+01,2.401828952439829123e+01
-8.821291986244941086e+01,1.859115314323965862e+01
-7.470940175052759002e+01,1.052469729225853712e+01
-4.764773894762408446e+01,1.921442878677910926e+01
-5.916485622375567033e+01,7.894740399883657389e+00
7.424211717462100069e+01,7.115755481213588141e+00
6.373543722812114964e+01,6.825368910978895087e+00
5.479021553745473483e+01,1.025294990053057376e+01
6.942772817412375730e+01,9.124688127425422124e+00
3.909518226487201531e+01,9.913094773150955774e+00
7.543837673393011301e+01,1.441546292549163510e+01
4.702108828781037175e+01,1.006208852367455542e+01
7.421562389926420167e+01,1.509129425511491007e+01
7.403902114736057172e+01,1.019032290209101532e+01
5.998331759004334884e+01,1.041390630143860818e+01
1.715904077417256417e+02,7.337809529062690572e+00
1.797082103287247605e+02,5.586686018452180491e+00
-1.677134184600359958e+02,6.986186847000980471e+00
1.717700130299178340e+02,5.279295479164220595e+00
1.722364558467370159e+02,6.539188047850823082e+00
-1.661522212004325638e+02,9.139785243588210761e+00
1.731427461038561262e+02,8.966732405201513600e+00
1.650364436547064031e+02,9.520343231998522171e+00
-1.574383432482840135e+02,1.175163268029756836e+01
1.796356844127393799e+02,1.164394758583988043e+01
-1.792166746439546046e+02,7.124366026021336396e+00
1.712763010210788082e+02,3.678004672207330294e+00
-1.778401482583387008e+02,5.423396006873507647e-01
1.751888892354299401e+02,3.042415542458646982e+00
-1.716591061280713006e+02,9.007285586836108138e+00
1.764973156285084883e+02,1.388534469973068219e+01
-1.738485420914287829e+02,1.175031118881916115e+01
1.788010266395657197e+02,1.595237744545986303e+01
1.699181729108682362e+02,5.541953971723462047e+00
-1.674203315850614331e+02,9.096098099221990196e+00
6.702710510438113545e+01,7.421580991721675957e+00
5.749525715822512240e+01,8.178486982665852167e+00
6.255954894289823898e+01,8.274568439610913373e+00
7.099443507594550340e+01,9.356309031208009941e+00
7.275770871748729007e+01,1.267872886564254031e+01
7.290784223489670524e+01,1.165794218632160728e+01
7.463270055715541673e+01,1.749630380403009511e+01
7.266055995731885275e+01,1.447792554465275927e+01
6.821239299801288780e+01,9.253541383198447434e+00
5.509700746807972394e+01,1.513377081028841253e+01
6.178278840520685833e+01,1.491648637086394302e+01
6.229602992737189027e+01,1.436864152915406478e+01
6.132844018439412537e+01,1.255224445514546261e+01
7.205427289047483441e+01,8.169980068886868452e+00
6.500254727673744526e+01,9.217036406122955938e+00
8.147683933302430148e+01,1.634290435647118755e+01
6.397896137395277805e+01,8.811851200988481736e+00
6.830410954422062275e+01,1.426764321345731190e+01
6.044649834329608495e+01,7.578269371197370319e+00
5.809009618033079647e+01,1.083215693828441673e+01
6.984765938021591580e+01,8.018350437361650762e+00
5.625853728435495071e+01,1.216686199499969945e+01
7.736960345420510521e+01,1.350737740466719217e+01
6.008462584425991793e+01,9.822300724648666659e+00
7.258553705172508330e+01,1.408159645984292041e+01
6.644761258443948293e+01,1.156118756352346288e+01
4.815406661230960594e+01,9.575721202243263619e+00
7.630878167401154144e+01,9.599904892399433010e+00
5.402931440521444983e+01,9.408120740396554993e+00
5.238306876627302699e+01,9.714923121843188625e+00
-1.763628750831892091e+02,1.045418230867392850e+01
1.688358370156941248e+02,8.730532605347939068e+00
1.786895913247567478e+02,1.070788650069519221e+01
1.789110003886557934e+02,1.473326987483185135e+01
1.661220171909617420e+02,1.272115846531794858e+01
-1.739595460191327163e+02,6.017364036936097449e+00
-1.775233498221134028e+02,7.077951513760963209e+00
1.725416391765565436e+02,6.139331710525667063e+00
-1.761774837732954779e+02,8.744797875099600049e+00
-1.778717541705886447e+02,8.043612813203594669e+00
1.716500853370939979e+02,8.220634370671129787e+00
-1.759703814643959277e+02,8.823539051163139746e+00
1.766847325909042752e+02,5.410640669224651589e+00
1.742589298692650459e+02,3.407318032705633826e+00
-1.632098922156115179e+02,4.777844742739203454e+00
1.661734809401698101e+02,5.955572406622878567e+00
-1.727828201055348529e+02,2.296814842124628608e+00
-1.782536924439714596e+02,3.066228865054690722e+00
1.772798972614080526e+02,3.496509162987559982e+00
-1.711350247099100557e+02,3.185453606737523202e+00
-1.736232374255468756e+02,2.200072853172901688e+01
1.725948576588045000e+02,2.585924535423279380e+01
-1.722562005107594700e+02,2.072274082862819711e+01
1.716578400654123868e+02,2.477790258812534674e+01
1.730292299947614652e+02,2.828329553926851858e+01
1.682959200874976489e+02,2.670616666400820094e+01
1.786873557859457833e+02,2.151003266214435428e+01
1.772302667399164875e+02,1.858013945267954625e+01
1.667590574777777590e+02,1.935578195093416554e+01
-1.667286239104188041e+02,2.770271182522736808e+01
5.480455833815170053e+01,9.543239570364217883e+00
6.293441665843400301e+01,1.605787447861354877e+01
5.605537513767313840e+01,1.112033122916496986e+01
6.353993461799733211e+01,5.800610605179803869e+00
7.676203825618246412e+01,8.901428911204046557e+00
5.345815310326445768e+01,1.007940345051031983e+01
8.516978297100116890e+01,1.033169939486282729e+01
6.444625742013576541e+01,1.293786837268168810e+01
5.754255168669619991e+01,9.141785198388150846e+00
7.082534791683393394e+01,1.021072318018901193e+01
-6.434834510972457622e+01,1.123315311149758244e+01
-5.584813591359916529e+01,1.242205592623029808e+01
-6.771805714360652928e+01,9.276040652877878046e+00
-5.126496854244226142e+01,1.349198264835999694e+01
-6.600864822962374490e+01,1.273933827067547142e+01
-6.147809257779360337e+01,9.804876601426496308e+00
-5.729026143415237726e+01,9.852682548219769743e+00
-8.283942656825409756e+01,1.198376229122755632e+01
-4.556265624203548725e+01,1.164069064614536941e+01
-6.944956092122143332e+01,1.071084584687866226e+01
-1.636513534364666782e+02,1.479113233329865373e+01
1.636602108650522496e+02,7.831917484796914408e+00
1.709622197245868449e+02,9.375667038803047859e+00
-1.669273236133894898e+02,9.711883601148407763e+00
1.670616212672397864e+02,8.124172058980699163e+00
1.744039588422824352e+02,7.184099884103986255e+00
-1.677541439562438370e+02,9.168666879849801887e+00
1.645031383206726048e+02,7.532524456090463616e+00
1.764450819234137668e+02,1.140511818217221851e+01
-1.651391423179561002e+02,1.174451800084913700e+01
1.798328013902397799e+02,4.040670763860518377e+00
1.732559664570157736e+02,5.708301554988115534e+00
-1.786059577585201623e+02,3.543173366177150285e+00
-1.761548917190668533e+02,6.052398173433005013e+00
1.648989570798493958e+02,5.563270589417234291e+00
-1.563983092641953760e+02,5.855841043256964085e+00
1.793311848819305112e+02,1.882395544338242743e+00
1.741890188603060494e+02,4.599426552764942500e+00
-1.638309490510785622e+02,8.076570462598326117e+00
1.644499016329919527e+02,9.566921300196234768e+00
-1.735078462329384195e+02,1.359686685620767754e+01
1.691789099550752269e+02,1.474311530220177247e+01
-1.774898213738019024e+02,6.115602086983727759e+00
-1.731582900316139444e+02,7.155132363536278461e+00
1.738843881241830900e+02,7.491739415360045840e+00
-1.734551459459374314e+02,9.716525472011566578e+00
-1.791976294786233268e+02,1.051573339697765164e+01
1.739177498129370179e+02,1.352161639042224550e+01
1.771664078746148050e+02,9.436896400965604670e+00
-1.753865731433410531e+02,1.210656152394772533e+01
-6.145591487193885882e+01,1.503321184161514168e+01
-6.894215164017850839e+01,8.965071974513715958e+00
-7.041604465085006836e+01,8.236460234586335361e+00
-4.283341583459055357e+01,8.683801213102753991e+00
-6.719145457928938470e+01,1.145833240260506614e+01
-3.410478652386200338e+01,1.486704524452324705e+01
-5.357698062684625029e+01,9.684968598291414210e+00
-8.447489144245298576e+01,1.259135533538658791e+01
-4.112421107714499158e+01,1.179598149145044772e+01
-7.602260639044315838e+01,1.355158969448220674e+01
-7.129559538162358479e+01,8.132222362736648336e+00
-5.278854913814677019e+01,9.083266403550924295e+00
-8.162709288943807451e+01,1.026172835568704755e+01
-5.922982626241846305e+01,1.023979297142374989e+01
-7.734506061694926871e+01,7.577584482444176928e+00
-6.001098973187909280e+01,5.004608668952441164e+00
-6.244948789883806484e+01,4.690175965288855942e+00
-7.417483398046148579e+01,6.978436597406390440e+00
-4.633885615954153536e+01,1.183664850588236206e+01
-8.603907884714922716e+01,1.537952728690135551e+01
-5.261580978502148298e+01,1.328410433348341613e+01
-5.344672798375361111e+01,1.307192006721374078e+01
-6.726023516760970722e+01,8.038128214203357658e+00
-4.941170661768516226e+01,8.021696777574375048e+00
-7.808410219777852035e+01,1.274165508346902698e+01
-5.530854531759436554e+01,1.027943136000665980e+01
-7.116941680306791795e+01,1.291914785851184888e+01
-6.171861499361894943e+01,7.339190532557552160e+00
-5.706892460189752114e+01,7.107733093736395169e+00
-8.514181163818285825e+01,9.569571978699451975e+00
1.723909210885738048e+02,5.580830542441782782e+00
-1.698257083122895494e+02,5.230455077548755938e+00
1.797030258436751353e+02,5.907356847598149052e+00
1.751869659930995908e+02,1.079737579442152651e+01
1.731998098341569801e+02,8.986986360594126921e+00
-1.615038220561245907e+02,1.432786226208354030e+01
1.696519366671194007e+02,8.309464252016850239e+00
1.742489594097350789e+02,8.810096119067948095e+00
-1.633540085777578383e+02,1.240642768230117454e+01
1.746793787353865071e+02,5.968280612484049286e+00
1.731042510428402466e+02,2.024183474609958822e+01
-1.560288246707054611e+02,9.160995577788394684e+00
1.620044471146436820e+02,1.661902960480712110e+01
1.780630661800661585e+02,8.763919231353058947e+00
-1.745248041013036300e+02,1.249594386259200007e+01
-1.782132556009609345e+02,1.652317252831075223e+01
1.742369444527701603e+02,1.056380670206906913e+01
-1.708786948085453332e+02,1.616656127132917575e+01
1.544811031630753746e+02,5.966686489004557892e+00
-1.590890630154128758e+02,1.704904079583596399e+01
-5.543837597351966195e+01,6.294573850624906264e+00
-5.855445508823419942e+01,5.179641228397365182e+00
-6.051691878264870894e+01,7.716317135055037468e+00
-5.866142201112818100e+01,1.298130242571779291e+01
-5.826842909371721646e+01,9.583137437755816279e+00
-5.369296563744990891e+01,1.344718193026585240e+01
-6.757796625427592119e+01,1.067125057219017847e+01
-5.897744241552125999e+01,1.192081352459409516e+01
-5.554072349866815728e+01,1.110671718183083811e+01
-6.402691092931928551e+01,9.533968195358751174e+00
-6.815464398212336050e+01,1.115537589372632254e+01
-6.470790791353265092e+01,1.445020627920285072e+01
-6.931498587055084215e+01,8.397408591226483310e+00
-6.305422362687620108e+01,8.480372885585559573e+00
-4.713867021191226314e+01,1.500613548386529494e+01
-6.110254362924598581e+01,1.332890824683730990e+01
-4.828855349802854136e+01,1.061758694227324540e+01
-6.463969139255554808e+01,1.046847160780983366e+01
-8.572922488675601471e+01,1.356226531339923014e+01
-5.608562977983029185e+01,1.436109671989205339e+01
-6.378709365685132582e+01,6.860401099984272832e+00
-5.076397766064591366e+01,9.341494657475500674e+00
-4.605016468372079430e+01,1.271685655846202678e+01
-6.844553517542499321e+01,7.570234188070966042e+00
-5.324985113471392140e+01,9.771041639793375921e+00
-8.167585859526469960e+01,1.142012657457764391e+01
-6.948242962638501297e+01,9.780729271964558436e+00
-5.787366164628887333e+01,8.719634882150947064e+00
-7.840493952496821350e+01,6.168065508089172866e+00
-5.015645127592270569e+01,8.800517271551353105e+00
-7.399076178958351591e+01,1.160859959857777568e+01
-5.302787662941952362e+01,1.466696632486538476e+01
-7.453674355079999714e+01,1.664080062249754732e+01
-6.436590647997832093e+01,1.326671308162427820e+01
-5.600830616366814496e+01,1.994765292655414157e+01
-7.645363535280714018e+01,1.729723736430022285e+01
-7.806226527532827220e+01,1.511039557116578891e+01
-6.542148867955772573e+01,1.497116491797301130e+01
-5.532129620559513938e+01,1.586977076898201133e+01
-7.168033255425085315e+01,1.422932353190071986e+01
1.724894006363892629e+02,6.192552445332938582e+00
-1.724186650300617316e+02,2.676964643979306668e+00
1.693826592334880843e+02,4.958364542100285099e+00
-1.738008107939836577e+02,3.106614764392368500e+00
1.748068707167911384e+02,3.145919134787849014e+00
-1.776885135217495133e+02,2.231641776216724438e+00
-1.780273030888666312e+02,2.228423373301315458e+00
-1.789864383174223974e+02,1.556258989204685417e+00
1.708499419939549000e+02,1.446730461521615219e+00
-1.670894712633121912e+02,2.547570866100645759e+00
-1.720266681089763949e+02,1.927722468629531960e+01
1.784716274188128295e+02,1.413203217361708042e+01
1.734660740091663911e+02,1.610234424168724843e+01
-1.718968420866092686e+02,2.010634401869242538e+01
-1.779054011709441170e+02,9.446241505376260505e+00
1.776626484195286366e+02,1.949439701959290261e+01
-1.602768374133846123e+02,1.316687298716004406e+01
1.711959165453362175e+02,3.154060374684326007e+01
-1.687297054168888053e+02,1.527361848878261164e+01
1.790569413851914362e+02,1.788715803764726786e+01
-4.659864224884762507e+01,8.668012068928849345e+00
-7.261229248453538787e+01,1.210863818537202796e+01
-4.920475966727488526e+01,1.022981527216107622e+01
-7.468582721028208482e+01,1.401022337703473752e+01
-4.783203524780513050e+01,9.575092577713254727e+00
-6.261215594799042350e+01,7.406085697702856407e+00
-5.879085367944377793e+01,6.999371019293942453e+00
-7.373613159910148340e+01,1.122286721985465263e+01
-6.827324399614325046e+01,1.466253633048823701e+01
-6.710500948900805440e+01,1.427209599503775728e+01
1.772032942180513260e+02,9.597230176628398723e+00
1.699011332474061078e+02,1.079192881029831597e+01
-1.756462170278169879e+02,7.784025358312957721e+00
1.726872623195083918e+02,1.526177695243120169e+01
-1.700608852303056437e+02,1.588754964415728566e+01
-1.630011982647670266e+02,1.143550585460632973e+01
1.462545743793068311e+02,1.684227086726222922e+01
1.765419879875104812e+02,4.443917907659018951e+00
-1.445284792625841988e+02,1.864864239232209542e+01
1.613401341672138756e+02,1.352109108658050474e+01
-7.160690908696047074e+01,1.239668643515081570e+01
-6.205952818447421748e+01,1.021002230106224573e+01
-7.909504051423685667e+01,1.048982708565944755e+01
-5.511524195440573948e+01,1.250428613314694992e+01
-6.912457479660358217e+01,1.063537986925864232e+01
-6.632086877740346154e+01,1.199330560446808214e+01
-8.198838983912207823e+01,1.297200927983162266e+01
-5.078687419293476069e+01,1.203525453786954813e+01
-6.533065836610620636e+01,9.558930223411856275e+00
-8.137680035587202099e+01,1.078134581444179751e+01
-7.418770471269500888e+01,2.249071820277436728e+01
-6.842907815910101021e+01,2.608314198835152098e+01
-7.641683535445862674e+01,1.542656873511170446e+01
-6.616873617434735877e+01,1.707826606266769431e+01
-6.130926769163676937e+01,1.220005662500243737e+01
-7.034145989476346017e+01,1.337059235820579772e+01
-4.764253046519755230e+01,1.936058136577532451e+01
-6.429300283491161849e+01,1.114414099880626097e+01
-5.485111930864586327e+01,9.353228692637571839e+00
-7.879659189493526128e+01,1.116084120680751823e+01
1.773819457583088024e+02,3.358911409723114971e+00
1.709964442526313917e+02,3.222341175283868875e+00
-1.699380350556687347e+02,4.625519657503085469e+00
1.755287931040391811e+02,4.520713665887263311e+00
-1.775695678046567991e+02,5.360130995944950349e+00
-1.761039135928919848e+02,6.135072255125216145e+00
1.757266062080295796e+02,2.905575474690320625e+00
-1.723220540432468795e+02,7.972455750150814424e+00
1.767787064506165677e+02,6.570245787956476846e+00
-1.748438281129183451e+02,7.544605632880589496e+00
-7.822660023176351274e+01,1.225145692011155063e+01
-6.324504201118792679e+01,1.368312910446797304e+01
-5.288134809772674316e+01,1.567399838227613174e+01
-7.215498401520983407e+01,1.317540014366653622e+01
-7.780254816788495020e+01,1.402756243554352977e+01
-6.957684562827829211e+01,1.411027667666191121e+01
-5.570594720818799317e+01,1.247403488990700460e+01
-7.245244080597205993e+01,1.617063779531491718e+01
-5.727214711021229476e+01,1.295490294201812276e+01
-7.829027345666413851e+01,1.280252548391690226e+01
1.671575498666431656e+02,6.356827597572360489e+00
-1.726368954054373148e+02,5.930329243537991957e+00
-1.746881786326168537e+02,7.370627993833846148e+00
1.594348628243126882e+02,8.963942412564069429e+00
-1.671929460917311587e+02,7.600796492349092048e+00
-1.702727668851233034e+02,1.299636989792016806e+01
1.641647905855754175e+02,1.338044001700055752e+01
-1.692828875153024342e+02,1.238109462241058800e+01
-1.772601123182546132e+02,9.551393264847421349e+00
1.728803657841453685e+02,8.384828358041426455e+00
-6.464942111337710173e+01,7.411504130745143470e+00
-7.492056614798262615e+01,7.805560082050398307e+00
-5.821250374019523122e+01,7.546823849200034573e+00
-7.693861261462620860e+01,9.813906190028756527e+00
-5.842597289059216337e+01,7.545009877796463371e+00
-6.565826408305596829e+01,1.255651896440184778e+01
-7.348208541562787843e+01,7.037473951036230524e+00
-4.919602795481787894e+01,1.184345565586951743e+01
-8.657380830498169644e+01,1.154980662227607802e+01
-5.607339528478824064e+01,7.546093466594811616e+00
-5.919608714303919328e+01,5.980675945394313686e+00
-5.858644824460015599e+01,4.571635136825410228e+00
-7.403994456166485350e+01,6.482216407854243911e+00
-4.927166284873636926e+01,5.883670761182699493e+00
-6.884074887819076594e+01,4.863669411185453484e+00
-6.640196659126669942e+01,4.138341452730436743e+00
-6.076115467667774794e+01,5.730588233236503015e+00
-7.015992856436457714e+01,4.562693392885572408e+00
-6.302686833011863143e+01,5.938366908747608974e+00
-6.438571011911474784e+01,6.612531145680181410e+00
5.330399882679460433e+01,1.256538884142216439e+01
5.931443128283907384e+01,1.244188813080822342e+01
1.014266229763561427e+02,1.704889673958241048e+01
6.165800064790769852e+01,1.344045722903418749e+01
2.816108115559551095e+01,2.066499597147128497e+01
7.340305314637626566e+01,2.117659300740204742e+01
2.649051555520430767e+01,1.642616924359636243e+01
7.493199309207594183e+01,7.930816386129325934e+00
7.885625443957047764e+01,1.042295666370349849e+01
5.862771938374400094e+01,2.204873490833448102e+01
-6.725440224385576471e+01,1.133324781089873845e+01
-6.144278992340690593e+01,9.935950609592127947e+00
-8.033845734057614152e+01,1.389920907565839592e+01
-5.381094218107963201e+01,1.400814459709267545e+01
-7.119675836127575508e+01,1.072447533344153570e+01
-7.631349855569200713e+01,2.150292352147482688e+01
-7.233421611663143835e+01,1.207970669783993500e+01
-4.395738409193380392e+01,2.003879914306964594e+01
-8.343234939063026445e+01,1.557020059760219155e+01
-6.836219735968055033e+01,1.337307946309098128e+01
-5.920478637755549300e+01,1.707012935333143488e+01
-6.243437541672633273e+01,1.163644258284946886e+01
-8.095169100081803037e+01,1.241125238848175982e+01
-6.754545768302284614e+01,1.077259396749006548e+01
-5.742689915119638755e+01,1.007922145197520436e+01
-7.431316150748946825e+01,1.236377608605001832e+01
-6.063726396651122741e+01,1.579758314588173818e+01
-6.238589680909530699e+01,1.547208930063109023e+01
-5.871238722221200845e+01,1.903073653750947614e+01
-8.179340817428530386e+01,1.625773888339268325e+01
-5.047181531583652969e+01,9.034470875717971694e+00
-8.110613518877477190e+01,7.732029166243101770e+00
-5.215057393441000499e+01,8.998677150474488684e+00
-7.422517262813295247e+01,4.929666180972398060e+00
-6.449437677126586266e+01,5.946188760142992358e+00
-6.203856976876660667e+01,6.869994035423264478e+00
-7.910486675656804323e+01,9.309610283524092367e+00
-5.487886517108160689e+01,9.081933316748322937e+00
-7.919731388515330650e+01,1.004578215450906775e+01
-5.523188079662740790e+01,8.056081668598706003e+00
1.743556139347379883e+02,7.136085666961587748e+00
1.734540355070035389e+02,6.719071592873349097e+00
-1.643765787502634907e+02,6.038610703747135489e+00
1.632583573648923903e+02,4.548088067783300659e+00
-1.725735516111353718e+02,4.550388801671973127e+00
1.785352559210457741e+02,5.755170817579767117e+00
-1.792070200141215253e+02,1.007221634050492298e+01
1.736791746460875174e+02,6.569067301957469240e+00
-1.589034293494742087e+02,8.983193585096424627e+00
1.442461933389946864e+02,1.340291524233407117e+01
7.097782061633419914e+01,1.315360942208614503e+01
5.367629358858523148e+01,8.826275730715376966e+00
9.274387114304767010e+01,1.707580807714156990e+01
5.676006493208260650e+01,1.050830863229953849e+01
6.800045417768966161e+01,1.178231370115167742e+01
7.363630411077738813e+01,6.647890126017061974e+00
5.336422461222966263e+01,9.157553532011334596e+00
8.006837467584719548e+01,8.122055602189179879e+00
5.852424824145118976e+01,9.189653172510659829e+00
7.479049975323010813e+01,9.665757626482481157e+00
7.866571392915217587e+01,1.073309991262209451e+01
5.014087292147204522e+01,1.488927149258906013e+01
7.837906863576246508e+01,1.207334485056694184e+01
6.373110034411458003e+01,9.667908681326757403e+00
5.508507040304228042e+01,1.194201335398860664e+01
7.347288564624706453e+01,1.265774637526234869e+01
5.803553679496413054e+01,1.375938343708196498e+01
7.058410914640599287e+01,1.271427216829513540e+01
6.904439658600144014e+01,1.383473529433863725e+01
5.856708150914598576e+01,9.178226698836260411e+00
1.772291865279572960e+02,1.749853069406670958e+00
-1.773191038376219808e+02,1.259962164388124251e+00
1.732282727977433581e+02,3.395197334315597892e+00
-1.794849147135884095e+02,6.093336750712558647e+00
-1.739360829391273739e+02,3.952553370767324381e+00
1.767503180456188261e+02,1.914179424522923778e+00
1.784038181024998835e+02,1.652679070247147219e+00
-1.765799494963023335e+02,3.460616062696970197e+00
1.723821900648667906e+02,6.009419536278841179e+00
-1.788563226910270316e+02,7.050897671622332830e+00
-9.781316616623979598e+01,2.045249544895205673e+01
-4.344056278935488535e+01,1.194159279936831553e+01
-6.836134494320668864e+01,1.284941641632426723e+01
-7.171178974917388871e+01,1.165052998925101235e+01
-6.753931304998702956e+01,1.219217391870784617e+01
-7.882741648554642211e+01,2.400337633869019527e+01
-7.196099324678168330e+01,1.390144495450173778e+01
-6.316610236105465503e+01,1.853407229859207561e+01
-6.621155046397207400e+01,1.007933569908885829e+01
-5.786336432284568332e+01,1.280744701001908048e+01
-5.409849261477068438e+01,9.360166663906150930e+00
-6.811028422011517591e+01,1.152998471330776908e+01
-5.865963626566602329e+01,1.062929168957928461e+01
-5.673108528096089032e+01,1.358456127877013486e+01
-6.145685499640788407e+01,1.142051293817604929e+01
-5.388184395074820543e+01,1.321433890350404639e+01
-8.221128193388447869e+01,1.570360822818171798e+01
-6.502138680321870368e+01,1.470735437322920092e+01
-7.332325722796976208e+01,1.636093084582975266e+01
-8.446122178121856905e+01,1.242953338481531844e+01
7.540994708610192276e+01,6.854090290205851588e+00
6.471306461321405834e+01,1.022377515305692697e+01
5.375719769845161267e+01,6.847502355350781222e+00
6.895215771029106122e+01,9.625597593380360806e+00
4.531232398767308922e+01,7.022216238109647790e+00
6.067327468414542579e+01,1.048906998398823021e+01
4.919075693721844544e+01,9.044850407070976317e+00
5.854067347162703783e+01,9.893181193442876165e+00
7.435848165502883944e+01,8.318501650453699270e+00
5.255924451775593553e+01,1.005474518960225794e+01
6.298298214500375281e+01,1.044551928438984234e+01
7.080821486824856947e+01,1.074793327752673910e+01
5.779057131873718589e+01,9.505971195969493692e+00
7.077593009201206087e+01,9.582278681547549581e+00
5.948908465798363210e+01,9.491673564655981110e+00
7.560273099108457018e+01,9.320478245111436522e+00
6.211247892048124442e+01,9.893993082855281784e+00
6.213898734645647437e+01,1.153829787778524718e+01
7.021532067994084514e+01,1.184146553629348908e+01
7.061421133381421100e+01,1.336810519774632944e+01
-7.507323056153809659e+01,6.278690224475393045e+00
-5.246433389413260784e+01,1.048228128463587083e+01
-8.544904994162781975e+01,9.418534882795281504e+00
-5.742935382898781427e+01,8.763228048369050782e+00
-6.135955075140080339e+01,8.280569295011936504e+00
-9.550661153466526798e+01,1.928698207905368278e+01
-5.049516265544500726e+01,1.575545661028302646e+01
-7.384523539102679024e+01,1.150715688225811917e+01
-5.848323295095404006e+01,1.346657758392958115e+01
-5.058374402522180446e+01,1.696646711037878674e+01
-6.763794728261227363e+01,7.619744434887648410e+00
-7.372954824850336308e+01,9.682388825140577637e+00
-6.098474975281481392e+01,1.058642645950362393e+01
-6.427823978040163411e+01,9.001952153287820835e+00
-6.669458514921772974e+01,1.419883986623686667e+01
-4.949446638267806975e+01,7.228550219437455127e+00
-7.997657724235135390e+01,1.531790128855210398e+01
-4.665735294078968565e+01,7.939713097113470397e+00
-7.186753806702944303e+01,1.387960368122563892e+01
-6.648600621374190212e+01,7.302401679749879193e+00
7.875750697466628480e+01,1.288014561402517622e+01
6.347806848532481183e+01,1.307223450961496525e+01
6.210748444780328725e+01,1.103362785397113655e+01
6.574743574305769300e+01,1.205345001734166033e+01
7.550085860414850458e+01,1.347168860235930410e+01
5.850124257964298380e+01,1.062133384861713559e+01
7.040628290719865845e+01,1.209087525801404794e+01
6.709768728110118730e+01,9.352071704316777812e+00
6.766794255547867465e+01,1.094762558828723797e+01
6.473370079533421517e+01,1.174488598329478606e+01
5.501333707189449740e+01,1.023115501769454028e+01
8.014957067834488669e+01,1.639701949199979225e+01
5.033403414802896947e+01,1.152200998182268776e+01
7.117719240898456690e+01,6.068353349103634997e+00
6.352984699420957071e+01,6.025002367570873929e+00
6.101720885195936717e+01,1.075453204663342355e+01
6.827989941171080090e+01,1.087771702084978820e+01
5.813511860971294709e+01,8.882043312017776415e+00
7.027487457695036710e+01,6.480210495647253488e+00
5.821745672931877635e+01,6.180712628792055519e+00
6.027914059452627527e+01,1.369124804035623733e+01
5.779147503012515585e+01,1.518363842375789119e+01
6.220876896668159617e+01,6.662141013352274044e+00
6.479563158547601631e+01,1.583421663054638984e+01
5.148609003361014658e+01,7.085834865665798787e+00
6.836114221315021666e+01,1.806296911908808056e+01
6.671949695749009379e+01,1.029941380060654588e+01
6.803424392911175289e+01,1.386490195099386469e+01
7.348008942080539896e+01,1.268912465347388263e+01
5.730541371886351243e+01,9.496765570547069046e+00
-6.885462280355886833e+01,1.209916067149214847e+01
-7.411312872519752659e+01,8.117527311439667770e+00
-6.577337071975189531e+01,1.092993489095175086e+01
-7.250961434060918975e+01,8.823125579410504571e+00
-6.063090052949166164e+01,8.199974403692239733e+00
-5.635406115983850128e+01,5.875802234374969402e+00
-5.918920332245927796e+01,8.209817215209593400e+00
-5.790356557062770548e+01,1.019368446890544710e+01
-5.264881912776236561e+01,7.322583582105696820e+00
-7.137081825037026306e+01,7.926162000251078865e+00
1.715737722414424411e+02,1.406149214221468036e+01
-1.628521224610875038e+02,1.141396154487751247e+01
1.626147182039476320e+02,9.538473121653400000e+00
-1.639334680244941183e+02,4.930465375369577963e+00
1.721363737139200794e+02,6.183797228509688715e+00
-1.751821778275621000e+02,5.769047606642613957e+00
-1.778030138952316861e+02,1.075795688468948619e+01
-1.772704816543075594e+02,1.070741120594429674e+01
1.658065497092985652e+02,8.873214469706564245e+00
-1.594840473731267423e+02,9.303484516189767461e+00
