dihedral_deg,energy_kJmol
1.595133698170890284e+02,2.204006330308064321e+01
1.737880199425385968e+02,4.812409170469567243e+01
-1.524223863324886281e+02,3.881986961651575996e+01
1.578386674308083286e+02,4.719852191463959912e+01
1.275796312996004787e+02,4.231734336493963156e+01
1.048714877676687252e+02,3.180102144148888499e+01
6.034191264379430919e+01,4.032331120808274960e+01
6.584990818371262833e+01,3.882885023112834233e+01
5.360339082404312450e+01,3.030748161850236500e+01
8.611022594481686099e+01,2.516114467243436081e+01
1.656634488483735197e+02,2.377265056218577044e+01
-1.680018576194301545e+02,1.951685867039852340e+01
1.758804963392810805e+02,7.409923165355768226e+00
1.762691808991493758e+02,8.080248398894738671e+00
1.748289028034683383e+02,1.303968794092681094e+01
-1.699652544069307112e+02,2.133847486049617359e+01
1.576118557984904669e+02,2.197230632892269142e+01
-1.531158447463278662e+02,1.789549041439980215e+01
1.589088985159862659e+02,2.848739249623632119e+01
-1.623521836274061343e+02,2.426159856530103553e+01
1.788142293091038937e+02,2.563684095114614792e+01
1.758280990432810427e+02,2.693662120586944297e+01
-1.798628043058006369e+02,3.448415948787242513e+01
1.777610280101957301e+02,8.227230921799788987e+00
1.651883307486967567e+02,2.412509106237003209e+01
-1.555899009342446675e+02,3.178296718279881361e+01
-1.602476512502157391e+02,2.437131100880205636e+01
1.538187303905619387e+02,3.305439136331294492e+01
-1.680300701938541863e+02,1.569138967656634165e+01
1.708913058027510772e+02,2.767464603285768021e+01
5.007606143375267038e+01,1.817404006786274806e+01
1.029561358722008322e+02,4.450561848772992590e+01
1.172700390729452380e+02,3.852640879551438502e+01
1.681159612440757769e+02,2.749422289655646878e+01
-1.226079506195022049e+02,4.671789874233500939e+01
-7.050023190093891401e+01,5.752598882234140376e+01
-1.195323883606313871e+02,4.744184600707266952e+01
-1.787420427829351581e+02,5.155579027874516385e+01
1.287052318249259599e+02,4.682261004226082690e+01
1.566738528284705865e+02,2.915024434652070795e+01
-1.292920309726306698e+02,3.211752431243180439e+01
-8.266408959713969296e+01,4.421503386817228431e+01
-1.005616453958822092e+02,4.412078586485126408e+01
-1.507974199796734069e+02,3.044850671865377478e+01
1.578136572886197655e+02,6.532934799084407018e+01
-1.655297802733265371e+02,5.878408823993423482e+01
-1.603606630164806290e+02,2.875499938549411283e+01
8.893451926261141693e+01,4.970381294982355769e+01
2.894918895354972221e+01,3.225641811335930953e+01
8.185336534483764126e+01,2.355312882515725903e+01
1.058036855719936113e+02,2.558494042106643818e+01
5.256378228386522267e+01,3.119497622936684422e+01
7.841353818557949751e+01,2.053594493665561771e+01
1.657565254194113891e+02,1.747855917935812542e+01
-1.376361335572423741e+02,3.792534938594959470e+01
1.590293822919555282e+02,2.511656683790470268e+01
1.423033655452499318e+02,1.918818947520043849e+01
-1.504621777487880365e+02,2.384487448548960487e+01
1.531175337480748624e+02,1.788308920697564020e+01
1.753291146513181502e+02,3.484908268738919901e+01
1.715081062746941711e+02,1.807120607530057654e+01
1.555061202820938036e+02,3.301861592995420125e+01
1.242779563222083965e+02,2.952675563571045103e+01
4.733248732901068223e+01,2.698121193176476851e+01
4.173858737378289874e+01,3.130389013731727132e+01
1.077921865649574329e+02,2.989899971382674693e+01
1.228863653162597984e+02,4.047991045091185924e+01
-1.525218136349872680e+02,2.818156924641099437e+01
-5.884033124405322468e+01,2.545914452995877042e+01
-4.720860108251379472e+01,3.264427004618845984e+01
1.466310945065706051e+02,2.877009039954893410e+01
-1.318514922940372571e+02,3.835428973057085500e+01
-7.688784741538516698e+01,2.654264868550115253e+01
-3.046666594896797164e+01,3.525246175652693381e+01
-9.884985408673050244e+01,3.806970724593604416e+01
1.733318289103945915e+02,3.604721752354517861e+01
1.248272223798348648e+02,3.273251260549065478e+01
1.629342324048019179e+02,3.582617129030505509e+01
-1.642563635688632928e+02,2.144532189349516571e+01
1.668274143974815615e+02,3.606838883464060075e+01
-1.707418260754017183e+02,3.449162347750922919e+01
1.742165626111963661e+02,1.080772387802822898e+01
-1.719074839240407755e+02,2.844600325328214296e+01
-1.795563872768275928e+02,1.965763960373047325e+01
1.781096365333162055e+02,2.034751453543121613e+01
1.603496841491805469e+02,2.245534387334239668e+01
-1.540361556217632426e+02,1.801003182397017355e+01
-1.661578017016784941e+02,1.609062503451893633e+01
1.529713564387547819e+02,1.479636620538683545e+01
1.679510028495601830e+02,1.144942750861999770e+01
-1.365779940421723495e+02,2.370600246577706827e+01
-1.677052956338352203e+02,1.195653231712611841e+01
1.416865841567124278e+02,2.842108383737921429e+01
-1.725329223633400488e+02,1.395690802310015854e+01
-9.688603991111574487e+01,3.207371483371959187e+01
-3.978971085232630855e+01,1.226434819383598551e+01
-8.714934913376485781e+01,2.477374615129991398e+01
-1.178133149394283947e+02,2.406079099820776079e+01
-1.691887723108142723e+02,2.199181502493170015e+01
1.572493853405250377e+02,2.129906318992954795e+01
-1.551095359354276866e+02,1.605022018894983660e+01
-1.734081683516897101e+02,2.109812686388239200e+01
1.193819197055629076e+02,2.203567451727895943e+01
1.111001628581877014e+02,3.049195932305554635e+01
5.895160162315976038e+01,2.693188813538562698e+01
7.362066470843740262e+01,2.013202778252487235e+01
5.681883345793807649e+01,2.400283257234065104e+01
8.639805423428678921e+01,2.258053158923126347e+01
7.927065840578416100e+01,1.938475521915108146e+01
5.742685116377503363e+01,1.973056999002385226e+01
-1.667040988312460286e+02,2.381021817255860640e+01
1.699024503970082378e+02,1.977659745500994859e+01
-1.677140609926530601e+02,2.646100244344238916e+01
1.799556565205542995e+02,2.229341197703410060e+01
1.722181072933140911e+02,7.824521446283045023e+00
-1.761012367316730547e+02,1.620701841992571346e+01
-1.683224971238908267e+02,2.777617064612849163e+01
1.542496983334936829e+02,1.994293094927714094e+01
-1.653017527538473246e+02,2.423928078903159644e+01
-1.668214069551677596e+02,2.782430339275744302e+01
1.365349014700639145e+02,3.393502682961072026e+01
-1.748004078032980146e+02,2.177240247761773162e+01
1.797552696551866518e+02,8.981127839136689772e+00
1.695196071365615467e+02,1.969661790850026861e+01
-1.488230058592073988e+02,2.933965251365454918e+01
-1.456424532892468164e+02,4.124705769528937793e+01
1.525057671964999315e+02,1.786486996251595372e+01
-1.429386552251571345e+02,2.253929765559486498e+01
1.594671968725475892e+02,1.113451154010163435e+01
1.635144132624196516e+02,1.347262721531298091e+01
1.672211145223134281e+02,3.941815862847055740e+01
1.757310483364644824e+02,7.062125674741520243e+01
-1.789788513615254999e+02,2.590840247056085133e+01
1.749602389246752523e+02,5.444839731325412657e+01
1.764121018862292658e+02,3.303838504563318423e+01
-1.388996898399239512e+02,5.911261114969036612e+01
1.741318813722797643e+02,3.080545495386035526e+01
1.260403435368257021e+02,2.978580171329039672e+01
5.398855503603822825e+01,2.350946115111531398e+01
3.932779371528956602e+01,4.209391150479228116e+01
6.469725528269181325e+01,2.506507306569855587e+01
3.975110786545018016e+01,2.165030960173379526e+01
6.297152179331195043e+01,1.195235068431767900e+01
6.680544135614465517e+01,1.746508363453945378e+01
6.417091507642932413e+01,1.152212644788861517e+01
9.062914571712320821e+01,2.224698723145976231e+01
6.202578887356705906e+01,4.092636307266336360e+01
8.047305197410784672e+01,3.228543056048746962e+01
8.922348961914029530e+01,2.023331558719275236e+01
5.666481177488843457e+01,2.893897911657208155e+01
-5.047687611720522938e+01,7.142532894196055793e+01
-7.425924207705573110e+01,5.294841970185152036e+01
-3.743147436348563417e+01,5.953664999894149901e+01
-2.145144013766491398e+01,4.039390673683381294e+01
-6.994909690618639786e+01,3.934414765368705957e+01
-4.760410669041311849e+01,2.158650702506389152e+01
-7.573126077914487553e+01,2.711995657689685402e+01
-5.826654841287379583e+01,2.262424751375651510e+01
-6.442710814402572339e+01,2.880324132925611735e+01
-5.778637462597088614e+01,2.103739249788891996e+01
-6.027419132355448994e+01,3.232612373888174062e+01
-4.972670156570626432e+01,2.610787805013941920e+01
-6.020195019567438521e+01,2.885460196272710220e+01
-5.116691979089536346e+01,2.331472474102950798e+01
-4.161532993685554516e+01,3.250161914043558653e+01
-7.558994574954711254e+01,2.104384594675563847e+01
-5.482313909826088150e+01,1.986633998273342883e+01
-6.569080086421099907e+01,2.842114226321512405e+01
-6.626937890931793618e+01,2.524095605567433154e+01
-3.448314930463266137e+01,3.175542633070168108e+01
6.526688777623519400e+01,1.875564844372653894e+01
6.029420424162883307e+01,1.201829103191505155e+01
7.998791687623106839e+01,1.539798438565753713e+01
4.505936470893968249e+01,1.422120944973753076e+01
4.538896723108871356e+01,2.766411029976294245e+01
6.130629303012904074e+01,1.708131064236448182e+01
4.032933109850209519e+01,2.619388123435233240e+01
5.184556884959744139e+01,2.739200699757174107e+01
4.621857393063520902e+01,1.675361932981661539e+01
6.279200799455686166e+01,2.790947473300453296e+01
6.317376930465886176e+01,2.147646802960279544e+01
5.069839238292542660e+01,1.549281165627995804e+01
7.934847509856662384e+01,4.128918544965003434e+01
6.184544940866784657e+01,2.023042018157069322e+01
5.998658985562817492e+01,3.905010184169609744e+01
5.426857897295081301e+01,9.976004273806164946e+00
8.822919344639873884e+01,3.698009986381244829e+01
4.326050129513646425e+01,2.731508606442493203e+01
3.983654189864350315e+01,2.570597440796527167e+01
8.393249483525084997e+01,4.638591822223089167e+01
-1.255871952856385008e+02,2.436214523347247507e+01
1.559143449241684038e+02,8.615225638315298085e+00
5.766696570691385659e+01,1.022459548077070046e+01
4.717749852523298415e+01,7.210920041971292882e+00
1.666577997657538788e+02,9.555091329465149386e+00
-1.066427889912375377e+02,2.433478417657056525e+01
-3.055838964078766651e+01,1.625667244020406343e+01
-7.448842938911104739e+01,9.996388679593849247e+00
-1.127124508577214641e+02,2.424116354183781752e+01
1.777688872734651682e+02,1.232971931703799484e+01
1.188135445147032385e+02,2.896976915749120707e+01
1.707764727711834496e+02,2.198671722160556996e+01
-9.647143331042661885e+01,3.234496434943984866e+01
-2.369997167897394164e+01,4.079376240252570085e+01
-5.536310067093628362e+01,3.111972518746398464e+01
-1.296403017884784106e+02,4.578390705415801420e+01
1.570209446837262703e+02,1.721365216633981987e+01
-1.774939757660477540e+02,1.213965450106261024e+01
-1.586319452613736303e+02,1.666993790444790591e+01
1.522657058446229712e+02,2.341525237456458441e+01
-1.380461520437393972e+02,3.723661215699344496e+01
-1.777395972552381807e+02,1.803948025469518868e+01
1.545739667778704813e+02,3.072442299796941256e+01
-1.740851766485401413e+02,2.099930698294309650e+01
-1.659707756939929766e+02,1.646475689045818314e+01
-1.771950838315056274e+02,1.197370186957277305e+01
1.403182849793253126e+02,2.377724719514036877e+01
-1.580381353120346262e+02,2.616258642914035804e+01
1.682046205733793727e+02,3.069826214844347589e+01
-1.675634405015291009e+02,1.006080812453279094e+01
-1.653961730858549686e+02,3.172750363903429616e+01
1.664639335476230428e+02,1.230456341025322509e+01
1.786336871303539056e+02,2.598939633050029840e+01
-1.539613533136791261e+02,1.760589661366068270e+01
1.602610256152145496e+02,2.004553012393104083e+01
1.482635161505446035e+02,3.588966005322184571e+01
-1.774984163582244605e+02,2.203328975218028773e+01
-1.676408343041893545e+02,2.150330514554457295e+01
1.688408511118956028e+02,4.867500132960998371e+01
1.747080816341393472e+02,3.217589420416314283e+01
-4.119988645898273916e+01,2.162306893710904276e+01
-6.629211056136036007e+01,1.174664299978558368e+01
-6.998564931961517743e+01,1.163618702809706384e+01
-7.252845954585473010e+01,2.669629381427314030e+01
-5.170323377481666682e+01,1.289008352793969969e+01
-7.757791868502071964e+01,3.575080162168901410e+01
-7.267167222963404072e+01,1.961330805470624483e+01
-7.280406400334295824e+01,2.888082819634097831e+01
-6.901295035462278804e+01,1.404509825199525963e+01
-5.406275193473511109e+01,1.922076862527623575e+01
-7.890541046556830906e+01,2.722820196043047503e+01
-5.201341031229854650e+01,3.531019196130498727e+01
-6.290929330677811748e+01,2.583228332320708276e+01
-6.596039016074945494e+01,2.596241463705272778e+01
-7.465595032240312889e+01,3.528951866105018809e+01
-7.440690691046168581e+01,1.927218037211308399e+01
-7.045522911373103625e+01,1.877214530438636331e+01
-4.658452161510079037e+01,1.771559860175844392e+01
-5.891068854953468303e+01,2.517298430610041748e+01
-3.946224277010932724e+01,3.646001137186900110e+01
-1.705116211689904446e+02,1.998832847416445446e+01
1.518383712589299535e+02,1.726748987786168144e+01
-1.538529948323981671e+02,2.023278570003201082e+01
-1.664858071573830784e+02,1.800240478555214452e+01
1.780096285104018818e+02,2.215246148259735293e+01
1.769725688586734407e+02,1.532275101153171804e+01
1.776823240504904504e+02,9.291881431925606449e+00
1.705866907023551846e+02,4.278671538741563296e+01
1.764509335487569501e+02,2.886636524863849473e+01
-1.632125638129175798e+02,3.180633744450500444e+01
1.759762518374805893e+02,1.667025612273598512e+01
-1.762760597843117694e+02,3.054615349064408036e+01
1.405572160711601839e+02,2.568165138430924088e+01
-1.662471465869597580e+02,3.345774050498124552e+01
1.788265721799270977e+02,3.024865864586326580e+01
1.607659232464530135e+02,2.733597648789603696e+01
1.729761038704325529e+02,5.811034913809677960e+01
-1.743893553794078173e+02,5.521897397860296763e+01
-1.516761750712423407e+02,6.114767113326833226e+01
1.687556557017650505e+02,4.034977684325839675e+01
1.581446421909785442e+02,3.571831789304054894e+01
-1.608358885265361096e+02,3.074640414390991694e+01
1.679840524225481033e+02,3.094259453753559086e+01
-1.688915472390109755e+02,3.367159677289326680e+01
-1.710554278541384576e+02,2.581219343141086853e+01
1.581985063666454039e+02,4.466472973478100528e+01
-1.626432610786741293e+02,3.940218993399616210e+01
1.634474727315885048e+02,4.227028039551333904e+01
-1.583782281958372096e+02,4.849206504986572952e+01
1.225484234807231871e+02,5.079367187291661878e+01
3.383094305859205519e+01,4.093491316515770961e+01
-2.784464643937429429e+01,4.128564465338297396e+01
-9.226927773925746123e+01,2.628880613544490785e+01
-3.664657854974684170e+01,3.107250483994747725e+01
-8.762050517718995479e+01,3.882000377558293280e+01
-1.386497140926942393e+02,3.381009426382783545e+01
1.486261584642212199e+02,3.194191207635782348e+01
1.637164269306065307e+02,2.819793132623422238e+01
-1.130393950485904071e+02,3.850905655223454005e+01
-8.990859919642066700e+01,1.997124067749120613e+01
-5.814621219035009858e+01,4.132032177006703932e+01
-7.040295515183051123e+01,2.212977040389997541e+01
-6.004501306846238862e+01,4.970259080204654367e+01
-7.769327431639740666e+01,4.132153444072346815e+01
-6.586070845908183458e+01,3.197079153869259471e+01
-5.154573576071843632e+01,3.918909658064903567e+01
-8.893731308220708343e+01,5.078736841898355436e+01
-1.567267412345175046e+02,4.786587629139528133e+01
1.679527958519240087e+02,5.991396780190594029e+01
-1.504318021323049948e+02,3.300624381211771663e+01
-1.566183600027330556e+02,5.514473071037328111e+01
1.753808140969061355e+02,3.140192749562735486e+01
-1.707982836567921083e+02,4.461866851071674489e+01
-1.776793599230934717e+02,3.049353910663953826e+01
1.376568010639837212e+02,6.036724631296457488e+01
-1.795321705251090236e+02,3.589596819691898588e+01
-1.692049279108424287e+02,2.682703362627984944e+01
1.470262204878256398e+02,3.207079343049187514e+01
-1.716492349162002711e+02,2.220673685183050594e+01
1.765352540941435109e+02,4.301406348125639312e+01
-6.728775311558311500e+01,5.402413408692665087e+01
-5.162890778144443260e+01,4.957672508738949091e+01
-8.069465869535657987e+01,4.977945209869508858e+01
-8.719849595838006451e+01,4.066716429552447210e+01
-7.554287572949085927e+01,5.360731560814512875e+01
-7.855618523246990037e+01,2.074255356401429395e+01
-7.588260045055974956e+01,3.966288012031402843e+01
-7.591182919864561995e+01,1.099862465477546536e+01
-6.881952927342295823e+01,4.377528412276740255e+01
-7.925436025588359712e+01,3.495818340573036664e+01
-1.157732050082519066e+02,4.635627760831248168e+01
1.553473815296028988e+02,4.546789792316447176e+01
1.791473803442214887e+02,3.331226079015205244e+01
-1.552426875782804814e+02,4.214215174020919363e+01
1.610914095595653066e+02,4.308367189992421231e+01
-1.586869363927115444e+02,2.726145560137272028e+01
1.308416744892186330e+02,3.951926416862735181e+01
1.324061640658850081e+02,4.278172125277372118e+01
-1.540639478989341740e+02,2.048655933333773760e+01
1.313424793415342435e+02,3.518364892030415092e+01
3.796496573299899779e+01,3.257214589222817125e+01
1.266624117720769505e+02,4.228343751518856664e+01
-1.405425778125891725e+02,4.620390752431987380e+01
-1.549631922623032949e+02,4.317808918256614703e+01
1.446834927710645786e+02,2.436462737240458409e+01
-1.710371195240617794e+02,1.405764599591623565e+01
-1.769661377599102821e+02,2.745856082938135145e+01
-1.629484410598199702e+02,2.552348573255782682e+01
1.712467394906972800e+02,1.853397281037068822e+01
1.521587862108270883e+02,2.535842776566960310e+01
-1.181903319236016756e+02,3.235396388156875958e+01
-5.285087047924881176e+01,3.283879569554083844e+01
-7.445003521485499220e+01,2.368506228260437041e+01
-4.159353001385822779e+01,2.483308665072615184e+01
-8.624058142984242181e+01,4.102277931666390032e+01
-4.882417485578687888e+01,3.530689033494380169e+01
-7.136710195041874272e+01,4.005278390034974478e+01
-6.154773153530184260e+01,5.135976851723867753e+01
-8.429772532846641298e+01,2.824828083605401474e+01
-4.567194216449249211e+01,4.184133318689983128e+01
-7.755332312078049029e+01,4.803384843892224865e+01
-6.427805390613663405e+01,3.949790446987358195e+01
-8.541209403914064069e+01,3.037280156548982291e+01
-4.996908774385592267e+01,3.560536316518997779e+01
-7.095142175814005725e+01,1.827183986835551366e+01
-4.774976321498766652e+01,3.491037292006713244e+01
-8.867233607534399198e+01,5.077442991633243707e+01
-4.518207814985076709e+01,4.160267885806472776e+01
-9.987976710626008980e+01,3.308593386055740382e+01
-7.222749903791060433e+01,6.719799659226441690e+01
-6.846086389198569577e+01,3.045899322085486460e+01
-4.700333559772946046e+01,4.204030549579083242e+01
-8.208531454872056088e+01,4.610147301092291627e+01
-7.152312115621332111e+01,5.544231532697338594e+01
-5.408479442651697866e+01,8.759165038233960843e+01
-7.804116292603190175e+01,4.105363882405904263e+01
-7.993791465085625703e+01,7.952633113181121871e+01
-1.126147770351751660e+02,3.660700980446743813e+01
1.680950275620816683e+02,4.023039743629430376e+01
1.272791441196908835e+02,4.776734268861818578e+01
6.323897810703515887e+01,1.149418250066374725e+01
5.198279024098083312e+01,1.625097442296372918e+01
6.512487447229968041e+01,2.057911113442059303e+01
5.054444887495491656e+01,3.220607717806444725e+01
8.589481204639643863e+01,2.011291728958516956e+01
6.325555438085177684e+01,1.853115800410422764e+01
7.833643734073717724e+01,1.967940328566003672e+01
6.426663849774598702e+01,2.374264503510003621e+01
4.394917492348422883e+01,4.105294123978356424e+01
1.053876398535059593e+02,3.522937329390628491e+01
5.784064063847766590e+01,6.493268966945743159e+01
4.866831304216331233e+01,2.981967815797307964e+01
8.123214553222824463e+01,6.255795725374267846e+01
7.737743745858790589e+01,4.102630503517811889e+01
-6.434913494372361242e+01,6.286240353602875075e+01
-1.182486348088018957e+02,3.306918095371699451e+01
-7.360114280264227204e+01,4.874502236587834147e+01
-4.379897169604315366e+01,5.584598663009757757e+01
1.739607585545846291e+02,4.044728367920715328e+01
8.465706851017350232e+01,3.979452116091282932e+01
6.735397638460142389e+01,1.780266338895243194e+01
4.274578222253825999e+01,1.379155508011383802e+01
7.984052437222082688e+01,1.672916992554658222e+01
3.112116216914213496e+01,2.703283542480591706e+01
8.964048838472582759e+01,2.343927686977413316e+01
4.690115016632648803e+01,1.296907320871781977e+01
6.873459143645156644e+01,1.569600696658091010e+01
8.572176722834211660e+01,1.501499348088983865e+01
5.976309807596919654e+01,2.475821839644441269e+01
7.143400961360873680e+01,3.434372195972761688e+01
5.774754319937296998e+01,2.454004840130764364e+01
3.678939155562752461e+01,2.081689421480859536e+01
1.103662948936565584e+02,3.620212744904817725e+01
1.277622766856643750e+02,3.545679067651993677e+01
-1.600405077855540696e+02,3.009428140023295128e+01
-1.433450591962113947e+02,2.880665421845613849e+01
1.684711064312552935e+02,2.640098387622290588e+01
-1.311570122445256743e+02,4.612766386650498873e+01
-5.819441741682605596e+01,2.399758252646160628e+01
-7.894373347742548219e+01,4.905245362935379205e+01
-1.691350513563893685e+02,2.722985470265986407e+01
1.105740640889073916e+02,4.822512662542904849e+01
1.130208193676499029e+01,3.121988474700506089e+01
-8.855383008660449207e+01,4.296309922912652013e+01
-5.598401214300924522e+01,4.626790790077472337e+01
-1.471333812276991182e+02,4.234948264898880410e+01
5.273050466403679337e+01,2.055803479049843574e+01
7.563602233756199666e+01,2.179660942431315362e+01
9.352555509187298810e+01,3.481970095816364363e+01
4.362555301221472348e+01,2.790320075932632093e+01
7.569256568114607830e+01,3.544510010093389951e+01
1.626487602758234914e+02,3.216504992345475245e+01
-1.271068670416250228e+02,5.552298436081822786e+01
-2.641493325896154332e+01,6.672574378694356767e+01
1.223771695383014730e+02,7.456450514889462511e+01
-1.736409827379689830e+02,6.626177593388760556e+01
-1.404828419609572734e+02,4.442371089520693772e+01
1.446221187586455699e+02,4.156234991599598061e+01
9.987111554143605474e+01,4.102901469424443803e+01
5.782873542463724448e+01,5.003629069767603710e+01
1.495094497113115892e+02,3.585343590229031463e+01
1.736865962844242972e+02,3.893363297120725974e+01
-1.542727672105447425e+02,3.725902280996723448e+01
-1.511020820481873272e+02,3.252844057229032870e+01
1.686953914827937808e+02,4.504711262304071084e+01
-1.637376922501196930e+02,3.904046234041206986e+01
1.588686920499417852e+02,2.838838610886071834e+01
1.463320541689729453e+02,3.168371190345001764e+01
-1.630270631422627332e+02,1.592113903171883038e+01
-1.407704392383788843e+02,2.119439088016800810e+01
-1.572841737958419515e+02,4.368821007920213617e+01
1.570427228793665790e+02,5.395991596903898824e+01
8.193334338708118025e+01,4.653758868357934375e+01
-6.475885429677801142e+01,2.774583266135579507e+01
-1.571761805579313602e+02,3.049778685504636044e+01
1.557375629999308160e+02,1.980799304407537065e+01
-1.734805685819470114e+02,2.849217682840976096e+01
-1.505211432717588593e+02,2.050033802398453275e+01
1.390369195196103362e+02,3.146151150410732455e+01
1.117079753181226778e+02,3.840570321517294161e+01
1.165223605197139563e+02,7.876609084907664737e+01
1.524388335587777021e+02,5.535234991318684905e+01
-1.479684118832764739e+02,9.274907642438910216e+01
-1.318026780916487155e+02,6.363482705637571257e+01
1.624152487672411951e+02,6.424177760967079109e+01
1.626394891834440557e+02,6.441919060897981808e+01
-1.575375834681559013e+02,4.974239818013857928e+01
1.591756415189304619e+02,7.801360868800860260e+01
1.781061088228807705e+02,4.193559232234132139e+01
-1.726936660229391407e+02,3.909742245778419090e+01
-1.289563158471624718e+02,5.250906568067093616e+01
1.755871233217839347e+02,4.068273512177833595e+01
-1.745798867552235265e+02,4.734548199014453473e+01
-1.637835979610009645e+02,3.448647863682786863e+01
1.434765896101987153e+02,5.508198331513813173e+01
1.728034415001359889e+02,2.729418203199880466e+01
-1.587602059496445293e+02,3.709021197547568249e+01
-3.152300961685632430e+01,3.532012629760937727e+01
4.160812013053466529e+01,2.082711543363940265e+01
1.257359874843889855e+02,2.744603783530962460e+01
-7.403138286900563969e+01,2.979574257081956290e+01
-5.519023395262959752e+01,2.467294421917483049e+01
-2.716702081301111704e+01,5.002490335836776580e+01
-6.897949373866735812e+01,6.006860753945838383e+01
-4.563739695868209623e+01,4.675158188219394617e+01
-5.547443642898464589e+01,3.291469677894373547e+01
-4.982794869521111991e+01,5.266961458388956885e+01
-1.237951069872441394e+02,5.245902035660287765e+01
9.353366131974547670e+01,5.530562025601723519e+01
2.986420832044464646e+01,4.805598539288298809e+01
-1.110927774559046668e+02,3.893070091465101257e+01
1.483630086623855959e+02,4.240866013758095221e+01
7.921280792717996633e+01,4.180438974379946160e+01
5.038979615040668847e+01,3.375006148329467237e+01
-1.498322681705660386e+02,4.285411889555633280e+01
-4.673525105844263550e+01,4.618304269604392687e+01
-1.066759645410525223e+02,4.669832522375899231e+01
1.421109836565955504e+02,3.872771170893963699e+01
-1.638319075420406250e+02,4.131363804509598481e+01
-1.643594348466008057e+02,3.615635900153137072e+01
1.741223529788276494e+02,3.700491473233829254e+01
-1.773131285244736546e+02,2.034739660464576616e+01
1.328541346880317917e+02,4.248214428870710435e+01
-1.559034303957471934e+02,3.174898932805395191e+01
1.781113770482631651e+02,2.640615943800892751e+01
1.753842921213576460e+02,2.125010554887299818e+01
-1.786732673967846381e+02,2.146051409812198330e+01
1.696966956784294212e+02,3.234300431156075462e+01
-1.746466020658365039e+02,4.124977758081237766e+01
1.606946581764711084e+02,3.367782716217203642e+01
-1.789208894392326670e+02,2.398816672940989392e+01
1.777792376189874233e+02,3.203680458472641135e+01
-1.611021433235735003e+02,4.149461860183146200e+01
1.581555901086496192e+02,3.327675822854290288e+01
-1.517264586103820818e+02,3.233610419826974436e+01
1.561355512842676205e+02,4.762328468634673584e+01
1.788077274242541819e+02,2.341108759525196348e+01
-1.732975083823463933e+02,3.314330808598891309e+01
1.715631528309556586e+02,2.518833194488212612e+01
-1.736356219093921140e+02,2.613050895261457995e+01
-1.761671907439677511e+02,4.563469073461316583e+01
-1.724779387240771769e+02,3.036353047958049700e+01
1.763656679763500392e+02,1.519708712133372686e+01
-1.694949051422784692e+02,2.847623313898643005e+01
-1.729925466651217221e+02,6.767225317890996905e+00
1.790848172159741694e+02,2.444420556753354390e+01
1.679810180366943086e+02,1.775850932835422213e+01
-1.686461341339265232e+02,1.871627391764112502e+01
-1.647539791806461835e+02,2.118665159795683195e+01
1.588589666060843228e+02,1.850551321859750686e+01
-1.756242537865786062e+02,1.137909188754783152e+01
-1.786160586567729922e+02,1.966138197642016650e+01
1.571800037009672906e+02,2.157797273672141714e+01
-1.572203118199662697e+02,1.850239976511277007e+01
-1.797355168052368128e+02,1.058429321563475156e+01
1.696849200201366727e+02,2.390213892851342337e+01
-1.552559476366521949e+02,2.741445841861332866e+01
1.693067685936243834e+02,2.784661104248976926e+01
-1.797650820175197737e+02,2.742467271197339329e+01
-1.709869249266557176e+02,2.863871979623564101e+01
1.486506217541417243e+02,3.138891964245454602e+01
1.662821341526810386e+02,3.012392246051234679e+01
1.714533257665959525e+02,4.316699406137637141e+01
1.588522841121953206e+02,1.794501063452631229e+01
-1.176505622459206393e+02,3.583866294974995981e+01
-3.416847235276376438e+01,4.346519147577634357e+01
1.107301243211826005e+02,3.930798548235941325e+01
-1.421426143724368671e+02,4.107053578751904155e+01
-2.612610350779600665e+01,6.278292782060221100e+01
8.717480107466242600e+01,5.620770534705631860e+01
1.798711855266190867e+02,3.707755032800169914e+01
-6.941605493622128620e+01,5.415338794072629014e+01
4.206574402798096202e+01,2.873436229372283179e+01
9.156149113077549373e+01,7.257225036213209535e+01
7.594419802575426104e+01,4.984269066123238190e+01
4.995406797877281946e+01,4.341264012967388908e+01
9.445141997797249189e+01,5.166866387399464600e+01
7.855433612105652230e+01,2.681753176809692718e+01
3.004001931077725729e+01,5.811781075174727107e+01
6.166437625203260353e+01,2.215201494691847728e+01
-1.078247471226101908e+02,5.120797048583507660e+01
-7.049742000319271540e+01,5.998060652748036148e+01
-4.054170970069809954e+01,2.930021051449147862e+01
-7.968426111667778855e+01,4.424424072262330299e+01
-6.820931106762908769e+01,2.846279470852983451e+01
-7.087815050755203572e+01,5.438094660117705104e+01
-9.916822400297851914e+01,7.765218223988401292e+01
-1.429481774644436598e+02,5.220587680609860115e+01
8.216839914950065804e+01,8.664250068880257061e+01
3.259610183240203440e+01,7.503416901373775261e+01
1.205232639321006616e+02,8.031170426325579115e+01
-1.211701917047467845e+02,9.050520935264901823e+01
-7.210288325509145579e+01,5.932747620834999935e+01
8.068870045986632533e+01,9.672860686459071644e+01
1.547860934343960082e+02,9.162663039663956965e+01
-1.642732042689954994e+02,3.502660722322588782e+01
-1.764743258129017818e+02,8.111311394618019222e+01
1.713222399220583725e+02,5.184527279451441473e+01
-1.624053580044708838e+02,1.001723603790047150e+02
1.732246562183308640e+02,3.760025175387927021e+01
5.476242642199954958e+01,4.968022476832838663e+01
8.669755105930966010e+01,4.101201906001095665e+01
8.857520023265166742e+01,3.870783840203273485e+01
3.516590614251586544e+01,2.970398236770651934e+01
9.583717015409617090e+01,6.147301056791403084e+01
7.865957679105038380e+01,3.703723102237262310e+01
5.393565824037371925e+01,3.606244496827230250e+01
1.170070181125901030e+02,2.582725429052854338e+01
-1.152494605163746684e+02,2.840417996974647252e+01
-1.604389915552189194e+01,5.715047977946477431e+01
-8.321162879812735014e+01,2.752845780581736790e+01
1.569407827400803512e+02,4.406975905331526633e+01
1.500874061627333731e+02,3.524394654556587625e+01
-1.625757464619858581e+02,2.333393787203788605e+01
-1.700241721980100067e+02,2.318023787930198765e+01
-1.677800822179263207e+02,1.850806991643018762e+01
1.557491812438529735e+02,4.213711159750235424e+01
1.757063524545351072e+02,1.533362104869245712e+01
-1.439279623299619857e+02,4.199480136759450488e+01
1.652209202122905651e+02,1.378465190419126429e+01
-1.744852142114576168e+02,3.521583628822997980e+01
-1.759659227447774867e+02,4.011756962062580101e+01
1.651977407520935515e+02,3.521652582257243580e+01
1.536561968709092127e+02,9.084999819573761570e+00
-1.611808523296692215e+02,1.616444920671354168e+01
-1.548433845366949129e+02,1.916450324359682966e+01
1.420996282236314983e+02,3.052102763018330478e+01
-1.791842933723224860e+02,1.874035278910645985e+01
-1.533053825979947646e+02,3.154457451009272262e+01
1.253453229900284214e+02,1.901743787556014098e+01
1.708200587923789726e+02,1.429111818917899868e+01
-1.637648724119528936e+02,1.320590658601174994e+01
1.712088334292079708e+02,1.992306353359024840e+01
1.385768182064733764e+02,2.467623199636648934e+01
1.796521298887706450e+02,1.351663047839207721e+01
-1.098426781403605048e+02,2.583544218204555420e+01
-3.640431876828432678e+01,3.479398922853492593e+01
-6.636645656826756579e+01,2.809568095349460748e+01
-7.148732647879083402e+01,2.570964695579703729e+01
-9.086621971540181164e+01,1.494041522046623882e+01
-1.742127835152643627e+02,1.931915327479092781e+01
1.793693715429683948e+02,1.678398906100851917e+01
1.657524614141516395e+02,2.892126725643065299e+01
-1.566344121996370404e+02,1.850161679839527196e+01
1.594229911182727619e+02,2.159859341914054198e+01
1.600114183671409194e+02,3.161642962359098874e+01
-1.386029667347791303e+02,3.914362633279989012e+01
-2.957001112702521439e+01,4.597761607080962420e+01
9.679983387382189619e+01,5.010340543864016638e+01
7.913897604778929917e+01,4.233857559672983939e+01
7.459167309929343048e+01,4.738014138453091562e+01
7.533345959924123747e+01,3.755475985069500666e+01
5.443886436478815227e+01,4.450848887195706993e+01
5.654155919588842494e+01,3.452451686867239289e+01
1.065889223970322064e+02,4.584845826206795749e+01
6.987246706660876328e+01,7.184002723594070972e+01
-7.453598681874959198e+01,7.522556746972696828e+01
-1.645279689716268763e+02,4.713393666948252303e+01
5.512402402818198510e+01,5.440630988044684102e+01
7.960491294382408967e+01,2.994664577527571936e+01
6.109126335630323723e+01,3.476880789226235891e+01
7.486698618892071977e+01,2.584835285143879702e+01
3.929032081892908224e+01,4.238395843858879175e+01
1.101581672650285952e+02,3.072568026324677959e+01
1.355271398597313350e+02,3.074569639572533930e+01
-1.556287634475327764e+02,2.914420794719156760e+01
-1.321187258496506445e+02,4.044473092583277207e+01
1.715861320939878851e+02,2.581550740139797995e+01
1.506972377142376160e+02,3.316841567373803912e+01
-1.671197507556349535e+02,3.095070130178624268e+01
-1.653287457952636714e+02,4.699240745314599366e+01
1.682922078594978643e+02,4.169390794616334972e+01
1.679723168656100540e+02,3.782849836766165197e+01
-1.530115668671316769e+02,1.936639084252188781e+01
1.676499997198642404e+02,2.519875976739943724e+01
1.749349002175636372e+02,2.264189276011812879e+01
1.792281395885028701e+02,3.248307076574391772e+01
1.667879116265241919e+02,2.524174462148512532e+01
-1.672604331168851672e+02,1.060732473972759671e+01
-1.773665709737736051e+02,1.810380799818539899e+01
6.873194064028376715e+01,1.769786095403144799e+01
7.655660829950228674e+01,1.746032708381704168e+01
7.186585662948139941e+01,2.062622151278850779e+01
5.095560394422686556e+01,3.958325268426334986e+01
7.422049538365291710e+01,3.211323412804814836e+01
1.236706617496565457e+02,4.187788750813887617e+01
7.072134241994157833e+01,2.283347459711432137e+01
6.152734614939375035e+01,3.461559773837926457e+01
8.756708448256981114e+01,3.908442265533588511e+01
3.458535859727933115e+01,3.862932747864041971e+01
6.516234596528039447e+01,3.147099199482794774e+01
7.679609409081324145e+01,2.983861115361056093e+01
8.434782202696551678e+01,6.126403480238266752e+01
6.990077535709770018e+01,4.210391425267027898e+01
7.368564637010854312e+01,6.273573823765721613e+01
6.502529548808492166e+01,2.978685694027702269e+01
6.264848818168890432e+01,2.842729806998612929e+01
8.066903490132015975e+01,2.866618065719169550e+01
6.399881132480960133e+01,2.086609912726443383e+01
5.277966397844827640e+01,4.035660872911403629e+01
5.709515395763760637e+01,2.565775437237864054e+01
3.636239606422250148e+01,4.431196288368965952e+01
4.050108925980601526e+01,2.249195440167238047e+01
6.113394776349066007e+01,3.936280793882852436e+01
2.948922744340383417e+01,2.843644571077995664e+01
4.769364760215319166e+01,1.859761732380269450e+01
8.216575081724801066e+01,1.891374276328248527e+01
5.610678602586455099e+01,1.646091478748225256e+01
2.815329341870650026e+01,2.636829545666346775e+01
7.175344834717716935e+01,4.045974314056923760e+01
2.478345738742250859e+01,3.385119442623818742e+01
6.284444603644518423e+01,3.405414621251632923e+01
6.886186518871463136e+01,2.689039103919921203e+01
8.526222936844295930e+01,2.687073159010630974e+01
6.418460852344499301e+01,2.270802941484707205e+01
6.860457815420652139e+01,1.832530792971826372e+01
6.233157572508352473e+01,3.093946863215520438e+01
5.126612886984398898e+01,2.388753593235388450e+01
2.777288438943323357e+01,3.257821914401822738e+01
7.304627837878878438e+01,2.677095198670807719e+01
6.523846734009070758e+01,1.555265476016063175e+01
7.100160589973998526e+01,7.431025683832002571e+00
6.384252046538653502e+01,1.596256928638032591e+01
9.259619184255562629e+01,2.164394919597612699e+01
8.157399115625712227e+01,9.230135346754504866e+00
4.495557262783717078e+01,2.095816689578199288e+01
6.478743678493762559e+01,1.583456149688291958e+01
5.776484279060552041e+01,9.999543002665397751e+00
5.846466607018270878e+01,2.471795453686524269e+01
6.089240576069721556e+01,1.033102427361555797e+01
7.665092243961457541e+01,2.773550726639131270e+01
7.104386871909916579e+01,2.304116488658195649e+01
7.139503084198616989e+01,1.589687026074008713e+01
5.187080420812611692e+01,1.857101371577882531e+01
6.997264908854219811e+01,1.552535046208518210e+01
5.578826173048315695e+01,3.560338101816460465e+01
6.293318765531562065e+01,2.982757106137391645e+01
6.959963731146181942e+01,3.350327821073692292e+01
2.686844252155439250e+01,2.111252254393237848e+01
8.161017557607438278e+01,2.993078271977432081e+01
-6.324886270618780770e+01,4.168204731461576529e+01
-7.878603891834696071e+01,3.312013017666866688e+01
-3.584079889115956519e+01,7.201611127906433296e+01
-8.929162221984032044e+01,7.340496074435894513e+01
-6.030296921063484206e+01,2.948979591638001096e+01
-4.965097970109071923e+01,7.653143112084362087e+01
-7.557715931730120928e+01,7.647027708573646976e+01
-6.987033921293541994e+01,3.278337952969356905e+01
-8.033747564545024034e+01,4.462457952341802070e+01
-2.443975135319103842e+01,3.182375485928091052e+01
-1.319626348495484365e+02,3.968974851376655266e+01
1.183977154431420615e+02,6.782203995069579605e+01
1.780177987541740237e+01,4.933470769231108477e+01
3.432907500691642610e+01,3.764669945063167944e+01
4.637993532271498509e+01,3.770600208706223810e+01
7.538468400276467207e+01,3.946337927383648037e+01
4.111899270126746586e+01,2.027590878966049104e+01
9.375402205418863844e+01,2.995093115257372318e+01
1.036239654153722967e+02,4.326750341258938448e+01
3.371405313326528841e+01,3.499633513404606333e+01
1.561530246824735286e+02,4.196544189255915569e+01
-1.561130672581917622e+02,3.532645308558294062e+01
1.767712646782424599e+02,3.080014117451361955e+01
1.587927626417236127e+02,3.485281071691927934e+01
-1.545581851768395154e+02,2.813127820704150039e+01
1.721068973453684521e+02,2.435388576003393268e+01
1.775489742592697269e+02,3.694271789272956141e+01
-1.490819627124323006e+02,3.774706877042225273e+01
1.253177225049313961e+02,3.023829809327208906e+01
2.860814560186395994e+01,3.857796260508548869e+01
4.708355244527239591e+01,3.440147772090669775e+01
1.439244028892212555e+02,2.716233891962993852e+01
-1.456603023406441366e+02,3.599973877444669768e+01
1.693135614739964865e+02,2.965816200066928587e+01
-1.757057235466755571e+02,4.817348720904511339e+01
1.757525777775380220e+02,4.191310046562111324e+01
-1.617373897238310008e+02,3.958934050374391234e+01
1.753397740724165601e+02,1.878728009707342039e+01
1.740883034112594032e+02,2.731834919007990337e+01
1.739727685094049718e+02,2.076719763805989771e+01
-1.677154258784682384e+02,3.700236685394636282e+01
1.649329252954788672e+02,2.654774487393325444e+01
-1.669807666350607462e+02,2.717824597322742974e+01
-1.756302926745539139e+02,2.575460197105752513e+01
1.642977885100355877e+02,2.073976796308670245e+01
-1.648656875662238690e+02,1.931574051154543525e+01
1.555120877472670884e+02,3.004901839632255900e+01
-1.556232432330595259e+02,2.235475716733849794e+01
-3.809964870510437862e+01,2.633839073084491389e+01
-9.062727873849606652e+00,4.178453100739444892e+01
6.725734734007816940e+01,2.804676490948603274e+01
6.034898233671528089e+01,1.774553673503803708e+01
1.455623686247089488e+01,4.137415211720916375e+01
9.513874710360569509e+01,2.057441486067456182e+01
5.806033693917092364e+01,9.491174227308551536e+00
-1.003740694366842376e+02,2.801972895855176660e+01
-6.233434186449428438e+01,1.449829288078320033e+01
-4.531340043708107856e+01,1.880312850216454024e+01
-8.603934445373054984e+01,5.649342827887902274e+01
-8.002563850367556597e+01,2.452273764527505762e+01
5.770073449759691187e+01,1.839200764926470200e+01
7.550226256601992247e+01,2.162955987323143603e+01
1.002969769201890102e+02,2.431905867672839960e+01
4.203890876804440779e+01,2.281653525712159336e+01
8.207752341867595192e+01,3.013148799489567153e+01
4.603274139585172975e+01,1.586029984228178868e+01
7.742627186951187923e+01,1.567729066744770705e+01
6.442817661713279165e+01,1.954501328197643772e+01
5.958407728276688431e+01,2.858826769321609618e+01
7.200959777231695114e+01,2.244820301009396601e+01
7.587932850056378697e+01,2.458694188465927510e+01
5.659447903831769366e+01,3.150206499361119938e+01
7.243347418820955852e+01,2.507594716569412796e+01
5.231450587472379254e+01,1.799971476275793947e+01
8.865499139851399946e+01,3.292598032315544287e+01
6.607695188837710987e+01,2.279338725734880455e+01
6.634997698037649627e+01,2.904447713625801342e+01
6.465166596416159450e+01,2.752025424649102803e+01
7.120992660722522771e+01,2.180347751885229002e+01
6.377464426027679423e+01,3.548778802359014151e+01
-1.303399548515876063e+02,3.145164878611425507e+01
-6.201333113553380372e+01,2.980365273010488636e+01
-5.492189028171715393e+01,3.755393309040623961e+01
-3.683403542722430046e+01,2.652740619211796513e+01
-6.037786640466466537e+01,2.650492696685943628e+01
-8.653839587709823888e+01,4.160557724152774739e+01
-7.190294174239417657e+01,4.605139542103466255e+01
-8.480667339676887195e+01,3.165398765989677798e+01
-5.643647072622891159e+01,2.922728722182913685e+01
-6.451495692262723480e+01,2.437295442499867448e+01
-5.997295388826393037e+01,1.968536983924489903e+01
-7.108882485196535583e+01,2.422290868587225887e+01
-5.681048868992088785e+01,1.891507139498754597e+01
-8.068859961034971207e+01,2.226643680725791796e+01
-5.721511296229544286e+01,1.361258823904246107e+01
-6.122725378589620249e+01,2.279773186810121643e+01
-1.338821957217205352e+02,2.607849538363285191e+01
1.447671367559983651e+02,2.302920047894772182e+01
1.699585894254136349e+02,9.588704063760937757e+00
-1.593730044295213588e+02,2.130203471560228223e+01
1.490288807237522235e+02,3.665467428543460926e+01
1.569338665360692175e+02,3.193813878773216430e+01
-1.485387650362528120e+02,4.788454845048161701e+01
1.565623241990601855e+02,3.441821626143492807e+01
1.570956437012838194e+02,4.396979360718896856e+01
-1.431466816222691421e+02,4.172631553750498057e+01
1.650836497582306777e+02,2.988905738579320470e+01
-1.652815107620845936e+02,5.513390152591009752e+01
1.795910133926629157e+02,4.391602635293634194e+01
1.148985083040308552e+02,7.332086103725102078e+01
5.059611882592906085e+01,4.871395974226589942e+01
-7.161816127271187327e+01,4.578543048886651690e+01
-1.540740370549907823e+02,3.223362565582048234e+01
1.399938427526708438e+02,4.733069593381209472e+01
-1.742849904921158384e+02,5.003475523218833132e+01
-1.675797303296092764e+02,3.432163721705644832e+01
1.128355228067355966e+02,4.200119428492477880e+01
5.079946237449037483e+01,1.237773548362116927e+01
6.556540967210155202e+01,2.123228647794557844e+01
6.802152702121522054e+01,1.840607188908625602e+01
-1.688787657579379129e+02,2.044606041608615854e+01
1.792932537686795342e+02,1.547754576439441188e+01
1.592448694532863271e+02,1.940164735030844767e+01
1.783693400188301723e+02,2.367268235630463380e+01
-1.652276315672880287e+02,1.802003786820223041e+01
-1.722535507232190071e+02,3.336870286555260634e+01
1.757742615247456968e+02,2.754651219126049710e+01
-1.676924417188549228e+02,1.763613072670927195e+01
-1.512643744430864672e+02,2.492631735384067326e+01
1.657948644679727010e+02,1.687341484441535400e+01
5.010790104096633257e+01,1.294842551537382036e+01
1.631457841559842947e+01,2.968916945326625267e+01
7.395146305897661421e+01,8.568173715351989017e+00
5.996150005671468364e+01,8.893790329901323233e+00
8.010369355728379048e+01,2.267488776054222654e+01
6.644100758053681943e+01,2.771508118162361711e+01
2.472970716705077265e+01,2.791598649142084199e+01
1.257041590948199712e+02,2.275781090874152923e+01
-1.479240828493125548e+02,1.697165301799874371e+01
-1.723134980110962999e+02,2.048600803744241361e+01
-4.025038596867629792e+01,2.494349569075870932e+01
-1.260169709520189230e+02,3.528097354118789042e+01
1.186700732856170930e+02,2.900670075504993051e+01
2.612860663677468409e+01,3.173151888566894030e+01
6.970518949337704839e+01,1.242181841492134708e+01
7.402928453116270191e+01,1.254253167514441003e+01
4.806313383835773578e+01,1.011164298681745066e+01
8.214892313217021069e+01,1.769037656870025543e+01
5.487189895800145933e+01,1.817490220794604383e+01
7.018725951951265074e+01,1.641621779567720552e+01
6.828773794253201856e+01,8.395793943310026819e+00
4.909826587370095297e+01,7.898061786328536726e+00
4.164731707378531667e+01,2.432466895358910364e+01
4.430919548208292724e+01,2.281972960273948203e+01
5.430628637672006676e+01,1.574400583821684307e+01
5.901178074075712487e+01,2.665315348283378682e+01
7.089418389811829968e+01,3.914530962914233925e+01
8.848159354295900414e+01,3.907537873804390927e+01
6.062665250440448261e+01,4.096916701743091949e+01
6.000644152374022866e+01,2.755027520398792262e+01
1.790167927234208491e+02,1.506607649321710873e+01
1.753613940233996118e+02,2.791871050930286202e+01
1.530733371134959384e+02,2.650463767903416112e+01
-1.650815257162234673e+02,2.885510612435276556e+01
-1.752050631379756283e+02,3.185106663687969331e+01
-1.772192666593867614e+02,3.060084121044309668e+01
-1.697898340823034857e+02,2.251764595116927126e+01
1.560824644314303669e+02,3.699425176546672844e+01
1.777305541133482336e+02,1.528373955060552447e+01
1.788299092972703477e+02,3.357470163779622396e+01
1.708054974022213344e+02,2.439527188427652504e+01
-1.666275425000861503e+02,3.007969237980543653e+01
1.691847662112058117e+02,4.017803479234282094e+01
-1.572125182256124276e+02,3.480876502584067111e+01
1.673165611261464392e+02,3.942346445309258485e+01
-1.629983700429323505e+02,3.965550533718590742e+01
-1.646979901455717936e+02,2.458021519813801348e+01
1.672150157008516942e+02,1.612007096567269571e+01
-1.713348429766231504e+02,2.277948280120423874e+01
1.711717762904953020e+02,2.203583353645985099e+01
-1.569250705725089290e+02,1.983364333417007686e+01
-1.799566085653143830e+02,1.276934799666606679e+01
1.666402185267857021e+02,1.897838139089225962e+01
-1.533051502438494254e+02,2.530140163339655857e+01
1.637040766810144703e+02,1.892963073974744859e+01
-1.543699906937366961e+02,2.355424916602886753e+01
1.508262359006299960e+02,2.645604986815294168e+01
-1.623875664607045621e+02,1.165968846138530779e+01
-1.773603080792658204e+02,2.466027355672828136e+01
1.799488716923048059e+02,1.678689121593376399e+01
1.694696277060797911e+02,2.086729788808134600e+01
-1.739989007958865841e+02,2.599542298468788459e+01
-1.545735176914492683e+02,2.445754318301735708e+01
1.534428443609522787e+02,3.324459469992140725e+01
-1.677657940846529243e+02,2.349921554946613256e+01
1.715512638809521206e+02,4.319086106865761110e+01
-1.612453255597061457e+02,6.209550050338027205e+01
1.494854107989989416e+02,3.184468661692382341e+01
1.087542805789812519e+02,2.199126288389734896e+01
2.647950471799540040e+01,3.596835784510238199e+01
4.343174776579366636e+01,4.079051857653445268e+01
7.931307153730566029e+01,1.990514477417325878e+01
6.353655965377586057e+01,1.441260120165029335e+01
6.686928093681540020e+01,1.851983566349392163e+01
3.964122165807009424e+01,2.432048408373124460e+01
6.566392302398452330e+01,2.222301585359629073e+01
9.038771377590471445e+01,3.743960856442383545e+01
1.133550302750538776e+02,4.060053349465408701e+01
-1.788037899251529268e+02,1.210910319669596191e+01
-1.734387205403980943e+02,1.881653452184485076e+01
-1.750113154641653352e+02,2.790478071434858975e+01
-1.707651290337339560e+02,1.483870356952708391e+01
-1.668072246959536358e+02,1.464665930026497520e+01
1.652816780682703950e+02,1.562164825977406224e+01
-1.796276446073350144e+02,1.821711023701953991e+01
-1.685748163069710301e+02,2.332771312130204677e+01
-1.756845676554988813e+02,2.215269043727086995e+01
-1.797678070746362664e+02,2.164622995794054461e+01
-1.768944239163268151e+02,1.750433905951375024e+01
-1.639639942470450649e+02,1.599288761543021664e+01
1.782409835572288728e+02,2.365521141705886521e+01
-1.475275548285588059e+02,1.718664176640408314e+01
1.517524324123529880e+02,2.322803022279173035e+01
-1.720942012611912162e+02,2.955717068172348760e+01
-1.591617981927714993e+02,3.622418748992070192e+01
1.265996596119110507e+02,4.545083842499117566e+01
7.348201638622626319e+01,3.468938221834650903e+01
6.851021003867346337e+01,2.437413314428676259e+01
4.341363954552096516e+01,2.325793151701170558e+01
1.069376750231232904e+02,1.910420923082652678e+01
8.759885790583146559e+01,2.094681343626438519e+01
-5.043942964573462717e+01,1.335637676308495259e+01
-1.533430941796011666e+02,1.709084023218437665e+01
1.152117276492898696e+02,3.467240339585336528e+01
5.341203501696876543e+01,4.479539338374272717e+01
3.290980246043150714e+01,4.312407487021126684e+01
7.528129176712957360e+01,5.174124723853888952e+01
-2.796204826030972423e+00,4.083973538290712213e+01
-8.731438305634416963e+01,5.096284629486553541e+01
-1.666758762146606330e+02,2.095364586645746385e+01
-6.711770251876683346e+01,1.386280629670762465e+01
-7.165074698988316015e+01,4.540971522661116921e+01
-5.835899317428172139e+01,2.536131414999827172e+01
-6.326043924845965449e+01,5.104199849907678299e+01
-5.216027450384566322e+01,2.070501641801137183e+01
-8.554090770434636681e+01,3.881824656025366238e+01
-4.525551976947806310e+01,3.782030831712908991e+01
-7.986017757374119697e+01,3.584113632704863761e+01
-4.299417618766421612e+01,3.978013992785996322e+01
-5.823918528770053626e+01,4.605293475594235986e+01
-6.314411789356659455e+01,3.726083724037776079e+01
-5.155753480335479821e+01,3.509076939912903015e+01
-8.738673837605496431e+01,4.417719871377657626e+01
-5.801482428318655593e+01,3.522538767211668898e+01
-6.629853353401351512e+01,4.426408963408530184e+01
-7.571427466891424274e+01,3.048053052811359009e+01
-8.248790403336877830e+01,3.199884517767019076e+01
-4.831078819326090468e+01,2.869767233784491722e+01
-5.831853616499980575e+01,3.859800689024942955e+01
-8.996860888846285320e+01,3.859002406346776581e+01
-1.617968518115897893e+02,3.483931928390634880e+01
1.611263330483143079e+02,2.133347909926136410e+01
-1.490806450140262314e+02,2.363823739633073728e+01
1.593089405600444479e+02,1.589774105357988532e+01
1.384642024106440772e+02,3.168205643134150762e+01
-1.725045083656805787e+02,4.555522197730372369e+01
1.755278119374575283e+02,2.608066908616115498e+01
-1.499910335862514899e+02,3.905716070969329223e+01
-1.125353315587536116e+02,4.176971909277001060e+01
-5.480157075340368777e+01,2.257843397650938044e+01
-4.512178465307422215e+01,3.652052734032037051e+01
-9.618902029524261366e+01,3.091696660769052230e+01
-1.197161889621844324e+02,3.996269249861558137e+01
-1.762994303123693953e+02,2.444729258245214254e+01
1.483613654110849893e+02,3.505372203459483416e+01
1.675602268568876525e+02,3.150049008733283529e+01
-1.671051470893202122e+02,4.740921754892929130e+01
-1.694963150844741904e+02,2.691180935446402955e+01
1.557693581886237553e+02,1.979759792606639479e+01
-1.646795872592199714e+02,3.053108884402713130e+01
-9.980327295098919649e+01,2.870320055779183122e+01
-1.620963089612971260e+02,2.393411734815673242e+01
6.670610077601060084e+01,2.675991412108903234e+01
8.908948469890086486e+00,3.124783001299737606e+01
9.998814893188610142e+01,2.503725280981573675e+01
4.727559826033021295e+01,2.211757280680444282e+01
-7.737215121038431676e+01,3.451106569085864351e+01
-8.686925914268225313e+01,3.264219859251969780e+01
-1.336200613713704577e+01,4.013798288685411819e+01
-7.500654803844940943e+01,1.770136506807378751e+01
-7.851365415294277739e+01,2.078797645001463934e+01
-5.128639944822792529e+01,2.093206603124830067e+01
-9.650163450013076272e+01,3.993634741044709813e+01
-5.201027910534396170e+01,4.693984835225632679e+01
-7.982223122792019865e+01,2.785959549812692160e+01
-5.843901984725029308e+01,2.975915397169340082e+01
-5.633192955132125235e+01,2.467967933949385895e+01
6.824683846022596700e-01,4.397029254190525194e+01
7.999005079342609292e+01,3.105234806835617078e+01
3.653428459893953573e+01,4.227182935401039998e+01
-1.667904849362029722e+02,4.316360623958711074e+01
1.651322327439530966e+02,1.366846138840388214e+01
-1.761027977048148330e+02,4.167048835704804333e+01
1.171703754727637801e+02,3.335442907478923757e+01
9.675546123928849340e+01,3.010384727591949172e+01
3.924478786555759058e+01,4.356471548428810792e+01
9.929284012052410446e+01,4.241875467167918146e+01
1.590070833282401850e+02,3.949633598545106139e+01
-1.616485399567262391e+02,5.134854270192847281e+01
1.571683854749539364e+02,3.520266960199813866e+01
-1.771304924596667831e+02,7.207376065363376938e+01
1.721337349202348435e+02,4.000851521000760158e+01
-1.588407529800611826e+02,5.044704160310525509e+01
1.739187380108906780e+02,2.252599990357641246e+01
1.785902351285464817e+02,3.202534128224309740e+01
-1.763357182711665416e+02,1.999570093023404382e+01
-1.797729825946591404e+02,3.311303691074539302e+01
-1.711085390861657061e+02,2.445609044575200386e+01
-1.678442286895709685e+02,3.819256115867024448e+01
1.444853577781262857e+02,4.291644140201133695e+01
-1.775231164170930072e+02,2.607340284122338048e+01
-1.746958865089181074e+02,1.323378594544776377e+01
-1.731157723686499992e+02,1.373968792985110277e+01
-1.633380223488209992e+02,1.704409926757499250e+01
-1.757975951073107694e+02,2.089386722061632895e+01
1.714715507037983855e+02,1.578821381993910222e+01
-1.631094282299762313e+02,1.857630637192464818e+01
1.786314920282785863e+02,2.644179140645192305e+01
1.647327900385445218e+02,2.351467240863690478e+01
1.582130759608350559e+02,4.074332617337734064e+01
-1.761133176588132585e+02,2.840238682951459737e+01
1.610064670305758341e+02,4.198075987152502364e+01
-1.576718103741160348e+02,2.570666818699950440e+01
1.262458987327427451e+02,2.308837307060152710e+01
6.037404196757478303e+01,2.153308561894879603e+01
6.356404876101703394e+01,3.384819504651375865e+01
7.797070539862640715e+01,4.276536084299563356e+01
5.369058267913982263e+01,3.736698708389714341e+01
9.134107681838109727e+01,2.566625870520844188e+01
6.326686962103797640e+01,2.106507575067079330e+01
-1.590500057280641215e+02,3.038155970688938368e+01
-1.785155987625467446e+02,3.185040749624064915e+01
1.798594762471441015e+02,2.416675676301420239e+01
-1.558968197066662640e+02,3.545793602778238807e+01
1.677943937281367823e+02,3.840193026665283327e+01
1.463816830787514789e+02,4.278418053486340966e+01
-1.533977694769757534e+02,3.248617051533083355e+01
1.779364011432769530e+02,2.897155342189620342e+01
1.457070428510177749e+02,2.556550950618232321e+01
-1.514714776719718543e+02,2.734504976139465882e+01
1.740927245809495219e+02,1.060108134072191888e+01
1.702713485896663315e+02,2.648102966519459756e+01
-1.682412928890173021e+02,2.506087601660913577e+01
-1.683695229933491078e+02,4.733286773179275286e+01
-1.721703836658146827e+02,4.861337602809837932e+01
1.266864322945035326e+02,4.238749142814913284e+01
7.062621622177331915e+01,3.667018276070196237e+01
3.530045256359833417e+01,4.133187131375666468e+01
1.421743448651297399e+02,2.752137864864524630e+01
-9.484027213083784602e+01,3.793853467723732820e+01
1.716202175231788090e+02,1.731688735415114877e+01
1.530517465202107417e+02,1.068669855748475150e+01
-1.762889125797155714e+02,2.306034795863006792e+01
-1.675807405179884029e+02,2.127859840190154728e+01
1.761275417805594827e+02,1.038724376946724348e+01
1.526066275381831758e+02,2.209244375331128651e+01
-1.570069621889955442e+02,2.281004708323883889e+01
1.631813981368942450e+02,2.306684016588954478e+01
-1.760307757038503382e+02,8.352012779486344130e+00
1.766910728234866497e+02,5.572435686921291875e+00
1.755817227823744133e+02,2.160731391433323267e+01
-1.644339360613372207e+02,2.811403914812735394e+01
-1.613329449002065417e+02,2.469339138957163016e+01
1.478846088989648138e+02,3.550152445502320120e+01
1.710411256861147820e+02,3.343550361673296578e+01
-1.683162363948236475e+02,3.395222343347103333e+01
1.413044655582267524e+02,2.495164104991431131e+01
1.132202961286151464e+02,3.318384899890279627e+01
1.234642852839466372e+02,3.283142462978703691e+01
-1.580427806069635608e+02,2.724872943712542650e+01
8.062009178325362768e+01,1.364617119415513002e+01
4.468414800440995549e+01,2.624222343227110343e+01
9.900706294175557787e+01,2.130141852830541538e+01
4.998802176574557166e+01,1.884313840869821988e+01
7.005678842722456068e+01,2.158826471816227155e+01
4.945833647823143053e+01,3.756580822216228199e+01
3.126691238279694218e+01,4.108247606856047440e+01
1.190016148513909826e+02,4.575474961276704988e+01
-1.571608684295460421e+02,2.486762048585510243e+01
-5.024553062260445557e+01,3.380041335865606555e+01
5.765328772647078637e+01,2.568823791109226562e+01
1.560474854575365669e+02,2.417505531816572528e+01
-1.261452041713512529e+02,4.496871195480870398e+01
-4.540122048795729626e+01,4.529142584933362059e+01
-6.196256049969130686e+01,2.418896423086384573e+01
-8.971710359651494571e+01,2.706040789964333726e+01
-1.141549888386291478e+01,3.927922049779745350e+01
-7.224110513337883788e+01,2.955420272141304494e+01
-1.141633333729792099e+02,3.260152673237671195e+01
-5.953178073016579219e+01,2.762174551238378228e+01
-1.727550159843447659e+02,8.064868085963958322e+00
1.761181260509603419e+02,1.163173726515526774e+01
1.763340728972341083e+02,1.216406667142670628e+01
-1.715032197441042285e+02,7.382572498103963987e+00
1.759520869794174871e+02,6.001633670115435137e+00
-1.654156606379008849e+02,5.340083835996223272e+00
1.700966834010266382e+02,1.054447088972574065e+01
1.784751937575174736e+02,1.297633353139111989e+01
-1.759411283603544973e+02,1.612962582110349175e+01
-1.575786799607828073e+02,9.831517458877833349e+00
1.509651248990096235e+02,1.610164404820339357e+01
-1.635128065683116461e+02,2.103784770002093651e+01
-1.668107566729359803e+02,2.814717836256368244e+01
1.549440994014163664e+02,2.195799585338583881e+01
-1.663434192974068537e+02,2.372664409438147715e+01
1.723470489271597046e+02,2.201884285103494676e+01
-1.767275802218491378e+02,1.852387681602984770e+01
1.796616707642199344e+02,3.178788585420873858e+01
1.612462064466285199e+02,1.829667332341961128e+01
-1.500853040725989160e+02,2.385066042532010044e+01
-1.440370780386963361e+02,3.439668283336074239e+01
-1.675977151663992117e+02,2.542632884268963167e+01
1.533280792561488397e+02,3.716682348387973889e+01
-1.578028762910188050e+02,2.943797937508644225e+01
-1.710941739343303425e+02,2.500444217270478475e+01
-1.748382287748012232e+02,2.986408395001436133e+01
1.699511017354712124e+02,4.140388451835756456e+01
-1.554457242157381813e+02,3.735506139215067378e+01
-1.707427851012195390e+02,4.262245238431027161e+01
1.377761636697273673e+02,3.774286138556666970e+01
1.668308019629795353e+02,1.735132156254773150e+01
-1.527491990896128016e+02,4.149481076507669997e+01
1.655878686174239647e+02,2.595041515778151364e+01
1.762037429811530274e+02,2.213406517540995821e+01
1.798445759683125686e+02,2.915984832382398650e+01
1.608681344320860376e+02,3.054278347319735332e+01
1.747702636036839863e+02,2.007199175339899000e+01
-1.561845442423023087e+02,2.123470045030725828e+01
1.755558531040843206e+02,2.296194483625971117e+01
1.402458523257535887e+02,3.613663397071941574e+01
-4.666655624847862782e+01,1.845541139511054141e+01
-9.378692005846666291e+01,1.487933826536671589e+01
-4.405543784814101826e+01,1.487795166849650208e+01
-7.319241744193109867e+01,1.402529769030229190e+01
-7.515553871951054532e+01,1.248830128118952132e+01
-5.766701654652244002e+01,2.571601108146106895e+01
-7.639189002469770173e+01,1.779802900945954747e+01
-5.564385445999706548e+01,2.102500092332358150e+01
-5.343344636765522182e+01,3.738202805893666891e+01
-6.383882729294582958e+01,5.181836093993154435e+01
-3.023733510591038964e+01,2.542196656760089013e+01
-6.266670487587175842e+01,1.538353422723044162e+01
-1.039086060354028405e+02,2.638716117717078191e+01
-6.713642073486738582e+01,3.202311309402298178e+01
-1.076863521971110238e+01,2.917333622239132040e+01
-8.398275246853226861e+01,2.283492523670984653e+01
-8.302766151314811793e+01,1.213551590841539252e+01
-6.413134949788307893e+01,3.075850596911038792e+01
-7.800942591461033260e+01,1.313486571537789871e+01
-4.045991328466979553e+01,2.710727059593211408e+01
1.793144303105150357e+02,1.988641845689616261e+01
-1.769875843608624564e+02,8.736344909515105783e+00
-1.780953522991227089e+02,4.825704502646401828e+00
-1.667319827743385474e+02,8.494912322710588271e+00
1.707936701846311109e+02,8.736001931515932739e+00
-1.671809314582357615e+02,4.057868745008788025e+00
-1.798413404304171195e+02,5.264445544443194791e+00
1.771534433155186434e+02,9.754854447634148329e+00
-1.609336825149574963e+02,1.774071871813166723e+01
1.602602730492754119e+02,2.549877452540416201e+01
1.683428611752752033e+02,1.663768754775932734e+01
-1.590150390373096627e+02,1.997766029475032568e+01
-1.735754918905376201e+02,2.166396649777507122e+01
1.648005034675065588e+02,1.622000968594915804e+01
1.795218303172405854e+02,1.772522422396307817e+01
1.610467719303714205e+02,1.940376100538813375e+01
1.798132238014225948e+02,5.114023953885945772e+00
-1.555758803081743622e+02,2.926597992009718041e+01
-1.669963427358957233e+02,1.005037454259712071e+01
1.658619697063706155e+02,2.600110583265078645e+01
1.745795481310086927e+02,1.044900940467927519e+01
-1.680949811701359238e+02,2.106843103501639902e+01
-1.745668635997255649e+02,7.059177587912883745e+00
1.727957226778609368e+02,1.863985418556869789e+01
1.793291948965633367e+02,2.203574364992937262e+01
1.754618668464989071e+02,1.404660602522813129e+01
-1.413832492969611678e+02,2.008344543422228767e+01
1.682546740674414423e+02,1.472027682019060357e+01
1.465569233269775680e+02,2.395949022178916010e+01
-1.308162889075684632e+02,3.793578864599864175e+01
1.692096714722099478e+02,3.637301114726244577e+01
-1.757621618499640590e+02,3.508905952542443174e+01
1.582553775080414482e+02,3.660434825864475528e+01
-1.443273783626564466e+02,3.564913986842897486e+01
1.742396084333022657e+02,1.145780687051851032e+01
1.701539289324279309e+02,1.651051740898982700e+01
-1.741621688988974199e+02,1.571456784938436257e+01
1.679942733713376697e+02,1.947096123461955131e+01
1.776716578499072625e+02,8.891270081935278569e+00
-1.709849548902932383e+02,2.860219554827101263e+01
-1.682701383803473902e+02,2.265429186386864302e+01
1.540711689608102972e+02,1.832509128227476225e+01
1.665864090251178879e+02,2.063180865385299967e+01
-1.596010013148386122e+02,2.212409410098052476e+01
1.758520981612104777e+02,3.269557247719306758e+01
1.657089441658820874e+02,3.659303721396342723e+01
-1.609093756800451445e+02,3.245814169687024275e+01
-1.700947954149839632e+02,4.639379188401724718e+01
1.643785247380413352e+02,3.561070671526888987e+01
-1.645537044122308146e+02,2.769738317181659681e+01
1.711091248926046831e+02,1.983074830390620136e+01
1.736698398941743733e+02,4.981918345022410932e+01
-1.547164541683397658e+02,4.056938819676548746e+01
1.746005797055451865e+02,4.372407046502809180e+01
1.599113153178461459e+02,2.092329626784569996e+01
-1.672782575791626414e+02,3.941681247190885529e+01
-1.767517515501856735e+02,2.985672041836479451e+01
-1.715980957612576105e+02,3.671311956388882436e+01
-1.751766898844293223e+02,1.916971870798482058e+01
1.686639638316123069e+02,2.031632146132500338e+01
1.771011380906129773e+02,9.553063471756914282e+00
-1.608339843322632419e+02,3.942181029647558432e+01
1.648113442597815776e+02,3.072752501650764501e+01
-1.568320371347292053e+02,2.737365730679573161e+01
-1.683867519950884741e+02,3.917983888520419100e+01
-1.793394074503695776e+02,2.388655583593214971e+01
1.430179634501745340e+02,4.900172082136952412e+01
1.297136554272044009e+02,4.183828075662822243e+01
8.711254014542588209e+01,2.256614026566698428e+01
4.522033895477101595e+01,4.014771679810385763e+01
1.541288937172946873e+02,1.617900393636435297e+01
-3.590525104541041657e+01,3.105972108521742214e+01
3.330792078029482184e+01,4.978471382372126186e+01
-1.572415442518262694e+02,4.425633324166629734e+01
-3.046261333460728693e+01,5.197134181657330032e+01
8.689798339583072107e+01,3.464460980122075284e+01
8.814553357642407150e+01,4.332421727103721310e+01
7.478608922107696344e+01,3.619770710436672090e+01
5.207002990988220859e+01,2.456545394889207756e+01
6.918827836804437936e+01,3.103633904647410446e+01
1.735552777392827863e+02,2.064158906634260049e+01
-1.652742706944601423e+02,3.193254913471152179e+01
1.707759136411476959e+02,2.344517431316134903e+01
-1.381602216743317797e+02,2.486649147901739454e+01
-1.787563719247845313e+02,1.621875029636138521e+01
-1.687473986514918920e+02,1.357462280467276550e+01
1.688886479043048325e+02,1.842666335046005699e+01
-1.624322595631921331e+02,2.319321783112495083e+01
1.705929020185545824e+02,3.703264436583570074e+01
1.695782344474216927e+02,1.396849332349846051e+01
-1.515186856729562237e+02,1.755337277766900783e+01
1.575959228106503360e+02,2.924659041390236780e+01
-1.759912730671430552e+02,5.177302114667403288e+01
1.741409913291971634e+02,2.592248687553585285e+01
-1.593998103741594434e+02,1.125062046201541932e+01
1.762130138252682627e+02,1.923832475272719478e+01
1.556700750013871186e+02,7.624459713493213542e+01
-1.468776686505636917e+02,5.351926486073570999e+01
1.452277775153999926e+02,4.162680988369373125e+01
-1.755413710379624774e+02,1.076838797233783751e+01
1.607827135943397252e+02,2.176139472216392790e+01
1.742750385934836004e+02,2.223029097052421221e+01
-1.497002604229439839e+02,2.495103369467900478e+01
1.536286299974545670e+02,2.763442929599806774e+01
-1.716024801098553496e+02,2.592375368642151301e+01
1.577787152101950880e+02,2.337544525236121018e+01
-1.552785088286487962e+02,3.046986258512639623e+01
1.578424151896514331e+02,1.641115780810851277e+01
-1.227304645963935172e+02,3.208644073487711523e+01
-2.714419043455824365e+01,2.938439380962022085e+01
-4.318375117649608796e+01,1.749137209368099022e+01
-1.255149196247118653e+02,3.376098237572761462e+01
1.593861377997046702e+02,2.623599607511969367e+01
-1.733431373840247147e+02,1.867453163784303172e+01
-1.620742155952838743e+02,2.346804616611205319e+01
1.651956625187495717e+02,1.008518754747416679e+01
-1.799555608306695831e+02,1.426287725620976943e+01
-1.697105806133789372e+02,1.703157613948974358e+01
-1.724612391062626102e+02,1.657006596710154867e+01
1.670440755089341280e+02,1.852183244539480000e+01
1.676274264994161740e+02,1.089837409687844882e+01
1.726089282969131489e+02,1.309316331207106110e+01
-1.499962772049825048e+02,2.053098882612232501e+01
1.657310878475620370e+02,1.358542685520530924e+01
1.503969016243332533e+02,3.052696591747587718e+01
-1.461993571781420371e+02,2.064954091341802211e+01
1.687385740325077563e+02,2.618896471919795488e+01
1.200132029292255993e+02,3.782065509391033231e+01
7.892505213740147951e+01,4.908783248847564096e+01
5.958011155134620651e+01,4.542047842485322917e+01
9.268610333099670129e+01,3.919200636724514197e+01
4.140811618729370736e+01,2.716596594756705230e+01
6.496047332105368355e+01,9.802974697589894149e+00
1.175432018356528374e+02,4.044147675131648612e+01
6.595485392675895753e+01,2.058402961371270479e+01
-7.645834217929790100e+01,5.328537191103414017e+01
-8.855823313787577433e+01,4.617249962766653226e+01
-2.131825276482808107e+01,4.913863883851964687e+01
-5.870780995790831724e+01,2.486639863654395910e+01
-1.086434153279055153e+02,5.712865131357059312e+01
1.687183212957371836e+02,1.416439764169079041e+01
-1.540257484143133695e+02,1.746657564178073940e+01
-1.671072285500568739e+02,1.222650366983015147e+01
1.691449079822335761e+02,2.426038583367033041e+01
-1.648510859492718055e+02,4.103799874518179536e+01
-1.799973940683885303e+02,3.185188336835885536e+01
1.677193969523185899e+02,4.920206110651913178e+01
1.746859670760032657e+02,3.909031140264433191e+01
1.643194392101502785e+02,5.505069230275436354e+01
-1.766501702339313056e+02,4.516958631807429470e+01
1.670000857664306295e+02,3.962186317101411248e+01
1.753275395691140659e+02,4.163720746750944812e+01
-1.524936371946666611e+02,4.695514348619256850e+01
1.708626918406645245e+02,3.170944716918468487e+01
1.570636423159974413e+02,4.917177617576557935e+01
-1.614259711102731671e+02,4.238949763703907792e+01
1.663183662177476947e+02,4.149219731596438976e+01
-1.751542910381186573e+02,1.703030450217521974e+01
-1.536470793865594828e+02,4.463861126682957803e+01
1.496642113128812070e+02,2.741818115435522074e+01
1.644211892022471773e+02,2.350130165813187944e+01
-1.672059143547141105e+02,2.920968155510196596e+01
1.679248920303232921e+02,4.572506121559582937e+01
-1.635020317131100285e+02,1.595154261618228730e+01
1.250596927605098472e+02,3.036483808724564426e+01
1.479924494078634893e+02,2.673888725863931271e+01
-1.724662188220215171e+02,1.951839343738117805e+01
1.599376172012865993e+02,3.197713570739234257e+01
-1.657868285915604361e+02,1.467399159134380682e+01
1.705028836818574121e+02,2.201194753348434574e+01
-1.556849218774964925e+02,1.854862116084397172e+01
1.490062767327595452e+02,3.216160869717602111e+01
-1.674751920600840265e+02,1.638022494806387996e+01
-1.737814711844283977e+02,3.096669476660520104e+01
1.634460615593682178e+02,2.208409560606555289e+01
-1.656274222015957776e+02,2.252163552262996404e+01
1.745537183804901247e+02,1.401094621644118021e+01
-1.659125222649824138e+02,2.930155957507465558e+01
1.753677814274336413e+02,1.349855663084765567e+01
1.785854622971436072e+02,2.287816578047523919e+01
-1.051807105083143909e+02,2.961761672026302250e+01
-4.160485799733139345e+01,2.371508526448384302e+01
-7.095607285910193696e+01,1.487990662075415749e+01
-9.054128970700679702e+01,1.694001928557762326e+01
-3.627760958224748578e+01,2.963546087030592702e+01
-1.138176004608696843e+02,2.290230247186430290e+01
1.335379214190701020e+02,3.988474436596649753e+01
3.871701953760709358e+01,2.199675893367488300e+01
7.154340143034548305e+01,2.697811988389552340e+01
1.423769470562903621e+02,1.915983456938824503e+01
-1.529431101351214863e+02,2.246619649384534867e+01
-1.701805336920580771e+02,1.545116579669580403e+01
1.336043464922753401e+02,4.773352195307310808e+01
8.335123783507738437e+01,2.298986665501739424e+01
4.477954107309493281e+01,4.302004144106649619e+01
1.072819341760273346e+02,4.058400193397688582e+01
6.044096273583251389e+01,4.286264670433013180e+01
7.791310304774719953e+01,3.443694111846594552e+01
7.854793563092758291e+01,2.800351734040032170e+01
5.877330859419521403e+01,2.233751834481600440e+01
1.524089407356154595e+02,1.909840888208793785e+01
-1.457731774111933021e+02,2.109868964976144667e+01
1.743027745880383179e+02,6.842377479345170599e+00
-1.756556119863077470e+02,2.288561452080657688e+01
-1.607894735696135058e+02,3.192406828592714874e+01
-1.774929083933490404e+02,1.120011500843386187e+01
-1.766814832268691475e+02,1.559817590711900337e+01
1.797235579774888379e+02,1.835559119679044571e+01
-1.768843975867933693e+02,2.109880124472528706e+01
-1.768502095106524052e+02,2.297829944000659808e+01
-1.710829761747787074e+02,2.408887875695988967e+01
1.714560894581484831e+02,2.244968283524924502e+01
-1.740517983172200616e+02,2.712627276595196335e+01
-1.582806932172898087e+02,3.663253769441884344e+01
1.757690947125768162e+02,4.824602786419256972e+01
1.744715735300309802e+02,5.210744887241487788e+01
-1.593885454176935639e+02,3.824437370539480696e+01
1.747348544777931920e+02,3.237865041822790602e+01
1.590059150660748628e+02,4.635288264794162671e+01
-1.428516969234198370e+02,5.477630848546920816e+01
1.678445072457782317e+02,3.446097305930763355e+01
1.751642063539100889e+02,3.256738271265420082e+01
-1.430155895849915453e+02,4.291759561033574499e+01
-1.259374129604080537e+02,3.552821089971138235e+01
-1.762001711566132940e+02,2.161493729382313234e+01
1.550542569421284327e+02,3.633253516033853714e+01
-1.647234435388910185e+02,3.101097611061474879e+01
1.775671966734482510e+02,3.039332118989108977e+01
-1.678624438605072555e+02,5.724304975110650950e+00
1.666961567020222219e+02,3.063763929030161037e+01
-1.571241838027605695e+02,2.534503221292374775e+01
1.611816303722430348e+02,2.885025974022292417e+01
-1.657100650740242429e+02,1.478731914556093585e+01
1.665793518378351621e+02,2.143613959821232839e+01
-1.754446153646743483e+02,3.881319372523698519e+01
1.587103027038299956e+02,3.245939192122222039e+01
-1.539322500575047741e+02,3.012745199807578800e+01
-1.498998901859306727e+02,2.206758257713225291e+01
1.390655025623772190e+02,2.224193500636139120e+01
8.768943732529322688e+01,4.234853765665334890e+01
-1.786795419269164711e+02,3.181531657896461240e+01
1.587068539056109842e+02,2.567623019146815722e+01
-1.541964375817332495e+02,3.218851153746199145e+01
1.738160844418962085e+02,1.945811564344495537e+01
1.798912435969083958e+02,2.642555363852249428e+01
-1.788074750172588097e+02,3.144849590841877074e+01
1.598318354161037007e+02,2.477989060855572490e+01
-1.644279503237522135e+02,4.178912421446482739e+01
1.362524765500883461e+02,2.204635054804866456e+01
-1.750156579702599799e+02,2.129339168068300481e+01
-1.464441616415207363e+02,2.543735171161664255e+01
1.676398746955256627e+02,1.092205989680225109e+01
-1.741076788853151243e+02,2.312682239378163374e+01
1.767705381041853343e+02,1.820324220073181110e+01
-1.626612155393875412e+02,2.087415474168166085e+01
1.704354606704211221e+02,3.029064364648471042e+01
-1.648524876437367368e+02,3.940974813364886842e+01
1.656379048670095813e+02,3.225133123880087993e+01
-1.650497110934863656e+02,1.293528455038849856e+01
1.780266605789017262e+02,1.429172462750005934e+01
1.771354218576873052e+02,1.831909318042209023e+01
-1.603482595770695696e+02,2.772883756052841520e+01
1.723231925560043294e+02,8.459777921998270500e+00
-1.593650933890675958e+02,3.882782836607209731e+01
1.690753779550262266e+02,2.829926727945057152e+01
1.642473542241876316e+02,3.110491706133542777e+01
1.685242806836349985e+02,4.078448182881933803e+01
-1.601264662082600978e+02,2.361427833607955051e+01
1.392654783822700040e+02,4.002879799319680387e+01
1.691138490077531742e+02,5.925555437562447736e+01
-1.231484225956538694e+02,5.882502218228798085e+01
-5.399394754230554128e+01,6.666612389943283290e+01
-8.767023520385411928e+01,3.282462260695080403e+01
-6.753914741774391928e+01,5.991054576224558303e+01
-7.763751948097612399e+01,7.787253581272111091e+01
-4.348495350590541619e+01,5.130409698389195228e+01
-1.356349641202730538e+02,4.139417213897863235e+01
1.483545137220974652e+02,6.655225808986085667e+01
-1.678476193124495239e+02,7.139393705972663895e+01
-1.688069342062009923e+02,7.464645401661752544e+01
-1.654000671387077546e+02,2.906311122869722396e+01
1.667838375961141821e+02,3.403250696773748274e+01
-1.530514962797986698e+02,2.635360682073589800e+01
1.513441954907860350e+02,1.393801970988733530e+01
1.566181215862856675e+02,2.452969847478283683e+01
-1.150187917886748892e+02,3.057498691826226178e+01
-7.885122558344980348e+01,3.322638257506996950e+01
-5.537162071549835218e+01,3.284078163596587530e+01
-8.264584852745980470e+01,3.546563860442469718e+01
-5.308323782607985208e+01,3.691727911169858345e+01
-5.878879510390444807e+01,2.146015735290410120e+01
-8.103439433377353396e+01,2.917567894385808103e+01
-5.618094101653684191e+01,2.153262044492580074e+01
-6.386544863737834987e+01,1.599383383580483908e+01
-4.304265642758147692e+01,2.484847417644582634e+01
-4.965203451019441161e+01,1.517218100476294040e+01
-7.335485437841381895e+01,2.637717516430043929e+01
-4.200022919735468463e+01,1.575130893938282384e+01
-7.695959524099168902e+01,2.035933550687462912e+01
-6.148128279663693974e+01,2.317621609439278885e+01
-1.458780959841401739e+02,5.801739424955829350e+01
1.412585176913516136e+02,3.236665650932696536e+01
-1.578162409317512811e+02,4.477545893710611580e+01
-6.317438385320859595e+01,3.714773803944655128e+01
-5.541671179166070971e+01,2.574604881596849992e+01
-5.167973343096533512e+01,2.757484304234741046e+01
-1.041571077616118401e+02,5.295644964667749122e+01
-1.163956901670181736e+02,3.991070543503691681e+01
-1.303994368693658714e+02,4.146323926573590768e+01
-1.757808564179064490e+02,1.889970352764125039e+01
1.442049542397762423e+02,3.237602537711593698e+01
-1.573139028913635968e+02,3.441078084054585418e+01
-8.663928963702220187e+01,5.045365526193187122e+01
-3.596944381699131554e+01,4.314835483657037685e+01
-8.875823460143868715e+01,6.981128404568633528e+01
-1.213677060176612912e+02,5.295648818914006029e+01
-1.752545295759243800e+02,4.837803355648110681e+01
1.386214157162549725e+02,4.958850748883673987e+01
1.628328870392552972e+02,2.038915736140247503e+01
1.766778424017634279e+02,1.934970517009335111e+01
-1.758993254155197974e+02,3.585396439025119975e+01
-1.666386969777952913e+02,1.073995262860330158e+01
1.555416599670766686e+02,2.420035555970280683e+01
-1.255232769962560866e+02,4.130360734122986344e+01
-1.741125118176911144e+02,3.829303404012482304e+01
1.721966478398678078e+02,3.182790373406272266e+01
-1.723082987842422824e+02,2.976278123680379650e+01
1.612682919061623181e+02,4.492519016733291437e+01
-1.788662079322649561e+02,3.285770513160998263e+01
-1.790346758689502167e+02,3.143156595846362222e+01
1.643582358657730822e+02,2.722373561483793480e+01
-1.658876272188947780e+02,1.832155411614800755e+01
1.789648094074051983e+02,2.033541587256681993e+01
1.788620809936941214e+02,1.197698102386971897e+01
1.741173096388495196e+02,2.574206406430740657e+01
1.752867415415632877e+02,1.531328861358757720e+01
-1.787311264624505327e+02,1.407573558200115293e+01
1.740903603151408561e+02,1.043881822761279210e+01
-1.699527301625891482e+02,8.647372358038039053e+00
1.769271356922923815e+02,5.376742820135871348e+00
-1.025276715403635990e+02,3.366075539678040229e+01
-2.455667300586236124e+01,3.125079074334818330e+01
5.943978410739133267e+01,3.761265009750490407e+01
8.758339048212614841e+01,2.313314928293948469e+01
6.194876808381545885e+01,2.239910977357756749e+01
5.833708520676634635e+01,2.244173126893109327e+01
9.850812887501693638e+01,2.834310994631962188e+01
1.421279443546483492e+02,3.546658990661878619e+01
-1.396301544689614218e+02,2.856541457619729485e+01
-1.095468158730656683e+02,5.515116523477193766e+01
-6.607263375376034276e+01,1.895407048460209865e+01
-3.154470110503091362e+01,4.695498991164978975e+01
-1.065784066157150818e+02,4.077158881597694062e+01
-1.722869047365424535e+02,2.881091922003073336e+01
1.105667104429753209e+02,3.034397974018950705e+01
9.223241640003926989e+01,3.728893954118183274e+01
3.569405534729646234e+01,4.803503232321653371e+01
-2.453474633852047759e+01,3.686889688355684314e+01
-1.514916356759715939e+02,4.249588384137688024e+01
1.122151308200250241e+02,3.734441612017382539e+01
1.766056151896522124e+02,1.666184074555526351e+01
-1.773742170103993772e+02,2.309625619271721675e+01
-1.552274086260536023e+02,3.245670156026402964e+01
1.694006018505077691e+02,2.430176547383910801e+01
1.587144274438332729e+02,2.034291605130005820e+01
-1.533987564171945621e+02,2.511964846856376710e+01
1.477690078656002015e+02,4.077683926359624422e+01
1.714262779977429432e+02,3.575973455650328958e+01
-1.590363453182409046e+02,3.693052910542351697e+01
1.637379653090634974e+02,2.518037330417955388e+01
1.699683430962777777e+02,2.267206546453091676e+01
-1.587305242530574958e+02,2.453370968699311661e+01
1.749017793377399244e+02,1.611324273709932697e+01
1.710648221462062395e+02,1.856024994828120356e+01
-1.734999439172159157e+02,3.015591387381016375e+01
-1.777556725822805390e+02,2.128846381573104196e+01
-1.798847019138881365e+02,4.456041847790228161e+01
1.627772153158750257e+02,2.800137029648335130e+01
-1.577713952748460713e+02,3.104131425501376995e+01
-1.737344329763812141e+02,2.051511157122517304e+01
-4.336232310346537133e+01,2.091781860893787837e+01
-9.166609283108131478e+01,2.596256929050774431e+01
-4.957058059391778215e+01,1.734871222086346876e+01
-7.995595751625177172e+01,2.100935746738322507e+01
-5.650227389683954726e+01,3.480916362524943253e+01
-8.737727672282093749e+01,2.230416079851901401e+01
-4.768842863448707448e+01,2.521196928804771176e+01
-8.532280267621413827e+01,2.594695594024805985e+01
-4.293885290410109690e+01,1.911820915366334717e+01
-6.918255764922913897e+01,3.076973334616861777e+01
-5.543968988735617387e+01,3.301866517303743365e+01
-8.847208371159985063e+01,4.436068612382078413e+01
-4.798360090462234950e+01,4.244369842226137024e+01
-7.895160676529607713e+01,2.837268823687600872e+01
-5.284382173237756319e+01,1.789451284751513072e+01
-6.720245815440493686e+01,2.439725128977168467e+01
-4.104389850361819470e+01,2.090070298600620191e+01
-9.279181093000597969e+01,3.942676122960227758e+01
-4.877807902108845894e+01,3.311595329206605243e+01
-4.511448200238289274e+01,1.877227859881379857e+01
-1.743411926068426681e+02,8.599057908320444810e+00
-1.718074126936004120e+02,9.925343356684086515e+00
1.740547625816466848e+02,1.569866788143459502e+01
-1.782994567590925215e+02,8.422667949338103810e+00
1.650569623195385702e+02,1.516075813645569603e+01
-1.672620543295544167e+02,2.003419148602883126e+01
1.649443727186021249e+02,1.442889093471299056e+01
-1.562141255298658962e+02,1.435706994186302765e+01
1.563457121075967393e+02,1.867809153502714281e+01
1.792163305916117508e+02,1.292981674787844604e+01
-1.217051860387163629e+02,3.099713455832918996e+01
-7.613350132049710339e+01,1.525371215629704125e+01
-5.065990076657481467e+01,1.831565876329524656e+01
-9.256775925744996414e+01,1.747412020258672527e+01
-4.956413021260121354e+01,1.669735665039620187e+01
-6.809518398331189815e+01,1.586995225240246299e+01
-1.106931397285452903e+02,2.049184664661658317e+01
-9.642009489836625846e+01,3.060004145328117531e+01
-1.704630198105951422e+01,3.425593851774617349e+01
-8.364572764351592582e+01,1.861626658516731680e+01
1.458822215745492201e+02,1.912708373189516919e+01
-1.309586636194383402e+02,2.467368181130276383e+01
-9.952688453207356645e+01,3.485892356469988584e+01
-3.857066873494378001e+01,3.505470439775993441e+01
-8.473057795569172868e+01,2.626115775484796089e+01
-1.209538623363819312e+02,2.546378581973814192e+01
-1.727296419804048639e+02,1.729522052205933491e+01
1.545254154288709856e+02,3.081548764719121181e+01
-1.429534911370238888e+02,4.545731420907090836e+01
-1.451778281912434352e+02,4.741122155384635306e+01
1.694980970291768472e+02,4.135814962226616842e+01
-1.793307136073038350e+02,3.554329282626938635e+01
-1.687425875680839908e+02,3.107083284730208916e+01
1.744184317837938920e+02,3.372742394999183091e+01
1.657714904253149655e+02,2.036979930428365293e+01
-1.622926554685863891e+02,3.269276960751287930e+01
-1.755528411749673978e+02,4.596163375436429988e+01
1.700905147930415922e+02,3.541083248742727108e+01
-1.599388604359421890e+02,5.225461394027521322e+01
1.588214851451597838e+02,1.855802251640912104e+01
1.278108930670968846e+02,5.632657765392224292e+01
1.662011879063644813e+02,1.535208585645457902e+01
-1.590560981436099155e+02,2.986100934040562294e+01
1.728656326115246316e+02,2.927426130654936287e+01
-1.687796497163779748e+02,4.736784465812401379e+01
1.741468652077793990e+02,4.634428428664493538e+01
-1.781559918770956301e+02,2.866115047132773697e+01
1.630491272124283739e+02,2.961489494718184190e+01
-1.479652368693603535e+02,1.356159640675224942e+01
1.347847985314581649e+02,2.952510116266860507e+01
1.681753236187593359e+02,1.980565995183323835e+01
-1.181544144194882762e+02,3.123065026589288706e+01
-1.236639874404553581e+02,6.919014300644042237e+01
1.453362812237142521e+02,4.227540213061121932e+01
1.333217826637848304e+02,3.285780920007800887e+01
-1.520482811453760235e+02,3.986530259604290904e+01
1.707452333610661128e+02,2.116562123102653104e+01
1.689258062236752380e+02,3.598172705819970218e+01
-1.742069733076776572e+02,2.193115294161918882e+01
1.623655974177958115e+02,2.702220327301240843e+01
6.863524197320785447e+01,1.671027547363330967e+01
1.139461579569924794e+02,3.576417159685034619e+01
1.765752049139844644e+02,2.331987786493961323e+01
-1.344367328860174382e+02,3.459154452183150141e+01
1.663411537361436103e+02,4.667441654669956819e+01
-1.727149813223046522e+02,1.100343243887230216e+01
-1.689446714645788177e+02,2.682256799667905511e+01
1.691609094579338262e+02,2.312200894361215120e+01
-1.667898807081127188e+02,1.717443366094596513e+01
1.626504187192616655e+02,3.605008032644499139e+01
1.689817141967582756e+02,3.322524597012688474e+01
-1.360746668817650971e+02,3.210870270787322056e+01
-1.351954710463298284e+02,2.464860086322572741e+01
1.756039079123868873e+02,3.275702296363231625e+01
1.353005511586652574e+02,4.466698658864467575e+01
1.320048457503711745e+02,5.092821146107203134e+01
1.607618250510060705e+02,4.904334288523878627e+01
-1.227367517994202899e+02,2.943870339091164823e+01
-2.952649452721523815e+01,4.397990539039992086e+01
-5.744698041827825108e+01,4.505594552495411875e+01
-1.535830147504401566e+02,2.133995897346375159e+01
-1.430296625002225710e+02,2.757577779148237340e+01
-1.765484510924187873e+02,2.742214130162233232e+01
1.726242174213774376e+02,2.459540915365174385e+01
-1.202454607380738878e+02,3.837165514071492112e+01
-8.745131551263126823e+01,4.401782328565274582e+01
-5.299649954115484007e+01,4.173464197393952446e+01
-8.855906054400391270e+01,4.474876840363192798e+01
-7.588184002818084650e+01,4.505493492163842006e+01
-1.367076936516439218e+02,6.180982960633185996e+01
1.525368604564857549e+02,4.224964340188664380e+01
5.809134793591869084e+01,1.500355496977454450e+01
6.005166872087046670e+01,4.319404474008426575e+01
8.789360522200357195e+01,2.967159179173251715e+01
6.024042157107593454e+01,3.792317827810393283e+01
1.011344375164432279e+02,6.248147534202694686e+01
6.363529503840737078e+01,5.810437950703168752e+01
1.146258944138931355e+02,5.602295285593932306e+01
-1.653631544071446626e+02,3.685327593580026218e+01
-1.565762170282463046e+02,2.633207324829260187e+01
6.963971382791046949e+01,2.741906579583567449e+01
8.195796263026652184e+01,1.172104769328783469e+01
5.271217281465256832e+01,2.454453683709321155e+01
7.995737761832883450e+01,1.950142797897515123e+01
6.111802508911234355e+01,1.454945648444888029e+01
4.290182456882090634e+01,1.822815072604250020e+01
9.733036936382356430e+01,1.999910729824767941e+01
5.540876203986596238e+01,1.682252766363230734e+01
7.114371557524597733e+01,1.977372429083867189e+01
6.140399993772136611e+01,3.463463794009092567e+01
7.475863718679622139e+01,2.960671428807298966e+01
6.057134626841352798e+01,1.925406782242987802e+01
7.411295590212252193e+01,1.759343282587994395e+01
6.731433630910971999e+01,2.731411185447358747e+01
7.202773971992350255e+01,2.660964478260694932e+01
6.640900500241866666e+01,3.409049092486055343e+01
5.226578607475953220e+01,4.023204736062422171e+01
8.375440155865004499e+01,3.660044430271325666e+01
6.334203986944174858e+01,3.046015739197818917e+01
5.406019152395632688e+01,2.662691042414259002e+01
9.253583083942709209e+01,3.373000922301690707e+01
5.869719322459089739e+01,1.796777906821204596e+01
5.017779643912911780e+01,2.915750833965564937e+01
8.373761860931587364e+01,2.616006600448805131e+01
4.285505106792304275e+01,3.629347717723224775e+01
8.463822951544150897e+01,3.292077938997445585e+01
5.733641391174850099e+01,4.341971949180221202e+01
5.799843031823046857e+01,5.401517706020010223e+01
6.174053271031109347e+01,3.847066314211889448e+01
7.646919397006379882e+01,5.871159277052044700e+01
1.063118434859259338e+02,3.806156402416152673e+01
-1.154483951915256768e+01,5.354776223625101750e+01
-4.909614744076745296e+01,4.615651301416539809e+01
-3.686324764440004742e+01,2.973407659314170814e+01
-8.683666536470170172e+01,2.451822886152227454e+01
-5.921979523373843790e+01,3.800503626549558334e+01
5.426084803798726597e+01,4.575539759998906675e+01
1.327345046582341865e+02,3.570260954994924418e+01
-1.710998233872883247e+02,4.045936949676144678e+01
-1.614752786589868663e+02,4.834140009355878220e+01
8.626124042642655354e+01,2.039743850309518436e+01
5.277165005554488886e+01,2.359953398504142186e+01
8.676276694338831419e+01,3.359996653242177445e+01
4.484802334144020364e+01,2.311618651779076572e+01
8.148734779059316224e+01,2.693093770821262822e+01
5.584365392181793197e+01,1.998865342689051516e+01
7.718158733508208513e+01,4.746547200841014558e+01
5.500804809048742783e+01,3.569298913698882814e+01
7.397614781394379690e+01,5.211130184385456232e+01
7.726903052627743307e+01,3.472813993794396481e+01
6.394002895888064586e+01,3.108384056710666954e+01
5.265845637916985567e+01,2.600920757734659361e+01
8.769954107681405731e+01,3.177030687155232869e+01
6.772859116666383272e+01,2.318381206587017829e+01
5.966209531065871374e+01,2.385312521013195663e+01
6.840675633939241607e+01,1.833477436240772818e+01
7.480782993398270264e+01,2.098797915919234924e+01
5.294852665280858872e+01,3.316328443478846566e+01
8.845315528018285534e+01,3.063892691935039991e+01
4.851919408574286763e+01,4.820864037253147671e+01
6.206519128725182100e+01,1.696117670517104870e+01
6.127986821500112313e+01,1.347817098251410428e+01
8.335791725548888564e+01,3.274054158486600841e+01
6.075933409916069650e+01,2.377560831681507736e+01
-1.532864940488285921e+00,2.930219795541131589e+01
7.065052274367468499e+01,2.637164894687479588e+01
1.051254260332613626e+02,4.364581925237403937e+01
6.380180697458147421e+01,3.330937632229816359e+01
7.516699885717663676e+01,4.006928360551135881e+01
7.396058970076974504e+01,3.464204108406575955e+01
1.101477714068591780e+02,2.546339808710291663e+01
-1.575681530692608590e+02,2.887313393954509522e+01
1.703899801974178843e+02,3.977473644702111955e+01
-1.612495097350855247e+02,3.137484418740051595e+01
1.493785458526963339e+02,1.543638637181518725e+01
1.795852155552613283e+02,2.961234590622691343e+01
-1.479228998431871673e+02,2.704581987741983440e+01
1.563263110472638289e+02,3.502476389267108914e+01
1.744478607302171724e+02,4.953522881550350121e+01
-1.504080443032225958e+02,3.706777404211364058e+01
-1.291842196090036623e+02,2.984602325429345626e+01
1.337300868386206503e+02,2.373318447368504991e+01
8.465569487022277428e+01,2.525354165029173004e+01
7.129759351742788454e+01,3.797684532526846368e+01
6.895887618540723452e+01,3.579027363298654052e+01
3.177772362666542705e+01,3.568875771980020772e+01
1.300685003513821414e+02,4.645701630117199699e+01
-1.291335422650051044e+02,2.872786471483215820e+01
-1.652786173723472700e+02,3.250594070745123787e+01
1.749242227983183682e+02,1.701713194557332187e+01
-1.718399840668196532e+02,2.141681070840041201e+01
1.393813741344313826e+02,3.686920114248734848e+01
-1.661107280731790752e+02,2.778707984846749923e+01
1.642686760220829854e+02,4.223345881275086100e+01
1.637837318631090113e+02,3.374543531383849881e+01
-1.567818986719228747e+02,1.838572561239540093e+01
1.233111956800639746e+02,4.239538312432677003e+01
9.340399325198450242e+01,2.479222775506455889e+01
5.437596807475048166e+01,2.764877852482794651e+01
5.381839709576497199e+01,1.972779013649078905e+01
4.725606196798344172e+01,2.129007057562023064e+01
6.873356819292784792e+01,4.129217510868832619e+01
7.595128023372407711e+01,2.467841168919816042e+01
9.297930767519180506e+01,2.744095961206853573e+01
4.697964930613343881e+01,3.183257317368288852e+01
7.436012539395839838e+01,2.894574821968866729e+01
7.594089332276244875e+01,2.571265774166196394e+01
8.004772963153102694e+01,3.427248666779087927e+01
7.449073188929662592e+01,2.036609794440845178e+01
5.729845613559119499e+01,1.808740555322600585e+01
7.294334258251065251e+01,2.857488548133231632e+01
1.020640850025170607e+02,2.705968641608765779e+01
4.483222879820626616e+01,4.259068870508355076e+01
7.226586610764526597e+01,2.243586593174659427e+01
5.679106794472636466e+01,3.628845296191496317e+01
7.072765608318071884e+01,2.433536115651613230e+01
5.647881097153686625e+01,1.554215933614059608e+01
6.939337788196517920e+01,3.198302779455178779e+01
6.867897186471999760e+01,2.040599723342153027e+01
6.006969317514066375e+01,3.026125112603365253e+01
-1.674044441848567715e+02,3.719287156297230013e+01
1.723275220484673298e+02,3.159279684251893627e+01
-1.488458226753405711e+02,3.883767697022896215e+01
-1.578750203617649106e+02,4.112519095153975002e+01
1.443710589251491854e+02,4.104388843454645297e+01
-1.728482072576058499e+02,2.760975841582271428e+01
1.792498390728278252e+02,2.052659284244248283e+01
-1.632564536659167231e+02,2.888493645091895345e+01
-1.657944809276607145e+02,6.636857248590222014e+01
1.434345113560804919e+02,5.875528593714770409e+01
-1.712854954114358748e+02,2.692633797680833041e+01
1.776351159606443844e+02,9.397726614073427243e+00
1.773846011399363647e+02,6.657088945643125477e+00
-1.754744587416095385e+02,2.399831037270878298e+01
-1.778362981780984455e+02,1.479352024610923877e+01
-1.712052726516216410e+02,2.855327387065911537e+01
1.649426477194065797e+02,1.612466157431575198e+01
-1.778985770932542039e+02,2.516943309981565946e+01
-1.764181517971014443e+02,2.676913677457482521e+01
-1.723531979112903798e+02,4.296889654452353824e+01
-8.232342714812877205e+01,3.562364259037035197e+01
-8.413744850877112924e+01,4.915958961343369538e+01
-3.709146679026702742e+01,2.926634228572674701e+01
-5.977788128378912802e+01,3.387729925822578991e+01
-1.596511045597519853e+02,2.414009911478218129e+01
1.580907572581768932e+02,2.901860676537924633e+01
-1.549063209541694448e+02,4.135012657922582235e+01
1.468344910027251160e+02,5.415848603748914769e+01
-1.669450798246345471e+02,3.007497383275157077e+01
1.793485124376014710e+02,3.144774515010966809e+01
1.715541974231525160e+02,3.822531873784932088e+01
1.449000539032740846e+02,4.330470099743187973e+01
1.142291246138263290e+02,5.150735641773167117e+01
2.614623659083092733e+01,4.810928640723538763e+01
-8.225459344869074130e+01,4.555528463085006052e+01
-5.442964705399820957e+01,2.987437104006145816e+01
-9.832030127690382315e+00,3.293848304434767726e+01
-9.069098964650164874e+01,3.993993168361864576e+01
-3.000707292251721725e+01,2.575023265188430699e+01
-7.904176352423857566e+01,1.616895896163762814e+01
-6.778849426061087513e+01,2.637818893359369099e+01
-7.010233840732742294e+01,3.300962289245665460e+01
-6.908993907757812281e+01,4.396934565802398964e+01
-7.506395254961174146e+01,3.627620104507449383e+01
-5.510729192877915494e+01,1.896555824771078846e+01
-7.862071540590203256e+01,4.246082579358521514e+01
-6.175240092815627690e+01,1.345873327327722002e+01
-5.335102324378856764e+01,4.452667110055930522e+01
-7.844527925945897096e+01,2.649418829151965227e+01
-4.261283234410617382e+01,4.308942190139865147e+01
-7.956283530200525433e+01,3.169704501449933076e+01
-7.447164338509985271e+01,4.615026317781718745e+01
-7.380787417134141037e+01,3.870916684170122579e+01
-8.492143865658550794e+01,2.931700413627151391e+01
-6.037772494588110561e+01,2.160962222389453302e+01
-9.102507547201464888e+01,2.295377866165207337e+01
-6.061838204758480941e+01,3.567386728854361877e+01
-5.064428177694665578e+01,3.473363246142298522e+01
-7.909511338576459138e+01,3.379561681623886216e+01
-5.884090487092906585e+01,4.521326873659619139e+01
1.776007971184719736e+02,2.215173708423092691e+01
-1.744407866604017840e+02,1.770965319489523537e+01
1.796480254349223742e+02,2.053715870517402564e+01
1.694375601681420846e+02,2.000212483383150186e+01
-1.552435853759222937e+02,3.847604823247388595e+01
-1.789066481856646647e+02,4.479177202008322922e+01
1.372418630854278661e+02,5.101807601611211140e+01
-1.630755957183255020e+02,4.647868030052143240e+01
-1.535198342149684834e+02,5.869885111956521939e+01
1.604723194763743095e+02,3.495233732723860953e+01
1.792006137306866549e+02,4.973566341696085402e+01
-1.649000740143388839e+02,6.978852292355637132e+01
1.655962337547615846e+02,5.294561556198377161e+01
-1.724204727323561883e+02,2.852483683516784652e+01
-1.661858566168568814e+02,1.150426059172364290e+01
1.796492730786108041e+02,1.635639850945891993e+01
1.565207467737169225e+02,3.175302611285824383e+01
-1.474198304009396736e+02,4.286850869145865772e+01
-1.180615775622849242e+02,5.780981017368352326e+01
-1.598416555343574430e+02,4.582893715479816166e+01
-1.587596322842277345e+02,4.915419889450668478e+01
1.621846955725843600e+02,2.216237956924070929e+01
-1.712654282414851252e+02,2.432196781117004392e+01
1.644665158278151011e+02,2.716188492189277071e+01
-1.533562142234233647e+02,1.438216170962417984e+01
1.624146561217389149e+02,2.318318956993472924e+01
-1.780835525374610029e+02,2.062720431025131873e+01
-1.512453396896606250e+02,2.452474073480154715e+01
1.665932582589293531e+02,1.391281062216679842e+01
-1.783660719929170284e+02,2.335091174931753955e+01
1.699208592729991665e+02,1.862819806187509641e+01
-1.749594557972787641e+02,1.950791161338959512e+01
1.746004846134937907e+02,9.278825330490514389e+00
-1.612865543188692925e+02,8.663348208920041316e+00
1.663686102379551528e+02,1.959849952008753604e+01
-1.602894273686052315e+02,1.019551576256801617e+01
1.598955382891187753e+02,2.314988864394262436e+01
1.742950674358974368e+02,1.979506055132422659e+01
-1.522589238248944525e+02,3.334119475659655762e+01
1.675138156655197577e+02,1.664212181437728688e+01
-1.602970366621699441e+02,1.964267331543306483e+01
1.502012641796142418e+02,4.617330400330359907e+01
1.340525541674403200e+02,4.727345751903838789e+01
-1.542196557319100236e+02,3.838224296156535331e+01
-1.585706858203746492e+02,3.233696194112774691e+01
1.491715885324402677e+02,2.094992127793205228e+01
-1.506475521659520496e+02,3.170832804473450039e+01
1.650036643758975572e+02,1.604360700157343089e+01
1.604258981631896290e+02,5.407816476014598095e+01
-1.680836476185925505e+02,4.741999086391805918e+01
1.620179850063628066e+02,4.681774095306657557e+01
-1.702439629749627557e+02,3.052781716093410935e+01
-1.773690957100628793e+02,2.860467983360419453e+01
1.590223176181059159e+02,2.297450019101989938e+01
1.127575469140224129e+02,4.897340696071707100e+01
7.444833911438641394e+01,2.701603429001199430e+01
3.023326261187824571e+01,6.956783663813854446e+01
6.881161663086420788e+01,3.190568051691372631e+01
9.975359272709711433e+01,6.011282107808138164e+01
4.831463014861458305e+01,2.712455299432423317e+01
1.605470435094419486e+02,1.449666242552043727e+01
-1.722204812847766107e+02,1.792402655201939865e+01
-1.759495955594146324e+02,2.770617810206791987e+01
-1.681929666050577623e+02,2.058346061953844952e+01
1.691264606629181912e+02,1.441775729515482141e+01
-1.668282915704399159e+02,1.404020249896476180e+01
1.777106575078281026e+02,1.614071169459926480e+01
-1.777543906267954128e+02,3.199630588774883222e+01
1.474399183087017775e+02,2.600840977129309550e+01
-1.369491369680972070e+02,2.684187321654721359e+01
-1.464808845659487702e+02,2.013483300875986970e+01
1.537358878795297983e+02,3.100203046314387478e+01
-1.768347068950457128e+02,1.339122158809724894e+01
-1.752564404411465944e+02,1.568290756810069553e+01
-1.746445624363736329e+02,2.013994509202623817e+01
1.561116040517758279e+02,1.761870899200734897e+01
1.759399048984396643e+02,1.612386887761482512e+01
-1.404599884303278259e+02,3.164005190604392226e+01
-1.438489612161637012e+02,2.769209728993838127e+01
1.620764157773265595e+02,2.902906146939922394e+01
-5.501027810356440995e+01,3.489666032672460005e+01
-6.775769338808818532e+01,3.006276031380518177e+01
-8.362750847607503601e+01,3.272326065918349514e+01
-3.263414275766355388e+01,5.725032262022108398e+01
-7.717799166092935081e+01,3.828190512248901456e+01
-4.853919720765312462e+01,6.700684692653351249e+01
-6.497482971757949599e+01,3.328896780634941166e+01
-1.238096404546801494e+02,6.072788354989967274e+01
1.509465320310622474e+02,5.683734582154830406e+01
1.324357665512591780e+02,6.668474664706970145e+01
-1.598910867886092433e+02,7.045916252204015962e+01
-1.361885206691774215e+02,5.770902966948870016e+01
1.746063721066479104e+02,7.041736877375898018e+01
-1.569336977839597012e+02,4.942472722864704338e+01
1.776894926084753195e+02,6.436881039693197692e+01
1.721892345312103032e+02,6.919294831570994120e+01
-1.637410291417530175e+02,1.008198750813648701e+02
-1.769689171217428054e+02,5.926603774691938042e+01
-1.698217479802770242e+02,9.535429987668739216e+01
1.771265352197750076e+02,5.474816655743371996e+01
-3.259929490686852205e+01,3.871763217264869894e+01
-5.802480081285235514e+01,2.116643877342543334e+01
-1.177250941636768573e+02,2.544796208371535684e+01
-1.779557801272838731e+02,2.280060922263488266e+01
1.595794072768013905e+02,3.234808965291263405e+01
-1.485822778566516433e+02,2.493352792529150719e+01
-1.308491230277926718e+02,2.744458627483437851e+01
1.668348574953519119e+02,2.214040538007203196e+01
1.368714754763572330e+02,1.965112510025248582e+01
-1.675571215407827594e+02,1.537765729724267061e+01
-1.771922164189757325e+02,1.390232859806717158e+01
1.639958986992504322e+02,1.879395994076132581e+01
-1.658947859361069561e+02,1.827071878481838496e+01
1.724617749699034448e+02,9.256952265503432642e+00
-1.686822241429093765e+02,1.723875646665810990e+01
-1.654109393317565377e+02,2.042188094983215052e+01
1.753605788908802765e+02,2.226482593755506656e+01
1.706295269296835215e+02,1.946063552592653778e+01
-1.580398181008110612e+02,2.406086044766122356e+01
-1.324079426778768891e+02,4.814109424225343048e+01
1.068003974149511777e+02,1.992695325956205465e+01
-1.577290074393127668e+02,4.169128895755422803e+01
-1.439710985816217885e+02,1.696966574534628691e+01
1.678103229146191211e+02,4.467591685932340084e+01
-1.790923873392744099e+02,3.024258074732844648e+01
1.538410205019200134e+02,3.065052514325421384e+01
-1.514721312730716818e+02,2.628963906176840482e+01
1.730694788408460738e+02,1.520724883914021319e+01
1.368147841518869541e+02,3.665283920504548121e+01
-1.756556062278660875e+02,2.510507165565860177e+01
1.747398329560098489e+02,2.945921522470870002e+01
1.631975191950056399e+02,2.971346749585429237e+01
-1.753381831915687314e+02,2.727852953508471501e+01
-1.694514428687457439e+02,2.789011494807554925e+01
1.733864078980663805e+02,1.719256636810784045e+01
-1.624124906858129691e+02,2.894777615892659028e+01
-1.700171764215029668e+02,2.523839174328334778e+01
-1.773587489082296429e+02,1.440445120725167527e+01
1.759132214490985859e+02,3.005479582667142324e+01
1.640510096984474728e+02,1.990209132716343987e+01
-6.349163909889072244e+01,3.937889436674685584e+01
-9.392911020795091304e+01,3.045091402673749670e+01
-7.414131168562488483e+01,3.083373811457555291e+01
-4.282962938945210851e+01,2.865910178245355411e+01
-8.248296426937820058e+01,2.088598582641736812e+01
-4.861343716932162806e+01,2.256270485805040238e+01
-7.870820907094642394e+01,1.200127937921667254e+01
-8.070136748455739450e+01,2.942498491780657233e+01
-5.993837816241858718e+01,4.452813838692340909e+01
-9.136863988240544643e+01,3.005373721598131098e+01
-6.708496509132140773e+01,2.679526234255185457e+01
-4.825029711591055559e+01,2.247756871541616164e+01
-8.763110411915837972e+01,2.927423990648443208e+01
-4.748383999047424453e+01,2.987543662764107211e+01
-7.333047228235660953e+01,2.941570300521943793e+01
-9.464283124595328900e+01,2.122509216878921023e+01
-4.364828755582055919e+01,1.698711131341124059e+01
-7.771011396903212187e+01,1.464145163871612354e+01
-1.005798747639053801e+02,2.395291491092524083e+01
-5.873464296220610237e+01,3.508115187247412337e+01
-2.916171248901583724e+01,1.749962979741996350e+01
-7.656662419159661681e+01,2.238349354560127935e+01
-4.248437862512455609e+01,1.298089226345474145e+01
-6.221951190779288510e+01,2.109120807319039415e+01
-2.705601943942437515e+01,2.317210027388745530e+01
-5.629196259437136973e+01,1.636854454435083284e+01
-1.287368522857227617e+02,3.521993667736692402e+01
1.663239516298677927e+02,3.301475946874808187e+01
1.561516690805201506e+02,2.696571083760522569e+01
-1.771234892123916893e+02,1.612996181433883436e+01
-1.769353588617688899e+02,2.727653029048044431e+01
1.706655160973949137e+02,2.522778277675188008e+01
1.574236461985989308e+02,2.504478709808257975e+01
-1.737385099857734190e+02,1.844712322317579378e+01
-1.742983825292548659e+02,2.317589202899368317e+01
-1.672291922258534385e+02,1.706603958950346467e+01
-1.763539139513159739e+02,1.598490926250252286e+01
-1.796359018388725417e+02,1.310925400385923467e+01
-1.637044310384462733e+02,2.496024194368908766e+01
-1.663787447831366535e+02,2.399821998299761105e+01
1.589272287051109629e+02,2.294410085847326286e+01
-1.382122060890560533e+02,2.180049310261981788e+01
-1.637665262828591324e+02,2.111120199592125601e+01
1.639749974402189139e+02,2.367376830985430303e+01
1.728510566672170228e+02,2.555410886016645478e+01
1.785149097769162552e+02,3.470686865419063594e+01
-1.562722840400879250e+02,3.042615751401552160e+01
1.539813444607414965e+02,3.591404727399385166e+01
1.718301017006322979e+02,3.984644842149889143e+01
-1.303666683849958474e+02,5.119948452981632414e+01
-1.768293213751011024e+02,3.285121934455962389e+01
1.634320134914173650e+02,4.607941579653240183e+01
-1.689889283750403024e+02,6.160230754095555028e+01
-1.530423732377627744e+02,5.388068000799023594e+01
-1.765093596337810311e+02,2.728777006106737346e+01
1.553213907679271699e+02,4.331341304477807341e+01
-1.745166866158556331e+02,3.071573593759644538e+01
-1.653828440128839929e+02,3.217855611759448209e+01
1.449538038342724917e+02,4.157785386839982067e+01
1.710541023743795108e+02,4.847316670234866365e+01
5.377538978374770551e+01,3.004982096774286404e+01
5.816103429653204415e+01,2.979714212851244781e+01
8.442001072805952333e+01,1.440645695715747365e+01
7.681358295041714257e+01,2.625363184047120768e+01
5.269052164307725405e+01,2.641934452507307896e+01
5.487756119520478393e+01,2.517685864483988922e+01
7.718294083440821396e+01,2.239699521614122091e+01
6.869892487144119286e+01,2.701476528738722749e+01
5.467628161773277640e+01,3.632946675335060149e+01
8.587767065331770766e+01,3.058860603602986572e+01
6.741453712358753592e+01,2.219407208903643891e+01
6.911899664690427869e+01,3.200205029580881444e+01
1.098420044272300089e+02,3.360152742112978075e+01
-1.610005177410865542e+02,1.384529733736002477e+01
-7.050182340134337267e+01,2.025650862221385395e+01
-5.861754151916704103e+01,2.893006774166515527e+01
-9.589280760120084324e+01,3.838388030369389980e+01
-6.019155592282960754e+01,2.424113875598241918e+01
-4.096073907586067264e+01,3.505040194022132027e+01
-1.124769993708504217e+02,3.167137230947425763e+01
-1.559079928204766929e+02,3.593463019712831397e+01
1.564289060946111078e+02,3.853130900736009323e+01
-1.726828377003225512e+02,6.742805074598831716e+00
-1.698051561527945807e+02,2.441315098170129616e+01
1.517420432102527741e+02,1.835142079851282659e+01
-1.333873473592833250e+02,2.699880443905313854e+01
-1.022752841415358631e+02,2.854473006875234020e+01
-3.415400072925486086e+01,2.880501482851889961e+01
-8.365927459998933102e+01,3.379791793569748393e+01
-1.231916225869363473e+02,2.703623394082007536e+01
1.751883754873115038e+02,2.732203591807273568e+01
1.654562690942301231e+02,2.804685816608695248e+01
-1.558685504906141546e+02,2.121327658931178206e+01
1.476991082102439066e+02,1.293377695183744436e+01
-1.798601722460561234e+02,3.242710571401873665e+01
-1.498584921271094572e+02,3.106522148109751313e+01
1.473158672224174950e+02,3.758409974473150328e+01
-1.373932532903603772e+02,2.651522195374722202e+01
1.553896384168163252e+02,2.450966410303530196e+01
1.718837640445424029e+02,1.875611985064055176e+01
5.119948758250953347e+01,3.315618038960495539e+01
2.912203493183299940e+01,1.933910319429538660e+01
1.292433608774068148e+02,4.120994373057758509e+01
-1.411766460651501802e+02,3.226591594143583563e+01
-1.585548130595950909e+02,3.454586119600121208e+01
1.695669094219577175e+02,2.065964580929790984e+01
1.470469944354076972e+02,2.985639100077528241e+01
-1.546973491038784516e+02,2.796588653676180058e+01
-1.022075356586816639e+02,4.807523698374392040e+01
-3.305968245157391294e+01,2.717312615757117555e+01
-6.943746442088078652e+01,4.032977202077785250e+01
-5.248147758178608058e+01,2.611393370099667521e+01
-7.789577972023917596e+01,4.223620800190799685e+01
-6.494398834815235944e+01,2.767261560740126924e+01
-6.918476354070776324e+01,3.570611444077682961e+01
-7.129906184478198838e+01,4.195690614391276085e+01
-6.395223852417533550e+01,4.537156112731971547e+01
-6.558721052894773607e+01,4.890618997441559657e+01
-6.401292500616574443e+01,3.959748392156490837e+01
-9.134743189272199970e+01,3.181209218478277023e+01
1.760646019220685616e+02,1.098982902587471600e+01
-1.704951858001116989e+02,2.212474456226770769e+01
-1.662337375803295458e+02,2.605674038606532150e+01
1.563893355285811424e+02,3.269407993225438958e+01
-1.611629708530857386e+02,2.182826026721943791e+01
1.613783739898862848e+02,2.931903150579474726e+01
-1.764953600083570109e+02,1.940747332345392451e+01
1.416170488124797089e+02,2.415905038974491603e+01
-1.572776555275176804e+02,2.197013413931655634e+01
-1.729308462596092681e+02,2.890753481495261212e+01
1.429911474078325568e+02,2.611530825381324306e+01
-1.648905167970591208e+02,1.842852516807090524e+01
1.641315327386933234e+02,3.758497371382089369e+01
-1.751179839703245307e+02,3.169179664374980376e+01
1.611455377549719117e+02,5.875402818245441949e+01
-1.307854222188189794e+02,3.949740682913044054e+01
-1.361404434525431668e+02,1.687815206515308120e+01
1.630438662666291236e+02,3.000913683866969706e+01
-1.769876106919193433e+02,4.736022074246711178e+00
-1.750727630384344593e+02,3.619770702923263883e+01
-1.766505957534983224e+02,1.447243203562587688e+01
-1.448617041620720727e+02,1.961480004185415993e+01
1.484768652578811725e+02,2.429724195573888323e+01
1.763046319451416650e+02,1.561956059874374603e+01
-1.770730854622189270e+02,2.020007247646810455e+01
1.798008714954809761e+02,2.546598917107415616e+01
-1.673893319358522831e+02,2.486568766056880619e+01
1.609978422009099006e+02,2.101970697377676700e+01
1.721668169467788800e+02,1.579871456295101240e+01
1.763202626950743763e+02,1.535260630033612372e+01
1.705084521030328233e+02,2.282396748233179551e+01
1.472136746374916640e+02,3.189491003653231616e+01
-1.277806437000786275e+02,4.535341477389360421e+01
-6.910839757253735627e+01,3.383785720317726486e+01
-2.224835550799215156e+01,2.338662211288113113e+01
9.522699118181020594e+01,3.751373321746233813e+01
-1.591227586850376383e+02,3.746287804971188962e+01
-8.975027051340988749e+01,5.382806203122497379e+01
-5.667762547284942798e+01,2.243289172122522857e+01
-1.171122260122319716e+02,5.911579976537623082e+01
3.904314591327081985e+01,4.107458104171607260e+01
1.517714777760768072e+02,4.266942800069479347e+01
-1.570084878081759427e+02,3.522299528702573213e+01
-1.717586770096944235e+02,2.482708712991895084e+01
1.707147718868389745e+02,2.950032842316014481e+01
1.741558956677170329e+02,1.568091237654736503e+01
-1.649770408285674534e+02,3.208863249040486210e+01
1.624641626590844794e+02,1.373331484499966848e+01
-1.555849272187175245e+02,4.738308049129742017e+01
1.722121720210647879e+02,2.473891492509651968e+01
1.666466710574877936e+02,5.798648120602109657e+01
-1.703175231563416219e+02,3.960616683029043372e+01
-1.729404922992186471e+02,3.402002527358422412e+01
1.640093343688830601e+02,1.170485832566067153e+01
-1.707572695165711707e+02,2.894479685309337214e+01
-1.754780525032997218e+02,1.892979058359450661e+01
1.625662380627466632e+02,4.404825614980574500e+01
-1.650054603662312047e+02,2.691750604404188962e+01
1.669585448059987414e+02,1.392422564355060999e+01
1.577396238891345774e+02,2.854631918769016963e+01
-1.597308536600085631e+02,1.778105694149225968e+01
-1.738829334825007038e+02,2.350360000683492245e+01
1.669447282723956789e+02,4.458452262283856982e+01
-1.798946591318521655e+02,4.178522872228152352e+01
1.407028508611755910e+02,5.719531450850881527e+01
-1.302911471472230289e+02,4.296390392391527513e+01
-9.398644988310654469e+01,4.326254136347526469e+01
-2.656071551954961407e+01,5.086668570080915686e+01
-7.229195382703206008e+01,2.522346071070690243e+01
1.790825231438201115e+02,4.169189042906551634e+01
8.166455084874297654e+01,4.924799646956707733e+01
3.795123510041670301e+01,4.649422018253336120e+01
1.140292209514549882e+02,4.246041162752899822e+01
1.118177380824135128e+02,3.400422596701934452e+01
1.077608672303135791e+02,4.275716884818437791e+01
6.268324913090001616e+01,1.875301007260925701e+01
2.240858127837080005e+01,6.251287046273458259e+01
1.021851783047623599e+02,2.939501047280090518e+01
1.122594504234000539e+02,4.836434965175595124e+01
1.015539367924243521e+02,4.179602825225998686e+01
1.733722997285322833e+02,3.161048040750224430e+01
-1.788334139169798220e+02,1.405596858590441300e+01
1.773774374453803659e+02,3.066507478272360743e+01
-1.617786820395772338e+02,2.529359133003348603e+01
1.608769572535256316e+02,1.824323675157910785e+01
-1.635956642628254940e+02,2.711545729003819361e+01
-1.641096346302518043e+02,2.617767216778164396e+01
1.643010841422918986e+02,3.940424431947657524e+01
-1.454808965203218349e+02,3.403575529388757559e+01
1.771800156890742812e+02,2.038424644396364016e+01
1.579911733629361379e+02,1.559448265887545304e+01
-1.382929532221205022e+02,2.859804480534062066e+01
1.570293399165323649e+02,3.333258526971105340e+01
7.783161269300876484e+01,3.188980194538032364e+01
3.116581921811759415e+01,4.148950996075269870e+01
1.368411700427042206e+02,4.788549653901961278e+01
-1.338394378083516187e+02,5.681765106622530936e+01
-1.340129155929581088e+02,3.737697527430225364e+01
-1.216818506444527941e+02,4.682278704851114526e+01
-1.478676768985946808e+02,2.803892191726305327e+01
6.879085728289120993e+01,1.940826492404155346e+01
7.359083699622128449e+01,2.090661929859718171e+01
4.468953377414173644e+01,2.763195009974426597e+01
8.338587924535048046e+01,4.289371398313959816e+01
6.007904886224654462e+01,1.885301872209797835e+01
5.643802316101572814e+01,3.962428114501339849e+01
6.868858280226153568e+01,1.040149313886814042e+01
5.686782805839703059e+01,2.001540179539729891e+01
6.687663667638372544e+01,2.393082138222981925e+01
5.979478082009532613e+01,1.523436229601410474e+01
7.190470693950645398e+01,2.960769437073885513e+01
7.265302826419724624e+01,2.172756164280991698e+01
7.646942982160359747e+01,2.122519692743985331e+01
6.446739216641552161e+01,2.966453727791201089e+01
7.296804067138546657e+01,3.305485284134071833e+01
9.970701490214125329e+01,3.186073297447774877e+01
1.185730353043744714e+02,4.402715274669733247e+01
1.666329971310527185e+02,2.123286481110080359e+01
-1.291527020623201452e+02,3.203503057022619060e+01
-7.912156132096248484e+01,3.019068841731839115e+01
1.652755606336630478e+02,1.805258149844792115e+01
1.691672465634016760e+02,3.787112182931267057e+01
1.687459875863141292e+02,3.579394441830210383e+01
1.718680324260942598e+02,3.849403607475192501e+01
1.691545905406481722e+02,5.478439892000144340e+01
1.786307035582663332e+02,2.964842490284247489e+01
-1.710759914162680104e+02,3.074135550271245165e+01
1.444410389696970469e+02,4.535482911534418093e+01
1.543149101197389541e+02,3.384195481725791410e+01
-1.438735718028756878e+02,3.486116131563450438e+01
1.586435058254817534e+02,5.112054481474983447e+01
1.510596831956002006e+02,3.884621577859198993e+01
-1.355917780716168863e+02,5.573631216977172897e+01
-1.106329905893168473e+02,4.038282838064402824e+01
-3.976991093823158252e+01,2.410889355592001593e+01
-5.889389580093345700e+01,3.253108871003075819e+01
-6.853136622164615233e+01,2.192068349703014718e+01
-7.387916850772711541e+01,1.309687487397000183e+01
-5.422046528859591774e+01,1.813005810242515992e+01
-7.578301795332869517e+01,3.126491155067929384e+01
1.686070207327854007e+02,2.121888966787052766e+01
1.628344986930607377e+02,2.291197886689051444e+01
1.786362966214334449e+02,2.517682077053762413e+01
1.721710247926416173e+02,1.931594062172385051e+01
1.774522066671574123e+02,1.918507962615468543e+01
1.641303921842943794e+02,1.690254304747295322e+01
-1.793480345103849345e+02,1.736116325659486037e+01
1.794877645961233839e+02,1.380787495998870540e+01
1.616277238332268951e+02,3.330928785841064865e+01
-1.637044846202157657e+02,2.662190870656472441e+01
-1.643882559925513931e+02,3.159114507042214370e+01
1.565038242071198624e+02,3.245078071947061460e+01
1.758282600449211941e+02,3.512119277411716922e+01
-1.424927209001251640e+02,4.069616213637668523e+01
1.695912967969061071e+02,4.543180616688067630e+01
1.557832143199485415e+02,3.013525130023437981e+01
-1.635882422166509400e+02,2.442739446509744639e+01
-1.792390899242438138e+02,2.605249526177647823e+01
1.557476841258140041e+02,2.905923950181951909e+01
-1.700214992545991777e+02,3.141865450791402736e+01
-4.162969946521963749e+01,1.842920197694220263e+01
-8.830196803072881551e+01,4.270119271909848635e+01
-6.533877968435048444e+01,2.700366985237700490e+01
-7.149274371984618881e+01,5.102115756894997389e+01
-8.476775557656684157e+01,3.206984584359544499e+01
-6.156162128314474558e+01,1.570280803156431304e+01
-7.946337665858268906e+01,3.785877946615791956e+01
-5.317693829461381938e+01,4.435135566833434240e+01
-8.656252745229789980e+01,3.046473277078954567e+01
-1.784781467661300667e+02,2.061990125926072892e+01
1.476041079606525841e+02,2.905036026951800920e+01
-1.683357211348070734e+02,3.564258620851370551e+01
-1.618138162415666557e+02,2.848779657739170901e+01
1.446027063794664684e+02,3.557323191401194862e+01
-1.541783041621398240e+02,2.837521440684914253e+01
-1.797014880406442217e+02,1.040959471421799165e+01
1.792485027147891117e+02,3.033537528552690787e+01
-7.108852738549661865e+01,3.206435744322017456e+01
-2.683630210085275181e+01,2.727401934847716802e+01
-1.071261317845027321e+02,3.252225633813384320e+01
-1.779515055129391214e+02,1.995551598664123105e+01
-1.684317888701734773e+02,3.388058153062584665e+01
-1.694508109488878063e+02,2.616760381819302239e+01
1.420665090003471960e+02,2.102941547857892601e+01
1.726609014307291829e+02,2.512567710298316470e+01
-7.913462694562467448e+01,2.199539123326699297e+01
1.131325186765033841e+01,3.377281055527785014e+01
1.335421029085613895e+02,4.001962136911855339e+01
-7.042142224743190582e+01,2.619614607433998543e+01
9.469215782666772441e+00,3.829366000188486652e+01
1.161721088264472570e+02,3.635181572503118019e+01
-1.433394841421616377e+02,3.304650594663419838e+01
-1.677095231383730152e+02,1.565782171607629891e+01
1.079509335014825666e+02,4.931612047717011649e+01
1.699311691715528383e+01,4.344546246092468778e+01
6.699309453229825806e+01,5.001421253166706293e+01
6.678652657170694340e+01,4.933370031476469109e+01
3.161386468019176732e+01,5.309053397746257730e+01
9.690725065547127315e+01,3.999044681080162889e+01
4.574339229917190153e+01,3.233507559972137813e+01
-1.735453003045680873e+02,8.995683326830526738e+00
1.596726429623836907e+02,1.487442718828819999e+01
-1.441163059830027748e+02,1.446227221042356703e+01
1.599306835287863464e+02,1.493920443969373402e+01
1.692951206048856818e+02,1.701605049454515495e+01
-1.658575797176261233e+02,2.726297804604809372e+01
1.768308203991772984e+02,2.281255609516651006e+01
1.649043093014313399e+02,2.253452475783250719e+01
-1.680677742660694207e+02,1.111392451188950048e+01
1.667289032111060010e+02,7.362014271303812585e+00
1.773264007650244309e+02,2.213114507189845526e+01
-1.513899225507093718e+02,3.582234723241303698e+01
1.555480336750751746e+02,2.518010712000270956e+01
-1.677208936267082038e+02,2.239620446042280832e+01
1.394637405723734389e+02,2.314797780396393279e+01
1.667303704792159920e+02,1.508980529617096877e+01
-1.293803936997429105e+02,2.200671016913799605e+01
-1.379678621503408920e+02,2.370761169314654282e+01
1.673209756448442249e+02,1.630452734665059111e+01
-1.721774402315525094e+02,2.709307195754546527e+01
-9.371168523252391935e+01,2.073062875548517781e+01
-4.851972083493392063e+01,2.179013820050108308e+01
-6.749956718947962031e+01,2.757043776665319967e+01
-7.727978715297875567e+01,4.221034403218088471e+01
-7.136793926762084084e+01,1.427412709346754838e+01
-7.506990534804690185e+01,2.633220045303581003e+01
-5.244533653782050209e+01,1.127367771918032346e+01
-7.138941954049796834e+01,2.752096919416384679e+01
-5.845736384184004919e+01,2.905647238772949592e+01
-6.617880265331807266e+01,3.667259645999564555e+01
-7.511555133555212649e+01,2.289496018095695007e+01
-5.762502953724151666e+01,1.434056265028118915e+01
-8.409304353049978431e+01,3.050177465464137327e+01
-7.339406136625979116e+01,3.829732645171937122e+01
-5.963600022137234902e+01,4.565945476405351400e+01
-4.577043436775280583e+01,3.285579201132286897e+01
-7.340764918304110154e+01,4.874775924533331306e+01
-3.069090496266012380e+01,4.732267956466193937e+01
-6.637650518042616454e+01,6.421912448505366910e+01
-1.039048916622828642e+02,5.656519513016934297e+01
-1.625520151981931747e+02,2.099335994131494232e+01
1.721988410204578486e+02,2.638134091346265109e+01
1.795717584002993874e+02,3.787250344375470945e+01
1.773725405737863241e+02,2.125875374389264749e+01
-1.520919464201145388e+02,4.545468930088426873e+01
1.658822050574069351e+02,2.567757693673981123e+01
-1.735603471272758611e+02,3.521119564540946101e+01
-1.797438247897792962e+02,3.906425544412383744e+01
-1.792342201019554864e+02,4.605361839886889186e+01
-1.641589172231886664e+02,5.455388583319180640e+01
1.554539029224928868e+02,6.596211198561357492e+01
-1.677103686108866611e+02,2.959406711469676665e+01
-1.767106993134499646e+02,2.778546249349178510e+01
1.591224281555556104e+02,1.789718340715672795e+01
-1.690007792010951846e+02,3.192309189219056975e+01
1.705942675584559254e+02,3.614844822324729989e+01
-1.653375487133177728e+02,3.192554620320559877e+01
1.643137407095378819e+02,5.708065587693431553e+01
-1.639965060126495473e+02,3.620931195811192538e+01
1.717818671699426147e+02,2.455478933290416066e+01
7.315415722452034686e+01,4.287870988180922183e+01
2.918743746951973250e+01,3.839121146597496192e+01
7.982585329254746398e+01,1.636057700628510503e+01
7.941231508550158935e+01,2.909875458663806569e+01
5.991477235737781371e+01,3.985879462036874799e+01
4.040403266076887689e+01,2.843927585680712156e+01
9.818026715249489333e-01,5.201673516348249393e+01
-7.667799824455720170e+01,2.864671325313652517e+01
-1.371898706598090882e+02,4.333495844743686831e+01
1.336157229565988587e+02,3.276323564169290137e+01
4.098817154624053671e+01,4.156183031271206829e+01
7.655080752618405882e+01,3.293746680824298068e+01
1.329161244008644474e+02,3.429265483810934256e+01
-1.147996473556565036e+02,4.969090583043603004e+01
-2.560606272898776581e+01,5.223172028762674302e+01
-8.614289499274393336e+01,2.699543367092832469e+01
1.389171932856493470e+02,4.604607465855184500e+01
1.586880811537532168e+02,4.106650323830631066e+01
-1.428620818395326921e+02,5.528740542749974907e+01
-1.780884112167853459e+02,3.472456777006080841e+01
-7.121256076261322221e+01,1.579879023491258749e+01
-6.829918382404227373e+01,1.632110918722872483e+01
-6.681855270373311839e+01,2.141854954049263071e+01
-7.924590358014054914e+01,2.752537876792860416e+01
-5.495434698995286027e+01,2.002465975544156151e+01
-7.255618007429835359e+01,2.611188530921522499e+01
-6.321912779820637240e+01,2.616631096020736891e+01
-6.129665445843396299e+01,4.513223040095603977e+01
-5.810360037399649968e+01,3.777630313396786477e+01
-4.750771338262228483e+01,2.223853007909681523e+01
-5.566288683584880204e+01,3.652046422320392338e+01
-2.732681847690458099e+01,4.362515598640755599e+01
-6.517892304101940226e+01,3.471335456326296764e+01
-5.203103236580124502e+01,2.601717042163160443e+01
-7.411763294442060612e+01,3.955047563526949261e+01
-8.885953289929547338e+01,3.016216235832213499e+01
-5.752338895811001862e+01,2.917446972598901667e+01
-6.669212293827487770e+01,3.076810969188895584e+01
-7.303054779894313242e+01,3.293492749395666408e+01
-5.401040657512376697e+01,4.913816378934279783e+01
-1.228881205543182773e+02,4.623333726714345460e+01
1.446035700044923544e+02,3.647134613326232966e+01
6.389232560172538911e+01,3.524670595574390575e+01
2.583420315068613249e+01,3.800384241770285598e+01
1.156359087685480205e+02,3.401045631059720620e+01
-1.263576197590947885e+02,4.446951167427585005e+01
-3.770432523298087801e+01,4.103819081960503468e+01
-4.977491008273578643e+01,3.806057929777803395e+01
-1.246593483746139981e+02,4.828171481640584517e+01
1.107226875787720672e+02,3.279370309876915712e+01
2.787789175977942691e+01,5.344262728186632216e+01
1.057913888077532931e+02,3.210425236833580698e+01
-1.644872639697497334e+02,1.995129366666684589e+01
-1.553256532154278489e+02,3.654583036106591720e+01
1.323750529010008279e+02,5.201905305925350831e+01
1.364355687778237041e+02,6.089959449605451169e+01
-1.547772990277169356e+02,4.435457160876299554e+01
1.680525931589841946e+02,4.176475034866848546e+01
-1.779175784529628856e+02,2.409423880308679600e+01
-1.779905421900260478e+02,2.882564068227279819e+01
1.680971379392190101e+02,3.122364198189152873e+01
-1.689743272538729570e+02,3.441251635642178996e+01
-8.744049309103716894e+01,4.909392058526901081e+01
-4.865155804186677102e+01,4.209907772394356584e+01
-7.602457929325636599e+01,4.778630336990774197e+01
-9.685925273778913436e+01,5.591476382143277135e+01
-7.827059033219126150e+01,5.954405667124753876e+01
-8.769711368694980536e+01,4.154797379721091488e+01
-3.401307761258418338e+01,6.272309306829521347e+01
-7.419191855184391216e+01,2.023455296986263008e+01
-7.644324580292226301e+01,5.116344097256349244e+01
-7.253097491880626535e+01,4.380891415581812964e+01
-3.123471144621714757e+01,4.784104976587728686e+01
-7.321491971162181756e+01,3.910685830896439086e+01
-6.703874079985173751e+01,3.885880775768620055e+01
-7.535498372498236108e+01,4.126972244079553320e+01
-2.365365061684655146e+01,5.911587682459288118e+01
-8.412890779213346093e+01,1.707894603807651279e+01
-9.392480310481964523e+01,3.168045412922944593e+01
-6.362225446089743031e+01,1.871045898656831596e+01
-6.139528491989858594e+01,3.865432103478671166e+01
-7.819866883839677030e+01,3.440702009088005298e+01
-4.597276026160541562e+01,3.462933501805307657e+01
-6.711857778687532061e+01,3.774737157605950699e+01
-7.992057557249952993e+01,3.399586857565440567e+01
-6.716917890772596422e+01,5.360916907290503275e+01
-8.037442450530643612e+01,4.496916280182482240e+01
-5.545953652401175304e+01,3.921837467790769693e+01
-8.470648926734857298e+01,2.361530735417771254e+01
-7.198922169525155823e+01,2.218752811825876137e+01
-5.179265102128511700e+01,4.213326053426209938e+01
-8.206838232338633077e+01,3.914054944081081544e+01
-1.179640313305701937e+02,4.937510348822065254e+01
-1.655242539192389586e+02,3.188515534527189743e+01
1.238463295316840345e+02,3.615579132316366184e+01
2.214345784214254920e+01,3.817639718353244405e+01
8.094447916824390177e+01,2.827625217141720526e+01
8.822466017235092295e+01,3.065699623257044593e+01
6.204787022395292695e+01,3.958318218042182934e+01
5.585812394508347012e+01,3.904769852081696513e+01
-6.784634438177701554e+01,4.559379437526172296e+01
-8.144568001836744031e+01,2.787125867328156303e+01
-6.826970478791159280e+01,3.181154212856090879e+01
-6.217581105856601198e+01,2.551132215260560798e+01
-6.195146773942852292e+01,1.064129824513685563e+01
-6.565477241141417153e+01,5.022530935577858457e+01
-1.953100585516009602e+01,5.842024307635173841e+01
-4.692859705855404684e+01,2.376927543429349754e+01
-9.649118687079777601e+01,5.224182426133109658e+01
-7.154832085799942831e+01,3.013056754626584421e+01
-9.095644696546693808e+01,3.885928186284715480e+01
-7.798435344546554404e+01,3.904568507872906480e+01
-9.139105625056315318e+01,2.962088282661934358e+01
-8.492167300485995440e+01,3.087018266732995642e+01
-8.278289123616450240e+01,3.476775616814182968e+01
-6.604069102608451658e+01,2.082537184516611006e+01
-6.083054659203254744e+01,3.736486403930213385e+01
-4.540279331150102138e+01,3.094617454977406723e+01
-4.465639077141699431e+01,2.127287018174126487e+01
-5.271906661235964009e+01,1.427433767966291356e+01
1.755853597877896561e+02,4.732374182665249407e+01
1.448822040700442244e+02,5.601156037964697987e+01
-1.730610302337813380e+02,3.024400982256061354e+01
1.741375796748095865e+02,4.351849717580966370e+01
1.702705182052074520e+02,5.416461509119824314e+01
-1.670140538264415113e+02,4.696707668487455578e+01
-1.722920044963950943e+02,3.712260037209730967e+01
-1.760713367108686498e+02,1.561612828098256145e+01
1.672296608980387873e+02,2.456253032476091747e+01
1.711879903050837584e+02,2.846568107116619828e+01
-1.668527744130971939e+02,3.435473341200576414e+01
1.713158161356546429e+02,3.191537429079144772e+01
-1.606937417731128050e+02,2.850141096810928332e+01
1.452636210793461373e+02,3.137977289428017258e+01
-1.567628483595575233e+02,3.939455381664962630e+01
-1.522926437258877002e+02,3.847744316605371750e+01
1.389530229155625420e+02,5.410632860665741362e+01
1.543844757872545017e+02,2.796679151299695931e+01
-1.247660567303019974e+02,2.890444595598252420e+01
-6.788457864434663236e+01,1.661409116460318813e+01
1.731274025425838374e+02,1.959293597959707256e+01
1.776706330243475236e+02,1.608621235113412595e+01
-1.743109218048854530e+02,9.975793549891813328e+00
-1.573126175793229891e+02,2.890707463658662846e+01
1.222136232406495964e+02,1.905666177975097497e+01
4.402058026801917379e+01,2.056018538944530860e+01
6.909983847019572067e+01,1.758140405860214628e+01
1.242811214352235254e+02,3.384192072309073751e+01
1.413629817726963438e+02,1.749482062260063486e+01
-1.743006782631554472e+02,2.698271811932852415e+01
-1.414162233413769343e+02,4.697735009972089415e+01
-1.479902938145057476e+02,3.602898755771305161e+01
1.305992867087799709e+02,4.151851956154580137e+01
1.345474158146714103e+02,5.575767831386740880e+01
-1.700231429081142664e+02,4.156404447002188363e+01
-1.434130437675129599e+02,3.718061266819631783e+01
1.710006877951036017e+02,2.472397360257874865e+01
-1.745586376403585120e+02,1.469326761934745207e+01
-1.721883047620009677e+02,2.368371585655155442e+01
-1.785758312628985038e+02,2.503288365560899820e+01
-1.638092303761263224e+02,2.562268751923427601e+01
1.783339618954903187e+02,1.881694975006046278e+01
1.772695592533241040e+02,2.007942369265145288e+01
1.740890933408202272e+02,1.310132848278480999e+01
-1.644720992584825581e+02,1.767966472496483732e+01
1.762265484388866525e+02,1.653436466637796443e+01
1.702952481419384299e+02,7.539401536507018164e+00
-1.781666449314904810e+02,1.600483497895608664e+01
1.757567674267118605e+02,1.551835659057883809e+01
-1.780476228425688419e+02,1.095422922034837221e+01
-1.795684067627854006e+02,2.341604567116206681e+01
1.771661706284600939e+02,2.914170530428141603e+01
1.671871134697744310e+02,2.231363722485615853e+01
-1.785182055303172888e+02,3.568828852343044389e+01
1.464846820371905949e+02,3.156783533330192171e+01
-1.692768767164970143e+02,2.534238309431114189e+01
1.773861240537372908e+02,1.586048429444990759e+01
1.446907608015500557e+02,1.882217177503297023e+01
-1.413161358058533494e+02,1.686635022455428867e+01
-1.625004124737789937e+02,1.321937690152064526e+01
1.727270862786311625e+02,7.238239183870808446e+00
-1.760620486410372791e+02,1.675683113340853581e+01
-1.504660471115963105e+02,2.462524335033027256e+01
1.420029847940624848e+02,2.737412271986504919e+01
1.020955487579731908e+02,2.443614021398591873e+01
6.640832876798877749e+01,3.034151983272238340e+01
9.500340665852594668e+01,4.125336262050618075e+01
9.181445268885087785e+01,4.271878721196600281e+01
1.320250795862270650e+02,2.762737735004629513e+01
-1.495212102058595178e+02,2.139930671093480186e+01
-1.327891643125248322e+02,2.771854204834742674e+01
-5.495444139446796328e+01,1.236530763647202136e+01
-6.131594449903030863e+01,1.651682797300046346e+01
-8.071651426855348177e+01,1.505089100549506043e+01
-6.762160762402319847e+01,1.318352231967194754e+01
-4.858981250842346356e+01,1.628110752716523990e+01
-8.525944133029985039e+01,3.291397584676963817e+01
-6.399063612362500209e+01,1.951237592802272047e+01
-6.149410587908023018e+01,1.748345198674919487e+01
-5.229921842511541996e+01,1.745665689509474561e+01
-7.928061804923626710e+01,3.727724479816284742e+01
-6.091875928347128166e+01,5.112182656549412485e+01
-7.119285088409776563e+01,2.781916173728100716e+01
-6.751860633009538049e+01,4.823261806381631800e+01
-6.300340183247919867e+01,4.614253895032514663e+01
-8.469836853185205428e+01,4.598720977210165017e+01
-6.417204641197280068e+01,2.969588119774028456e+01
-7.020442360559813721e+01,2.803964510507578822e+01
-5.636125704570569184e+01,2.307303412280745292e+01
-8.785180720321190506e+01,6.240753991891887154e+01
-2.213548608695128195e+01,3.071211432693815979e+01
-7.730065941604254931e+01,2.095487603620562211e+01
-8.232042962488991122e+01,1.717458615777673003e+01
-5.475038071853099098e+01,2.427685747167038954e+01
-8.934280353347138259e+01,1.834214183270911036e+01
-6.281823083230567306e+01,1.020117333548819261e+01
-4.816416543483565960e+01,9.934097187246216265e+00
-7.075282146453267274e+01,1.976989462540975850e+01
-5.792581149300489329e+01,1.645511008216701399e+01
-6.794667921742301075e+01,1.657479646613800739e+01
-1.675084483410485063e+02,1.951753075289979478e+01
1.705172213143120814e+02,1.896029079422669383e+01
-1.681610692559856091e+02,2.073732009144994493e+01
-1.669412583816932454e+02,2.724142103670575565e+01
-1.784126079609883391e+02,2.168887517015152255e+01
1.715051411741350478e+02,1.927768135670593708e+01
-1.762336468442580326e+02,1.913774190582395462e+01
1.549996720400431229e+02,2.947574763659932273e+01
-1.715772792460006713e+02,1.778505722161486702e+01
-1.709124257296182918e+02,2.716235788470515899e+01
1.450516312755232775e+02,2.670760354427013539e+01
-1.643815503036499592e+02,2.259823274812416471e+01
1.700686402118147384e+02,5.767295432783924269e+01
-1.628351218978482677e+02,2.440276781382937799e+01
1.743764145443132065e+02,1.732064081389128063e+01
-1.782763075870561522e+02,1.693760476550340144e+01
-1.683746644493591589e+02,3.389559609134947493e+01
1.795048095878467791e+02,3.105946328640271759e+01
1.793090627150050409e+02,3.432780840397184363e+01
-1.764941646255032310e+02,2.771773282608915068e+01
-1.641007868811431081e+02,1.981826834849387353e+01
1.668564903518345659e+02,2.714413374664782452e+01
-1.777960805549014935e+02,1.445544865044721483e+01
1.652917477239670916e+02,2.691476379229858296e+01
-1.675949300719971973e+02,4.435354412708374383e+01
1.657522755734943587e+02,5.553936601261196415e+01
-1.496263778632932144e+02,3.677504807745832238e+01
-8.945365101753178294e+01,2.780010139590173424e+01
-6.199187935535416472e+01,2.413565911027312438e+01
-9.675881588800869793e+01,3.474499952126345903e+01
-7.710933224768855609e+01,1.974163520263529747e+01
-7.876964125705626429e+01,2.377888124201705722e+01
-7.707382770139945194e+01,2.577608190588699699e+01
-5.577491714765316289e+01,3.218379492847173395e+01
-5.658873761690565374e+01,1.676303740875573212e+01
-8.649688249670184348e+01,4.561291751734174937e+01
-3.499629987897688466e+01,3.630652512311022662e+01
-9.470969102670646578e+01,5.223641951393422289e+01
1.393330650870101977e+02,4.996338196099767970e+01
5.015254902208258159e+01,3.082173547554107529e+01
-1.691466064281672743e+02,2.758035620400510624e+01
-1.711274177008743322e+02,1.476464349599377712e+01
1.515232252919448399e+02,1.763124896594997892e+01
-1.675954866756407569e+02,1.908617592416150188e+01
-1.585278734631464488e+02,2.690376503161947852e+01
1.661944517288456780e+02,4.030053573363225894e+01
-1.729022634469450281e+02,3.307361948679484698e+01
-1.765613194531958072e+02,1.382359599318006715e+01
-1.771913257262192758e+02,3.782907624379957667e+01
-1.776307047965615595e+02,3.065994259558041790e+01
1.654061482193695554e+02,3.703238518072090812e+01
1.669364695084695143e+02,3.029852252851033256e+01
-1.590546633294360390e+02,2.900221266393915798e+01
1.637135446912647581e+02,9.872687701859895526e+00
1.528799028461063756e+02,2.451545183558053509e+01
1.678156652795431114e+02,3.301257300027401698e+01
-1.449947472408599651e+02,3.473996807030967204e+01
1.566861212960030230e+02,3.684546553505595057e+01
1.714503598119725893e+02,2.216435295249520010e+01
-1.645604314853939343e+02,2.435017890309938338e+01
-7.081501144121814662e+01,2.298443246094651471e+01
-8.353159720266374677e+01,2.593959323656135041e+01
-5.896196903276516821e+01,2.208930094877979045e+01
-9.348752618196948561e+01,3.660607923647137341e+01
-6.171974704071953965e+01,2.012002284259160945e+01
-3.093980868213236235e+01,4.561862741562703860e+01
-1.037975239032895871e+02,3.987026365336499367e+01
-1.165698372611245048e+02,3.760220525340290010e+01
-1.209563964011729666e+02,3.043106113597213636e+01
1.482035859113429410e+02,3.689283796227618240e+01
1.048368379127897896e+02,3.611482167714343916e+01
1.172507935207770480e+01,5.225000639477396192e+01
-3.316117887745879500e+01,2.554074307618984108e+01
-1.315125938297458390e+02,3.434975861197553115e+01
1.514376726310175343e+02,2.378867981773866802e+01
-1.719724818738647514e+02,1.960124671820609166e+01
-1.523799539375253858e+02,2.008548914528817519e+01
1.631922271433149660e+02,2.328536180574784709e+01
-1.650143612401172106e+02,2.453039159777154055e+01
1.775412869196562156e+02,1.369551085429831261e+01
1.662292040098253949e+02,1.217882071906683805e+01
1.219880080375499887e+02,3.265495911722346989e+01
1.340925888542707582e+02,3.850388054059038012e+01
-1.566374633494146735e+02,3.293561559753564438e+01
-1.690731144229730489e+02,1.793488818935578166e+01
1.150545963259858127e+02,2.287046196169916357e+01
8.024879888874785649e+01,1.771338080195526743e+01
6.852939030410698251e+01,2.096996091811614704e+01
8.908633398680646565e+01,2.469152726406626641e+01
9.043713725317593344e+01,1.950119947527401365e+01
7.988638604261542753e+01,2.221356302861481424e+01
7.004611459111664828e+01,2.908651210169178114e+01
4.317191479409553523e+01,4.388252020963544453e+01
5.151705996966820322e+01,2.069046214556389529e+01
1.100213885803211582e+02,4.427520585027667721e+01
4.884349069983033331e+01,3.928769580085300106e+01
-6.922081783435834268e+01,2.654242125340756076e+01
-1.187331505257368462e+02,4.585346323950800951e+01
-9.828724148656797865e+01,3.750804619446044796e+01
-4.559774286963472889e+01,4.783202407396029798e+01
6.697267383043518407e+01,3.189865426944611926e+01
3.189622790863946022e+01,2.049854169691316486e+01
1.177133521944544157e+02,2.405212334540189900e+01
1.643059976702202505e+02,2.374896735952708582e+01
-1.631187475577460475e+02,2.790481302357509819e+01
1.642451479518812221e+02,1.101907229836317192e+01
-1.787287704986439962e+02,2.645241738802929987e+01
1.739801679464133315e+02,3.084271418040897572e+01
-1.472707896874627238e+02,4.042000501091384024e+01
1.776685092179299090e+02,5.079568245325236830e+01
1.553269896703976087e+02,5.818780002730837708e+01
1.545085259125194739e+02,3.708774262443777303e+01
1.242619121423219752e+02,3.656645159038083648e+01
1.431291955602095527e+02,4.310600340256452512e+01
-1.742700732582162004e+02,3.612256009608261564e+01
1.733647396149550843e+02,6.684459059912276757e+01
-1.799153246980917800e+02,5.264421704804643554e+01
-1.623681438181214105e+02,5.191553393840536046e+01
1.362716708599372168e+02,7.108073754308993841e+01
1.003001886949083143e+02,6.368270003091720355e+01
4.903105937680612669e+01,1.816150505496781875e+01
7.945762820185611019e+01,2.791661218542251888e+01
4.654036979387083761e+01,3.743026603371818339e+01
7.324791808038847307e+01,4.671398054815639966e+01
3.671013891663532291e+01,2.306578020660301576e+01
6.872288226460716487e+01,3.012373916931134588e+01
4.937946986174387121e+01,2.766731947939866387e+01
4.826534454552623998e+01,1.875625040160276669e+01
7.475734453817791803e+01,4.261761057978826273e+01
5.879897906524063700e+01,2.944138377357892722e+01
8.724056386899543725e+01,4.155593598662941446e+01
5.889205832606609903e+01,4.146860491581358588e+01
6.313862681666802956e+01,2.022494719526675411e+01
9.131573805150502210e+01,3.018096102417552373e+01
8.490002163328750129e+00,4.747059012945109657e+01
-6.504521116970821026e+01,2.381688187941488266e+01
-1.263335500723893148e+02,4.414153380288735207e+01
1.465368556264036215e+02,2.960258824818794565e+01
4.049082960873425208e+01,3.360470616572249725e+01
4.434281973343522765e+01,5.360251607363584725e+01
-1.434165985678900199e+02,4.060319531329960085e+01
1.512342029442369267e+02,2.009523940484225335e+01
1.264625685879586285e+02,4.427569810472043343e+01
1.377091564075473968e+02,3.344446547084080379e+01
-1.592720655026469956e+02,2.321207710834227811e+01
-1.430773175682676026e+02,3.529920058065535926e+01
1.479258809760510474e+02,4.216165636463847477e+01
-1.451001463122437087e+02,4.289548100897751226e+01
1.606151414444276213e+02,1.745379449295251462e+01
-1.710453481190438652e+02,2.514786208201657303e+01
-1.686674569034944682e+02,1.942306041442483888e+01
1.672681998135774393e+02,3.857829141688489472e+01
-1.723802401422577475e+02,4.292500410856960968e+01
1.726757438669351075e+02,4.344298889307584943e+01
-1.719783438375308720e+02,7.928133188897942318e+01
1.774943170919308670e+02,6.310456776819294333e+01
1.744338138365960447e+02,7.918318114693502707e+01
-1.658773055808831884e+02,2.144969324721644099e+01
1.440329607762815272e+02,6.257181769128958848e+01
-1.695922341078535283e+02,2.438234086122844957e+01
-1.734972340889382565e+02,2.132899240714269951e+01
1.784159199526589532e+02,2.327033458304236291e+01
1.776928299258684945e+02,2.986320561981657917e+01
-1.457037790296036803e+02,3.154276582020433750e+01
1.604307965215267870e+02,1.650121985301856853e+01
1.374609232507077081e+02,2.131301191154163632e+01
-1.639592921262579921e+02,1.318279940153365715e+01
-1.673894760769484549e+02,1.302320837480315419e+01
1.571748577916251008e+02,4.618400134769253640e+01
-1.724985275816154626e+02,2.434859026003108085e+01
-1.755346482946931417e+02,1.267005716284371353e+01
1.739815380911816476e+02,2.023469505857842066e+01
1.744255373479843740e+02,1.977286037035093713e+01
-1.669565709801891842e+02,2.745096124996639020e+01
1.636135296107523800e+02,1.707831547799290561e+01
1.795728288173066858e+02,1.905481552496690512e+01
-1.529803555391011400e+02,2.189204269195138863e+01
1.592826464683088545e+02,2.154449703854822573e+01
1.533205485403030650e+02,2.745178036298154467e+01
-1.591602263790239249e+02,2.165641897227904167e+01
-1.757805219431648425e+02,1.770951809121595844e+01
1.581035129905604606e+02,1.548429250264000956e+01
1.622802150358558038e+02,2.856087885224614809e+01
-1.442378814233747164e+02,2.851981548971599523e+01
1.733498575312965500e+02,2.331426118480831633e+01
1.711993391434778857e+02,3.237207326057334456e+01
-1.481735269630869141e+02,2.577667123096174606e+01
-1.758322794291637479e+02,2.690665167807458857e+01
1.694359672744365355e+02,1.295797735029170283e+01
-1.627520555318415347e+02,1.728751348377359420e+01
1.691860087691655963e+02,1.289626690102342366e+01
1.706645613253259910e+02,1.025295520503118496e+01
-1.642057567505736699e+02,1.784803317212220719e+01
1.522515961837941916e+02,3.088708839848530019e+01
1.732761263341911331e+02,3.328482690405886757e+01
-1.537919768980981701e+02,2.013423358793731666e+01
-1.583954156743315309e+02,2.931580620131029136e+01
1.695247032957514079e+02,3.198418964366172190e+01
-1.655425336676745189e+02,2.050840272825750432e+01
-1.699706789677128427e+02,4.199557114942260228e+01
-1.733109687144308282e+02,2.536033342874380736e+01
1.786655281527410182e+02,2.427718929693979533e+01
-1.517991587961198547e+02,4.794620580506811081e+01
1.720481631164074088e+02,4.776687209542871670e+01
-1.647896351148007739e+02,5.144443315033039710e+01
-1.589621444316971122e+02,2.784922100275775136e+01
1.447741455658473058e+02,2.663642147732227272e+01
-1.623897388319889217e+02,2.576336715919942932e+01
-1.664161600107457275e+02,2.565114898578513092e+01
1.462175712079462073e+02,3.646475162209212328e+01
-1.673291683535219647e+02,2.378678299010559982e+01
-1.714875533590616214e+02,3.141047735319928336e+01
1.567634096012066891e+02,3.009630660893449061e+01
1.610877899081423834e+02,2.671365976168424083e+01
-1.597906617779468377e+02,2.608287532987841928e+01
-1.737003145464741749e+02,3.044307655316726624e+01
1.684468135491401029e+02,2.176747969012694739e+01
-1.723000186407050194e+02,3.613309059688866398e+01
-1.796055375090865027e+02,2.287571507575704999e+01
-1.761128268369945431e+02,2.584831592039084569e+01
1.707670576538828868e+02,3.887396674091113624e+01
-1.734518373305179182e+02,4.449446354438953222e+01
-1.586670381678125921e+02,2.908889477794118505e+01
1.646896218707697983e+02,1.626168314504360168e+01
1.686621741035218349e+02,1.320723834674613961e+01
-1.693645329258864081e+02,3.180657698151317447e+01
-9.699124400714630667e+01,4.585816595638503657e+01
-4.421358579002278333e+01,2.397300961695118104e+01
-7.546662963146708591e+01,3.766073414242759299e+01
-6.475912507826346598e+01,3.387480756885023681e+01
-8.418318417030037892e+01,2.554663399810946345e+01
-3.196312466751635384e+01,4.166408540093009094e+01
-7.628941541850147701e+01,3.228420589350493231e+01
-8.178414590710384857e+01,5.632697940119707880e+01
-9.165873179292911743e+01,3.713442735368063552e+01
-6.903531859552010985e+01,1.927750981465102242e+01
-5.550661559446483295e+01,1.611384442510756543e+01
-9.230536214326619415e+01,2.840690504175105602e+01
-8.196310959991760114e+01,4.572864438290154965e+01
-7.196574568175128661e+01,3.433210176815846637e+01
9.287353391970812311e+01,6.541296744128342766e+01
6.623641433516995392e+01,3.705344633118933473e+01
5.121966687945649710e+01,3.273165444097550392e+01
-1.672524178685636969e+02,5.679761547059001003e+01
-1.351817665159422575e+02,4.419546083591450270e+01
1.579871811743273895e+02,4.041746213000276100e+01
-1.590637983035075536e+02,3.936534461946727248e+01
1.557642051130815162e+02,1.521075406581340594e+01
1.744562365030210742e+02,4.461746628446485374e+01
-1.671347923474326649e+02,5.185498474265438063e+01
-1.533623016502625660e+02,4.238895913183015551e+01
1.478783378397158117e+02,5.139346235096515869e+01
-1.583323303722073376e+02,3.204327429471255329e+01
-1.275583944517424868e+02,3.421107079764003345e+01
-1.744694989841779318e+02,2.613376872082109870e+01
1.380006835093252562e+02,4.213578580082887015e+01
-1.526522303114558383e+02,3.402144730934791994e+01
-1.181750498898483244e+02,4.596348927388680039e+01
-6.562055901819417159e+01,5.413974245961319554e+01
-8.524913608679834454e+01,4.465910361438244536e+01
1.547970911806026777e+02,5.043381572863873430e+01
1.704619084067920483e+02,4.265328483449395947e+01
-1.715068598669928974e+02,6.244400626883676608e+01
-1.589436174042267567e+02,4.356558617078974294e+01
1.432648291036247770e+02,5.024511169274733646e+01
1.297237829292213007e+02,5.008103494328867100e+01
1.368440096451105319e+02,4.507157331090770214e+01
-1.595543692748668434e+02,2.467695108230636691e+01
-8.130567583150391897e+01,1.689757513906901565e+01
-5.040193641017289394e+01,5.087262192015994344e+01
-9.942569539850796900e+01,4.845487968668044232e+01
-9.638822090582934266e+01,5.703093756042004259e+01
-1.581672309781904460e+02,3.608184600963495114e+01
1.544466948587944728e+02,3.018665755892014957e+01
1.615667693337787512e+02,4.076772760879065771e+01
-1.607164046491085969e+02,2.002536040565297526e+01
1.598636589922751057e+02,3.703696704488886837e+01
1.791837686941526044e+02,1.841321180633893206e+01
-1.766781299984429552e+02,2.678233805193056583e+01
1.766039031274503088e+02,1.501920227506996497e+01
-1.718458357422153142e+02,2.043948066314522549e+01
-1.737038732748379743e+02,2.303925156733042456e+01
1.632120611053196058e+02,2.635089272316206177e+01
-1.659885645399027680e+02,2.555135656257818511e+01
-1.606833225611970590e+02,8.818028465801887705e+00
1.431110885358566236e+02,2.470398441644363885e+01
1.733701496035366176e+02,2.039294187775206524e+01
-1.583158256600439415e+02,3.534413004616533982e+01
1.436301577748145348e+02,4.054847949981727595e+01
1.681234738701077447e+02,2.458284416491200375e+01
-1.430210648999964178e+02,4.430302677465179784e+01
1.788957098562275974e+02,2.937140605481102185e+01
1.104330356134964006e+02,5.311868206669677051e+01
5.922290222700471674e+01,4.468177918591199926e+01
6.342309008834824624e+01,2.669294604106502788e+01
1.280147557302464918e+02,4.354635655253766657e+01
1.727436480093625448e+02,1.679938773832987664e+01
-1.282001689980801018e+02,5.242601125998795908e+01
-5.069148263517401176e+01,3.690033346767885547e+01
-7.093670971403506087e+01,3.296816345826621841e+01
1.513908051030030038e+02,2.527133155803912246e+01
1.610487871110148035e+02,1.923182769852406437e+01
-1.484785935279958835e+02,3.235515026974728414e+01
1.730400471814249954e+02,2.723837531557721192e+01
1.496918846937291221e+02,3.523899929641643070e+01
-1.658845358588300201e+02,2.496216791176455985e+01
1.735795516506469767e+02,2.063492464495305256e+01
1.757689534407693088e+02,3.012626800114122716e+01
-1.509128554979128012e+02,2.812931229359250906e+01
1.757851025530927416e+02,3.778142858665399473e+01
1.618347096397496614e+02,3.427107092873632865e+01
-1.779475289143886698e+02,4.755617444715001341e+01
-1.680389744346552447e+02,2.840326916544997360e+01
-1.746015907394287296e+02,2.105349803504166317e+01
1.525400348431160182e+02,2.714321196343725262e+01
-1.698294240331611036e+02,2.145562308425216713e+01
-1.629798107753788656e+02,2.973342999819356081e+01
1.659885730168610110e+02,2.545180717055345454e+01
-1.758912277823508816e+02,2.135201615587665813e+01
-1.624831103615912014e+02,2.186538897292002304e+01
-1.761506445442058180e+02,8.412658122922652026e+00
1.706990135583911012e+02,1.691359793341599627e+01
1.761076986836627327e+02,1.597454134843450646e+01
1.749213213011645394e+02,2.164857697865528507e+01
1.738887032857972486e+02,2.647612399805952421e+01
-1.343245170395248635e+02,1.961084690555117405e+01
-1.589862250247615805e+02,1.858168876932786873e+01
1.370164534235651104e+02,2.184347230756639036e+01
-1.642788330197367657e+02,1.471088116417404201e+01
1.611819220853240040e+02,9.954487518091600151e+00
-1.738797803036104312e+02,1.509356166700318269e+01
1.686928319789381874e+02,1.785795286646502333e+01
-1.682881847492218697e+02,1.500304489633640337e+01
1.713493640835287408e+02,9.921924739278336958e+00
-1.692515578860281380e+02,1.535035687823824979e+01
-1.629024223676447320e+02,1.775949065697618323e+01
1.670990265019446213e+02,1.567914217394373111e+01
-1.731535348518666240e+02,1.437125797092422985e+01
1.774759261922052644e+02,1.147992098652037640e+01
-1.791104973118868884e+02,1.638613902865447614e+01
1.721199510606322463e+02,3.854829088050829355e+00
1.737301021898426256e+02,2.034570284314846234e+01
-1.725742896033988814e+02,1.104316877490509441e+01
1.717620591221578650e+02,1.787821386925692124e+01
-1.630565555105545172e+02,1.555085348141949275e+01
-1.799198013500828210e+02,8.116247215221207512e+00
-1.740095292046988504e+02,1.846853101982698675e+01
1.756846008880433772e+02,1.452212640827954360e+01
1.707888756954992857e+02,1.890570496334742501e+01
-1.386999816579291860e+02,1.632479968589755970e+01
1.612356070720232424e+02,1.182479155882559496e+01
1.426380259611227075e+02,1.721700126034525979e+01
-1.638439947825617367e+02,1.746246035898812465e+01
-1.571471837129165010e+02,1.603946619659665274e+01
1.655900286542557751e+02,2.482267359156968922e+01
1.696179370760394534e+02,1.608423834211294690e+01
-1.633402601582688192e+02,2.041729465519927800e+01
-1.677113073445970315e+02,3.412822299681170790e+01
1.579180281752423696e+02,3.197701251887393425e+01
1.660421297319167593e+02,1.823803191835044046e+01
1.462107392063482223e+02,3.176276596580041200e+01
-1.792456937584462366e+02,2.012837998245497673e+01
-1.756863524237823810e+02,4.741912421785662701e+01
1.602623970855385949e+02,3.123534997552863501e+01
-1.783321690869047984e+02,3.739987635568667912e+01
1.702626069472799202e+02,2.438823352703694880e+01
1.707470427995255875e+02,3.800171356818533752e+01
-1.766809182712677284e+02,2.488123128064292544e+01
-1.709874353672493044e+02,2.671442076507006647e+01
1.542983505400808610e+02,2.998862971886622120e+01
-1.755477634570969769e+02,2.507477470807141273e+01
-1.711818414236205115e+02,3.215576999552477133e+01
1.740023116950337112e+02,3.824045777416348102e+01
-1.673762628085218012e+02,3.706829853500619265e+01
1.735295149976353741e+02,3.141179054541249371e+01
1.756584046918130753e+02,3.409231683727416851e+01
-1.604391960505770385e+02,3.587015477689863019e+01
-1.703708332635870306e+02,1.728448912108320457e+01
1.544219143021809373e+02,2.073694583066289354e+01
1.670276305679899735e+02,5.823744229895005731e+01
-5.928428375817467355e+01,4.202767844846292178e+01
-6.140595083496860696e+01,2.726680818117455374e+01
-1.257922964550333091e+02,4.724358503860977976e+01
-1.757791458057588727e+02,4.019565282494416181e+01
-1.707930437247154885e+02,2.697824215665329461e+01
-1.604041641687988431e+02,3.213175615787029216e+01
-1.757523203540263808e+02,3.057720126460020538e+01
-1.748956041402867356e+02,2.987615820356051088e+01
1.516727143500991701e+02,1.552430176073487189e+01
-1.712719762913339423e+02,1.019321027958013204e+01
1.491679831858621412e+02,1.361062440794853146e+01
6.583465826650856911e+01,1.595281971987325420e+01
-6.608383220457072582e+01,1.734440731668770397e+01
-1.068609791836197616e+02,3.261919791444033478e+01
-6.839514864702216812e+01,2.480068512495464006e+01
-5.147022164928184651e+01,1.969386074029629441e+01
-5.504653754421448042e+01,1.731680028781645575e+01
-3.978239362816370317e+01,3.385306991303746571e+01
-2.040410364777092056e+01,3.439580849358256387e+01
-6.236617537401697575e+01,1.798021806049136373e+01
-1.784034931693653903e+02,1.914827142753986777e+01
1.683392531542367863e+02,1.755803195420689633e+01
-1.565316325561500435e+02,2.268858480707694270e+01
1.760257685105295593e+02,3.781948854655358616e+01
1.704663076625064093e+02,3.978562308159680327e+01
1.738001983512177731e+02,1.936094537558587447e+01
-1.635844231593048903e+02,4.865548534800181812e+01
-1.104337029227415741e+02,3.830914665096645422e+01
-5.438572319900541174e+01,1.861247187223761301e+01
-4.487100284670754746e+01,2.310360456867539369e+01
-7.613865540510124674e+01,2.585782461603704618e+01
-6.240936378569346488e+01,3.353896977350086672e+01
-7.112913766876980048e+01,3.809737799947168924e+01
-7.823977071651657411e+01,2.641180203926030146e+01
-6.584823743875453772e+01,4.342852570388528477e+01
-8.198325932567175300e+01,3.257560746981306465e+01
-7.320072854048652289e+01,3.374702910678321643e+01
-7.369659084162429963e+01,3.168278467378944896e+01
-6.210080633902629899e+01,3.070581376531345086e+01
-7.415305578905666550e+01,2.760418832949344292e+01
-1.661872936736247368e+02,2.345714095711035796e+01
1.705066417931097362e+02,3.110011779831111056e+01
1.740141089982613209e+02,3.036217915314389160e+01
-1.715004687644033083e+02,4.718518793913643350e+01
1.741418106614047758e+02,3.962929147457101919e+01
1.601161944193581519e+02,3.607435945330000493e+01
-1.507972555620927722e+02,2.920461909414773771e+01
1.549862783974688796e+02,2.086633192381989943e+01
1.708130117863263990e+02,2.356323582897289981e+01
-1.449944056154721750e+02,3.124828720164292406e+01
1.745208440574489543e+02,1.251401420829935596e+01
1.660078576010637335e+02,1.995768866093753857e+01
-1.653678388416974485e+02,1.518560978963392216e+01
1.646836281412714982e+02,1.629595879007694137e+01
1.713278318802961167e+02,1.459225089993929281e+01
-1.302288958744483693e+02,1.945083579786090056e+01
-1.340830751396899245e+02,2.089321157197791479e+01
1.714506797412845742e+02,1.032293117015344919e+01
1.523349284841214626e+02,1.461496163663494308e+01
-1.601613374552334790e+02,1.974459083305315943e+01
-7.538476943230686800e+01,2.512109633683116883e+01
-6.358385373533656804e+01,1.961978048404944275e+01
-6.599088665025330158e+01,1.437697187714721281e+01
-6.447308712608121084e+01,2.940051064118373247e+01
-6.454781160352256109e+01,2.374006725692903075e+01
-6.393567824851971437e+01,1.337265145719040049e+01
-7.475367756491442606e+01,1.983359540936836396e+01
-6.111038838799634476e+01,1.298375728237876991e+01
-8.092302662816737779e+01,3.015763801355202389e+01
-6.400912644473413593e+01,2.781930181519755862e+01
-6.361895977981662043e+01,1.502729748666132714e+01
-7.539370455243350477e+01,2.627230139655025454e+01
-4.256876731641525424e+01,1.999760353093511966e+01
-9.799823698321573318e+01,3.942367585969429911e+01
-5.995397364001861007e+01,2.527094031979785882e+01
-6.777327590663701073e+01,3.337143318843342144e+01
-7.974249981823454902e+01,2.684033040410089654e+01
-3.729875811904231142e+01,3.467323598862604683e+01
-6.665692347612967694e+01,2.565351578856032688e+01
-1.258822201714017979e+02,5.028296488854377344e+01
9.770478790422367865e+01,2.960134635032010664e+01
6.585104848580310488e+01,3.903922802419269544e+01
8.514211267740446942e+01,5.559395872198386712e+01
-1.575237527155786097e+02,3.198739055600019299e+01
-6.258300406156684659e+01,2.968439592197361065e+01
-6.293478773077695365e+01,2.205283580176639191e+01
-8.854765420968709577e+01,2.800797078015118657e+01
-1.225757456798165492e+02,3.811704134991359183e+01
-1.254277756075451435e+02,2.528846200751496198e+01
-1.508858596001249737e+02,2.645669229319369009e+01
1.578833459629594245e+02,3.286684430430305071e+01
-1.520143624708545644e+02,3.103521995195815464e+01
1.557541938724667432e+02,1.403976598490755023e+01
1.736594487420140922e+02,1.218453192793168860e+01
-1.733912503372357037e+02,1.651894918906559795e+01
1.703612670195574026e+02,1.748323910274066151e+01
-1.713506220503506654e+02,2.522814640627662897e+01
-1.603653442658466872e+02,1.448251910668472497e+01
1.567077168660360940e+02,2.130291300099458596e+01
-1.372023447865103947e+02,2.579793499625571229e+01
-1.783813877776427148e+02,1.906794811377618970e+01
-1.452847487719088235e+02,4.089919703289969277e+01
1.581616799577347763e+02,2.944534465232487364e+01
1.719935900710617602e+02,2.104272151139248948e+01
-1.475181349627929990e+02,3.408063418511492415e+01
-1.680108647073168129e+02,2.678898085890120484e+01
1.623750839682958826e+02,1.880173434581698189e+01
-1.293640198613000791e+02,4.951775516071498373e+01
-1.320158183979593502e+02,3.888713618256047511e+01
1.698300985328353647e+02,3.758994656718681426e+01
1.258696983724580747e+02,3.151467629694909789e+01
1.541133330707364451e+02,2.445901435562252146e+01
-1.589495214484810219e+02,3.964136717573327928e+01
-1.688923032292228470e+02,2.956063651986151797e+01
1.742428979412965475e+02,2.429532211116586637e+01
1.774489559734924455e+02,1.141687004934252592e+01
1.799704533338864394e+02,1.755514359676286773e+01
-1.711539849558952255e+02,2.112302044589415218e+01
1.665914258583477761e+02,4.464876213862402921e+01
-1.668410996575269394e+02,4.277540258569302978e+01
-1.663571019817390209e+02,1.963179719042957316e+01
1.674716912214622937e+02,1.697124441533717487e+01
1.574229799606522704e+02,4.040103013540768728e+01
-1.684997879008301425e+02,2.415729133362479075e+01
-1.645342985072289821e+02,2.390513947792861416e+01
1.242754241165660289e+02,3.437524743440973651e+01
7.788944759116314742e+01,3.858717678284399710e+01
2.304375888944495188e+01,4.007352878230910420e+01
8.322736231787419570e+01,1.833217057698364272e+01
6.257124921731941924e+01,2.638685146928763459e+01
3.325779571309742266e+01,3.047286607863862429e+01
1.050597783181183331e+02,4.636765783221700588e+01
6.214111782373851156e+01,1.884663470495872062e+01
4.445118631108408636e+01,3.041034856837193701e+01
7.583453650445788696e+01,5.208697885389552340e+01
5.463197390457570890e+01,4.937746821967440525e+01
1.319838274448848949e+02,4.187252243091128889e+01
-1.365881726592103007e+02,5.151235779252924374e+01
-5.242549178413107569e+01,4.191468941552017213e+01
7.654890708645153552e+01,4.050006521294882589e+01
-1.664761051179710307e+02,2.335310225875409529e+01
1.749773719540878858e+02,2.822198206989144964e+01
-1.790940838576900660e+02,3.593249005469092339e+01
-1.710527006927017055e+02,2.628276066632095009e+01
1.326104720939979416e+02,3.512032087602220543e+01
-1.679542729502816201e+02,1.093938787163671833e+01
-1.299225692566171517e+02,4.697350117057489172e+01
1.309302280440605841e+02,4.430850978494027004e+01
-1.708180660764806191e+02,2.611643022153972282e+01
1.579049360724308997e+02,4.655360946233852815e+01
-1.637880026168926406e+02,2.901994597939594911e+01
-1.405023757159032129e+02,4.523935462299462529e+01
-1.490631244443103753e+02,4.540748105565335635e+01
1.528959935311287097e+02,3.478701400087517470e+01
1.629250565646006521e+02,3.610643666962641873e+01
-1.551707550169859928e+02,3.393020441781289520e+01
1.523086427088911137e+02,3.396054279860771175e+01
-1.671431285327332148e+02,3.975249408130347462e+01
-1.796429445161929550e+02,3.717243169767519362e+01
-1.493176780138086599e+02,3.921241753741922764e+01
-1.769217561438661050e+02,3.971771933367330831e+01
1.702454497298990930e+02,4.812578761146912143e+01
-1.640538893263015723e+02,4.520854645376536496e+01
1.515467795973766272e+02,6.547634496439545160e+01
1.376635109744369458e+02,7.049815651490413870e+01
-1.612310883140975193e+02,5.071852181637222401e+01
-9.378473616731122320e+01,5.236143577514970815e+01
-4.962448635359975668e+01,4.714201579319389879e+01
-8.911459860088716312e+01,5.002916004725889820e+01
-4.801383027546439308e+01,6.458392926435243453e+01
-8.183883337191448959e+01,3.379324878882254524e+01
-4.489235102728579108e+01,4.767424156757560638e+01
-1.022460185494776681e+02,4.690968768634962771e+01
-1.541640342334466425e+02,3.087822093834515158e+01
1.315275389264489263e+02,3.746180173898927279e+01
5.628111718161181187e+01,5.136474956550510029e+01
9.695337235755305016e+01,5.048833035547118442e+01
3.301895551245749516e+01,2.079852153146911320e+01
4.339512205496100705e+01,3.074667925739416319e+01
1.110925344789647937e+02,3.803924233021842838e+01
1.564932469647366702e+02,3.051956265502052901e+01
-1.606102042211823573e+02,1.533853810953356600e+01
-1.527554175938201126e+02,2.838812644503880023e+01
1.692609935503606380e+02,3.118234482150625198e+01
1.736061690351848199e+02,2.067269529363314007e+01
1.779012300566166687e+02,3.632298084681683292e+01
1.760594898063863525e+02,2.439648750698362178e+01
-1.368894229962905627e+02,3.807993709097402046e+01
1.778502126183088592e+02,4.128109276657563775e+00
1.539990664314797186e+02,1.575688536477953505e+01
-1.396008254257769465e+02,2.245771520496060702e+01
1.351777518621372280e+02,3.896234518641922051e+01
1.858244782979538456e+01,3.264585998116061916e+01
2.944988781218993523e+01,4.263444313394465723e+01
1.261005447367180921e+02,4.273009621037378025e+01
-1.691292599357220467e+02,2.377314113202571377e+01
-1.392423374232995457e+02,3.015248955207533044e+01
-1.768075354266748889e+02,3.938863652425410322e+01
1.258704710686892270e+02,2.752278026331066485e+01
1.359045659623790812e+02,3.085455041053787895e+01
-1.588296432584954800e+02,3.618850821719640720e+01
1.666412974373481859e+02,1.504278486859007913e+01
-1.207136431890656780e+02,2.056006609318272638e+01
-1.756450810026621525e+02,8.367911303570513937e+00
1.758933840887598308e+02,7.746832862122250418e+00
-1.765486239681501104e+02,1.411539772297399509e+01
1.737434580125698460e+02,2.823156024282783605e+01
-1.589959133942839742e+02,3.217279507551175755e+01
1.656639674672520357e+02,2.938497592954446702e+01
-1.662282115425494737e+02,3.058243632628398956e+01
1.461754700846123001e+02,3.098158202654609994e+01
-1.565478499560316266e+02,2.316897151846240277e+01
1.664204230437552781e+02,3.789634256113865263e+01
-1.684161430712665037e+02,2.721019474054148191e+01
-1.680083953605438865e+02,3.073367978595926076e+01
1.667390748180506250e+02,1.132809563954164744e+01
1.788651566398139892e+02,1.818738154328258716e+01
1.750597226150745200e+02,1.886773718921536158e+01
-1.662195345469277186e+02,3.579998542053256472e+01
1.667952512815746786e+02,2.668164031722898599e+01
7.153860416204571493e+01,1.884079758411500549e+01
9.357567938449366807e+01,3.558114164577575878e+01
4.683828006709968150e+01,2.756860988412717717e+01
7.568441507118011202e+01,2.407814266056116992e+01
3.531205768328596406e+01,4.542303555737569809e+01
8.174046039217756743e+01,1.805472991239212632e+01
5.437242746884018629e+01,2.974852107408572977e+01
9.307927735684086201e+01,2.285080215196430231e+01
3.217456362750841947e+01,2.889944469965914209e+01
8.048511119936205205e+01,2.869236068532352490e+01
5.463546762024985526e+01,4.360388349449760881e+01
8.305443216705437237e+01,6.845995469630030072e+01
7.000892831725148824e+01,5.916955967053250731e+01
4.010917936415059870e+01,6.287582306286462597e+01
7.471361704708819218e+01,6.374294828940972479e+01
4.887754987727802813e+01,6.717351079725327168e+01
5.603678690052993261e+01,4.348363953641531054e+01
7.067536303763657202e+01,4.110284175390035699e+01
7.352327898273439644e+01,3.182289537733648999e+01
5.700578915969056482e+01,3.293205818712442579e+01
1.088941522705198395e+02,5.030260212409872622e+01
3.596945122757413316e+01,3.077562570197493841e+01
7.373410060669566235e+01,5.508660743597316412e+01
6.131827855828091600e+01,3.094520516527995113e+01
5.781631500630575715e+01,4.000442886744424698e+01
9.942023630689489266e+01,4.782014607809042417e+01
1.356134883738696999e+02,4.428895731509827272e+01
-1.328394717335821156e+02,4.360454838006258882e+01
-4.779178088128536928e+01,6.991092560376741005e+01
-6.263490111917464276e+01,4.528951123832776204e+01
-1.532378672742528352e+02,3.920294351885416972e+01
1.451235012565609850e+02,3.844873480211096251e+01
1.735416884791486893e+02,5.507580397201223121e+01
-1.536238686781684066e+02,6.905041628207253268e+01
1.715143128612370447e+02,6.629627659533332462e+01
1.390812638554879754e+02,6.963549118450714559e+01
-1.521111503830709353e+02,5.907787216498057603e+01
-1.151876513419349521e+02,6.060075282569384569e+01
-7.068134524635647153e+01,4.252307520680196262e+01
-5.383667073668374314e+01,8.416104335320608243e+01
1.724258435785050949e+02,1.672742588937301988e+01
-1.757565151373849801e+02,1.801983678980937142e+01
1.451589718935092037e+02,1.855146345856383761e+01
-1.750867498439337453e+02,7.145250736091814936e+00
-1.774525701066863803e+02,1.721510119156250340e+01
1.712972500301889340e+02,1.817162970975149250e+01
-1.604423542800293774e+02,1.868803932250851219e+01
1.393687466802300321e+02,2.093395823811480128e+01
-1.569400831914458365e+02,2.374510408298765540e+01
-1.655680044128437203e+02,2.093503057801549971e+01
1.545327545788117618e+02,1.044870466468187686e+01
1.745625166646455000e+02,2.137649902048811867e+01
-1.636563895794966186e+02,1.079923316456809346e+01
-1.671997626347591961e+02,2.361484350321833858e+01
1.717936551800579537e+02,1.278395712925821215e+01
-1.754598205153305344e+02,1.897194889243218086e+01
-1.687099519576294711e+02,1.020153906974478275e+01
1.741007385474494811e+02,1.241357402251496822e+01
-1.596782548175323200e+02,1.208847893912829363e+01
1.725874529463831948e+02,1.407622405217755812e+01
-1.770747936778668361e+02,1.960355967794690812e+01
1.449503531722076843e+02,2.773430085351202479e+01
-1.610742259121666393e+02,2.968050174356189785e+01
1.760674558142957835e+02,1.625056001913269199e+01
1.749485046335113623e+02,1.387405547696409513e+01
-1.560420491235938698e+02,1.340412020250576930e+01
1.703455775388544282e+02,6.905766313581906068e+00
-1.794593151947785543e+02,3.053668762907132361e+01
1.682115712092592901e+02,1.245656514062312681e+01
-1.741065958303823606e+02,1.451206714890949279e+01
-1.554012508107128099e+02,1.240627772512874571e+01
1.512038730524511436e+02,2.098598306490232090e+01
-1.753832757571951504e+02,1.606352443325058132e+01
-1.666063059105122477e+02,1.249779143442803964e+01
-1.790307153148650343e+02,7.601652362585003431e+00
1.762636316027045496e+02,1.382061785893245265e+01
1.749403398371994456e+02,8.233555880747578826e+00
1.782179187269819636e+02,2.217796734004481607e+01
-1.699370573566052940e+02,2.734139332145426948e+01
1.768005506796378086e+02,2.305711998547187136e+01
-1.765541692969584062e+02,2.913722346423236331e+01
1.565172310254421575e+02,2.914186615799343727e+01
-1.599722426075707347e+02,2.572721209229215589e+01
-1.724557293213231901e+02,3.573769995719174375e+01
1.551164028925822151e+02,3.149299768092946294e+01
-1.670468683046191529e+02,3.006976605431427885e+01
1.623582400821273382e+02,2.739264580946248628e+01
1.407016210952909603e+02,4.363362425552152501e+01
-1.412010018432206095e+02,4.188043948445221076e+01
-1.412430191163052200e+02,3.042381968587981689e+01
1.640012487436067374e+02,2.402771841355302129e+01
-1.747526252862579952e+02,3.453223620789022874e+01
-1.603154555461161124e+02,2.027524793681335069e+01
1.696814901407066998e+02,3.356448139610981940e+01
1.742809621859425135e+02,1.464670360979151731e+01
-1.621695990400543224e+02,4.367885916469002439e+01
1.775058638974977043e+02,2.100891042499847217e+01
1.463858515509559197e+02,2.835334982982429608e+01
-1.580272276119381161e+02,5.426162300846618791e+01
-1.788993474012422951e+02,1.276977322101305745e+01
1.464721993498595225e+02,4.652101502886674211e+01
-1.607807492414590342e+02,2.618461785323641422e+01
-1.489047435543434403e+02,1.918869889262959560e+01
1.667920730008098076e+02,2.301427726969196286e+01
1.772533217983504414e+02,1.037380087459457911e+01
-1.580169300515996440e+02,1.788187143929677347e+01
-1.753016029537912743e+02,2.643100946002212126e+01
1.762889781433341341e+02,7.954880690792496267e+00
-1.778786636201886324e+02,2.061220544967578405e+01
-1.394835796327371042e+02,1.930172003830808336e+01
-1.072996890072175376e+02,2.056815553842820066e+01
-5.561467528331274934e+01,3.626112364735088534e+01
-4.536455538305297353e+01,3.273901503322161233e+01
-8.701461162905448532e+01,4.222048813898810948e+01
-4.605025377339261183e+01,2.999087251943898025e+01
-7.874610494572463892e+01,4.740604701607254867e+01
-5.451361892926367858e+01,2.226576503056846690e+01
-7.244743702166842070e+01,2.714831249405742852e+01
-1.447889526301825924e+02,2.441078250892932999e+01
1.226118986989361304e+02,5.085976260325158194e+01
1.289152623017253347e+02,3.358574917041525509e+01
7.622627319835191884e+01,2.649612135528431622e+01
-3.891935287871029203e+01,4.280431053506436712e+01
-1.450786683284814274e+02,1.917900719123948861e+01
1.147278959230187070e+02,4.399317575775786793e+01
7.932997047285299175e+01,4.462439005631769362e+01
9.999977351214957366e+01,3.902222924583706032e+01
1.050666190731391083e+02,2.655887419241274827e+01
1.340995367603818806e+02,3.403645017620270607e+01
-1.519927230690921931e+02,1.755188773915926248e+01
-1.011735802816743899e+02,3.667625419631919215e+01
-5.706310878998622371e+01,3.567970724453288511e+01
-9.495232368198846018e+01,3.697927022949359355e+01
-4.533479647238750232e+01,3.882559804291064154e+01
-6.277695132496650388e+01,3.170789994859853067e+01
-1.007414951982544125e+02,2.857780462240882713e+01
-4.634854076210556428e+01,4.054046960357992901e+01
-8.902567112416504358e+01,4.522759113607706638e+01
-6.647811504537199312e+01,3.818656635998002713e+01
-8.137899100605773128e+01,2.550605276179597070e+01
5.657387236423011956e+01,2.927073363548914742e+01
6.083336661439129500e+01,1.929971488339058538e+01
6.523968661922023671e+01,2.193868768988567552e+01
7.664270509981579949e+01,2.814460516551842773e+01
5.396043728417849650e+01,1.372524017286650100e+01
7.570855902908012069e+01,2.196908557868567868e+01
5.487987754035695076e+01,2.345953981578744418e+01
7.519271480951618969e+01,2.249430203474665291e+01
5.573421633686675847e+01,4.690054223323494398e+01
7.499721095495877421e+01,1.665038893482147131e+01
6.164718699398238044e+01,3.578469839174556455e+01
7.244420316795036285e+01,4.102355022887042679e+01
6.836711317964103785e+01,2.316795548920197234e+01
4.793184704415385511e+01,5.007823154768556151e+01
8.973697332315288122e+01,4.399412700761403983e+01
1.107503113934186700e+02,5.078402323097503768e+01
7.094945398431427463e+01,3.821608836116192975e+01
6.505145373030427436e+01,2.723301580737318517e+01
5.006680331238929682e+01,7.693855655696545170e+01
8.353062013383207329e+01,4.122475350922618986e+01
-6.376854889610180521e+01,1.773846932559048994e+01
-8.427509301708941791e+01,2.295551820248742558e+01
-5.415268878955598808e+01,1.547141652362788378e+01
-9.308471247598986054e+01,3.022590075032880108e+01
-6.905392265900479742e+01,2.846215875477157553e+01
-4.836559045501457632e+01,1.895117621045393719e+01
-5.432316696140000545e+01,2.078433701076012241e+01
-6.329364597553592375e+01,1.571102100728758089e+01
-7.253850066628811533e+01,2.216206750840439810e+01
-7.197327933540402967e+01,2.096002250913063847e+01
-7.473281539132067053e+01,2.465559303137843017e+01
-5.782517533055668224e+01,3.397880251205552327e+01
-6.361214766446043001e+01,2.097630021118987642e+01
-5.891542987001676579e+01,2.957011336186272032e+01
-7.129302135155519693e+01,2.092699782837219402e+01
-7.359758960817499940e+01,2.605223266291826434e+01
-8.459637250735944747e+01,3.228868631315423698e+01
-6.313493627033215461e+01,3.290788447067580336e+01
-9.024144736086998364e+01,3.087321866842440343e+01
-6.385368628498079602e+01,3.797076055376343362e+01
-1.038274418137229844e+02,2.288798089510140699e+01
-1.984398441320806938e+01,2.523759258859503163e+01
-8.186825692902873186e+01,2.287594728899792784e+01
-1.574954280539337503e+02,9.914949865699597353e+00
1.310167223111463386e+02,2.399024235523614834e+01
1.277718712441657942e+02,1.868675057832911079e+01
-1.758121244638168434e+02,2.669655276736411054e+01
-1.766852483651329351e+02,1.714259231032465181e+01
-1.725009336607724890e+02,2.228066231478841530e+01
1.755628410055655593e+02,3.298700487316058627e+01
-1.776689638872433932e+02,1.501577634119630567e+01
1.694137535120333666e+02,1.702003929920815395e+01
1.661747694295941074e+02,3.173829766997284452e+01
-1.619491925497807756e+02,3.518408086318870431e+01
1.625919823075234945e+02,3.602571980785333494e+01
-1.711114815594433196e+02,3.257658279694126691e+01
1.746552258261479267e+02,3.862843325070367939e+01
-1.616288335400494987e+02,3.489436759643978547e+01
1.532573027080410668e+02,1.910014715767130866e+01
9.306034581424727037e+01,1.568952655137286456e+01
1.603685614098984331e+02,1.957871867476762162e+01
-1.701850246358490040e+02,3.319596702160582424e+01
1.721363334109505843e+02,3.065806688260941826e+01
-1.772381294602622006e+02,1.495443913235934374e+01
-1.671975296892133542e+02,2.509510836016252000e+01
1.476442746251668723e+02,1.852488848872702221e+01
1.780547994757421861e+02,1.405566038273639506e+01
-1.433397225178219685e+02,4.094439281008794751e+01
1.646732840931067301e+02,2.015997586380162332e+01
1.624777969233560384e+02,4.401968064048985951e+01
-1.533965817901506341e+02,2.866925949195827883e+01
1.554384389981597394e+02,3.036980376965540529e+01
1.582021240595076108e+02,3.283664899086934241e+01
-1.561890491956662288e+02,2.106408622392347496e+01
1.747693417472291060e+02,3.441480928944658757e+01
1.333384127118200411e+02,2.769736048412377727e+01
9.102462071499833485e+01,5.446052370456811786e+01
6.140296075696801381e+01,3.628053743479876658e+01
7.833111923718833225e+01,2.756248487485180121e+01
5.384816158993466217e+01,2.447918352901096739e+01
1.629852954539126131e+02,4.828190107347890603e+01
-1.689413953258974459e+02,4.026954933482878118e+01
-1.540230978968706665e+02,3.775431225977523297e+01
1.637576075881849533e+02,3.202444806154694845e+01
1.492170904424221760e+02,3.820280379821623740e+01
-1.278868172707452686e+02,3.505104478730900297e+01
-6.411512992688435020e+01,3.103358583383455738e+01
4.613304020730548416e+01,3.213098004127601115e+01
1.087964995673363262e+02,4.623247799374839673e+01
1.385516710117850607e+02,2.532953448476778391e+01
-1.599724474704445356e+02,3.120344815107670300e+01
-1.750718262088633708e+02,1.608683795448786213e+01
1.641735050086004719e+02,3.464734590059083530e+01
-1.505446337457633774e+02,3.589583147955580245e+01
-1.657912053363967573e+02,4.118610057347461861e+01
1.444553798167886498e+02,3.653408771925096232e+01
-1.775180305844264694e+02,2.427849249797389319e+01
-1.650566471755262228e+02,1.395405925447671791e+01
1.764096093632061013e+02,1.895771801763254416e+01
1.742217601364379220e+02,3.735024676421270584e+01
-1.422553771970294747e+02,2.885753196554841793e+01
1.527236518384797250e+02,1.683884480320703503e+01
7.681243115906636376e+01,2.071834792273540415e+01
4.759213550954692806e+01,3.397498458980221869e+01
7.420981471389752926e+01,3.595113758353633671e+01
6.523229402295802970e+01,4.262983751994897830e+01
6.811502986195095843e+01,2.525105904052528771e+01
6.104560338435276634e+01,2.826377653647264054e+01
7.129243509408948398e+01,2.560078566007766554e+01
9.731487746130898131e+01,3.820477879636383989e+01
4.057424602004451941e+01,2.498049099086625091e+01
7.112128294088508085e+01,1.819027816042305190e+01
4.209877030597898084e+01,1.775145315528921230e+01
8.777314294213886114e+01,1.833824009795835508e+01
1.006627974607702356e+02,2.929589345334279571e+01
4.339244321293800510e+01,3.060295941597043523e+01
7.777385786074351870e+01,2.480621785716326855e+01
1.815017127766545357e+01,4.235943979817157867e+01
7.883846759759677525e+01,1.855898159661442648e+01
4.683967542733615375e+01,3.170986418550602792e+01
7.618540180146290197e+01,2.830705878722917390e+01
1.506767956097343699e+02,2.872609497881045115e+01
-1.332840045527908046e+02,2.194973917920203021e+01
-6.675318812930888157e+01,3.437758422523290136e+01
-3.328839685557397843e+01,2.258762144482173895e+01
-1.281456596732585353e+02,2.293793389848310582e+01
1.512834289704522917e+02,2.216958492417835558e+01
-1.610346471834378406e+02,1.555827417456275441e+01
1.797008523753365523e+02,2.670246586040389758e+01
1.733657418979388183e+02,7.782587012892690836e+00
-1.659473382728750153e+02,2.693425492954109757e+01
1.783839664765158091e+02,1.310574881223526944e+01
-1.654711574827688310e+02,8.701641430626761320e+00
1.381700095371929535e+02,2.206245128452688675e+01
6.721310761110738952e+01,1.548203930387531813e+01
3.625841567204969351e+01,2.034986365729034929e+01
8.194356350673321288e+01,1.954374836899468448e+01
3.486261912217292291e+01,1.187554239465186967e+01
7.044456091215268145e+01,9.057966784337850186e+00
1.087545543711205340e+02,2.394615060774452786e+01
7.428513841144511787e+01,1.438607869231561409e+01
4.799548726078320726e+01,2.285519861438278610e+01
8.043089578741285095e+01,8.431339836341004812e+00
4.157441262779553881e+01,1.725229993885128366e+01
5.597807835303327550e+01,1.065701591599216158e+01
6.904173833040196939e+01,2.037068444756755170e+01
5.592306485110158576e+01,1.999447841175050655e+01
7.853156853432624018e+01,2.389430813752806415e+01
4.188182215000967545e+01,1.453064204258659586e+01
7.300859257891697496e+01,1.481441603358607217e+01
6.129645990380795695e+01,1.552864312332536656e+01
5.583225130864666141e+01,1.183365892021123855e+01
6.409561407161857005e+01,2.584304808984678559e+01
6.098246605839304380e+01,1.013422028844335543e+01
7.609134238191981581e+01,1.219801870739420480e+01
5.612845870541177362e+01,1.451219899538884661e+01
7.391152095078497553e+01,6.701875785095573690e+00
5.254091662998541068e+01,2.157152653441746537e+01
6.250324552493430019e+01,2.760722631699812979e+01
4.408266161964489527e+01,2.863951551358125869e+01
5.752669370174952945e+01,2.906529524752692240e+01
6.216240159377414187e+01,2.445318566443035024e+01
8.033481414886912830e+01,3.730324402251780214e+01
1.007370219144028454e+02,4.511658667480178053e+01
1.287191527029415852e+02,2.978825389908674737e+01
-1.637764139378681989e+02,3.305372582708788798e+01
-1.549227377826979364e+02,3.376463560559371757e+01
1.412914973429093948e+02,3.486773252990002447e+01
1.038907363761102971e+02,5.495858135535097233e+01
1.057949053881004318e+02,2.569049468156670812e+01
1.379186639897471025e+02,4.085749596006105122e+01
-1.634010570084323035e+02,3.112193534554945273e+01
-1.566378033513249477e+02,2.618733146113579835e+01
1.703609083466560890e+02,3.928026090606742571e+01
-1.700003716816713393e+02,2.869371604602348924e+01
1.649409866066643531e+02,2.395163062822123834e+01
-1.503293757194944362e+02,3.188742326106658709e+01
1.643674048293372039e+02,5.584377122675540051e+01
1.292173784994658661e+02,4.808008164823031905e+01
-1.707876747442932412e+02,4.918384592288892065e+01
-7.087318950416189978e+01,2.010215383605622463e+01
-6.039989418353030715e+01,1.978060513927668040e+01
-7.823953209872527736e+01,5.131159218023458379e+01
-3.980292168471105185e+01,3.680086373688310175e+01
-8.027923197748390294e+01,4.798399599976161056e+01
-6.177713141736273172e+01,2.674891791863617385e+01
9.052513371202009296e+01,2.885263333526850005e+01
6.979730272916216904e+01,3.831939815723496423e+01
-8.012247452655449464e+00,3.281638270222090625e+01
-6.310674488677184257e+01,5.134516599395301029e+01
-6.158670838442889561e+01,2.484352318387653469e+01
-4.698572157854976439e+01,2.546026407938252234e+01
-8.689922598953884858e+01,3.720624319581327200e+01
-5.128697203210120392e+01,5.387917187304699951e+01
-6.473061107963738436e+01,4.632765356552879865e+01
-8.305596490215542360e+01,4.728570221405347240e+01
-8.531723085511094951e+01,4.724610696950564659e+01
-1.306503288762079151e+01,5.085789486470238785e+01
-4.836342704348217580e+01,4.454554473166677298e+01
-6.657885865779672940e+01,4.504132032424734433e+01
1.769980649764211194e+02,8.027112765893324564e+00
-1.671199739570304530e+02,1.837513998965813045e+01
1.753328570846170180e+02,5.029008384776246565e+00
1.681229547580385884e+02,7.929444438686232388e+00
-1.689948942760302373e+02,1.683343598579106271e+01
1.771526144229200952e+02,2.163338364608498310e+01
-1.751671566981962656e+02,2.257497324338037714e+01
1.775692753334631391e+02,1.636509231678075338e+01
-1.774283449649500994e+02,1.621471979649524897e+01
1.725326621712524684e+02,1.057023344137239818e+01
-1.631045919482845648e+02,8.750664969800190818e+00
1.607924573480283357e+02,1.512229063663485817e+01
-1.583002615259909476e+02,1.713873756233485324e+01
1.662566038517916809e+02,2.704958315086985721e+01
-1.544997951037966857e+02,3.282542115930336024e+01
1.389931007829202656e+02,2.735778701565184079e+01
1.007995075478759190e+02,4.444573719209623164e+01
4.003095434922770579e+01,2.870626130932634368e+01
7.533817961586063916e+01,2.896150717636686878e+01
1.015651390469434716e+02,4.236841026468445648e+01
6.259109864649224164e+01,1.526606078934204902e+01
4.536176039498229784e+01,1.686760320037493699e+01
7.677729296785307156e+01,1.599681455672111952e+01
4.458511689166763148e+01,1.642285952834430773e+01
7.666753087898270280e+01,1.419244870335870168e+01
1.254369640858071620e+02,2.371432890106091307e+01
-1.628827795342438662e+02,1.448507441221508252e+01
-1.569063034491756525e+02,2.916903935925261493e+01
1.606041292773333851e+02,2.582818264205918268e+01
-1.730799140963299294e+02,4.341400372044015299e+00
-1.702351865640601716e+02,1.947537989449398310e+01
1.735754394700073817e+02,2.769489709790374121e+01
-1.623955948846370347e+02,2.635088728070070374e+01
-1.767835342550652911e+02,2.447223530373294054e+01
1.741249783633957122e+02,2.526354219942751556e+01
-1.548469201687753980e+02,3.337833672590548417e+01
1.711733805548538214e+02,3.185398081756261490e+01
-1.616203912243588832e+02,3.068493643231082757e+01
1.558530783732265945e+02,4.696340977434080344e+01
-1.784924267552146659e+02,3.154213479299292189e+01
8.835892726133930353e+01,3.311350032391717946e+01
6.683315322255667468e+01,3.728318010835049989e+01
3.635720646339633788e+01,2.485036548905966214e+01
4.329066139679338221e+01,3.264323114347698152e+01
4.223101503703324511e+01,3.997700413467996583e+01
4.840815864365845300e+01,4.457547430566744140e+01
2.816278004174619554e+01,3.116917137464891852e+01
4.063548578704715908e+01,3.043076018108575909e+01
8.436728490357241128e+01,3.034509575273267501e+01
1.797495126275946689e+02,1.906464854918962715e+01
-9.067311657463555719e+01,1.515048710572180646e+01
-1.386194023974387335e+01,2.700921615214068083e+01
-8.834661395277682061e+01,2.575323044263054939e+01
-1.517778531915166127e+02,2.629159267778129561e+01
1.678866469099436927e+02,1.879781490861880755e+01
-1.666537164663887722e+02,1.655791982195864875e+01
1.627879787153287623e+02,2.044471836684005694e+01
-1.721334929649739536e+02,1.456598939284734939e+01
1.671768152672530050e+02,9.233333332539590543e+00
-1.538168402718832510e+02,1.113674191294748184e+01
1.452611569996365404e+02,2.837049098452061813e+01
-1.747464114518042209e+02,2.722598346695207283e+01
-1.425570749953385246e+02,1.925326384984679251e+01
1.587603815643520022e+02,1.456625967549346612e+01
1.366471159826944870e+02,3.674318279218992700e+01
-1.639362171008168332e+02,2.550553512288979618e+01
-1.624339015146845497e+02,1.590875233151993484e+01
1.673238330458617611e+02,1.006355274964010071e+01
-1.651444140032956511e+02,1.851547725747242978e+01
1.683400878493654602e+02,2.054964697422973785e+01
-1.685940684736852404e+02,1.524657955723630920e+01
1.734470186362487993e+02,6.950337492387951954e+00
-1.721379292373309511e+02,2.773861586744237684e+01
-1.669996326264462709e+02,1.842224747986983857e+01
1.633592884405191228e+02,2.672991420071059210e+01
-1.661923469715082433e+02,1.705684657635765689e+01
-1.651760815199032209e+02,1.972415517043681987e+01
1.744212169010562832e+02,1.141999145496552970e+01
-1.742895574907191190e+02,1.686392644201637481e+01
1.704740798089911777e+02,2.702924695071184757e+01
1.118886522120857734e+02,2.750227456182368613e+01
-1.678038424797068728e+02,3.044399644894843249e+01
-8.142463271691966042e+01,3.026662155381038133e+01
-5.410419208354752385e+01,3.295160883131883622e+01
-9.053837714052369279e+01,2.552459192514314168e+01
-8.514199896486024954e+01,2.285985164338611852e+01
-5.820891224536548236e+01,1.858060419245278894e+01
-6.167577628733972972e+01,2.302221383260496879e+01
-8.612077304152100510e+01,1.968432499479773767e+01
-9.986516839996443196e+01,3.702165633794018618e+01
-4.142675893506278584e+01,3.442922361167087786e+01
-9.700807589577257772e+01,2.962945105393760059e+01
-1.362100201119936287e+02,3.418468484360225546e+01
1.782525840068958871e+02,3.373682231330546699e+01
1.764583067181712579e+02,3.040477509450827398e+01
1.511238926818196546e+02,3.789298538549324746e+01
8.862466913483730480e+01,2.598176788650400582e+01
2.321863646868143505e+01,3.158557679089030756e+01
7.088161020913982213e+01,2.567537376305516972e+01
1.524178952414292496e+02,2.568650541564659306e+01
1.720674406007319988e+02,1.846119356155283597e+01
-1.575427662938846822e+02,4.136615492552499518e+01
1.632431259184377268e+02,3.753984562272601266e+01
-1.545342969187217079e+02,3.999613435850625365e+01
-1.729510371820607588e+02,4.807905148511571980e+01
1.541092927902382144e+02,7.011595366806335505e+01
-1.290126988472480321e+02,4.605972125643522475e+01
-1.376736458450602925e+02,5.955304979819219113e+01
1.599887028740435539e+02,5.323677737782892194e+01
-1.494926167779038337e+02,3.115473706992045066e+01
-1.509646319035075521e+02,3.778383414529601225e+01
1.619206744294488090e+02,3.258133078998088905e+01
-1.595184233343106257e+02,3.042145804064975678e+01
-1.517849571806960682e+02,4.574318240772522870e+01
1.606844009251226737e+02,2.593845750084607005e+01
1.629328623152857176e+02,2.897281275569564229e+01
-1.474257980723218964e+02,2.298929980797901607e+01
1.604356377186918223e+02,4.499995489337901233e+01
1.466763039642936519e+02,3.107900948153130116e+01
-1.288334018557306706e+02,3.105702952513661330e+01
1.688435216410914279e+02,2.574916703287449593e+01
-1.659262582100224961e+02,2.263848381096465801e+01
1.678510543036776426e+02,1.754260518841292793e+01
-1.675411738818845038e+02,1.353159762190386672e+01
1.659573123373903059e+02,3.382942632377040582e+01
1.763718775452343550e+02,1.103496497347913774e+01
-1.580960177313195345e+02,1.617442327952410253e+01
1.671971733954694628e+02,1.236512354319943441e+01
-1.706970228406540002e+02,6.538864398685022117e+00
-1.771593828231124803e+02,1.448963873334573194e+01
1.597681199387481570e+02,2.901991880058190887e+01
-1.728241073939784940e+02,1.606712095282843578e+01
1.672725154554369738e+02,2.020505549425218206e+01
-1.589718602485947940e+02,1.834252352132563857e+01
1.671439651486663820e+02,1.919502656809115848e+01
-1.782754828684225572e+02,3.178621256123429362e+01
-1.792965715037501582e+02,3.128053979291472686e+01
-1.718923395152301623e+02,1.941856707192610187e+01
1.628519880601943726e+02,2.240067598496673540e+01
-1.798101081182886105e+02,1.989824887649628593e+01
-1.755185597367505466e+02,4.169675529977978812e+01
-1.549135684696814224e+02,2.768348006726213839e+01
1.400560892474240120e+02,2.203471483275659892e+01
5.097158353595759195e+01,2.826814913068032808e+01
5.853674676097296725e+01,4.048346431562554670e+01
9.477538994271775152e+01,5.071399933213880473e+01
4.717922473044773568e+01,2.739113815512846628e+01
2.058246071617405093e+01,4.974136295389209295e+01
3.617245358008831602e+01,3.900516384321063867e+01
6.032704717100830294e+01,4.124668165513907070e+01
5.977476472684035969e+01,4.806517708280009771e+01
6.144956385634100116e+01,5.665837993186235622e+01
5.621804848656355347e+01,4.204295570596454468e+01
6.370120166476972656e+01,2.073589993585741809e+01
5.008873812279495041e+01,3.636120742241119785e+01
4.700897174960540781e+01,4.117726740823356835e+01
6.899005312536691292e+01,3.881805299441346335e+01
5.924108620666119407e+01,1.882616843818735219e+01
7.264942812486080470e+01,3.857739969306938121e+01
6.345300042268208074e+01,3.870027683569799848e+01
1.352196845650219359e+02,2.998151305410806344e+01
1.644349255498437401e+02,1.973071297705133986e+01
-1.503055266593496526e+02,4.772852220781796007e+01
1.737403487353410583e+02,2.582522059292299588e+01
1.356731083074084268e+02,5.024047771484324443e+01
-1.778340218387846505e+02,2.356369979222862199e+01
-1.658985369640243732e+02,3.310715384062373801e+01
1.661843444018966522e+02,4.247015691032590468e+01
-1.770415853400667459e+02,3.598716996160202797e+01
-1.674921264267410663e+02,6.356254531683282494e+01
1.632963911842918492e+02,4.288028258316238350e+01
-1.685922473150050394e+02,4.938635920714785499e+01
1.694373525346803717e+02,5.811463690880416522e+01
1.798551003737705685e+02,3.441029982203733084e+01
-1.598310061041952963e+02,7.452672759691479598e+01
1.791673011763964212e+02,3.669198457685616432e+01
1.753629484780896917e+02,6.928456930121092228e+01
-1.600538869518875629e+02,4.940000358952374171e+01
1.591573382716806861e+02,4.779035214197209314e+01
-1.463639523403441558e+02,4.633670779381718319e+01
-1.700157317072519163e+02,1.721435987552636604e+01
1.470225265897695692e+02,2.365147014831832095e+01
1.686382162880099145e+02,2.349920141476810898e+01
-1.733557078955908821e+02,2.935049964417515511e+01
1.719274618969823223e+02,2.339488313104630279e+01
-1.546496407109377174e+02,2.647219252803854062e+01
1.501754253576031033e+02,2.131157259843135421e+01
-1.575478535114037868e+02,2.933222311064357513e+01
1.649008137204852176e+02,4.122772454048186574e+01
1.676468297798570859e+02,2.145458415537530428e+01
-1.482554230800829203e+02,3.552650930930064987e+01
-1.767871768598342896e+02,2.313536453219562361e+01
1.688818842891345184e+02,2.992738504304288227e+01
-1.582223174264284467e+02,2.606081907799406139e+01
1.777143049128991379e+02,2.954010010007432285e+01
1.502933216606209328e+02,1.942524748663986855e+01
-1.503326929299667540e+02,4.151329249029133450e+01
-1.459372749826345910e+02,4.639389371474896961e+01
1.564621636321118672e+02,2.143483440276276042e+01
-1.751145294986667409e+02,4.305244314542192541e+01
-6.734570618136447706e+01,1.712511617761126814e+01
-6.482451657269916723e+01,1.036844037167809773e+01
-5.974968222364576320e+01,2.272448291548527521e+01
-8.288269532624767066e+01,1.860452909701204760e+01
-3.199489056411262311e+01,3.889290931046843980e+01
-8.001492771328514664e+01,4.166104003107916043e+01
-4.997180920444624519e+01,3.513793463598732103e+01
-1.871027711317324105e+01,4.107113353349272700e+01
-8.107414762159609722e+01,2.704248135532636965e+01
-7.081547023193316193e+01,3.522654007124414477e+01
-3.086672895083880164e+01,2.742769323463787146e+01
-9.583643538090139202e+01,3.832181777354097818e+01
-5.206312756211887915e+01,2.300240300439886454e+01
-5.382544156312764727e+01,2.520515905654353972e+01
-5.196518441644359854e+01,4.235974421488579367e+01
-4.219434757379328005e+01,3.575611674052372280e+01
-7.449749044227291961e+01,5.367681403335954116e+01
-7.830144305493551826e+01,1.782443199153506086e+01
-7.282043363153067617e+01,3.055492578220495403e+01
-7.036061829722105188e+01,2.549518196533167824e+01
-2.951119038129030159e+01,8.267552421210073987e+01
-8.562368655193280631e+01,3.014197181040518103e+01
-3.861017403355215549e+01,4.394524601743167835e+01
-7.105001096058205690e+01,2.933079183535233625e+01
-1.231583690432106408e+02,4.308045474769818384e+01
-1.205560498001088234e+02,3.588012144580025620e+01
-6.825380424124909950e+01,3.818374633201696611e+01
-1.741440357546553486e+01,3.167022182349294468e+01
-8.409781571571053860e+01,2.924092009167806339e+01
-3.612646140983204646e+01,2.822348953905493119e+01
-6.723158891485715571e+01,4.440720576197493585e+01
-7.473006936158363089e+01,3.378781420283445414e+01
-6.707902384769302273e+01,4.445226214280292965e+01
-1.342204840473230831e+02,4.546127436930565580e+01
1.358090984094133091e+02,2.710456236360314719e+01
-1.590102045884155473e+02,1.900756776422687011e+01
-1.601851432240603685e+02,2.908718677710346512e+01
1.591675278403176321e+02,3.574313415024889906e+01
-1.386046913573936195e+02,3.469875476497102085e+01
1.537945295362885361e+02,1.153884481118910976e+01
-6.788093111843988936e+01,4.761595525862288980e+01
-7.400799791951322959e+01,4.692586089118545090e+01
-5.809170969445698063e+01,1.595984505230382311e+01
-7.458987018976465322e+01,3.452299881278599258e+01
-2.683957360086931132e+01,3.689473463267552944e+01
-8.459262904641924763e+01,4.904224933252165641e+01
-4.966666479612372598e+01,4.138648576919344890e+01
-4.164352456233031319e+01,2.542038393444725841e+01
-8.652194007258950137e+01,3.452634893465761223e+01
-5.888620090822311681e+01,1.757119654412362664e+01
-6.735081189222167097e+01,3.179244460951286300e+01
-5.843360555375875265e+01,5.158144188468205016e+01
-4.348450031079340761e+01,2.970088730548842193e+01
-7.376600787606241738e+01,3.551202286242048700e+01
-5.067730531942133609e+01,3.533258141382976447e+01
-6.658842195580830037e+01,4.394383226383303054e+01
-7.040493366038455747e+01,3.130832609187615034e+01
-6.640258060606076640e+01,4.260207620174007559e+01
-7.609668415124218654e+01,5.157778262668459490e+01
-1.003393272816565513e+02,6.383356955785389175e+01
-1.775242299604952336e+02,1.391369530284344691e+01
1.621478403485612887e+02,2.542300295672622212e+01
-1.597769126050518196e+02,3.439311956896685274e+01
1.784645761792860696e+02,3.921080524244361243e+01
1.685636041998291148e+02,3.056389672519470935e+01
-1.668247086869082807e+02,3.414403245141114951e+01
1.562697999215175457e+02,2.529119883861573115e+01
-1.762639491068203199e+02,2.241841512635252087e+01
1.741539710524059217e+02,2.981203389431721007e+01
1.658449542781148693e+02,4.580150963032173905e+01
-1.700458967979741374e+02,4.608662984574809940e+01
1.687409978968001099e+02,2.046951959338977645e+01
1.756005231785921126e+02,3.277374253129678294e+01
1.671647678931542771e+02,2.465968618273910451e+01
1.681579641342849527e+02,9.578082203719350218e+01
-1.587440575872187765e+02,6.174915409333870997e+01
1.544706847953489444e+02,6.240685630593446831e+01
-1.767448071219631345e+02,4.364543220316841143e+01
-1.757001492678916463e+02,1.543901096340124468e+01
-1.763526286174082429e+02,4.341451878253815977e+01
-1.632614694047043145e+02,2.524330660216510225e+01
-1.393612285571967107e+02,3.467654403474996627e+01
1.572547792922503334e+02,3.498750757099417541e+01
1.434986946460910531e+02,3.177640301484743190e+01
-1.304138367136510226e+02,3.826680731412884029e+01
-1.363190913966870994e+02,5.171556862259294007e+01
1.197737995345866580e+02,4.935856682571243681e+01
5.408806601826012184e+01,4.529087314478324799e+01
1.580764307285241088e+01,3.427173180679589848e+01
-7.854366979725159581e+01,1.367120734828858097e+01
-7.342839364584347095e+01,3.926690370156992316e+01
8.124756065925322446e+01,5.157898864197157707e+01
8.188121141959713611e+01,3.897392239585652618e+01
-6.442802617154634959e+01,2.318372374660802748e+01
-8.209512018056460647e+01,1.772609948531438562e+01
-6.728873111748525560e+01,1.534170309698197343e+01
-6.708171348374010279e+01,1.490214898123291931e+01
-4.562304956542544687e+01,9.366253913512512241e+00
-7.085265766204349802e+01,1.327901383228600807e+01
-4.757914611007270622e+01,1.300915715964787367e+01
-8.156586235415088026e+01,1.267998763149966379e+01
-6.653548166771081185e+01,1.282570260843553989e+01
-6.601500524264199044e+01,2.117426674108050833e+01
-8.500347156693247541e+01,3.063531427531515305e+01
-7.444153228106534925e+01,1.839500983482676943e+01
-6.782338796645753121e+01,1.675743842678299345e+01
-7.844338690127403879e+01,1.872799873364289169e+01
-6.354323066155423305e+01,2.500752676128478669e+01
-7.405567029456125283e+01,1.604751811543826534e+01
-7.542119322627897304e+01,1.105329959845922083e+01
-6.163599554249184109e+01,1.699330194125531079e+01
-8.559072834934600849e+01,1.655367241944073697e+01
-4.762561782043840708e+01,1.474286214767516867e+01
-6.636398698641083627e+01,1.890166851256190128e+01
-5.552123709423908338e+01,1.174481296828835752e+01
-3.107052393459864703e+01,2.619130225502147624e+01
-1.396565702229434578e+02,1.589947933709620642e+01
1.539280564214496678e+02,1.392601823017679052e+01
1.763105395399450117e+02,2.569021856996737085e+01
-1.614396610801620682e+02,3.893938366966713005e+01
1.480895243327196056e+02,2.840405171058596068e+01
-1.561502939816352580e+02,2.249467110194042263e+01
1.718642126867142963e+02,3.108934206684043033e+01
1.640172956758243004e+02,3.199014203228193765e+01
-1.466168579032831190e+02,4.840187031156681030e+01
1.435441387048314539e+02,5.731922564250439223e+01
1.022040980447868321e+02,3.549124844844804016e+01
4.352695972249365042e+01,2.511134544172150740e+01
8.227816400586254986e+01,4.029082943183968268e+01
6.864211353476849808e+01,5.028478029087203538e+01
9.309076417337468001e+01,1.958255030225133098e+01
4.967118624580461983e+01,4.505233835188266056e+01
6.840762634441850309e+01,2.645883397529576087e+01
8.871407046473277092e+01,4.368435902974843543e+01
6.048629555569830529e+01,3.476191446902529236e+01
7.247207685675077471e+01,3.292348482227893669e+01
6.950117181362402619e+01,3.444131837613031166e+01
7.825913678814508501e+01,2.543946497396013484e+01
6.364694308618361163e+01,4.169146119764378966e+01
7.811662855716009801e+01,2.662524638723592574e+01
1.599070506900671660e+02,2.149998886205386484e+01
-1.709614501105393174e+02,3.241805299461513101e+01
-1.742229455868527452e+02,2.795585264844942941e+01
1.684150219301247660e+02,2.079854592298700666e+01
-1.558172904366630576e+02,2.313721607445301487e+01
1.540489099310433687e+02,1.770922663827633414e+01
-1.585293565952194399e+02,1.027714438725718082e+01
1.684783601155599797e+02,1.400496566909653140e+01
1.703975359369671878e+02,1.382650400910421951e+01
-1.752124217075286481e+02,3.518689002776008579e+01
-1.718208195208284792e+02,2.634647262826015179e+01
1.744012132312382164e+02,3.445917439865783649e+01
-1.589970515099264787e+02,2.931163201168699217e+01
1.487822990855335377e+02,4.656163549216672948e+01
9.567221276986495582e+01,5.409138377284244825e+01
3.430392416816307843e+01,6.123822505350293000e+01
1.079148277190107876e+02,4.800946593222766978e+01
-1.432092633658623413e+02,5.076808789632961094e+01
-9.424652452503424627e+01,6.066977370570177186e+01
-4.836677964038734956e+01,6.639304360919014414e+01
-1.402569242995084835e+02,3.795454829744591763e+01
1.757956389369596764e+02,2.909625455941909067e+01
1.448388697450773464e+02,2.862680763756335978e+01
1.734666550672229732e+02,3.312679357125663415e+01
1.735778230821316868e+02,1.680134134470820229e+01
-1.552019852410981002e+02,1.750798372313330376e+01
1.705681584898627818e+02,1.263254118947261162e+01
1.523150051215019687e+02,1.901613206786830190e+01
-1.329862465134434899e+02,2.843641603520882910e+01
-1.128473498200095122e+02,3.676317764516801390e+01
-1.098379639451509746e+02,2.189318463899058997e+01
-6.969001647189338655e+01,1.794602158088958532e+01
-6.661512982363352364e+01,2.222925600263506851e+01
-9.535151094573883768e+01,2.356527053937023908e+01
-5.311076683259110354e+01,2.292304482637848650e+01
-3.518315598224648966e+01,3.186029741985400676e+01
-3.535198285671764751e+01,4.449976029501027597e+01
-4.707893671098881327e+01,3.428378343264677142e+01
-6.217797342540299610e+01,2.255788754843576172e+01
-4.832687096201113519e+01,1.990059607937087449e+01
1.508363346404534013e+02,3.083592921075485194e+01
-1.413976774132244714e+02,4.283894014200063793e+01
-1.668109122565891482e+02,4.284026589522125761e+01
1.617736075567999023e+02,3.579672792734738351e+01
1.791087541739538551e+02,3.358756298667947959e+01
1.644092753514227923e+02,1.491883417473110818e+01
-1.652220769907505087e+02,3.972097272219166086e+01
-1.602444207117743531e+02,5.070372301592782094e+01
1.694961320122076245e+02,2.700065476369117334e+01
1.766617963334691979e+02,4.829256481640781118e+01
-1.693769974872396915e+02,2.416867026695847898e+01
-1.637606377347058526e+02,5.128622610927456549e+01
1.572789634424873384e+02,3.858673665368547745e+01
-1.518123540314865636e+02,2.597442752761600104e+01
-1.468037338930706710e+02,2.870733940504331372e+01
1.413531320495955583e+02,1.864948507115676790e+01
-1.728856975109834195e+02,1.908843414080248024e+01
-1.358099808369579762e+02,2.757657033462125185e+01
1.451759929070556439e+02,2.016110401681956077e+01
9.963404941727125674e+01,2.279355251471238475e+01
-1.752146239596817523e+01,5.459326129155773799e+01
-9.044176134770526687e+01,2.444907504799281384e+01
-1.567175753731826546e+02,2.780798581018534321e+01
1.263127659239769116e+02,4.018077695722990228e+01
1.175501116853141923e+02,3.724312036841830320e+01
5.071675988202179752e+01,5.683067943067572259e+01
7.205080184498959284e+01,1.518196551098061420e+01
1.511801564295191440e+02,3.076851147971543554e+01
-1.654463164567473541e+02,4.054079425725645081e+01
1.612031921692584717e+02,1.637773479138422772e+01
-1.688593443859375327e+02,2.428966517352609245e+01
1.752205742373593296e+02,2.806420161592242124e+01
1.654996097839270703e+02,5.341935612666106437e+01
-1.468568702739420928e+02,5.486856820040794958e+01
1.442575708456565735e+02,2.992324691717502816e+01
1.797626880185674736e+02,2.511096042031066844e+01
-1.781927414188643297e+02,5.241061836394082718e+01
-1.688442221116010558e+02,3.099333876596361392e+01
-1.740584587385915540e+02,2.908274410290222178e+01
1.475883381182909204e+02,3.301792165867623652e+01
-6.934948683338843978e+01,3.020667613239890770e+01
-7.164725032613064570e+01,1.639381908892754325e+01
-6.782944434190309835e+01,3.055828513747357889e+01
-8.936927982122431047e+01,2.283200348384838207e+01
-6.299125207876612365e+01,2.237352677725046135e+01
-3.328284679661629042e+01,4.213126279789962325e+01
-8.045535112202651362e+01,4.370829265470101177e+01
-4.762011102101462967e+01,4.143957577432376382e+01
-7.539581384116213769e+01,3.732629396414860423e+01
-5.145457683435137142e+01,2.878871033555167713e+01
-5.337492186789663151e+01,1.333492599886786678e+01
-7.177677348799207380e+01,2.752717016886042956e+01
-5.742985018413510545e+01,4.237098209951248151e+01
-8.789619347722661757e+01,4.879767151264213965e+01
-5.980825636781916899e+01,1.774194311304604810e+01
-5.305641870389596448e+01,2.845484686379985817e+01
-8.037257236858330600e+01,2.162180760308454808e+01
-3.435188120362438013e+01,3.156713707685634063e+01
-8.142994157425198409e+01,2.378999321634931263e+01
-7.467455066085990723e+01,2.278412154161996739e+01
4.147282798886210742e+01,3.605093838959570007e+01
4.914470396940163255e+01,3.128268041187106618e+01
2.705147168408913672e+01,2.809504704005332343e+01
7.369422579568458787e+01,1.817778353380117551e+01
8.923325147724723649e+01,4.028460012348492825e+01
5.759298145220007115e+01,2.331493087274255060e+01
8.545748052999115885e+01,3.200640793604539169e+01
6.715298665144342749e+01,9.652209805440495671e+00
4.036861953986372953e+01,2.569487288479557918e+01
7.748323134803283097e+01,2.770909393847438906e+01
4.697173637530365653e+01,2.177884088997599932e+01
9.380504735582404408e+01,2.420254811618599433e+01
6.377179604339184493e+01,2.502884262635836166e+01
5.191976134967669054e+01,2.871152985715141881e+01
8.250239692115452783e+01,3.536490912956897148e+01
-9.951901359987481988e-02,2.216016560297987681e+01
-9.381546735432068829e+01,3.908219782787061547e+01
-5.030989063098749625e+01,3.199234689582183933e+01
-5.409872375701058900e+01,4.261436951063018341e+01
-7.118699351431054367e+01,3.319150930690387469e+01
-9.020776387696007248e+01,2.188670345069719048e+01
-3.516963544820038834e+01,1.986707022752761276e+01
-8.420734461815291638e+01,2.701564549735896748e+01
-1.368751365378585660e+02,2.546313366550353052e+01
1.429053753131954068e+02,2.319499031957204238e+01
-1.783238010963700049e+02,1.695069332214618640e+01
-1.131331004468543711e+02,3.808246253792242442e+01
-5.413007644405593055e+01,2.174268789195068763e+01
-4.833063984464507712e+01,1.767340746983477828e+01
-1.145577790735791552e+02,3.697628037579971760e+01
