dihedral_deg,energy_kJmol
1.695859287616173674e+02,6.066465448480450107e+00
-1.687300038732814755e+02,5.789723999803250365e+00
1.686706551382309556e+02,1.066102244453878356e+01
-1.693706150796665781e+02,1.801666838150704919e+01
1.759563954035224072e+02,1.056133180221372037e+01
1.779858008210622415e+02,1.066684085226763301e+01
-1.671361240996079403e+02,1.112753822737357545e+01
1.553470243024752904e+02,1.711009904691374217e+01
-1.706841127135151339e+02,1.454755474418257322e+01
1.721203857613506614e+02,1.334306616298025006e+01
1.785613984875837446e+02,1.154741475909213655e+01
1.701849284967353526e+02,2.055162890522346331e+01
1.795190723412633531e+02,2.017430198588298396e+01
-1.689097189028721857e+02,2.399517003011816740e+01
1.753548984794689147e+02,1.543504712199830564e+01
1.753484102091442480e+02,1.727638673546754333e+01
-1.578147858847790985e+02,1.109752555380271843e+01
1.685084624026973756e+02,3.002348415544131299e+01
-1.715912374986763496e+02,7.940381554281390919e+00
1.659272922465037823e+02,2.861214975561992091e+01
1.753303200748676716e+02,1.290119661765309012e+01
1.606066196555387933e+02,2.137105628402360935e+01
-1.733971319742082642e+02,2.080354520725904877e+01
1.715159407364002959e+02,1.705413415373575958e+01
1.754870859149675653e+02,2.982850815111654796e+01
-1.744059835730580801e+02,2.266865511136884948e+01
1.715394068742995159e+02,3.970721007277165171e+01
1.686369746293186438e+02,2.574129896426918407e+01
-1.641219945515301788e+02,3.634303751409851913e+01
1.717457198728774870e+02,1.800573897217446273e+01
1.783763348729343079e+02,1.481173872107622103e+01
-1.745153693867190157e+02,2.428191879575714296e+01
-1.772944228899757775e+02,7.359604093012827697e+00
1.678016277070764204e+02,1.152685709577900752e+01
-1.713622828449939277e+02,9.698103446146356887e+00
1.783363354744147671e+02,1.298277987498367381e+01
1.729466513395973664e+02,1.748592439593944903e+01
-1.733840567484105577e+02,2.480341302288386629e+01
1.607942719223273969e+02,2.152559996928479791e+01
-1.587507821954815483e+02,1.577805119834992098e+01
1.441358935661645830e+02,1.998972016208278646e+01
-1.636072471999723064e+02,1.191510106550951065e+01
1.590936397600518717e+02,1.165523970131293297e+01
-1.678514032237950175e+02,2.012542907052465324e+01
-1.554575556723633269e+02,2.636980498072752610e+01
1.510397904327903404e+02,1.456770161045108836e+01
1.519635771640529072e+02,2.896207449969596226e+01
-1.490719936296336243e+02,2.496765304565770549e+01
1.517291146149435690e+02,2.944560923301877153e+01
1.579796992468298527e+02,2.658800143594968901e+01
-1.750103559442379435e+02,1.025573627547001720e+01
1.728245443030126296e+02,1.687744963437828005e+01
1.771599197678019095e+02,1.338872795424052597e+01
1.795243961807782398e+02,2.310550886975733675e+01
1.701058938010300210e+02,2.323360748455343128e+01
-1.670254068399561334e+02,2.402691774443214001e+01
1.682127998012202283e+02,2.113442895890069195e+01
-1.698001286106335499e+02,1.672549313095399270e+01
-1.520572288935279346e+02,2.272589839186147742e+01
1.535766328360038244e+02,2.158958923859804457e+01
6.924510568800313592e+01,1.463321242631430508e+01
5.153828125855102371e+01,2.197688831116820296e+01
6.039308209490436496e+01,1.753896401647251579e+01
5.426379093749350346e+01,1.951633779216993503e+01
6.546159179087341329e+01,2.915742939122655741e+01
5.661831365407180527e+01,2.477906085081362164e+01
5.898019712108266077e+01,1.299719278839059911e+01
4.998518045244005492e+01,3.734388483459304098e+01
4.884036885298886688e+01,3.261677191158058520e+01
5.137524990991613549e+01,2.801990907534678144e+01
1.657491917037913822e+02,7.922015929887590957e+00
1.777983136939736255e+02,1.407391316622380373e+01
1.679799748478739048e+02,8.412210922637845201e+00
-1.621180704809402187e+02,1.452996220996378973e+01
1.467364032108202423e+02,2.385732843319501484e+01
-1.664335866519644469e+02,1.586790887706015951e+01
1.703864512693718041e+02,2.226464725723598903e+01
-1.731064082346380530e+02,1.485132261443469126e+01
1.685075134793581810e+02,1.960038371762482257e+01
-1.762902006313209711e+02,2.354309107862516726e+01
7.775745353366463064e+01,1.735612589626486368e+01
4.291362288645166956e+01,1.784601819626069386e+01
7.288559676652616304e+01,1.923539348427466322e+01
5.213701065467099482e+01,2.010116938071476511e+01
6.275979466492007219e+01,1.471759050403996483e+01
5.624576053171334422e+01,2.540322793843625604e+01
6.469460718026965651e+01,1.504229085778679398e+01
6.482952003633579352e+01,1.850901656519466698e+01
7.171523401952828181e+01,1.296312629584691578e+01
8.571598195982561208e+01,2.863195227098906059e+01
-1.643144643231086377e+02,1.321420118926003973e+01
1.792528234966583511e+02,2.191184968812738987e+01
-1.759979059631177165e+02,2.299223391741443479e+01
1.653743327635194476e+02,2.778315372575338316e+01
-1.613403869486027702e+02,1.697204730541252005e+01
-1.385130776951177722e+02,3.075245773700557805e+01
1.604334989781321212e+02,1.445470316557213053e+01
1.723395603433904455e+02,1.243462978998688584e+01
-1.693941232725210000e+02,1.002261911812665929e+01
1.789897556337562037e+02,6.914979895613051042e+00
-1.768362556854546597e+02,2.345602823079381238e+01
1.699645657812773720e+02,2.129051183221211119e+01
-1.705697370809649556e+02,2.311303196698167994e+01
-1.631813347336046718e+02,1.899820333568804642e+01
1.697304234568838979e+02,1.845976749823653051e+01
1.633265514810474315e+02,4.270481642483278506e+01
-1.571577043319410052e+02,2.261572378641844949e+01
-1.783606662628360198e+02,1.636834329387620812e+01
1.448022847491203891e+02,2.548125194384040171e+01
-1.518806004511216088e+02,1.826701542235518616e+01
-1.770932857620055358e+02,1.822144935894990780e+01
1.782195768921244223e+02,1.810446940748255429e+01
1.795524608571335250e+02,1.802293069735950226e+01
-1.760046890750377315e+02,1.425635807119773268e+01
1.750256315814287120e+02,1.133512285425420174e+01
-1.697129228685801650e+02,2.309333857255329292e+01
-1.772376838479673324e+02,1.092476880437505038e+01
1.625962576320077062e+02,2.192770947063158715e+01
-1.578697096701004909e+02,1.486811324821624503e+01
1.729637326092073977e+02,1.323799974553157988e+01
-1.480072686535599473e+02,1.521133119709385895e+01
-1.473422224995861711e+02,1.844400048731488084e+01
1.467041738658406587e+02,2.225356038208533249e+01
1.795343650690986976e+02,1.002145020346264204e+01
-1.618317318161952585e+02,1.778054326867739832e+01
1.464676186487486405e+02,1.754061310863626133e+01
-1.726226556636066505e+02,1.637392531953778274e+01
1.686775772720050952e+02,1.777863474466613880e+01
-1.417126098169837007e+02,1.576678797869198689e+01
1.555334645870431132e+02,2.019975800601492466e+01
6.692672639822933434e+01,2.432760186413055692e+01
5.443837727539368387e+01,2.870093271981891192e+01
7.965988167919965690e+01,3.646216850822492006e+01
7.662416579712954956e+01,4.109073132327335287e+01
4.236414876342229263e+01,3.238628747586376022e+01
5.268284660449006651e+01,3.010035786301737204e+01
2.882206944762705803e+01,3.811329343578556461e+01
3.109031068648600993e+01,2.583764494508748655e+01
6.603049337696721466e+01,2.014563701371541526e+01
5.989801363623366370e+01,1.114886690208523490e+01
1.688203047818939524e+02,8.569631451839656577e+00
-1.721613665946664753e+02,4.385886891861116688e+00
-1.719903496582908531e+02,8.429200942909172767e+00
1.436473063052995371e+02,2.008017010964229598e+01
-1.587498286946149904e+02,1.919697056839213545e+01
1.732497068076967537e+02,1.239792833332204403e+01
-1.725527036918266788e+02,7.364902539219744249e+00
1.793766812490202369e+02,1.058469294503174218e+01
1.757510687580607112e+02,1.223224997799903591e+01
-1.796649594668087104e+02,8.520289461477862147e+00
-1.585367382435208015e+02,1.452321591563645420e+01
1.442176780494173443e+02,1.423041787050968132e+01
-1.540230438045797712e+02,2.362463518258288886e+01
-1.754842249919235826e+02,2.956830928683725546e+01
1.714450906590387831e+02,1.837836045769957138e+01
-1.745438025220110489e+02,1.727334977328331789e+01
1.695246076828051400e+02,1.688388765159028893e+01
-1.704957760400128848e+02,1.886584118385568942e+01
1.751339878317187129e+02,2.323632411056437519e+01
1.767466499561132593e+02,2.139490435394761292e+01
-1.641708338788999129e+02,9.961119626115756631e+00
1.756741833896051617e+02,2.184836378063716111e+01
1.592263556152267654e+02,9.086012171494651568e+00
-1.399727088997550482e+02,2.298111812731754355e+01
1.717654710219848653e+02,2.018001686313895604e+01
1.757358110645105285e+02,1.752386964595991259e+01
1.732381674379374488e+02,2.769291720983347815e+01
1.662216216348049045e+02,1.473891743147765254e+01
-1.708105963231428461e+02,1.505603407133909677e+01
1.787469837922568274e+02,2.581412804342808442e+01
1.718658750139489086e+02,1.456974750130739160e+01
1.787468023188761208e+02,8.520985449157180369e+00
1.728069116392365743e+02,1.111073166713316773e+01
1.744518649074144321e+02,8.048946719826643559e+00
-1.636124240240845893e+02,1.010386940150894652e+01
1.619387553282540182e+02,8.181437968846214659e+00
-1.739483084989601878e+02,1.219353520133861224e+01
-1.731616823220435322e+02,1.030821516736219579e+01
-1.733154683244194700e+02,5.225057494850661399e+00
1.542797767970623113e+02,9.703266506074742281e+00
6.809216747696029870e+01,1.897283085408092163e+01
1.327919252003856911e+02,2.779175926385312323e+01
-1.531366852227748723e+02,3.115532186548382043e+01
1.518538704139329525e+02,2.290455124458162217e+01
1.753063557076906704e+02,1.736294885518238829e+01
-1.344877596204131862e+02,2.399744418856465344e+01
-1.280107316469740795e+02,3.064959922616429111e+01
-1.701352933952328499e+02,1.258332369766261216e+01
1.561944567638360866e+02,2.039144579177925110e+01
-1.569500016234181601e+02,3.174074235507224984e+01
1.644590947753948456e+02,1.551691566512170084e+01
-1.398730922297833956e+02,1.957933507832935405e+01
-1.786117670002452371e+02,6.629750490875041535e+00
1.387388652504570530e+02,2.151913863282099371e+01
-1.571847059014013439e+02,2.027827232125549273e+01
1.591522428743043918e+02,2.356978329088959612e+01
-1.653209943626451661e+02,1.296802219911824139e+01
-1.793785877167120191e+02,9.476260385781532847e+00
-1.795351709173950212e+02,4.766683336873812848e+00
1.713929867724730229e+02,6.465917067290016362e+00
1.719823163271838098e+02,6.883549426511384794e+00
-1.738574910773222655e+02,1.061880083406426145e+01
1.725120431774456620e+02,1.908316911352553102e+00
-1.769510777529272900e+02,8.507047417875510220e+00
1.680655498366591871e+02,5.552654744510013174e+00
-1.661329957429165916e+02,1.784152064618366040e+01
1.731546447039339682e+02,1.248487576006712807e+01
1.798694835163665289e+02,1.746367475219990339e+01
-1.786196887419571340e+02,2.492689510013132548e+01
1.758385869040693592e+02,1.557356448366609669e+01
1.706926348665777766e+02,8.594634346743710296e+00
-1.621885259639640537e+02,1.098792009574379591e+01
1.650826390766641794e+02,1.193307355589282892e+01
-1.797070396939376451e+02,8.921213395802475077e+00
-1.750831568954553745e+02,1.614009731182775909e+01
-1.766136060120573745e+02,7.975843186713911237e+00
1.561488423256388103e+02,1.261765201688568361e+01
-1.653361327599366462e+02,1.060135494501898634e+01
1.690184795428267250e+02,2.477240804887181369e+01
-1.644439261405775028e+02,1.630454151320149236e+01
-6.314014268403946062e+01,1.344976091551754216e+01
-6.035405856831909688e+01,1.103878962538707142e+01
-7.581256159257470983e+01,1.312266848045697643e+01
-4.973526847760211922e+01,1.448153665594345441e+01
-7.485948381908417559e+01,1.333331892772909377e+01
-4.658704884254669309e+01,1.658077464051653394e+01
-7.134888617078166817e+01,9.348803854435004723e+00
-6.239678218102267948e+01,1.333361115924558860e+01
-6.813853829859880307e+01,1.250774291758793666e+01
-8.235221851825073713e+01,1.250126397871754413e+01
-5.787774348933714919e+01,2.042159690033762232e+01
-7.018538780362558782e+01,9.113768575564012764e+00
-6.880806375562497124e+01,1.339114836714517587e+01
-6.652752645867430203e+01,1.697336011874773476e+01
-7.155574923942810983e+01,1.110302654548800660e+01
-5.993119567433884498e+01,1.765077107138150581e+01
-8.493282186113704313e+01,1.665167702833938534e+01
-5.861899240363626973e+01,1.590552141264521779e+01
-7.371509109166761675e+01,1.699003605913809878e+01
-6.913682963790972735e+01,1.268409912491113012e+01
6.169743829498258236e+01,2.668223079079326254e+01
7.787744094227133473e+01,2.147838114602382120e+01
5.977713871830261638e+01,1.827426997802146857e+01
8.354475982289537228e+01,1.656605743139197529e+01
4.856544082837979914e+01,1.764667944365433172e+01
6.388181522046280492e+01,1.362783138792788939e+01
5.985107308074063326e+01,1.273491349662431915e+01
6.325681839666427209e+01,1.246366477088498392e+01
7.803452964557723703e+01,2.896941337812605255e+01
6.498153704944965625e+01,3.119606204378032288e+01
-1.770250618346644274e+02,1.002376017984801493e+01
1.791460092020360264e+02,1.040139941809821345e+01
-1.764042269144016188e+02,4.742489803670658866e+00
1.628126124694960026e+02,5.265595541528130141e+00
-1.662515637404872280e+02,4.832760708115442227e+00
1.647851693301365117e+02,7.138697472270048472e+00
-1.665988008693649931e+02,1.278408044632475438e+01
1.725245727525924337e+02,5.402078792813344243e+00
1.780805899059756712e+02,1.205079149842891795e+01
1.765411630084159071e+02,1.020949773617786605e+01
-4.363541862740477484e+01,1.737179739514679611e+01
-7.513959355328533718e+01,2.934206632199730791e+01
-5.089697588100436576e+01,2.717473953763723671e+01
-5.902896479327330326e+01,1.916964643570855742e+01
-5.745240819029479695e+01,1.352439689046831006e+01
-5.928932278975101866e+01,1.306276733743725238e+01
-6.356477487902797208e+01,9.309293057813267325e+00
-6.386375733213751005e+01,2.263002805405723450e+01
-4.660243825283505004e+01,1.819586565293074543e+01
-5.690085362274281522e+01,1.305272810496430580e+01
-1.627879644537577803e+02,1.367707667821700923e+01
1.664180675907417992e+02,1.286531289116036447e+01
-1.616058981165692785e+02,1.879104335550389138e+01
-1.643142530400525061e+02,2.500334537748564046e+01
1.652977165885689601e+02,1.616734596268323187e+01
-1.669568451790742643e+02,1.542957738019496361e+01
1.741704079431255536e+02,1.623196172887941202e+01
-1.799541405841300445e+02,1.558274142503461235e+01
-1.749178948462469521e+02,1.757961907711042926e+01
1.748769984896516405e+02,1.777221205425437844e+01
-1.693114690284342316e+02,2.576072635385824583e+01
-1.723907952302138256e+02,1.156529528532366413e+01
1.667755157014919689e+02,1.455719239111010666e+01
-1.757977732098133004e+02,2.249438687603937836e+01
1.756106748791384007e+02,2.071309030946007823e+01
1.760247997819667489e+02,1.224327338005764076e+01
1.727000039411201442e+02,1.692606102858605155e+01
1.798367549946954966e+02,1.220709959068933692e+01
-1.797327720445486250e+02,7.823839536696043595e+00
-1.743615562878898118e+02,1.238660168974652720e+01
5.078481171322908949e+01,1.014979754991705718e+01
6.510347665697489106e+01,1.155195355998300855e+01
8.864943815593504439e+01,1.471711900816115737e+01
4.211344330641092881e+01,1.922414915103999178e+01
7.921660790094877314e+01,1.216962553955620052e+01
1.032048719709952280e+02,1.747117874954669503e+01
5.422775476097632463e+01,1.208741034610353005e+01
6.459094375027268597e+01,6.864427222692278008e+00
7.382946400410151000e+01,1.508174643325029152e+01
5.232009189535354921e+01,1.822404615732135369e+01
-1.722149220652549388e+02,2.103619279318852264e+01
1.684904039619354421e+02,2.182343529510365698e+01
-1.698146416943789916e+02,1.829475461779468759e+01
1.681515788791562613e+02,1.027937452230934667e+01
1.757711126280073870e+02,8.471274691669172796e+00
-1.619005278137344419e+02,4.503028073826410349e+00
1.631113916111173410e+02,8.342696810044110123e+00
-1.624480081518565839e+02,1.002834646349748482e+01
-1.711507347968766055e+02,1.091414136358079112e+01
1.733937072073642014e+02,1.321551017879993850e+01
1.650557450193535658e+02,2.093091219400002245e+01
1.522315853356136301e+02,1.720388027352115756e+01
-1.526038423844805436e+02,1.802783774735495115e+01
1.641830383573075380e+02,2.322715125340934961e+01
1.581951153737229276e+02,2.701479377399601134e+01
-1.723986402814991834e+02,2.527270092555160375e+01
1.787737261626262750e+02,2.348162948737404321e+01
1.701380628788518834e+02,1.191636577435901856e+01
-1.772437219907928920e+02,1.700663976268727851e+01
1.759651066138005149e+02,3.018877430981870802e+01
1.757659709171208249e+02,1.364715531638931445e+01
-1.625379325352550097e+02,1.958048627775752948e+01
-1.719205582112195145e+02,1.066074341426711491e+01
1.630911997077276112e+02,1.988981702679869557e+01
-1.596183707671398508e+02,3.261340373220804167e+01
-1.740120419458353354e+02,2.694961895571029942e+01
1.535244429399938895e+02,2.609731594280810540e+01
-1.723546661755133300e+02,2.876323675653115330e+01
1.732185384754222639e+02,3.900805710240375390e+01
1.680034233520406701e+02,4.612091591646661470e+01
6.698005620426968676e+01,9.868773036089809381e+00
6.666122132293622826e+01,2.727675856934517284e+01
7.847143964507868930e+01,2.057249876419816914e+01
6.483150144517487945e+01,2.476263754015976559e+01
7.694476843255418430e+01,1.865666587835050194e+01
6.499116248759884229e+01,1.414803499871799275e+01
4.338013670363129393e+01,2.591068959334129929e+01
7.649425643560172716e+01,2.734293040588887536e+01
7.456605965584670059e+01,2.430804515674581623e+01
4.400061211975378939e+01,3.327821689099290836e+01
-1.721168061930530655e+02,1.189801497293758814e+01
1.552669044569438483e+02,2.396143190141593493e+01
-1.335054783651957564e+02,2.703097269975780037e+01
1.737213357728350331e+02,7.309961996961320096e+00
1.647771103501641505e+02,1.748487588852020380e+01
-1.412128663289432495e+02,1.861606266799272191e+01
1.714851205182042122e+02,1.108281277237401952e+01
-1.702574756752905785e+02,1.972970330650420578e+01
1.619138033345082590e+02,2.907578502276583521e+01
-1.609807556070395833e+02,1.370642752425728794e+01
1.685357949784026346e+02,7.815457896003959348e+00
-1.624132785559617673e+02,1.264972541664553596e+01
1.748032649045620417e+02,1.158251303556308365e+01
-1.798704751282113818e+02,1.954299390248843338e+01
-1.776965775489970838e+02,2.402224264267998066e+01
-1.773887378116799027e+02,3.477353637984622026e+01
1.653269117351202055e+02,3.583014181129509268e+01
-1.762458634908115584e+02,1.800790300438588076e+01
1.782791363584372561e+02,6.468953917539446152e+00
-1.710295138505613295e+02,8.247077781932492968e+00
-6.461852287528546412e+01,1.649087689188893435e+01
-8.062505285800392585e+01,2.680242450007291666e+01
-6.281415753100630184e+01,1.918118143282848109e+01
-6.844307657274110568e+01,2.247967272698780405e+01
-5.552575973235585849e+01,2.448281593456556138e+01
-5.249425097166579945e+01,2.344119167268089399e+01
-5.819473516825658521e+01,1.213381090598883461e+01
-5.656840023418145336e+01,1.117474577048797713e+01
-6.078595274892673217e+01,2.335116502466836863e+01
-8.336128458819607090e+01,2.871055971901169102e+01
-1.569319370452117539e+02,2.605959852831227153e+01
1.684123963596611588e+02,2.366584454731561138e+01
1.508977886977665435e+02,1.553298460527456015e+01
-1.496172937663983475e+02,1.995217739941386981e+01
1.715728889023778265e+02,1.250452761914919719e+01
-1.736716859893104470e+02,2.593147705051882213e+01
1.695603704633526831e+02,2.925232699418737425e+01
-1.712433826969783013e+02,1.560420948089251780e+01
1.680418472035887589e+02,1.811349482301890390e+01
-1.689716806075793158e+02,1.507072482152335269e+01
1.786659467804647363e+02,2.683519012621742661e+01
-1.717688256523470614e+02,1.637834117135672329e+01
1.705384455104778567e+02,2.192901971453627752e+01
1.628604234365427601e+02,1.184245665292129779e+01
-1.622517378423165439e+02,1.740064099896925143e+01
1.734822358099227984e+02,1.580781476347048553e+01
1.628266606492980770e+02,1.367401698822536460e+01
-1.543896686297889858e+02,2.804019182372071128e+01
1.712604861927071909e+02,8.434029659927601230e+00
1.763117221858045980e+02,1.670039187417533100e+01
-1.681459699103594687e+02,2.250129710720245413e+01
1.649929973749505905e+02,3.704746648993297953e+01
-1.659681402546189304e+02,2.021562287374626976e+01
1.796325498517490473e+02,1.488589580907852650e+01
1.726748457215928738e+02,1.887432054525259417e+01
-1.591278398909760767e+02,3.052062060455767778e+01
1.792566267588986193e+02,1.613857029594811365e+01
1.728739738382574842e+02,9.004139695516702346e+00
-1.562567156293350195e+02,1.449372632584219289e+01
1.518602405737454717e+02,2.459475256290588163e+01
7.944854679296072675e+01,1.953806260481120560e+01
4.931382813954660804e+01,1.675027514181944710e+01
8.132309072084470358e+01,1.584258632269300904e+01
4.845724703073260997e+01,1.541884358954791523e+01
8.766682506882210646e+01,1.406631700862993029e+01
6.471884002458276086e+01,1.286553910124768407e+01
6.795525568814990436e+01,1.504010326004254239e+01
9.719333599020670533e+01,2.312518204560051416e+01
3.973758696582008554e+01,3.420274664147680710e+01
9.233210267633249657e+01,3.305548229153218642e+01
-1.321002549228696239e+02,2.123656814783884172e+01
-1.752137840385339871e+02,9.891685336766483871e+00
1.357067709102219055e+02,2.711020825045044091e+01
1.747850609788028180e+02,2.014977592731127487e+01
-1.608485241281589140e+02,9.004890243794910987e+00
1.789132212013262517e+02,1.704054713776897501e+01
1.749680287542987571e+02,3.322797928679053570e+01
1.623795550203156779e+02,2.406844095913896808e+01
-1.680022143790207565e+02,1.343954072448851633e+01
1.660631765621755562e+02,4.162380798232837265e+01
1.765199290865187152e+02,2.420336044265879138e+01
-1.707242112114079760e+02,1.835872444628642697e+01
1.651871613133097014e+02,2.837329947831755916e+01
-1.694999837596705277e+02,2.339093865798610850e+01
1.721899364035942313e+02,8.728111352100459186e+00
-1.659089967182825376e+02,1.698610096445668560e+01
-1.730985952391160083e+02,2.332102717455959962e+01
1.639190515609247143e+02,3.885764232914807792e+01
-1.468987991892157936e+02,3.211275382419002966e+01
1.655987178826191837e+02,2.004428394921119860e+01
1.776127118158013900e+02,5.512590414981841214e+00
1.779946934396640188e+02,4.165775415484318067e+00
-1.767688322441745470e+02,1.193742185371806919e+01
1.780048439955847925e+02,2.002689619796034748e+01
1.774483737132980536e+02,1.714681045023905881e+01
-1.734967690438320460e+02,2.532726767646336086e+01
1.766830385990407422e+02,1.370936114408248230e+01
1.742577563189115608e+02,9.276531021994106396e+00
-1.791045920008868393e+02,6.079832567496791462e+00
-1.739300335428478093e+02,6.958106873436376461e+00
-7.173730907525153100e+01,1.564686768956975627e+01
-5.765067858881674567e+01,1.556344341720309643e+01
-6.070755670498284218e+01,1.707927069398380127e+01
-6.745310628819537158e+01,1.891857529484044420e+01
-5.084226916313706823e+01,1.967007873866917222e+01
-8.198486903841312312e+01,1.754346162668559472e+01
-4.515053516404113765e+01,1.317660208127379562e+01
-7.394501482672001202e+01,1.146828486035391670e+01
-6.431904770320412013e+01,1.495713932225265097e+01
-6.311373002379957597e+01,1.028986416774129964e+01
3.107037162264620278e+01,1.648171622418920634e+01
7.385619653415007235e+01,8.843113286901676418e+00
8.681907904847058433e+01,1.327918020688340661e+01
6.376880882598326394e+01,1.288296588591802028e+01
8.831253275305611794e+01,2.118838787238587429e+01
4.946898345256596485e+01,6.008882123023755462e+00
4.436929961715873105e+01,2.057899763030025397e+01
5.430638814741926979e+01,1.721804542232120738e+01
3.239899581977467591e+01,1.990741509192156755e+01
1.015771943061767644e+02,1.595251698373471072e+01
-6.175423837030064789e+01,2.173427514068768573e+01
-5.350971155398760004e+01,2.864949379421016573e+01
-7.931641952927829209e+01,2.272124459665689500e+01
-5.265252883481935697e+01,1.846636622228664493e+01
-5.870353785392074286e+01,2.416988986986581267e+01
-9.254997477686148954e+01,2.457544042223090486e+01
-9.413604981658555459e+01,2.824785728005844021e+01
-4.092094285718247448e+01,1.927203628812576142e+01
-5.986261105520548398e+01,1.402104791990459098e+01
-8.992947613577223365e+01,2.728665730699970737e+01
8.746689672011160610e+01,1.943003796750999612e+01
6.380485690581652847e+01,1.021807015112474915e+01
5.381294482007142221e+01,6.430929161730690069e+00
9.500940168438307865e+01,1.265242638367358907e+01
4.415501410997715226e+01,1.625948792353619510e+01
7.078878172980665795e+01,1.073584960801336408e+01
4.726651325760212785e+01,8.941917033113766067e+00
5.277106966727413351e+01,1.091145784819901898e+01
7.255673617170297973e+01,1.280107029796832663e+01
6.774998188914051411e+01,6.814561834406225316e+00
1.543297519059693741e+02,1.217040493293904824e+01
-1.505160077877259255e+02,1.637590225565865154e+01
1.716752136817829069e+02,2.111874024527219618e+01
-1.749049295999485878e+02,1.858687938277967788e+01
1.789389921740532827e+02,1.424104760397726110e+01
-1.736613594911328562e+02,1.440503105365518266e+01
1.763736435020814781e+02,8.061699918289654931e+00
-1.675002747112575605e+02,1.031077038517238265e+01
1.770493644657667573e+02,4.516700337042467872e+00
1.721264863795985036e+02,3.366434066530349600e+00
1.734750950850524589e+02,2.881949729653337400e+00
-1.732205228915525197e+02,6.924377262181447890e+00
1.749250870741766448e+02,8.369454783683091037e+00
-1.660415595235585897e+02,1.092698240686486955e+01
1.728355180700215499e+02,1.185664119786628135e+01
-1.632678621640009737e+02,1.080538211855074593e+01
1.722887529482335083e+02,1.198805779909733360e+01
-1.665047692462716782e+02,9.830536634182582389e+00
1.602560035237803504e+02,1.636356493924697730e+01
-1.665654760059915702e+02,1.487069787853267400e+01
1.616027682659165805e+02,1.702402590192191312e+01
-1.551044292104942315e+02,1.294379993978965615e+01
1.524775254234907607e+02,1.078748845643908005e+01
-1.680945453271863528e+02,6.161619062570491856e+00
1.755876018269863437e+02,1.586030350459473581e+01
1.761285449144563131e+02,2.300238730153077427e+01
-1.795569052984380676e+02,1.890086715421127650e+01
-1.732439988485604658e+02,9.566080463140799850e+00
1.799296474835560673e+02,3.375463164577436004e+00
1.676113430795737713e+02,1.736191449940335474e+01
1.504347985655978448e+02,3.481995345833797018e+01
-1.689599393272042391e+02,1.989326237767681604e+01
-1.659144532546287110e+02,1.390791345675948776e+01
1.719716735842677053e+02,8.292532173640157822e+00
1.495713358564144642e+02,1.890230639943807489e+01
-1.661487239231734918e+02,1.610361642303155705e+01
1.702956228838681625e+02,1.926407679528707106e+01
-1.680487962054005493e+02,2.028811116841797357e+01
-1.633255309180209167e+02,1.082220734008368801e+01
1.312423286959683821e+02,1.598236361997565069e+01
-1.631865121448143441e+02,1.124634575451513818e+01
1.615111207143644094e+02,1.815310537435263427e+01
-1.543196574882528580e+02,1.652280693947016843e+01
-1.666908145846378488e+02,9.480349518236009132e+00
1.492293977439393586e+02,1.840561957641279278e+01
1.741609716034410837e+02,9.067230191870001121e+00
-1.600451882582039786e+02,1.398034322416635078e+01
1.704378487224360867e+02,1.429070227524808345e+01
1.748297185160184881e+02,9.689294859074180977e+00
-1.716523654467997346e+02,9.884873027603489959e+00
-7.206257319506451609e+01,1.709406740442897643e+01
-4.767232773615449304e+01,1.482813924121705895e+01
-9.091902252415411567e+01,1.914351013369860510e+01
-6.803556813939938763e+01,1.090369958212910895e+01
-4.852054169592022248e+01,1.999102184433456131e+01
-7.719071950149188410e+01,9.981806553930990589e+00
-7.669555287866261040e+01,1.241354948346640441e+01
-5.979608775002622423e+01,2.210506330432948019e+01
-9.323185077841968393e+01,2.559415558185853357e+01
-5.414379246756482900e+01,1.589958529127876119e+01
7.069499074540240713e+01,1.782401214682358415e+01
4.900072720698445039e+01,1.996447356650269711e+01
9.806545966417044724e+01,1.993955006200788205e+01
7.500596201217076953e+01,1.784549870226629764e+01
4.567173286139879451e+01,2.298235001234155561e+01
9.281361948322695810e+01,1.838140190399482066e+01
5.748887137072360787e+01,1.717265959930117347e+01
6.526745306586472850e+01,2.185420990535864050e+01
8.759216139234122522e+01,2.475059887872073361e+01
6.429238593456565809e+01,2.529899705984274405e+01
-1.712620826020628044e+02,1.647698112249543811e+01
1.719339581385013958e+02,2.839649279907811774e+01
-1.592419892710078102e+02,1.677434929342657455e+01
1.771794380790535683e+02,2.742309576123179937e+01
1.522449073543300528e+02,2.085230352512963492e+01
-1.435460155317924773e+02,2.526960771070802991e+01
-1.611722629797644970e+02,2.742606798618225383e+01
1.416770994821431486e+02,2.510609190395253876e+01
1.638130853244253444e+02,2.177866022980689209e+01
-1.568603396151534923e+02,2.339467386140193383e+01
7.533980429830987191e+01,2.871051610432270706e+01
8.983334448964177454e+01,2.018617144643138417e+01
5.252373106754883025e+01,2.095991137051895947e+01
7.006757732717333909e+01,1.455347462301433481e+01
5.680379644210714218e+01,2.289242775312704481e+01
6.080347988359573463e+01,1.877621583919101766e+01
7.432892998130702722e+01,1.749756797299344413e+01
4.422587023940327100e+01,2.636521660897400920e+01
7.809112683248007158e+01,3.160672438154707464e+01
5.951999522354029182e+01,1.864737191724048415e+01
1.795986130442987303e+02,1.527441718032913798e+01
1.713104178897082477e+02,7.418783817880898468e+00
1.798393355890451630e+02,1.775606482268645436e+01
-1.785234394009741834e+02,1.266208420342051255e+01
-1.701298079234685758e+02,1.554020047055612963e+01
1.652911112101554068e+02,1.115633460692310308e+01
1.577111261701370495e+02,1.313687970301979924e+01
-1.664550711673103081e+02,1.010713398314980083e+01
1.784322541463084235e+02,1.951892554162074589e+01
1.540236380144827990e+02,2.077064994224353711e+01
-1.643135937736189192e+02,1.877257996019995545e+01
1.751262276443083579e+02,2.141667186565725700e+01
-1.763497185416632362e+02,2.241181945399926789e+01
-1.676826600095544961e+02,1.427822871878586497e+01
1.638075171583381291e+02,1.180790038723637281e+01
-1.568822829084909074e+02,1.766650623802391706e+01
1.644131077768613807e+02,2.105866234823063365e+01
1.475939847597994969e+02,2.888960590201256551e+01
-1.611740672453735215e+02,1.602251429319171905e+01
1.611411534510066872e+02,1.648821432496063011e+01
-6.578610558807078235e+01,1.087974293820781746e+01
-6.827784954020685859e+01,3.077559882672268543e+01
-5.221916929497196946e+01,8.094908641155146967e+00
-6.811815228841545888e+01,2.423272921401674651e+01
-5.034590273432829122e+01,1.620627608417465382e+01
-7.684062447787664496e+01,2.092429441582051552e+01
-7.273596198498616161e+01,2.369658968359527407e+01
-7.268398755657399590e+01,1.989891359933573511e+01
-7.236254816301466519e+01,1.584970704884807091e+01
-7.222985405667412806e+01,1.940519080153882214e+01
1.733304066941359451e+02,2.007714074180773167e+01
1.759849162377213077e+02,1.203080720135809578e+01
1.784344925324503492e+02,1.058364506447792941e+01
-1.685900438823448724e+02,2.881764443897350603e+01
1.704825902743633890e+02,1.320713708344906223e+01
1.644010062281621458e+02,1.527765399367395283e+01
-1.675335043916119844e+02,2.389701432437890105e+01
1.661152085732661021e+02,1.789679291011477957e+01
-1.668950659538212733e+02,2.916063218430971915e+01
-1.695326672524079470e+02,2.992813231923705786e+01
1.711850974282949380e+02,1.017148359352838405e+01
1.774034902755683731e+02,1.033593875805474127e+01
-1.649333815243828383e+02,1.308782319629775159e+01
1.723833549665140765e+02,7.384798453985506939e+00
-1.778311082915156760e+02,9.553301610406741418e+00
-1.715686174789343852e+02,8.363542183892702653e+00
-1.720398479930828159e+02,1.235337609919119473e+01
1.679569456962869936e+02,1.520946293520739800e+01
-1.730358237940254469e+02,1.096366889850109771e+01
1.744070352438948817e+02,1.673174088243401769e+01
-6.362066956343887369e+01,9.303409754569386791e+00
-7.435722395953570185e+01,2.072918008606419704e+01
-6.922652600273768542e+01,1.773740956498762955e+01
-7.170458411434974266e+01,1.673388983303236799e+01
-8.374343977766805835e+01,3.430325247630872099e+01
-8.084118596903260823e+01,1.219647386655673316e+01
-5.853975908358740554e+01,7.222148497852505677e+00
-5.514631227797598712e+01,1.893542983197642116e+01
-6.303097449188581436e+01,1.373136397752502980e+01
-4.295241732925035194e+01,1.850952415363619963e+01
-1.578365551572228185e+02,1.458005205804508897e+01
-1.781840384058727977e+02,7.878360223709064414e+00
1.533726259565048622e+02,1.521461093594987446e+01
-1.548511406657980842e+02,1.381933303419515369e+01
-1.667333007196268966e+02,1.427055545455507968e+01
1.481764928172710540e+02,1.533500732499139474e+01
-1.639776013782869768e+02,1.926363424363428933e+01
-1.632327918215837030e+02,1.960748976353032447e+01
1.567075918406611379e+02,2.372314351403956678e+01
-1.676800709014277686e+02,3.103765782934201667e+01
-1.765339124075140091e+02,3.726167456425319813e+01
1.578336660193306216e+02,2.094538164003241931e+01
-1.319463756157595071e+02,4.087054596833395692e+01
-1.792086910383712564e+02,2.133260787129844616e+01
1.757349630176714754e+02,2.080351622285718705e+01
1.767754118439540321e+02,1.389526639077619841e+01
1.752138944992530867e+02,1.462626799991669913e+01
-1.770771187670723918e+02,2.589965427484789728e+01
1.767865777229084188e+02,7.987252892828200501e+00
-1.671950706704506899e+02,1.887426009311950992e+01
1.207749864277109850e+02,3.303147802094722607e+01
5.687068614186115667e+01,2.593996474765850735e+01
3.647165513748506527e+01,2.599182929040117074e+01
8.197730337369948472e+01,2.353334661482033496e+01
3.820718843655408392e+01,2.103464495865814143e+01
3.967257224009264149e+01,1.938730655775503209e+01
8.522210145036970630e+01,1.939805118801671924e+01
6.691456387571527387e+01,8.675623368754097342e+00
6.623020294654591567e+01,2.330135157468195928e+01
8.767726463746058130e+01,1.806708814400063901e+01
1.760117700137633392e+02,9.721248862716013406e+00
-1.748317468339728293e+02,7.705844111322630141e+00
1.757737170836042253e+02,9.041718564604863673e+00
-1.755761816887824693e+02,8.607244917951046403e+00
1.660128857850681641e+02,1.783109823695627227e+01
-1.621991112733482510e+02,1.697328219231544111e+01
1.696182784839596422e+02,1.331477259597998852e+01
1.725015602891407980e+02,2.823267439943685275e+01
-1.700977591035937735e+02,1.290262673388016879e+01
1.796073733316663947e+02,2.194618089111800785e+01
-1.766224927603570336e+02,1.162320148417080645e+01
1.749707294558234594e+02,1.523255602369296113e+01
-1.734130023348989482e+02,1.256596290053572140e+01
-1.754082423695951150e+02,1.131433032106575176e+01
1.784910241452373896e+02,9.094623855878493757e+00
1.626702096153654225e+02,1.418857412165239040e+01
-1.597816338223223909e+02,8.686628456898978001e+00
1.743481713097160650e+02,5.707148800722047888e+00
1.751632303988252772e+02,6.604824734928712360e+00
-1.741957335932459330e+02,1.097425641964395382e+01
-1.729672615863647991e+02,1.828276611008676866e+01
1.627516696234716846e+02,2.258048955383267753e+01
-1.614453334470144057e+02,1.919893334314591016e+01
1.694715505386720906e+02,1.998183281928329080e+01
1.554486815513990052e+02,2.613499317023374857e+01
-1.621354005243802590e+02,1.911255287991256324e+01
1.785568909836076159e+02,1.987366833473229022e+01
1.782190180096251026e+02,1.239512529059023294e+01
-1.628478733587822376e+02,1.432683816042106884e+01
1.741010460524994130e+02,2.372373819012096163e+01
-6.593619675731913787e+01,2.505352131886321843e+01
-7.419696751675832047e+01,2.247789320621141940e+01
-6.641978379932176324e+01,2.204379665942606437e+01
-6.660416792592128843e+01,3.520108977755726443e+01
-6.709179739034861711e+01,3.409162302375925435e+01
-6.714146184992756616e+01,2.493744070057645956e+01
-5.932191934980079395e+01,2.387694755784713507e+01
-6.789528376024665590e+01,1.885923884380773075e+01
-6.153008177855137006e+01,3.790848450927582292e+01
-8.397360734282244721e+01,2.628882083686557891e+01
-4.283194139032941195e+01,3.273625784771668634e+01
-9.474392888595767204e+01,4.400529260489839345e+01
-5.029927031011285266e+01,4.308131053989632164e+01
-8.200771067738499198e+01,3.493833534618575953e+01
-2.200616595206106751e+01,4.154017537616437039e+01
-1.026274584543148762e+02,2.130182399318538344e+01
1.492629987906237261e+02,2.173923855852481779e+01
7.360458633129023553e+01,2.261467319626864025e+01
3.725178462091395204e+01,3.214995643038177775e+01
9.972617297713003381e+01,3.751835938845686513e+01
1.653245635750844542e+02,1.192814791433027466e+01
1.595363925549392263e+02,1.849003175750655714e+01
-1.573961015988614633e+02,1.753950357211508759e+01
-1.663999797542325325e+02,1.926452193421376791e+01
1.586445077460678874e+02,1.510929377786966299e+01
-1.677251960015249210e+02,1.047572664759525196e+01
1.791610053406085967e+02,1.138351903095327700e+01
1.595832255501019858e+02,1.413759109757985222e+01
-1.761006842848920257e+02,1.339669862437086856e+01
-1.700994770873708148e+02,2.739483187405651421e+01
-1.747632689221907754e+02,2.278853150673389294e+01
1.666735642264548289e+02,1.580528874174236265e+01
1.769995455462338327e+02,8.501180551637181892e+00
-1.757259558889061566e+02,6.587518581760508418e+00
1.754847523390033075e+02,1.399813242951364423e+01
1.757101692932435242e+02,1.551433545397830471e+01
-1.660117134198029305e+02,1.860148481614015026e+01
1.736268825953031580e+02,8.214478158357321647e+00
1.775712131653344272e+02,5.740879082261934663e+00
-1.707628341124521114e+02,1.442447825410233442e+01
1.622510822099440020e+02,2.496363131394048906e+01
-1.531289202450225844e+02,3.113931497989838348e+01
1.696511429051686832e+02,2.613421451316018818e+01
1.782887966777963129e+02,1.246963695340433276e+01
-1.702334743227151534e+02,2.748309612224361587e+01
1.788261941526670000e+02,1.443967000644747678e+01
1.759541140116352267e+02,2.405481765158193141e+01
-1.674782173994165362e+02,2.094421869446932050e+01
1.781786971217251221e+02,2.086522576826881092e+01
-1.674309656608652972e+02,8.215166462042967410e+00
-5.618006804694825718e+01,2.223011484657265058e+01
-6.283963392832421846e+01,2.195098196875127528e+01
-8.573458769054779793e+01,2.717440548281814117e+01
-5.399894568705941822e+01,1.056309210146837430e+01
-6.069647914609001305e+01,1.874972270808717667e+01
-7.866293798771677359e+01,1.443789914012310049e+01
-4.432373567175254436e+01,3.010818415092466438e+01
-8.770139997528495712e+01,2.272608592709134712e+01
-5.443000120750753013e+01,1.697272031221456956e+01
-8.565842770780282933e+01,1.685746079006280596e+01
-1.993996049422738892e+01,2.182676035749539167e+01
-1.012427409774074363e+02,2.722141097036869439e+01
1.571338264115958339e+02,1.532808099960158010e+01
1.199355884965154360e+02,2.133996769381909075e+01
1.574320776531041304e+02,2.435431339491032077e+01
-1.411935174582389720e+02,2.521926761383936721e+01
-1.695851612063517564e+02,2.714926540860559356e+01
6.166572941567318367e+01,2.609428630465426124e+01
-7.227337490660656449e+00,3.335746762535629273e+01
-1.701851472217296362e+02,9.831539474948710833e+00
1.705221210206779574e+02,9.669975603522768637e+00
-1.706840277654931413e+02,1.758131860895199239e+01
-1.786943236435975280e+02,1.734708794249518604e+01
1.691608845485219774e+02,2.057088672962344589e+01
-1.724067334771011986e+02,1.669664777507587416e+01
-1.771745351013481127e+02,1.823996807301147527e+01
-1.782687163396738299e+02,2.991321016435000146e+01
1.743671903397986398e+02,2.233270611282732432e+01
1.760935280426234328e+02,1.670043217540406744e+01
-1.763592065365040469e+02,2.808885937318333248e+01
1.585288961923104125e+02,1.964312314085722022e+01
-1.651761590731749720e+02,2.027082280608151166e+01
1.764197751953532816e+02,1.280814233217565601e+01
1.536229562590602029e+02,2.356804361489684396e+01
-1.747075937340470944e+02,1.102631877169561037e+01
-1.760614033743397897e+02,1.768284007749271680e+01
1.570082699753217526e+02,1.880377614678285525e+01
-1.795935471904138296e+02,1.740563154165666049e+01
-1.675625974234133082e+02,1.160111910704395655e+01
1.530019514257058688e+02,1.731083104335955980e+01
-1.655699019101040221e+02,1.996590818984248727e+01
1.694512591274409488e+02,1.321268281685294710e+01
1.748582073098444596e+02,1.394097451986865366e+01
-1.578402753188656789e+02,2.965257929935943082e+01
1.792393285923282065e+02,2.237911989195179885e+01
-1.770023309626896264e+02,7.043638806827826393e+00
1.661859714742454912e+02,1.645786262207838391e+01
-1.668210879343334341e+02,2.663769103689975992e+01
1.799772895381208286e+02,6.920894622686985187e+00
-1.707953931246953800e+02,3.072168568530118904e+01
3.999887795516963251e+01,2.483160940311980625e+01
4.873262272349739277e+01,2.207245871281546101e+01
4.678601052258849080e+01,1.952755721925479193e+01
4.230664119313623672e+01,1.901471264644159831e+01
4.907378836254136445e+01,2.018688740160882844e+01
5.159018940300023104e+01,2.335592704851432444e+01
4.541236917064213685e+01,2.650412927687997211e+01
7.150816043849268056e+01,2.027908105214724799e+01
3.852506967263197168e+01,1.845316089192667164e+01
7.126851355046235881e+01,1.461145527611674666e+01
-1.756007531003079691e+02,1.712304568313908959e+01
-1.797816454338848473e+02,2.227704850238553291e+01
1.788686593125635511e+02,8.451186549865420616e+00
1.694241717134942178e+02,1.835600604316326212e+01
-1.753445900391776888e+02,1.254939789548146045e+01
-1.750760319561311178e+02,8.977063879957334791e+00
1.727887305939931082e+02,8.406347091894019741e+00
-1.663495917343353199e+02,1.676208202160293581e+01
1.768525136947152987e+02,1.523402280397405306e+01
-1.687628421594681640e+02,1.581767521083295236e+01
-7.047842683060156332e+01,1.528229797520109479e+01
-6.627252297420069738e+01,1.480319668495746832e+01
-6.136715810744389188e+01,2.488979135933879050e+01
-8.722412193442674777e+01,2.262947728422298965e+01
-5.768185537272838559e+01,2.038379727741177305e+01
-7.422092651241727879e+01,1.522028125032126411e+01
-8.019335222942497410e+01,2.407646810010859539e+01
-4.417352788416162923e+01,2.127342393369557527e+01
-7.454870915414871035e+01,8.283682138045630694e+00
-6.260180011534256295e+01,1.326210996915072826e+01
-1.439786668483904748e+02,3.308277200523615136e+01
-8.377513093218817630e+01,2.576866027340112808e+01
4.256768830559503058e-01,3.000169435330865042e+01
8.316759905738129532e+01,1.634471373287616558e+01
8.986221159100495015e+01,2.192902451607035985e+01
4.476390887207100633e+01,3.220573478676499235e+01
7.449826119796640000e+01,2.276138706192427463e+01
7.487425130936064477e+01,1.328331054171814429e+01
4.970138080806193415e+01,3.163404958081493135e+01
6.054769386025094491e+01,9.619010390729634707e+00
5.459460619543664706e+01,1.850443365864145306e+01
6.913720219565463765e+01,1.447961992783343987e+01
6.377968594891327569e+01,8.729359259846486196e+00
6.363879577379595531e+01,8.549739748645512449e+00
7.226740342513437554e+01,8.000007423863372935e+00
6.018959787492814684e+01,1.234138616850372294e+01
6.652927525410811427e+01,1.512296664124538026e+01
6.414752746983560883e+01,9.811786296419667153e+00
6.687765456189816859e+01,1.415675369806439576e+01
6.265553090031546901e+01,1.931602705921356034e+01
7.146561180885726117e+01,7.145984829903811786e+00
6.224144316805671906e+01,1.356262752665156945e+01
7.513608308892823118e+01,1.271456140667499568e+01
6.077514322294216953e+01,1.144436766326912647e+01
4.638308149716679907e+01,1.301262654497933369e+01
4.644151080256104791e+01,1.791565689708678022e+01
4.978045164276129242e+01,1.472462587075396101e+01
4.843980882939955990e+01,1.566508958193768208e+01
6.214185780788032076e+01,1.763001738358022052e+01
6.391863748727188010e+01,1.498510528568164091e+01
1.597695318307922889e+02,1.710689332302069232e+01
-1.689434816992717572e+02,1.497017392005456138e+01
1.706330878340476431e+02,1.559610438452563130e+01
-1.734038029390639224e+02,9.216333679295898307e+00
1.621013256524929318e+02,7.485511345330118971e+00
-1.761154920909437465e+02,1.488474712603316163e+01
1.727683560151098732e+02,7.355873791891466063e+00
-1.760638670774111461e+02,1.415176809979807793e+01
-1.735949418019182247e+02,1.950668045362755265e+01
1.668611407197287804e+02,7.580533189070463251e+00
9.738254031655866072e+01,2.539590730120095685e+01
8.724106301096199445e+01,2.462313653639368738e+01
3.553524513418890507e+01,2.412027159498101270e+01
9.111766607392760875e+01,3.480317739734722693e+01
7.352108526011630829e+01,1.521138945303704659e+01
5.981579883583554391e+01,2.995239073118595385e+01
1.013990431826730401e+02,2.522275628948971260e+01
1.303703923522689365e+02,3.056319797908513891e+01
1.721389035562935987e+02,2.120866781809553459e+01
-1.222865347781471428e+02,2.027586209517255611e+01
-1.627888165252869328e+02,1.801746113176543318e+01
1.612798027010825308e+02,3.506132754628436032e+01
-1.590075378682979590e+02,1.722402989092408987e+01
1.737982627745319064e+02,1.995293204921661712e+01
1.749163638901463287e+02,1.292931719950529867e+01
1.762750386768278759e+02,1.030482836871937913e+01
-1.723819672442971580e+02,1.876253431825403339e+01
-1.761673405457518129e+02,2.169862749703226257e+01
1.700243741762201353e+02,3.352238810557739157e+01
-1.227060742389321462e+02,3.050386518326779495e+01
-1.643447482372301067e+02,1.946122574372738256e+01
1.522658020428276586e+02,3.643613344874950144e+01
-1.654126339734340263e+02,2.422959073507899319e+01
-1.684103007689887477e+02,4.033977127249990247e+01
1.798474451801771465e+02,3.458321872182023071e+01
1.691773535978750829e+02,3.178534900691449394e+01
-1.576272560420979403e+02,2.734423958971923696e+01
1.750326136006408717e+02,2.180530408773083550e+01
7.415860863588086715e+01,3.944185280420921913e+01
5.721910411452981293e+01,2.242505327294183459e+01
9.430518165806738295e+01,2.953455339067214425e+01
4.620475424650816620e+01,3.647724483624582348e+01
8.354124677613225458e+01,2.573555156622701290e+01
8.827180100933237838e+01,3.749996551821403301e+01
6.312490583076886708e+01,3.226139381149174312e+01
7.806812994495240332e+01,4.669036333750921841e+01
6.977171009982269823e+01,2.061614058775034053e+01
6.315611571429560911e+01,2.977827407382288172e+01
6.337229815524212739e+01,2.007079979569984118e+01
5.884144356049120717e+01,1.565921098372979259e+01
-1.776227427689364333e+02,1.610069327798219163e+01
-1.780166507723259599e+02,1.560179220621758489e+01
-1.773106700215504077e+02,2.479416729085625803e+01
1.711343857899736349e+02,1.999629184225796763e+01
-1.640540888162473436e+02,2.031065388321825083e+01
1.661831633662911258e+02,1.091523948765444985e+01
-1.761038608426721055e+02,9.933510230977878663e+00
-1.768675151373207370e+02,1.795805628573651092e+01
1.794933657193069791e+02,3.222916055964058302e+01
1.783700681668472043e+02,1.633288329160552976e+01
1.763181573195192868e+02,1.872375382881598327e+01
-1.786120114302392494e+02,1.009953736349295284e+01
1.662215856619045837e+02,1.292609591036702277e+01
-1.796228763558137587e+02,6.169692971448607288e+00
-1.716641935148449534e+02,7.977604952991761422e+00
1.771260008893096369e+02,1.185121620701349343e+01
1.794250539139977434e+02,6.595573723242199371e+00
-1.540335584884870741e+02,1.352135750689324212e+01
1.658334096851938000e+02,1.619569401393985686e+01
1.760502479430134599e+02,1.059252606108925399e+01
-8.985699724605935046e+01,3.795417455717691269e+01
-4.193154877881283937e+01,5.131663588612899218e+01
-1.046913025495565108e+02,2.456148884947376843e+01
-8.420321644157573360e+01,1.804575904962958788e+01
-1.810098766388673397e+01,4.524854140207692410e+01
-7.662575967699051205e+01,3.407089491593661279e+01
-1.506204156706064623e+02,3.961672558364605123e+01
1.609615761725198979e+02,3.623470325093305178e+01
-1.614057166875830944e+02,2.778503019945388530e+01
1.779345976292807450e+02,2.768602602719239059e+01
-6.600123908363312353e+01,2.698138584929336048e+01
-9.399286246514250820e+01,2.923351344618707515e+01
-4.725890256305289938e+01,3.462834223466849437e+01
-8.077248944426121113e+01,3.006639759781620569e+01
-5.779770609605451170e+01,1.622392126363309472e+01
-7.734129620368977953e+01,2.512254295856607911e+01
-8.364718460118068322e+01,2.182085525113892999e+01
-5.863053416515802496e+01,2.020597115386991049e+01
-9.343525422333117092e+01,2.807132080397207119e+01
-6.984737728234163967e+01,1.982262490828047063e+01
8.293348098171928484e+01,1.839016386878181919e+01
8.559801892452804850e+01,2.307037571713410884e+01
4.166601092735594136e+01,3.222101016037468213e+01
5.812426642926666176e+01,4.021887260610095893e+01
5.201426107142826538e+01,5.254470212786043959e+01
5.272056298865655322e+01,1.172835244477028027e+01
9.501025069487361918e+01,3.547476897876092039e+01
5.088083933611631693e+01,2.917431771542580066e+01
9.486766623150434441e+01,3.445270040707486459e+01
1.073249947735939003e+02,2.236674790177262651e+01
1.768782196077922038e+02,1.457819575725740791e+01
1.788408140496067062e+02,8.695836117308637370e+00
1.580660841236771432e+02,1.823833324283073765e+01
-1.464200573057519250e+02,1.572731090435592094e+01
1.549614534770152261e+02,2.863886367832773416e+01
1.529206214796093946e+02,3.005250618446182287e+01
-1.297606675145604527e+02,3.123346054593310583e+01
-6.900649775174333911e+01,1.848379944964998245e+01
-4.998530636543428329e+01,2.103753833272168094e+01
-1.048775951955572481e+02,3.304851683010625862e+01
1.604644121604396787e+02,1.755238026231455706e+01
-1.748811078890015267e+02,2.979002081445309003e+01
1.725718444696861980e+02,2.027922297790328798e+01
1.783857332599601762e+02,1.240234038521982285e+01
-1.694727368897870576e+02,2.448903171508415610e+01
1.752575815094129439e+02,1.593860828892436743e+01
-1.752229377330876900e+02,2.109318606672434271e+01
1.782864704846134885e+02,1.201810988286273130e+01
-1.646173873959033642e+02,1.944194989631768067e+01
1.579402851626498148e+02,1.422521676042240202e+01
7.351440261910939000e+01,2.053283697627593085e+01
8.961223028278602953e+01,2.696684783953886821e+01
6.893238064904880957e+01,2.191641731878758748e+01
7.762714920333304747e+01,2.520792084895699503e+01
6.107770648112029477e+01,2.612019021040707045e+01
5.551935288987664308e+01,3.559325400832369724e+01
5.541304544647277197e+01,4.151196181732751711e+01
5.246658941834363077e+01,3.787398182487504528e+01
6.628042281418765924e+01,3.578603792477654366e+01
5.576530134210005230e+01,2.290731272878768010e+01
7.752995925719500292e+01,2.090737154697457711e+01
6.025823333447140584e+01,2.814940334454959370e+01
7.578339970091406030e+01,4.598107725889808250e+01
8.295493533626959959e+01,4.187848488062634544e+01
5.274548416308592635e+01,1.762977756564159648e+01
5.553882560360221987e+01,1.962059827380345212e+01
4.626928465973335136e+01,4.195961622546600012e+01
5.232614700725381596e+01,1.812752022274106523e+01
1.100113431281515375e+02,4.053544037200788352e+01
-1.668957945011203492e+02,2.125267081578535766e+01
7.278456163023670911e+01,1.734338992380722999e+01
4.951099377066260132e+01,8.894203629258143451e+00
7.468669379442756906e+01,7.058464782614734645e+00
7.419367860447481178e+01,1.315609108794490822e+01
6.833664801868906125e+01,1.095437859127862446e+01
6.243253118000236412e+01,1.132533112909478845e+01
8.211416812605109783e+01,1.366879963089910532e+01
6.486326028929757115e+01,6.663419273693931721e+00
4.888643775461047625e+01,9.688737189694030860e+00
8.276882954654612945e+01,1.230873270258777907e+01
-6.097423645023270922e+01,1.470957249700075486e+01
-8.323363973957924600e+01,1.587724417187045844e+01
-5.259336418857854767e+01,2.130958360241075766e+01
-8.457829333710054698e+01,2.169954888789089509e+01
-5.550650774707511914e+01,1.789560815435384811e+01
-6.787946887310438626e+01,2.102497060664937933e+01
-7.658945587595999882e+01,1.831642388791788889e+01
-6.450862114343391340e+01,2.452456212057452944e+01
-7.905667529832612672e+01,1.316583589973556556e+01
-5.840601250552276724e+01,1.789946380789226055e+01
-1.518536880360415751e+02,3.386887243702265238e+01
1.528370411627722945e+02,3.266109850902755340e+01
-1.692152669996899590e+02,2.837370367054211329e+01
1.797962172057248438e+02,2.361848089379105886e+01
-1.645653292881230243e+02,1.450760367286936869e+01
1.505768471096189103e+02,2.512691352207903250e+01
1.716853832810677432e+02,1.263094654577076170e+01
-1.545462810415791068e+02,1.956535624508881099e+01
1.752515641509793909e+02,1.996329246570142502e+01
1.760446313888469376e+02,6.772848662581102630e+00
-1.757121210798459572e+02,1.064335480760118635e+01
-1.599633484176566185e+02,2.221064252826804619e+01
1.563906337829873507e+02,1.237957104075210779e+01
-1.645043148595911759e+02,1.936098517738998126e+01
1.741435931710458647e+02,1.120011950440791537e+01
1.699175447337404137e+02,1.675211706511950993e+01
-1.730305927098321774e+02,2.483297848406250097e+01
1.790968733542050018e+02,2.201734945471004679e+01
1.795108291015327779e+02,2.119778854990142491e+01
1.721684054644968853e+02,1.245457929360712868e+01
-1.795309767274372348e+02,5.179144532479118546e+00
-1.707927852497187473e+02,1.389169254627621086e+01
1.708170033172635556e+02,1.237468825631578895e+01
1.742984457391619912e+02,1.109501554821520841e+01
-1.687312872632681433e+02,1.902563888859846841e+01
1.752364398692161274e+02,1.116572828004077422e+01
1.749815933323233423e+02,9.045108841554972301e+00
-1.674049176149732148e+02,9.958714553113804158e+00
1.592959804632174894e+02,1.193559051615563504e+01
-1.718470578915280953e+02,9.529276711762484808e+00
7.028510881813149069e+01,2.140183067608631973e+01
5.409882320800664957e+01,1.477664541440798374e+01
6.960973845536580029e+01,2.598014190209539009e+01
5.809576842097440874e+01,1.796021734399729297e+01
5.369579500470115363e+01,1.633243228907264921e+01
8.115130280364749638e+01,2.027732089582435648e+01
5.816449067336876766e+01,2.249131082151080108e+01
7.160386829993437630e+01,1.477055357697399351e+01
6.059333209390123898e+01,1.567211151511027367e+01
3.585329968569531900e+01,2.352334586890067669e+01
-6.655519051511025452e+01,8.055724216170599306e+00
-5.573353892862522230e+01,1.476655063637302590e+01
-7.461026323424803763e+01,2.569644396725362157e+01
-4.739043401171437608e+01,2.133745505330112735e+01
-6.919699244037045105e+01,2.115935644776186564e+01
-5.606343147920777170e+01,1.334278721374327148e+01
-6.376184926908887007e+01,8.682721435133251120e+00
-9.571914407024455329e+01,2.624629657415091799e+01
-4.931040030452112433e+01,1.721705757603227127e+01
-6.189698145890618264e+01,1.050173130582992265e+01
1.722289784218418163e+02,2.046657834328183156e+01
-1.716959298958862803e+02,1.277303871029579874e+01
1.601251371282560001e+02,2.149110053004679699e+01
-1.615784515252207143e+02,2.127839091050459785e+01
1.510756152401218060e+02,1.225350204740462878e+01
-1.662857006331439322e+02,7.011575632885742593e+00
-1.789055422072469526e+02,1.562690031016594006e+01
-1.721177138319559390e+02,2.446269337240312680e+01
1.697228071784633983e+02,1.013604845025370871e+01
-1.709321937981777921e+02,1.373552670477234727e+01
5.406176336997041432e+01,1.204293928589719798e+01
9.211390822120968380e+01,1.922424745994625539e+01
4.751934192080998542e+01,2.903165702904956191e+01
6.675649809209062369e+01,1.342916966050601069e+01
4.860237631675833114e+01,1.603916296611996017e+01
4.904150690633100140e+01,1.380382293427899043e+01
5.541366751352929754e+01,1.493151665116960913e+01
3.708108312658841754e+01,1.711202944796360725e+01
6.644086262582547420e+01,1.973809044864886886e+01
4.422637249301556039e+01,2.584974499173224061e+01
7.101279738202350700e+01,2.228427137304301553e+01
6.216017825856354051e+01,2.698176987132173821e+01
7.950494958211997698e+01,2.553208704252019245e+01
7.195839485803423941e+01,2.371926815268497890e+01
3.125862037884157729e+01,3.041619229602947172e+01
8.430250627661294516e+01,2.916835701085444299e+01
2.991401445559463923e+01,2.501949529994659116e+01
6.519609318492990724e+01,2.370436761366845246e+01
6.168427759041902192e+01,1.383442554618216036e+01
5.007165123504908877e+01,1.459344178262736946e+01
1.757423454105478697e+02,1.539831223067226951e+01
-1.737509456462863682e+02,1.707131114667079430e+01
1.763235919723962866e+02,9.440338553043590153e+00
-1.674008308724354492e+02,1.238894748940791679e+01
1.674935535180699446e+02,1.252594112241515845e+01
-1.553558022050364968e+02,1.550785455093680199e+01
1.618204064566462250e+02,6.027840877988322354e+00
-1.691672954589140261e+02,9.770705572063210553e+00
1.673897033281700999e+02,1.104278091750429347e+01
-1.663658775055843080e+02,1.626607962523006279e+01
1.710552775741741982e+02,2.513625044836648925e+01
-1.643919832797863307e+02,1.706633598545825947e+01
1.652538617061067896e+02,2.728519582426513779e+01
-1.707947616650577913e+02,1.766292006902423140e+01
-1.748960341205964255e+02,4.156384091578193818e+01
-1.525495048285717701e+02,1.302603177770085985e+01
1.457095563325570424e+02,3.727247394782845902e+01
-1.751257876427267490e+02,2.328945202941885029e+01
-1.591002158224232801e+02,3.604774750044312270e+01
1.741729944041586293e+02,3.373636363061152821e+01
1.791355451547714495e+02,2.409208150936812132e+01
1.694311774968500401e+02,1.130278257448343204e+01
-1.764495032848407448e+02,1.722491269436150674e+01
1.767641782157941179e+02,2.917740186301845995e+01
-1.766150126805146101e+02,5.030548733522583404e+01
-1.685828559641751667e+02,3.150081683780848607e+01
1.596800524779077932e+02,1.725359537524565567e+01
-1.722998375276625325e+02,2.777937221509321475e+01
-1.712276506017100246e+02,3.049572289908094902e+01
1.543008756431501638e+02,4.310520663276199116e+01
-1.480827540844707642e+02,3.772561492025303664e+01
-1.784801026459017521e+02,2.527880212813342808e+01
1.501171762632625928e+02,5.086502833123580558e+01
-1.539523908077094632e+02,2.702624457193864416e+01
1.779742090769845788e+02,3.210717823531138748e+01
1.267573452998094723e+02,2.461876652493651108e+01
1.471752924927012316e+02,2.772040228821447982e+01
-1.412356197962456861e+02,4.048507758770685427e+01
-1.518058190981305131e+02,4.310175765228112255e+01
1.232675892460606661e+02,3.859855233155990106e+01
1.263414336324771909e+02,4.234856820844069603e+01
1.265372735937083917e+02,2.482459670661570073e+01
-1.719042524737982944e+02,1.319323330142001183e+01
-1.778408760706868179e+02,1.721469741366351514e+01
-1.581635319988542676e+02,1.700939263368398358e+01
1.727411824773152489e+02,2.812231652585717612e+01
1.727070303998084739e+02,8.908482705892238229e+00
-1.621391326796554040e+02,2.457855022580074689e+01
1.473052445528423959e+02,1.624205369328484139e+01
-1.384906487369759418e+02,2.513819865855539604e+01
-1.426915990039135806e+02,2.250691271309671748e+01
1.595615725285564395e+02,1.809334226695460757e+01
-1.539559002002774264e+02,1.109866950502590299e+01
-1.748424204483843880e+02,1.265518912007906138e+01
1.598074876547825909e+02,1.723658539133727530e+01
1.786281668189356253e+02,1.333312702286055540e+01
-1.495413147110278373e+02,2.017621099853396061e+01
-1.484189332025372039e+02,2.343351184342942162e+01
1.656925525514151047e+02,1.476633712924213526e+01
1.687823257374971604e+02,2.446111406335484162e+01
1.752402403148061580e+02,7.928785355403604740e+00
-1.544189401743829251e+02,2.080417131783549678e+01
1.654556797280940259e+02,2.302303839371717942e+01
1.794816988307175905e+02,2.451569163259215145e+01
1.790068412148803532e+02,1.831525888378585876e+01
-1.605836558609700262e+02,1.407706619836769768e+01
1.520545345275468492e+02,8.693839744443272011e+00
1.789485085711772570e+02,1.317647747409465531e+01
-1.792232080222380546e+02,6.637052692760589068e+00
-1.618243846617936867e+02,1.546083702590104281e+01
-1.659189039393347116e+02,2.355419872152060989e+01
1.646897401885579768e+02,2.256508488328087836e+01
-1.690516834590370081e+02,9.761038419931155730e+00
1.756495244446064135e+02,2.051438070018460991e+01
-1.727312200530008113e+02,6.892540680190074376e+00
1.646857719929383563e+02,1.905433388307526954e+01
1.719370827315820236e+02,1.475506340379941861e+01
-1.671226189619131617e+02,2.162428537404344908e+01
-1.554794166320202180e+02,1.739533260531602110e+01
1.340776484387358778e+02,2.821731370932256056e+01
9.498374462397882212e+01,1.732762099035267056e+01
8.890769830397910312e+01,1.714058819970863112e+01
4.034938589384302077e+01,2.126727890292757550e+01
7.154988952455599360e+01,1.274746465696850706e+01
6.094589886642248189e+01,1.049319762517572663e+01
5.868473507463215810e+01,1.170549237597224668e+01
7.577578126031353634e+01,8.833683917603750047e+00
5.647655958204327931e+01,1.197985157346837148e+01
6.273768255660728244e+01,7.513160868394191283e+00
6.155119892541907944e+01,7.932290805940001022e+00
5.192261713664920819e+01,1.463068745315870345e+01
6.947291223857389753e+01,2.612613444594957812e+01
5.465424954593618878e+01,2.237042207508969938e+01
3.866716564784154997e+01,2.179735413940003497e+01
6.345735496665391651e+01,2.083004148849035175e+01
4.163906013862262512e+01,1.750555477205865529e+01
7.247213007910748672e+01,1.687376547434381990e+01
7.914026914902908061e+01,1.652154261037537353e+01
3.190177814025643244e+01,1.470735934550650370e+01
5.825457363470541594e+01,1.802504048505984713e+01
1.791158219585513223e+02,1.716601268833835547e+01
-1.745922479210466349e+02,1.732987960273603179e+01
-1.749101748611967935e+02,1.725998025225673160e+01
1.549825429285207861e+02,2.223195073697159785e+01
-1.593627129059372010e+02,1.130181534050583991e+01
1.651293339483803493e+02,7.414496366971341956e+00
-1.679368377049579237e+02,1.295059176025417358e+01
1.733724287131547896e+02,1.614581236084269733e+01
1.539831537289628045e+02,3.067839323154483822e+01
-1.667807267036181997e+02,2.091131803682101520e+01
1.779664692560018864e+02,2.455462594763622164e+01
1.776192444412991733e+02,1.865077915973933642e+01
1.786135640129207616e+02,3.071114832223209135e+01
1.756475088026787148e+02,2.527369159041073843e+01
-1.751975726226100392e+02,2.398338186905807135e+01
-1.780680527931548056e+02,2.467873457507085178e+01
1.628513289783319067e+02,2.039438743670763898e+01
-1.764157151571725137e+02,3.075282744176251981e+01
-1.758765284846838028e+02,3.539845944228007113e+01
1.737345964625729948e+02,3.808665392047677756e+01
7.939404025522541986e+01,2.672142596902824963e+01
3.906346054526278522e+01,2.702206822327425328e+01
9.859260937736610231e+01,2.264006415153388474e+01
5.629670521081409618e+01,1.986192329631430198e+01
7.779138574045727239e+01,1.699961990527406641e+01
5.200079193966160318e+01,2.274937376598823136e+01
8.742922127474474792e+01,1.852650331009778029e+01
5.018738080153097059e+01,1.912573998558947608e+01
8.611121544650725923e+01,2.216756739231891515e+01
6.221014566016045677e+01,2.401173746694285072e+01
6.837140121053893438e+01,1.517531295634595701e+01
4.298615510056577449e+01,1.433473169799807501e+01
4.582471787949990727e+01,1.106102106414913422e+01
6.121101243522317503e+01,1.289943548268460560e+01
6.253716593648284316e+01,1.295287455626974271e+01
6.223443170872246100e+01,1.582669066225545151e+01
6.222362336858805776e+01,1.360389793472461939e+01
6.988501999295431233e+01,2.000948183973381944e+01
5.428099741691612223e+01,1.320436777268816542e+01
6.474387364993840777e+01,3.062247596699403118e+01
1.885332350144548386e+01,3.262193772054051522e+01
5.263500162084765321e+01,2.326379465111757483e+01
8.041912433523361869e+01,1.566142315010031538e+01
5.417665648795912858e+01,2.089846600363438611e+01
5.536454742580146871e+01,1.522870392174062104e+01
6.235335649587891993e+01,1.049787431256740078e+01
4.761744132886576608e+01,2.088836521749454533e+01
3.799964218796205273e+01,2.056556046501427204e+01
8.995270729947495170e+01,2.010440189289209556e+01
4.038218825828963787e+01,1.739866800367214239e+01
-1.725389711167181588e+02,4.265155449725346770e+00
1.241597790820952412e+02,2.200881305174203106e+01
1.699295398508921267e+02,1.740951073763151413e+01
-1.098643990982173619e+02,3.394539368950584191e+01
-3.276790290261505589e+01,3.005814300191966737e+01
-7.154337855235941390e+01,2.659741399523423055e+01
-1.136234284670539978e+02,1.842184039308337873e+01
-6.020203141083003118e+01,2.076203124345625284e+01
-3.999329375046731627e+01,1.425902719859618095e+01
-9.007355632741200679e+01,3.611724172579641845e+01
1.530228155645311006e+02,2.014784181644649408e+01
-1.567254578297690273e+02,2.517712341379274932e+01
1.627901627574507017e+02,1.977958081487188835e+01
-1.624453605273469918e+02,1.894538962700356421e+01
1.584683410780066311e+02,1.815336379837884806e+01
-1.712419191730630246e+02,1.802661817953153900e+01
1.639459398101913337e+02,1.667001860851456030e+01
1.699152207917299222e+02,1.072322446984657240e+01
-1.244398508822286544e+02,2.755195263764525038e+01
-1.582299315921241316e+02,1.052192406119046808e+01
7.596971835792311367e+01,3.155377837360070714e+01
5.923647538097621634e+01,2.242857673798082629e+01
7.032257845469654001e+01,2.101652316153685618e+01
7.022267979849281971e+01,2.807775118171295858e+01
7.622932719064715457e+01,1.914856138529188812e+01
5.832847893547165086e+01,1.865555621139298381e+01
5.187342191048584539e+01,1.515816608338690585e+01
9.501474179639349416e+01,1.844411699059084597e+01
7.859073695897794209e+01,1.998180493117311585e+01
5.712988809974036286e+01,1.438075956366381192e+01
4.001326777794010781e+01,2.173634532475167092e+01
8.241411815486664239e+01,1.820835615855325784e+01
6.856339564694131639e+01,1.075340123943630743e+01
6.064873288220634606e+01,1.634424106631253792e+01
8.695980360660985298e+01,1.291969425767152302e+01
5.463403865341764032e+01,2.174868140692196050e+01
7.084563363965462202e+01,1.382031781090153189e+01
8.065815747224264953e+01,1.490133410830013183e+01
2.627228974691835361e+01,3.039700066862552319e+01
6.634031280255835838e+01,2.520673044419175213e+01
3.287540172352299095e+01,2.804396485114946458e+01
6.595822168057510737e+01,4.585045384036406091e+01
7.349533515813288886e+01,3.477514395941788194e+01
8.740151960162215516e+01,2.162160001860366521e+01
7.302580741943910425e+01,3.701508517686001198e+01
6.635367615749095194e+01,1.754574371353633921e+01
7.789140923812895778e+01,2.190244487114725302e+01
4.732514048387570682e+01,2.134769741813243726e+01
3.975792502481652946e+01,4.253688700523258603e+01
2.249583445396987003e+01,3.555529746340072705e+01
1.649892401361998111e+02,1.287115283017515921e+01
1.761804467068602662e+02,1.551972181225330871e+01
-1.532416496011269373e+02,1.985190888906301154e+01
1.406005387751259832e+02,2.047793261102020779e+01
1.378541282399680767e+02,2.090886619607203656e+01
-1.596833760336741364e+02,2.153951157947256334e+01
-1.596612091343724558e+02,1.918785528472333368e+01
1.329980511958078182e+02,2.648730259253621711e+01
9.921552209160799407e+01,2.372876602611702168e+01
4.924118634047584919e+01,2.654819316511491323e+01
8.451561053013757885e+01,1.459952891679456144e+01
6.328574535044312199e+01,1.852376204650269287e+01
8.808544169821988135e+01,1.353277909838515747e+01
8.458332607407839987e+01,1.319183742938519899e+01
2.633789802177480865e+01,2.305557685406559898e+01
7.975858435902262045e+01,2.815699437514420822e+01
1.405114639643646512e+02,1.797278758857432734e+01
-1.207135432761339615e+02,3.472451651794615657e+01
-3.970093280390866397e+01,2.954140675763777324e+01
-2.421714804502765972e+01,4.247442768687901093e+01
-5.291737194473518713e+01,2.380682735096156222e+01
-8.436434177932868295e+01,1.849914886767259503e+01
-3.524716469278536124e+01,2.230861802918812131e+01
-8.912551264158575748e+01,2.515710385086072520e+01
-1.289253507160220522e+02,2.376410032719175547e+01
1.518094921309739789e+02,2.266919594629589341e+01
-1.733622347884134456e+02,3.054680458003954868e+01
1.757293801027146856e+02,2.939503764598726931e+01
1.674870283343305459e+02,2.393918386486543071e+01
1.545870546925709164e+02,3.580689924264075330e+01
-1.767068689812253126e+02,2.672377136407402176e+01
1.650006463636611329e+02,1.858026383437799112e+01
-1.647119991302477047e+02,2.153971969332430803e+01
-1.782244336693504749e+02,1.834785621912494236e+01
1.690623249490070634e+02,1.930711202776464575e+01
-1.634509738348659198e+02,1.824902887513923844e+01
1.728965884688042820e+02,2.896386316565517305e+01
1.659298581688520642e+02,2.304074999183957928e+01
1.771498642670051993e+02,2.227186470932842255e+01
1.779542865851472015e+02,2.273873932223636984e+01
1.520425160761167547e+02,2.046581628585743573e+01
-1.689506954230307372e+02,1.487866122058636265e+01
-1.707630382185212738e+02,1.195864026808404645e+01
1.568487354909403848e+02,1.554871071667406923e+01
-1.736142185037802221e+02,1.261288576496645142e+01
-1.680986905840788097e+02,1.631654799175661807e+01
1.590709956345177147e+02,1.379927929325152469e+01
-1.684566791516405431e+02,1.237854384989790191e+01
-1.594410837309962972e+02,1.988487333395589829e+01
1.379622977602061553e+02,2.340284446541236463e+01
8.853740436820542925e+01,3.252322193701067476e+01
1.033864952468322826e+02,3.026178704380229334e+01
1.011370346744411393e+02,3.046571358801499940e+01
9.199433878503297990e+01,3.441123358114037956e+01
7.087466299995213603e+01,3.294614044173664524e+01
7.828531456989510673e+01,2.290749311973653590e+01
7.969887973246540014e+01,2.011574174705765472e+01
8.435331623056902117e+01,2.263700521889531814e+01
6.754224661087818049e+01,2.389948439854743967e+01
8.433464123704222004e+01,2.404002139289673323e+01
-5.950774089867044125e+01,2.250618454759211318e+01
-7.383013923279423807e+01,2.836283504894124974e+01
-7.293057934502634509e+01,1.658904824118864241e+01
-4.689820249177770961e+01,2.299096294188891676e+01
-7.359701484747164102e+01,1.158396309828147253e+01
-6.082691036228170844e+01,2.184034373853864253e+01
-7.145843106095196617e+01,1.854863793340728151e+01
-5.113834371738280282e+01,1.901736410805713362e+01
-6.844874231294342337e+01,1.711915958436776464e+01
-6.001994294635568394e+01,1.786330374659927145e+01
-1.665277141239214416e+02,2.146358329560760225e+01
-1.722651731805211739e+02,1.917983655416842126e+01
1.603803745349145800e+02,1.717967137468133387e+01
-1.715381033731941898e+02,1.652541168320135156e+01
-1.605866769597446932e+02,1.971722063201102060e+01
1.744137011137445654e+02,1.375358302444661263e+01
-1.766819630082050026e+02,8.052497778304527287e+00
-1.794786516208263834e+02,1.679298147154344889e+01
1.531016348034251564e+02,2.376709940567074852e+01
1.705210346486754815e+02,2.513972203927001559e+01
1.733014213344130212e+02,7.307497694387571130e+00
-1.732921227217657645e+02,6.721973543138923368e+00
1.745243217009735588e+02,7.763998235543908777e+00
-1.739885285327364102e+02,1.835836635000310579e+00
1.768957888255227431e+02,6.641824031392403072e+00
1.758335101838686114e+02,1.432743074517470072e+00
-1.680037303788759289e+02,5.641514311851830499e+00
1.664620315273465394e+02,5.723590387699716509e+00
-1.628761340060469252e+02,7.312804825968273192e+00
1.721577067963942511e+02,4.915156937336600862e+00
9.837104745030239883e+01,2.968581956141079914e+01
5.738533986430604017e+01,1.952240362461066070e+01
8.015383818159472185e+01,2.695781929436793689e+01
4.189167540754346675e+01,2.394816702214608739e+01
8.443304389100981666e+01,3.877810160111343407e+01
1.698962282130534618e+02,1.884542254268670192e+01
-1.172826721511536903e+02,4.115223295231353973e+01
-3.928098827274394722e+01,2.393154543682842927e+01
-4.554003236986691405e+01,1.979395134875153772e+01
-1.492724978727002849e+02,1.484999389315376384e+01
-6.245169150163810201e+01,1.354431302342387156e+01
-8.099100402122866171e+01,1.996999807809641680e+01
-4.985990765791563462e+01,1.994605200383437449e+01
-8.259950434995113255e+01,2.306202878406326562e+01
-7.804370739619464814e+01,1.152336494054298655e+01
-5.980704763962679493e+01,2.458277616646346431e+01
-8.217270735396576242e+01,1.915291954551935305e+01
-4.383833009865148256e+01,2.054592951263025924e+01
-9.295251612469274960e+01,2.001262841743026399e+01
-5.403127843649073725e+01,2.088775107615466453e+01
1.659270640546121456e+02,1.641243584608551487e+01
1.602790692583160421e+02,1.289595115097461964e+01
-1.673043437557053892e+02,1.589747408687129848e+01
1.631645824837899283e+02,2.088491381572347194e+01
-1.751006767034106701e+02,1.727885173929957574e+01
-1.741594330890181084e+02,2.208344257139247091e+01
1.502886732949785653e+02,2.292477344767180369e+01
-1.708719698027155118e+02,2.092881395820273127e+01
-1.751660942153720555e+02,3.054417495646356073e+01
1.619540126009596861e+02,2.981247565783385767e+01
-1.684335393463234425e+02,8.290848237215254102e+00
1.736128929766609019e+02,1.118969715555989097e+01
1.795855506241295814e+02,8.763708051463543924e+00
-1.647742856589501343e+02,1.687020085259344881e+01
-1.770381391479067759e+02,7.866802445226690921e+00
1.568066072323636888e+02,1.186841243211678076e+01
-1.610931757424110344e+02,1.115347308922209280e+01
1.730811849866254022e+02,5.881590509283487478e+00
1.679363978843163352e+02,1.320992144109306743e+01
-1.735909325091450626e+02,1.242220151388861638e+01
4.477870371795274451e+01,2.308169831313752596e+01
7.193456182889171657e+01,4.179946573406995469e+01
5.398254076863979378e+01,3.025982666824779699e+01
4.580088215274253116e+01,3.066926077733236156e+01
7.277397392584654767e+01,2.887981056403088331e+01
9.186087734300930663e+01,3.073909157809082515e+01
1.764760412514283416e+02,2.156621657359017874e+01
-6.231247513537336857e+01,2.837238461502204245e+01
-6.766106037252311012e+01,4.180578232843238595e+01
-9.144294736751953678e+01,4.498119542969622842e+01
-7.190912643701655327e+01,1.412723721908046670e+01
-4.742898724193624815e+01,1.181115515891364609e+01
-7.272762444557073991e+01,1.854654003587062050e+01
-2.798057326068477835e+01,2.066715662458057068e+01
-1.093203316569010894e+02,2.144679072109169127e+01
1.561812141927505024e+02,2.624104244937400310e+01
1.334735707587651348e+02,2.649423034136094657e+01
-1.497695421517402679e+02,2.637196476244743337e+01
-6.219248967394980809e+01,2.670724267907483807e+01
-2.980642479256817623e+01,3.386098031908814932e+01
1.132839387772472577e+02,3.665924167623902008e+01
1.207788981454802126e+02,4.473805080007473123e+01
1.787391482425963716e+02,3.027536017205052588e+01
-1.253066033574928611e+02,4.116145592503204398e+01
-1.256702031272138242e+02,3.921904394660950999e+01
-1.371878826578315227e+02,2.849508433996513190e+01
1.685812310680310873e+02,2.446788443758341458e+01
1.648848399725990248e+02,1.745849848276458260e+01
-1.428252606900198032e+02,3.375802290022033247e+01
-1.794918373759066128e+02,1.071862453192365550e+01
7.767682875074875426e+01,1.304370471506561557e+01
5.696006199567591466e+01,8.783551822759674721e+00
7.945227340501116942e+01,1.276134039176658774e+01
5.689405890405276267e+01,1.234590188601893601e+01
6.212572927185074434e+01,1.413206854724018946e+01
8.556073826067782306e+01,2.066192474485812269e+01
6.740582455262577355e+01,1.699048996343940843e+01
7.662807436462706789e+01,8.731972805197013798e+00
6.983771105954583902e+01,7.298588106367020600e+00
6.819007864101183714e+01,1.164602649481821928e+01
-1.669003156552380176e+02,2.370332479876934073e+01
-1.781887519654674179e+02,2.319430808037959935e+01
-1.670996783398107652e+02,3.250992585328726392e+01
1.615800863386337483e+02,2.915851365785783500e+01
-1.670278622567880973e+02,1.221882145620817539e+01
1.623648136099299961e+02,1.746708099371769407e+01
1.596153871227224670e+02,1.605902061870756370e+01
-1.642701158096263043e+02,1.846821338835763271e+01
1.785117233134170647e+02,2.154059370271333407e+01
1.721941209248971916e+02,1.948451771581657965e+01
-1.762395750035563537e+02,3.623506384202593189e+00
-1.695075168663732086e+02,8.784856452748522671e+00
1.735324166479210533e+02,9.702065638756081967e+00
-1.707644173909279459e+02,1.284578906464879822e+01
1.698565646004236100e+02,6.378176912003551635e+00
1.777155203680522959e+02,9.251901342723069632e+00
-1.728391774229115185e+02,1.234096230064809951e+01
1.591843069864525262e+02,1.347186575004453957e+01
-1.515773000496237159e+02,1.072509503706392664e+01
1.636920137035590983e+02,8.984314873821611869e+00
1.547779756871238419e+02,1.054191123954885079e+01
-1.620133870954262534e+02,1.629593306006482578e+01
1.776031553078429965e+02,1.504987831331189696e+01
-1.729331217782743977e+02,2.115637123041714318e+01
1.352472118851621872e+02,2.074712882581871298e+01
1.633626022295444784e+02,1.820862009436348927e+01
-1.335801662416060083e+02,2.579269495538256507e+01
-1.465420064386234458e+02,2.008241430363869995e+01
1.335319802057370566e+02,2.774429914559685528e+01
1.601072961264339938e+02,1.575899415015103955e+01
1.773285253331617355e+02,1.173737260622474032e+01
1.719473934919867872e+02,1.372111670931587923e+01
-1.689380995877151292e+02,1.717831960404519620e+01
-1.756496427069706954e+02,1.613453485484773253e+01
-1.784493939631923070e+02,1.302079288378888933e+01
-1.796761090116465880e+02,1.391262838376770716e+01
1.774281541122099952e+02,8.049166210676585109e+00
1.724202341732209049e+02,1.701100385172265561e+01
-1.705419269980979777e+02,2.362465080212568225e+01
-1.656174224478359633e+02,1.689599598762382726e+01
8.730944711005626857e+01,1.974684240731089346e+01
5.616192241233365223e+01,2.792265097688614617e+01
4.678199588997921410e+01,2.494187908939090903e+01
9.694235965998836946e+01,2.799605186421426239e+01
3.025316012621386008e+01,3.013914690759302317e+01
4.850751278272288403e+01,2.407250208534083669e+01
7.277124681268860229e+01,3.792955326794540838e+01
4.288362750256789724e+01,2.385250808656110877e+01
8.952843734075686655e+01,2.687176482234229979e+01
5.072976856020994774e+01,2.296062423999288882e+01
-1.553845310390283032e+02,1.651415851854264361e+01
1.641962044609134921e+02,1.313955501730175079e+01
1.709407235839253190e+02,6.712219837037822323e+00
-1.441205099555209301e+02,1.230078585008417669e+01
1.714640291602298419e+02,6.367672539715736768e+00
1.689177273813938598e+02,1.424481987046394593e+01
-1.776734655931608700e+02,1.323382558174793644e+01
1.704227955475905389e+02,8.623281396468556181e+00
1.527644554161529697e+02,1.236659153914420273e+01
-1.794076268938670751e+02,1.093551794280986655e+01
-7.942132132684903922e+01,2.203219586862039847e+01
-5.550496299380685628e+01,1.622614111249475499e+01
-6.719130190924357748e+01,1.929676987403179567e+01
-6.740545207493337898e+01,1.404155560359048494e+01
-5.901907446000192436e+01,8.525227195019665416e+00
-7.853017934206229711e+01,1.011104409196563481e+01
-4.587302510944044087e+01,1.579766777207218453e+01
-7.180097425016242596e+01,2.646891232913898051e+01
-3.907763049779033793e+01,2.358057540674635177e+01
-5.098776100227987484e+01,1.344160210455665805e+01
4.951073775551574130e+01,1.527805008810543796e+01
7.650512734611146470e+01,1.866671255009487496e+01
7.465495356305633834e+01,1.969504066700271849e+01
5.991914238356714151e+01,1.769804423730571585e+01
6.001318602340160169e+01,1.491000382207850627e+01
8.880868734179266255e+01,2.156991640590583614e+01
5.708802401964719309e+01,1.902000640260894926e+01
4.073124258402044262e+01,2.635128745249186366e+01
9.998754118022004889e+01,3.086855374578873068e+01
1.336680615950009781e+02,2.551605733182615765e+01
1.346687549806544837e+02,1.890114394169023271e+01
1.792500303802448798e+02,1.797491767537461271e+01
-1.736252537645445670e+02,1.687889764277807103e+01
1.775099197994867950e+02,2.528635875239918107e+01
-1.430632477269285801e+02,2.558227637810710320e+01
-1.743378310875104660e+02,1.831560790885909995e+01
1.478826390055441493e+02,3.008702907822411987e+01
-1.717998836246588610e+02,1.845431033251991693e+01
-1.764014458403846106e+02,4.455308758980962125e+00
1.649079025750656342e+02,7.121266369148924191e+00
-1.629308133613005225e+02,9.363105337997765787e+00
1.606472630840014517e+02,1.466734369461729948e+01
-1.731352715268451448e+02,8.156100550121255566e+00
-1.790442031563296439e+02,1.187545340327151955e+01
1.795009841385446236e+02,9.974855446000281844e+00
-1.757589996412070832e+02,1.234438634368302878e+01
1.692958843443086892e+02,4.053437202440910880e+00
-1.781857467295842525e+02,9.122738073734543818e+00
1.662359229917516075e+02,1.173147883877255815e+01
-1.686027979522757505e+02,1.190638435463284139e+01
1.663440678388452056e+02,1.577197774066532787e+01
1.791351490015805439e+02,3.115877243376788996e+01
-1.786928122174071234e+02,1.421313673230082664e+01
-1.708308378811409796e+02,1.284557290349059500e+01
-1.772553505662642408e+02,7.798012904392271238e+00
1.665808674206783451e+02,2.337199380212063815e+01
-1.601549340985362164e+02,2.809769059548602144e+01
1.686490203583406640e+02,2.408611811801418057e+01
1.574126106909604914e+02,2.068486991105568862e+01
-1.621081076922187663e+02,2.454299769004734344e+01
5.982274487280250241e+01,2.250715599301386760e+01
7.988997065375043860e+01,1.006587025220051856e+01
7.294470621057695325e+01,1.094915366983273231e+01
6.376265120071091275e+01,1.137175661500410762e+01
8.297584735249664334e+01,1.658649254959860997e+01
5.539159736827902236e+01,9.060783501573638432e+00
6.074476574436361886e+01,9.868822162842683099e+00
5.686792242413591225e+01,8.793566205398519742e+00
5.669489724556417798e+01,1.521441023351768074e+01
8.948084562056315860e+01,1.448141981907161124e+01
-1.786915358981995894e+02,1.071811577448970709e+01
-1.734270150066511178e+02,2.665249791605524621e+01
1.611811762313745078e+02,6.975881423698033323e+00
-1.595322015242358304e+02,3.223601653660643507e+01
1.590739469977565079e+02,1.469341026003682948e+01
-1.767604374382441677e+02,1.980909452244148028e+01
-1.591970843268082092e+02,2.903666922117696458e+01
1.516794737644841859e+02,1.566586639955429661e+01
-1.719415493296458521e+02,3.395017292348384785e+01
-1.713747395126154061e+02,6.456868893064938497e+00
-6.486591576847753515e+01,1.508205804201182865e+01
-3.173721667909888211e+01,1.641765260243724711e+01
-6.747709114161044397e+01,2.393481572807490920e+01
-2.999860891061332069e+01,2.183617160268195789e+01
-7.708700739591856177e+01,1.202464913798530155e+01
-5.153786464652017685e+01,1.782844329621923407e+01
-6.975095324885447212e+01,1.496815400449804478e+01
-6.414192222792163989e+01,1.331502345927862230e+01
-4.224823435559889617e+01,1.627681908945330846e+01
-8.220723921809755552e+01,2.007082996230773375e+01
-1.546811270207531379e+02,3.967985173072050742e+01
1.551266486432304532e+02,1.881354774215793668e+01
1.692647317764587740e+02,1.237460433851237163e+01
-1.630628822867652445e+02,1.400058552872275186e+01
1.662622321560933756e+02,1.717350455727224556e+01
1.689064243741360372e+02,1.794666481529998237e+01
-1.655749181604909950e+02,1.764114254639731172e+01
1.630634722694538823e+02,1.481411540890410627e+01
1.611780029708701534e+02,2.107799884387372202e+01
-1.569781746974198313e+02,3.318091555931520986e+01
1.719015144037322216e+02,2.817146899999757537e+01
-1.554206483161254368e+02,2.127546301868158451e+01
1.589052343064750801e+02,2.754301149324780695e+01
-1.665312504631806974e+02,2.131983859725288966e+01
1.537519700390987509e+02,1.976321782413752004e+01
-1.637690767904331892e+02,2.886644192392068931e+01
1.685772410962656522e+02,1.417941038641304807e+01
1.506402962817888351e+02,2.802834978366852425e+01
-1.456625993699196613e+02,1.788999052241393883e+01
1.401123132516660519e+02,2.889701415207508717e+01
-1.579459625158299332e+02,2.915468657694513865e+01
1.549139003484887667e+02,2.418029514459302121e+01
-1.543163157195250221e+02,1.957554258944986358e+01
1.391872880537013089e+02,2.568001036419171612e+01
-1.688841028309375076e+02,2.553395554812289348e+01
1.703982653872750177e+02,1.485362754791977835e+01
1.688741361381271702e+02,1.721056839990795240e+01
-1.482951635193456923e+02,2.465179809278521361e+01
1.687398742156768492e+02,1.988190744036065283e+01
1.410169619840611119e+02,2.913450292549117293e+01
-7.011166407897917452e+01,1.966752210071635432e+01
-5.482671025715875857e+01,1.715179784050594947e+01
-6.234361725400608378e+01,1.993677383990838337e+01
-7.516097340047484465e+01,1.525493598768598957e+01
-5.464693765322263630e+01,1.877816534695267947e+01
-8.139061197782500301e+01,1.625451737810006492e+01
-3.980756654498078007e+01,1.541350073941415033e+01
-8.601809338205372057e+01,2.073742514264455394e+01
-6.823302276737686611e+01,2.055168373491576617e+01
-6.058932679338438021e+01,1.884874321147433207e+01
-1.278157125836455350e+02,2.990392406390235891e+01
-1.411611302343383443e+02,2.672508038400672348e+01
1.467425942789000999e+02,2.354938302666874961e+01
1.531822420847443880e+02,1.648675993353603531e+01
-1.638448285376494766e+02,2.993536001308138950e+01
1.697593941511686921e+02,1.035910506203297032e+01
-1.746072497430234023e+02,2.088855892349084087e+01
1.716611328709897464e+02,1.975471139686087696e+01
1.699920632360423838e+02,1.195934187373192970e+01
-1.627905514193984970e+02,2.143682511619086739e+01
1.754760372031704776e+02,1.207501488643593390e+01
-1.678391575363380923e+02,1.631662236510069874e+01
1.682885127486640897e+02,1.674032262548844585e+01
-1.549999341857420347e+02,1.470026056703938089e+01
1.428046106578880767e+02,1.585911612912281043e+01
1.361849642817575443e+02,2.263283527444454535e+01
-1.544775360034786331e+02,1.984292905315603051e+01
1.725257590148337954e+02,2.584366101160818729e+01
-1.721119321561729407e+02,1.935553422104982957e+01
-1.798113364415175397e+02,1.672385506911020769e+01
-4.381267642078290692e+01,4.162837734177277582e+01
-1.510710797094171767e+02,2.590228904264687060e+01
1.426474824959924206e+02,4.836923261409000929e+01
1.360659931678013095e+02,3.050896406377038872e+01
-1.721904738637668686e+02,1.734701324726952976e+01
-9.534024338825062728e+01,2.090994944506979536e+01
-2.645860615297423735e+01,2.651138259290518562e+01
-8.268744227758344323e+01,1.835470275083885383e+01
-1.215457921877572005e+02,2.734786226332658288e+01
1.694636289119777643e+02,1.472608497735830824e+01
-1.753230263038340695e+02,7.525080706447885959e+00
1.549628715376968273e+02,9.625421254137634719e+00
-1.748040563601471433e+02,1.216433025220737463e+01
1.798124622805755450e+02,1.779762134584268196e+01
-1.591907866902656394e+02,1.618992947461027399e+01
1.489589530325688429e+02,2.132481599972776465e+01
-1.756366333002937665e+02,4.542052093267228585e+00
-1.526679259617243645e+02,1.086975931863317335e+01
1.588210293584943429e+02,1.118525135318636998e+01
1.723558863213620782e+02,1.458859937503311244e+01
-8.778276388851276124e+01,2.578492020212195968e+01
-1.158782129481686951e+02,4.230405333414173441e+01
-8.088896138216979637e+01,1.349915088737223812e+01
-6.717942971105057381e+01,1.986701918449906401e+01
-8.052248473787496152e+01,4.242528258283586950e+01
-1.093840203453744238e+02,3.053295552799418644e+01
-1.569245636277219376e+02,2.980042801406710140e+01
1.317758444275029888e+02,4.256132420493659652e+01
1.799856351443365270e+02,4.179971644277460285e+01
-1.256301567928023388e+02,4.806187851378007281e+01
5.378120646299619523e+01,1.523502009203042462e+01
6.699487702327009231e+01,1.693365462000271293e+01
6.508628548554747795e+01,1.918853954971287123e+01
6.310814348560219145e+01,8.193403171596660428e+00
7.552896459837683096e+01,1.532146646445569971e+01
4.710737507776534017e+01,8.768847631899140183e+00
7.344781300133678315e+01,1.599385738532544821e+01
4.833088286101324371e+01,1.551851659602976952e+01
5.945764508358828948e+01,1.604107297511643893e+01
6.869178072604510987e+01,1.861659279841403247e+01
3.507221049636667232e+01,3.044265658930167717e+01
3.993247281644968893e+01,2.790877845889503561e+01
7.317170125954348237e+01,3.127695033085619514e+01
4.451436766064721695e+01,3.555068078199335702e+01
6.713337719810208171e+01,1.962420191171426609e+01
8.296874335855520144e+01,1.999305938222794055e+01
4.133368216195639633e+01,2.385928000905547464e+01
7.536529480122828772e+01,2.036477430184815418e+01
7.690919302256394019e+01,2.372385993302669860e+01
4.222546149736124477e+01,2.784589281452567278e+01
-1.581726169445979338e+02,2.871909468930687837e+01
1.636839895124565487e+02,1.922617406541144547e+01
-1.701490268896530438e+02,1.448070462536362513e+01
1.738069987081418333e+02,1.257429034497754472e+01
-1.694711170667205806e+02,1.850209980640833862e+01
1.727931349546173578e+02,2.286986946961336287e+01
-1.704012634814660032e+02,1.661925937448692991e+01
1.592651482263310925e+02,1.817042310048928400e+01
-1.585153777744643264e+02,1.240524527890764439e+01
1.737843356993163013e+02,1.497756108158166732e+01
6.073688027720776006e+01,2.261135039414900660e+01
8.069071929410921484e+01,1.764703016727775520e+01
5.299377244228583805e+01,1.865878005035929377e+01
4.623722329548608911e+01,2.867763281228564409e+01
4.747445737972238078e+01,2.763158328194298008e+01
3.825495880382618452e+01,2.681726209198872724e+01
6.472574225983392182e+01,1.288480599887986600e+01
6.699143930063445396e+01,1.480102187191080354e+01
5.274413562399190880e+01,1.881651084850508227e+01
8.287093966211476470e+01,1.963116877278079642e+01
1.688783589074737392e+02,8.007099503113037642e+00
1.722726321222081936e+02,3.677794930989357169e+01
1.709476802218251237e+02,4.499408425877329876e+01
-1.659038596491801343e+02,2.944682519791207653e+01
1.731898985638699457e+02,1.581019287682874719e+01
-1.657813287779445943e+02,1.655452201908445531e+01
1.631423447097266433e+02,1.471618139100372780e+01
1.769888009703326759e+02,9.451602490997791151e+00
-1.611811197204528128e+02,3.193243837936189067e+01
1.525196206605653231e+02,3.062865471180835186e+01
1.633793436238189827e+02,1.503762540093130085e+01
-1.612138218923157353e+02,2.182733543640708973e+01
1.637798805011843228e+02,2.707640754971789931e+01
1.361145878440539150e+02,3.787124273408620212e+01
-1.325198901310691895e+02,3.129486372125458615e+01
-1.423064954815474437e+02,3.421961283785941532e+01
1.655412462260915163e+02,9.745588170261711980e+00
-1.777051082406666183e+02,1.957651381923644252e+01
1.790068306629949859e+02,1.700501879016698936e+01
-1.619904059820620148e+02,2.099672927209242701e+01
-3.636264923137987637e+01,2.668189063983044917e+01
-8.848295168024064594e+01,1.460814060047639629e+01
-1.278549110504171296e+02,2.820405812831773318e+01
-1.538199166176123640e+02,2.555880448816670736e+01
1.664032191795247968e+02,2.394998944644354566e+01
1.631919775242369042e+02,2.996325963038000850e+01
-1.714903883514934932e+02,1.266049729114667599e+01
-1.655367835607564189e+02,2.278401857891326543e+01
1.592718584754383926e+02,2.514018085300126870e+01
1.769864576292300455e+02,1.500877562517213448e+01
8.232254719977889579e+01,4.310305128651570783e+01
5.654908494667193253e+01,3.082350428235322681e+01
8.155393163183158833e+01,3.971210361667273503e+01
6.799989276869945343e+01,2.601336850101154141e+01
7.810014413974056424e+01,6.018596249552523858e+01
7.667955135016896406e+01,4.690735947548367335e+01
6.160956745459510842e+01,3.071913131900903693e+01
7.417359238514336539e+01,2.366064341383223990e+01
6.836828873243747751e+01,1.702149639273745407e+01
5.496631506969684011e+01,2.503716040527362097e+01
-1.519478267497149488e+02,2.766082754822079437e+01
1.745545933948134234e+02,2.705681182727192180e+01
-1.741885889539250059e+02,1.825258060934158877e+01
-1.704941285746285189e+02,1.820727096400268508e+01
1.729406372217841010e+02,9.162815521192349877e+00
1.761008799112842098e+02,6.240195969714283919e+00
1.769417248270916616e+02,1.828086688924938130e+01
-1.795343361399452817e+02,1.802596158865567588e+01
-1.744158623621727600e+02,1.148886167827588878e+01
1.773072790471476310e+02,1.447073615248786638e+01
-8.498270233654068306e+01,2.211212999600590123e+01
-5.802899033729963207e+01,1.640498685958159086e+01
-8.475456561080828521e+01,1.691496879992524782e+01
-6.358525444007387506e+01,1.725339894689015452e+01
-5.483307357586678421e+01,1.024719119652956145e+01
-8.013963709884082220e+01,1.179214011815246366e+01
-2.945994901524690590e+01,2.462643943542845548e+01
-7.395977943330559867e+01,1.894006055886598716e+01
-6.000407463430178723e+01,1.647252832002211420e+01
-6.318215129230966198e+01,1.157394982329906696e+01
1.652472940725606350e+02,5.770240525991988889e+00
-1.686354971467624466e+02,1.139169325323632442e+01
1.662482234592435191e+02,4.269272596027697375e+00
-1.671243481103140311e+02,1.047849151072967544e+01
1.692910004636639485e+02,9.840813112338882007e+00
-1.707810019464033928e+02,9.370534881412563522e+00
1.775466806276112663e+02,1.317270712138460276e+01
-1.765299718057172811e+02,3.361178405626927823e+00
-1.738838418488296043e+02,1.217313743296383421e+01
1.682431803361714913e+02,7.601610565074491177e+00
-1.497130059362040129e+02,2.474410701664835699e+01
-1.695229454196482664e+02,2.493695546733382074e+01
1.610231823351061280e+02,1.770956606968939084e+01
-1.608277597850625682e+02,1.923467699682489496e+01
1.695296144219458085e+02,2.626702159979062401e+01
1.648394252527014032e+02,2.320856689649787086e+01
-1.443503599762593126e+02,2.451392549972023716e+01
1.796774414801805335e+02,1.497046265083350569e+01
1.039034082619176189e+02,3.004392567835657246e+01
2.442256272353280266e+01,2.663205877908524855e+01
-6.707809265036446789e+01,1.698505745436384018e+01
-5.410778019629165669e+01,2.215512444862970654e+01
-7.341875747801910279e+01,2.574508414363370434e+01
-6.590515152338861071e+01,1.254721446121225092e+01
-6.622841155210100794e+01,1.945597942223704280e+01
-8.661563066214841911e+01,1.670605459289335215e+01
-5.517921997166342862e+01,1.827155179329770718e+01
-6.017007809059966661e+01,1.914408074525216108e+01
-6.177693532677076149e+01,2.032393913427299026e+01
-8.792642697107498861e+01,1.510813334134360630e+01
1.777601543129619586e+02,1.920123773195975758e+01
-1.723960031142001696e+02,2.101663420440036134e+01
1.601326181116583314e+02,2.564807065152375998e+01
-1.696408894787272175e+02,1.698405269095396264e+01
-1.699419209085682212e+02,2.236466020562305346e+01
1.605516551989733784e+02,1.701724552400009927e+01
1.754624004081842088e+02,3.312559508032909150e+01
-1.600141702901380256e+02,2.124596533509431495e+01
1.498676808002660721e+02,3.525790919733194784e+01
-1.579682254640748056e+02,2.733676237800366238e+01
-1.752847563350719611e+02,1.337146950479124996e+01
1.705753737743885665e+02,2.066049356052852204e+01
-1.669988854263705207e+02,3.147698381385160360e+01
1.731882331826635948e+02,3.158093912453708185e+01
-1.678423860815395869e+02,2.967665297140552383e+01
1.761292077607434408e+02,1.588686016374846233e+01
1.688024515802654832e+02,3.318497031180379508e+01
-1.785600497445839494e+02,2.865035542589972550e+01
1.684571949455089737e+02,4.401781239925908551e+01
1.710246788578014332e+02,3.120881923099673827e+01
-1.643082210828797258e+02,2.066910807236131831e+01
1.715049452485919232e+02,2.424897951495551141e+01
-1.703348673024351001e+02,2.106507156893265531e+01
-1.709927399020625103e+02,3.668113795888669415e+01
1.620901182130922109e+02,2.835947524651732721e+01
-1.771006564874518858e+02,3.142248590789726137e+01
-1.599030991467791409e+02,2.927659735662575713e+01
1.710101785256604217e+02,5.812326571376299711e+00
1.679782080546905263e+02,2.372333562041379906e+01
-1.630447986241663614e+02,2.075474256544196550e+01
1.740248156243511914e+02,7.594446995334029893e+00
1.790182416462041317e+02,6.275695052019951703e+00
-1.685106410526608158e+02,1.537705383739482201e+01
1.712228849068671082e+02,1.223295708532886295e+01
-1.757159612670633635e+02,9.309882801625541049e+00
-1.552267012282102030e+02,7.741523338787557051e+00
1.569771895238198454e+02,2.236857463790637723e+01
-1.588039617459084241e+02,1.718183032914542352e+01
1.605025802536813444e+02,1.961413451083672754e+01
-1.796580050356089373e+02,1.582130534511448872e+01
-1.635484822703506040e+02,1.941912883080252783e+01
-1.472386211286639082e+02,3.899859714352439966e+01
1.747820886941745187e+02,1.547885921573836754e+01
1.574926114061970281e+02,2.042994097655444463e+01
-1.569789446922980289e+02,1.811489421954892265e+01
1.768198162897205350e+02,1.754802949794558131e+01
1.670868206323310687e+02,2.052568815783877909e+01
-1.733528683653160556e+02,1.046406837842535253e+01
-1.756791273279099528e+02,1.757380929437263717e+01
1.773340787102212346e+02,1.187473652527308587e+01
-1.589710062429811899e+02,1.365377595180140524e+01
-1.780688511270691947e+02,1.492855938500339619e+01
1.798585977910671829e+02,9.627057552579834976e+00
1.559869672346801508e+02,9.281996511612469192e+00
1.598949277550048862e+02,1.219174674998589047e+01
-1.437264471761622531e+02,1.052187372046505232e+01
1.496197506512174584e+02,1.070601977607505262e+01
-1.732406471466593416e+02,9.114496174489893576e+00
-1.719533312187914476e+02,9.250998878614675291e+00
1.672231544697724246e+02,9.072779228608736091e+00
-1.536594821036337351e+02,2.285717353770289151e+01
1.533351434355210472e+02,2.692848270209142925e+01
1.433653142916192280e+02,2.060991358830234788e+01
-1.543153629175001242e+02,2.020531773458826663e+01
-1.778611631885579527e+02,1.140923685725337577e+01
1.424626582682252263e+02,2.417295873628201974e+01
-1.757923874595537086e+02,1.561342776081975359e+01
-1.560198952613218353e+02,1.491906438931560253e+01
1.472637962957090281e+02,2.308166242170083393e+01
1.604794448110136216e+02,1.898073368804270444e+01
-1.647508403730744533e+02,9.064869722625768844e+00
1.470330243671223514e+02,2.295924621614736338e+01
-1.763046426447068598e+02,1.010725683423730104e+01
-1.448315472814681470e+02,1.959158454361881496e+01
1.703002897561180475e+02,1.395489552558852253e+01
1.557005768547729190e+02,1.728273719246137574e+01
-1.673802115029217816e+02,1.314215083997669353e+01
-1.785802707623115282e+02,1.554993150847921157e+01
1.663079414300206622e+02,1.233176387445523936e+01
-1.737731327454320649e+02,1.442870562664821499e+01
1.574546184205706254e+02,1.509177620719625601e+01
-1.609843654728715876e+02,1.438000461649382622e+01
1.610683516048561614e+02,1.339017281770814094e+01
-1.592962365937674747e+02,1.346162673324089809e+01
1.611564273386179593e+02,8.509219306560973806e+00
-1.603907306840430351e+02,1.412128468288297611e+01
1.600666584522006985e+02,1.616252571176821817e+01
-1.593925177835400859e+02,1.667711979508754894e+01
1.549877060997972080e+02,1.948404846551261116e+01
-1.553887723541456296e+02,1.132980888116267515e+01
1.791835794938175752e+02,9.557502896766839839e+00
-1.726033019038000589e+02,1.337391710975256665e+01
-1.792339340004540986e+02,8.062218879127938109e+00
-1.750748341845943514e+02,9.609153065420727557e+00
-1.762635201300610674e+02,1.066071821657566687e+01
1.615725427163723964e+02,1.677418370771937006e+01
-1.602278205929479213e+02,1.997553323681982818e+01
1.395993052911805989e+02,3.207346749900592897e+01
-1.776023685284940825e+02,2.269618291523228137e+01
1.675979408083494775e+02,2.322345266837526268e+01
-1.711155271817852679e+02,1.846369417072895658e+01
-1.739301169412736101e+02,8.476016836364243190e+00
1.660528559263539705e+02,1.386596825658332044e+01
-1.749222947315803083e+02,1.052400868850980231e+01
1.757885515850566094e+02,1.831644607515665868e+01
1.742118874119652219e+02,1.227339992661897483e+01
-1.677392165814004272e+02,2.643232992072485033e+01
1.664264443979026566e+02,2.130795144463239765e+01
-1.678096835298798339e+02,1.526935358941112497e+01
1.685713514927874428e+02,1.685681407938879062e+01
1.436385867847978091e+02,1.565149995610903844e+01
1.697348796970006504e+02,1.628722210080216470e+01
-1.543372663661440924e+02,1.279757875091842401e+01
1.551216529344160620e+02,1.497224780375335129e+01
-1.575322237043181701e+02,1.612671467520702251e+01
1.607993591878010875e+02,1.703006907198152575e+01
-1.565568201698278870e+02,1.673014620103735695e+01
1.738584192758392533e+02,1.594952616379612920e+01
-1.712516981801400959e+02,1.265999619447906710e+01
1.593979634363655578e+02,1.219976389382297199e+01
8.859091656612746135e+01,3.975749795935546160e+01
7.038408601440090706e+01,3.839570926592568156e+01
6.209972939322732088e+01,2.775023229907103328e+01
7.204373030872292816e+01,2.656386871548441775e+01
4.403510752175877485e+01,4.338267376072455050e+01
6.419962605779493003e+01,3.603046834310342206e+01
6.815946121081807973e+01,2.475058627800876820e+01
4.812981409031085889e+01,2.476118985071902046e+01
7.179557158957004503e+01,2.524794951225531747e+01
6.622799651676821497e+01,2.486713768998164653e+01
-1.786315042325136631e+02,1.202750642127288039e+01
-1.673832982421468500e+02,7.608617222505838384e+00
1.605799115326687172e+02,1.636533273310347880e+01
-1.731536991568181065e+02,8.212979729248136351e+00
-1.731925230450074196e+02,6.084772721669730267e+00
1.702520075645879274e+02,7.350878968871343844e+00
-1.620972441158865252e+02,1.807969580416372324e+01
1.648161383201572789e+02,1.785115085572203952e+01
1.693713610673568155e+02,1.464654907919734939e+01
-1.480241286629703836e+02,1.743002431390580753e+01
-4.608703851114646710e+01,2.382023033261659961e+01
-1.029394670541382482e+02,3.959337539462048028e+01
-9.116663253086541374e+01,3.884010335266449232e+01
-4.289057783446882866e+01,3.060813239446292400e+01
-9.883726480652654800e+01,2.642488175149608054e+01
-1.733189780166226797e+02,1.657080919269986907e+01
1.525303942355994309e+02,2.548641199892400167e+01
-1.741749951598410746e+02,2.701093484689525326e+01
1.727196800379497574e+02,1.244765799901134962e+01
-1.500560070136826312e+02,2.358983392331929707e+01
1.777501580767712142e+02,3.535431823488870862e+01
1.690239854219564677e+02,2.666719126324630906e+01
-1.632232916328740941e+02,2.551511440494822125e+01
1.775900746968262922e+02,1.591435773089338568e+01
-1.758109768038536629e+02,3.669272890193920489e+01
-1.771381728400782549e+02,2.475110162368682154e+01
1.656726529040115850e+02,2.837418281151743216e+01
-1.760556884697370492e+02,2.099107460426414917e+01
1.759516292277263005e+02,1.800104221369654667e+01
1.792359072126480726e+02,1.197116439365263219e+01
1.631071272586124223e+02,1.654129404000802595e+01
-1.456655011415835475e+02,1.918264746788652531e+01
1.735045473466279589e+02,1.226048893199281942e+01
-1.611752822370040121e+02,1.369279858264245497e+01
1.562632887380251816e+02,1.718205565672724688e+01
-1.631055486792121769e+02,1.011834259686096793e+01
-1.761754085884686560e+02,1.055754534787150156e+01
1.769126379548706041e+02,4.963907511559796149e+00
1.682339294659715847e+02,1.669629276290895703e+01
-1.671116709716005460e+02,1.885365856057126877e+01
1.761286199818638636e+02,9.129305937619783151e+00
-1.785535765519033760e+02,1.467083893849450860e+01
1.752800327121344992e+02,8.040259520135291993e+00
-1.735244335810838834e+02,2.901009717948137734e+01
-1.669592533714198055e+02,2.336631966853200737e+01
1.799869296167674122e+02,3.544214762558942056e+01
1.714857299506914217e+02,1.404006884003328715e+01
-1.548832703386961498e+02,4.007009348808861660e+01
1.355590863005045605e+02,3.156819954923014393e+01
1.618409958296516038e+02,2.503748150632089775e+01
-8.169684515474297370e+01,1.645897105445767039e+01
-6.990087359908774545e+01,9.203689242716619034e+00
-5.300529860052661490e+01,1.200805010548209495e+01
-1.019545416808019951e+02,1.595140916982752444e+01
-7.940906143816526708e+01,1.552079585359251368e+01
-4.119940575343638045e+01,1.974608929481622610e+01
-8.488471777300084398e+01,1.900638550227699142e+01
-6.967683720695163174e+01,8.909530183313815854e+00
-4.450379347068250979e+01,2.180687711555464858e+01
-9.308902610443193737e+01,2.163525557548273071e+01
-7.132830359882764526e+01,2.937094926439933928e+01
-9.594209690973183058e+01,2.021638265741093221e+01
-6.824636073364233368e+01,8.728038715835536365e+00
-5.057457792846508937e+01,1.790883884222217759e+01
-6.446883502771665064e+01,2.273823330928233233e+01
-2.422185134210431912e+01,1.920958923728839451e+01
-5.646589873716811070e+01,1.138669436368722465e+01
-1.061906347739955692e+02,2.596990727154493328e+01
-6.744303511008564556e+01,1.949471359964692851e+01
-4.578803693429749444e+01,1.419859105433177859e+01
8.278979404153947996e+01,4.451655655872986017e+01
6.736218128519365678e+01,4.341160647065710521e+01
8.721052435934777236e+01,4.712632917875546923e+01
5.578539093818154981e+01,3.658586799533471634e+01
7.551413154999686128e+01,4.174500301023404347e+01
6.243025242463337321e+01,3.359575292831387117e+01
7.817326434508169086e+01,3.294769005271413675e+01
5.417485739719469251e+01,4.511154500944720525e+01
7.479503770993834166e+01,2.681640974856537696e+01
6.977926788849039497e+01,3.302728997061145577e+01
4.568088318389269631e+01,3.904343904442295354e+01
1.153107506629893635e+02,3.200222276500480945e+01
1.163872283750045113e+02,3.148501296426258023e+01
1.054753194871083650e+02,3.496715339470768669e+01
5.168163025252825804e+01,2.196909244144936935e+01
6.295998251553726988e+01,2.659965408204983817e+01
6.750426475535293491e+01,2.924136985029740288e+01
3.157193441582534632e+01,3.184578594384301198e+01
5.901386625571208100e+01,2.190743794435013569e+01
1.011808243914425276e+02,2.866807251459949413e+01
-1.372750351118629908e+02,2.581081417077621154e+01
1.570061444550912597e+02,1.001100289436663715e+01
1.734768539556918654e+02,1.936215076105467858e+01
-1.611406158445294636e+02,1.355380986232158946e+01
1.767161610619376688e+02,1.480335596467871184e+01
-1.740824186369790141e+02,1.113731654360945456e+01
1.685889561615354069e+02,3.114177735141270631e+01
-1.688817899355898930e+02,2.825025116518591162e+01
1.601302464309404456e+02,2.618099206078172614e+01
1.784802833193905940e+02,2.124003420625210126e+01
1.799812217074807279e+02,1.736306900816267529e+01
1.765544093300799773e+02,2.901989789818379961e+01
1.796833543492536762e+02,2.312600429837860361e+01
-1.798751534898658520e+02,1.902714990017576113e+01
-1.626279041816512461e+02,1.769276382692268257e+01
1.721415295776903349e+02,9.482222917681246699e+00
1.771739971907212805e+02,2.938885162156180897e+01
-1.705057063609655756e+02,1.129655712075280327e+01
-1.796916531370924304e+02,2.578641422790761339e+01
1.681961424522123423e+02,1.983612699347488828e+01
-7.064671463217263181e+01,3.531036507214614062e+01
-3.631420536475904726e+01,3.036563009394499701e+01
-3.989370363502391115e+01,3.660053932329275739e+01
-1.126640495082217512e+02,2.417959663838679774e+01
-1.672580487277587622e+02,2.367161103125504340e+01
1.564267941994341982e+02,2.807608707561950112e+01
1.716685524950565025e+02,2.845061948342782188e+01
-1.581155324091988348e+02,3.558109542033847106e+01
-1.499833144313833486e+02,1.977010123688561194e+01
1.425726205615202673e+02,3.532769191884790416e+01
1.615328214125934778e+02,1.465401382440736455e+01
-1.715415528596771821e+02,1.062161731488622429e+01
1.707512538240552544e+02,1.602329207888710272e+01
-1.668409426187670022e+02,1.557629082738422710e+01
1.711145989881783862e+02,1.059712127559112105e+01
-1.610334421849518662e+02,1.280305933852612554e+01
1.755919493317994124e+02,1.099182478040004440e+01
1.445362029461900306e+02,2.746129240379111280e+01
-1.599086478627735062e+02,1.096467899400203194e+01
1.768465133807753773e+02,2.839559169416568807e+01
-1.690755492136370322e+02,1.041843659231833641e+01
1.699970510961704520e+02,1.166860288653977307e+01
-1.742362439634500504e+02,1.543028895321890914e+01
1.720143142997249015e+02,1.901731644429643708e+01
-1.679205544617540511e+02,1.779679414481391220e+01
1.785155797169897767e+02,7.347305436187290262e+00
-1.783066256537589993e+02,1.478704928785221195e+00
1.791734262333374659e+02,2.373065901982784887e+00
-1.798902969755257573e+02,3.563103865664329017e+00
1.707112210290540872e+02,9.759710709436992815e+00
1.637841818070079967e+02,1.260927167708732100e+01
-1.686790481376895627e+02,1.795094328151020235e+01
-1.619512991623911944e+02,1.607846710539371671e+01
1.515167541644429434e+02,2.650551099683200107e+01
-1.693308100351503356e+02,1.480520653918496166e+01
-1.710532642327237056e+02,1.566632109515876792e+01
-1.778033974913435316e+02,1.121645420639740109e+01
1.748840824776838758e+02,5.543019516955584258e+00
-1.684301858587471088e+02,1.456401420921379142e+01
1.531358388338844634e+02,2.457730201119245095e+01
1.671231768345702164e+02,2.516342678667205135e+01
-1.711938842871679185e+02,1.449311411373800773e+01
-1.618987313315176380e+02,1.871014469300358485e+01
1.706154605739338308e+02,1.222406121495519038e+01
-1.624744516062300477e+02,1.709298483622144005e+01
-1.749610447256169152e+02,1.066036193957135936e+01
1.617035187187952658e+02,1.047494118828415921e+01
-1.668508145631428192e+02,1.143164128337752317e+01
1.798586069241973178e+02,2.142515957847769670e+01
1.667173460559139357e+02,2.064739894015799138e+01
6.929801738742226291e+01,2.307470990048333448e+01
6.966051585385494604e+01,2.381496228557990236e+01
5.897882453501411959e+01,2.096810378191869617e+01
6.851727149364462832e+01,2.007125349746525700e+01
7.468517170456992460e+01,3.215455161536608841e+01
6.263195694241702682e+01,2.725311054113285536e+01
6.332862951551260267e+01,2.337062376968728827e+01
8.102240009499162454e+01,2.354059284939001628e+01
6.244743938752366574e+01,1.517939275591408510e+01
5.216517725105011749e+01,3.705605079095946053e+01
-1.665279032177200520e+02,1.671563600408661898e+01
1.797993950151269189e+02,2.250142207327639454e+01
1.780964866883820434e+02,1.066314977458347002e+01
1.790928404487359273e+02,1.428054204289986728e+01
-1.734442405697736547e+02,2.095030849343092783e+01
1.781051597578192229e+02,1.280984093108828503e+01
1.679269674538271602e+02,9.529754456446134725e+00
-1.664289597592222094e+02,9.658853293176466792e+00
-1.640085567060125413e+02,9.724953805471013624e+00
1.729320611969789923e+02,1.582564455457300312e+01
1.672696706165804699e+02,2.428563000867256960e+01
-1.625439035682666713e+02,2.016100040850271569e+01
-1.795150955205947412e+02,8.185767819629678144e+00
1.565800160659444771e+02,2.149882114798705501e+01
-1.617119667806935865e+02,2.174420247377420878e+01
1.660429115436100744e+02,2.760435296164319396e+01
-1.564232116652295588e+02,1.872213226471539116e+01
1.529874153096096734e+02,1.371799418216620481e+01
1.787713267848390046e+02,3.345502819568342279e+00
-1.591201229042607963e+02,7.431258927463766817e+00
-6.074544574231598659e+01,1.446641560647668534e+01
-9.265225871990934081e+01,2.665968632900177937e+01
-6.033154270750252124e+01,1.536662334110284434e+01
-7.504047240043082923e+01,2.505914979405719123e+01
-6.156665770792357506e+01,2.677016466441656561e+01
-9.843056302641234367e+01,2.772007675854076325e+01
-5.715471101156506251e+01,2.561743606786495064e+01
-8.712339699018315287e+01,2.347314523231864669e+01
-3.938459452572168829e+01,3.041379916785241733e+01
-1.024669227600731602e+02,2.520464713915097832e+01
-8.954720764076756723e+01,2.037999796970532884e+01
-5.106560004835322530e+01,1.513389219601509339e+01
-7.290656705734430432e+01,1.902816610395185393e+01
-8.808330805696090238e+01,1.971582559164311022e+01
-6.373809118921940353e+01,1.162224174328090243e+01
-7.717719109614773743e+01,2.268383089613288206e+01
-7.541368102709370191e+01,1.579641161835889918e+01
-7.159188929073296492e+01,2.348823954610534059e+01
-6.584016500268758421e+01,1.631255339211256228e+01
-5.932964644664021847e+01,1.804955435329638291e+01
5.103492021863708317e+01,2.143036200059277974e+01
6.987990309754391660e+01,2.528918013904447548e+01
6.969555383725011666e+01,1.337555085728386572e+01
1.475464208080195760e+02,2.269169238488901286e+01
-1.325456169588692887e+02,2.378423119455004908e+01
-1.034033939936383746e+02,2.541750908573465040e+01
-7.567365454162784033e+01,2.338920209555792340e+01
-5.513429358245458900e+01,2.422494498050926026e+01
-7.849158353640532937e+01,1.927929638231053033e+01
-8.705017302776553834e+01,2.185199177010594340e+01
-1.703806309072060117e+02,1.003232325211396159e+01
-1.660882165014836858e+02,1.768056611145204471e+01
1.607266735830952769e+02,7.987384838140526355e+00
-1.639629282962277159e+02,1.412834634776106491e+01
1.748404243960706026e+02,2.841262680603106272e+00
1.783458277352962398e+02,1.216554663081375409e+01
1.757616789081168349e+02,7.598814709822121927e+00
-1.748209628438075640e+02,9.697874058010789611e+00
1.783897568473027775e+02,1.509876858944197053e+01
1.787755942641427396e+02,1.511985760556495073e+01
1.536808207851178452e+02,2.167345520511176815e+01
-1.301011552153395030e+02,2.770977630527185553e+01
-1.699555950186168332e+02,1.294919204170825466e+01
1.452239367297812009e+02,2.379972364962320697e+01
-1.651853626102956696e+02,2.105083221778772895e+01
1.773401594892997366e+02,1.978252993238361768e+01
1.636443982773818959e+02,1.362338497954354466e+01
-1.559569751256495351e+02,1.802103605423791066e+01
1.718714381346889581e+02,1.074979829788155428e+01
1.539041690287311894e+02,1.462369086492043380e+01
1.630256603029515361e+02,3.758888396345719229e+01
-1.677729449074455772e+02,3.697119601465769989e+01
1.623630377470532551e+02,1.853031476089905638e+01
-1.580572921932010217e+02,1.661042324621962152e+01
1.577546359307843318e+02,1.418441166101096229e+01
-1.529516071912218251e+02,3.040936666730106452e+01
-1.727322382574452888e+02,2.598566775520430028e+01
1.269930685245417692e+02,3.215419917466633137e+01
1.318593927995286776e+02,2.095999865591482347e+01
1.699245295282699715e+02,1.505136258303575758e+01
-1.649680699063553106e+02,1.336315190270058473e+01
1.782568022998506194e+02,9.145037232172898101e+00
1.797316944417647449e+02,7.491018042701583113e+00
-1.792896773903521535e+02,8.734808007692436149e+00
1.790369732391036734e+02,1.366354274714378647e+01
-1.773562100880094761e+02,2.388336822263971726e+01
1.708592768463929872e+02,1.741462721298905691e+01
1.728240487646076815e+02,1.693940336771843747e+01
-1.756067479272641094e+02,1.009550252814194060e+01
1.784934134519069175e+02,5.556047199542634374e+00
-1.768474297379837026e+02,6.467349622384308994e+00
1.745708783947299594e+02,7.600949281127888923e+00
1.768737111770525132e+02,1.639757150608224023e+01
-1.773387641113821189e+02,2.103238163410323835e+01
1.796782051383880514e+02,1.189366250758232546e+01
-1.621779810319490593e+02,1.476705886570006498e+01
1.704909848323827077e+02,1.412197478307685827e+01
-1.616519767559816501e+02,1.099593540489009236e+01
1.698251160350202440e+02,1.240880416164467270e+01
-1.723536697509807425e+02,4.044574311201053263e+00
-1.720524721926471727e+02,1.353180634081295075e+01
1.683519629140984648e+02,8.885617342486312964e+00
1.758468518609184628e+02,2.283535345463728206e+01
-1.736029829051483091e+02,7.090436559718330756e+00
1.776820932142247216e+02,1.026332144750389297e+01
1.665383355861989401e+02,1.167044897555132899e+01
-1.606715629338414431e+02,1.327562687358212834e+01
1.782865418539375924e+02,8.560868231588814936e+00
1.471999888246367902e+02,1.567572893753903429e+01
-1.354260373930974026e+02,1.912100016724850349e+01
-1.717832417446745410e+02,2.349800388766357528e+01
-1.794178491372428255e+02,1.982228915523088375e+01
-1.789947694485359193e+02,1.053491842748009688e+01
1.675600793582974291e+02,8.046625833649045489e+00
-1.797473977910502185e+02,1.398496622924455401e+01
-1.797635940018472809e+02,1.127752050568659570e+01
-1.761435006911448227e+02,1.344916481391364549e+01
1.787323459205170764e+02,1.174858209725482538e+01
-1.783428078853211787e+02,9.345413669870682227e+00
1.797235138516887787e+02,1.045587654034471825e+01
1.486498290212857967e+02,1.904654135370661550e+01
-1.437062524671788424e+02,1.721695725153971779e+01
-9.916992588049176049e+01,1.758662290308083698e+01
-3.756697451852295444e+01,2.367933895373832698e+01
-7.390082967605823683e+01,1.608404186231241439e+01
-7.462617874552259423e+01,2.227260495388734896e+01
-7.430645620527157291e+01,1.680367576093313886e+01
-3.930639364699699456e+01,2.190657136330823818e+01
-7.974942393781010708e+01,1.724364643128917862e+01
-9.696667554543616063e+01,2.077337441089639469e+01
-1.685715705833439699e+02,1.645504827223070521e+01
1.598480802682653632e+02,2.151694260805624026e+01
-1.611426989568024908e+02,2.595355273910698202e+01
1.729463188292894245e+02,1.777565582659124388e+01
-1.713993624005200616e+02,2.368136175324003290e+01
1.701400594395395558e+02,2.580723381316600751e+01
-1.697969551798844350e+02,1.932373402946932117e+01
1.749795198590431653e+02,3.883107429412645217e+01
-1.796140536830792200e+02,2.002543712230332318e+01
-1.753448984962661257e+02,4.047320680579147023e+01
1.569210787167947672e+02,1.618487832690816575e+01
1.496969798201262734e+02,1.637095151975628227e+01
-1.374719456333260155e+02,2.559441806555529553e+01
-6.237123539674482231e+01,1.922924825567753970e+01
-5.657037209550539103e+01,2.309964831511422645e+01
-1.263436119280981558e+02,3.278649868925317179e+01
1.460336301065495945e+02,1.693847287219993092e+01
8.647859287930853611e+01,2.841488930634577770e+01
4.882465231021491547e+01,2.519642209619275519e+01
5.732048684908509983e+01,1.415941050730532780e+01
1.560553072227289420e+02,2.591294234436847788e+01
-1.628546947001088085e+02,2.413179693306795670e+01
1.580977043239214481e+02,3.042731980975684181e+01
-1.673316938486356662e+02,2.084418693276816370e+01
-1.582102816829769267e+02,2.315801081588017496e+01
1.537247859295549404e+02,1.491920224966824904e+01
-1.484129865824818353e+02,1.749316418515367033e+01
1.714490061192435633e+02,2.368273191945658240e+01
-1.675350014054284031e+02,1.576914772379012675e+01
1.628626767303691167e+02,2.240985159256473125e+01
-1.655669967485158338e+02,1.416486599077404307e+01
1.730997548072918448e+02,4.746780517105943176e+00
-1.689100216793951290e+02,9.420015226156184696e+00
1.701344453501596661e+02,1.045273050337259235e+01
-1.732267666387998020e+02,1.066668091226958914e+01
-1.676389051100469487e+02,2.302460556132907499e+01
1.497598924971167662e+02,1.660557542408061948e+01
-1.668862942316909255e+02,9.617444653400315957e+00
-1.789475889328542166e+02,1.396403494925964850e+01
1.748907358106059462e+02,2.502278724463075577e+01
7.675415575276601032e+01,1.507477959647388133e+01
6.519059216017750202e+01,1.020603728670097254e+01
7.256732683824394314e+01,1.785800205797120555e+01
5.833314303221954589e+01,3.487796769757403581e+01
6.772839533137502599e+01,3.430668321307960866e+01
8.967445553304830241e+01,3.064937834109931458e+01
5.991995607649388234e+01,1.469328380323207384e+01
1.008124773648658987e+02,4.435360980685057797e+01
5.693056511618385684e+01,3.387555618333350083e+01
5.947807895015745316e+01,4.896552076357633609e+01
-6.804823537098681641e+01,1.569295618286317762e+01
-4.596553291420647724e+01,1.896899719016241903e+01
-4.462168330924255599e+01,2.504481465309924459e+01
-6.621362079484161711e+01,2.906082931886733789e+01
-5.688346658037181669e+01,1.790612144753156798e+01
-8.760687176308687185e+01,2.497026380579622540e+01
-6.046949670817635081e+01,1.938051146025991756e+01
-7.976828044090197523e+01,3.640766116550896925e+01
-5.810579173536077491e+01,3.506648999091510177e+01
-5.173657626570475543e+01,2.461376726487522149e+01
6.664630838756616527e+01,9.549325361984568161e+00
5.950643502994851275e+01,9.477171673992662804e+00
7.099365197542022088e+01,1.111468717814824103e+01
5.660372573926052553e+01,2.130787653443808338e+01
6.892819816800499666e+01,1.792107697742539685e+01
6.385524382395687581e+01,1.400863582265959550e+01
6.686541209100579408e+01,1.412299906890055112e+01
6.158851043577409001e+01,1.267323049471150931e+01
7.672932834934977109e+01,1.476547636384675855e+01
7.182169298859128048e+01,1.143065292140815004e+01
6.580861527357150464e+01,1.928192949797697153e+01
6.626720422590517501e+01,2.233403292967145859e+01
7.641573589659728327e+01,1.725831197530300543e+01
6.362261886066551853e+01,3.224546241356290466e+01
6.936484417427026017e+01,2.879096154791261597e+01
7.017985151644820974e+01,2.046637201811475393e+01
5.819603760001113812e+01,1.499565249824479096e+01
4.770399152555318523e+01,1.632156324465739061e+01
4.831767074930109374e+01,2.748431807584649889e+01
5.921257547226828422e+01,2.549437097274350350e+01
-1.672755007724097709e+02,1.923750407605467672e+01
-1.654214776952120474e+02,1.665055459774222868e+01
1.690203468178905268e+02,1.370208757140517264e+01
-1.730464243962090336e+02,3.213848648978870415e+01
1.650408088933035629e+02,2.328660695332522934e+01
-1.778516206572953138e+02,1.729909988267388243e+01
-1.637531634655543371e+02,1.799755776411398500e+01
1.684380203831335905e+02,2.532175334061340521e+01
-1.608374358521662373e+02,1.393597650039611935e+01
1.692123371822600859e+02,1.116017537807809390e+01
6.427069734910600118e+01,3.834418176130373013e+01
5.551811755126690429e+01,3.189947114616474266e+01
1.094608776247720385e+02,3.847633347086751598e+01
-1.693548774671195929e+02,2.133477596030793677e+01
-1.510400497809932006e+02,3.949458756975246843e+01
1.596738198622240077e+02,2.690681348253001204e+01
1.632024507651063061e+02,2.494761546858234169e+01
-1.603896739326393970e+02,1.925876434732966658e+01
1.727238114074746420e+02,2.575038456506860740e+01
1.622883142056864472e+02,2.365948692001096987e+01
1.768046593269317555e+02,2.431841858878992468e+01
1.455075479041006474e+02,3.645496236598661710e+01
-1.517307107184127517e+02,3.308735722364684761e+01
-1.781017071041963789e+02,3.006679358854591300e+01
1.615117075114269767e+02,2.452360866330788980e+01
-1.679433036261152381e+02,2.953358732875219772e+01
1.689934380309284450e+02,2.066603869421506090e+01
-1.553577210333955634e+02,3.551307195032246966e+01
-1.721832776965640051e+02,1.963522731013786782e+01
1.572771069685670398e+02,2.795796533187991884e+01
1.729036168781306344e+02,1.292881254752824915e+01
1.733791466558102456e+02,2.903153485179207394e+01
-1.797973915509853953e+02,2.089729824296975380e+01
1.636438802638861603e+02,1.868212940732959737e+01
-1.703155701549990226e+02,2.601240229900562895e+01
-1.782248038138156119e+02,1.887973032454780764e+01
1.205742279435861235e+02,3.387334966081658649e+01
6.368510836916779994e+01,2.897489906233616708e+01
7.884173228043388804e+01,2.250706451033818922e+01
4.843568549877371510e+01,2.647941503989250833e+01
-8.850764913569882708e+01,2.141992445051275595e+01
-4.326796794453355233e+01,1.670041351714608169e+01
-9.032439392292127422e+01,2.649807160526740191e+01
-6.615956280815719026e+01,2.495287781361061619e+01
-2.589166367133151425e+01,2.543548360831248090e+01
-8.209715411492970816e+01,1.729565409592701286e+01
-1.579729764889886212e+02,2.559848767555396876e+01
1.575364681475120676e+02,2.303373669856399175e+01
1.653321288536346856e+02,2.608543611687869657e+01
-1.589028034005675636e+02,1.665428034121711676e+01
-5.713538738481469181e+01,8.256435835121994415e+00
-8.698456321203894959e+01,1.516667907838753138e+01
-6.500525741258684320e+01,1.124418302118312241e+01
-7.697328973498377991e+01,1.319407489924448740e+01
-6.737016866109951252e+01,1.037063260730362302e+01
-4.207046191695720694e+01,1.053776596503175256e+01
-7.647525598342747344e+01,2.257504572952349164e+01
-3.501991202669108816e+01,1.777730247853910583e+01
-4.495154226327967706e+01,1.518625050162596146e+01
-6.420432439078987841e+01,1.178333076607436780e+01
1.451456221335114662e+02,1.241935604914327484e+01
-1.474233925377336050e+02,2.284017001501111821e+01
1.664267625222669835e+02,2.783818014944444030e+01
1.519278121330382021e+02,1.537112636642725327e+01
-1.539776250710838212e+02,1.899571011560265532e+01
1.579305722499922808e+02,9.538550395213714950e+00
-1.744873842096272654e+02,1.465315413120229238e+01
-1.660198146394861851e+02,8.077552822920987197e+00
1.631629320761501560e+02,2.192539393432601003e+01
-1.573138804901297476e+02,2.400008681187526349e+01
-1.702093829413960862e+02,2.555255261686953716e+01
1.648933674982277751e+02,2.147877148848300877e+01
-1.454538693865783046e+02,3.239904011671848139e+01
1.702016846956274776e+02,2.863276814886448562e+01
1.340312903556446713e+02,2.399519553183639076e+01
1.580854902600580090e+02,1.869200460945584652e+01
-1.370346448535261743e+02,2.232385617718220772e+01
-9.367914127529334678e+01,2.587342207067297295e+01
-4.248892765110733194e+01,3.484687602078403046e+01
-9.692083730400428010e+01,2.633820970425260555e+01
-1.717321587628406974e+02,1.068922634244992231e+01
1.690471335789966645e+02,9.783817922803896394e+00
-1.732642752643928930e+02,1.143752088787890742e+01
1.753854120045320428e+02,7.075432207917630834e+00
1.793765080319832350e+02,1.029578483439356518e+01
1.775622447057793067e+02,8.417645732261799907e+00
1.726981208103274525e+02,1.042545330226549893e+01
-1.785572339635879757e+02,1.350664583772829097e+01
-1.741014495092987318e+02,2.126200465141227625e+01
-1.767471369363242388e+02,2.041252830210744662e+01
-6.386474716176449817e+01,2.767049292853052478e+01
-1.536630992425164948e+02,2.589061042484305375e+01
1.610166405612107212e+02,1.927646658093460985e+01
-1.608802125153499105e+02,2.586164572951599894e+01
1.675035386932955817e+02,3.805544957802845829e+01
1.673817646487540287e+02,1.964898189349187163e+01
-1.538852478557645327e+02,1.865079152396270956e+01
1.575498308034365209e+02,1.771357383835490396e+01
1.561145717864389155e+02,2.807385154395145577e+01
-1.358691026443910062e+02,3.575368055619659913e+01
-4.979222618912317699e+01,1.503606438116807098e+01
-5.756378547489192954e+01,7.349480342993501836e+00
-6.363239905377164973e+01,1.169339128564060104e+01
-4.736623522579955647e+01,1.095563131078316310e+01
-7.626530982335872011e+01,1.289218298989009881e+01
-5.815242488062331461e+01,1.922436070969494182e+01
-6.707581533268077578e+01,1.183447759885373074e+01
-7.740610490011997058e+01,1.521534051150176126e+01
-5.598624624705822583e+01,1.458892346436071463e+01
-8.315741385144256981e+01,2.185825598254461255e+01
-5.630745463203286505e+01,1.631791640255329412e+01
-8.206933337837654108e+01,1.814907112016736335e+01
-5.332875674580034797e+01,1.170963267852201994e+01
-5.146402441121171734e+01,1.364320813744588889e+01
-7.763506846152539254e+01,2.237380740468191220e+01
-2.146741139166972800e+01,2.267033783296214722e+01
-6.232161684464767148e+01,1.327136436236183314e+01
-9.022969543511874235e+01,1.645802364670742790e+01
-5.018721377300247610e+01,1.471107284522122782e+01
-8.741452214786168895e+01,1.386543190768729161e+01
-1.788722569879633397e+02,1.087075564324174870e+01
-1.535978055392503734e+02,7.519164002115480194e+00
1.625016913154089195e+02,1.752811939444006484e+01
-1.709408542167809628e+02,1.742422710589805490e+01
1.701668309519070874e+02,2.619662247919299602e+01
-1.609362579765609382e+02,1.977197862276980089e+01
1.590016591460912139e+02,1.955269600857693391e+01
-1.589060473045875881e+02,2.536368326919616223e+01
-1.560950745121963621e+02,2.489199782372914527e+01
1.512872627639614507e+02,2.225870542222270387e+01
-7.418893745198012368e+01,2.912181386816169493e+01
-8.086377644700651501e+01,3.725599874212048945e+01
-8.359264552862690323e+01,2.454638772621833809e+01
-5.645493698760852652e+01,2.097361212862471547e+01
-6.284579862438248199e+01,2.607755402397803479e+01
-5.830778278458269881e+01,2.516307685236990110e+01
-6.605379287307927427e+01,2.623271235350384245e+01
-6.891413594883503890e+01,2.683354285525327043e+01
-7.070455533403084303e+01,2.008233600174042977e+01
-8.129676368535741915e+01,2.352230630743574125e+01
-6.373272572738695629e+01,2.797271305637039518e+01
-5.276527088824916234e+01,2.831689262420603370e+01
-6.837945896766831311e+01,2.720033644909744197e+01
-4.578108248918817935e+01,1.387267290629553962e+01
-6.497624770403662353e+01,1.578688105382376250e+01
-4.313938578422849446e+01,1.438559436359628663e+01
-8.317531430847351714e+01,2.738449307067362071e+01
-4.123811246562073052e+01,1.832272279499310486e+01
-8.056022072659557409e+01,1.907667435021674152e+01
-8.307526672140231483e+01,1.814654191492835977e+01
-1.679099065953137142e+02,2.047280508825155465e+01
1.761843605636290135e+02,2.024533655247175190e+01
1.667010871145347721e+02,3.263366367551199687e+01
1.786200556527442984e+02,4.497846437905899109e+01
1.749834995762859080e+02,2.869979078377754433e+01
-1.723699090917874628e+02,3.596347825115411467e+01
1.675875714872296385e+02,2.076140578242875279e+01
-1.712509611213461937e+02,2.881678963834976059e+01
-1.784628380137858699e+02,1.622599628894536039e+01
-1.382423892692507934e+02,2.613495453172773253e+01
1.771127189108694893e+02,1.219447190340017073e+01
-1.588750000601698389e+02,2.600566784822804678e+01
1.683512052889868471e+02,3.023975327054865403e+01
1.686445940713851996e+02,1.970723607332098837e+01
-1.601054534690660489e+02,1.877147979749932816e+01
1.621823553738967689e+02,2.979684985726307644e+01
1.445325917613130002e+02,3.928329719580425916e+01
-1.647563191213010327e+02,2.920483036937383758e+01
1.642057682734659636e+02,2.483034870337031208e+01
1.406412644968553138e+02,3.533565290449108431e+01
7.559144168251407336e+01,2.744325605236880961e+01
8.204063482259874718e+01,1.581303409607425436e+01
6.744672374867106157e+01,2.878010676209181185e+01
7.690562301802076206e+01,3.031760703387779188e+01
8.183825624975278856e+01,2.782069918684051402e+01
5.001883543673482535e+01,2.119100045703633128e+01
4.194591185034044400e+01,5.051600152698058821e+01
4.904690576150684933e+01,2.247647464502633952e+01
5.932714222317108010e+01,3.744991014537765750e+01
2.531864704562856616e+01,3.502342897169943114e+01
6.848146831280928382e+01,1.065620855214319995e+01
5.731718869099432823e+01,9.415163364396878620e+00
6.317891107954208252e+01,9.453635710991520114e+00
6.301214310593177004e+01,5.994425128849599993e+00
6.118341292110598317e+01,1.063400352233722401e+01
7.726522289926323594e+01,8.475333332096019134e+00
5.696875783389550918e+01,8.171073747944369359e+00
6.708933325487798527e+01,6.868544610229044167e+00
8.153336790054693495e+01,1.190725668687772121e+01
2.383849418034209933e+01,1.481247402551558245e+01
-8.069852299299392939e+01,2.076614887395456321e+01
-5.116809832758156062e+01,1.393606406456327029e+01
-8.133520965032514027e+01,1.189548236648899326e+01
-6.478250440160147150e+01,1.172078617138989287e+01
-6.010353436076556477e+01,1.899251385742231690e+01
-7.056700530252037140e+01,1.864219379217923844e+01
-5.408204724563253052e+01,1.390373691105713938e+01
-8.238811591379888455e+01,8.466882826059640266e+00
-6.451981014566109707e+01,1.516634264362146212e+01
-6.320457084811707205e+01,7.141754681124732329e+00
-6.243102483575215444e+01,1.569971087269007981e+01
-6.248984939919238002e+01,1.594514260115259674e+01
-7.826034441807419739e+01,1.305605671460481609e+01
-5.390883321912788517e+01,1.271720083711465321e+01
-6.759571785910804920e+01,9.249916717243753084e+00
-6.237193916637455970e+01,1.433191961171361406e+01
-6.150523737674420488e+01,2.243891579190557906e+01
-8.471147969751933715e+01,2.497534127147317662e+01
-4.995138954270785803e+01,1.955755786469772772e+01
-8.030888257401123553e+01,1.281160607832427445e+01
-1.686015804849112669e+02,1.139982909140966960e+01
1.349533854870623770e+02,2.057614813108039797e+01
1.722778542848905090e+02,1.183401523205214545e+01
-1.631338633730136394e+02,2.480464458784419435e+01
1.780889922595655435e+02,2.656988773688674144e+01
1.425223490893211533e+02,2.592318328925551896e+01
1.612055886133159959e+02,1.129059716444818662e+01
-1.371355123626701698e+02,2.720315936165710724e+01
-1.270286217054957518e+02,2.493149224281888721e+01
1.517252375792762393e+02,1.391714432166336302e+01
1.497724891344706748e+02,2.286980739283178110e+01
-1.584597693978921029e+02,1.191203878686960493e+01
-1.691255660515338946e+02,1.305056318355451594e+01
1.665332525489079387e+02,9.245506031726060669e+00
-1.679952844222260069e+02,2.398382507239176675e+01
-1.528170885360893294e+02,1.713066813073260874e+01
1.491946494831949792e+02,2.952062570798644714e+01
1.605227545247423109e+02,2.631226833535161802e+01
-1.551850768931822131e+02,2.408104145520834294e+01
-1.782391699170059951e+02,1.194193577980159127e+01
9.529774158273535534e+01,1.945381874643286579e+01
3.528065424206235434e+01,2.817582860479328488e+01
7.624007270269702019e+01,2.461047394120799225e+01
4.408451927961292682e+01,1.454961458527366247e+01
5.601577366547051895e+01,1.319051801526986445e+01
7.832702221089165562e+01,1.315612539325546493e+01
4.543210679418240261e+01,1.717193427049312859e+01
8.679897877668548745e+01,1.597939183705078392e+01
1.369689364548765127e+02,2.576444582059490784e+01
-1.402216136239138109e+02,1.736049766123026572e+01
1.587908866328149031e+02,2.587509908095653799e+01
1.742592140088550821e+02,3.204886819923657981e+01
-1.779507977030426105e+02,2.839207551308114219e+01
-1.798165524850216741e+02,2.437565400336043098e+01
-1.715666655955739941e+02,2.041642571125390759e+01
1.768296010786778254e+02,1.940789087652921552e+01
-1.763829830314967353e+02,2.535515520935192058e+01
1.752239668069419167e+02,2.506084047159821893e+01
1.768482483887890169e+02,2.226707724478262662e+01
-1.621491505905718782e+02,1.368554930508796730e+01
-8.227989951208334674e+01,2.542062130217453841e+01
-1.127364920100266374e+02,4.202557188249603826e+01
-9.022796358515931558e+01,2.051141567112751574e+01
-3.688597571938023378e+01,4.266706568405510325e+01
-1.110981551098852123e+02,3.482433557347155784e+01
1.450522041535676294e+02,2.193465161529848473e+01
-1.459263554795094535e+02,2.133604563569673118e+01
-1.206234674696150222e+02,2.698491799578070882e+01
-1.394287611391760322e+02,1.525640195282237777e+01
1.624223886543078095e+02,1.574790336334632102e+01
-1.764706352000404763e+02,1.065815237791550985e+01
-1.621546028303391722e+02,1.404796730186732034e+01
1.593942998231695185e+02,1.243482106292054112e+01
-1.748476985497790110e+02,2.010929005960868565e+01
-1.547529245518941536e+02,1.804768408920927669e+01
1.499395245977605384e+02,2.058830814286412192e+01
1.684611009163919846e+02,1.252043306364484110e+01
-1.532707605395990527e+02,2.882524975922478205e+01
1.774338153450124196e+02,1.055626227422947316e+01
1.367549341463648318e+02,2.538478593116697013e+01
1.693849542453511674e+02,2.749934257578285823e+01
-1.718798618919022658e+02,2.908998311181190388e+01
-1.638797155972868609e+02,3.846938703782689117e+01
1.729024364265970064e+02,3.690750776687878698e+01
-1.720722765400844310e+02,3.793464422668401426e+01
-1.674948839005022876e+02,3.207009256249730811e+01
1.590579018209228082e+02,1.401102791615781840e+01
-1.774964081855059135e+02,2.825703843222817468e+01
-1.591684825588491776e+02,3.180181540704698762e+01
1.796335496826951896e+02,2.512573541190280935e+01
1.702020342783489468e+02,1.959271363095866292e+01
-1.628765295725401643e+02,1.319091292908816904e+01
1.543324553425327679e+02,2.167834126752299539e+01
1.612411496975958585e+02,2.121335572301541106e+01
-1.484680669342033354e+02,2.116630090760353156e+01
1.755859948731369116e+02,2.559197208778858368e+01
1.625866220285214183e+02,2.454189700836683485e+01
-1.092709562165391475e+02,2.135665602971948118e+01
-3.382118608378497981e+01,2.756258177035026335e+01
-5.354317877548699300e+01,2.101131774294330867e+01
8.343538681496167442e+01,3.114311653066475216e+01
5.989785729796386704e+01,2.511340583013642913e+01
6.423298041633422883e+01,1.470577558175164867e+01
9.424378548674714295e+01,3.119297254957566423e+01
4.961370720863630623e+01,1.421441806970404542e+01
6.460114565449400459e+01,2.952829812438939783e+01
6.431518947336061842e+01,1.252601389789745845e+01
6.567004460680176692e+01,2.307583984438680247e+01
5.167375518126019784e+01,2.173441217726009000e+01
5.718742391004523284e+01,2.121259657075177429e+01
1.637069061417991236e+02,1.395655846840763559e+01
-1.606808672134370966e+02,1.212194593546286114e+01
-1.700304963855308529e+02,2.338537664247972003e+01
1.512085534830296183e+02,2.682437820737341738e+01
-1.593137624899125058e+02,2.132286239320324484e+01
1.759210411485236989e+02,1.969724908240311834e+01
1.447305671629916617e+02,2.860849497140911168e+01
-1.734952138603285334e+02,1.991084734858815963e+01
-1.407588738956636121e+02,2.657935279178326482e+01
1.783901760555062310e+02,9.769118394497924740e+00
1.549370613691197889e+02,5.333264792949499622e+01
-1.763681957889344005e+02,1.710905715445687036e+01
-1.777179088784844510e+02,1.761544963787758888e+01
-1.722656000097983338e+02,2.838805486281480839e+01
1.785509223416239024e+02,3.451463493591801068e+01
-1.794000720941153020e+02,3.306154491550883989e+01
-1.693870643177692159e+02,8.364768405771423332e+00
1.700096178180164088e+02,1.484579104213339207e+01
-1.622502990580055666e+02,2.166541895801401552e+01
1.590685065489585099e+02,2.083848979426990056e+01
8.238729296482452469e+01,1.956113739003259866e+01
3.831602648483898577e+01,2.895650710218313861e+01
5.849490989784068518e+01,1.954375438870613024e+01
1.022986219083231560e+02,2.730308933260384663e+01
4.491121878923692634e+01,2.121553731476285876e+01
7.423313864650131677e+01,1.134255704327395975e+01
9.277912987543689383e+01,2.241689209056111309e+01
2.432268372754870001e+01,2.438857356376010088e+01
5.879477085013746063e+01,1.318383227044384043e+01
9.884900169869818853e+01,1.825430187395107851e+01
-1.785180014357113691e+02,1.946898388399044677e+01
-1.555856346673143094e+02,2.246399131446980491e+01
1.678199366498971017e+02,7.463930059706419762e+00
-1.597314513503227147e+02,2.127868952575905581e+01
1.688767524872964430e+02,1.111857693337713293e+01
-1.777730287485866540e+02,2.111546008477636249e+01
-1.735459321231244019e+02,3.355845843584552313e+01
1.720222798133528954e+02,1.725813868661335349e+01
1.691469291795876586e+02,2.542417280311249783e+01
-1.602144555119985228e+02,1.520940334438786401e+01
1.708396937027927152e+02,8.019925131075453351e+00
-1.710866328187436238e+02,1.029376426409656098e+01
1.790219864625665309e+02,1.217376122121893900e+01
1.745074917773036418e+02,3.009310479941871108e+01
-1.797177198987340319e+02,2.400924314519595271e+01
1.747718688297606207e+02,1.226815237832166616e+01
-1.695983362574393993e+02,2.109154329419353502e+01
-1.598572313641364246e+02,2.064610908296472758e+01
1.605084765842818797e+02,2.542459742404154710e+01
1.759539805300243529e+02,7.198500869064456076e+00
5.874384650580577727e+01,1.757518224566424081e+01
6.377342743579995954e+01,2.225368069697975670e+01
6.538023748881695951e+01,1.489162682315566144e+01
7.489503551308291662e+01,1.744268097419710983e+01
6.495425939050086583e+01,1.511126287529101830e+01
7.535473172759601823e+01,1.653189354732460004e+01
4.823909531438735598e+01,2.063770148199450460e+01
5.294989363692995710e+01,1.191564522143610105e+01
6.270040338895543641e+01,1.463364888709752876e+01
4.863704261007399765e+01,1.045955241428195848e+01
-1.758463073100434144e+02,1.855009833209770775e+01
1.639384632914618862e+02,1.656838587826810283e+01
-1.568606834005795179e+02,1.866923630114744270e+01
1.667521514027351941e+02,1.743105251367274278e+01
-1.699497108917502430e+02,1.770339169668384471e+01
-1.727775902824430432e+02,1.580655590008790057e+01
1.654158988809458037e+02,1.246742651905522692e+01
-1.762115986618578916e+02,1.189330706356849632e+01
-1.794325647765949441e+02,1.308925697685710077e+01
1.709540398540619890e+02,1.475209828211502483e+01
4.393693433094659184e+01,1.737386349641557715e+01
8.098610432298681872e+01,1.626176995812348736e+01
5.771998804486133139e+01,1.117408324025328170e+01
6.046507941229280902e+01,1.496925784667426029e+01
6.763547792370991374e+01,1.359453047601365228e+01
7.265173817269734968e+01,1.647181718295228237e+01
6.388784467841045966e+01,1.651538942241062813e+01
6.908809850227285665e+01,2.807186053983452467e+01
7.607825787190769518e+01,2.970251334674350829e+01
7.298837512286173990e+01,2.853263795498592259e+01
-5.503894543545567331e+01,2.474705663550314227e+01
-6.092685103103103472e+01,1.160758429696334559e+01
-6.467755765824301761e+01,2.511069509265757205e+01
-5.990298745433514682e+01,1.492629242975758963e+01
-4.433790804371882643e+01,2.217855911225520060e+01
-6.428934599795047689e+01,2.694836146246321107e+01
-5.573050203127065316e+01,1.673817221442924819e+01
-7.352607075705222428e+01,3.513555849663108432e+01
-5.150903058233931375e+01,1.249577075875274801e+01
-7.663923010513549627e+01,2.382101883700554978e+01
-5.385778075596221726e+01,2.347767408434648218e+01
-7.001737978217001057e+01,4.732503944564012954e+01
-8.126079012380861855e+01,2.517117707784104752e+01
-6.774821222273456556e+01,2.243313449698147011e+01
-7.179973730132985565e+01,4.974366172658033491e+01
-7.483048714924922251e+01,2.415502641359104885e+01
-5.390305274772862276e+01,4.394177459337250014e+01
-9.327975481318661366e+01,4.680677354240920351e+01
-4.417789605485390325e+01,2.774024339321885435e+01
-7.511456388173795062e+01,4.081037016828737762e+01
1.620723150801199779e+02,6.364296493354432371e+00
-1.681245313697639006e+02,1.351643200582697446e+01
1.748870531195165654e+02,9.399113229273693193e+00
1.694326791309348437e+02,1.198457973843578372e+01
-1.655727168768914055e+02,7.117295887519357045e+00
1.679423999782010242e+02,1.333478360387967498e+01
1.787047216540773036e+02,1.044319855471373870e+01
1.754457929307828579e+02,1.680475745246791064e+01
-1.784172847165290818e+02,2.039879154126954575e+01
-1.696922778139397678e+02,5.380462215057357334e+00
-7.622011235581759081e+01,4.132428168192107876e+01
-4.993636091331151050e+01,3.141086079982543566e+01
-6.635559838914869601e+01,2.607511239837190331e+01
-7.536544986685471770e+01,3.073405923731176159e+01
-6.476942507998229814e+01,2.738317323961873839e+01
-6.474541366858485958e+01,1.400081051955291400e+01
-5.985215506523597639e+01,1.631818984808765904e+01
-7.695651664248788393e+01,1.815474025545332637e+01
-4.998433408918128151e+01,2.275131885606142390e+01
-7.917361999279962959e+01,1.842649615907401994e+01
-8.104871598207954264e+01,3.447297490228170602e+01
-4.841337866735872808e+01,2.870081199146299156e+01
-9.245163717206411036e+01,2.753131268766554740e+01
-5.466167353977085952e+01,2.059064586995972945e+01
-6.831253773549259733e+01,2.592924351618391654e+01
-5.320428237795461968e+01,1.194133207371828220e+01
-9.546408858271286135e+01,2.732415790314050952e+01
-6.423098584063663452e+01,2.196377058926567827e+01
-1.118065897749769846e+02,2.722062129885613757e+01
1.606061870280416031e+02,1.639668202847410683e+01
-1.744819385155081477e+02,3.718462632209546825e+01
1.739901647204867174e+02,2.494728182592504595e+01
-1.662026986397541464e+02,2.437410882937276213e+01
1.722994158659252832e+02,1.763510665801891975e+01
-1.592852356805075544e+02,2.074479931620980011e+01
1.577467930060836352e+02,1.274339966598539498e+01
-1.792326887549948822e+02,1.097575860368226053e+01
1.732408590394070984e+02,1.590015113217716802e+01
-1.699915914452139418e+02,2.111801700599612630e+01
1.720446774306450664e+02,2.613216998649630085e+01
1.743770889232936838e+02,1.146347535261677031e+01
-1.662208317059858871e+02,1.051361962528954841e+01
1.586490037691291377e+02,1.570931932688468535e+01
-1.664911019190712409e+02,1.613025038724623172e+01
-1.737061613084062230e+02,9.504999871065152206e+00
1.714860970842641166e+02,2.464455596952257466e+01
1.764640732130635854e+02,1.174318407142111553e+01
-1.620299995835092943e+02,2.115812126984437569e+01
1.692530873698089806e+02,1.844110579545044004e+01
1.481354609102087352e+02,2.796103912033230543e+01
-1.726125822620608119e+02,2.431343466552506527e+01
-1.713973153229155457e+02,3.135268953616061793e+01
1.721405726322203691e+02,2.277591016587400574e+01
1.787245805876587497e+02,1.310700513384304600e+01
-1.796656299418104368e+02,1.818297219099054729e+01
-1.780599240076134322e+02,3.004433728455831698e+01
1.748129958770508665e+02,1.875179041982332251e+01
-1.737255580784295148e+02,2.356681247059049866e+01
1.728722371703827889e+02,2.755215837909029730e+01
1.784863516243310073e+02,1.471832436261269628e+01
1.713300835194055765e+02,2.376089701249654951e+01
-1.584867421013410365e+02,2.580076898407934038e+01
1.655722992145327055e+02,1.571194225820580925e+01
-1.764267497911265252e+02,1.677996827136213653e+01
-1.621364507333256029e+02,9.476453854696956114e+00
1.459886823357533103e+02,1.617014379529884849e+01
-1.646280289607150564e+02,7.690883914609642602e+00
-1.755729795809894256e+02,7.767922897563924067e+00
1.703215321609384887e+02,5.953272718585484569e+00
-1.728954081567084415e+02,1.293859265658957369e+01
-1.519373926900806850e+02,1.746140479697897518e+01
-1.549202399216248409e+02,1.705035423470389588e+01
1.422571801892387100e+02,1.990856271302665448e+01
1.479619191414242607e+02,2.643231861693953277e+01
-1.458382839755588805e+02,1.503129520960096066e+01
-1.766535095654108716e+02,1.984769904824477038e+01
1.387687463392511233e+02,2.622836053318860650e+01
1.680217218160802304e+02,2.261861579569958280e+01
-1.558518008908059187e+02,3.093725888129883472e+01
1.715903362520122926e+02,2.239862970865748792e+01
-8.120179412962829701e+01,2.379991214309114866e+01
-5.865826391324355882e+01,2.642352133304245498e+01
-5.507145393505113162e+01,3.117488510096145049e+01
-1.049819220260914392e+02,4.398160258071838769e+01
-1.343825186578379487e+02,3.627362427592140648e+01
1.758581902624800648e+02,2.560080162481848731e+01
7.365728735468796629e+01,2.324439009199242179e+01
5.092685241543686914e+01,3.208697572537207776e+01
7.516670803686609759e+01,2.104902655385376420e+01
7.842527941535281855e+01,1.749607525176659806e+01
-1.798747707822150232e+02,1.288020259390807709e+01
1.710086441178765426e+02,1.157765648630327959e+01
-1.446414514820479553e+02,1.766619042729025679e+01
-1.460794073521834662e+02,1.247054377129179947e+01
1.538046090085979642e+02,1.309442960067579875e+01
-1.638010047680870400e+02,2.215442786146380527e+01
1.615518156010273287e+02,1.378258674828873076e+01
-1.505024403619996747e+02,1.113253962480655623e+01
1.437461748165301287e+02,1.691081124667764257e+01
1.714803972910408447e+02,1.467282470929374760e+01
-1.723143465572194941e+02,1.463322017115348750e+01
-1.557205327543361477e+02,1.245090790215135179e+01
1.399302757561362966e+02,2.535625705280718378e+01
1.478576108764831076e+02,1.468195913733446645e+01
-1.454201676404083514e+02,2.189984448339383860e+01
1.526152233080467795e+02,1.557676348263879795e+01
1.528425624552913860e+02,2.512285014879547873e+01
-1.601911326635649289e+02,2.555790741297190038e+01
-1.782959492307379037e+02,1.550105435017493249e+01
1.734045436146016073e+02,2.068245456055205267e+01
5.056798605872779007e+01,1.307833726577886324e+01
9.963619285752122323e+01,1.792512647717224894e+01
3.927418282875599687e+01,2.901653452860240634e+01
5.435707272434076032e+01,1.618144677212056948e+01
1.037124127028630198e+02,3.021741420203650108e+01
4.078516732755836216e+01,1.146476750065236772e+01
5.148625826167597808e+01,2.893254178513891617e+01
8.181237954999656381e+01,1.072206132537226608e+01
4.646954876530124068e+01,3.113271321656032598e+01
6.858796676230552691e+01,7.072015106897497461e+00
-7.945182050962209530e+01,3.213532360604761351e+01
-4.922859129740375295e+01,2.386087629452799064e+01
-8.231141785590877191e+01,2.160421991480957615e+01
-5.043865982260642511e+01,2.354130829304569517e+01
-6.475416098995090408e+01,2.341510900019689956e+01
-9.654725063655732242e+01,3.118945489533921744e+01
-5.775118613983190841e+01,1.909153851910510014e+01
-6.780441510572936181e+01,1.993716278237367590e+01
-8.982590733188132504e+01,1.871534080953239965e+01
-3.808997394298070560e+01,2.414670146642732362e+01
1.789141022803693488e+02,1.509908757537494139e+01
1.768801089133171445e+02,2.688945088557879259e+01
-1.798813329096752227e+02,8.809907715857294264e+00
1.713732091809269775e+02,2.288967526276360331e+01
-1.588163068645337148e+02,1.200463111989060394e+01
1.506258653164738632e+02,2.085691965687334104e+01
1.620320707767284887e+02,8.354761437468186003e+00
-1.638354749869372995e+02,1.562875756668151794e+01
-1.795854583954363761e+02,1.240596744482026104e+01
1.748839247283891893e+02,1.315323947456987597e+01
6.143292282712697272e+01,8.347126357051468659e+00
6.881299020376479803e+01,1.206371749814193706e+01
5.940488275825438791e+01,1.140156736313201691e+01
5.868419122788250064e+01,1.753288702528962872e+01
7.488764618169982157e+01,2.307015245268560832e+01
6.929028888002525832e+01,2.434520003264364263e+01
6.658915731274362315e+01,1.755006391640454666e+01
6.503705138140215070e+01,1.724291045075704432e+01
5.418641185889686795e+01,9.528837173680834383e+00
5.632856754845358438e+01,1.517171442064632991e+01
1.661619433140209026e+02,2.657352142203907519e+01
-1.666563335985000265e+02,3.682471914298138671e+01
-1.797306878084264099e+02,2.030733621248572263e+01
1.796164030281483974e+02,2.499154587795334947e+01
-1.612843768155084092e+02,3.788244639108000911e+01
-1.795483025935491526e+02,1.173314312841223916e+01
1.664663487670746065e+02,1.468388458409301300e+01
-1.603286039895342583e+02,1.460952551047986603e+01
1.766735638459754796e+02,1.586753509193797740e+01
-1.734787573982787308e+02,2.280456647768001233e+01
8.092150209490657176e+01,1.731629434089770569e+01
5.344749367019350927e+01,2.761841333309856239e+01
8.124028376729515344e+01,1.409915294998651980e+01
6.030114301793521747e+01,1.545714905772335257e+01
4.457253335918384352e+01,1.918920665541757131e+01
4.419163296539351649e+01,2.651220019415598017e+01
3.999284772322455694e+01,1.675999516413009260e+01
6.356005434012634225e+01,1.296812249046145382e+01
5.938832924494713694e+01,1.337204958574548286e+01
7.068537348259268072e+01,2.237298562865805707e+01
-1.793842355754694324e+02,2.024656403414455497e+01
1.713832947336832149e+02,1.135535455590533083e+01
1.784194883153146520e+02,6.150532170427887024e+00
-1.686082568796733199e+02,2.050549284669564543e+01
1.550143068044203858e+02,1.723478042210984995e+01
-1.305087256432951506e+02,3.176798878166988516e+01
-8.133891806682481729e+01,2.603526838319115200e+01
-4.623488386150653184e+01,2.665945063496030443e+01
-9.770756807998655802e+01,2.426264928948231869e+01
-8.484860589425245792e+01,1.794561307985190268e+01
7.461853308426424292e+01,1.348078729402140929e+01
6.498101563054066787e+01,1.485919582130460270e+01
7.497409535206747933e+01,1.598858602176002108e+01
6.803974378679156132e+01,1.831045723233908262e+01
7.525967728836567971e+01,2.344100784155752493e+01
6.596838274783523559e+01,1.947897518582925613e+01
7.503494408638292157e+01,2.130974561402234002e+01
6.799239270788108058e+01,3.145427628063800540e+01
6.375354989795043537e+01,2.360212110512254924e+01
7.910199519429984605e+01,2.796999513992998843e+01
-9.296533753766776442e+01,3.369128518059567767e+01
-8.712299039201806750e+01,4.448511221103522928e+01
-1.195523827131694929e+02,3.275237103794702875e+01
-1.776140579577548522e+02,3.227824985002735758e+01
1.349324531985240867e+02,3.718408920610522017e+01
-1.698126980546334437e+02,2.120659082751183888e+01
-8.952845478876918150e+01,5.546478519186273104e+01
-5.749344001596008980e+01,2.791064551520914705e+01
-1.238931216124809680e+02,5.096651901859903688e+01
1.564405962950215212e+02,2.837921728885541128e+01
1.304274641438840376e+02,5.109581447582507963e+01
1.680733372101174155e+02,2.619556209197604346e+01
-1.415936057735810323e+02,3.170709004950503385e+01
-1.778790975737167344e+02,4.321653584083913557e+01
1.716895037680701250e+02,2.051933962198679495e+01
-1.664270296720434033e+02,3.693190083642864607e+01
1.713937735792079309e+02,1.834891479130957848e+01
-1.797037630543225077e+02,1.885076726716469864e+01
1.764266444153118982e+02,2.148201487207504101e+01
1.730802830727296282e+02,1.081441096415955450e+01
8.448221387564863960e+01,2.475447562779120858e+01
7.269730960814861476e+01,1.574715677486824816e+01
6.134272602725051371e+01,1.661217869393635382e+01
6.094009997559239622e+01,1.137170245637075894e+01
3.980785987523821490e+01,1.722065241422234294e+01
7.586089639463402534e+01,1.544501711050502735e+01
4.413904207225079546e+01,1.764067199823789522e+01
8.053054570708231097e+01,1.343321690763466236e+01
5.587908791658883700e+01,1.176425968199810512e+01
5.466125707578893156e+01,9.884194194821487756e+00
9.984724211426379270e+01,2.437907835331787965e+01
4.374965006099546372e+01,3.911302680119108288e+01
3.250527709088896700e+01,3.267283510161043125e+01
1.032360478932844217e+02,3.545507918543279402e+01
5.456469168237631351e+01,3.293307089502030038e+01
3.585486016044931290e+01,3.779056122130116790e+01
9.616235588225080733e+01,2.926902510896479725e+01
8.350061795927689445e+01,2.332436523653863958e+01
3.709059241531938511e+01,2.797990639434100757e+01
9.641578408594024552e+01,2.024821375519784183e+01
1.747936495849432106e+02,2.203688770159738297e+01
1.740873058728956551e+02,4.020512256514859217e+00
1.784660382583392675e+02,1.707762314279853655e+01
1.686315554251435742e+02,2.106186091355333190e+01
-1.796425623104981923e+02,1.132860212650235709e+01
1.653128721452907541e+02,1.691554790247846896e+01
-1.714016503716639193e+02,1.331166553115409990e+01
-1.797121064473537331e+02,1.439455782461045885e+01
-1.666718199731452330e+02,2.311131511925512783e+01
1.775083338618876780e+02,1.210073236946590747e+01
1.133403510691301364e+02,3.652253174605647956e+01
7.469574882993306630e+01,1.632692060136781720e+01
4.074963268026274221e+01,2.857219645365456628e+01
8.639895777002888622e+01,3.284447045384591490e+01
1.035524270990550377e+02,4.441806140173480344e+01
5.801423468464877686e+01,2.085515738984749490e+01
6.274263193612703304e+01,3.534707147964321905e+01
6.064274890434736420e+01,4.267393286453871326e+01
4.178302581122961357e+01,4.129666162208668112e+01
7.699257984683258371e+01,5.139186227944574625e+01
1.127925575996128629e+02,2.825048446076949560e+01
6.202612453141547633e+01,3.664506628170587277e+01
7.569435390533122643e+01,1.620872885701578880e+01
8.073554706820259241e+01,2.489564645199736859e+01
6.195450920829651409e+01,3.148897506838226690e+01
5.641928628047784855e+01,3.230849611254215148e+01
6.185550552472179930e+01,3.107084539314823957e+01
3.920310810671036705e+01,4.196196036937793394e+01
6.507176264236825602e+01,3.348998515147221156e+01
5.576903674212971396e+01,4.283481223197867394e+01
-6.666963385119416330e+01,1.600962693657699631e+01
-5.158025469197141888e+01,1.905619614783797999e+01
-6.209974931865671266e+01,1.286867356924003047e+01
-6.821218907962533251e+01,2.170916222350914992e+01
-4.432075663043418956e+01,3.022763398861593842e+01
-6.955975440969554313e+01,1.024429149453906440e+01
-6.656512038290601652e+01,8.298647757259438151e+00
-6.056743248458577256e+01,1.431027566836900888e+01
-1.283892396375997009e+02,2.074579938017080849e+01
-1.741109472583523257e+02,2.014592379770615338e+01
8.683638300799850640e+01,1.626252216403814899e+01
4.490287431444042454e+01,1.533090946629275209e+01
6.158133015574338032e+01,1.414606306745479358e+01
8.340594800270403653e+01,2.719559992557005046e+01
3.331238989069365886e+01,3.213680569040273127e+01
7.748841964837862406e+01,2.909479278235237132e+01
5.435580248692166805e+01,2.393655353483966763e+01
4.341270828033896123e+01,2.224675771191036233e+01
6.860526295973220101e+01,2.207914985001480090e+01
4.693432155154349061e+01,3.516610735740476201e+01
7.720879242348787841e+01,2.000431441539898714e+01
7.620632237585076041e+01,1.319955544432127681e+01
4.997550344105832210e+01,1.836768568303270754e+01
7.036145065814245925e+01,1.918181623932996871e+01
4.985244320128428797e+01,1.356380184355902685e+01
4.655181708591094036e+01,1.548781217338881788e+01
7.208008244149930022e+01,1.274044398882232443e+01
4.944901930953054148e+01,9.227118472572424679e+00
7.415440850677366313e+01,1.362524926374767631e+01
7.493462695170823906e+01,1.158766821768660549e+01
8.345594244761282710e+01,3.737597123665085519e+01
3.782520112806191293e+01,2.658330512829498815e+01
6.141753629803459802e+01,4.709425069778700390e+01
4.384683661694067780e+01,1.538406410347263531e+01
5.622530405632833350e+01,1.583402554473509838e+01
9.442388218622267004e+01,2.738323702857292830e+01
5.659391116647235265e+01,2.794658957462187132e+01
4.968062593229048929e+01,2.465294551820660729e+01
8.652514043565832935e+01,2.186819535392641356e+01
5.204818635515000835e+01,1.552174045319450002e+01
8.344044015365707878e+01,2.431872239845317551e+01
7.099392251065215476e+01,2.483285546949934641e+01
6.540798113411867121e+01,2.097903298230585278e+01
8.363386378546501021e+01,2.440691887122523340e+01
4.101222887532161110e+01,2.578768377977598902e+01
6.851377234174708519e+01,2.668731699938664548e+01
7.559940016282007491e+01,2.603399100771358121e+01
1.923458665267733991e+01,3.012337057206484303e+01
7.635236769782714816e+01,1.464255855321011346e+01
1.630127089758865964e+02,1.726778196378185015e+01
1.798483594369428431e+02,5.666895536055156946e+00
-1.747220283013865298e+02,3.996796631300275848e+00
1.702715206550471976e+02,6.781575033470156555e+00
-1.710686258659393104e+02,3.151350033719284127e+00
1.660362015786344614e+02,9.738223281775205464e+00
-1.784388460230563282e+02,6.701311734771852713e+00
1.664609909127476897e+02,1.175587881032244653e+01
-1.577345036982106876e+02,1.597540268921094864e+01
1.561831274606955162e+02,2.185814430784872897e+01
-1.450152498379195833e+02,2.466220240610019587e+01
4.816752314986158012e+01,2.565033580828141524e+01
5.786813605424246276e+01,2.596726178502692406e+01
6.949171303827256452e+01,2.005613547151462228e+01
4.778153895227440273e+01,1.954902267238169955e+01
7.219386380374180590e+01,2.926359489396094204e+01
4.264337415767299433e+01,3.018980227250685644e+01
6.860718598998613516e+01,3.034271342844429498e+01
4.071983567653573743e+01,3.084093355956434479e+01
7.463356235452992848e+01,2.813186010137047788e+01
7.927218818320849891e+01,2.203443240663511205e+01
-7.091091971635268010e+01,1.704632095693743565e+01
-6.649868463520640205e+01,6.801308191777986956e+00
-5.926265688662019926e+01,1.873736049470911880e+01
-6.947879060566046405e+01,7.005600593932785003e+00
-5.766237123856335245e+01,1.639844149814248908e+01
-7.839179547033842255e+01,1.162883936586697331e+01
-5.540086001208003808e+01,1.416025072573233246e+01
-5.598198235666162503e+01,2.014261922053072240e+01
-8.510209593792519911e+01,1.991355105078669041e+01
-5.127948876238603759e+01,1.584837633997724993e+01
-1.778034320335216307e+02,1.233968480413037483e+01
1.671678116311628912e+02,1.291516672923403775e+01
1.733581364711927222e+02,1.499689981760043977e+01
-1.582464444454093666e+02,1.393232587348821028e+01
1.491126692277906045e+02,1.980580148075413405e+01
-1.796181948166025677e+02,1.975001126835632093e+01
-1.594526460738282765e+02,1.226189939721512978e+01
1.523120333507125395e+02,1.729434993127673081e+01
1.653880458025565474e+02,1.407885914483422951e+01
-1.677528552707213976e+02,2.766971204378701188e+01
1.648236777409705383e+02,4.349177683961338658e+01
-1.422441199280463877e+02,3.676235591332324759e+01
-1.468293113855253296e+02,2.717370442147863940e+01
1.571558749608355470e+02,2.597184951990901425e+01
1.556621345484503536e+02,2.047179840583450527e+01
-1.474553952638395913e+02,2.911675061750501214e+01
1.655879235948917199e+02,3.876312008633712480e+01
1.764683422533767043e+02,2.316456236393578294e+01
-1.742523852121033485e+02,2.318758078753392837e+01
1.611598749793216427e+02,1.587975589150973477e+01
-1.639658239276671736e+02,8.740693398995739827e+00
1.742845538853139828e+02,8.799466655130864012e+00
1.737580311205491910e+02,1.115516007182720948e+01
-1.556302000137725940e+02,2.049119141414401213e+01
1.624468625551594982e+02,1.137141628629715484e+01
1.787180221394474700e+02,1.357355704094775817e+01
-1.660604535535395883e+02,1.810289430304474578e+01
1.545464780098311905e+02,2.347689420589797038e+01
1.675590897266383195e+02,8.461363074395727324e+00
-1.640730339285910020e+02,3.120184864731922758e+01
-7.701676521335794234e+01,2.349379397439136241e+01
-7.283857635977719269e+01,2.710693444438014055e+01
-6.642197336844762390e+01,2.140883662947378241e+01
-5.314296067684337288e+01,1.435528152698154258e+01
-9.008108738852595820e+01,4.164460394096650475e+01
-7.016163564944532993e+01,2.471008511319990930e+01
-7.582793143064338892e+01,1.985402382757652617e+01
-4.214833900175313630e+01,2.018696488412455636e+01
-9.904335718534363764e+01,2.599266826849780188e+01
1.793829331315957631e+02,1.359818486037467622e+01
1.431274626041223996e+02,2.622711966395954875e+01
-1.720228782390789490e+02,1.490677482091260764e+01
-1.668667519993713881e+02,2.493215763371936333e+01
1.533597105782347967e+02,2.766020126001603785e+01
1.736927186198502682e+02,1.975475406168448700e+01
-1.571638315552981169e+02,3.131745776625812283e+01
1.662893594951782461e+02,1.888139024093205620e+01
1.638613234784233725e+02,2.416463441444924243e+01
-1.547880347561204815e+02,2.095575416860604534e+01
1.606936555474011357e+02,2.391238538413544745e+01
1.740660625579921259e+02,9.854900401813679878e+00
1.640499976777186646e+02,1.907929858425180214e+01
-1.543180629028955479e+02,1.859595096330347630e+01
-1.651984664835080139e+02,1.074539084872730044e+01
1.559820130090496093e+02,1.733224982585716134e+01
-1.789064314143294609e+02,8.243385002550461138e+00
-1.442466584254913755e+02,1.839400772445998555e+01
-1.778873141847813031e+02,6.814851931562364129e+00
1.543067719875408841e+02,1.864070360550021732e+01
-1.490277968670013991e+02,2.469984229180705881e+01
1.738206006439261841e+02,1.322759424192151556e+01
-1.756769663946681135e+02,1.943137970042914731e+01
1.790380377300787131e+02,2.184093322767856549e+01
1.680388836156653838e+02,2.247141067628983890e+01
-1.673895478982882992e+02,1.407144600631674791e+01
1.650826537526435800e+02,1.207766003649161846e+01
1.703210324961094102e+02,1.391501547511852621e+01
-1.606743102455385213e+02,1.251928719881384922e+01
1.700740636352310560e+02,1.013220550880239301e+01
1.751493303461268454e+02,1.359772235020914977e+01
-1.792602241733914923e+02,3.123301298429521466e+01
-1.693216121377990646e+02,2.080478467584666191e+01
1.682744600451677002e+02,2.485143286550361097e+01
-1.494522876126987683e+02,4.040457489770257382e+01
1.611282832896968671e+02,2.097646066864158598e+01
1.770814829737909406e+02,2.141182580230305632e+01
-1.689175280402044734e+02,1.966038787238486663e+01
1.709148481667052693e+02,8.018209493695497514e+00
1.369895441607129669e+02,1.570234205912643688e+01
-1.788035177865235426e+02,1.269241300703172470e+01
-1.518131677605908010e+02,2.127112446810929214e+01
1.567376817878688087e+02,2.476275564254297734e+01
1.663933104976008224e+02,3.734002223108220164e+01
-1.532922909166248076e+02,2.601419059920253574e+01
1.727620192758013502e+02,1.217724494305457839e+01
1.704598928290064634e+02,1.750630866278445197e+01
1.775075182709688022e+02,2.381280229704423235e+01
1.714361054864814946e+02,2.839454472294649179e+01
-1.771979469125850812e+02,1.381265396947870094e+01
1.782387590952310177e+02,1.673324111829465721e+01
7.655326299315794358e+01,1.952802456368409523e+01
1.266544618047550586e+02,1.778295213412607723e+01
-1.694154346335094203e+02,1.579843604856752037e+01
-1.303331009683616344e+02,2.346943763635211866e+01
-1.637522529480938829e+02,1.327042427973565353e+01
1.615545073789324704e+02,1.496264173293806010e+01
-1.588054119548453400e+02,1.419878748426843451e+01
-1.695899116927931800e+02,1.661954406793223171e+01
1.464803888359574557e+02,1.641397494505665833e+01
1.709945622360273205e+02,1.211244801746719446e+01
-1.447498322557896415e+02,1.332712326174912221e+01
-1.796948555618794217e+02,1.109241445842535789e+01
1.641473591406310106e+02,1.538066333039416556e+01
-1.726690497271226832e+02,1.711462712530166641e+01
1.746835701638304101e+02,7.770859482606947921e+00
1.778738669916647552e+02,1.034870591427786835e+01
-1.719662643097892953e+02,9.779954624929153795e+00
-1.755092877969584322e+02,1.953076559836866721e+01
1.663817621385332473e+02,1.783414691866918389e+01
-1.567608140529501952e+02,2.083096898601497315e+01
-4.762785150168343762e+01,4.035740454758472850e+01
-6.722536368942330398e+01,3.661623375154487547e+01
-6.647136119906835461e+01,3.272632911299928793e+01
-6.865586125655038074e+01,2.845707153741807005e+01
-6.815601595482721109e+01,2.963912785625736745e+01
-1.128552739834545662e+02,3.447707148766772889e+01
-6.680249829205871492e+01,2.466186308220446222e+01
-5.292101718779677100e+01,2.095361589345747433e+01
-1.141686616886251642e+02,3.768524866629380199e+01
-1.150734551173494822e+02,3.490559627444697099e+01
-1.760189930163028862e+02,1.642901961531946142e+01
-1.743136575471125695e+02,1.942904946096456342e+01
-1.702624302166213113e+02,1.314499073963452602e+01
1.673913636132227509e+02,1.706518180847060506e+01
-1.682656569976563503e+02,1.627723422002001641e+01
-1.716927051290092834e+02,2.265994201995145829e+01
1.713834888581039024e+02,2.823680921589356885e+01
-1.786279818421873244e+02,2.006390407955101551e+01
-1.793659217106211372e+02,3.288060114567338132e+01
-1.669646543769976006e+02,2.985121373431459801e+01
-1.753305198110219578e+02,1.306690700600914035e+01
1.784058056141344082e+02,2.846916802253170786e+01
-1.789012915390741512e+02,1.708020388272220913e+01
-1.624639824213058432e+02,2.515886012099815972e+01
1.779519033023179020e+02,2.201412466318446093e+01
-1.769479782808048469e+02,1.474561133451284078e+01
-1.721768150646821880e+02,1.096926979278812198e+01
1.758305713205592440e+02,1.313084867981322823e+01
-1.700573315194201029e+02,1.746515500908523677e+01
-1.721524307125505970e+02,1.078518284455963183e+01
-1.796568782783563734e+02,7.055897856892176634e+00
1.780580634286473014e+02,7.956637698830050454e+00
-1.793151109697331833e+02,7.365035874766221013e+00
1.799766308447739220e+02,8.067126295896224875e+00
-1.783754707416206031e+02,6.568989013713683711e+00
1.671896867499077928e+02,1.219310518987104430e+01
-1.724343001190706843e+02,6.505131169718826989e+00
-1.632347471536861008e+02,1.028696701889046494e+01
1.529758778372112715e+02,1.564050759384601008e+01
-1.552055267994401220e+02,1.078225021288360708e+01
-6.029749002017203452e+01,2.585502557453823869e+01
-8.083400702983202279e+01,2.783417621247534157e+01
-6.748544716507612407e+01,3.098510815975421906e+01
-5.193707618863568598e+01,2.348864537810518271e+01
-7.053790832664972754e+01,1.709094256928488775e+01
-5.799428610632136838e+01,1.343637318048946838e+01
-7.197749512663196469e+01,1.682933415197872051e+01
-5.046696495153256024e+01,2.501670333466289975e+01
-8.741872743950081315e+01,2.422902245917594399e+01
-5.460614854552284925e+01,9.902908789145513424e+00
7.488687935426453635e+01,1.580542637306690779e+01
5.813591397627116208e+01,1.271733634445083538e+01
7.912391010935571956e+01,2.348146551074792043e+01
7.970863549686242777e+01,1.923438252697953743e+01
6.241151841416781565e+01,1.260997690202751009e+01
8.062616745293800591e+01,1.172957075211631661e+01
7.466902637852412283e+01,1.798087307154458614e+01
5.973066365919101628e+01,9.008773576091467561e+00
9.735062908306646534e+01,2.747477349788715628e+01
4.503121686293109605e+01,2.657817042568914090e+01
-1.083245379105433130e+02,4.458705502273356558e+01
-6.732716515338466934e+01,4.542035878556346518e+01
4.938062206283007072e+01,2.201316603391826021e+01
1.382589295697615910e+02,2.742506390467470467e+01
-1.506432596745082435e+02,3.963293093135018808e+01
1.662285332796074044e+02,1.997687334561132388e+01
1.788540148150001130e+02,3.353206061510266522e+01
1.743784568229358456e+02,1.178251724912603571e+01
-1.662437311241289990e+02,1.631619361328719009e+01
-1.779378209010439775e+02,7.164242023048900343e+00
1.722445690964892151e+02,1.295159497348685562e+01
-1.760198002123272545e+02,9.541595836310303724e+00
1.746525826058459643e+02,1.286723161485736355e+01
-1.746084155399742315e+02,1.342452588568342620e+01
1.735700611599645526e+02,9.213455146728149359e+00
-1.655976730098461758e+02,1.417515562200586388e+01
1.629078077385693746e+02,1.343830245117441358e+01
-1.439168320906675262e+02,1.457887638834395183e+01
1.675158069236695155e+02,1.058378347347115422e+01
-1.759999468089793595e+02,5.975909946980682896e+00
-1.136172023684812160e+02,2.710013396308837486e+01
-9.725674192558291509e+01,2.392184146297179126e+01
-3.381140469437006857e+01,2.040590104486238232e+01
-8.413275183166281579e+01,1.413293523324076162e+01
-1.445577339690795782e+02,1.721816174753291762e+01
1.289467189861595671e+02,2.654491941966549007e+01
4.809163622172663111e+01,1.703959976039726598e+01
5.514495438292031793e+01,1.996334172603277324e+01
1.053169984595773201e+02,3.388314632728321385e+01
5.604504576533211946e+01,1.679215626186199017e+01
5.366173014147055653e+01,2.805186490574618219e+01
6.356512550442939613e+01,1.932779630643254620e+01
9.492006757237011527e+01,2.144813356846159991e+01
3.772807760538302091e+01,2.627926426609835531e+01
8.040201375414893903e+01,1.848643794351513137e+01
5.561642669427151731e+01,2.713366534979333977e+01
8.321463439369459536e+01,1.942672749462160198e+01
5.584716404078728402e+01,2.397782181471529128e+01
9.631416157324322569e+01,2.021473685992407709e+01
5.407278878855349546e+01,2.001328722550302786e+01
-5.150188407590162143e+01,2.592574399018444709e+01
-5.664620502683940373e+01,1.850441062734241982e+01
-5.280634403646704556e+01,1.146443787395311631e+01
-6.653624918082539352e+01,9.617204078740220652e+00
-7.784293006176946506e+01,2.400310399423276664e+01
-7.897081704647736444e+01,2.920838523867838532e+01
-6.478094830184672048e+01,1.874110701572648452e+01
-7.387254753869096646e+01,2.458130267476972719e+01
-5.673552674165755860e+01,1.549667719373604058e+01
-5.323408926204444214e+01,1.940620473236214494e+01
-5.179676667101283272e+01,1.273397563526661713e+01
-7.958574329268614633e+01,9.953937212511700494e+00
-5.809590321672371971e+01,1.106071004276917691e+01
-6.280957055362102892e+01,1.038424364869763039e+01
-7.084694076443149413e+01,1.223110043692234505e+01
-5.803456239828372532e+01,1.017175406462337861e+01
-6.989727875406224200e+01,6.651009271825812696e+00
-6.203321695510745570e+01,1.225670138808231080e+01
-7.144592270200006112e+01,1.118889191210588763e+01
-6.238015171052057184e+01,6.259487264608003088e+00
-1.726497749628964584e+02,1.318880951646770683e+01
1.745334131818501930e+02,8.194968220275868021e+00
1.752738180913610222e+02,1.468501134161860655e+01
-1.704493262357945014e+02,1.287746208237854972e+01
1.684960147716199117e+02,2.264854199897996523e+01
1.721040507641983766e+02,1.710577304511070906e+01
-1.658098582316261229e+02,2.556697480875003237e+01
1.741199354360080065e+02,2.124985116796938200e+01
1.656969208118771917e+02,1.682286028952962553e+01
-1.766567366489308881e+02,3.186468305689000857e+01
-5.254166570919011292e+01,2.235018825997316227e+01
-6.517677408969530006e+01,1.237591484651017026e+01
-7.376297263665529158e+01,2.237838708279375410e+01
-5.051317669234232000e+01,1.733397002326816150e+01
-8.378841535696443543e+01,1.771575821000379136e+01
-6.303495944917304428e+01,1.593903416414025997e+01
-4.653574970997424032e+01,1.946372820258705261e+01
-8.127020023390922177e+01,1.986328921083696741e+01
-7.441581525941857933e+01,1.477622492798670351e+01
-3.931288705572082165e+01,2.142331393998495059e+01
1.707928379987864957e+02,1.984769119999925024e+01
-1.633009680763680365e+02,1.185954887117936707e+01
-1.753563663809585762e+02,1.406457544639067336e+01
1.601616735052951412e+02,3.814214670551217523e+01
-1.781637716327813337e+02,2.371912060463671779e+01
-1.784480241213075260e+02,1.385793014876894347e+01
-1.777593149691440146e+02,2.380763828006319471e+01
1.689871037970838756e+02,2.113917453670476121e+01
1.750878408208891699e+02,2.195229252266708642e+01
-1.661299879045436114e+02,2.288831137146532768e+01
1.710216669968696692e+02,6.946423350196447188e+00
-1.663454558100742986e+02,1.606749932168970219e+01
1.725237812175505780e+02,1.733968703266439704e+01
-1.766519585796672231e+02,2.092002813519067672e+01
-1.751763445564667450e+02,1.782218806238240560e+01
-1.776245713921355787e+02,1.059514031788296329e+01
1.749500430385890013e+02,1.997828306205611426e+01
1.706352592238806665e+02,1.556588301486779535e+01
1.770711053724367900e+02,2.381177471938395840e+01
-1.750113971263378971e+02,2.432920781070165006e+01
1.753774465185688314e+02,1.707839851886238591e+01
-1.634482782196329822e+02,6.997886651433256056e+00
1.628193370371490403e+02,1.322349272386574270e+01
-1.708809348279888809e+02,1.207576687805490856e+01
1.788422690310652570e+02,1.318147453299492078e+01
1.740800545846135492e+02,1.623168087830183026e+01
1.799850718336952582e+02,1.058593553522943154e+01
-1.731493748566434192e+02,1.472283779892683775e+01
1.727069659068633314e+02,7.905956245881519351e+00
-1.771581661370171616e+02,1.096736843276286422e+01
-1.623286924002313469e+02,9.691351276036206386e+00
1.390135322514554446e+02,1.837786431040655799e+01
1.712102710072312277e+02,8.900188179650239562e+00
-1.488573684408864040e+02,1.672404851988274999e+01
1.610651289832585462e+02,1.342846273905009369e+01
-1.705732323611277366e+02,1.139522412682727115e+01
1.747327251192879203e+02,2.100603499291084830e+01
1.705169653574353674e+02,1.420621893861943619e+01
-1.647291080997921142e+02,1.625678750548751594e+01
1.693814492667149523e+02,1.168687968303301616e+01
-1.541655419449501210e+02,2.550004060704656439e+01
1.593343328909390948e+02,2.085635337375154563e+01
1.779090061204280744e+02,1.984776209402795999e+01
-1.424347745733393253e+02,3.011595591700452701e+01
1.745298482253799932e+02,2.530683102151166608e+01
1.546617201935684704e+02,2.720108198812533473e+01
-1.524763424013861197e+02,1.909739690239213061e+01
-1.661986544587561241e+02,1.661026625873137519e+01
1.598391301300532348e+02,2.448073205481743031e+01
-1.602174946016938293e+02,2.753617790307547253e+01
1.743016511102688639e+02,1.682039409980267664e+01
-1.373216334231808275e+02,2.273785845584140120e+01
-1.617057032974234971e+02,1.183841410116638926e+01
1.534546500245996867e+02,2.586020047974729152e+01
-1.718042144097379378e+02,2.110131221440079941e+01
-1.679560960172161970e+02,1.961276926054379288e+01
1.746850474266263120e+02,1.435627780748471594e+01
-1.668547937699237877e+02,1.109426415983836733e+01
1.713572625846612425e+02,1.054504083717986163e+01
-1.734037431013856576e+02,1.922277023055078971e+01
1.716506233283034533e+02,3.203940361663998004e+01
-1.779774333423245309e+02,2.263553856012837429e+01
-1.510349540975322498e+02,1.524887156780346054e+01
1.394759234643781838e+02,2.517066831876666200e+01
1.632221490486673190e+02,1.738299114378403942e+01
-1.666753560808215866e+02,2.721301116398466746e+01
1.629162540729633690e+02,1.549636846545672597e+01
-1.601392966946108629e+02,1.283567920482118296e+01
1.709841550278015916e+02,7.314223331267891481e+00
-1.741946105700252190e+02,1.288480727135359416e+01
-1.538803255984977909e+02,2.487497352964631858e+01
1.664067767964048414e+02,8.823091992831688657e+00
1.618329297016219925e+02,2.011855621277144834e+01
-1.598947869450682902e+02,2.056045942009802019e+01
1.759566122455540835e+02,1.371226059471575454e+01
1.669977242849202810e+02,3.018849564491111437e+01
-1.693258741920975297e+02,2.752220146295377390e+01
1.710265448453494912e+02,1.891215101278647737e+01
1.714421388095728673e+02,3.272006571837717104e+01
-1.788303899208549979e+02,2.006706076878500511e+01
1.693011728007779766e+02,2.779278236226216237e+01
1.648300161534255324e+02,2.033190857359299386e+01
-1.583101378284809755e+02,3.488252405350474561e+01
-1.736155728175966999e+02,9.037334262289968834e+00
1.491764942888161727e+02,3.747436566158462767e+01
-1.606058072100131540e+02,2.222475071960621307e+01
-1.625056179636891329e+02,3.216949146504144608e+01
1.512437333725266626e+02,2.467393240475243843e+01
1.760761282153252978e+02,1.237363057749939799e+01
-1.600843489031858553e+02,2.587852273162604178e+01
8.993783937458096034e+01,2.858783064357260173e+01
3.728246282039592785e+01,3.520331904961766156e+01
-9.368773863295633930e+01,1.990168920402693686e+01
-1.177788029253174784e+02,3.370796825916439587e+01
-1.557208683457144787e+02,1.789382738518591864e+01
1.438220309236604919e+02,1.521921367691615501e+01
-1.689357333308013551e+02,3.272022037293541530e+01
1.684420711787194591e+02,3.353244115538261383e+01
-1.519666267066475882e+02,2.135358423423964425e+01
1.498890278549084485e+02,1.867007408159213355e+01
-1.519404231784781985e+02,2.698324889774610824e+01
1.784017397277867758e+02,3.060952128625062585e+01
1.647201085626742838e+02,1.388034369741116691e+01
-1.732473160964928809e+02,2.706293546118554616e+01
1.668720553063320438e+02,2.095472764596827631e+01
-1.756442175018642331e+02,1.644781959480987865e+01
-1.748109406208324685e+02,2.638131758342338529e+01
-1.687991166884374081e+02,1.840529763293100274e+01
1.705111073752424318e+02,9.124343091746286660e+00
1.684162281258402629e+02,1.034902274320425875e+01
1.617063514293269577e+02,2.343265579267431420e+01
-1.692478625751908794e+02,4.501738157486118297e+01
1.671019680591734016e+02,3.898154723656346476e+01
-1.283179082041130243e+02,3.361563181166963687e+01
-1.258938689592476408e+02,3.679803952217612562e+01
1.437584136603144884e+02,1.360180844800261646e+01
1.031010678186831910e+02,4.002257539125155716e+01
4.264046887742787817e+01,3.997798643906087790e+01
8.886070222908793426e+01,2.213389206128557518e+01
1.137257001737984723e+02,3.050692519290069171e+01
1.583175543098286937e+02,1.210459146951119003e+01
-1.623475033270470362e+02,2.787854770187955467e+01
1.644334053831711913e+02,1.255169941249319265e+01
-1.646198741382526123e+02,2.574841625799003353e+01
1.724631229182881214e+02,1.952326474208994966e+01
-1.586597944511088372e+02,2.295978797361362211e+01
1.550568064854557235e+02,1.699808071000410337e+01
-1.608850738262843549e+02,1.744665129301739626e+01
-1.787062940378787914e+02,5.519792349103738616e+00
1.773040809828436579e+02,1.683130903144590818e+01
-1.683510519557657972e+02,9.269668997012706413e+00
1.627642524649629934e+02,9.096240865051322899e+00
-1.573324521388001926e+02,9.295576305393172589e+00
1.627376916541013543e+02,1.217409717407716130e+01
-1.610374601298227901e+02,2.294692110587066480e+01
1.620543256887484347e+02,3.051412776009632211e+01
-1.558984277817053794e+02,2.152330484500972219e+01
1.687080793510147316e+02,1.107992110606290126e+01
-1.797389329734669161e+02,1.273786088338414402e+01
1.668412273622023463e+02,1.652747693738602308e+01
1.777861004418482480e+02,3.811574063751231733e+01
-1.482038849525506805e+02,2.690980177258375150e+01
1.487881419827284901e+02,2.296938405082739720e+01
1.703250851107139567e+02,2.595074530262478874e+01
-1.473913609472060671e+02,4.012533038450609268e+01
-1.713470863079261619e+02,9.541328439123589078e+00
1.609798632121512298e+02,2.551388553693086081e+01
-1.734407040821762394e+02,1.669368854525309231e+01
1.752874232532717826e+02,1.435011696768317080e+01
-1.601318026409455797e+02,2.416841179746370472e+01
-7.197343363799467397e+01,1.719286169736276193e+01
-6.681210720464403607e+01,8.627779557992152348e+00
-7.150533092021326809e+01,1.285761166883797912e+01
-3.597173444641171614e+01,2.147113714131183215e+01
-9.064536872724106331e+01,2.739302997465371448e+01
-4.031262034411162176e+01,1.287611350182378445e+01
-6.368721451871002870e+01,9.495590039599534293e+00
-7.702703528047462100e+01,9.799499291389260236e+00
-5.780614173268228484e+01,2.202916588783436325e+01
-7.875258450871514526e+01,1.324123619332689650e+01
1.198889047276233697e+02,2.780284115362603359e+01
6.494750701218092104e+01,1.234714526152348846e+01
3.320682994593845194e+01,1.621099632242649236e+01
1.098730861967730732e+02,2.681355576631586857e+01
1.691657450170007451e+02,1.190175913567511756e+01
-1.097411655055846182e+02,2.100063927151123977e+01
-3.254939015418360526e+01,3.516181110488934536e+01
-7.366060843839403560e+01,2.338456849749434241e+01
-1.690423832377659039e+02,3.003829777148926894e+01
1.492823794758508598e+02,1.626797230127362326e+01
3.943789890072819304e+01,2.909188016400719334e+01
6.329140434059430476e+01,1.890631177569282073e+01
5.042613816859499565e+01,2.938350591217596985e+01
6.147208061960426306e+01,2.604988687369510814e+01
4.792206995306717943e+01,2.008835240546758172e+01
6.238812283993465257e+01,2.242955274372730301e+01
7.929864611406091512e+01,1.366001744470440649e+01
5.466636629759971555e+01,1.831527929166148283e+01
7.626783827987264885e+01,2.296459809700645138e+01
6.251925372186874341e+01,2.905431673508758905e+01
1.771928369112148971e+02,9.154738268004589230e+00
-1.582008990618973883e+02,1.921903770869596428e+01
1.583685673909935190e+02,1.652825980896799152e+01
1.527856445369353082e+02,1.420131515858568072e+01
-1.625381557107102992e+02,2.057506698454282557e+01
1.674891211167663414e+02,1.957589855107781318e+01
1.557588617574469936e+02,1.602491165794714689e+01
-1.559588828859594969e+02,2.023289406636344623e+01
-1.761647208710819825e+02,1.790616901345097745e+01
1.417982967537040793e+02,1.973420512129710147e+01
-7.188884223358142833e+01,1.974713476259753264e+01
-6.405095395712521622e+01,2.070828834198443147e+01
-7.574051515892254827e+01,1.557983421564764015e+01
-5.941290283433697539e+01,2.090613573450469431e+01
-6.414813763159585847e+01,2.322103873328396517e+01
-6.416114279576687807e+01,2.104969705317825657e+01
-4.771700069900173702e+01,2.267319374074229898e+01
-5.181652877677077385e+01,2.841756450261255651e+01
-6.122006105023726263e+01,2.936108494139214287e+01
-5.881407548760936521e+01,3.073470869873559508e+01
-7.414360954181695718e+01,2.080431462621992011e+01
-4.517465176804036986e+01,2.311513380952376195e+01
-8.789998294082937491e+01,2.320581727632810143e+01
-6.126440848680955042e+01,1.502715332445576379e+01
-6.100893007444191340e+01,1.221980324562508713e+01
-6.348328622111326780e+01,7.801266143316203383e+00
-6.468213064181904315e+01,8.580850748434569297e+00
-4.752748529385923604e+01,1.184449362199019262e+01
-7.505047845392832073e+01,2.385648093507725420e+01
-4.606629516939237590e+01,3.190457873805949873e+01
5.161426134797480358e+01,2.495008113720341214e+01
8.117327889928962747e+01,9.697847170583157705e+00
8.657016941666458365e+01,2.218530584154051155e+01
4.631810781620338702e+01,1.887609600193822956e+01
8.614846785934830109e+01,1.280192539010169739e+01
5.846224327216084049e+01,2.352985184493658011e+01
3.070148270299883464e+01,1.548791661953568521e+01
7.041157868673940357e+01,2.171424945172033460e+01
4.300767023106165965e+01,8.766400392284158016e+00
6.501197710124012019e+01,1.331204462997397009e+01
5.891086548007765344e+01,1.741887498576621240e+01
8.583770175685840798e+01,2.912465685090604950e+01
7.936774917968767795e+01,1.410442202960264879e+01
5.105750021081608736e+01,1.775885320849567250e+01
7.357415596853326178e+01,1.492321922784575250e+01
8.069620540293064437e+01,2.397340702320871841e+01
7.510451519498934658e+01,2.535163133054438589e+01
5.217497750990246175e+01,2.043203995830976538e+01
7.793223286151609841e+01,2.139239781854101352e+01
6.335536297925914795e+01,3.387654088148237008e+01
-1.294959075363935028e+02,1.714752293544901107e+01
1.620269842369713444e+02,4.719863642159675798e+00
1.248712009688520936e+02,1.852539404933465050e+01
1.392184063039623538e+02,1.361159846420173203e+01
-1.637642122647210670e+02,9.756792359250200164e+00
1.669871839697512712e+02,1.349615662913453207e+01
-1.636075798132191892e+02,8.476996422796542419e+00
1.707197542189821036e+02,1.234350369092484634e+01
-1.729595745773083877e+02,1.564194460565435918e+01
-1.796862358778964506e+02,2.060611595837736587e+01
1.603917670174376440e+02,1.853019359384208542e+01
-1.633145391392827150e+02,2.120186938009302935e+01
1.705078270750445313e+02,1.424372932459164787e+01
-1.778734987317778007e+02,1.396546438101808718e+01
-1.692345518159123969e+02,1.305882811903709317e+01
1.652071041687261754e+02,1.703926359710744620e+01
-1.643496576756979266e+02,1.564947750860136111e+01
1.766805346500719622e+02,1.705767237575249595e+01
1.623566547166722387e+02,1.717889473727223404e+01
-1.676063025966315081e+02,6.603893522596900212e+00
-5.364291571664644209e+01,1.509505421392571556e+01
-7.512473937255320777e+01,1.901544371146474433e+01
-5.770985535844864955e+01,1.567587235288530678e+01
-8.107121362778892149e+01,1.606952392407370311e+01
-6.122572119560189918e+01,1.212699032689617695e+01
-6.147729377844557064e+01,1.190831836260890420e+01
-7.201163965814555468e+01,1.377245171868681872e+01
-6.198374758877486101e+01,1.802761182261599515e+01
-8.734622334129926458e+01,2.190328033140785635e+01
-6.537163995052685550e+01,1.575639589511727223e+01
-1.498071729821419922e+02,2.356420589953058453e+01
1.631807222282883458e+02,1.071200130108377202e+01
-1.704305017328041174e+02,1.596898933626160755e+01
-1.748426656058549327e+02,1.040368541936959978e+01
-1.774624612437867199e+02,1.772448686147739494e+01
1.776187613009175266e+02,2.258746129674048220e+01
-1.761834860719577875e+02,1.980525667405251511e+01
1.617490355713934775e+02,1.448751369012364520e+01
-1.629997081008404507e+02,1.336938031961611983e+01
1.793551810158150204e+02,6.774503190236089267e+00
-1.767211884965802824e+02,7.752479158191496467e+00
-1.622316606091947619e+02,8.671961132413859019e+00
1.661997879872590147e+02,1.035494161137443569e+01
-1.726537406138243966e+02,1.274231296421387505e+01
-1.664460057750484054e+02,9.818566744906632948e+00
1.645178145956431308e+02,1.554595975964415899e+01
-1.780275027330232547e+02,4.165817281576440934e+00
-1.616445832138997218e+02,1.665148407202668324e+01
1.642871990964692372e+02,1.941929970227196378e+01
-1.761221936524097487e+02,1.226116313953630232e+01
-1.587991425325184309e+02,1.974130405169285041e+01
-1.373054578082085584e+02,3.018499973403258707e+01
1.716939062332999697e+02,1.843826750574521256e+01
1.531457150717067464e+02,1.507207519134424345e+01
-1.592398188848666791e+02,1.685404932276608037e+01
1.718300206356733497e+02,1.076076832231242619e+01
1.693275332239025488e+02,1.835573083776961667e+01
-1.634235592591622321e+02,9.035768911746984600e+00
1.798052023683650020e+02,5.974426579662130976e+00
1.722542344394787222e+02,1.294892861281048368e+01
-1.654197960877838511e+02,2.126139582894493074e+01
-1.778073429697923586e+02,2.049494336987962839e+01
1.799944347894891052e+02,2.702663611288393142e+01
1.750528896444142219e+02,1.093897042789985008e+01
-1.759465276644953349e+02,1.923237467061426997e+01
-1.757798303543456484e+02,4.905913416423095086e+00
1.625277810172856618e+02,2.816186210561422598e+01
-1.628726096418353961e+02,1.737007200196526213e+01
-1.774006240228372917e+02,1.313870087657013208e+01
1.732448638897975286e+02,1.117859094946803644e+01
-6.719639014530025634e+01,1.647403876083833651e+01
-6.817821049456345861e+01,1.126725681929994849e+01
-7.966521028162108564e+01,1.973024946851191430e+01
-5.293543798046916038e+01,1.582095375321036101e+01
-6.587590781497279124e+01,2.238079205299940355e+01
-4.937951758663209745e+01,1.487037545992052223e+01
-5.767226322114318293e+01,1.261985063399756690e+01
-7.038776050872816370e+01,9.288053433207693388e+00
-4.679484249014141284e+01,1.452494019106837797e+01
-7.373564549666754431e+01,1.883071635765917051e+01
-3.797056430809327310e+01,2.062038774330667934e+01
-8.472498601783843242e+01,1.943695410004729496e+01
-7.025822064286296609e+01,1.745636422182883507e+01
-4.581106937608121399e+01,1.124217190649433462e+01
-8.687022395714339495e+01,1.097487594364602970e+01
-5.115981470265430175e+01,1.638496216376728043e+01
-4.156312777002583658e+01,1.991874196572747380e+01
-8.208436068683921860e+01,2.736397712139470784e+01
-3.405061382393596148e+01,2.183552981453593844e+01
-7.159476621143315356e+01,2.467506152022757249e+01
4.577836968225043535e+01,3.277133129655916832e+01
7.360786214476614475e+01,3.477639557426286387e+01
4.265806359691607241e+01,2.899252145473298015e+01
7.201112593629456171e+01,2.443050424905851514e+01
5.941538996146152130e+01,2.045351455077370417e+01
7.834289890893056452e+01,1.999215197867476235e+01
6.850421166353389424e+01,2.671056586817034173e+01
6.881132589380963793e+01,2.681244791143976514e+01
7.791891244255896254e+01,3.503173335821208667e+01
6.075376072729593346e+01,2.750894465871231631e+01
-1.634075297908393622e+02,1.420879057197177886e+01
-1.649403203372389157e+02,1.087919583419677849e+01
1.530476527069223209e+02,1.611340903386035706e+01
-1.679925706997725285e+02,1.018556950933187011e+01
-1.688336868359348841e+02,9.758482431908561239e+00
1.646483073238911174e+02,2.581592522773704701e+01
-1.703551394578702798e+02,1.998226970970357286e+01
-1.769810580064165606e+02,7.423037023285626645e+00
1.608028742470075656e+02,9.355998466752335929e+00
-1.712644402093020517e+02,6.829230128312067549e+00
-7.004673351628539990e+01,1.388252245300382803e+01
-5.824244662316220200e+01,4.032706334510838531e+01
-8.481573061881836395e+01,3.564068827423305663e+01
-4.525042166752911044e+01,4.942816175212231400e+01
-5.789873374036389464e+01,2.803410241960788341e+01
-5.591219113718361911e+01,1.492807038045545731e+01
-6.229838952137906460e+01,1.921359296692766350e+01
-5.959327042798352636e+01,3.691464367317725248e+01
-5.787734515075992903e+01,5.263274240016258432e+01
-7.926021574251754487e+01,4.443100058738117752e+01
-1.792458625605282521e+02,2.838803421901492996e+01
-1.688257881942082292e+02,3.414223643648617923e+01
1.747411545454997110e+02,2.900087059159740477e+01
-1.771885828112161221e+02,2.736853802646864864e+01
-1.776820325186214689e+02,2.381333250699262649e+01
1.707934185855813780e+02,2.519434132510711066e+01
1.746255433677717406e+02,2.149961783186761721e+01
1.791365610172682921e+02,1.374162538959061663e+01
-1.679572266747974254e+02,2.884223391264668024e+01
-1.611854188422173024e+02,3.179513870188091573e+01
-1.688673668195539790e+02,1.834235255818884269e+01
1.717775993434100599e+02,2.599118923041082496e+01
-1.464057481275946770e+02,2.835622270213708873e+01
-1.586437284311716098e+02,1.377419644223588691e+01
1.252707864050022408e+02,2.648357498024930123e+01
8.263045671397250658e+01,2.257647259379846716e+01
5.785504156449010082e+01,2.962224715393114138e+01
7.608389668682737295e+01,3.310165606626900114e+01
1.453680704946052913e+02,2.574375699871491463e+01
-1.346103110298859349e+02,3.407058170303651679e+01
1.717802530043326215e+02,2.640988133260248816e+01
-1.633172044741103264e+02,2.135726738718442519e+01
1.748920970837269806e+02,1.610322931618777886e+01
-1.724521049398554169e+02,1.469791460779324055e+01
1.721994877134077910e+02,1.286249596232305770e+01
1.454641919866672595e+02,1.682450846880096407e+01
-1.367980757288567588e+02,1.613084154111981050e+01
1.602198321967967729e+02,9.296934207120472138e+00
-1.708781744954160615e+02,1.162807509707565146e+01
1.687451452291927865e+02,1.457716166459274021e+01
1.751434924712240502e+02,3.325723202768847386e+01
1.794116170148265041e+02,2.138208122334685868e+01
1.791798666190657912e+02,3.860303618244693524e+01
1.474323486587244645e+02,4.508132642917391308e+01
-1.726447204298779923e+02,5.278329380549243410e+01
-1.750137122940507766e+02,3.330751785657345465e+01
1.375158796679226896e+02,3.428786514476336578e+01
1.690408748809950907e+02,2.026931000891512369e+01
-1.450722103260485767e+02,4.053067952967595033e+01
1.755270606206644288e+02,2.770820350556223133e+01
-1.550147039663473549e+02,1.557439430443709227e+01
1.608565806659767645e+02,1.634892036788474812e+01
-1.712007088623758762e+02,2.355231687003055185e+01
1.736318031241491155e+02,1.958385062589404413e+01
-1.791186335441231563e+02,1.722830085872430317e+01
1.726640710244854802e+02,7.022329525379081616e+00
-1.671122622849723030e+02,1.549170405940698636e+01
1.590751157185830209e+02,1.810064947054310736e+01
-1.593547400335471309e+02,1.517399805632890519e+01
1.711570753865235019e+02,9.594899131479396104e+00
1.618394680069435196e+02,2.435280287956143752e+01
1.458356900266078071e+02,2.697068712104992727e+01
-1.469816931847798855e+02,2.507921897191905103e+01
1.741007614936831374e+02,1.782657810273283161e+01
1.619360510370565578e+02,2.056271518124236053e+01
-1.562954117397657683e+02,1.569330774224924951e+01
1.721557213879003427e+02,1.237499539391795267e+01
1.680845152778222484e+02,1.067184890567089717e+01
-1.645405775506720261e+02,1.583395861820328676e+01
-1.788523978776817671e+02,1.395120567018406277e+01
5.534875546280117931e+01,1.385567608504498160e+01
6.679777141439284094e+01,2.011585527217497571e+01
5.008285727966712386e+01,2.724288278795295781e+01
7.308424762836501998e+01,2.742034911758655014e+01
6.616748911881666118e+01,1.481885187627154288e+01
6.083083450207341514e+01,2.190869860495041621e+01
4.474441674309692019e+01,1.567536793199170120e+01
1.048139727778130066e+02,2.926940623577357670e+01
5.097728863861176052e+01,2.172099376898151846e+01
4.526519326687531475e+01,1.410446937487595598e+01
1.764010555777331035e+02,7.314914100076702397e+00
1.174905181445458311e+02,2.900787543174332583e+01
4.516049836784943494e+01,1.608687896072517987e+01
2.605394080639507592e+01,3.070557000560797434e+01
8.918599974780839545e+01,3.164065035428301087e+01
1.115255579798013059e+02,2.505182756513738340e+01
3.605276053505491518e+01,2.544673534373511714e+01
8.573542437613615164e+01,1.639226601277906781e+01
5.903669576218237580e+01,1.691704531285095214e+01
7.593155341880724052e+01,1.214953950564744112e+01
-1.796981535320052785e+02,1.718372468231365247e+01
1.615877062293920403e+02,9.309816555955912065e+00
-1.724897241791641989e+02,1.421760340863931305e+01
1.730624257397016379e+02,1.431069599004851867e+01
1.748756092084665283e+02,1.823368232900095620e+01
-1.696132646025913289e+02,1.768735094209948500e+01
-1.792662665505412463e+02,8.103731244354474228e+00
1.759308308783467965e+02,2.017491414232161873e+01
1.720227709064225223e+02,1.326262944583997694e+01
-1.685980791786665804e+02,1.536323304612721685e+01
-1.740225220622394602e+02,1.839268503974787450e+01
1.727394719843698567e+02,2.799696213867036221e+01
1.794221755916277345e+02,2.185951493405792689e+01
-1.774671471669869334e+02,7.542230977260525826e+00
-1.653416628416590299e+02,1.825376308405621373e+01
1.534585834571214207e+02,1.448004530180295291e+01
-1.739905146887530520e+02,2.374695832911106663e+01
-1.739319875752069890e+02,1.729954632807953274e+01
1.575930157087612145e+02,1.807482349965053459e+01
-1.615524533442186623e+02,1.490160482207292247e+01
-1.491001051413037999e+02,1.695407553772551168e+01
1.511436424763463151e+02,1.534331094676667462e+01
-1.714072555359148282e+02,7.775250399499803677e+00
1.791290142747843390e+02,7.193967719136439953e+00
1.793231913435996034e+02,1.337557785753844541e+01
-1.677239278277433243e+02,1.397310306376564171e+01
1.617863726849750208e+02,1.632542410605825722e+01
-1.748749187113855612e+02,3.938391636069506774e+01
-1.687826390946697188e+02,2.954903637102824376e+01
1.398755380263088171e+02,3.892712276458048848e+01
-8.073936619532625514e+01,2.090214979734549772e+01
-3.910375019440962774e+01,1.800375577739242772e+01
-7.344377291949383846e+01,1.086403406139408290e+01
-5.903698750077933965e+01,1.385725896219796738e+01
-6.094999986845298423e+01,2.361680965733451032e+01
-8.697880828673632436e+01,1.605806479709979584e+01
-5.798484742147618931e+01,1.872496779678314738e+01
-6.329602986644712814e+01,1.436651018252203471e+01
-7.834205513110430275e+01,9.838518646825082925e+00
-6.308714733850976586e+01,1.193958989962181860e+01
8.007992779204184330e+01,3.369643393463557857e+01
7.089422256365190833e+01,2.872105123388156400e+01
4.933402348537141080e+01,2.898754089452904026e+01
7.529523614898162975e+01,2.464331704212733953e+01
3.465567074917467494e+01,4.050936494712785674e+01
6.264584105645145939e+01,3.122977344299298608e+01
7.041842772129719208e+01,1.478677696891948656e+01
4.862818113698246947e+01,2.809901029763598501e+01
8.658800098376032395e+01,1.979025776339450715e+01
8.044413062338885823e+01,2.024981942888609154e+01
1.757566108696137519e+02,1.626181823471316790e+01
1.772021388958575869e+02,2.124996061972561989e+01
1.720883593574485531e+02,1.461876689991425415e+01
1.764186565529689119e+02,1.339990236422400116e+01
-1.719462659878430486e+02,1.030828678104347418e+01
1.681958861763059758e+02,1.273497548004164770e+01
-1.662488465054985909e+02,1.105694052381898018e+01
-1.766013288521479296e+02,1.536995036831546457e+01
-1.776265566765885353e+02,1.648781859497697155e+01
-1.686706363569680889e+02,1.892432632915945945e+01
4.001627597230073263e+01,2.155779897185506400e+01
6.115522139646088107e+01,1.160457842693022812e+01
5.377791811420485146e+01,1.161687397482956996e+01
5.143412740789835880e+01,9.683766357068620323e+00
7.237079389783677641e+01,1.843151118810358113e+01
5.721644024157730257e+01,1.511950232072977585e+01
7.246375871625541265e+01,1.334768400380862019e+01
5.262974846374290649e+01,1.036727332834929172e+01
5.878809432677186919e+01,2.535418689812937743e+01
3.936194317838847923e+01,2.344604165875930235e+01
4.406890788399594783e+01,1.670981306388643617e+01
5.530166406606763729e+01,1.213668472300114942e+01
6.364260605119995517e+01,1.547894121041921878e+01
7.470277327284159696e+01,1.925253114681842703e+01
5.995956089435452441e+01,1.505584035841123836e+01
7.451652742121461870e+01,1.237419256137651402e+01
5.778910626034657838e+01,1.392765399516204994e+01
4.809134218319084653e+01,1.966254782573295046e+01
3.570601400961326277e+01,2.541153506295179199e+01
5.797250448678063606e+01,1.839624719722175428e+01
-6.525016713782991928e+01,2.506499518033477258e+01
-7.223254755392642323e+01,2.800442064503685913e+01
-5.346664792289629986e+01,2.032775243354533856e+01
-8.203339335390693066e+01,2.632802717119757219e+01
-6.663521662342081697e+01,2.233265488615815286e+01
-6.573587646405198370e+01,1.835221648717863729e+01
-6.680188238884848317e+01,3.085424079589711610e+01
-1.195550791672503124e+02,2.731414136354043265e+01
-1.769284900501522202e+02,1.989802693182033977e+01
1.458483098759525376e+02,2.331523580471334256e+01
-1.578527603258646081e+02,1.826891740665426056e+01
-1.160355137322751915e+02,2.728512443209792337e+01
-1.275355890065285536e+02,2.576281005260687351e+01
1.717003522289017496e+02,2.085028670811236751e+01
-1.754030380474740980e+02,3.228171421205188096e+01
-1.655202044204864933e+02,3.483626065254112802e+01
-1.781427053828149383e+02,1.753328151414189762e+01
-1.676401118927229277e+02,2.083289038269197135e+01
-1.736624035377503503e+02,1.960711439582721383e+01
-1.794311966778723786e+02,1.553459690813518534e+01
-8.804307011171431441e+01,2.294390369825141818e+01
-4.760157849688030751e+01,1.671570384651571572e+01
-6.515672188562081146e+01,2.280844256897851352e+01
-5.613130469890467822e+01,1.519034551775910735e+01
-5.678797648212484006e+01,1.615468272966977281e+01
-6.129770212739630608e+01,2.031509560213555687e+01
-6.137934981158029046e+01,1.537829134054563340e+01
-6.211006792590113434e+01,1.577351822220668964e+01
-7.609528549884998938e+01,2.877857480940133783e+01
-5.426357732211397433e+01,3.641606079474621538e+01
-7.807145196787499231e+01,2.145590289220622537e+01
-7.514253372707483436e+01,1.846950095559412475e+01
-5.242267516160090679e+01,1.047446135007978718e+01
-8.211687759276372844e+01,1.414436523898384657e+01
-5.427753070664942214e+01,3.150234503554796817e+01
-6.124569024242701687e+01,2.404050553217698649e+01
-6.114894121746076650e+01,1.954254719163818166e+01
-5.332039863742552654e+01,1.141762603683441668e+01
-6.609841181207286809e+01,1.191605141810526369e+01
-5.104619992883901602e+01,2.012196010673375213e+01
-1.384960900759848812e+02,2.889884157499417938e+01
1.634816285614858486e+02,1.864844781232055482e+01
1.334346984435791512e+02,2.104900856809809540e+01
-1.689777008405193044e+02,1.261049232734824699e+01
-1.487048950556460056e+02,1.724787235524603801e+01
1.484318965257260743e+02,1.995184532587138904e+01
1.592162237364228190e+02,9.937377182492571848e+00
-1.542845230948751407e+02,1.986073823190731957e+01
1.717546893752854089e+02,1.232989358643601285e+01
1.669324179330563993e+02,1.514776875018644375e+01
-1.707289726314763527e+02,1.450807760093446674e+01
1.719128968613530901e+02,3.758644935446098145e+01
-1.720033039930242182e+02,1.205677537664215926e+01
1.756189496628171867e+02,3.810871087783021238e+01
-1.691585817265958553e+02,1.253473030123330290e+01
-1.754854719410133157e+02,2.581258922614950890e+01
-1.767886528165196580e+02,2.220642105688582291e+01
-1.693779374927078436e+02,1.565761189262369157e+01
1.776039818200650586e+02,1.403255147748937759e+01
-1.713722514409793121e+02,1.437686119043135946e+01
-1.675949678424727267e+02,1.974787143032473580e+01
1.772768097009182213e+02,1.623717245065294890e+01
1.668836195478152149e+02,1.561302315468642732e+01
-1.737613305184506771e+02,1.778302131921009988e+01
1.691663853051232422e+02,7.926199340485446498e+00
-1.798263751951020026e+02,2.195220867995414693e+01
-1.655851581567845869e+02,2.213569673170839280e+01
1.514579275966613068e+02,2.355830712652413084e+01
-1.671102882945779982e+02,1.203414863838910875e+01
-1.770451239990493093e+02,4.730241680989310638e+00
4.866969022223344155e+01,1.099821934952518632e+01
6.463472670782030605e+01,1.527615584649691272e+01
5.483455321146691119e+01,1.215679080265837442e+01
5.787336918269006958e+01,1.809904703600811260e+01
6.423982077666593682e+01,1.211773392369589963e+01
6.088436840836572372e+01,1.379652570556566360e+01
6.324972069212435599e+01,9.033084819631666207e+00
7.082376443168885771e+01,1.086975941577139437e+01
6.451554917451588267e+01,1.527908427919605927e+01
6.324386726042207130e+01,1.496413576777384691e+01
-6.916654031921140700e+01,1.755551932430694251e+01
-7.906171907113663622e+01,1.957853273533696381e+01
-8.039164849946590152e+01,1.959501640136627287e+01
-3.446448762954908318e+01,1.981301156982108580e+01
-8.364685298830832494e+01,1.934452033748912925e+01
-4.671738724274549526e+01,2.286695780088717100e+01
-8.004431890228248392e+01,1.285450538745987714e+01
-1.362471157657536764e+02,2.132210853678201090e+01
1.539397547670070594e+02,1.589796919543029929e+01
9.521436094083085777e+01,2.055248321066765982e+01
-1.732702158129350778e+02,1.039983892278538491e+01
-1.797841657616812370e+02,2.611304016908921710e+01
-1.798347143996693660e+02,1.309345941560320270e+01
1.716333187636385560e+02,2.406375556443781605e+01
-1.756043594668588241e+02,1.492303188839440153e+01
-1.799769640040197487e+02,3.209834521208863833e+01
1.568122794646934892e+02,1.467723068944250997e+01
-1.640492592726536429e+02,3.477276195315515395e+01
1.535509726244558522e+02,2.757993552016281313e+01
1.360634506551760410e+02,4.112899730311381319e+01
1.767731230027566767e+02,1.628973942797870222e+01
1.712351179896489555e+02,1.445661292220696126e+01
1.649608305545585267e+02,1.603628738482839822e+01
-1.729554940930350142e+02,1.668534083524151868e+01
1.778258572304372365e+02,1.946881320075529231e+01
1.683700016807088389e+02,1.486005358674638011e+01
-1.766166781488400659e+02,1.501769971337415654e+01
-1.763159818553380944e+02,1.223424638327509939e+01
1.658302783768532436e+02,1.565257248656091704e+01
-1.774983749431126228e+02,1.917279789221224462e+01
-1.719567213766425482e+02,2.442962989992859590e+01
1.736682881521763022e+02,2.175509314216721890e+01
-1.528876120452973737e+02,3.074755833175852260e+01
1.557410746599165066e+02,3.144392098049974749e+01
-1.779348501529902649e+02,1.321099691889422445e+01
-1.596839664179276781e+02,1.283738594112667286e+01
1.695157741341126325e+02,3.247104493061466712e+01
1.757114300977181642e+02,1.547128942204065893e+01
-1.654267798857410128e+02,2.429553156404828229e+01
-1.756633160799855773e+02,3.394066399634056097e+01
-1.687163709866221950e+02,1.334113059014133285e+01
1.640841074601507330e+02,1.944396346514508522e+01
-1.626044107905247813e+02,1.663466111021909555e+01
1.735539137390057647e+02,1.471530152856444573e+01
-1.783049705402520715e+02,1.796263689056411295e+01
1.561124789405834008e+02,1.735553120857807485e+01
-1.785078251609994311e+02,2.530121534861240562e+01
-1.498371862775290424e+02,1.916139901047428395e+01
1.385705851470416690e+02,3.226591676090417593e+01
-1.715640726643613618e+02,3.178984075821866639e+01
-1.685925371671134769e+02,2.743517589440731896e+01
1.565791094868980338e+02,3.153455374069320527e+01
-1.621506526849684917e+02,2.396834301646995513e+01
-1.559956147917778537e+02,3.915034682343875971e+01
1.411713689346606486e+02,4.027327541411567324e+01
1.445490053090949232e+02,4.057535346905232387e+01
-1.287517739055292054e+02,4.300420396617641217e+01
-3.973189169429497980e+01,4.259139460076159622e+01
-7.048882628996784661e+01,4.447906154639682086e+01
-3.872780519564833668e+01,3.816734651801741762e+01
1.657117174211224437e+02,1.157254480694243526e+01
-1.694325355051628321e+02,9.934336970868034911e+00
1.700339639179383084e+02,1.182727075344516976e+01
-1.653020679930817778e+02,1.507729894573925833e+01
1.707068168589740935e+02,1.398359951335685381e+01
1.779414475804992151e+02,8.317245959791110366e+00
-1.762427767700218340e+02,6.302593335038547906e+00
1.756049644179036306e+02,1.448461902243711208e+01
-1.726730304580585766e+02,8.084569641257838057e+00
1.775090102092161430e+02,9.663296067854462379e+00
-1.536222106559314966e+02,2.569084195585524455e+01
1.695211410195721555e+02,1.304736131792476073e+01
1.709450136777591069e+02,1.981634307576740284e+01
-1.688432957394564085e+02,1.779560134978396135e+01
1.727829344976731250e+02,2.612447816871075901e+01
-1.606542267577765131e+02,1.637703186401793687e+01
1.743455014547740802e+02,2.828544418936710514e+01
-1.735456887494031264e+02,2.726295629223254480e+01
-1.743880689368776871e+02,1.879745875667097366e+01
1.714345362691337868e+02,1.850050761153275047e+01
-6.400221814286562960e+01,2.539435248981668281e+01
-9.300921266328262504e+01,2.446677360974892323e+01
-5.959512930664944719e+01,2.541401655304214557e+01
-7.698101907496410945e+01,1.900602119678629265e+01
-8.312260020556071538e+01,1.883717881834238739e+01
-6.477848659096638073e+01,1.868650068158718014e+01
-8.025065717094655326e+01,1.749795891659712765e+01
-6.106876905373367492e+01,1.710304223600033424e+01
-8.160517839720003508e+01,1.178626699238801478e+01
-7.198671134358167478e+01,1.058863702985786759e+01
