dihedral_deg,energy_kJmol
-1.782698922881500607e+02,6.364467645876402457e+00
-1.764222873938861369e+02,1.062841980660625651e+01
1.638586124310241701e+02,1.289809833066641431e+01
-1.743631696513111251e+02,7.968240161722945913e+00
1.727690862907919040e+02,9.435486395844053575e+00
-1.633527103798272719e+02,1.112920971232149014e+01
1.623305631229287940e+02,8.265718302164620113e+00
-1.602654377086379895e+02,1.374897275075331038e+01
1.685364667039799826e+02,7.733952340081119203e+00
-1.739021671786219372e+02,1.668145360147671497e+01
7.444968644830719029e+01,3.854333373317045641e+01
6.018449572738953179e+01,3.614802324354263874e+01
6.103625870436499667e+01,3.342548837820519481e+01
8.187396211442197114e+01,3.470020297267501519e+01
9.512499591777601893e+01,4.584121509985523346e+01
4.682375841055101517e+01,4.723595060453997263e+01
6.433804394188187814e+01,4.560095246308902972e+01
7.185508033687132468e+01,5.173320270176945002e+01
7.055150393180885260e+01,4.666571391290509041e+01
4.680819216476735534e+01,5.394314757186566567e+01
1.793797543861082318e+02,9.858625926178685717e+00
1.790153991631763688e+02,1.058128192890857555e+01
-1.742864655311144020e+02,2.187205276278382371e+01
1.546123473910381279e+02,1.223529960887421986e+01
-1.561196560380250844e+02,2.510939202754619259e+01
1.757198837080860585e+02,3.455248119952256047e+01
-1.614853656959950285e+02,1.037635145855363739e+01
1.193223740902306815e+02,2.886545140324285796e+01
3.762483583455349390e+01,2.185573613339907695e+01
6.070374047339350909e+01,1.680062282455099165e+01
1.666604968501671920e+02,2.674548757977436608e+01
-1.666763026177396512e+02,2.106194250654685618e+01
-1.632518150505159440e+02,2.025186576550743212e+01
1.587802231675557607e+02,2.356709302072528800e+01
1.165011506708352869e+02,3.107829329814665797e+01
6.083757137779691249e+01,2.032358793971085120e+01
4.968502662635315659e+01,3.027936214827438732e+01
1.051623332294501125e+02,2.231115978946371570e+01
5.777027065494499425e+01,1.680715621863962994e+01
6.665274106170224400e+01,2.853156413839954197e+01
1.790750693229236958e+02,2.969206412764264869e+01
1.796052888246865678e+02,2.149040588738030522e+01
-1.624575739940694632e+02,1.840886241972758341e+01
1.512687739696758058e+02,2.572525757823811077e+01
-1.561831619408698089e+02,3.402771213124367478e+01
-1.228504088094689308e+02,2.280624190198542678e+01
1.660921629655370850e+02,1.553362170423161004e+01
5.146830497186793707e+01,2.789825155753357677e+01
4.902698162918641600e+01,2.352840763309519545e+01
1.172351693273952975e+02,2.793611906985491444e+01
1.042039041171042868e+02,2.827405874759976001e+01
1.394904253639501519e+02,1.935054906771076944e+01
-1.375682044316341717e+02,2.545412706716154005e+01
-1.273656306613282680e+02,3.478837084633488530e+01
-1.189429607161995506e+02,2.565734026025529602e+01
-9.267749776752981461e+01,2.836010166206559546e+01
-5.201590565139546385e+01,1.836233572293305372e+01
-7.788649133369285948e+01,2.414395446663892386e+01
-5.815451070699363356e+01,2.491621369136671760e+01
-8.268817481340576592e+01,3.478404912761081391e+01
1.651811447436287494e+02,2.261415480395832489e+01
-1.759489724471560805e+02,1.934720605595198606e+01
-1.677331084453434187e+02,1.340083431311296458e+01
1.702398831570732511e+02,1.280543103882145139e+01
1.708063269836848974e+02,1.483266375832982042e+01
-1.591950398893278305e+02,2.111613585269848770e+01
1.760133754962600108e+02,1.927645585971546893e+01
1.752605783889456745e+02,1.969260445358489164e+01
1.785622089768662022e+02,3.412821494216171914e+01
1.720227691895950102e+02,2.957058030833072237e+01
-1.177685406602399780e+02,3.275598978014846097e+01
1.742632586788047035e+02,2.423868216945309229e+01
1.529316568311609217e+02,2.933478323829020695e+01
-1.647247401488699552e+02,3.234860783666535156e+01
1.669239308163423345e+02,3.826405747223876119e+01
-1.518677009034623211e+02,2.952195560914935868e+01
1.618463692961261700e+02,2.920415768658106970e+01
1.768595827020493516e+02,1.356061229289787740e+01
-1.704952885326848673e+02,4.667418691537776709e+01
-1.722186528394222194e+02,3.359053556908204996e+01
-1.772389413156113278e+02,1.443235860395276760e+01
1.539121787289889483e+02,2.556646818858406078e+01
-1.692510285302069235e+02,3.264272459266667425e+01
1.741370356393111365e+02,4.264289396797537535e+01
-1.640319924131198945e+02,2.672433203492837706e+01
1.744494594695501064e+02,2.953992145546772718e+01
-1.791233868592077840e+02,3.663835163169424902e+01
-1.739605864546283271e+02,3.783535262214468275e+01
1.722917197267652227e+02,2.466722259660447492e+01
-1.595905790982055237e+02,2.698921183512889499e+01
-1.796778854049226197e+02,3.660960149617047676e+01
1.702313547460759935e+02,3.517180141876835364e+01
-1.704116320597022423e+02,4.458762571591971380e+01
-1.704362547349264219e+02,3.019734045290471869e+01
1.764385691768445952e+02,4.496346993380434753e+01
-1.723171985214823678e+02,4.100727766637294991e+01
-1.699794584100842201e+02,2.841656626498659222e+01
1.239361708976599346e+02,3.004569608459974361e+01
1.326181054810334956e+02,3.735996436340954574e+01
1.797775713456530866e+02,1.922630848010828686e+01
1.798304072927058428e+02,2.877116148119063865e+01
-1.774513173152547552e+02,7.130901032419509455e+00
1.526527224625014867e+02,2.755123361434932860e+01
-1.646418089649955903e+02,9.963067470127271008e+00
1.645841445308275013e+02,1.303359016709794638e+01
1.761338570363290614e+02,6.334122002583308486e+00
-1.690502333664340142e+02,1.102108347368734442e+01
1.621368017429925033e+02,1.361205369625250761e+01
-1.708323489667086506e+02,2.200807487086365910e+01
1.728934002624457946e+02,1.409195484393780440e+01
8.477207598022627622e+01,2.279194766119956483e+01
8.166899162632572029e+01,2.861354369328924463e+01
5.405245124280249769e+01,2.501789309207901013e+01
6.089364855384914677e+01,2.269003027388804483e+01
8.627390845420981691e+01,2.372411089646102766e+01
8.656358265167654054e+01,2.880620418924502246e+01
2.971777597713003161e+01,2.271841707050651138e+01
7.309383935462706461e+01,1.675306210027116194e+01
7.902485288958416731e+01,3.151019203341507335e+01
4.468277313323157784e+01,2.241728102368466224e+01
8.500272140396418763e+01,3.540519135098709569e+01
5.863335505987817697e+01,3.146238387446700813e+01
4.379019915442970046e+01,1.845015876290370471e+01
9.370305830254081059e+01,3.981531162805806190e+01
1.004278630946667477e+02,2.444416945036130784e+01
4.568544453984276998e+01,6.170096199604249421e+01
8.461868384483673822e+01,3.943459122734617495e+01
1.281679006098127331e+02,4.501899223113753834e+01
-1.776385142792353520e+02,4.755852571014636254e+01
-1.767936846374393554e+02,3.118460520418625137e+01
-1.778282623674084562e+02,1.809883294905083417e+01
-1.679441527360258988e+02,3.220424601736031889e+01
1.665325154447918976e+02,2.615340894910521286e+01
-1.682673716785206466e+02,2.619340775532040411e+01
1.562577721880405477e+02,2.318457866235268838e+01
1.676378183938926725e+02,1.805293095485963661e+01
-1.549620912027539248e+02,2.228328795591211176e+01
1.743148694617992476e+02,2.017908307034792159e+01
1.738544082611959425e+02,2.778971519282197633e+01
-1.575398433693921447e+02,1.552477414804118006e+01
-1.589729754902069203e+02,6.260777402472482933e+00
1.512618677936055462e+02,1.896158143633806148e+01
-1.608935011041763516e+02,2.174407339069915324e+01
-1.598919623190261063e+02,3.279866587028075742e+01
9.810484516365191610e+01,4.519496836450539945e+01
1.170974310120017137e+01,4.217159000411111691e+01
-5.419261622815412949e+01,4.504151804387367974e+01
-5.662456287712701908e+01,5.508581740767409229e+01
-4.915986466272554622e+01,3.972508307795270355e+01
-8.635383227943026441e+01,4.766340587246576632e+01
7.637097308984252209e+01,2.176743431207659540e+01
5.415000458945445416e+01,3.226663667682063164e+01
7.714248774792815766e+01,2.875034158044914534e+01
5.691495903137317214e+01,2.384164803615191630e+01
6.983663207244683235e+01,2.032066423764145213e+01
6.358436107529406911e+01,1.610942327359705573e+01
4.985718888182538677e+01,1.368664155190172949e+01
7.565808154860195600e+01,1.469671494891650454e+01
5.743094018140978818e+01,1.804812446265708203e+01
5.760817708113361846e+01,9.165281435889454542e+00
1.009846217725887669e+02,3.261505461614033408e+01
5.803585145293467207e+01,2.206387801493358580e+01
5.543160963961007326e+01,1.789787564851017265e+01
9.059967584303079491e+01,1.491176844062062656e+01
5.509368111025234072e+01,1.991192839455345975e+01
8.020542087366975181e+01,2.381776336272028871e+01
6.982719910739619706e+01,2.572338364205518957e+01
5.014174963412021668e+01,1.761096732123115771e+01
1.040128373146961280e+02,2.548864891192958737e+01
8.605126597483251771e+01,2.196259021873930450e+01
-7.999227585895442871e+01,3.293543856897193223e+01
-6.976562515671109566e+01,1.621895030169118357e+01
-5.875516157060290823e+01,2.030093710388359796e+01
-1.022714213688162488e+02,4.280755456789427171e+01
-6.628519114229557374e+01,1.114877931340088502e+01
-7.273810455141509124e+01,2.509479089050680045e+01
-8.601073979714612960e+01,1.904956965676312919e+01
-4.400732258435741073e+01,3.021246163611543523e+01
-6.166981854399094232e+01,1.826748501887920995e+01
-6.304813113326993346e+01,1.291309344132494630e+01
-3.881347142221483892e+01,1.895443592506795483e+01
-8.956141947427022387e+01,1.248378107460386843e+01
-4.670448526127013622e+01,2.328226107364073272e+01
-9.671246132363565096e+01,1.995063422812640397e+01
-5.312030316724599999e+01,2.835365052586157475e+01
-5.294058247125239092e+01,3.252238436311057512e+01
-1.019292153459919632e+02,2.650439096014798679e+01
-5.427105156102244621e+01,2.969235319676071327e+01
-7.741215624922317318e+01,4.342428827128185276e+01
-6.641610874138349629e+01,1.383068207412832429e+01
4.674995353133186171e+01,5.636095448017419329e+01
2.665290563517221401e+01,6.238229025664922034e+01
7.839109747864141298e+01,2.463740617134428845e+01
5.305305351189984719e+01,3.353269157924680144e+01
8.565669899141441590e+01,2.523970074238192041e+01
1.313627895344660033e+02,5.580285552049337383e+01
-1.662940474348127964e+02,3.741156786852654648e+01
-1.783734442586682576e+02,3.461226758510153445e+01
-1.783009961641348582e+02,3.055197410130209335e+01
-1.665469805362815521e+02,1.581728496924963423e+01
-1.666122764821996611e+02,8.175259095928442576e+00
1.701519293790961740e+02,1.381211668754196253e+01
1.700206132290846028e+02,2.922401600211919259e+01
1.528652860938452989e+02,1.933402014961714954e+01
-6.195654212572894437e+01,1.330905204959921306e+01
7.197781915133165853e+01,2.507578352804760158e+01
1.033395560127241879e+02,4.037706224901100427e+01
8.843676827325766965e+01,3.395648594437312084e+01
8.399575487235684079e+01,4.074448793361269594e+01
5.659399777379851315e+01,3.871781847403010346e+01
8.027028664286675053e+01,4.268018358138300528e+01
5.975094640368057952e+01,3.121446432210942845e+01
2.738875909593108560e+00,3.246933445405757368e+01
-8.272929268547328263e+01,2.523237301909367858e+01
-6.503506177589642334e+01,3.312579756062775260e+01
-5.487941552860645800e+01,2.448649068844900967e+01
-6.413092683964516993e+01,2.342139411226913381e+01
-1.195308305523901851e+02,3.935824953571848539e+01
1.623040371662904704e+02,2.803961841718089332e+01
-1.794614275648959278e+02,3.011824883730460201e+01
-6.418416070469532997e+01,6.494178921269187832e+00
-6.298095424749224946e+01,9.711843233145717846e+00
-6.914014472889212470e+01,1.649561097959384881e+01
-6.569277126510282017e+01,1.438935629003904104e+01
-7.660023443248159936e+01,2.428979887541342109e+01
-5.442309746294196060e+01,1.362161711013596843e+01
-7.450502402792257328e+01,7.735995070713945765e+00
-4.856388358146301698e+01,1.311419462471598862e+01
-5.462635259474880911e+01,2.420059859365297328e+01
-6.627246313779198772e+01,1.564228683676510201e+01
-1.693003026136113363e+02,1.904001580371240010e+01
-1.664212219768593286e+02,2.819415267083164522e+01
1.719565271963809607e+02,1.580576983319894069e+01
1.660370016089556771e+02,3.668437823457516345e+01
-1.725958486012632989e+02,2.027476404928374265e+01
1.742111170476671873e+02,1.450470496159009848e+01
1.783949828098231194e+02,1.071189974750738827e+01
-1.779150028045009719e+02,1.521925490160538530e+01
1.760724827423275656e+02,6.747375355089353377e+00
-1.770945343163232906e+02,6.405041805574214209e+00
-1.666466807264438046e+02,1.476551189433432398e+01
-1.777479426869488464e+02,2.517957204855261111e+01
1.707338226777407044e+02,1.944592714442275039e+01
-1.733905071754737719e+02,1.171714072673465346e+01
1.659872986716002004e+02,1.387131109632521486e+01
-1.772897779102690095e+02,1.860763075965535052e+01
-1.456869211100068355e+02,2.341965963087775293e+01
1.541554003463750462e+02,1.799690213429170171e+01
-1.520212591053691256e+02,2.051598760890943396e+01
-1.585009916711890412e+02,2.528419885111416221e+01
-3.372540364154961878e+01,3.526539928920033162e+01
-5.511836334107975688e+01,3.720725515566049069e+01
-6.033423121286862312e+01,6.559601740241117795e+01
-8.008397876799445214e+01,5.706123295820179209e+01
-4.457917387686634214e+01,4.320538948082493391e+01
-7.785770645392010181e+01,1.675881406926136918e+01
-1.080115920174831956e+02,4.356205230034171905e+01
-1.164290583379226689e+02,4.798398764784659676e+01
1.577567331480960888e+02,5.019118116091893711e+01
1.612591682964544475e+02,4.976448144004076113e+01
1.643368671339812863e+02,1.634600120022412995e+01
-1.596103553103382922e+02,1.458746680266824747e+01
-1.681575378388090769e+02,7.147125983876680522e+00
1.515232091251653230e+02,1.399577468887566312e+01
-1.540777899379560552e+02,1.607981199776028447e+01
1.533302290844872857e+02,1.627625248726398510e+01
-1.761627108479300148e+02,2.312518858080878204e+01
1.520030513269391008e+02,2.201267317636170517e+01
-1.733667664886338002e+02,3.427692262834882797e+01
-1.685179034615540559e+02,3.025050246668349985e+01
1.710729301068422785e+02,2.333741565526452177e+01
-1.605973534318275995e+02,3.362671434838978257e+01
1.739489341295805218e+02,3.241634236835393068e+01
1.735070918802494475e+02,3.779626327734843727e+01
-1.671032202628603045e+02,3.127614180839367464e+01
1.564055839543684101e+02,3.399112982658061100e+01
-1.740029517046119736e+02,3.062071800454641135e+01
-1.748361511725771891e+02,3.704475699629900021e+01
1.743375530128465414e+02,1.425152115351141013e+01
1.793817240482233331e+02,3.492635069642562229e+01
1.363967133214753176e+02,1.750041249785859776e+01
1.298258627338595659e+02,2.377189430241418577e+01
-1.573250649297739017e+02,1.579669903686202304e+01
-1.167938087546791479e+02,2.412009367501132573e+01
-8.187660132184215911e+01,2.829555344882604118e+01
-5.894522024143937955e+01,2.456241074140401892e+01
-5.710256600663041127e+01,2.113985811815910409e+01
-5.866242070330499558e+01,3.062179455123249738e+01
-6.853723537741126393e+01,2.967741201553367247e+01
-5.590807121245911304e+01,1.443320372511163185e+01
-4.957651597073810734e+01,2.453634953021459708e+01
-7.380032980243427687e+01,2.696029713234595349e+01
-8.353723143204150858e+01,4.512507565856546421e+01
-7.134302999831621150e+01,3.939124268752871671e+01
-5.287764409351916584e+01,1.905036585408844019e+01
-8.420451519729886058e+01,2.490115654242498877e+01
-6.684914983723319892e+01,3.752063619246640513e+01
-5.890354415803322041e+01,3.476462138557112524e+01
-6.514782593443587189e+01,2.125308689022599395e+01
-9.623389092497775721e+01,4.677240812624357602e+01
-1.122257768472861130e+02,2.757250457540069633e+01
-4.788577930899655399e+01,2.971778213835080962e+01
-9.170416197730571639e+01,2.668965269294868037e+01
-9.468131427320503235e+01,2.709761007035005775e+01
-4.770203959926359261e+01,3.651969878336333863e+01
-3.280471931998527424e+01,3.064461473281640380e+01
-6.708062936280835231e+01,3.446504986431126127e+01
-3.157106910491553009e+01,3.591329697581076630e+01
-8.054334347682319617e+01,4.522883193085523601e+01
-5.929964574400995048e+01,3.251020026811659136e+01
1.710520136457830063e+02,3.617159977557922446e+01
1.694460732922987631e+02,3.540691652613671891e+01
-1.585995719995769093e+02,3.134402291749939451e+01
-1.477012985910344014e+02,3.045945977855166831e+01
1.624191646235143764e+02,3.586666339304147755e+01
1.022594587509859281e+02,4.423805901105387761e+01
4.691077962930330614e+01,5.031901835664415046e+01
9.751662871017727241e+01,3.323135600844270243e+01
6.193920891453474553e+01,4.302394853544969067e+01
7.642950062969802616e+01,3.931980481181828679e+01
-1.371069546088984907e+02,1.753594516929525327e+01
-1.466585622938611380e+02,2.213665245276596494e+01
1.311084660942588016e+02,2.942619009121041174e+01
5.747618569564603774e+01,2.320776356588834943e+01
7.473213930099612412e+01,3.253572611078598698e+01
6.658140955907371961e+01,3.000318523161567796e+01
1.097284268467098229e+02,2.043687867746460896e+01
5.597213627528731195e+01,2.150640601062329438e+01
5.394469831508812518e+01,2.981688076603521864e+01
9.822770023263167616e+01,2.854793457858053429e+01
1.648528005547088355e+02,3.284543731037550174e+01
-7.340011060819915656e+01,3.239668730926528895e+01
-3.476920781756127354e+01,2.064235459956453056e+01
-8.884814918685269447e+01,4.030925280508700581e+01
-3.508928093864199838e+01,2.943004227802874340e+01
-5.587394010399337674e+01,4.754347978252830842e+01
-7.955395349713313635e+01,4.254946670508036277e+01
-5.547574186635570470e+01,4.000517254158505409e+01
-7.731249277159878375e+01,3.555146769476398561e+01
-6.458521564549010918e+01,4.187569863856401753e+01
7.497213168147754914e+01,1.439893188931393020e+01
5.834373508711991718e+01,1.548714503998293779e+01
7.694364783713518818e+01,1.693098377431546808e+01
5.758828897363000721e+01,1.365191821800820904e+01
7.624985332529861637e+01,1.943398209437894764e+01
5.486391459444134000e+01,2.097097478692661099e+01
6.733913175443971966e+01,2.740520536115453964e+01
5.835616995374265059e+01,3.076357118366460242e+01
6.824379782615719137e+01,2.150809965302082105e+01
8.273274766384028567e+01,6.190914014366052953e+01
6.613521856574357116e+01,4.525026805752030157e+01
3.764067915719365942e+01,6.407418554620383588e+01
8.864317345815096871e+01,4.998747680392934711e+01
7.114337688368148349e+01,3.540260412476754937e+01
5.987951247566844870e+01,4.277801832003872562e+01
6.187378196152022269e+01,4.685519864387308786e+01
8.653434157114159575e+01,3.839094134405643644e+01
7.997076479629403423e+01,4.338852027274408840e+01
6.355420206711387721e+01,3.621504127229633241e+01
6.429523244062568210e+01,2.100119263374331524e+01
5.712473181244573794e+01,7.190643559520553119e+00
6.690989984345389985e+01,7.828583418375574254e+00
6.461873848409419452e+01,1.439100571717019328e+01
8.110163782133179211e+01,8.813015498196445918e+00
4.882181562490091409e+01,7.615785367893021629e+00
5.743988477231165035e+01,1.007116791332863670e+01
4.593993290835989995e+01,1.680402117909149950e+01
6.093552930046868710e+01,1.762298606666581335e+01
5.214815760665052835e+01,6.550204217157739706e+00
6.682836026648809025e+01,1.408236834144959104e+01
-1.680801426932164588e+02,3.973967057736609831e+01
-1.516659624203285546e+02,3.448353714500368739e+01
1.595564191881665579e+02,2.642071136810416476e+01
1.427165115303942287e+02,5.719440168280596737e+01
1.623148988087901330e+02,2.218444502846964284e+01
-1.691978429153056140e+02,3.273148967291216849e+01
1.556029540027410576e+02,2.138744894230912763e+01
1.439479125912611437e+02,3.657583551402660049e+01
-1.656942073364673149e+02,2.088113792323647289e+01
1.762082871045548700e+02,1.395021507311502873e+01
8.511649947602394661e+01,2.535692248526469683e+01
6.902940730730837515e+01,3.784524762530993769e+01
6.395672300970194613e+01,3.251200865915294713e+01
6.903381970160683068e+01,2.244496422766598442e+01
3.084484986194474843e+01,2.284200386148377504e+01
5.015132081583536205e+01,2.126918582075141373e+01
6.228929483285118351e+01,2.340019987353390007e+01
4.895801724357504270e+01,1.597984431525910409e+01
6.147837339842875792e+01,1.795633201006783608e+01
5.784925855804385719e+01,1.848919081039948864e+01
8.829804245269140495e+01,3.547914703658270241e+01
5.600833573494803375e+01,4.612530537312943579e+01
8.968112443285991731e+01,5.474809281241287806e+01
9.707433224691405371e+01,2.333564870648057976e+01
2.263845687584073563e+00,4.064255425736430283e+01
-7.662661595378924062e+01,5.452299495674932928e+01
-1.386661100388163561e+02,5.840618848486693793e+01
1.090750309392816888e+02,8.033561330493925823e+01
4.620361888755439139e+01,5.199664422605142988e+01
4.261740870245618140e+01,5.149405254204564386e+01
1.096545017854112842e+02,2.900897532290334624e+01
-1.576152070692695020e+02,3.897882565704998825e+01
-1.404275487508163280e+02,4.720690088294220033e+01
9.620598756035505517e+01,3.324362255164681557e+01
3.025829919174305260e+01,4.263067871104541240e+01
8.845028568925233969e+01,2.829374835294417068e+01
4.682215024944313342e+01,4.364720910291249822e+01
1.127939723403225827e+02,3.755257549799071626e+01
1.177322993843376082e+02,4.450497255477291958e+01
1.675474026305099926e+02,5.476133852208528197e+01
-1.298792718393765711e+02,3.570032072167048653e+01
-1.596069449566111018e+02,4.797638298972715631e+01
1.489236269360100948e+02,3.989603596340302971e+01
-1.685411032421049526e+02,3.487131938852795798e+01
-1.593409585015616301e+02,4.236539564089861187e+01
1.637284151071829115e+02,3.247340667973212192e+01
-1.786572050824617008e+02,6.641392610816117781e+01
-1.685406233358778536e+02,6.123249552207094837e+01
-1.589474535409346743e+02,6.538416536772081145e+01
1.395978989382192879e+02,8.057212661984138435e+01
-1.735464748285195924e+02,1.750457159109294025e+01
1.673932267168129897e+02,1.206460206242012134e+01
-1.714615957914441822e+02,1.998331049970551732e+01
1.693729954046954163e+02,2.595576867852706471e+01
1.595556326819085768e+02,3.069636036751471408e+01
-1.776661813334809210e+02,2.441293685029815919e+01
-1.721655200594764210e+02,3.282011682202885083e+01
1.536279433757114248e+02,2.510525526906016225e+01
1.659546258274355637e+02,2.696356795246299853e+01
-1.636278877747562319e+02,1.634750730006961916e+01
8.283881360475605504e+01,4.294293519278916449e+01
1.614043451286884761e+02,2.124019078849465814e+01
-1.377483489174637441e+02,3.595831968889135055e+01
1.646535834903270938e+02,1.258298417808646974e+01
1.175469893470423273e+02,3.375616755398596069e+01
8.984308772794656761e+01,3.348714988183630226e+01
8.301132307367754493e+01,2.749382083547455125e+01
1.247658501363169279e+02,3.516664704378678863e+01
-1.417930011143841682e+02,2.431557483695114996e+01
-1.144627731392779566e+02,4.431270160635805411e+01
5.438878651874149739e+01,1.416425890180659941e+01
9.512715744034052534e+01,3.407087306513799518e+01
4.938072534150646220e+01,2.995331589094880087e+01
7.323098966932120391e+01,3.464289263213326109e+01
7.589669986778716293e+01,2.560701072083988805e+01
3.148497567597862101e+01,3.523716932376665056e+01
7.307360884798521283e+01,1.852802321722429113e+01
3.804001228873908502e+01,3.320147518944109066e+01
8.088612538665586271e+01,2.200511655041227499e+01
6.463580367562731510e+01,2.690722058509337344e+01
3.865786084795242772e+01,5.621623577291758522e+01
4.955580561235929338e+01,1.764772038557839551e+01
1.127900129138633929e+02,5.722036712862957586e+01
1.111009076086186980e+02,4.911268141583625635e+01
3.540814124448769462e+01,5.977282371001390970e+01
6.920512906385377505e+01,3.861858991326435842e+01
1.199570537869833089e+02,5.162351309824910572e+01
-1.617821879982965925e+02,2.846432063496325071e+01
-1.642487399435751172e+02,4.668202522917107444e+01
1.500733654341564716e+02,4.468770199001899357e+01
-4.816405469275660778e+01,2.427314958988740656e+01
-6.623932578590634535e+01,1.883291208623875690e+01
-7.332568974880476276e+01,1.715319578714749582e+01
-6.976438098889335038e+01,2.338480996566261183e+01
-6.949041447919525183e+01,2.408791650123552941e+01
-7.230890247573782403e+01,2.095788581254812044e+01
-6.380980209193688069e+01,1.399030752876836736e+01
-4.821973928278263344e+01,2.405877894007471696e+01
-5.974659633773527645e+01,1.415694201974423194e+01
-4.538834883907843931e+01,2.078519854841255921e+01
1.595744897608645658e+02,1.239404766622805454e+01
-1.738492056678113329e+02,2.558533977485269162e+01
1.555964970542095784e+02,2.533590098783063738e+01
-1.557972754268962774e+02,2.483774930973572381e+01
1.713423401754699285e+02,1.825330865171155637e+01
1.639355992318026551e+02,9.092321506226515027e+00
-1.687233509217334415e+02,1.477110023766942781e+01
1.749063532293837113e+02,1.920327251362250465e+01
1.798555735264032762e+02,8.081633370506951408e+00
1.706224304741763547e+02,1.609484529106288520e+01
1.684365245141005971e+02,3.154748522527693666e+01
-1.609330830954225178e+02,1.848132906465548331e+01
1.773765248837361241e+02,2.482712500150314128e+01
1.626288080806152152e+02,2.279544264617564409e+01
-1.795572668086263661e+02,2.342041240479003505e+01
1.770174521867629380e+02,4.111918204648659980e+01
1.793745484680865161e+02,2.431789828523653085e+01
1.751229881771438102e+02,1.544691341144007879e+01
-1.727787551528699339e+02,1.785448874392801599e+01
1.741060768342903486e+02,2.603511642622915900e+01
-1.756182660414799557e+02,4.900868102434040452e+01
1.787818825241010927e+02,2.329700511724408329e+01
-1.781167403233757796e+02,3.280347438055018472e+01
1.503802167588313239e+02,2.635510056549435731e+01
1.728721641643633120e+02,3.399653899606209961e+01
-1.708026488810430976e+02,2.938372169958539359e+01
1.778421560429472095e+02,2.191410973824099528e+01
1.771914219025576074e+02,1.473383634678820187e+01
1.784258541162974723e+02,1.378908081080115799e+01
-1.696675830667829530e+02,1.268945862986769590e+01
1.631493252192328214e+02,1.889024978901525387e+01
-1.674799890740684418e+02,1.242824568352398629e+01
1.708771334697716497e+02,1.069081176225014396e+01
1.749243181920307393e+02,5.421981123821318249e+00
-1.631357412208389235e+02,7.108975784270811005e+00
1.588995691462555442e+02,2.197732368959070470e+01
-1.604490270180199332e+02,2.943256413716717290e+01
1.723522108576139260e+02,1.686516501440203442e+01
-1.714451027189522847e+02,1.069468937839246436e+01
1.676434185886299986e+02,1.772331246500930035e+01
1.591827006574465884e+02,5.675409313202874273e+01
-1.701993187283285351e+02,3.777384264079996257e+01
-1.525393023576927476e+02,3.605704611735669118e+01
1.478333441193757949e+02,4.919951815001797257e+01
1.407583856068174839e+02,5.224808530550764374e+01
-1.593282807716997240e+02,3.328421333017070083e+01
1.687992352992812073e+02,2.654807898681490386e+01
-1.776126033203905195e+02,2.690414819573521754e+01
1.684561197820144116e+02,3.556198574055345318e+01
-1.663907253291654627e+02,3.685310911816402069e+01
-1.751246943025842029e+02,2.725993879936369524e+01
1.737934910129772845e+02,3.167560167668380444e+01
1.443906907166112319e+02,4.506017016252813789e+01
1.799288144120750417e+02,1.801454471200185026e+01
-1.664427570424927296e+02,3.060838617378738036e+01
1.763773219116475275e+02,1.938024417632307106e+01
-1.541467574375299989e+02,4.606794003927299741e+01
1.535307730148009568e+02,2.336948414632310644e+01
1.684289698977660237e+02,1.762709666211375392e+01
1.780174453318206815e+02,2.781479256079225593e+01
-1.766778280450175771e+02,2.469642955671090689e+01
-1.729280390105210188e+02,2.434965172779242693e+01
1.557551872627444141e+02,5.498499561538436353e+01
-1.733028438445709583e+02,2.427942597913502354e+01
-1.540147783581728334e+02,4.445754843506455245e+01
1.461204107713008966e+02,5.687240941303341657e+01
-1.688986090390623076e+02,4.766212101756829611e+01
-1.356845479773378997e+02,4.596732666582379068e+01
1.512113403819674602e+02,2.691517058208454216e+01
1.760086332740868045e+02,1.939232440564520843e+01
-1.178742846721699635e+02,3.730996661439972684e+01
-5.987728529220435547e+01,3.309591345584230737e+01
-6.627383670745797417e+01,3.356980334848609715e+01
-9.562935987496800294e+01,2.150610219009803359e+01
-5.927386261582460492e+01,2.590979548352764184e+01
-4.213370425563049793e+01,2.943907583535839478e+01
-1.028449938136894275e+02,3.882975861452040078e+01
-6.204531977801167386e+01,2.208920151120043229e+01
-5.998223238292443682e+01,2.385731918369872062e+01
-5.778546210885782131e+01,1.548774105967516057e+01
6.522219365536602709e+01,1.719940605597993510e+01
6.947608543466594710e+01,1.703110071357265909e+01
9.014950793536515050e+01,3.175798450570981402e+01
5.897635181287403583e+01,1.818868886612752434e+01
7.942325355450020652e+01,2.249361569142822503e+01
4.920020551886550209e+01,1.549595388383034233e+01
7.641043334850827762e+01,1.831636644514243528e+01
6.018208846601356043e+01,1.425763772211799285e+01
6.171367008219215933e+01,1.651344367646676048e+01
6.488373051430143335e+01,2.321249869220791240e+01
-1.348439478528619873e+02,2.654945809374298449e+01
1.500520416918046749e+02,1.415326398390830320e+01
6.131774719679180663e+01,1.881182262752335532e+01
5.258243647264610843e+01,2.891305294672154957e+01
8.259506258360893582e+01,2.411891650318541025e+01
5.785100202438851369e+01,2.574328328408243038e+01
7.346559020297569020e+01,1.308307347582466740e+01
6.363867872317083396e+01,1.553663709422624351e+01
6.682396152268836431e+01,1.212824237464016264e+01
8.698062971916428410e+01,1.905822168087204815e+01
-1.485172409626808303e+02,2.982349372519747632e+01
1.721969572691249937e+02,2.962074214309046738e+01
1.351759141054139945e+02,4.067588022315872109e+01
1.339242881933295450e+02,3.185241383497503165e+01
1.598165885780956614e+02,1.821641248417528658e+01
-1.739663061987034212e+02,2.663645497246495353e+01
-1.754839741072157153e+02,2.420736718355297512e+01
1.788818939371240617e+02,1.657340332099061087e+01
1.786637562517073263e+02,1.260354186864520720e+01
1.764032251217008707e+02,7.470164853358611801e+00
-1.686193328173777388e+02,2.747525897038922693e+01
-1.755571602457972631e+02,8.543651771279046514e+00
1.534446512403644363e+02,2.667061994947023607e+01
-1.752109929432612319e+02,2.565956991623304617e+01
-1.640535266344799084e+02,2.093858240529004178e+01
1.417538391601666774e+02,3.489451990166264750e+01
1.248254674553790551e+02,2.637655514653176780e+01
1.638297560208198433e+02,1.847799598448293423e+01
-1.583246016388351336e+02,1.845665702190574109e+01
1.770077534929075966e+02,1.877049122558411298e+01
-1.683979418213107238e+02,3.402202804749852305e+01
1.730468678798462463e+02,2.132172284407042184e+01
1.766202977395247160e+02,2.531564053910752676e+01
1.752821538394990171e+02,4.529052607825470034e+01
-1.501344932169031949e+02,3.099615482733839400e+01
1.671696560948263368e+02,3.460358423009338225e+01
1.619568706379141361e+02,3.099453538704186428e+01
1.614464533812691229e+02,2.774851927055496859e+01
-1.492553376282371289e+02,2.078482313051888752e+01
1.763487332869544275e+02,1.327682510346080491e+01
1.595203584703977810e+02,1.807981142904691652e+01
-1.648706054419569398e+02,2.096147906177984410e+01
1.610276657899832742e+02,2.024598766877677392e+01
-1.652975526757693387e+02,1.955154242225570727e+01
1.639754753585768867e+02,2.126367579412288933e+01
-1.663993985815968699e+02,1.956069111377758318e+01
1.515347489372389589e+02,2.274505903679903440e+01
-1.591641025210495570e+02,1.384204095849289828e+01
-1.772562126183960061e+02,1.243340961198695993e+01
1.763373881865854003e+02,1.721330508853775143e+01
-3.778090668869368329e+01,2.719254475573416130e+01
-1.046452519135302452e+02,2.095204292347059294e+01
-1.068671486470061325e+02,2.926845545905517199e+01
-5.794522430080676401e+01,3.109998715748626807e+01
-6.515388925880735371e+01,1.984101793328356322e+01
-1.218096185352516017e+02,3.282980068344393487e+01
1.749332400310624109e+02,1.037791928447168388e+01
1.075405441375178839e+02,2.981258959879823323e+01
3.562735176450422614e+01,3.432077206785339740e+01
8.615922287670294111e+01,2.013470244827449207e+01
4.259449070946175198e+01,2.673241382652938469e+01
7.273565200745079551e+01,3.027557052601231646e+01
7.493036455471026613e+01,1.755042747555090088e+01
6.255681553567884379e+01,2.543147840369708135e+01
7.615618357731256083e+01,1.345724351634752480e+01
8.999332194123647355e+01,2.912308807062036919e+01
5.749511857703581796e+01,2.003874304999127531e+01
6.564134316508371114e+01,2.302011899233378145e+01
6.276235781183777362e+01,1.800052534524394332e+01
7.640344527112021922e+01,3.024734097038077962e+01
4.574955040136630657e+01,2.605951862376225137e+01
5.606731100980240967e+01,2.533504418933137359e+01
8.976367256526185656e+01,2.691193036759740664e+01
4.664525276465310810e+01,1.935969020951220543e+01
9.587417163078168869e+01,2.884108752863669878e+01
1.186157060158821110e+02,3.368702318231215997e+01
-1.689390304061319341e+02,4.916778588163585084e+01
-1.103191073258337127e+02,3.943938015740036462e+01
-6.334619990645188636e+01,3.384234763389731171e+01
7.485336974674351040e+01,3.286315978753381728e+01
8.186089770577990521e+01,1.979947986377534974e+01
6.510061357962585760e+01,1.441885290556704469e+01
7.412942705746847594e+01,1.893155773311086421e+01
6.176522063991509981e+01,1.194949563271375048e+01
7.480034834825293899e+01,1.958472708866331402e+01
7.565319870148881876e+01,2.702372283725535596e+01
6.924713233143182833e+01,2.433443273570128795e+01
6.003011653156364247e+01,1.798953773723328098e+01
7.314946655100729345e+01,1.502593899789490095e+01
6.250169004693884744e+01,1.110380623060554584e+01
-1.422158208650648135e+02,2.846692442212999907e+01
1.435248406107618848e+02,3.815532529632203307e+01
6.999979730654418120e+01,4.163141199311658625e+01
6.484090701908650090e+01,3.891694370760583865e+01
6.282411632276187419e+01,3.680741596490362610e+01
4.379658826543501959e+01,3.197603038542470699e+01
8.760725914549176707e+01,4.988785934321830240e+01
6.192250593952723392e+01,2.282462480137058236e+01
1.620764066769472436e+02,3.486572353621443199e+01
-1.473555849890654486e+02,2.390676389832550086e+01
8.860788872153605666e+01,3.466898377540016440e+01
4.220091510987268890e+01,5.938657921249676974e+01
5.732746768743311350e+01,5.721509256760872120e+01
8.413819427667819184e+01,5.493288851698924447e+01
5.695972068825845014e+01,5.048095904442295989e+01
8.052426865366737729e+01,4.532441755783834481e+01
6.497716725039198593e+01,5.379350989780120784e+01
4.926936101856576045e+01,4.648377536086644568e+01
7.091948664898130517e+01,2.106607420801858410e+01
4.563414699218503756e+01,2.582425195076127977e+01
9.029532004052050809e+01,6.088639951474200984e+01
1.173195184809012801e+02,4.809063360807667920e+01
1.168473201866994486e+02,3.928955501929005578e+01
1.060711377878898674e+02,5.731459800473069777e+01
4.064987695255616273e+01,4.323789291673911350e+01
7.360781045197532535e+01,3.255703598882882943e+01
6.950352768858496688e+01,2.216928693865332178e+01
7.917622853369299207e+01,3.341461776885966373e+01
5.883297995618711695e+01,3.392118672106282418e+01
5.700500298320022097e+01,2.102994613790592027e+01
9.730462877180556802e+01,2.910149820802657672e+01
4.954566035446797656e+01,1.296133284174572609e+01
4.634504912778648844e+01,2.159479710833531385e+01
7.132319772701411864e+01,2.512719249181931147e+01
2.961171890542070884e+01,2.749959539867734293e+01
8.316745086576619883e+01,3.194329075608717972e+01
7.084404019975247024e+01,2.342442544169443508e+01
5.609361612427359489e+01,2.523643126696646988e+01
8.338437553588664741e+01,2.806192571394055335e+01
5.666284176653191196e+01,1.526705579095761145e+01
6.814282642347819774e+01,2.222534363546488834e+01
7.388130145111200875e+01,2.128317854488217264e+01
7.329038537561653754e+01,2.058637378758836078e+01
5.564649498516561010e+01,1.236018284338674000e+01
7.961910813638995421e+01,1.416754881048655790e+01
6.441935679887259880e+01,2.048134291200033275e+01
6.871844960664138569e+01,1.235996320715142183e+01
5.391095134682196033e+01,1.673336153841882634e+01
7.073080782533364186e+01,1.798724775477707283e+01
6.961529800146399793e+01,1.464607791971889483e+01
1.308521239208538987e+02,4.386509103493140316e+01
9.059928133491783342e+01,5.015179120555705339e+01
2.690598810551984599e+01,5.704892407959216172e+01
1.093092912751510397e+02,5.018286489310543885e+01
5.304894373456747303e+01,5.544320593967479027e+01
4.688822272013984360e+01,5.035782667598176943e+01
9.407781556411957524e+01,3.386829771316793369e+01
4.625810891350786136e+01,4.095712829085401552e+01
7.834606015028815307e+01,2.719187077465534941e+01
7.248001655561613177e+01,3.845166025031855384e+01
5.670639328487813913e+01,1.539987305250635075e+01
6.379949863635684437e+01,2.429824618509165290e+01
6.397662152608127428e+01,3.117983792784089303e+01
2.660107335201101364e+01,2.683602804526740471e+01
8.203152416781479417e+01,2.481325627651754218e+01
9.412609412660407315e+01,1.911387382330252649e+01
5.801450647591672549e+01,1.258164633929197151e+01
8.690359783811935301e+01,2.553085970541359018e+01
6.792074908148416057e+01,1.327870376996313517e+01
5.207872966532330850e+01,1.552482805233756835e+01
1.742980618674758944e+02,1.038566546380801547e+01
1.785096624882992273e+02,9.161649904689216584e+00
-1.734905464738505998e+02,1.686329904451325490e+01
1.745758773748079875e+02,1.785732263516898044e+01
-1.640874265474310505e+02,2.018565572045466894e+01
1.665923317570480435e+02,3.189657373880849178e+01
-1.765153374314438963e+02,1.484779556720029348e+01
-1.783273615257409688e+02,1.507171946918633409e+01
1.743458804814165148e+02,2.120121387018383530e+01
1.783481278918326609e+02,3.585583316697686485e+01
1.156947025815420744e+02,2.153228169870865116e+01
-1.453040572822506817e+02,1.605607092633036359e+01
-1.163084530700169665e+02,2.317053172676704520e+01
-1.042231026518152959e+02,2.952622936915614815e+01
-5.075914573039071342e+01,2.600965422648702940e+01
-2.950961261850115491e+01,2.855049787137920703e+01
-5.827677496690254344e+01,2.936482627678773483e+01
-3.284833717557572896e+01,3.621433667556256353e+01
-5.188247692500322472e+01,1.276549355951154396e+01
-7.120558741224705557e+01,1.894243035978618650e+01
-7.938206837703957319e+01,3.717104563916090854e+01
-7.368206707622728402e+01,2.036278395495839888e+01
-7.728563220934357503e+01,1.059699121917528331e+01
-7.797991464710909781e+01,6.799086898625206743e+01
-6.453618385899866894e+01,5.859635388628761632e+01
-7.984950516133150700e+01,3.860281178435828764e+01
-6.109110254891260183e+01,2.419415919174851126e+01
-7.880201852130842610e+01,2.048699503558836099e+01
-6.436340176826288939e+01,5.438387126137796912e+01
-7.372502962902250090e+01,5.291347181983669401e+01
-1.058650311613063479e+02,3.881070309372455540e+01
-6.624768611688864439e+01,2.161015878485282116e+01
-6.030016316432371326e+01,2.934086775815779902e+01
-7.797613734580669131e+01,4.018104303066332506e+01
-6.808820280104191625e+01,4.172806424432416605e+01
-6.864977151609031125e+01,2.356590434711116444e+01
-8.104901303298345283e+01,5.048715864928695396e+01
-4.654698072615745019e+01,4.788907532387129606e+01
-8.818222821914177700e+01,5.067318056731789255e+01
-1.710740636379350974e+02,2.940229649708116000e+01
9.403641792342666861e+01,2.278621441288429850e+01
4.347209467764765378e+01,2.779288387230586821e+01
6.459185889204965747e+01,2.265879017449730526e+01
7.312551902988163022e+01,2.291753764718744790e+01
8.236565980529650233e+01,2.276896191734491026e+01
4.936598182055634965e+01,2.329931296664204154e+01
8.336506820033669385e+01,1.758312501116284920e+01
6.406439146999491641e+01,2.271375782409744204e+01
7.365243369450637090e+01,1.893661935174053923e+01
8.751032448375639206e+01,2.013724770980951462e+01
-6.885003813841080955e+01,3.620262516890488769e+01
-6.002458930786251301e+01,5.586872307312747665e+01
-7.698808983307613119e+01,5.775354277896002486e+01
-4.630260850676354067e+01,5.261778485369188729e+01
-7.808663135510543896e+01,3.447832299875618389e+01
-8.217717147204447770e+01,2.193798605786732736e+01
-6.749595926665715240e+01,2.867670287360650505e+01
-6.015664302001420793e+01,2.165710199894342125e+01
-6.315806633337093245e+01,2.137649817314697387e+01
-8.012038092392481303e+01,3.483283091456620895e+01
-9.264847733883712522e+01,2.975824418636543101e+01
-7.738846096857574253e+01,1.501673685827481997e+01
-2.393078781758879003e+01,3.894886333545710499e+01
-7.113929423558327869e+01,4.112433550376699998e+01
-7.915969228815055203e+01,2.185802696315520066e+01
-8.265850810451581765e+00,4.073552560450760041e+01
-6.435039799750126122e+01,4.865522683960705308e+01
-1.471652304537563509e+02,2.714009265237536539e+01
1.357698643824523685e+02,2.284680623494515572e+01
1.487143975803448370e+02,3.471361267816448759e+01
3.163670400736386057e+01,3.525568080033043117e+01
6.128759625701743374e+01,2.918555834788407211e+01
6.830045505025005070e+01,2.367408220097415139e+01
9.956108578819093680e+01,3.116145826471041502e+01
1.179852791901379305e+02,2.459077873255423441e+01
1.661270815423067404e+02,2.952501606820690228e+01
-8.460317977996952266e+01,1.800516069314356926e+01
-3.540569176422992115e+01,2.557044880238636608e+01
-9.971094928899121612e+01,3.376926199048789101e+01
-6.849144417000695739e+01,2.563868298745707008e+01
-1.748006512172906923e+02,1.588970538325608572e+01
1.625944143080473054e+02,1.180444027686638364e+01
-1.717144803224726104e+02,1.450928076094520236e+01
-1.752857019016016693e+02,1.364844541867173788e+01
1.759181593441714142e+02,1.890180112012128788e+01
1.696022568238256554e+02,1.987973240613172266e+01
-1.722025441413628926e+02,2.190465149891787178e+01
-1.687310862530400470e+02,1.451169759415140348e+01
1.542678316085811048e+02,2.728201159491910488e+01
1.754945545541307865e+02,1.600049254677098531e+01
-1.556629884174944038e+02,2.371880025355895327e+01
1.495031524460057994e+02,2.558774738802235404e+01
-1.670841158625529772e+02,1.333076186480073666e+01
-1.611362202007497331e+02,2.629395351886594057e+01
1.561702978512051914e+02,1.751382960704403047e+01
-1.664079340823180644e+02,9.492906395622860316e+00
1.456362585226558792e+02,3.430233683692943458e+01
-1.531455121268332107e+02,4.959716340527727141e+01
1.529015204189517476e+02,2.398123694121613880e+01
-1.347249593763534108e+02,1.732491775446189664e+01
1.599337897287006740e+02,1.365215939571403325e+01
-1.653780465701797766e+02,1.349163020409951308e+01
1.674027324529656084e+02,1.627861347317133678e+01
1.627940670276302910e+02,2.556547441407204957e+01
-1.737053505541659888e+02,2.852855962064156969e+01
-1.755105171716177779e+02,2.119391833225667909e+01
1.759798032763054039e+02,2.254163088544364513e+01
-1.715134484085187125e+02,2.096901079692724323e+01
-1.725209777442318853e+02,2.186055452761084439e+01
1.645671076670986395e+02,1.002056927249744867e+01
5.512447085721309747e+01,1.356185630111093232e+01
8.214838677087715268e+01,2.189966027845112606e+01
4.710724048493356975e+01,2.324620122079810258e+01
6.809280527996128285e+01,2.425554257500439093e+01
5.185736801609900937e+01,2.633785752749099274e+01
6.076762472464222498e+01,1.965352043628582379e+01
9.190669719226610823e+01,2.178470139746891476e+01
1.578489495857569835e+01,3.670363900362757192e+01
1.001998006607272060e+02,3.521730986255527540e+01
-1.588561814814588899e+02,1.543322923326604723e+01
-9.071795416103221044e+01,1.646040937157581752e+01
-7.299178125807583228e+01,4.487102040693678617e+01
-7.053384458833512838e+01,3.457405369677202600e+01
-7.530655603499006645e+01,1.316548634636700754e+01
-5.625961980130687579e+01,3.225618420719016655e+01
-6.772591397800691482e+01,1.348100281090393082e+01
-6.596994642490189165e+01,1.369004769826945278e+01
-4.945611669495270490e+01,2.249869623422894804e+01
-5.505485975794266551e+01,1.770024137376254103e+01
-7.735564078620622297e+01,1.435890151757900846e+01
-1.780776114615837855e+02,2.035115887298107751e+01
1.725823893796956554e+02,1.781913465509027006e+01
-1.693382734139755712e+02,1.781555901658575536e+01
1.593717639215634563e+02,2.588958827145077990e+01
-1.497631282579251035e+02,3.719528837652682540e+01
-1.608602463358922421e+02,2.777130447986711204e+01
8.577096576479505075e+01,2.797363779630819991e+01
4.660341129092036994e+01,3.487621378188332955e+01
9.918979144134107173e+01,1.966642691965829215e+01
7.201595733511202013e+01,1.213337068898055193e+01
1.688311648083201533e+02,9.056151637430279067e+00
-1.552642464895668866e+02,1.675953361270526898e+01
1.428673283968774115e+02,1.674377903971210912e+01
1.566093847534434929e+02,1.385853531680055895e+01
-1.406858891264955957e+02,1.942530787870227726e+01
1.469012501800085033e+02,1.754496746412965891e+01
1.556603586657602989e+02,2.579825661674801651e+01
-1.437155508518930844e+02,2.328827833206500486e+01
1.648436455625020756e+02,2.359292794707039320e+01
1.690143656291537582e+02,1.133543039794994556e+01
5.736981065269328894e+01,2.382129175105227503e+01
9.117257622194303224e+01,4.024308060517489594e+01
2.885220538158324644e+01,2.508151132002926431e+01
5.319411707065422235e+01,2.237283613755537459e+01
1.145867448566568498e+02,2.177445823961536675e+01
1.713555811091958390e+02,1.308900152191814925e+01
-1.501630735994485804e+02,1.850003114746279920e+01
1.720487456836412719e+02,1.384502856265691761e+01
-1.736263642023656359e+02,1.801102189227824368e+01
1.631552282290510334e+02,1.073991136430678139e+01
-1.702425058573303431e+02,1.624351910613306416e+01
1.695225788967619280e+02,1.761305513237617504e+01
-1.644875107055916317e+02,9.890169588618768159e+00
1.587898871999172457e+02,2.142411473296225211e+01
-1.752871414173139613e+02,1.565956973739180924e+01
-1.799029843991947928e+02,3.280860667944590858e+01
-1.681902791583408998e+02,1.526302252273827520e+01
1.687448715272070956e+02,1.331424296290143516e+01
-1.723630127303667336e+02,1.322689181884692999e+01
1.731753757993510874e+02,7.959648486215787244e+00
-1.647663844780997522e+02,3.108797686730496324e+01
1.777906462507565664e+02,2.334723764040753480e+01
1.590046995094372164e+02,2.937943867101079931e+01
-1.534861953792980387e+02,2.982325417683296109e+01
-1.432064131503262843e+02,4.604507041735399753e+01
1.568432003789592386e+02,4.699208047314341741e+01
1.665317417309308610e+02,3.396708961792337789e+01
-1.636678542447577627e+02,5.040762224654542223e+01
1.441273984430604571e+02,3.716131340802336780e+01
-1.620213122557439931e+02,3.066488361470980095e+01
-1.661428001377842349e+02,1.796708934912906130e+01
1.424306218885921851e+02,2.639956113742564270e+01
-1.457360285418152159e+02,3.029738263121761932e+01
1.723082200468499252e+02,2.340132229486693660e+01
1.524615291448853043e+02,1.796957723339509982e+01
-1.753056639337912941e+02,1.644295044325649258e+01
1.797683593313073231e+02,2.598956954501815630e+01
-1.566304555583129741e+02,3.282312985530835192e+01
1.483175963282123462e+02,1.562381858964269554e+01
9.498560641806878380e+01,1.662367980351655206e+01
7.572138220085480498e+01,1.869340292067256470e+01
1.352915562136673202e+02,3.597478346641021574e+01
-1.290921824499207844e+02,3.246916509688157504e+01
-2.824810643618114625e+01,2.777770122673692654e+01
-4.003278392692224230e+01,5.136727644165683415e+01
-1.479081915648536949e+02,1.165331631357696907e+01
8.859659057153828599e+01,3.192095482978162124e+01
2.792083171007698184e+01,3.005304269703828979e+01
1.005948521237327213e+02,2.639826764984490381e+01
-1.763701617717799479e+02,2.008036076131807235e+01
1.746589163603663906e+02,1.432371856664505927e+01
1.759055018374216672e+02,1.450897094028129253e+01
-1.675550744015880582e+02,1.344149107673894328e+01
-1.693610758676803982e+02,2.854153403863649885e+01
1.726475361650956017e+02,1.297859727484034309e+01
1.676960890154452670e+02,2.610327846128446794e+01
-1.799867512326642327e+02,1.919584514883258919e+01
-1.745472559979481275e+02,1.766323738024624745e+01
-1.795963889390389738e+02,1.338253030743400984e+01
1.645831484434208107e+02,1.311331020867617170e+01
1.774976007692000621e+02,1.808783212767422199e+01
1.741374804165000114e+02,1.282362844058233975e+01
-1.625283180750622023e+02,1.701876422579823966e+01
1.739776910884750976e+02,2.456575322241110371e+01
1.734133963046862164e+02,1.559059716344172486e+01
-1.661544112100874884e+02,1.684718852057976335e+01
-1.455063456540490563e+02,2.912469209250473057e+01
1.698518146805844538e+02,3.348594715732058802e+01
1.621100032246655474e+02,3.195085763932702605e+01
-1.468203144794416914e+02,2.589683391307228533e+01
-5.177420579343969109e+01,2.000445166787207185e+01
-7.773531952015005686e+01,2.737177572659295777e+01
-6.022553987000384979e+01,1.725364414619059161e+01
-4.381156256224257817e+01,2.128982120191464489e+01
-8.397460032304307731e+01,2.446677021691487752e+01
-7.628032791987034500e+01,1.611324746815150633e+01
-5.270461354042642910e+01,2.705304253851451080e+01
-5.847572702170813841e+01,1.524755942331868575e+01
-8.650870782861464647e+01,2.329379393555313982e+01
-5.557216610291800407e+01,1.932515383718015300e+01
-1.789951841337690155e+02,1.733124727025980150e+01
1.789155091679364773e+02,2.763726252074398460e+01
1.689794410280254340e+02,2.879829528987968956e+01
-1.525255342194191144e+02,4.440301077662917351e+01
1.717583298427271927e+02,2.723982636268508273e+01
1.721452185885488859e+02,4.546136397495541814e+01
-1.742119360004958253e+02,3.823334904335884943e+01
1.719564766713492929e+02,3.133213667577148343e+01
-1.603759705405676357e+02,4.624164755047227260e+01
-1.654157510677586913e+02,3.618392887370104916e+01
-1.426915653990091641e+02,2.658679316022682571e+01
1.501909045954483304e+02,1.256304958489932488e+01
1.714102357296795276e+02,2.044531467101379718e+01
-1.657169250044922535e+02,1.525335191259253875e+01
1.606306692524933908e+02,2.052479023326086249e+01
-1.491539983161278258e+02,2.208071093589309442e+01
1.767330978204857104e+02,2.657717524086601202e+01
1.683185943885523272e+02,1.913696594706862442e+01
-1.691115167246505280e+02,1.293113052351401748e+01
1.470729425966683550e+02,2.134080255930692616e+01
-5.151265198439391213e+01,3.440708764651849094e+01
-9.493263718637494719e+01,3.412371465974216278e+01
-5.010428236145686043e+01,2.305572268423930637e+01
-7.071371707876916446e+01,2.406909056956589410e+01
-8.480557227932739295e+01,1.763460322441997619e+01
-3.561087025979684739e+01,2.565803934473983716e+01
-1.492988526356950842e+02,5.017270679958313906e+01
1.541577922640864529e+02,3.682518799023750944e+01
1.791574986545189176e+02,3.653435926494820762e+01
-1.737009056896157517e+02,2.945694927250665529e+01
1.688662179049506733e+02,2.090082889527077725e+01
-1.782457070556796452e+02,1.040876123452722091e+01
-1.522944497667224084e+02,3.051389331717500397e+01
1.588271477422470070e+02,2.226715595724788699e+01
-1.693875829589061937e+02,1.431369055268844015e+01
-1.738109554231652680e+02,9.239906528352674897e+00
1.499005682050939186e+02,1.906968499993212163e+01
-1.231693518239470677e+02,3.736575973295212094e+01
-4.190129995207788483e+01,1.951439619145400073e+01
-4.393968816006949396e+01,2.119861119179421394e+01
1.725495509961500318e+02,1.948543873030125440e+01
1.757858712715135709e+02,2.334293854154617520e+01
1.713961914693126118e+02,2.365354326756251879e+01
-1.665464558812493010e+02,1.415280835805237203e+01
-1.634938234138173243e+02,1.558319183471391867e+01
-1.792674120086101084e+02,1.661706869767359152e+01
1.718226845488776746e+02,1.415756807755604463e+01
-1.770144777095656536e+02,1.458620064313415199e+01
-1.727971295397437927e+02,2.522233101812248179e+01
1.576894121971573952e+02,2.842167351404157216e+01
1.651158067590810106e+02,1.048400292348701512e+01
-1.570381849015750788e+02,1.392850609107253135e+01
1.706445402111934584e+02,1.815862077778614392e+01
1.768131611647753516e+02,1.555665667409068931e+01
-1.444412913813424097e+02,2.505592647732316891e+01
1.401805824223233685e+02,2.601276551087762101e+01
-1.633800476451588111e+02,2.515650395060352196e+01
1.674557771347948005e+02,1.490399918433595161e+01
-1.646628444512895726e+02,1.084422586222886586e+01
1.741825953276068049e+02,1.195673526528227448e+01
4.200604214321476348e+01,3.275246953293842012e+01
6.426093176197616685e+01,2.758839417222522172e+01
3.485728549115716390e+01,3.112593486833382528e+01
7.939033581408297380e+01,2.080152836539050654e+01
6.434593223852237998e+01,3.905645688757980594e+01
8.037936867604146585e+01,1.867502819882214737e+01
7.407954625223530343e+01,2.468471473788355652e+01
4.622861399119447867e+01,3.024631085947734732e+01
1.122433799084813870e+02,3.176756609236363005e+01
1.510367826347322193e+02,3.273743778463452259e+01
-1.538492142534608433e+02,2.706106941416276968e+01
1.570654063118443560e+02,1.533393350167832736e+01
-1.777242284360412441e+02,1.346313866783929392e+01
1.793387812788519682e+02,5.870594432998311518e+00
-1.722644710186310988e+02,6.775817877180672966e+00
1.655654736004105416e+02,8.865467743184542115e+00
1.753896172348539437e+02,1.735442824423226327e+01
-1.649721159198506939e+02,1.863153555424690921e+01
1.611488467054444129e+02,2.258731693000872909e+01
-1.672874388469922167e+02,9.642424287877634725e+00
-1.665753204736832913e+02,2.808397385168306926e+01
-1.540605027960210691e+02,2.958869711560173954e+01
1.618128861819019164e+02,1.919983508165960018e+01
-1.760304435401106957e+02,1.717821139102870376e+01
-1.675531919772534195e+02,2.257917830262837100e+01
1.744477096719232634e+02,9.496679682913654830e+00
1.789502782181701548e+02,3.082737466665444259e+01
1.765538075603321317e+02,3.007924425632064569e+01
-1.779009192759657196e+02,1.178561925712299363e+01
1.736918785492734969e+02,2.253671159752686037e+01
1.701769686161870823e+02,7.993098770764165195e+00
-1.786605109227374442e+02,1.979460117518004836e+01
1.780577832112014676e+02,7.294729192194479239e+00
-1.634574576367834027e+02,1.885723390881629769e+01
1.456890323689465561e+02,2.083315569706390136e+01
-1.695837914827380928e+02,1.456157008118312390e+01
-1.660508432873815536e+02,2.081955408540197894e+01
1.740488197193839994e+02,2.159051582853740925e+01
-1.694269679977170142e+02,1.348123814605669679e+01
-1.755461797184972284e+02,1.527904470277042215e+01
7.696973710057487494e+01,1.312505251380414784e+01
7.887611590357531099e+01,2.285033050360298290e+01
4.117928048001591179e+01,1.745860546563984173e+01
8.104266567131999466e+01,2.603709076134262901e+01
4.387317551066600885e+01,4.012325786631636504e+01
8.315937951872692224e+01,4.214858332242823735e+01
4.995078095851920352e+01,4.800544918685135087e+01
7.637663489531097127e+01,3.224270013786772182e+01
9.721442027415312737e+01,6.013066361204801069e+01
4.133699258761710382e+01,5.511607488807820943e+01
-1.797578604288336237e+02,6.735507725918752797e+00
-1.797328947997541775e+02,8.309001331972350357e+00
1.771336093520090458e+02,1.846007504144773748e+01
-1.742068608373122913e+02,1.539929074300319378e+01
-1.783665187266594216e+02,2.323885799710452460e+01
-1.743742827213338558e+02,2.280193411199569908e+01
-1.786068269239060271e+02,2.193912615399067079e+01
1.532498581935978166e+02,1.748754891278037604e+01
-1.466147726086235537e+02,1.843918723059284304e+01
-1.174414536756552678e+02,3.199441780556649917e+01
-1.401021863152839444e+02,4.752086907728040188e+01
1.758791759721083281e+02,3.460860451950037486e+01
1.535718779396133584e+02,3.348422794554004156e+01
-1.533601992016154725e+02,3.289359635799956294e+01
1.722296209066926735e+02,3.928653819817893833e+01
-1.668981034978565674e+02,2.224187251291449385e+01
-1.529678537471004063e+02,4.099424029934803571e+01
1.781681106667587073e+02,2.643465600914994340e+01
-1.670060139980032261e+02,2.619532407731124124e+01
1.739016609884731963e+02,3.476311648811789468e+01
-1.798207985578212060e+02,7.722880304619629044e+00
-1.597817566787610986e+02,1.745504354697990124e+01
1.532849558244050456e+02,2.476107380109370126e+01
-1.552052587333326983e+02,2.228723807381276245e+01
-1.580682822820330102e+02,2.878578770009853827e+01
1.475309059954619499e+02,2.519170330769010846e+01
-1.761874282125653508e+02,1.896612508582694545e+01
-1.624499950110787267e+02,3.967804947938360982e+01
-1.467229663623139118e+02,1.820332599245280392e+01
1.292399503836512906e+02,1.853263605176174167e+01
1.704486737733587063e+02,2.571568258095784643e+01
-1.641660498480410411e+02,2.851256388531779606e+01
1.724189234074689523e+02,1.528293345336679110e+01
1.450661440988878326e+02,2.402148749845069986e+01
-1.522821521765561954e+02,2.133109010493759428e+01
-1.533697192460109022e+02,2.024441902873956423e+01
1.630133990819682595e+02,3.112157852311185380e+01
-1.799571900134101838e+02,2.599483660321753575e+01
-1.673971911058742705e+02,2.163615563176213641e+01
1.678591924061016130e+02,2.117576694277905602e+01
-1.785126816991209466e+02,1.663474923662479554e+01
1.784594794683277996e+02,2.468078890795908009e+01
1.725290093732957928e+02,1.200656478309620567e+01
-1.614988017965563643e+02,3.675525999549470413e+01
1.781387115283544063e+02,1.756992656285515153e+01
1.450465290636793156e+02,3.132623923600831262e+01
-1.730090401835580849e+02,2.892011560922286506e+01
-1.607451473658719578e+02,1.668924830363911838e+01
1.687971410855697911e+02,3.637463685974955752e+01
1.738971752565205122e+02,1.348294414383152429e+01
-8.349119207465624015e+01,1.597199868063960082e+01
-5.600578000604672724e+01,1.432960559526536315e+01
-3.356542411353341038e+01,2.563993441267383133e+01
-7.371534557191920101e+01,2.592987212465922298e+01
-4.924886330994510075e+01,1.412955653569238379e+01
-8.589719030242744680e+01,2.401452210862067460e+01
-6.128124953237792738e+01,2.051773705288007221e+01
-6.793425188773368006e+01,1.485057961419570383e+01
-8.125176170741040949e+01,1.898138569371261752e+01
-6.310710217628811591e+01,1.398865090383799448e+01
-1.793374583558956488e+02,3.746590893911792364e+01
-1.581548133551674766e+02,3.785352491187521906e+01
1.769250225567989787e+02,2.818194578666799899e+01
1.650545283822215481e+02,2.218309091139473921e+01
-1.438660609750733670e+02,1.836011157256266202e+01
-1.777652928477549494e+02,1.007015423137944765e+01
1.353230102038063762e+02,2.785294251177042923e+01
1.656098645658408657e+02,2.399556642994899391e+01
-1.481620171313580840e+02,3.380876609907062402e+01
1.744423488990839530e+02,2.070908294427560747e+01
1.258607556865207044e+02,2.657835648540699225e+01
5.197118586684172215e+01,1.847101009975217778e+01
3.502010872946128472e+01,1.774670102221494972e+01
1.217040447439788551e+02,3.498116858519958328e+01
-1.537384145429716114e+02,2.249707337031390608e+01
-1.472228320679318756e+02,3.882580280677593976e+01
1.626291693591138028e+02,1.180156087453562996e+01
-1.780255822736416462e+02,2.199233046632594935e+01
1.792572224449881730e+02,1.177556270213043632e+01
1.788922603120648489e+02,1.975436005197389733e+01
-5.686936533536634641e+01,2.057001515014703585e+01
-6.887429504443987582e+01,2.243551445692723689e+01
-5.523797347756178056e+01,2.497364024468318888e+01
-7.731703336717060893e+01,3.448439116215479316e+01
-5.614040547143438431e+01,2.500818350107078913e+01
-5.008581473010761442e+01,2.256559101853603977e+01
-5.699089533403490293e+01,1.464419104751098644e+01
-4.487883485716060505e+01,1.840698959936146650e+01
-5.404105656339440600e+01,1.199115495447586000e+01
-6.286435367706948085e+01,8.442951460731070057e+00
-1.537705355381458219e+02,3.405410833499495027e+01
1.742089209403566770e+02,3.472293681813199129e+01
1.561048996462887146e+02,3.208263266198019892e+01
1.781487310736618497e+02,2.203727333438366998e+01
-1.705547914448930555e+02,3.293897025398316458e+01
1.624575314097484693e+02,2.541870385264905963e+01
1.682427475378596853e+02,4.153235800757925489e+01
-1.505018601843785575e+02,3.718470611270039683e+01
1.680494138863041371e+02,3.632093278836866546e+01
1.518865153501329814e+02,2.683710199060129398e+01
1.324998568579901246e+02,1.660307967849176336e+01
-1.676586642436684258e+02,8.665906337508186397e+00
-1.773532813361093758e+02,1.384183892752993295e+01
1.757400532684377481e+02,1.023811799460370509e+01
1.770217432960437804e+02,5.691206335234346270e+00
1.795933530434169256e+02,2.280225016941820115e+01
-1.401883865719974835e+02,2.229479832706510578e+01
-1.696394857571849002e+02,8.174626808608445927e+00
1.662618101087576861e+02,9.184828066186065954e+00
1.773152904066721760e+02,1.482932592331222388e+01
-8.235351770418481010e+01,2.273825162133209332e+01
-4.889812848417664526e+01,4.184495260672429851e+01
-6.019676317761299345e+01,1.714725483871949052e+01
-6.608737677427967583e+01,1.515995549896102901e+01
-6.756262902503465284e+01,4.015895238967677017e+01
-6.840599667659338934e+01,2.899247761113127808e+01
-1.158323674631479179e+02,2.127153267195278374e+01
-1.398269635318675057e+02,3.373387782355352726e+01
1.519786617231074501e+02,2.516383410263307141e+01
1.588692888348998054e+02,2.121120254034285324e+01
1.604760801265110786e+02,2.467962347643224419e+01
-1.627025422532179846e+02,3.018320461502792895e+01
-1.743355867057529451e+02,3.385919176530123309e+01
1.513955505243909272e+02,3.776517020722090479e+01
1.738764252522816776e+02,1.688826361793360320e+01
-1.759380763864005246e+02,2.418928090208014936e+01
1.602708824149989084e+02,2.295456166655430863e+01
-1.549110790121503101e+02,4.157760584555303751e+01
-1.533605971956908434e+02,2.087834271378749307e+01
1.566986235343952671e+02,4.132809044255170505e+01
1.672965893121791225e+02,2.193435527051941492e+01
-1.314869257803127880e+02,5.288809525901326225e+01
-1.780159578280864707e+02,2.065506780199864068e+01
1.591463433006030073e+02,3.383420695818701773e+01
-1.689046828203336759e+02,2.580472496254995818e+01
1.737274195774362511e+02,2.681067090947732012e+01
-1.747736544831111303e+02,2.834106652322844155e+01
-1.505315243842337622e+02,1.975016606916859985e+01
-1.586216115693462143e+02,1.681652614161117754e+01
1.656650909224761676e+02,3.554091399302459564e+01
1.614700519125482288e+02,2.282607365908613062e+01
-1.775753458995304186e+02,2.259761461019586903e+01
-1.678420670736208535e+02,1.368374459154462741e+01
1.629093304358791272e+02,2.298663629046996704e+01
-1.757147300950767033e+02,1.518216745063219442e+01
-1.785608432172387836e+02,1.778032740444129445e+01
1.709390535509105291e+02,1.350328783134274246e+01
-1.558924395441448780e+02,2.845263549652823443e+01
-1.790035136863122318e+02,1.419008097771039800e+01
-1.648921797901806201e+02,1.328903583238614061e+01
-1.796513204132421322e+02,2.161229993211042455e+01
1.753199652971222520e+02,2.791706364272060625e+01
1.769344736052030385e+02,1.681863795441626763e+01
-1.774140648134506932e+02,2.587185829143954408e+01
-1.649234731141315251e+02,2.067208975000524518e+01
1.617607753080256145e+02,2.616767023733412145e+01
-1.477640852491411465e+02,2.703837844401068935e+01
1.523396614251190329e+02,1.834963180927053372e+01
1.245062998966009218e+02,2.732220617485382874e+01
-1.728706971848820615e+02,1.927661639732215804e+01
1.723679469455372271e+02,2.168645837408407573e+01
-1.755706889559260446e+02,1.557669591770524242e+01
1.777411840369751985e+02,8.386965541554953774e+00
-1.762448425475764395e+02,1.104123153616660602e+01
1.794307078438178849e+02,6.930139428506471688e+00
1.755318449854601113e+02,8.858987507823252727e+00
-1.721945244358661569e+02,1.055355110721884593e+01
-1.764872678139288666e+02,1.774351286960494534e+01
1.659002444106478151e+02,8.200418746219749977e+00
-1.723986080456947434e+02,1.321172743720624787e+01
1.726886612015470064e+02,8.366539921736638519e+00
-1.470748136484452857e+02,3.042782391331713399e+01
1.688026912492362044e+02,2.767961764578411632e+01
1.705839174880520375e+02,2.588734195315106490e+01
-1.671975264414010383e+02,1.877380400340770450e+01
1.756453513891918874e+02,1.804601782204176885e+01
1.698604552160162768e+02,1.431699649691639742e+01
-1.731895677166832570e+02,3.271284501481202511e+01
-1.748952156159758431e+02,1.981250830467248747e+01
-1.789468362815572391e+02,2.231795316711957256e+01
-1.575212510613276038e+02,3.752711065698346715e+01
1.601184798841961481e+02,2.777291179759720308e+01
-1.703516693589042745e+02,1.879124245196813092e+01
-1.758183512348345232e+02,2.970653770755497192e+01
1.607380508277950639e+02,2.419626057208632375e+01
1.597127346000739294e+02,2.746194367799385105e+01
1.786848929795939966e+02,4.807499923659668895e+01
-1.785624056769951267e+02,2.072357029892258140e+01
1.785631245227777981e+02,3.265010620769307081e+01
-1.727963526144777404e+02,6.983419537565143109e+00
7.000182911971140243e+01,2.561438558545011546e+01
3.410340992708825070e+01,1.959120410624220909e+01
1.162407121236427514e+02,2.499860583092667454e+01
-1.614335253787349700e+02,2.694545703424288519e+01
1.668922684754985823e+02,8.505104725128257215e+00
1.539193178904990305e+02,1.237376726772595781e+01
-1.499989443761537871e+02,1.397730934923442270e+01
1.637444577663978009e+02,1.212818829375361851e+01
1.789284215906053248e+02,1.704939268372201511e+01
-1.381722816210104554e+02,1.848903905034783790e+01
-5.702380682791313404e+01,2.458617630657233022e+01
-5.419510474630782682e+01,1.254150459111933280e+01
-6.843196653648222139e+01,1.426483496300160425e+01
-4.845438714004775704e+01,1.585555812534843056e+01
-7.931556264911266396e+01,1.491044121317842119e+01
-4.136473061471748736e+01,2.085493167497101297e+01
-6.502379380386987862e+01,7.965108030140637396e+00
-8.699619857163693837e+01,1.913023090324573161e+01
-4.131882952153904398e+01,2.342991788365389638e+01
-6.897064636223099399e+01,3.106132983472977571e+01
-6.458185578147512729e+01,3.280350804596186265e+01
-5.056459534973293302e+01,2.496211481168230151e+01
-6.030652105284748643e+01,3.408598205279295001e+01
-4.152093696842247539e+01,2.851400859601832138e+01
-5.371419128189929637e+01,2.620435726249267105e+01
-4.091530269885871718e+01,3.377239119186753413e+01
-6.007095770217764397e+01,3.345110833957303953e+01
-6.647758863858913969e+01,2.835434418145059610e+01
-5.281398822181237307e+01,1.519958481629735658e+01
-6.547650724236240194e+01,1.742190781993300419e+01
1.781575611115973174e+02,2.001748211623908702e+01
1.653132478299422417e+02,8.739226137610668133e+00
-1.443252871152018884e+02,3.527742500663934777e+01
-1.685429085398823474e+02,3.453724224945476351e+01
1.777231042861418189e+02,1.777657743818879155e+01
1.698067881958730254e+02,4.565956044100958877e+01
-1.573685969046733248e+02,1.830977801375003011e+01
-1.774321032884753038e+02,1.908509972931765120e+01
1.553669098846856116e+02,2.117707856168664904e+01
-1.579055754699428746e+02,2.251514096637601270e+01
-1.749751267986529513e+02,1.793577250609752483e+01
-1.705831059709869919e+02,2.112597567179443914e+01
1.699139513277109472e+02,8.849329459089855021e+00
-1.749267454928659049e+02,1.260829299655708979e+01
-1.768524075586934430e+02,1.104236360911084702e+01
1.763057716747537427e+02,1.939555385828565193e+01
-1.750025505899828602e+02,1.793143678936449348e+01
1.790205835589158312e+02,1.801984168265676800e+01
1.575731823868002266e+02,1.121651285493259564e+01
-1.608042639833763872e+02,9.682953348957063611e+00
1.750174116154161368e+02,1.849600067969426220e+01
-1.791246729057644416e+02,1.557933414390490512e+01
1.793303694405291253e+02,2.500215062239119135e+01
1.689320764576969509e+02,1.921318142519679029e+01
-1.757984255239916251e+02,1.605713078793358761e+01
-1.782943289604938855e+02,1.204764504129851410e+01
1.733437807744122949e+02,1.433846588673083033e+01
-1.583147747028088759e+02,2.303199803566602810e+01
-1.767889288313782856e+02,2.642591783773556102e+01
1.638066826911353076e+02,1.933451017177540621e+01
-4.636821761649844120e+01,3.487192863832417089e+01
-2.179183777917057085e+01,2.902163776048159605e+01
-6.311300599825457169e+01,1.961050070401006451e+01
-8.705114634092639392e+01,1.869230044184294570e+01
-3.656827753917944790e+01,2.271135000990715014e+01
-6.646434949827801120e+01,2.360360409225201295e+01
-6.564978268839071518e+01,2.256874310561678953e+01
-3.337257374229942286e+01,1.958774023464467007e+01
-7.104038862203097437e+01,3.126425402122634267e+01
-8.938764049336811013e+01,2.596038160530383720e+01
-8.592524882051976931e+01,3.843982051889976503e+01
-1.256106436669328446e+02,2.856889962475010947e+01
-1.214516400427055629e+02,4.034607211117001668e+01
-1.421454228273386775e+02,3.613850132689564276e+01
1.518312513490486424e+02,3.036659291246872172e+01
1.291338238291143909e+02,3.079901964837692674e+01
1.282236011658182520e+02,3.527628265429675025e+01
1.718374397215401075e+02,3.891523652044912751e+01
-1.214196602942700167e+02,4.081376276164833428e+01
-1.369962557837129395e+02,3.932614145010527551e+01
-1.779504048249102368e+02,1.095047706907857155e+01
-1.483203597226205943e+02,1.962374495333997615e+01
1.579843983794677342e+02,2.836033160188401325e+01
1.606303760015175897e+02,2.147613598736901963e+01
-1.469128727225510715e+02,2.491639245318346241e+01
-1.687056664949922151e+02,1.125876191603980914e+01
1.015264633224048225e+02,1.974441568324549579e+01
3.903773017691634095e+01,2.163041694336693510e+01
7.949190106021666224e+01,1.259708573242134655e+01
4.470118057458388705e+01,2.109351248157211955e+01
-6.164710327715663851e+01,3.558262599489410860e+01
-4.728720061822652809e+01,2.511246531223840961e+01
-5.736518287238949654e+01,2.378861737579265778e+01
-1.062425508503141884e+02,4.218757910059446203e+01
-1.176108306160289203e+02,3.804377189475423648e+01
-5.525111447003700249e+01,3.156230943869907435e+01
-5.017734233855713910e+01,1.873417316623756079e+01
-1.095257263674197787e+02,2.525843188438702924e+01
-7.207855889918192815e+01,1.616834301206714741e+01
-6.023256383830094762e+01,1.487555509425758515e+01
1.711139822821890561e+02,3.169541252149333133e+01
1.696460904159631013e+02,3.845741224649188439e+01
-1.772073260831754453e+02,2.910413975142336085e+01
1.741888219836271787e+02,2.735499504207613697e+01
1.740861422403290817e+02,2.409938053372799871e+01
1.782793521056882469e+02,2.022990608716335004e+01
-1.775924440439161458e+02,1.366445468171893474e+01
1.742128128594187615e+02,2.494755239113112921e+01
1.754818716675713404e+02,2.352460975203664262e+01
1.767564924280508478e+02,1.763851639091756951e+01
-1.553573388778001174e+02,2.646483690230158459e+01
1.715360253135437461e+02,1.816347647912754582e+01
1.708923668781031893e+02,2.748302505698540088e+01
1.783034908572126085e+02,2.360858313466934888e+01
-1.544606846692470583e+02,1.402325363461037711e+01
1.600829940337578989e+02,4.913527440318321560e+00
-1.535908775709481802e+02,2.298315888022205300e+01
1.652226772327337869e+02,2.036967173451839130e+01
1.720047686845024373e+02,2.497282824520596023e+01
-1.605897231363934168e+02,1.687500549771736758e+01
9.135955997061248013e+01,2.153467023793663770e+01
5.109393472875330389e+01,1.987356997759161459e+01
7.416173310626913917e+01,2.094993477155038875e+01
4.914875734401231711e+01,1.939449974726678860e+01
9.104837116054939372e+01,1.809177828178881953e+01
5.121428057080287033e+01,3.536540266078528560e+01
6.710666336659699027e+01,2.405233565837091803e+01
5.900417046464553295e+01,4.723343514418148459e+01
9.007478402883791091e+01,2.522845537711692288e+01
7.430619725515272478e+01,3.037027811408167821e+01
-1.717145210562966895e+02,1.900125924318438564e+01
1.688802431106294932e+02,2.254203612581908800e+01
1.289768030506810135e+02,3.723811819017208791e+01
1.758860203723035056e+02,2.161283392918585733e+01
-1.329632625365676688e+02,3.317448895895277872e+01
-1.520420515185528245e+02,1.910384388501088893e+01
1.470085693453831084e+02,2.516659342529816357e+01
1.436224088564473504e+02,4.251374104658495412e+01
-1.524218215472871236e+02,4.543886315118806607e+01
-1.659651819504388754e+02,4.129271159422335558e+01
-1.756410745104951445e+02,4.600571396292714610e+01
1.424609115763013278e+02,5.683464601543602157e+01
1.646595371238536245e+02,4.866238510462069655e+01
-1.519994419936798522e+02,2.830329590178670429e+01
1.649936814980668487e+02,1.767926362163215614e+01
-1.762570244428639228e+02,2.796464695065700212e+01
1.720055410038611967e+02,5.469815021780555497e+01
1.770083647914747473e+02,5.107402182884690234e+01
1.723392081648353837e+02,4.603197265594873500e+01
1.781880732119169863e+02,1.642941778931094632e+01
-1.521399255826293029e+02,1.905663274060917445e+01
-9.929168348518021503e+01,3.108713319162444932e+01
4.301219139134703084e+01,3.112622846887490979e+01
1.180104714297203117e+02,3.781703165685374302e+01
-1.549671050105202994e+02,3.379174870213057602e+01
1.551698793754460439e+02,3.013842878693153793e+01
1.191141455230498423e+02,3.286412157464274486e+01
1.601673551044189310e+02,3.497814217349151278e+01
-1.642561277499066819e+02,2.187863956601452031e+01
1.662468360513236689e+02,3.174624697188038169e+01
6.311016002625832044e+01,3.086185918494406621e+01
4.947092396672435655e+01,3.345802533531315959e+01
6.735936602492793668e+01,2.488141189977815770e+01
6.029120176202741987e+01,3.283675299017763649e+01
8.418158721844368131e+01,2.417938758170377866e+01
5.601568277804948792e+01,4.209317489561595238e+01
7.805810314086140522e+01,2.602402852376317810e+01
6.767952706878014624e+01,2.020304179569947678e+01
3.009316909317965738e+01,3.848361444022954458e+01
9.954810276839513961e+01,2.042947599788478641e+01
1.433712019211935740e+02,3.015770515151936593e+01
-1.540583605120144455e+02,1.261921659739138946e+01
1.715200136478211164e+02,1.813342591782342694e+01
1.593657680334444535e+02,2.113627232966723568e+01
-1.467851040630612829e+02,1.653809095918325767e+01
1.658142186645663685e+02,1.684505653346835174e+01
-1.621836526730114656e+02,3.406307929214739261e+01
-1.798139722396682600e+02,2.555216703511532117e+01
1.779229197815159864e+02,2.408998273533932277e+01
1.756542129881214294e+02,2.844348064689073396e+01
1.764507413475534463e+02,3.125202788493165329e+01
-1.674338446960899773e+02,3.886753106041792449e+01
1.622633243234088809e+02,2.095717973678943835e+01
-1.733303844951580004e+02,2.627932377064374947e+01
-1.739240198678749607e+02,3.016567527627315570e+01
-1.786868773750536548e+02,2.334988560630943866e+01
1.708681690846032382e+02,2.200321005813395914e+01
1.756656881217697332e+02,1.921204409732230545e+01
-1.758246130569484933e+02,2.179105414555976594e+01
1.776155415268673892e+02,2.065702585203967701e+01
-1.698835313478510329e+02,3.006656286284748347e+01
1.777070056903543218e+02,2.672010524559932776e+01
-1.793975430792766588e+02,2.135206045307620215e+01
-1.764179879859615880e+02,1.752802262102366626e+01
1.784356216266209572e+02,1.439332429937277702e+01
-1.788996806702837432e+02,2.587729575785061442e+01
1.741913099165817016e+02,3.030209836925314804e+01
-1.771562305180341923e+02,3.388697005594531930e+01
1.693742611462125183e+02,2.483093908015595019e+01
-1.729889187964952271e+02,1.793599731375082484e+01
1.788359421261025091e+02,6.162212645670734901e+01
-1.776153703738495722e+02,4.295263897013755638e+01
1.729596692821195916e+02,5.821059785322879776e+01
1.689530007053708971e+02,2.549532561628955207e+01
1.644098556282979189e+02,2.599366451287621516e+01
1.460858102600486461e+02,4.963473076295237263e+01
1.743501862598689343e+02,4.447275217990508622e+01
1.679304907663932909e+02,4.167469069638205070e+01
1.666150276960433985e+02,5.229833490389901840e+01
1.760874286650235376e+02,4.408325978248127797e+01
1.510336640387105831e+02,2.858672155042516039e+01
-1.792965571516835439e+02,2.963576429159885350e+01
-1.712656309391192906e+02,4.475936020989220054e+01
-1.738462235957225630e+02,3.349448310216495628e+01
-1.766690546596905733e+02,3.411902221464970353e+01
1.660228701154839257e+02,3.643131833299710109e+01
-1.691957248399384923e+02,1.523880748282520337e+01
1.758228557973722843e+02,3.541123565516705440e+01
-1.781898540061561391e+02,1.746093857918331693e+01
-1.676866771611782383e+02,3.659403300573522699e+01
-6.218125311182338777e+01,3.177937485970404197e+01
-7.148516027219636726e+01,2.672932145500244516e+01
-3.432042365759627245e+01,2.798074737071765838e+01
-7.037472510332807474e+01,2.610133982076421333e+01
-4.437043603912725587e+01,2.172678653275520944e+01
-5.056567278708617863e+01,1.464652839182142685e+01
-8.826757381814083203e+01,2.199726483395519239e+01
-4.661270596188889215e+01,4.652406690906868647e+01
9.417000126026587736e+01,4.642520334803712956e+01
1.166774086040740031e+02,3.400968972500441367e+01
-1.703894301447740247e+02,9.358054267740451238e+00
1.715329668618554138e+02,2.007062793414762325e+01
-1.640426625112286274e+02,2.800351796745393074e+01
-1.710941530107871529e+02,2.782120744871347284e+01
1.699334946976201479e+02,1.998466848442905786e+01
1.567086793232905109e+02,3.106196701527649395e+01
1.791922687455578398e+02,3.245632674026361286e+01
1.747199242581047827e+02,2.726125723667043843e+01
-1.799615931108835980e+02,1.802468130428940185e+01
1.675089567632017236e+02,2.470154077545187832e+01
1.766750415562282228e+02,1.482222135778920347e+01
-1.759496218493234210e+02,2.244574176218387862e+01
-1.717914067311942290e+02,8.084717536081139855e+00
1.670102650939081457e+02,1.270194201607164608e+01
1.766747420194065228e+02,1.609685565055126943e+01
-1.677834703256072828e+02,7.303024645717993479e+00
1.691662318224030628e+02,1.410555782412999193e+01
1.753623721445288481e+02,1.858507247885593472e+01
1.734679697329890757e+02,7.411124229289596244e+00
-1.730027767731088488e+02,2.220286673019438695e+01
-1.655624458057435220e+02,1.961190786133128938e+01
1.653955389184982039e+02,2.672882616811135037e+01
1.422348794686625695e+02,2.150211818094577509e+01
-1.634706672628015269e+02,1.392938637860646267e+01
-1.798937033104483874e+02,9.559944518622508269e+00
1.503969726058791707e+02,1.729354987307933911e+01
-1.675742658389555686e+02,1.436878302384465833e+01
-1.759425129402305288e+02,3.096693996826986961e+01
-1.694956299342642581e+02,1.379766116487236616e+01
1.621779197997928179e+02,1.582039023222059626e+01
1.676981598026092968e+02,1.615665632976408261e+01
-1.524081353386124533e+02,2.067520346005839116e+01
-1.629172411150813105e+02,2.188683603119061161e+01
1.436637589060247251e+02,1.861957708198934824e+01
-1.701691306931986958e+02,9.654954167775771978e+00
-1.680863832683572525e+02,1.429362939282241740e+01
1.499321188741001549e+02,1.501300240813554687e+01
-1.630297899611345542e+02,1.987698126659245901e+01
-1.730865575485806289e+02,1.641502737837174308e+01
1.525625522080065366e+02,2.060133185775247000e+01
-1.767978299536784732e+02,1.690392405855262936e+01
-1.754472194297027841e+02,1.683495157810370912e+01
1.592289082244285225e+02,1.633374837331090390e+01
1.783134869444317303e+02,1.884675167087689829e+01
-1.740270684490255348e+02,3.528222128516046752e+01
1.489034165465226067e+02,2.695056233380663357e+01
-1.665236881627625678e+02,1.928671865995967138e+01
-1.719733753018198854e+02,1.570237338105653180e+01
1.782044953390585249e+02,3.948365120198450029e+01
-1.637851529570062041e+02,2.679417763364700988e+01
3.295329666770091848e+01,3.432752026451986183e+01
7.907849659346028659e+01,3.168317004616831412e+01
1.003360387391358586e+02,2.279474800631992082e+01
6.643711116756739443e+01,1.198607999091814591e+01
4.917631831457152458e+01,1.277691814568910367e+01
4.671370195797979363e+01,2.909094722657797050e+01
5.186794551917438412e+01,2.333633495093550181e+01
8.906815169169034618e+01,2.755321385010862656e+01
4.687894188595967648e+01,2.497428136176904445e+01
7.927491432327616394e+01,1.711190840342277042e+01
-7.628626628771920082e+01,2.557092555099777798e+01
-6.663085520676861506e+01,2.288917926213284559e+01
-6.721547203133302162e+01,1.725713920521449296e+01
-7.555400986796243501e+01,2.168659688552958187e+01
-5.752016118002843825e+01,1.363761256676294487e+01
-6.025993587704833487e+01,2.084577341362329150e+01
-6.773619269393834941e+01,1.970099204147619076e+01
-7.965023003383586797e+01,2.399517374056267727e+01
-7.427488768308212741e+01,2.050918000991017465e+01
-8.607946992258803220e+01,1.965946190887156320e+01
-1.751594360220831277e+02,2.006245694474124974e+01
-1.757851540467060829e+02,3.310637113098051287e+01
1.769316223852298720e+02,3.365985424860392072e+01
1.782862119781329966e+02,1.053890056893403049e+01
-1.788400022455835199e+02,1.283543882201811570e+01
1.700169517100156895e+02,3.575396442903882921e+00
-1.652934534372403164e+02,9.077488618138518817e+00
-1.764229131986588754e+02,1.078801649104513061e+01
1.737035531140176374e+02,5.663104515431386154e+00
-1.644955583738218365e+02,1.261439409106701959e+01
1.646175917762176368e+02,1.618423519950625078e+01
-1.544817584914833617e+02,2.945575301931147649e+01
1.610707280831340995e+02,1.512397176010060740e+01
-1.774433103752807313e+02,1.167355874406787741e+01
-1.770316845642148564e+02,1.392658001928338507e+01
-1.565620014039890009e+02,1.643769367691455940e+01
1.598238604353162771e+02,2.818801020970141380e+01
-1.689733897115430636e+02,2.996749231580979966e+01
1.775586213565186426e+02,1.270095836176754922e+01
1.766535775452721566e+02,1.202765928965830255e+01
-6.111668145625372972e+01,3.442767390148179629e+01
-2.231756382173193387e+01,2.460643649042978254e+01
7.958388956280981574e+01,2.478529545727675298e+01
7.916222509084126102e+01,2.723539179497425522e+01
-4.343826771343761095e+01,1.343466600237705855e+01
-7.486532784509651606e+01,1.912542639138011680e+01
-1.629334293695056957e+01,2.567395445008573063e+01
-4.585400233976118756e+01,2.112234185640632234e+01
-5.242341334632314442e+01,1.506733316376090670e+01
-6.362358117922484979e+01,2.441118741763006739e+01
-1.706360600318593299e+02,2.053457858037837980e+01
-1.723801869345225839e+02,3.852805829099540169e+00
1.657882964455151580e+02,1.956570971147164784e+01
1.766421402251976929e+02,1.530723114423502551e+01
1.762502161687349940e+02,1.019451327570670784e+01
-1.617702224396102508e+02,2.002734186437863073e+01
1.655320084750086949e+02,1.360702986793920033e+01
9.772672433971773387e+01,2.403582969354156518e+01
3.888254207673197982e+01,2.613558574007095814e+01
9.472220657338525029e+01,1.752400597402764149e+01
-6.154328112676595453e+01,3.125987656050422103e+01
-6.374551493671752667e+01,2.305439976277915548e+01
-8.166226336770623107e+01,2.788618202393199041e+01
-7.261075765472949683e+01,2.586216940611415183e+01
-5.861948264120190544e+01,2.060266400084693927e+01
-6.396038511853416964e+01,2.835858520507660785e+01
-6.531422353944790871e+01,2.808918061545133682e+01
-4.993760775269893060e+01,1.861004196794993959e+01
-6.459723345600116318e+01,1.556285827226770024e+01
-5.561867430503015441e+01,1.804208851785573842e+01
8.124835709703957320e+01,3.129005377471825255e+01
4.187552106328097068e+01,2.906050778645111876e+01
7.146537658902319379e+01,1.215111250397223230e+01
1.179369206692392424e+02,3.353906095992601166e+01
1.287551146474637278e+02,4.283574034954455101e+01
-1.676732963464460511e+02,3.258018970140106063e+01
-1.230328563924588252e+02,4.445320966471851420e+01
-1.295441699979809300e+02,2.445313153977383536e+01
1.522161508901701552e+02,3.559684922341932634e+01
1.437990345733713866e+02,2.501441531520792338e+01
-1.588727393926187403e+02,4.854729418252872364e+01
1.703909895821962834e+02,3.321614132611297521e+01
1.553567442691307861e+02,3.609278681756370588e+01
-1.704074683774893799e+02,3.332935391854014995e+01
1.736277786272956121e+02,4.043814676782667306e+01
1.550143135727165600e+02,3.739190603337032570e+01
-1.622227569653563819e+02,3.329554925923758191e+01
-1.693447338052741600e+02,3.232836474712417640e+01
1.538964836002111838e+02,4.757350812672145679e+01
-1.715196148426792888e+02,3.624401679422702216e+01
-1.732942514147730151e+02,3.889394699882240758e+01
1.490968086675810298e+02,3.089332968715127947e+01
1.327175404608528595e+02,3.481758438684509827e+01
-1.409824477416630657e+02,4.033816309945476064e+01
-8.737721601870437382e+01,1.160795278091727667e+01
-2.093819185890642487e+01,3.763805199448334804e+01
-9.904851739012343614e+01,2.138113690150099799e+01
-1.706897034436500746e+02,2.024925852586635955e+01
9.390527184159489593e+01,1.762530287355228609e+01
2.683241936289725160e+01,3.531385690214608530e+01
1.700618669139429926e+02,1.830338539360736050e+01
-1.572007300677937565e+02,3.407573919468411816e+01
1.698340153013065219e+02,3.008641423086513456e+01
-1.741813503385898798e+02,1.576041057205396712e+01
1.696052508094333859e+02,1.912465257006180508e+01
1.567102381305709855e+02,3.183701136227679740e+01
1.770104908409826407e+02,2.641743187152281536e+01
-1.664293082595173416e+02,1.141670651217670773e+01
-1.604174184915565604e+02,3.031727180185422199e+01
1.677331285316473952e+02,2.849501063210971097e+01
1.725880691242811622e+02,2.396107742528378637e+01
-1.720384274499933781e+02,1.797295888732913482e+01
-1.738729236896456598e+02,1.982421420662171130e+01
1.697115322021489305e+02,1.775236594755612884e+01
-1.533391694171255040e+02,1.979206961783666685e+01
-1.569697209573576799e+02,1.761440671712106365e+01
1.680813837687030912e+02,3.554837769624880650e+01
-1.559933125233354474e+02,2.603983369670757142e+01
-1.594813326007630394e+02,2.214968290004265583e+01
1.673524580006242388e+02,9.240242151007727500e+00
-6.294787347491990204e+01,5.230535509954656703e+01
-1.408945002085737315e+02,3.377315748272705065e+01
1.502659863527694597e+02,4.703531722335468146e+01
1.263643294847129681e+02,5.398503224779497600e+01
-1.565526764106210464e+02,3.634318691391225542e+01
-1.163280211365127741e+02,6.450741033926530577e+01
-6.780485314836322175e+01,5.072753991699863718e+01
-6.168643076134629410e+01,3.281795539918802262e+01
-1.213059781291645010e+02,2.090581214596407378e+01
-1.753696717449232949e+02,3.990328171206357410e+01
1.089786872440054566e+02,2.426418439520197623e+01
1.018692017316934368e+02,2.069159007908184478e+01
3.901880571313910195e+01,1.605480774452428960e+01
7.918543839303040954e+01,1.544305875449455101e+01
7.482699437790671482e+01,2.628362708908656487e+01
3.198063388844715504e+01,2.796215910181415865e+01
8.613271135859966421e+01,1.743896141595918792e+01
6.645449035323676412e+01,7.018138403191999330e+00
8.035332212761908011e+01,3.039245187248660329e+01
6.432364736495598834e+01,1.343698902192615385e+01
-1.668054770347408180e+02,3.928590879732940522e+01
1.594847483800758425e+02,3.116854704010800248e+01
-1.792209896421423139e+02,2.636945170672786176e+01
-1.761138948943611808e+02,1.845701792568218380e+01
1.770542259332630124e+02,1.933624325211711792e+01
-1.775963160913965453e+02,1.132522180108262511e+01
1.753605447271004607e+02,1.359329062666859578e+01
1.787160871339146127e+02,9.242799467696096727e+00
-1.788498622093263748e+02,2.454553972517019034e+01
-1.615574209911597450e+02,2.183069215894719406e+01
1.479919151365210723e+02,2.574667551258497866e+01
1.775476179231905292e+02,3.533780621375565545e+01
-1.534093706835255659e+02,3.044965095414846346e+01
-1.712228978417822418e+02,4.489662373115645977e+01
1.662065536031682029e+02,2.641655999441795188e+01
1.473500037798412166e+02,3.037273432275418372e+01
-1.516431985773544966e+02,3.679435446796107101e+01
-1.781048349906518524e+02,5.059130670442721112e+01
1.349297840006855722e+02,3.056482511740308894e+01
8.361329629599650559e+01,4.338637153061358731e+01
3.819859336192663335e+01,2.255599526800841303e+01
1.194043000571849262e+02,3.711089882789380567e+01
-1.301713598547972310e+02,3.458420829889911374e+01
-1.662070641469143482e+02,2.582473631276742410e+01
8.801739301478767175e+01,1.419457995524763660e+01
-2.754622716962103013e+01,3.376405765075716658e+01
-1.352213726419714419e+02,2.429595006709340765e+01
1.330274463487365040e+02,3.162802448340013228e+01
6.559857545676285895e+01,2.698573672803592061e+01
-8.162476456691125293e+01,3.406415906571607621e+01
5.339256522772487301e+01,1.604994362264123353e+01
6.597787638509804253e+01,2.068712489384846975e+01
6.718941973976177451e+01,2.823611112184640604e+01
5.589043480418384036e+01,1.976225116404970805e+01
6.724480251680701315e+01,2.705267204237040701e+01
7.301372741188387749e+01,1.121950933218597513e+01
4.813945427004191657e+01,1.111236865004174490e+01
6.988100352949663829e+01,2.966737639219445910e+01
8.927596096532597869e+01,2.160489173267329122e+01
3.771879352720421252e+01,2.526716996020423167e+01
1.700610849187783629e+02,4.575436213941905805e+01
1.652025176289638182e+02,4.191718253430936869e+01
1.736223374347754884e+02,4.018731006462785160e+01
1.761478317117894221e+02,2.469401485994393397e+01
1.747965744228540643e+02,2.271784988360865398e+01
1.715664292487176397e+02,1.858622118423274472e+01
-1.684315205942934028e+02,5.326446093126922676e+01
1.533805573611412569e+02,5.190661234304523930e+01
1.768238682979407201e+02,3.705958705847153567e+01
-1.406631901399553044e+02,2.455570716032681844e+01
1.856266142551391241e+01,4.297648252775898214e+01
4.158123523487333983e+01,4.638533512207199294e+01
2.029552023203486044e+01,4.506893227115281775e+01
4.480659294469034393e+01,3.980373831861564327e+01
1.029084970064135973e+02,3.731449042215237455e+01
6.218649188685991902e+01,3.186963356002365089e+01
7.987071965798638473e+01,2.610854183633802705e+01
8.459191399319175275e+01,4.499789120833785461e+01
2.906473430295730154e+01,3.355209181212136826e+01
7.600995029347592435e+01,4.524141692321860830e+01
6.273580457666020038e+01,3.472977003332886881e+01
5.119066066124808145e+01,2.591919875831705156e+01
6.744035889341162715e+01,3.222107134135028872e+01
1.305075354060807911e+02,3.654542168760686138e+01
-1.561909182865073547e+02,3.335525126806400920e+01
1.525590159156162429e+02,2.541406129017542170e+01
-1.721804333236233049e+02,1.881896345254620684e+01
-1.768088705157257436e+02,2.884718577420050778e+01
1.747790563205110459e+02,1.554087791634499638e+01
-1.713673362547962711e+02,1.500498100081144948e+01
1.692098384718061652e+02,3.375973099510504483e+01
-1.512513122322887398e+02,3.582131586463566464e+01
1.742051412404316011e+02,3.412472783829821310e+01
1.751764507664810822e+02,2.267849967702287017e+01
-1.665067567364057766e+02,2.065164459784950424e+01
-1.797623495519937649e+02,1.558436032552391382e+01
1.722139171993793809e+02,2.119882237307847106e+01
-1.774977781559562686e+02,1.392728047219108234e+01
1.738634996407759559e+02,1.478071699723896870e+01
1.793302518050230105e+02,1.235691941052437315e+01
1.635520569537750362e+02,5.394089232500493125e+01
-1.627058642364164882e+02,3.757985697424208382e+01
-1.545650187557277206e+02,2.611534448371279282e+01
1.564975609262812100e+02,3.673404982121893170e+01
-1.736628711474656939e+02,4.232707410800627201e+01
-1.794309842658117304e+02,8.008737865356064844e+01
1.762463176100467876e+02,5.585406869199372437e+01
1.768492583912513680e+02,4.189017735186369151e+01
-1.660223945673355956e+02,3.895697471939941181e+01
-1.758164923379616482e+02,4.235418402901284196e+01
1.660457520903552506e+02,2.368716131942641567e+01
-1.704229136342371191e+02,4.073667856527255537e+01
1.758616058077268178e+02,3.135939154403473594e+01
-1.582410353130835006e+02,3.855497653026505134e+01
-1.650925911334397824e+02,1.127668498484676185e+01
1.436025379577050671e+02,3.170278215318244719e+01
-1.544858477338289333e+02,3.475245721804743937e+01
-1.683188939421914938e+02,4.516952888305741709e+01
1.698015045854322125e+02,3.159066991411297920e+01
1.649819958061414695e+02,2.649706308727603954e+01
-1.664851116867104110e+02,5.500163844218337772e+01
-1.432948905705683273e+02,5.022335837977040285e+01
1.434101979937158546e+02,4.248293417095766245e+01
1.749716770279814568e+02,1.595712861229090862e+01
-1.398082802237169915e+02,4.636766343827054015e+01
-1.777496809913632489e+02,5.279067771488558947e+01
-1.586079040323245977e+02,3.765331765180618362e+01
1.598694354321559103e+02,3.213647232126618292e+01
1.559998047395670540e+02,3.316122077161678305e+01
-1.513626230553419987e+02,4.362841107453397882e+01
-1.538555981322008677e+02,1.721183393957734609e+01
1.696527819426372048e+02,2.475820307021192335e+01
1.576837243200509988e+02,3.563105098535334747e+01
-1.527840091244732719e+02,2.301315862973530812e+01
-1.628380968754090645e+02,2.158703841897897036e+01
1.577281581477084274e+02,2.484410335407974912e+01
-1.556190457243577328e+02,2.463752527745669951e+01
1.683842738951895797e+02,2.950557707948013686e+01
1.765708016623111405e+02,3.390718726723898868e+01
-1.593450265430020067e+02,2.394307544139528687e+01
6.670967719619444836e+01,1.896421854596379930e+01
6.027331900332303150e+01,4.612481624707928773e+01
7.362021004223913678e+01,2.503162024936788299e+01
5.675418532120310289e+01,3.052382460550241206e+01
5.029620105912724171e+01,2.826416917397665785e+01
6.337929700607349304e+01,5.648715716991740976e+01
1.147844035926688520e+02,5.653658325858694411e+01
5.528125960450677923e+01,4.738270108632111999e+01
3.231820316776705226e+01,5.771638738793789969e+01
7.757353837168798805e+01,3.141520010216060399e+01
8.676849858823071315e+01,2.803314089904617390e+01
3.121307858453094042e+01,2.727362329769339055e+01
3.846839472066958621e+01,2.450864791236355700e+01
8.552329146415979721e+01,3.076017497439599779e+01
3.929787743783148102e+01,2.616257956735701384e+01
5.838430446859164391e+01,1.556508851637890700e+01
1.219689117556290938e+02,2.770174672329016730e+01
-1.484023147967878913e+02,2.171042225332609732e+01
-3.046698431901589643e+01,2.837736847665865980e+01
-3.286105395643000548e+01,4.453573710215012227e+01
1.787326162008293409e+02,2.236848410584371649e+01
-1.761790773256827549e+02,2.628698121403776256e+01
1.778048624145898771e+02,1.127195407778102343e+01
-1.736300815510399502e+02,2.920695819831242801e+01
1.780371654265717041e+02,3.259684219220550006e+01
1.738110042759989540e+02,2.913369191242771450e+01
-1.650055211594163893e+02,2.532638851196955088e+01
-1.783440367517161746e+02,1.034737432698810800e+01
1.572854228597020381e+02,3.394691787296906682e+01
-1.784888494073288712e+02,2.888519301429264274e+01
5.919168238584423847e+01,1.505581464061121011e+01
7.882141287248951755e+01,2.645145727936178304e+01
6.454426998220125711e+01,4.139091170783942886e+01
1.237814445684287250e+02,3.852358026687889492e+01
-1.653991142939601389e+02,4.479949564579827381e+01
-1.088110989514929656e+02,4.014668637992912181e+01
-1.017444101915167778e+02,3.192029777395295298e+01
-4.169106469888337330e+01,3.435008285636959613e+01
-8.942274687940567901e+01,1.998430623562584429e+01
-7.040587219992625023e+01,2.628047061498423176e+01
-4.620423261546719829e+01,2.242358015574830432e+01
-5.649628333448600159e+01,9.820765976680739584e+00
-5.670714661611501128e+01,1.552245216020030938e+01
-7.627186288258873503e+01,2.369081018975590780e+01
-8.220883181883532131e+01,1.283298679804899223e+01
-6.173447799120093293e+01,8.774492341955568264e+00
-7.629320678355672669e+01,1.758209107356902479e+01
-5.186242103384068258e+01,1.939288046948687949e+01
-6.680850374260411684e+01,1.303622278295684467e+01
-6.413819040369156710e+01,2.124548388110657626e+01
1.729493168400905461e+02,2.154455866456543944e+01
-1.698023697139097123e+02,1.387605220090539149e+01
1.602760568672266004e+02,1.834900803111477785e+01
-1.768119994199590224e+02,1.569454987294946235e+01
1.799910073335363734e+02,9.438296409881118620e+00
1.654647229606164558e+02,1.716999569516616830e+01
-1.675005537928877573e+02,1.292140710537495352e+01
-1.646339692463885171e+02,1.357522759216037045e+01
1.731824905925337248e+02,1.965091794861215746e+01
1.721554598042279167e+02,2.097799783113940464e+01
-6.557194210161007675e+01,3.815568024966294303e+01
-9.625543097208580434e+01,3.609089935380834646e+01
2.516463495572586240e+01,2.602658540258961750e+01
1.413553223410837631e+02,4.399773988789111456e+01
-1.356800715829814976e+02,4.053010811683662951e+01
-2.618618063070516300e+01,5.568478931955369404e+01
5.998520622719887285e+01,1.811498660641290570e+01
6.694293462695542019e+01,1.520959774395050346e+01
4.975752307949998254e+01,2.607401918780756134e+01
5.116200639232386749e+01,4.455701885508079840e+01
1.789205459801359268e+02,1.456876928140782823e+01
-1.530268011020659173e+02,3.193054361774287031e+01
1.627121472484330980e+02,2.350930906325266889e+01
-1.746237365078402775e+02,1.239271477847515612e+01
1.754904974922402232e+02,1.702864982725341747e+01
1.799264075584781040e+02,1.565145880724687188e+01
1.741320335391461640e+02,1.908130972550302573e+01
-1.790337156537877945e+02,1.023001163341684716e+01
1.775578242793953621e+02,6.672004877855483684e+00
1.706487266507172365e+02,8.887702992658017109e+00
-1.717872148553133798e+02,3.858950602455995238e+01
-1.718585396575632842e+02,3.359205835313327526e+01
1.678264798139791196e+02,2.466033724200173793e+01
-1.783427447749111536e+02,1.769847144151955831e+01
-1.790195188174381826e+02,2.027061930639671061e+01
1.696256422278588900e+02,2.365610047712791797e+01
-1.774899514686700854e+02,1.734383554361683721e+01
-1.772215807559790335e+02,1.581898626010248066e+01
-1.734670213943448402e+02,1.494386370965367838e+01
1.640478859812640167e+02,9.459237113054495438e+00
-1.676843663387119818e+02,1.361691130000210137e+01
-1.703780306930540007e+02,1.712781457836502241e+01
1.606336441340976080e+02,3.470703655443133329e+01
-1.663856953819201863e+02,2.020425137581720776e+01
-1.787995716399266541e+02,2.896083723770385987e+01
-1.773146856878989297e+02,2.278714908134919526e+01
1.787891413815265480e+02,1.572469273266062828e+01
1.771063454528734837e+02,2.846054155026443055e+01
-1.746344791133178092e+02,2.790304091738158476e+01
1.705518618351586042e+02,1.287804397388366340e+01
1.771345074424847894e+02,2.286700261167984394e+01
1.632471278548080136e+02,2.196961214467728496e+01
-1.770758528129495346e+02,1.496117416247038179e+01
1.762270011075108300e+02,1.787027298229389061e+01
-1.283577541385334655e+02,1.889745108032790455e+01
1.790070930278486401e+02,1.089639240224801142e+01
1.207868422828799027e+02,3.331045775665808861e+01
1.062969947462531906e+02,1.869914037123314898e+01
1.155004669727769340e+01,3.302351591290419464e+01
4.901788970740292939e+01,9.791375228926332497e+00
-1.785748514037257166e+02,2.331332432611158723e+01
-1.773533875967880817e+02,3.155460964013443004e+01
-1.723381783971229027e+02,3.095019349394899066e+01
1.683730484161059167e+02,2.031953531413708802e+01
-1.711232075079157937e+02,2.720354045499730233e+01
-1.681513401484203314e+02,1.909920579647608818e+01
1.654624980370676894e+02,2.723995168734474603e+01
-1.609169130235780472e+02,6.344798742285162163e+00
1.713275541058384022e+02,2.115266857294578173e+01
-1.625958875863761648e+02,1.676135529505520338e+01
5.281441069257669341e+01,2.026884255334994123e+01
6.430947014851011545e+01,3.835798066300269227e+01
5.130186739260491180e+01,2.997390744810374485e+01
7.747048157713332728e+01,3.973926322995045979e+01
8.242268931771764073e+01,2.651207152471398487e+01
6.516396754820736703e+01,2.125249730924367242e+01
7.898361088973439337e+01,2.318564930364438936e+01
6.525025649056028954e+01,1.126657918064909936e+01
7.372184853685789108e+01,4.045614125537283456e+01
6.397868990256144173e+01,1.475052901834761698e+01
-7.824149714357547225e+01,2.211017746305261511e+01
-5.757282054025550622e+01,2.103234844364565248e+01
-8.132788667235739410e+01,2.547818671664546741e+01
-5.155820524340106203e+01,2.558958699329233610e+01
-7.404814142196002535e+01,2.219734803124871902e+01
-6.630393376672556371e+01,2.320686489627125582e+01
-7.750700706527264572e+01,3.141050484529130671e+01
-6.685536715728517265e+01,2.455705126388440007e+01
-5.836708156545115145e+01,2.705399675945949411e+01
-8.557680376762992580e+01,2.133312835237348537e+01
-1.491078448487062929e+02,2.493946946808613063e+01
-1.560450542882367984e+02,1.516164248903008627e+01
1.696008508331046585e+02,2.314854071896922960e+01
1.788824071239804709e+02,1.090964702765697325e+01
1.742152363899917589e+02,3.531767074302767639e+01
1.402694698116041252e+02,2.405756222471821815e+01
-1.658452307695637273e+02,2.088303019569905672e+01
-1.488874987022485357e+02,4.134581934825412475e+01
1.665096802976952972e+02,3.301708429934706146e+01
1.664070870930698618e+02,1.981873933351373296e+01
-1.679375888361251157e+02,1.820174124959099871e+01
1.682063736969093384e+02,2.750534166621242349e+01
-1.641473938242078248e+02,1.940153207534490321e+01
-1.591476021032408426e+02,2.214377738572883914e+01
1.234434831674077202e+02,2.600654292334637674e+01
1.373538074099579376e+02,2.250869401674203374e+01
-1.274560011410265048e+02,1.711136745656084202e+01
-7.570318974456432670e+01,1.172723779397018440e+01
-1.230696193413110251e+01,3.138433050184235640e+01
-1.176090558538270443e+02,2.220750079369436492e+01
-1.623150345577545011e+02,5.998541129996382892e+01
1.618110760961186259e+02,5.956233425222110611e+01
-1.686480191895272185e+02,6.713044925559705689e+01
-1.751810490063753321e+02,6.143858159762992699e+01
1.688224481547815969e+02,6.037762104375893557e+01
-1.505309101370735618e+02,5.144564590508978341e+01
-1.778542446390369776e+02,4.194781653646406028e+01
1.795242752668656010e+02,3.308010806107597546e+01
-1.729645849481202333e+02,2.724755439104653476e+01
-1.794577135003762862e+02,3.056120919644108369e+01
1.636159770727950047e+02,6.086938316114427927e+00
-1.465984537839123334e+02,1.177403899846856916e+01
1.419447172571968565e+02,1.305930217051522568e+01
7.245534261451723523e+01,1.159928956248644383e+01
1.559800929767440536e+01,2.894970683345678708e+01
8.301326881797525914e+01,2.072547067030843593e+01
4.677518103713460107e+01,1.676143584413602028e+01
6.969567744334798931e+01,2.302807184076467450e+01
7.813909423087116579e+01,8.814545379228110988e+00
2.830612446469044841e+01,3.420513298900974064e+01
1.443768084522073707e+02,2.314317326128394114e+01
1.539824793778952596e+02,5.028556645045433982e+01
-1.452860005243914259e+02,4.620413646297392063e+01
1.764135411784781411e+02,2.446333199770879929e+01
-1.645700329683168945e+02,2.243148799112962166e+01
1.716527429630899917e+02,1.609538276179735306e+01
1.696153718798079240e+02,2.096638535074017540e+01
-1.768708655315793976e+02,2.758039289690664475e+01
1.798830587467573139e+02,1.834230743500006611e+01
-1.712399860937593417e+02,1.863197519535240687e+01
7.173092438466360932e+01,3.044982565089109983e+01
4.648041100513717794e+01,1.837036155087576716e+01
4.611440998090309051e+01,3.044083824723313114e+01
4.811634524351678976e+01,2.241861067686415154e+01
5.597414033911729803e+01,3.117749742080420816e+01
9.074734874199509704e+01,2.686203250587861646e+01
5.573678311398165164e+01,3.793966049295809029e+01
7.963913720907271454e+01,1.194834445306504733e+01
8.089697464289930906e+01,2.860338696426273586e+01
1.627142164199044316e+01,2.425098906832285905e+01
1.271593211409861226e+02,4.672789723637785642e+01
1.215872829180733987e+02,3.281328449499903854e+01
-1.594631051256196201e+02,1.896993528865170475e+01
-1.165516710579373836e+02,3.390803696758622010e+01
-9.002760311478660071e+01,4.519058819733679400e+01
-7.438443961601637966e+01,4.922845027783861127e+01
-1.251586822436499915e+02,5.596675197322141315e+01
1.658063206509536087e+02,5.832643009140745249e+01
-1.772967822644397984e+02,5.299022752395800495e+01
1.193548893601111018e+02,4.909573115975292268e+01
-6.499221765430245057e+01,1.568436365484975781e+01
-8.013112829554243888e+01,2.108039651976456241e+01
-5.421483950608714508e+01,2.360192261980398243e+01
-6.388948777455213701e+01,5.682193688689741506e+00
-6.160198305692001242e+01,2.152394581374402094e+01
-6.234183244695407922e+01,1.557482020766569875e+01
-4.694108384209307872e+01,2.038664989179041243e+01
-6.081539134065939578e+01,2.220376369883112133e+01
-6.174113284780254673e+01,3.037066805747098996e+01
-7.051701329792885531e+01,1.363048826128359892e+01
-6.008020039606939378e+01,3.041520492724076519e+01
-5.493234396277681952e+01,3.670783336271495045e+01
-5.127049911707144503e+01,2.178102234352784805e+01
-4.638186236907095861e+01,1.372141945979377908e+01
-4.868392044802241969e+01,1.798941528358629327e+01
-7.048993073294415979e+01,2.251034850003262378e+01
-5.531281479192815453e+01,2.874047867803117740e+01
-7.740907660421488856e+01,2.905115782126590673e+01
-5.948599242101769846e+01,2.558689593529252093e+01
-7.268272250055660777e+01,2.307797595279244973e+01
-1.750077476658636328e+02,2.777652112962285713e+01
-1.793995486754262743e+02,1.346304063028924780e+01
1.694908615671091923e+02,2.951338175508184491e+01
-1.719613249477685599e+02,2.414684523399875360e+01
-1.654587993681935529e+02,2.806333341985497043e+01
1.536006830005881341e+02,2.152166139398388012e+01
1.709907042301604179e+02,1.505270074763525301e+01
-1.486272625941675756e+02,1.928520434441492881e+01
1.632797226795087226e+02,1.345974011048378749e+01
-1.687968203521245698e+02,1.536626455252097934e+01
-1.770523297864118035e+02,6.154559957890835875e+00
1.718899288814847921e+02,2.206508321105807369e+01
1.622319353897463543e+02,1.110934768036453946e+01
1.728444228131410512e+02,1.246361247053041055e+01
-1.744032569438902271e+02,1.033528013409221380e+01
1.623657052352380106e+02,9.638766422677417012e+00
-1.579391281222032433e+02,1.642962785497267575e+01
1.481886932453876682e+02,1.990960782575873012e+01
-1.529277391525022267e+02,3.673629103451519740e+01
1.760285291811640604e+02,2.707618965561022861e+01
6.114113990844195001e+01,2.554682468006414808e+01
7.309182110496746532e+01,1.724410477825834320e+01
7.650321769796178728e+01,1.813097278134878110e+01
6.414904918799490474e+01,1.450073870818843425e+01
6.923173001707806407e+01,1.531932524536325957e+01
7.897693383478278406e+01,2.086305395803663387e+01
6.704248329317132971e+01,2.034089589387857444e+01
5.027803121519873741e+01,2.507697782128938968e+01
7.496731665575627801e+01,1.958246848022552200e+01
7.357316697062945821e+01,2.731364631660724029e+01
1.394909015758915700e+02,2.689685232814670712e+01
1.656474981965245661e+02,2.314299887684430956e+01
-1.361968501057815217e+02,3.215635813376584906e+01
-1.446133102589940904e+02,3.055255602577042140e+01
1.582322264586970562e+02,2.407279323020843265e+01
1.756647813344089286e+02,2.150491343534136490e+01
-1.594364926302935430e+02,1.778883023503538396e+01
1.501178904024267240e+02,3.098721172269609170e+01
1.553214765358379736e+02,1.201191026027322728e+01
-1.489633077028372838e+02,2.094267635639113223e+01
1.745069561444999238e+02,1.287089956769126076e+01
-1.769243060612566296e+02,9.882146767880783500e+00
-1.799656124530870045e+02,9.383247857516815671e+00
1.698511165857534024e+02,1.000413780625352800e+01
-1.718891033245245694e+02,1.986950291246012767e+01
1.687301815799077360e+02,2.527480416910089289e+01
-1.770625636297439200e+02,2.208552578282058221e+01
-1.635376159662070563e+02,1.642248648988380566e+01
1.721508869322366877e+02,2.004402832889482866e+01
1.773370236956373560e+02,3.334463635959851757e+01
-1.344184345003267822e+02,2.345624047985976901e+01
1.457448967360422500e+02,1.578122862987011032e+01
1.133790492410615940e+02,3.253445137765687178e+01
5.453237929937453288e+01,2.419511696915021659e+01
6.605918140386191340e+01,2.382168896822414084e+01
5.307017585439668039e+01,3.572980347436802617e+01
5.224484029486727366e+01,3.412366448054329737e+01
6.906284025472126586e+01,3.013213341561585423e+01
5.184059953888046124e+01,2.841856181421223226e+01
8.827622983012679470e+01,3.988202515708115925e+01
-1.753992671933849579e+02,2.003754017106805208e+01
1.742762314934209655e+02,1.345232402967487850e+01
-1.783648664862386113e+02,2.648157634224615364e+01
-1.782131094742333630e+02,1.958182587114574957e+01
1.629303326169566049e+02,2.625692949195595105e+01
-1.641704219578812456e+02,1.751383172716040448e+01
1.703675084850653718e+02,3.203827643690951277e+01
-1.686366528315178641e+02,2.794298586391323980e+01
1.796820892113557875e+02,2.398874677361873964e+01
1.007354563606044024e+02,2.434575591341451073e+01
-1.746755164817816421e+02,2.718676990947898275e+01
1.721483102004821149e+02,1.904285542018447686e+01
-1.653857878576339431e+02,1.289721700982364538e+01
1.529724205730611857e+02,1.309537759928633704e+01
-1.595332675606741191e+02,1.834046678943866482e+01
1.566810277749279123e+02,2.370262729689553183e+01
-1.672415069554881768e+02,1.675940359175273642e+01
1.724024386505716677e+02,8.950331005446056309e+00
-1.660407153363287023e+02,7.486349278711781352e+00
1.644760483466715755e+02,1.345961217800028464e+01
-1.616398220451337693e+02,1.498457676180236042e+01
1.696622238320517795e+02,1.241586780644275656e+01
-1.736854887626692232e+02,1.984041830217704927e+01
1.679331560095062059e+02,2.360013134358948506e+01
-1.679942396963965336e+02,1.728791193501159285e+01
1.673206966656511838e+02,1.729433246737191610e+01
-1.630001877411866644e+02,2.602475080602030744e+01
1.798233442425733983e+02,1.402769675234517344e+01
-1.782312174304346399e+02,7.206083849069605307e+00
1.690999043097109791e+02,4.953530394110759794e+00
-1.530687562120312464e+02,2.275245413906984027e+01
1.446816855994254070e+02,4.522040157839039409e+01
1.612232322422640607e+02,2.532452735302888058e+01
-1.427841230176020701e+02,3.426155047408542487e+01
1.685047407991221746e+02,2.945069833800206638e+01
1.649081067905216855e+02,3.052561288788521310e+01
-1.494471348253591430e+02,3.154387390945552028e+01
1.708775909912318696e+02,1.164417963861320793e+01
1.213010776657799852e+02,3.708661931143171131e+01
1.472543234110166566e+02,1.790765787992071267e+01
5.503501288638801725e+01,8.507020542610952418e+00
6.375424784742481421e+01,1.067631928770531502e+01
6.004572231877082089e+01,1.608910688452897375e+01
5.836061867440230344e+01,3.529069644904230074e+01
6.889843432209102048e+01,2.519039989456341644e+01
4.119200683407014196e+01,2.188488218346603631e+01
8.130119562524775745e+01,1.999530511501372487e+01
5.212962483852383144e+01,1.858557544778504678e+01
5.737177186559446795e+01,1.357158912744030843e+01
1.409558834535581866e+02,1.893369714846811291e+01
1.752122158141152681e+02,1.211386646016758206e+01
1.726255963521353749e+02,2.988935629161127494e+01
-1.625898070197623042e+02,2.600740166705816847e+01
1.685638236623163664e+02,4.737106099293779238e+01
-1.708222210488094106e+02,4.726645931802013223e+01
-1.765083986484511342e+02,2.135871977461314941e+01
1.666766643276864386e+02,2.058697451461451422e+01
-1.633805401461013673e+02,2.277878637261229855e+01
1.740814355985956468e+02,1.500047205971040043e+01
-1.738853903601739717e+02,2.936558587200102011e+01
1.797151737206575035e+02,2.542103643534445112e+01
-1.776336219865309261e+02,4.626468059400851018e+01
-1.605829257380176784e+02,2.068888109160116073e+01
1.548790796995125447e+02,2.632231765080724983e+01
-1.679354723787879777e+02,2.449866459472156777e+01
-1.760311216683469411e+02,2.386377248379550053e+01
1.742512622906824618e+02,2.730557455258374944e+01
1.413497253581486177e+02,2.137711276860171594e+01
-1.130243056358440299e+02,2.568702261829673361e+01
-1.878012567806047173e+01,3.994856705075126513e+01
-6.569692075252882546e+01,4.107687038996049722e+01
-4.124474445214967488e+01,4.373965629741125838e+01
-1.073305014983328505e+02,4.335852021552160807e+01
1.793415186971528215e+02,1.980257836019423578e+01
1.305064740226032995e+02,4.723892247424873148e+01
-1.738479676538565570e+02,3.761634067046266949e+01
-1.532469077681200531e+02,5.233468665782389451e+01
1.572792836314469582e+02,5.213716749705902487e+01
-1.599278491906997601e+02,4.105129586076975556e+01
-1.647316612134795832e+02,2.704111905022228868e+01
1.759140518760851535e+02,2.177325249009095742e+01
1.737061524915170878e+02,3.643548052943899052e+01
-1.779056452218479194e+02,3.567637719900079674e+01
-1.772866799240943578e+02,2.541984878559810568e+01
-1.585451236475715007e+02,1.714450306471863428e+01
1.682953944561393200e+02,2.058932303552416698e+01
1.744019489047933291e+02,2.632241042271666487e+01
-1.487749479028826158e+02,3.227035101504426962e+01
1.765899201049875558e+02,3.175988440137760449e+01
1.776417019407777502e+02,8.477710708943199336e+00
-1.689513146256767300e+02,3.023826987209766770e+01
1.739105971959421879e+02,2.135993810442079166e+01
1.703427287771797012e+02,2.445245800814531023e+01
1.794429845885179020e+02,2.542557958688645670e+01
-1.677254148596757091e+02,2.413215710681075521e+01
1.674826798593132651e+02,2.986262432517124665e+01
1.688932300168949325e+02,1.036180512315327107e+01
-1.636898566447999031e+02,2.785520618112337843e+01
1.517890431885463727e+02,2.701499877126507698e+01
-1.717092915894143346e+02,3.134710084051858558e+01
1.681180364831774341e+02,1.919127593676657284e+01
-1.769538327363723624e+02,1.255134498228601458e+01
-1.756055104663466579e+02,2.674224138222167113e+01
1.751686666847808738e+02,3.110923350830404743e+01
-1.745135381548912505e+02,1.873070168026157134e+01
1.772595836036001913e+02,7.158024763803014778e+00
-1.700405657153576158e+02,1.328181874223330894e+01
1.703046928247082974e+02,2.621648752743175237e+01
1.636898322467682760e+02,3.313380765139096695e+01
-1.631273152949135294e+02,3.620059142373494865e+01
5.472347085619865226e+01,1.170942399876352269e+01
2.351949503615939463e+01,3.153809365755788008e+01
6.410280417863049252e+01,2.762850858395793097e+01
4.949226560857832169e+01,2.836541723334879350e+01
5.234163157874978367e+01,1.273300533456944805e+01
8.113613002645860206e+01,2.249267727806037342e+01
5.711341965896544082e+01,1.848216327860949093e+01
6.855956864074563839e+01,1.355936573660098432e+01
9.512402791572122851e+01,2.640020034648777880e+01
7.282774653538237430e+01,1.855086883068526049e+01
8.826812966556936146e+01,1.219086362297000647e+01
5.594529491460237836e+01,1.727995203601821217e+01
5.416003607897129513e+01,9.631803146931318338e+00
5.918227230779705650e+01,1.729534605447969398e+01
6.784139138996366114e+01,8.363574554871501476e+00
4.627136930779552415e+01,2.001173210601244179e+01
7.211672607596557327e+01,8.572079621924562076e+00
5.614705230454654838e+01,1.819486173546490448e+01
6.660486628780618901e+01,9.743758492229268597e+00
6.988975874277019784e+01,1.674403651538591120e+01
-1.410778225138587345e+02,4.232455165631600380e+01
1.508608668688522130e+02,2.558444282590776453e+01
1.789602284915539485e+02,9.401268751051098604e+00
-1.432463187917205687e+02,3.547932836937768286e+01
1.714738067731138642e+02,2.015871066121893307e+01
1.420352869171461521e+02,3.995084758132757941e+01
-1.715175860236739993e+02,2.700796610567883249e+01
-1.505968364726257391e+02,3.581528511533868198e+01
1.601241912488272021e+02,4.611141664342132174e+01
1.658926752646854084e+02,1.658155720041039416e+01
5.981220065065927116e+01,4.684724428397760221e+01
1.091543072869369837e+02,5.479604715308105511e+01
1.177614096382352216e+02,5.403843872224537392e+01
1.261880546845896873e+02,3.706132559002251980e+01
1.218868894456126242e+02,3.734807712002384505e+01
1.633337661768386795e+02,3.061028922648413442e+01
-1.486074074565247543e+02,2.811119205597206161e+01
1.594652574349541396e+02,2.148079934496752585e+01
1.411543527059596386e+02,2.221756210035037071e+01
-1.614409204711933796e+02,1.881713256737045015e+01
-5.225511252623718406e+01,2.250949434270554406e+01
-6.836322749866256743e+01,3.645949241540671437e+01
-7.346580692871874874e+01,2.141316533006721556e+01
-5.309817754713251503e+01,3.199822902772753253e+01
-4.939046518635286986e+01,2.201882021405541323e+01
-7.472941019012422714e+01,2.732288197706069965e+01
-6.590086389409080425e+01,1.579453474423570469e+01
-5.743427204977408707e+01,2.019480721655664013e+01
-6.533222680790076708e+01,1.819403868270340041e+01
-6.027364885868009736e+01,1.441257960731288001e+01
-1.578603580199346084e+02,1.998980007119211777e+01
1.634494954586135407e+02,2.636918607062523989e+01
1.760724102360830727e+02,1.377054152431912826e+01
-1.445871357677437743e+02,4.032599610283308778e+01
1.586613827388395634e+02,1.873188586769290964e+01
1.488401124754576870e+02,2.621112526261223152e+01
-1.677151326409620253e+02,1.845614194209159464e+01
-1.739693767246368168e+02,2.323885179017691627e+01
1.665598680004266043e+02,3.014000583542245693e+01
-1.616484092565781907e+02,2.017679431116705047e+01
-8.122976240544402060e+01,2.311523489525838571e+01
-7.831804174593612800e+01,4.974486378722444613e+01
-6.401466691499230421e+01,5.131168723052216762e+01
-6.922063656607576831e+01,2.693766536834421998e+01
-8.297712327759285245e+01,5.346194237599669208e+01
-5.352590180869831471e+01,1.914595433849287431e+01
-5.329484900528100866e+01,4.517547643424889259e+01
-8.050066283244196086e+01,4.344290828953886319e+01
-9.904232897970334193e+01,3.419667576056215808e+01
-1.185589603885961196e+02,5.180460206705971871e+01
-9.966461423433698030e+01,2.991015333352965300e+01
-3.789124677978468725e+01,3.622362502716838861e+01
-8.932508079279433844e+01,3.773691846198012456e+01
-1.094264394739283404e+02,2.288197413831214533e+01
-5.675087680630922904e+01,1.817752381222067015e+01
-3.142067993561792960e+01,2.679005191643411266e+01
-8.215865938262891177e+01,3.317525608093242795e+01
-2.488712846671850798e+01,3.255299931837079441e+01
-4.926141950520059254e+01,2.456173869515471964e+01
-9.072402560507320857e+01,2.960945587828468817e+01
1.665788968620018693e+02,2.467061163302809490e+01
1.733833620312100550e+02,2.806785445063986373e+01
-1.687750614535942191e+02,2.816309684051174145e+01
1.525270477268593083e+02,2.627378614862765005e+01
-1.786107577877558867e+02,2.015163681236067816e+01
-1.657281304520986680e+02,2.183523240006342192e+01
1.595082189916939797e+02,2.497209846758171992e+01
-1.707861827958267043e+02,1.852701529538057912e+01
-1.731450126196399424e+02,1.581308667571121873e+01
1.676563006543047720e+02,2.646290347657213360e+01
1.695606680870868388e+02,1.740424242720976977e+01
-1.652181745903173464e+02,2.049920539039030132e+01
1.632131025380308245e+02,2.140990366510952825e+01
-1.779013759718598919e+02,2.064560947768299570e+01
-1.795666409535036507e+02,1.959239331751343016e+01
-1.655424858484462334e+02,1.631429584993015425e+01
1.665796602533935413e+02,1.232939324925693825e+01
-1.562193794574972117e+02,8.859892280781810570e+00
1.618219212401330083e+02,1.198221906769612133e+01
1.736226017268006103e+02,7.098430575519405039e+00
-3.072691197596052959e+01,4.137126536459575732e+01
1.821089740879610730e+01,3.569248843080819711e+01
1.181253941497402451e+02,4.113862764060787214e+01
-1.089672529463151704e+02,3.803057830286545027e+01
4.042166026459929640e+01,2.251627366921569262e+01
8.862050500570161660e+01,1.590587906662248585e+01
5.689261357100666316e+01,1.178749165858132386e+01
-5.280419687839284393e+00,3.533367243676816116e+01
-7.577306884565001610e+01,3.108187726757711999e+01
-1.523944334892356665e+02,1.880525733674475930e+01
1.774544025436489960e+02,2.332308662926498499e+01
-1.744791854356530791e+02,2.163285958369215578e+01
1.624938550966190007e+02,3.956582061229844527e+01
-1.673051693460199090e+02,3.577162528114552487e+01
-1.679811857876142653e+02,2.679853355001909421e+01
1.655215824424910522e+02,2.694309082669082400e+01
-1.721310862179722960e+02,3.297739766406830597e+01
1.576185140522073880e+02,2.385435091683705622e+01
-1.633381441318854570e+02,1.730041205645200009e+01
1.782853255611472321e+02,1.702373468041673732e+01
1.131674849402128729e+02,4.354863021760191089e+01
1.209218693579341561e+02,3.537942094037155982e+01
1.615939402366581135e+02,3.292897491798238718e+01
-1.471982803158356603e+02,4.253168709510990197e+01
-1.727889361926173422e+02,2.578530080903041011e+01
1.613521361506309404e+02,2.243296502558430205e+01
-1.664974933820078604e+02,1.854707310391332697e+01
-1.548209725595524162e+02,2.059261442209803050e+01
1.582062720485796206e+02,2.663248233518120855e+01
-1.781108891578389546e+02,1.444640597359598999e+01
-5.569265456882634169e+01,1.459929312865014239e+01
-3.989230231021316797e+01,1.727449552907115304e+01
-7.470584321229642910e+01,9.689105580743412105e+00
-3.759551954210506608e+01,1.630289783447920371e+01
-7.585560955811153860e+01,1.710439941123263807e+01
-6.439539856549158969e+01,7.621496981211613786e+00
-4.998925353416257167e+01,1.381605203808836180e+01
-9.345588484495122827e+01,2.003724400477523915e+01
-6.448455101393275868e+01,1.454474794078429412e+01
-4.673782248134998696e+01,2.352989413555531684e+01
1.563872240006207051e+02,1.308058168427366219e+01
-1.495650568939643676e+02,3.605294861910640236e+01
1.711100178265010072e+02,8.051948035916808522e+00
1.775326386588065475e+02,1.717621447622941844e+01
-1.785629134490139336e+02,1.618387322874916379e+01
1.356971338155661329e+02,1.521208544871466550e+01
1.257718991184404871e+02,2.108763931268689618e+01
-1.514130962458043825e+02,1.832392319627334842e+01
1.671586957465376315e+02,1.340420171397884985e+01
-1.656837539335246845e+02,1.269545184039557562e+01
1.721594732026902363e+02,6.453748811095920246e+00
-1.788305177755350712e+02,6.896556090506709147e+00
1.623609680479366091e+02,1.490855902824679369e+01
-1.703829075495148970e+02,1.496227685658504392e+01
-1.761507691225579038e+02,1.488020992850721669e+01
1.689158470508195364e+02,2.245164173997630641e+01
1.700776324916567148e+02,2.620394331480310512e+01
1.786057379960142839e+02,2.290219587355653630e+01
-1.664441931875465173e+02,1.737343347963064488e+01
1.620213183021447492e+02,6.738785685235603395e+00
-4.116470470866960341e+01,3.700846895224695743e+01
-6.406593157438086905e+01,1.728498877546010348e+01
-5.077989328759316834e+01,2.600036172663514833e+01
9.203323252869950011e+00,6.367808997815133409e+01
1.403067986577383977e+02,5.453729699105616646e+01
-1.296363800021409247e+02,2.993363455276619689e+01
-6.873154046305209874e+00,5.533457155837186292e+01
1.118030101248458834e+02,3.109363779151433960e+01
-1.471494090779387989e+02,4.341029010251185127e+01
-7.670666115550223196e+01,4.350476795100465210e+01
5.766384207360665215e+01,1.278566136537896369e+01
7.158149719491447627e+01,1.582680108727790014e+01
7.679330851343343056e+01,2.463117453391506473e+01
7.738330311983953891e+01,2.605737124823386353e+01
6.819873867984863125e+01,1.673021126456852770e+01
6.469950243711657834e+01,2.454761209167187985e+01
7.926960094486106811e+01,1.657079769603778630e+01
3.123289695030402058e+01,2.168980552035976217e+01
3.063824413256692480e+01,3.083292273070624745e+01
7.006792042323210978e+01,2.498993042017015753e+01
-1.665493128235666802e+02,1.820535580012545651e+01
1.645099445422402766e+02,2.985773869888060972e+01
-1.648795976913682466e+02,1.272887930649486421e+01
-1.727634754351270203e+02,1.556076578910170305e+01
1.612002086493209276e+02,1.976226680385217804e+01
-1.664559962203564965e+02,2.210046493207178742e+01
1.566890929169073274e+02,2.471091553718595790e+01
-1.628904947189182337e+02,1.206401801231358917e+01
1.795778618377437397e+02,1.605141685968152387e+01
1.597939452284134632e+02,9.993767151650258640e+00
-1.615043273440233804e+02,1.114849214084546425e+01
1.632801231337495267e+02,1.341767583439140665e+01
-1.747995087556130898e+02,8.776087298292843286e+00
-1.221620458875851369e+02,2.269731754190094364e+01
-8.399862642104687893e+01,1.515891087115177172e+01
-6.571615284386163580e+01,1.417739685593587318e+01
-7.822278686780619239e+01,2.353685498530772691e+01
-7.411267624432548473e+01,2.825723680434432339e+01
-8.938962381354231468e+01,2.011204180802022279e+01
-5.209541697712479191e+01,1.635321291844136482e+01
-1.739115170240056329e+02,2.459593033632881998e+01
1.626943968023144294e+02,2.643757432916331140e+01
-1.624831566116186536e+02,2.819801281955963290e+01
-1.662501293811450580e+02,1.496784868617394615e+01
1.353561852405469210e+02,2.363059094818047612e+01
-1.587304791212031034e+02,2.962814542743689827e+01
-1.779031963995498700e+02,2.498474780341650003e+01
-1.666378101191661187e+02,3.774925531752897712e+01
1.529021999700442507e+02,3.667479707753229690e+01
-1.686013310216394814e+02,3.325963615005812102e+01
-9.409453583107020336e+01,3.348580515341923558e+01
-1.145877716463223521e+02,2.576636407095972459e+01
1.785135620710031503e+02,2.336601520537749366e+01
1.365261548887537231e+02,3.004032323058878262e+01
-1.287980516570514169e+02,3.594515118515592178e+01
-4.217575747481384241e+01,3.958374406329676987e+01
9.141556606732864054e+01,3.912199816268645947e+01
1.661138610362301904e+02,3.673051690337865693e+01
-1.185410089786413010e+02,3.091952518137721739e+01
-2.170183540106672027e+01,3.666025639885985044e+01
-5.461813059191268138e+01,4.705470229497409917e+01
-1.663596134338641264e+02,2.913688052847014376e+01
1.454479702781200388e+02,7.562801309791890958e+01
-8.297706092852824611e+01,3.067067012500494982e+01
2.315588181535453316e+00,6.167823077217023808e+01
1.174026241848969079e+02,5.987435098833323366e+01
-9.429657691597401481e+01,2.737582870533166712e+01
4.142878684597273065e+01,6.578647939464866568e+01
1.045783992111811784e+02,4.182540898391746964e+01
6.675364159182205981e+01,4.898337250671207244e+01
8.199373630303443861e+01,4.160217731925035167e+01
2.461193368749411547e+01,3.091513624012961259e+01
8.775841120241113913e+01,4.857635234005666547e+01
9.158594449113415692e+01,2.357065538922219616e+01
5.363246009868908715e+01,4.484883953184636596e+01
9.171588941852400012e+01,2.280588226653387807e+01
8.342499327384837216e+01,3.562871154283604369e+01
4.944871990641163251e+01,5.001037702677022878e+01
9.157385027224511020e+01,4.223429447366969214e+01
5.230729024904529467e+01,3.479422628574821630e+01
7.893122766113863520e+01,4.356707072167759520e+01
5.113585358856278162e+01,3.422792251349727621e+01
6.885414077015315115e+01,4.355418497378269649e+01
6.377162399293548845e+01,3.976345287284796370e+01
6.614718668840276905e+01,5.570788236531888060e+01
7.826981850312654387e+01,5.537784782075826939e+01
6.866038300688919094e+01,4.097863658508536133e+01
8.465794703637739360e+01,3.032485523786010972e+01
3.913741851822720008e+01,3.022305071411987853e+01
1.012079646914603757e+02,2.164279705172895873e+01
1.162610368903418561e+02,1.877692302616894082e+01
1.566233669644670385e+02,2.503711093418525024e+01
-1.362150006920980161e+02,3.326372057949596694e+01
1.685398795953510955e+02,2.916328355986437515e+01
1.258060761100849732e+02,2.719547025360440884e+01
1.549202259689147354e+02,1.776334603128585954e+01
-1.387212060087007330e+02,1.972112125959338158e+01
-1.053815676309787079e+02,2.450988299269886639e+01
-3.752835476296008466e+01,2.703556335490793572e+01
-5.900851141106098652e+01,1.911216521851479655e+01
-7.802347610318355464e+01,1.638816735883980513e+01
-6.678049377889078642e+01,2.301159992630249818e+01
-6.442360608757549301e+01,1.923980829141838456e+01
-4.945736770147230033e+01,1.737295952569238366e+01
-9.553108646951116611e+01,2.209683596842292275e+01
-9.090462522413699276e+01,1.862251112968020550e+01
-4.363995795417898194e+01,1.878588006834025492e+01
-8.520547656002193548e+01,1.511251600161034858e+01
-5.776157101405899397e+01,1.555044293413714840e+01
-6.053886895338139595e+01,2.835361055738280811e+01
-6.988383868928042375e+01,1.518961762024756013e+01
-6.083938250220472099e+01,1.693539939058282329e+01
-8.161193740879524228e+01,1.589098073597173411e+01
-4.368145833810528700e+01,1.061713124162250921e+01
-6.656002747619062632e+01,1.368938187457344213e+01
-4.191719427724787295e+01,1.342674575433465201e+01
-5.948175221578779315e+01,1.218110975511605609e+01
-4.154484183542341214e+01,9.248494020129836457e+00
-8.303165614358898949e+01,1.383306059664919374e+01
-5.929693983366206567e+01,8.924346626001215199e+00
8.488660227323391894e+01,4.283685240793656135e+01
7.205675035284465935e+01,3.977467746425332251e+01
1.155245075407507045e+02,3.696032340969443197e+01
-1.783522536936544327e+02,4.739904673570936211e+01
-1.406264482233445108e+02,2.396134400489865612e+01
1.549781132159525896e+02,4.514754313464158741e+01
1.691397659616474130e+02,2.146546226966619741e+01
-1.499694471903228532e+02,4.459472572722397388e+01
1.750506871945249827e+02,3.549796028051490993e+01
1.638979901108918966e+02,3.902371996136724874e+01
-4.211519827528740478e+01,3.009055746144494492e+01
-1.188723629830272728e+02,4.219379579355825882e+01
-1.523970908190895841e+02,3.684614582851141051e+01
1.705498287377420752e+02,4.550678492321738133e+01
1.613884915889865965e+02,3.011861164105970801e+01
-1.256152535351272093e+02,5.272728667868860697e+01
-4.947875651221566073e+01,4.570196375699991620e+01
4.093881702569570535e+01,2.780586843956909249e+01
-1.740240921322811687e+02,2.510171647194399114e+01
-8.537085337211873082e+01,3.147563300773320094e+01
-2.651734316704961358e+01,2.133243493157885950e+01
-9.219904861790274708e+01,2.777685573398999352e+01
-8.001866902977513973e+01,2.245340705301601147e+01
-2.816764617164830042e+01,3.699869834066638674e+01
-9.390015655588125298e+01,4.056659690116305939e+01
-4.060846085551399653e+01,3.739838114410377301e+01
-1.189620957391078093e+01,4.432578278378083780e+01
6.300464675329955355e+01,3.104996228479975429e+01
9.504936464286352304e+01,3.628519495758710889e+01
4.276301489617068086e+01,3.767985992180203425e+01
-1.739396475532657291e+02,3.406995368429295468e+01
1.784985886674400604e+02,2.124538816700803423e+01
1.724451733841116265e+02,2.097884391937641979e+01
-1.777038791628382910e+02,2.273137993292526815e+01
-1.616432275783663215e+02,6.687993433625086581e+00
1.337223303887220140e+02,2.335353826171709102e+01
1.199609806531286154e+02,2.337041049741015897e+01
1.675175286933030918e+02,1.485427883165546703e+01
-1.559203203525115100e+02,2.218428203833112633e+01
-1.771701188577351047e+02,2.563857789611015647e+01
-6.482206723162423145e+01,1.659509704806429298e+01
-6.357077957458641748e+01,3.746339238566468310e+01
-7.726805651402573005e+01,2.837275643456629837e+01
-6.520911555057165288e+01,2.445217702756327327e+01
-3.732606539757667719e+01,2.983224057312180832e+01
-6.805237206016562368e+01,2.538418482209509364e+01
-3.147549740768669224e+01,4.276380659356930636e+01
-7.084230375859253570e+01,2.160812454907997093e+01
-7.055667755846052103e+01,2.492341423665065747e+01
-4.890708449753493170e+01,2.403704300483839162e+01
-1.762571447245375396e+02,8.351264848221935821e+00
1.747990270720438559e+02,6.545513901246415855e+00
1.745563383402506190e+02,1.139546779958850209e+01
-1.786816419002558689e+02,2.174135063510261645e+01
-1.566882253917653429e+02,2.152425286531901349e+01
1.327702508367124210e+02,2.291913882151258974e+01
1.758877884318335987e+02,1.317305627965882486e+01
-1.726432710452106392e+02,1.609600648721340832e+01
-1.743462421989741244e+02,1.089924252107014446e+01
1.750528243961814212e+02,4.194314769731909642e+00
1.703187759578725604e+02,2.801344965298849132e+01
-1.666558441235911516e+02,2.437587180220208083e+01
-1.710846321035267010e+02,2.105376469329961253e+01
-1.716497428563553456e+02,2.548321905077625260e+01
1.733827662878622675e+02,2.950976008426653507e+01
-1.671187625455957857e+02,1.257797209997154830e+01
-1.498558982270636477e+02,2.493786343019095852e+01
1.618605224708809374e+02,3.724434125855325561e+01
-1.723813360829690851e+02,1.796381745127923679e+01
-1.576785626841886767e+02,4.003251960001590248e+01
1.755775701977163976e+02,2.388800497566692727e+01
1.625378834211967671e+02,1.604681196439704394e+01
-1.665042449499954671e+02,1.291932273224262318e+01
1.795144541458541028e+02,8.429448945964857387e+00
-1.789813906217938495e+02,1.478183593690262043e+01
-1.532611608008510871e+02,1.508140825814951036e+01
1.679911629515009963e+02,1.148714662168353229e+01
1.668383319362912403e+02,1.112519909531618723e+01
-1.439840601078613531e+02,2.072838642125945796e+01
1.740477612086923784e+02,1.108752162752169923e+01
-1.619210056302033820e+02,2.137350077565315587e+01
1.703145372745167663e+02,9.899581864662225783e+00
1.746391752190500313e+02,1.097978775275935703e+01
1.715504755711484393e+02,1.203311649039414455e+01
-1.763536082292528704e+02,1.283445621931987191e+01
1.782665723404297466e+02,2.065626885305164606e+01
-1.632023715548137091e+02,1.643141284767233046e+01
1.638888825566492073e+02,2.952205089379505765e+01
-1.665376428311224970e+02,1.975902151274462426e+01
1.772444941367605225e+02,2.757365735187130440e+01
-1.709669714828548592e+02,2.768860906638822073e+01
1.646902927385480382e+02,3.068910697123981990e+01
-1.723036901598030397e+02,2.854661456347612614e+01
1.624060719829397499e+02,4.057274072210454108e+01
-1.716427196628704621e+02,3.975365116250821984e+01
-1.353836614533046259e+02,6.130967947131325246e+01
-1.451802058722705624e+02,4.424997238658759358e+01
1.446571922163942361e+02,3.605438739727112107e+01
1.450753825082075537e+02,3.085036057647261742e+01
-1.376773612038809631e+02,3.223977460582555921e+01
-8.956249719108598129e+01,2.602224001564871969e+01
-6.316507720145202143e+01,1.725055660770130572e+01
-8.264269907696191808e+01,1.820946318810828046e+01
-4.715304815358128110e+01,1.881261435974243312e+01
-8.134614283369361942e+01,1.471647988692349429e+01
-6.700089781306041914e+01,2.119837540787928987e+01
-5.714960942600876592e+01,1.724339059598176149e+01
-6.610118254164380858e+01,1.276766020928293877e+01
-7.410836272940413494e+01,1.272720783042445802e+01
-7.366884492962151398e+01,1.154129419445711235e+01
-8.236155563747178121e+01,2.646596792248729457e+01
-3.701944615245188430e+01,1.581239396672706476e+01
-6.007816022767939046e+01,1.919657804364146259e+01
-1.164474242832998385e+02,3.804394872863527866e+01
1.721235968222349584e+02,2.168352055412220736e+01
1.556457091343887100e+02,1.889273255149548447e+01
1.749347593577066675e+02,3.095727213128446920e+01
-1.573680213422360623e+02,3.807955563353755224e+01
-1.769723157905822859e+02,2.766123505044979680e+01
1.737991485581573272e+02,2.575157241470265745e+01
-5.835204627873332583e+01,2.386309944599767974e+01
-7.060168813963569789e+01,2.173883097506998752e+01
-5.567358741764799390e+01,1.986884426549433513e+01
-6.474438395235566190e+01,2.249653785382889026e+01
-5.845423487294934262e+01,1.659636075310814363e+01
-1.191486375848893289e+02,2.486492851605577314e+01
1.375894649820846496e+02,2.609897961505120279e+01
6.783084990643730805e+01,2.655624641827636268e+01
4.884244216500569280e+01,2.717994686260925974e+01
1.203842318327246375e+02,4.091490591622249440e+01
1.746368727181409213e+02,1.913215141609867587e+01
1.780946629557284098e+02,1.512477388140301038e+01
1.750708633203608997e+02,3.870885926966843726e+01
-1.416587388047933018e+02,6.176794333261426573e+01
1.658451831035781083e+02,2.934684892331161521e+01
-1.565148672975968225e+02,2.484034936144992045e+01
1.659626802017945693e+02,1.614654378730424256e+01
1.436278905538621871e+02,4.109871255635844989e+01
-1.610153189635103104e+02,3.004053333997126174e+01
1.561174200085692405e+02,1.823868023210114941e+01
1.745488078268586776e+02,3.038831995317294599e+01
-1.751390781025173453e+02,8.275283483413751640e+00
1.768862551242678194e+02,2.118064727954109827e+01
-1.657261637507488672e+02,1.692671622988164160e+01
-1.568659401190197684e+02,2.919943960508871683e+01
1.408266795802561830e+02,3.596182791796995559e+01
-1.699366233177832441e+02,1.922995486668135356e+01
-1.410455193191003218e+02,2.299906680818435945e+01
1.592028457041574541e+02,2.406316660751756231e+01
-1.620651108859523220e+02,3.445143670447031781e+01
1.742014260752469568e+02,1.460825818346820348e+01
1.783746233695941612e+02,1.804206836489794696e+01
-1.794954506426704768e+02,2.833694450084020389e+01
1.769369912541024803e+02,1.457323689707826198e+01
-1.761781023884677495e+02,1.705580168118365947e+01
1.796659622849615516e+02,9.675616744179730944e+00
1.671734247944790468e+02,2.726377347054113187e+01
-1.719833735008567430e+02,2.158439360803838269e+01
-1.782020525984531787e+02,1.865292663812945761e+01
1.345214018617223530e+02,2.943962680278581701e+01
6.617013356833916760e+01,2.212974990678354104e+01
4.705952753593615512e+01,2.464063009806948656e+01
6.743040222208617251e+01,1.280394268293579429e+01
6.253581549048247723e+01,2.393346257902504703e+01
7.043215272392977511e+01,1.001455380424104646e+01
5.587765531689375820e+01,2.438416320384936853e+01
7.341476270288131900e+01,1.227055391283389163e+01
4.886131204043537934e+01,1.888482777960913594e+01
6.436617550691131839e+01,1.791253331835859797e+01
6.459570031079785224e+01,1.174052471371704698e+01
1.652766963755627216e+02,2.103712257254152007e+01
-1.534572958387139749e+02,1.622621020790816360e+01
1.282479734116067505e+02,3.587138190364230184e+01
2.310298315824275406e+01,2.790995482961029950e+01
-7.727775092022268666e+01,2.017469907737386947e+01
-6.664741662351416096e+01,7.794591709700430471e+00
-6.146179717397581754e+01,2.517473876228532248e+01
-6.989449461881768855e+01,2.070862409239195046e+01
-6.973498669477061185e+01,2.385935352289024181e+01
-6.706270294462542836e+01,1.997501379262479304e+01
1.692395686946462661e+02,2.255522069823759068e+01
1.773277743075282729e+02,2.087098766065862776e+01
-1.795008121837614112e+02,9.828143702487269096e+00
-1.720939748685559039e+02,5.702747825682235927e+00
1.698027440046574270e+02,1.508999958167448519e+01
-1.547406803708846326e+02,2.721652341619986260e+01
1.706827369182905727e+02,1.663279005392191223e+01
1.774057225669818081e+02,1.820983514602772146e+01
-1.548213194316609247e+02,1.094874655814139430e+01
1.542781893929407318e+02,3.073388790291805961e+01
1.731277790517785036e+02,2.368672519553472711e+01
-1.726012844265275987e+02,1.816597146349738878e+01
-1.648123077003261585e+02,1.163724819599626237e+01
1.730163025318496182e+02,1.089683753052865711e+01
1.668432063286218749e+02,1.313497533193591948e+01
-1.554616107088072852e+02,1.127589994015663777e+01
-1.756011181272545230e+02,1.002326395148453209e+01
1.375785605817461033e+02,2.075109475281373861e+01
1.655326673776847883e+02,1.006289518633551339e+01
-1.311338103819306866e+02,2.677619561312263841e+01
-1.672145620034889646e+02,1.946492880059047792e+01
1.706131925161011225e+02,1.775512052671925645e+01
-1.621056326886688339e+02,1.464609983838487217e+01
1.626956640086708319e+02,1.667254847394195494e+01
-1.599465055046080124e+02,8.344469020212576638e+00
1.610911937557619638e+02,1.341927119782655353e+01
-1.691093142166117786e+02,1.411042461738896314e+01
1.752135843023939969e+02,1.979518228279212977e+01
1.770593579962395552e+02,2.728316249036829078e+01
-1.570834060280382118e+02,1.724784079058610686e+01
7.592876926873471177e+01,1.731272965668429720e+01
5.782787767883218066e+01,2.317418097323576021e+01
7.141765450549549143e+01,2.708186949201709481e+01
5.210875739719962496e+01,1.568562857825069656e+01
5.993771569228133700e+01,2.667223148138781497e+01
5.087530906515838325e+01,1.495154153020396137e+01
7.677432123429321109e+01,9.720982059097554639e+00
4.553003674815477808e+01,1.394186765615183177e+01
6.767042142265925975e+01,9.347050411300283912e+00
8.162498659909408616e+01,1.685923801961119040e+01
-3.844210219317863420e+01,4.915612844347135990e+01
-1.053481738982821412e+02,6.316026557687354170e+01
1.683232263503194304e+02,3.815076528550719814e+01
1.408475621342495003e+02,5.383821568810230929e+01
-1.436981088077772029e+02,5.033326538525491856e+01
1.673540565834279903e+02,1.872274317482589368e+01
-1.709137258102010719e+02,3.503749951423307607e+01
-1.799680740232441849e+02,2.537126407677756390e+01
-1.791607687879011053e+02,1.715691018591550687e+01
1.792678084679763515e+02,1.625018882175673340e+01
7.933304138509127768e+01,9.739194638287219874e+00
4.928469021945219453e+01,1.886990863408018626e+01
7.868185553327110426e+01,1.520087953029813299e+01
5.030895148507534742e+01,1.732681648548260966e+01
5.915150371214671310e+01,3.701769169381697111e+01
9.127981424202870642e+01,1.887227982464991527e+01
5.826070054511091456e+01,2.643493261512309189e+01
6.406115301210471102e+01,2.022861160880296083e+01
5.119525482638226777e+01,4.841688018477489663e+01
4.829417459300955784e+01,2.813143917141343664e+01
1.255899557650576668e+02,4.586059226553137336e+01
8.912296938480415065e+01,3.912642206226624353e+01
3.375837813325919257e+01,3.933895520062935702e+01
9.986806795121979974e+01,3.520373174362274682e+01
1.228903750597734330e+02,5.025089570098290181e+01
-1.567336554060360925e+02,4.335061705302940993e+01
1.463595126429524385e+02,6.461347847233335528e+01
1.552134587567190920e+02,4.064491865604406229e+01
-1.790497617189194841e+02,2.893183868348770815e+01
-1.594323425512472170e+02,5.146133239184580077e+01
1.566687861124806034e+02,3.610022063292508676e+01
-1.650527219318418304e+02,3.316765188106730733e+01
1.725963117862535228e+02,2.087643188151919560e+01
-1.793605878703461087e+02,2.543629421878102193e+01
-1.661711091140125234e+02,2.408006919427221959e+01
1.728935893718229693e+02,1.236035392241087827e+01
-1.705725702743202987e+02,1.277879976911066784e+01
-1.798710751654648163e+02,1.813050800749478242e+01
1.745661119314033556e+02,1.623655001635776429e+01
1.725547037105823449e+02,2.905500322076250796e+01
2.797564579673191432e+01,4.390887917007141539e+01
7.525280126922812940e+01,6.644486329307349592e+01
2.261076606525214672e+01,4.238561639829661232e+01
6.453087346120607037e+01,4.978722591937012254e+01
6.027531600197166028e+01,4.424410892499798820e+01
3.892614411925038098e+01,4.896701591514832330e+01
7.357886718600634879e+01,4.704239784935715107e+01
6.790907949891024487e+01,3.716048237907364893e+01
6.566918831949850244e+01,4.232368285210647230e+01
9.995478260858340036e+01,5.215212371027513427e+01
1.789965668521245732e+02,1.017053171151264657e+01
-1.747448561368462094e+02,1.826189200705146476e+01
1.687028378583432300e+02,8.014560592034289499e+00
1.672501213772644633e+02,1.466559325508972300e+01
-1.616788722685883499e+02,8.415581832298210330e+00
1.754871973405273309e+02,1.473383323502533671e+01
-1.749284333184185414e+02,1.291056486050047525e+01
-1.718671026157467736e+02,1.699391162897559582e+01
1.651845320663468897e+02,2.139927296902704512e+01
-1.585154191621647897e+02,9.085641064535805000e+00
1.617763443918057646e+02,6.313305353136437148e+00
-1.581710159799869757e+02,1.409275853425446101e+01
1.659786655811353171e+02,1.936323708721903358e+01
-1.751251820893253068e+02,1.657008887087785709e+01
1.672552615551411179e+02,1.699913293451398388e+01
1.471306166551397610e+02,2.200072541594524012e+01
-1.434062577751569449e+02,2.215852606206104269e+01
1.764117316094983892e+02,1.662023999291800180e+01
1.639819074629042177e+02,1.352079750353560250e+01
-1.724985410482322266e+02,2.182912239265886356e+01
-1.765835623701362067e+02,7.514160803776533726e+00
-1.754459342770057333e+02,1.907015387404277007e+01
-1.796873722218838338e+02,7.069177670297840166e+00
1.698791472081662732e+02,1.620011855816617796e+01
-1.700510479143373175e+02,1.173827926396196197e+01
1.639043898391776395e+02,1.792629917258830119e+01
-1.760680876005171456e+02,2.593331233908502043e+01
-1.716533527890345283e+02,1.272080450053094225e+01
1.622252654297347192e+02,3.213115382726612523e+01
-1.743281660310222492e+02,1.988633393244178293e+01
1.742483986496252726e+02,1.909033329521128408e+01
1.666217608087972621e+02,1.630746382365636293e+01
-1.699406040702004361e+02,1.444485278055195288e+01
1.733416687629015769e+02,1.807334681624531214e+01
1.788336497133838634e+02,1.386646813600793138e+01
-1.776550507576277198e+02,1.392222798538084483e+01
-1.796362393004841920e+02,2.063777949795226974e+01
-1.730016822417976243e+02,2.270494206255233394e+01
1.707950334586863619e+02,2.084248574857110725e+01
1.798141426337680002e+02,1.387768664963148879e+01
1.687086572165233918e+02,2.880857412332101575e+00
-1.514701677175657153e+02,9.235162005619725889e+00
1.661935953897117315e+02,1.277922356359145084e+01
-1.798943540787075790e+02,6.339057555777531050e+00
1.748347340091794422e+02,1.555649321335873836e+01
-1.702242815192913099e+02,2.247667652611313471e+01
1.579878227066570275e+02,2.334385314279641221e+01
-1.668249937940786651e+02,1.530908378982767459e+01
1.582919122476591554e+02,1.550527443482629941e+01
-1.633715470686196909e+02,3.430413491907954437e+01
1.671197976676605776e+02,3.010375286129098527e+01
-1.742692173224870942e+02,2.911835072950162839e+01
1.779469269987266671e+02,1.960464840239690076e+01
-1.657725359339480349e+02,2.947925203692557972e+01
-1.672898718198896688e+02,4.098625255997026784e+01
-1.744342424124095317e+02,3.295914155849110472e+01
1.703067636250455621e+02,3.021560106161047798e+01
-1.779917802516355891e+02,2.657415698861057507e+01
1.700148784459777573e+02,1.211749992137384524e+01
-1.703440606409670863e+02,2.620288035607444499e+01
1.698710698983743441e+02,1.793306695193612654e+01
-1.562666173284986826e+02,2.704118774398464708e+01
1.755081848535280642e+02,2.084881508997541033e+01
1.693563221659058797e+02,1.228243078223883344e+01
-1.628772500325752901e+02,2.242278005132957475e+01
-1.749594691632144361e+02,1.980687319266462154e+01
1.672602789706597264e+02,4.782943283282400415e+01
1.728113444172035997e+02,4.149972001669119948e+01
-1.501716255986045496e+02,3.250665294068965494e+01
1.692551092464617852e+02,2.803918761379481950e+01
1.491238663767544779e+02,1.923127610289205691e+01
-1.672600125258214234e+02,2.504768651502210020e+01
-1.191425418972913377e+02,3.184434424655632512e+01
1.752936046585633676e+02,2.217927144798762029e+01
1.411583135596357295e+02,2.591713837772126539e+01
-1.635556719164415824e+02,2.026438254885074031e+01
-1.612554564190314181e+02,1.512875203776511768e+01
1.525723664377163118e+02,1.738546907550590603e+01
1.574744008122790433e+02,2.889374551980181138e+01
-1.503660805780521628e+02,3.210881008408740200e+01
1.287528162784741426e+02,3.055392841883916333e+01
9.996129320569757226e+01,3.710413452895527087e+01
6.330420058301269393e+01,4.197284704610913764e+01
5.681684339304243991e+01,3.962213403582461524e+01
3.688774810017964967e+01,3.886424978269571540e+01
6.633427367905737526e+01,2.716166409814572091e+01
6.455424328737018413e+01,2.472285106769204077e+01
8.194988399718207006e+01,2.795976164886681659e+01
6.144446281403580201e+01,2.814530587484346924e+01
7.348381374014273604e+01,3.995345923444809699e+01
-4.726854191385429971e+01,3.663433465282591328e+01
-1.007920267510048689e+02,2.984734653909575286e+01
-1.762816417285990838e+02,1.261364212743175095e+01
9.092870494385662994e+01,1.733785310850209171e+01
5.542038325321465209e+01,2.169745251074909476e+01
5.740480684141802925e+01,1.290348389804196927e+01
4.119957033466786100e+01,2.498143889415327834e+01
7.163782975401103670e+01,1.192869832972879074e+01
6.696637657353619488e+01,1.102655600597586627e+01
4.975468811606670982e+01,1.386087190194748864e+01
1.712691980439421116e+02,2.934637410708122474e+01
1.427943904057673308e+02,2.900074716344271408e+01
-1.575440117813341203e+02,2.352190226579611476e+01
-1.645755032943845038e+02,2.429422791658588920e+01
1.494214309067482134e+02,4.004787836973733306e+01
1.776948126436128632e+02,2.322188943686019158e+01
-1.605809363934245084e+02,3.628074482330826100e+01
1.675273817123056688e+02,2.415734954791764721e+01
1.693913751332059974e+02,3.446452021657439957e+01
-1.596058083097647398e+02,1.715429984081433901e+01
-6.013270723334181866e+01,3.549338784278837977e+01
-9.887193271362677649e+01,4.658761807584266990e+01
-4.915079807157835745e+01,3.119639904379427975e+01
-8.103777441269841120e+01,3.741534373318204132e+01
-8.001326873243814930e+01,3.512665067048703804e+01
-4.942327695114113340e+01,3.222469903583332496e+01
-1.348793840338216228e+02,2.936159243163398713e+01
1.428070046528797832e+02,3.833188660961643990e+01
1.013840658890207038e+02,3.358146296348579085e+01
7.643794203237217744e+01,3.377055233010209179e+01
-1.749773806521426138e+02,1.235385481949867703e+01
1.680213296216629715e+02,2.598152517950774509e+01
1.781074126539216991e+02,9.317505937884593692e+00
-1.791024326035984302e+02,2.069442260846980020e+01
1.773476921873394758e+02,2.183540125756849548e+01
-1.713000251697997669e+02,2.033072111653027036e+01
1.727424334015794614e+02,2.111859125400633985e+01
1.780933335953291703e+02,1.113003747880368444e+01
-1.637894237181494645e+02,1.543083243428299056e+01
1.703466752133619480e+02,2.706970128773029316e+01
-1.699154126352675576e+02,1.074507869897478329e+01
-1.764300252983986184e+02,2.491244431004024307e+01
1.562720057116821124e+02,1.245361942520715104e+01
-1.728366383118403462e+02,2.390812719212842197e+01
1.708848909991122582e+02,1.026927927417166941e+01
-1.779391939209788234e+02,1.782978326092993981e+01
-1.779440484067060027e+02,1.808671291905597656e+01
-5.304171558566599032e+01,2.404977582186657870e+01
-4.184982191835410248e+01,4.502398521602793124e+01
-1.193086398451203962e+02,3.141279488967445133e+01
1.763145129294452431e+02,1.169052951684994923e+01
-1.782940434819063000e+02,1.903155069387759113e+01
-1.682296761662443600e+02,2.589846525656366083e+01
1.778788278109985583e+02,1.772632708674854740e+01
1.740078775954071659e+02,3.691462001314680208e+01
-1.753912052373325707e+02,1.509143657398284866e+01
-1.741586812258034342e+02,4.510265292243335011e+01
1.472680564903979814e+02,2.526635898915259304e+01
1.754551279912874975e+02,2.217916637774669653e+01
-1.458132126194020373e+02,2.441746844108310199e+01
-4.681401347258636747e+01,2.198083817350828184e+01
-6.179394732834628456e+01,4.171828547505610629e+01
-5.359956652775226615e+01,2.001938581044107579e+01
-4.635559852745792853e+01,2.167115914457027515e+01
-5.596639408064501708e+01,1.424991210818406984e+01
-5.245651816403571388e+01,1.907961877654582850e+01
-6.708086955196230861e+01,2.431529787736509363e+01
-8.415866708560291443e+01,1.942225383717101295e+01
-6.924068065292337337e+01,2.293932029370984083e+01
-4.432045893071863674e+01,2.021549772255892918e+01
1.711912493197785636e+02,2.017642872643072849e+01
-1.779346446826622525e+02,1.602187780185352750e+01
1.699616702848168188e+02,1.252587826701850915e+01
1.756268749923761732e+02,2.237311918079256046e+01
-1.753075328346181152e+02,1.129736893623066507e+01
-1.658631499199051405e+02,1.342883103699468883e+01
1.724489262098925906e+02,3.816527858328524303e+01
1.776588148926592510e+02,1.321531626007020499e+01
-1.600268387112744506e+02,2.940445973921513456e+01
1.690639111545476396e+02,1.412407576620015348e+01
-1.795068914354257572e+02,1.217517834160061163e+01
1.740188536564483570e+02,2.297517031274156452e+01
-1.741950136066040784e+02,2.503674251344059698e+01
1.576619749868935969e+02,1.917657657375423241e+01
1.748370311500333969e+02,3.659256350299803273e+01
1.737778151750737266e+02,1.757757131039468490e+01
-1.687401517282372083e+02,1.247024593518404600e+01
1.737093446695509158e+02,9.158170895501518416e+00
-1.526248549759672244e+02,1.957532636123879755e+01
-1.723207118114997627e+02,3.510627372974593641e+01
1.675885737859375411e+02,1.226725749330384829e+01
1.726372170912389947e+02,1.658607063438164175e+01
-1.450182872176416424e+02,3.798867281396717033e+01
1.577647218346594968e+02,3.971468188187202486e+01
1.036445781959901353e+02,4.850484466582197030e+01
4.647858756426462179e+01,3.662050705538646866e+01
4.531821848351132331e+01,2.618986893977120900e+01
1.119423433351717136e+02,3.786653808806118349e+01
1.418945710363581156e+02,5.043362747836239635e+01
-1.249770542101520334e+02,4.722184908392889469e+01
-4.187435295717298800e+01,2.968734017590480789e+01
-7.259091730559336497e+01,4.890604313082244659e+01
-8.730037809445214236e+01,2.932976536690055980e+01
-4.694036107426935445e+01,5.278597202090497831e+01
-7.479270669780697744e+01,8.469739355966275696e+00
-6.754561184830428999e+01,2.831698767134388106e+01
-5.403021851558918343e+01,2.663694848549391736e+01
-6.639305890728533655e+01,3.432729767464972781e+01
-6.995204465255565651e+01,3.879258979106946015e+01
-6.505442139726282846e+01,4.968063504469678549e+01
-1.444235733484654247e+02,3.483214267549816157e+01
1.724334116351284649e+02,2.435901395599672270e+01
1.649975720201677518e+02,2.819777986489756216e+01
1.794053542038320757e+02,2.233456898374436861e+01
1.745342128954608825e+02,6.833413429694533470e+00
1.724090105996041302e+02,2.121220210409678231e+01
-1.712087579399506865e+02,1.395509886625785612e+01
-1.782946950604309109e+02,1.011745892541727265e+01
1.527329306484757012e+02,1.084353714113664147e+01
-1.711600243087602564e+02,1.192401511591837959e+01
-1.554076580460772163e+02,1.951272537450137889e+01
1.656957945385376831e+02,2.773646160547179207e+01
-1.732720822994000969e+02,2.512826361109454254e+01
1.790879410470053301e+02,2.035116389523692604e+01
1.623808177110848305e+02,3.262344577806622681e+01
-1.757546812286744853e+02,3.051663382526814772e+01
-1.668120042402690615e+02,1.550538395046644702e+01
1.733777696412515752e+02,2.230679328542155559e+01
-1.501621719616912003e+02,1.111912517486615748e+01
1.624129128244557307e+02,2.235083916989049868e+01
-7.194738574073817006e+01,2.802715391900564867e+01
-6.680492124597124359e+01,2.242874568038314465e+01
-6.342263257058716874e+01,2.704944040886409340e+01
-7.278229092683652368e+01,1.856410578370833164e+01
-7.043218895710681693e+01,2.172417288140702141e+01
-5.826685277891944281e+01,2.227716918120524525e+01
-5.785500469988103589e+01,1.520783129758273944e+01
-7.665516736839468592e+01,1.487596619032079914e+01
-6.095855482846816642e+01,8.886265483914634444e+00
-5.865515953524130310e+01,1.655626850972387842e+01
-1.557402777465269139e+02,1.648416558016462119e+01
-1.448089988674259985e+02,4.409952293832220249e+01
1.584707290895172491e+02,2.562658998609903449e+01
1.767552480833298318e+02,5.594919402115802143e+01
-1.416773011347858926e+02,4.533960342204144212e+01
1.784866367874583091e+02,4.657358840938982070e+01
1.230165985081147397e+02,4.398882889994716550e+01
-1.788292043599811620e+02,3.138227058552796223e+01
-1.605694884232031256e+02,4.076172121233857126e+01
1.759826417538802161e+02,2.341856763317494838e+01
1.628377810928868143e+02,1.210887838367815661e+01
-1.691638281265301487e+02,1.104273954082274756e+01
1.731053904302381454e+02,2.966766780611049015e+01
1.788535032232700814e+02,3.231692029027669122e+01
-1.740609802115668003e+02,2.216983084455282338e+01
1.758473009298880925e+02,1.358657777283066892e+01
1.725882149288262326e+02,6.042874572493418306e+00
-1.761158116013694155e+02,7.698422871306958015e+00
1.765515315057438386e+02,1.199601482446237988e+01
-1.785037071437962481e+02,1.213304065279466215e+01
-5.851942609474132695e+01,1.652217258380224862e+01
-6.079650710701726979e+01,1.516210731980779158e+01
-5.535157743033558830e+01,1.231776563337024299e+01
-5.754713099346508898e+01,1.095332668013787192e+01
-6.286995299314568797e+01,1.681628669384247843e+01
-5.675906569008664349e+01,1.393525138973228295e+01
-5.867170132369082580e+01,1.516674471766622645e+01
-5.907559555595592116e+01,1.307367232750545583e+01
-5.199587179920729341e+01,1.951604847890699546e+01
-8.333971176343764853e+01,2.778332483161801036e+01
-1.655470304605686636e+02,2.905063133617798954e+01
1.733351371687571145e+02,2.957948181636643881e+01
1.659302607770492841e+02,1.494095873163822574e+01
-1.594715382259040837e+02,1.557066294411221818e+01
-1.782725115234490545e+02,1.352670877362911028e+01
1.589215226504194334e+02,1.763346474415057230e+01
-1.714172660523635727e+02,2.641013165969379983e+01
-1.797603757512142408e+02,2.037782810287671964e+01
1.699683317574353225e+02,1.063729362541739576e+01
-1.715499853357078734e+02,2.054115747341848675e+01
-4.925007466493791242e+01,2.257472824082733709e+01
-7.817651562612371663e+01,1.862601813059700717e+01
-5.660420000167877674e+01,2.606048650079029727e+01
-8.861154432357767519e+01,2.188564061896303059e+01
-8.239052325043425640e+01,1.813374151108892818e+01
-4.448569326934807577e+01,3.222555773843913585e+01
-9.120127893592433566e+01,2.625502264950528541e+01
-5.448854751150645370e+01,3.703065173987816650e+01
-6.722502305661565458e+01,4.087506733400990555e+01
-8.322542558139120672e+01,3.242022699615796455e+01
-6.859757393277993742e+01,2.926890773184147321e+01
-3.117512973333736070e+01,1.846091859960805692e+01
-2.654516591677781534e+01,1.621365039825485255e+01
-7.033522490467436228e+01,1.774022556248530691e+01
-4.797996738605440470e+01,1.555591801804564867e+01
-8.306767673230268656e+01,1.313411107944694933e+01
-6.943661825083495387e+01,1.720755986120767034e+01
-7.965146454464017722e+01,2.395721977407271552e+01
-7.260982708846263733e+01,1.305515927295473944e+01
-4.935073807421726855e+01,2.038890901199976824e+01
1.704884009957324622e+02,1.480376930543756586e+01
1.759808632343530235e+02,1.291884757025750829e+01
-1.624510342418240612e+02,2.068408120391624294e+01
1.629262201188345500e+02,1.549397815933622624e+01
-1.587402456868088052e+02,1.564600131073702727e+01
1.690461425275957481e+02,9.763670093535646188e+00
1.588240655841984790e+02,2.301092880929835260e+01
-1.732158280991343986e+02,2.297638736375282065e+01
1.763699969806646095e+02,2.155469500560721485e+01
-1.648323547440304537e+02,2.486696972869980016e+01
1.766560854703538155e+02,1.829328333493916148e+01
1.786940343867501326e+02,1.938488055986503511e+01
-1.682985870016362355e+02,2.738428899208262735e+01
1.652009463055813683e+02,2.378196234178330926e+01
-1.566929518579126182e+02,2.070996824308279827e+01
1.671391960702217148e+02,2.764425483615770673e+01
1.561531932755737557e+02,2.413286377695771634e+01
-1.535637144660956039e+02,3.183762068447339288e+01
1.043319254028107963e+02,3.318832742603835584e+01
4.104903674114757450e+01,4.771635513243491289e+01
-1.472139090401735473e+02,2.822835672165558663e+01
1.553242511457626165e+02,4.766328855821353017e+01
1.781663981117331446e+02,4.180976227361080078e+01
-1.503225301360077992e+02,2.714621240609079678e+01
1.770923720347958010e+02,2.989840507519278390e+01
-1.580514092282388674e+02,3.891188239201296994e+01
-1.692338446638595997e+02,2.316768855732284749e+01
1.592748028640839948e+02,3.033589561109445754e+01
-1.593794174863890021e+02,2.348027719564833404e+01
-1.611591974394690112e+02,3.248568567625882508e+01
8.054062611184185982e+01,2.487126136988970515e+01
2.734633554304163994e+01,2.614615336429008252e+01
7.720942545774019550e+01,2.764560178720678607e+01
1.552090561218919902e+02,3.667175760185008926e+01
-1.378446750954659308e+02,4.063710915883599739e+01
-1.501311808756415758e+02,1.981613338444222450e+01
1.510114865865015190e+02,1.572118003698733091e+01
-1.766159590101004540e+02,2.686815829051699467e+01
-1.758355717130787639e+02,2.210898034333906637e+01
1.570655946129650147e+02,1.671423323240826875e+01
1.273543622689343096e+02,2.957838738471656370e+01
1.346121709502324038e+01,5.550285785874016398e+01
-1.321866067768550579e+02,4.924631925227154738e+01
4.945040076936722073e+01,1.708727704502146594e+01
2.217689567225015423e+01,3.274079433712462617e+01
1.414025045334755077e+02,3.579235918216329537e+01
-1.095249772907632320e+02,2.666061259097550007e+01
-1.923411511277190300e+01,5.461740268389344521e+01
-1.334146979623469633e+02,2.688454622755026691e+01
1.243211211669025431e+02,3.920005236832086837e+01
1.595269022600546123e+02,1.994053422045390889e+01
-1.682324019258419696e+02,1.701402433280713922e+01
1.760694171212321635e+02,1.606596050398300335e+01
1.734784785213224723e+02,3.056962963978824988e+01
-1.754237359757002537e+02,4.717181665656211464e+01
1.748594384663398102e+02,2.815100094062026770e+01
1.640998127210718280e+02,1.344047173562348618e+01
-1.680587448160565032e+02,1.892917885374198050e+01
-1.772642908496871996e+02,3.048348551961391451e+01
1.580187699607727723e+02,3.385544273008200378e+01
-1.655235041599152055e+02,3.950693765588239614e+01
1.617309881765795581e+02,3.103406636010292985e+01
-1.613519187798433165e+02,2.264247175104024024e+01
1.616722949588171616e+02,2.414420778535638590e+01
-1.636723823986718287e+02,2.588708158093810141e+01
1.779111082274218916e+02,1.611143311511650111e+01
-1.785533688703943938e+02,1.562007564269459792e+01
1.673203217588770144e+02,1.926974616956506736e+01
-1.612221168892235141e+02,3.525192946099738833e+01
1.472307568423657358e+02,2.744288260940118462e+01
1.714493501155933757e+02,1.699326177300126517e+01
-1.660471749927547478e+02,1.993700782229014123e+01
-1.735196226751226050e+02,1.148750028553874536e+01
1.689709274862355528e+02,1.779511425368753663e+01
-1.590034057419694591e+02,3.052422468248142451e+01
-1.621356916384521298e+02,2.519353248991620120e+01
1.565764450244873274e+02,3.001595508426033021e+01
1.589462514700532552e+02,2.419447396909899339e+01
-1.426645601624065591e+02,4.052905840896170275e+01
1.721464270750220464e+02,1.731438342193559521e+01
1.036352817731273461e+02,3.495587222512159542e+01
4.379046218310010374e+01,2.324062542167481382e+01
6.276613241369931728e+01,3.324716173652688411e+01
6.129132113763456857e+01,2.950231464737716891e+01
8.865066211649158845e+01,3.056840097417563840e+01
3.176730237820975233e+01,3.240898432102819982e+01
9.765422184985879994e+01,3.794772010992615918e+01
1.550379296521489891e+02,4.572542532113743619e+01
-1.386046719136876675e+02,3.593194483272893791e+01
-1.731981326766735378e+02,4.011068302331580782e+01
7.759982246160879527e+01,1.387149869019996551e+01
6.661715094934686476e+01,2.797934326751136780e+01
6.930759724836345015e+01,2.314034159200389951e+01
7.379340150794398312e+01,1.967195467790384100e+01
6.028492698794769922e+01,5.188098218894154456e+01
7.006704562045797502e+01,2.983005262143252168e+01
6.921271916775729949e+01,3.913731506363470203e+01
5.369924180613541154e+01,4.822268480786553368e+01
1.154531589236005686e+02,4.158155593417153995e+01
-1.647461575069237085e+02,2.870508850982096050e+01
1.703885114425230825e+02,2.259242877392825477e+01
-1.749543066070741872e+02,3.696239190879708048e+01
-1.795430321229130186e+02,2.113159425793091373e+01
1.389305426805882462e+02,4.058864094744043882e+01
-1.717157981694078046e+02,1.947278059900616398e+01
-1.753230154880282896e+02,3.219694302727283031e+01
1.582673157507452402e+02,3.036870008038796698e+01
-1.574203168349154112e+02,3.120655723525298342e+01
1.768356662441189542e+02,4.525190668148115947e+01
1.799215814384206453e+02,2.426160031222569557e+01
-1.588962237058416633e+02,1.967102081145184300e+01
1.702711289261906416e+02,1.390286652597348294e+01
-1.768358738891114399e+02,2.402592692352788006e+01
-1.748256831414844612e+02,1.359369220512679810e+01
-1.747497543831811129e+02,2.166353859895450995e+01
1.734161870098785130e+02,1.727159919923275666e+01
1.709178867882907582e+02,1.218351305313976773e+01
-1.552292603343877317e+02,1.512679098323916094e+01
1.635255580288032036e+02,1.265363745987404265e+01
-1.716573157443128821e+02,1.872071834917785083e+01
-1.687165776087669542e+02,2.794053411167674739e+01
-1.770316385762386631e+02,2.596598625201838217e+01
1.625206922461193813e+02,4.323659619917189900e+01
-1.758749648734095103e+02,2.155520692862663168e+01
-1.682899093455472439e+02,9.002330217008925217e+00
1.722558112699044557e+02,1.962567012051304971e+01
1.784414730632793464e+02,2.951893583044421732e+01
1.730280172211650438e+02,2.987873818526482950e+01
-1.730518928069853928e+02,2.135676050975975215e+01
-1.684136998476533904e+02,2.117443598071744049e+01
-4.862847268448804883e+00,4.118691069270539629e+01
-1.007481695437297020e+02,1.977959555058223629e+01
1.535480434405176311e+02,2.124260080727253097e+01
1.557670658520952998e+02,3.437125372800462486e+01
-1.511599189496837994e+02,3.062933246281788513e+01
1.474973489995435330e+02,2.377930138529301729e+01
1.621136542606527087e+02,2.589250829338076798e+01
-1.476242733593209664e+02,3.701805578579178757e+01
1.669767682684086765e+02,2.766522433388861302e+01
1.642640171596522123e+02,1.834409481156155408e+01
-7.384890904624649011e+01,1.183364988319585898e+01
6.705983792155582535e+01,3.615124184759257986e+01
6.647729258410379316e+01,1.550272375109951639e+01
-8.568031485876738884e+01,3.455661362850693763e+01
-4.499701806737896703e+01,3.027861074737550240e+01
8.828682838947025857e+01,2.236093379512519874e+01
8.669510069560374177e+01,2.469867592048479210e+01
-3.787308075454417633e+01,4.467758427731622817e+01
-8.456260985451297074e+01,3.245115724935671864e+01
-4.278208298807044230e+01,4.230851593327946603e+01
-1.671695035426338052e+02,2.202798941767776597e+01
-1.641586664715924258e+02,1.890200693264091214e+01
1.638773601210683637e+02,2.074222908801047538e+01
1.790499657459405398e+02,2.022145185042751336e+01
-1.508617750644357329e+02,1.465353815973661256e+01
-1.777603966254981742e+02,3.268991537985974105e+01
1.176188192256434633e+02,4.027720030851741484e+01
7.598438398095609614e+01,3.057558926198885985e+01
7.552674795131360952e+01,2.452003865406584993e+01
4.902836083714463911e+01,2.592889434753687539e+01
-1.055527910950651176e+02,2.079145817100925697e+01
-5.030680802835811960e+01,3.435960575451120036e+01
-7.202773081749944595e+01,1.090717618071055384e+01
-1.034566115302124132e+02,2.459154364320367847e+01
-3.912670877574336004e+01,2.047481622447600103e+01
-5.581159126957865624e+01,2.152368419504109198e+01
-9.259976907894802878e+01,2.302333621441513856e+01
-4.293273443679634482e+01,1.575892467977639200e+01
-5.244511933632168166e+01,1.642024305652366678e+01
-8.744571862264132278e+01,2.556386829884203493e+01
8.596946816555310988e+01,1.369968590897751604e+01
6.200385602388428907e+01,3.204035032335114153e+01
9.863496997789293630e+01,2.154796537325118777e+01
7.545273563813042017e+01,1.419186789111718738e+01
-6.228091208884547925e+00,3.757891783922075035e+01
-9.098786221517302408e+01,2.201132327120185295e+01
-1.016002249482745725e+02,3.500704624441959822e+01
-2.692969496185050460e+01,2.828383593144873842e+01
5.093544558800657995e+01,2.376266298101167251e+01
9.732790410686313010e+01,3.259212825866173091e+01
8.376257475452942458e+01,3.006497891330869621e+01
6.379718842181489435e+01,2.808393773941617155e+01
8.375821726341398232e+01,4.314552795228934201e+01
7.572703854883719998e+01,3.446188249824034244e+01
6.895991833360710643e+01,2.045021762457712100e+01
5.513331568866805554e+01,3.229150435387890639e+01
1.119036722164535149e+02,3.215991850837408350e+01
-1.482366066150686095e+02,3.103759707977588178e+01
-4.759860270120357484e+01,3.122032560244153387e+01
-7.500131173706863308e+01,2.265570358464050216e+01
-1.765712750753754108e+02,3.877973766140454082e+00
-1.778350859878969743e+02,1.809080676683519684e+01
-1.784599564176728848e+02,1.756433664666334238e+01
-1.664743516881911489e+02,1.099300072709676712e+01
1.555120904462837359e+02,1.520697366319671318e+01
-1.657345469528891897e+02,1.436506027804762908e+01
1.754587170852854285e+02,2.099970127326808367e+01
1.750518039701910027e+02,1.957914786990154354e+01
1.473847523869593772e+02,3.905973394402454346e+01
-1.531332917616631732e+02,2.487843588538647310e+01
-8.368061198008786050e+01,3.730616978828580699e+01
-9.718536147976423933e+01,4.857129027699166102e+01
-5.205144092326476368e+01,2.297324770239044156e+01
-6.398371766254444282e+01,3.565419325897495639e+01
-8.562240296198172018e+01,4.758151085675800118e+01
-4.197229167112941894e+01,3.405796300648658814e+01
-7.117469777827093935e+01,4.489255869203687155e+01
-7.784992156808716857e+01,4.184172946987653319e+01
-6.889180003350881520e+01,3.224047716118292328e+01
-6.334674512535061552e+01,2.822892142758551159e+01
1.757485860393274493e+02,1.440033157921614304e+01
-1.766489280641908977e+02,2.007980825903649702e+01
1.714155072721709132e+02,3.176323360120978379e+01
1.705674023440313363e+02,3.394208375611886197e+01
-1.552747939664982084e+02,3.469915541279422655e+01
1.780311689598659086e+02,3.335158442833750314e+01
1.790018129760423733e+02,1.753293414304531694e+01
-1.646774906670714813e+02,3.835114685454242789e+01
1.564926130810577831e+02,3.360979177109279448e+01
-1.754587660348366001e+02,2.658412669732489775e+01
1.775832816201135245e+02,2.354170965145510053e+01
1.541007083573867362e+02,3.506560863694292607e+01
-1.755162290507511784e+02,3.744310310291569266e+01
-1.761659350381487457e+02,3.861201042791703486e+01
1.591534242462141435e+02,3.408275069192453799e+01
1.715827969033273348e+02,2.718267872970449872e+01
-1.685433845183582662e+02,1.678816108828137743e+01
1.695952569228814752e+02,1.276113610094103556e+01
-1.668962350711547060e+02,1.378232388733261260e+01
1.659990341743018121e+02,7.309518520948465437e+00
1.705026204683902620e+02,1.159067379064454784e+01
-1.547635491028426600e+02,2.198451449722289652e+01
1.604034734129432707e+02,1.489697778983349430e+01
-1.729234791518115628e+02,9.816211910180774325e+00
-1.666443080194666209e+02,1.182205217166589506e+01
1.568034387138050647e+02,1.222867162582082656e+01
-1.757152975738884777e+02,9.217520391292474358e+00
-1.694460675840855686e+02,1.630807654841182242e+01
1.690218913893283741e+02,1.759338975199435140e+01
-1.701930723436077244e+02,2.484572330414407304e+01
-1.380530153435014427e+02,3.507585678910980675e+01
1.521898954851158408e+02,2.016401819772023885e+01
1.057651428326432494e+02,3.365714965725136665e+01
5.885256470241731108e+01,3.123705158663778647e+01
7.878776758754858633e+01,3.926958285226353951e+01
6.187630684116879820e+01,3.454879500842110929e+01
5.968891620871344372e+01,3.293332154015633506e+01
7.604491285234733766e+01,5.281668240419364935e+01
6.185491610479989077e+01,2.626687911762664385e+01
8.189511034434136150e+01,3.342434716264918393e+01
1.012572624438937083e+02,1.737576417509003335e+01
-1.601971173946916167e+02,1.885122033318995349e+01
-1.725987863165058513e+02,5.516414134394702273e+01
-1.586723393512387474e+02,3.347343833271331448e+01
1.436959183920665168e+02,2.609945029133096739e+01
1.321215978265241517e+02,3.541208124644823130e+01
-1.472670148967812622e+02,3.721966073794626340e+01
-1.651655366147867312e+02,2.407786425310066747e+01
1.353711801071641787e+02,3.120289777596845937e+01
-1.274018889038596143e+02,2.062012610514800315e+01
-3.553481086788242749e+01,2.773706340624897848e+01
-6.046371478792610787e+01,8.779939011647387659e+00
-1.024087110716829159e+02,4.414756392880416769e+01
-2.742051241122528893e+01,1.767603194609090522e+01
-6.541500044887158083e+01,5.510701979908245107e+01
-1.030928210573840857e+02,3.694264041748721183e+01
-6.517464455249101718e+01,1.232503371050688123e+01
-4.884084735067408189e+01,4.256662989947045617e+01
-1.023389155169187319e+02,2.957101581157776593e+01
-4.398102955876090192e+01,3.244263077673102913e+01
7.073803925673151127e+01,2.804477136188593889e+01
4.957742229766104458e+01,2.640710273557989396e+01
7.011528231176914971e+01,3.000874757122251424e+01
6.277811150068433932e+01,1.723239394400953017e+01
5.465108927063552358e+01,2.118506288837660634e+01
7.881489919770551467e+01,2.738562730635657871e+01
5.645992338691897316e+01,3.315855778755781103e+01
6.905300182226679340e+01,3.489348427295362853e+01
1.203640441619908898e+02,3.699696470324911957e+01
-1.550292927543206645e+02,2.051050365153329835e+01
1.772623045012750822e+02,2.848030514201546737e+01
-1.368360197857801950e+02,6.191304112453224207e+01
-1.791190511344963738e+02,2.312838248342187342e+01
1.355371938049799212e+02,5.328975290454918934e+01
-1.762278854963054471e+02,4.169599497661813814e+01
-1.688993447714283604e+02,3.596046999855926174e+01
1.694309965680207313e+02,4.359911273504801699e+01
1.598511526885255876e+02,3.254529128911558189e+01
-1.761114491619265721e+02,2.669148185916226979e+01
1.651614556551629960e+02,2.441429073635301705e+01
4.350546970379142664e+01,3.342294173266613200e+01
9.078083047152387053e+01,3.830915276057130114e+01
1.025486404091159756e+02,4.109938434349589187e+01
6.035477204032920184e+01,2.495101437503802799e+01
6.079687057921682936e+01,1.386341971804199247e+01
8.470153665132268372e+01,2.973544026972529153e+01
7.570669130772697031e+01,3.086744088842853628e+01
7.452523607684427986e+01,3.567594329050470492e+01
6.021702777137198126e+01,3.026381730366087552e+01
9.013610767895174547e+01,1.662304827962780251e+01
-2.915060619555744026e+01,1.477041401653062991e+01
-5.672728363142237384e+01,2.369191228658064574e+01
-1.247995426638035639e+02,2.444498382222116106e+01
1.554051430586052902e+02,2.083510155458420599e+01
1.455653374812402205e+02,4.877677071118370122e+01
-1.449857968390147391e+02,4.365287135322164147e+01
-1.537746033259563205e+02,1.698323808806753021e+01
1.433803678456152682e+02,3.100101388683315307e+01
1.774274142875447637e+02,2.696797465434951135e+01
-1.256334817648652091e+02,3.203262272632679242e+01
-5.937802433164219451e+01,1.917591831360098809e+01
-6.810480143175311696e+01,1.879117695375996888e+01
-7.357980375476269330e+01,9.285330606224462713e+00
-4.461823574955612770e+01,1.208459569342701201e+01
-6.077667173342326379e+01,1.554944706190730130e+01
-4.800033388984245164e+01,1.462774321332877925e+01
-7.687879509555767754e+01,6.725234526089305831e+00
-6.959644563698361708e+01,6.749162542022076217e+00
-6.497809047935837157e+01,7.158799190613121866e+00
-6.381822466149003503e+01,1.161224015987612468e+01
8.593467007665941537e+01,2.159475869691634387e+01
4.807064112056354332e+01,2.899976135067867844e+01
7.701160315369156706e+01,3.256851567054287955e+01
4.527004136391008871e+01,2.866357616053674917e+01
9.960747250992477575e+01,3.547521788671362231e+01
4.679175434103832742e+01,3.275855928217251289e+01
7.758575768782158377e+01,3.481926379578023756e+01
5.434060985912374520e+01,2.553170824021692553e+01
9.188486238001189577e+01,2.952176423794913518e+01
4.085822603486575133e+01,3.599817046273720678e+01
-1.742617109962799304e+02,2.452474218616533719e+01
1.463309528684892200e+02,2.785614505916404937e+01
1.632787646414015796e+02,2.644069463018225363e+01
-1.305955056722593213e+02,3.062702570924761858e+01
-9.275139436449721586e+01,2.517569548690614312e+01
-3.571322414604270534e+01,3.200099352946115516e+01
-7.406719190826719057e+01,2.061920827883961493e+01
-6.731239341259126263e+01,3.075504633786986375e+01
-7.566034568770571411e+01,4.259442816221723405e+01
-6.471959929038327175e+01,8.506880292579342751e+00
-7.866073578277212164e+01,3.440063918192510073e+01
-5.665007668188886214e+01,4.208732943485424016e+01
-6.229384012556146644e+01,4.758537960163180003e+01
-8.284644326924917834e+01,3.730829022614587132e+01
-4.474669976511243163e+01,4.193779030240209238e+01
-7.999352375353154798e+01,3.196261494432566508e+01
-6.482343619396398537e+01,3.078958325378111738e+01
-7.185663189529766726e+01,3.726037915588128868e+01
-6.263402534156779211e+01,1.995888287975952480e+01
-5.949823651724044993e+01,3.545146996235686032e+01
1.745270596059724824e+02,1.413386109278821223e+01
-1.699435489000532016e+02,2.289658222219029682e+01
-1.787259435418577311e+02,2.011404937560608630e+01
-1.747917105830408957e+02,8.024323502490725346e+00
-1.506628869074715737e+02,2.021027704275881831e+01
1.473845585007371426e+02,1.405369185154500045e+01
1.273540970971881734e+02,2.500065607505104026e+01
1.459079258272453217e+02,2.122600115737338911e+01
-1.688717705366578343e+02,1.543200777009844771e+01
1.725480026341306257e+02,1.911883904199538975e+01
4.777443095590077604e+01,2.320353966988068350e+01
8.856692507929027158e+01,3.760269699648299024e+01
5.803816990887737148e+01,2.438131881689415081e+01
5.099475035128661915e+01,4.455223996601335301e+01
7.017436507510781496e+01,1.840750259105939080e+01
7.798694656336527942e+01,3.859384293605641858e+01
5.792323705173738091e+01,2.270489091920194014e+01
8.608471414342095329e+01,5.375154927410061845e+01
5.045094276182931026e+01,2.696276104309583843e+01
5.020829527882409593e+01,2.706820017986806448e+01
-4.643109039837474228e+01,3.686711324353111507e+01
-9.345138697351310952e+01,2.459747053578324483e+01
-6.747572746462323323e+01,2.634183740760248682e+01
-5.329012527012345402e+01,2.470726969263538209e+01
-5.350860865791657517e+01,4.266237312554888206e+01
-8.520141112875306533e+01,3.742828636981253254e+01
-3.136681297127495682e+01,3.992537486064144048e+01
-1.021609937710230724e+02,2.927582796020946532e+01
-1.185171378572207175e+02,3.201987976931808078e+01
1.775666050880680586e+02,2.767781438271976668e+01
6.150850619904278460e+01,3.371357630726267018e+01
7.370608728830451639e+01,2.901757099348579771e+01
6.720581828411837932e+01,2.682095720494766056e+01
6.087312970173775994e+01,2.384298624814749701e+01
9.730308826612974826e+01,3.476513048058964017e+01
6.228917171506862616e+01,2.137654780869204529e+01
5.121613988474035040e+01,2.707172145800144847e+01
9.145997416868328855e+01,2.344025898291364030e+01
1.394717374734986493e+02,3.022229636126705543e+01
-1.687393873566303171e+02,2.517738661494487218e+01
1.746253763214064634e+02,1.969190420022789212e+01
1.642599290954760249e+02,2.889503864174636760e+01
-1.753881568456258151e+02,2.300601474608228614e+01
1.799104908493854964e+02,2.395512019506178092e+01
1.748657583001148907e+02,2.458843105584868027e+01
-1.397287486589283105e+02,2.818833750783295145e+01
-1.565874081560280047e+02,3.459254109814760625e+01
1.534759880849017009e+02,2.749992529804624297e+01
-1.744652218947495612e+02,1.872096845697879530e+01
-1.573784760676339829e+02,3.548755359526296616e+01
1.751296497235036611e+02,3.237836989482330097e+01
-1.419286310225200793e+02,2.405788250181687715e+01
-1.531514678742765057e+02,3.278220380951505319e+01
1.051301983802197810e+02,2.665191761276830107e+01
1.896887492588931678e+01,2.559512448412039376e+01
6.222454530783931403e+01,1.138539577282766047e+01
8.066342356835171756e+01,1.740589619702692659e+01
6.133226761203739130e+01,2.045315008097100673e+01
7.915124393033502770e+01,1.333278638739742838e+01
3.737354139863379743e+01,1.897745883420688529e+01
1.646976966493912755e+02,1.257305782210249845e+01
-1.681163716488866271e+02,2.057270301495844578e+01
-1.722018846630487872e+02,1.843067068996002433e+01
1.579612548003898667e+02,1.640606961220017013e+01
-1.627691939547159734e+02,1.687114167759033734e+01
1.783144822811801475e+02,1.113001577056594726e+01
1.478191799790000402e+02,3.737142649698473917e+01
-1.566385871344145073e+02,3.646709206097246181e+01
-1.716116888746572329e+02,4.431577527672698835e+01
1.494817255357851877e+02,4.534779130986268569e+01
-1.621538513490018545e+02,2.745966196716934959e+01
1.683164267925041884e+02,2.479318328838267149e+01
1.526088837110974055e+02,4.041740118026393702e+01
-1.616503128259734012e+02,1.930431730745389274e+01
-1.759557087133219966e+02,5.055048528156153509e+01
1.651119534023044082e+02,1.436223698690305639e+01
-1.647697668440742120e+02,4.050295407136515280e+01
1.739659287141159325e+02,3.178338754650924614e+01
1.629842618579339444e+02,3.078271330965557340e+01
-1.684382815529888262e+02,1.815970756387621776e+01
-5.749126642506003293e+01,3.440258110317233786e+01
-8.007435942614868907e+01,4.125704488530722358e+01
-6.180050408736963874e+01,3.989248971391609899e+01
-5.320384955160701423e+01,4.321408070746800689e+01
-7.726446550226089016e+01,2.789182231037854365e+01
-5.517646086493934376e+01,5.656316555158137760e+01
-7.484073283224381612e+01,4.274166386455660671e+01
-5.755262487962066587e+01,4.736517892645441208e+01
-8.132371311601959007e+01,3.990735312815216673e+01
-6.215381971797527427e+01,2.945912384569594167e+01
-7.740863485788625553e+01,4.426121259108644779e+01
-7.410917256359928729e+01,2.879494726119479608e+01
-4.420920777681782710e+01,2.634788164139262534e+01
-1.092625165132748180e+02,1.903452174586200840e+01
-5.799534492752258785e+01,3.584299707772774468e+01
-3.084696423660243880e+01,3.247772384513901045e+01
-8.899336599183942553e+01,2.100759494866353094e+01
-5.478579217325478368e+01,1.281375635331440854e+01
-6.185904928217463805e+01,1.345301425302988285e+01
-6.578549747451737062e+01,1.854034380251072989e+01
8.030357944172330065e+01,1.184886308761948470e+01
5.913644199989766292e+01,2.762477498441216994e+01
8.585731562437106845e+01,2.242220408325240300e+01
7.328099879855565746e+01,2.006846644302950011e+01
6.430296828207198701e+01,1.793463133560645772e+01
7.212236827924273541e+01,1.843539838648389306e+01
4.882631720635335881e+01,2.184584179388954439e+01
7.260921394533903594e+01,2.275108964906402775e+01
5.857458030376247393e+01,1.515550376898734264e+01
4.952577371798444261e+01,3.100845013892196533e+01
7.312751755621205518e+01,1.979708513454328767e+01
7.113567225470811195e+01,3.153295069122691530e+01
7.455014508856571354e+01,2.217155874468591747e+01
7.900499430195043260e+01,2.576116329072928934e+01
6.353321116442472061e+01,1.457390209289479799e+01
2.545518342356637476e+01,2.884593031146000897e+01
6.321136139611571991e+01,4.589940552164343757e+01
1.768962857954208800e+01,3.310393048896320067e+01
-8.521061577809065568e+01,2.654994408024746377e+01
-7.551435097571955168e+01,1.839148373312038132e+01
-6.257290554782880321e+01,1.942144893983068954e+01
-6.855970998448279374e+01,1.256464662900199158e+01
-5.043464160462028190e+01,3.036214747961059857e+01
-7.377365425135184296e+01,2.356839725679655473e+01
-4.046505687077236502e+01,3.281408589945182541e+01
-7.797393167586004381e+01,2.154773194692619143e+01
-5.467346537932272810e+01,2.544865925454023170e+01
-7.134218491879671831e+01,1.895343813504614872e+01
-6.420694012457077804e+01,2.279544565355002916e+01
-7.203165019368664446e+01,2.568868682644372825e+01
1.487035632084572114e+02,4.636103555946446164e+01
-1.529053923593120601e+02,4.150986549234229273e+01
1.608323559208428435e+02,2.580091683507083644e+01
-1.707436652108036697e+02,1.592430714611140630e+01
1.724422105757813313e+02,2.344136619849932401e+01
-1.797168542847845742e+02,2.415395652632805579e+01
1.663609780666383529e+02,2.234626886653033750e+01
-1.652868162040032303e+02,2.680358277137120027e+01
1.702600486854331052e+02,2.414996093504192132e+01
1.793050768663642316e+02,1.570795764949745177e+01
-1.704932668561839080e+02,2.099891783463714390e+01
1.698468989167351708e+02,1.811674816185048087e+01
-1.622386468690248762e+02,1.385856135959666346e+01
-1.783743330655001103e+02,1.470579090133066380e+01
1.593816813409115412e+02,1.307229967419789318e+01
-1.593387031703670971e+02,2.930130117803189194e+01
1.612295700062635149e+02,1.615739625877068164e+01
-1.512320862266048778e+02,2.847362348146751643e+01
1.734791699703498864e+02,2.315765012004720091e+01
-1.726046699340794817e+02,1.303755279856177651e+01
-5.183990292573823666e+01,2.766451473573156861e+01
-4.783791265920647362e+01,2.944072477196305826e+01
-7.225156009027132598e+01,3.509679317608680549e+01
-4.609155029613214793e+01,3.932684070880495852e+01
-5.864554758823066294e+01,4.056115147920332475e+01
-5.556235618317671054e+01,2.733822294250951401e+01
-5.125457524189123149e+01,3.438961021825253539e+01
-5.671859991014407143e+01,4.279930977447933316e+01
-4.636035066669381877e+01,3.327591070169388132e+01
-4.520364507377825447e+01,2.422653494570255006e+01
5.959059753998128173e+01,1.593908774503278281e+01
7.427092492122690714e+01,1.707737002788883274e+01
5.467365767466444026e+01,1.277329595200216694e+01
8.071943841165989397e+01,2.158988524681291210e+01
6.179936403022283997e+01,2.601871105454640443e+01
6.834769956355724219e+01,2.224059509662174960e+01
5.195793700788954794e+01,8.878431148935263195e+00
5.969936946118745169e+01,7.449447504578769141e+00
6.175089830034198002e+01,1.249321273744626026e+01
7.856606038553563565e+01,1.880464659732673027e+01
3.250463845321343115e+01,2.589367482500924211e+01
5.867451044638988122e+01,2.986033543771918985e+01
7.802745516823655691e+01,3.073440276765908408e+01
1.341329539758222893e+02,4.023061495976195090e+01
-1.660818886048354273e+02,2.253874330294614481e+01
-1.159569393304681455e+02,3.007357339016783015e+01
-9.694318175236105617e+01,3.307691913229071190e+01
-5.709820980004831625e+01,1.958229871850596737e+01
-6.392911015765226779e+01,2.710765901742269079e+01
-8.469945715570945310e+01,3.701582677977133073e+01
6.703529119069573028e+01,1.585442672617519833e+01
5.169113753206027440e+01,1.347780656586081705e+01
5.696490288941418356e+01,1.489788859391856590e+01
4.884449056600944772e+01,1.679813551033777941e+01
5.290362251948776162e+01,2.512097000852148909e+01
5.507972994606711126e+01,2.626837108568318868e+01
6.011136111909095092e+01,1.884123054345243276e+01
6.131843962802399517e+01,2.407474609402412824e+01
7.957161396422047517e+01,2.717589017335579626e+01
6.630532470602143746e+01,2.854804170530754703e+01
1.592402981854190216e+02,3.874483697729949938e+01
-1.635866073578785915e+02,4.294627798640022576e+01
1.697959542157762769e+02,2.472032825607271178e+01
-1.603520390373395230e+02,3.241079820822270818e+01
1.780508860976745780e+02,1.297011953560731712e+01
1.430037225248651396e+02,3.542143594912792537e+01
-1.427688161120162817e+02,2.420374710936942364e+01
-1.575314921964611585e+02,2.774362856808168942e+01
1.287077704581094224e+02,3.703529027525765827e+01
9.984848720372883690e+01,3.262897846197785867e+01
1.780184267074870945e+02,2.780341210638187732e+01
-1.781486472801675518e+02,1.337888203285739586e+01
-1.579468525802140562e+02,2.536487846069487517e+01
1.454775565648076565e+02,2.700348871425176611e+01
1.341338611403079142e+02,3.683314041431293617e+01
1.405103002288723246e+02,3.238724968394920012e+01
1.597097884443735154e+02,2.066193972706360427e+01
-1.763081835653000553e+02,2.795951446728971490e+01
-1.658054372577689719e+02,2.388016878557062483e+01
1.641967512423977382e+02,1.473010695671097281e+01
1.772952374227740506e+02,6.529822733591437611e+00
1.686902773681552787e+02,1.144645365033653661e+01
-1.699906024342511159e+02,1.728446399139073719e+01
1.708316415128470567e+02,9.651370229623951857e+00
-1.760096786994741649e+02,6.062067407592632406e+00
1.576805345565429946e+02,2.098395628933079848e+01
-1.557120753223719021e+02,3.296455863673595132e+01
1.579825589877814025e+02,3.108370806930444274e+01
-1.689057145545962157e+02,3.565388916884857906e+01
1.753671356643507409e+02,2.492212135677724660e+01
6.519462376788193581e+01,1.609082140056576904e+01
6.573645438261847573e+01,1.950996537174037826e+01
4.154214797067030673e+01,1.629652848224643691e+01
7.985275346157008869e+01,1.513859679941274550e+01
5.653863474356020191e+01,6.849784703279878428e+00
6.365881564975578755e+01,1.419666148135205574e+01
8.873069564567867928e+01,2.028734760590616659e+01
7.542599871238189735e+01,1.563937271756617875e+01
4.467733071221084629e+01,2.751731254043670560e+01
8.678187497419747842e+01,2.097136442389159683e+01
-1.795461732570491620e+02,1.155086189458292978e+01
-1.782864361931797532e+02,1.601321057475687581e+01
1.714258212055129036e+02,2.736496603033496910e+01
-1.670114703125955486e+02,2.474548908775211231e+01
1.710162189027465445e+02,2.934514519764593743e+01
1.591525460460086663e+02,2.839749454994683475e+01
-1.411841507867716246e+02,1.808715710870032467e+01
-1.772032923750537350e+02,3.010379913302059052e+01
1.135212440074413536e+02,3.712436330180314314e+01
3.271118364873719742e+01,2.505353255218514619e+01
1.775247293552689598e+02,5.392157939285670665e+01
-1.694281579645717670e+02,1.653208227180533640e+01
1.648504411108678767e+02,2.173209419327888625e+01
1.621422222659610952e+02,2.147629691249962747e+01
1.794876889165705620e+02,3.234325195029878586e+01
-1.750744076110612184e+02,1.797013441698420877e+01
1.644573306204716800e+02,2.408746013033162114e+01
1.664257762001865899e+02,3.599189812625446194e+01
-1.502995830562900892e+02,3.376754134983258382e+01
1.704175685716294879e+02,3.468287026939318451e+01
1.762640769098973976e+02,1.621094054078490387e+01
-1.614973307161153286e+02,2.005558194487905865e+01
1.482740555493739976e+02,2.830788126928812432e+01
1.729676095799415236e+02,3.118056057694722938e+01
-1.579312550069437862e+02,3.672681678763122903e+01
1.736885735616061481e+02,2.897277809799171067e+01
1.516241144409550827e+02,2.486177144734276112e+01
-1.460713131308840502e+02,3.878044602592366630e+01
-1.587301941582037728e+02,2.666618633107995961e+01
1.438537113161209504e+02,3.581356057321309549e+01
1.702451480650137228e+02,2.133023118856378275e+01
-1.721470031663148177e+02,2.558559701471801162e+01
-1.765378728899670477e+02,2.071050688941640416e+01
1.681282286076210823e+02,2.381711139413872402e+01
-1.695218746518701209e+02,1.609026715262432461e+01
1.763740230075957527e+02,1.436670061857789626e+01
1.759734014382395628e+02,3.852422477923251165e+01
1.770659635022668397e+02,2.859118856736493086e+01
-1.474391666434770514e+02,3.657413282710278679e+01
-1.593552442853934110e+02,2.456982059457696721e+01
-1.492418917884331222e+02,3.778916172764765236e+01
1.497932310622941543e+02,2.574462634249833215e+01
1.380816243587507870e+02,2.214231903507543819e+01
-1.767900637971767708e+02,1.560929037968813660e+01
-1.145868855052862187e+02,3.005549890478048525e+01
-4.625632428247958217e+01,3.057950017598859205e+01
-7.870827789590694579e+01,1.666233073455671843e+01
-6.044410185762647103e+01,2.856471439274555735e+01
-6.548694517979438956e+01,2.473579451906522308e+01
-5.336344035726938273e+01,1.763484758037565214e+01
-1.577288634612023372e+02,1.428236886798922356e+01
1.667946260282912760e+02,1.061454705697635958e+01
-1.590422147442288860e+02,1.878364665843775683e+01
1.753298954133479981e+02,1.216554212235225485e+01
1.660048430484318089e+02,1.438681289575290378e+01
-1.569185532697238727e+02,2.308819915946978085e+01
1.560048770493251027e+02,1.599920892459128652e+01
-1.686348810065974817e+02,1.521180110153383502e+01
-1.789272285779417757e+02,2.106735534971608814e+01
1.594513477348170341e+02,3.230208959548598813e+01
1.711024837808668622e+02,2.929991974853990655e+01
-1.702650671782776897e+02,4.028687358819578179e+01
-1.660752417748154244e+02,3.097373386372041182e+01
-1.763223219795154080e+02,4.682835116161555788e+01
1.659826913036763756e+02,3.780558471946888233e+01
-1.786891517264464255e+02,5.451386938937339721e+01
-1.563090566541741566e+02,4.211701358789044036e+01
1.726453065566172995e+02,2.270150637397984639e+01
-1.704073652420294422e+02,2.333449405607528604e+01
-1.383329115831569140e+02,5.499412524691748416e+01
-1.671579108230452846e+02,9.890092037549262471e+00
1.729312989461323866e+02,7.471194274897991150e+00
1.650910074699143308e+02,1.523124383569624563e+01
-1.747124223865739907e+02,2.007937307645503466e+01
-1.449399328100405739e+02,2.539017177810109516e+01
1.564003457914768376e+02,2.041325380185167049e+01
-1.758974603649820665e+02,1.864791421319241138e+01
-1.670523387809232077e+02,1.962105662400020734e+01
1.764929362675320021e+02,4.560210142995108740e+00
-1.752692203944880873e+02,2.372526432317230416e+01
7.403489465628567245e+01,2.212559948951102129e+01
1.007096226282355218e+02,4.812451456909090552e+01
6.453876121004671518e+01,1.627350000744511149e+01
8.411425492382103641e+01,2.499057415551350658e+01
8.877564559152976642e+01,2.953749828402784061e+01
5.669942505600543825e+01,1.908610289459623033e+01
3.766308313383429152e+01,2.651569293249594850e+01
1.001080046246800350e+02,1.857329665746162561e+01
6.957647983513732015e+01,5.848457345772292371e+00
6.891825017920298535e+01,2.705640653527737527e+01
-6.759605154800472526e+00,2.609613039651456745e+01
1.333849639819128718e+01,3.218111319520780000e+01
9.931348402135418496e+01,3.353794742040136612e+01
9.483686020517511395e+01,2.052933152001291006e+01
3.445893647208080779e+01,3.739122342808101962e+01
-8.073071017597769128e+01,2.944452663579345497e+01
-7.424693986000656309e+01,2.927799517617322067e+01
-5.348703388226702060e+01,3.615880770691577339e+01
-1.274470554879795969e+02,2.682983778799154706e+01
1.747505351172508767e+02,3.866948896479353692e+01
1.591367919708996226e+02,1.432181077304386108e+01
-1.694959639441948696e+02,3.125093811369974262e+01
1.743491761545718646e+02,1.229478934717709571e+01
-1.578937562607256666e+02,3.362995643371732513e+01
1.564950159341996141e+02,2.937202228751525723e+01
-1.611022501130838975e+02,2.408403424265289772e+01
1.613909530383677691e+02,1.104548163358334989e+01
-1.582695977892281860e+02,1.524410089763945564e+01
1.586003173583181365e+02,2.500676796117690515e+01
-1.696864588092468296e+02,2.126062327125005424e+01
-7.427184440058749715e+01,1.370066779524971778e+01
-5.282822597795655639e+01,1.313964609476514767e+01
-7.150625879044524424e+01,1.248952943247596714e+01
-5.710622562815957792e+01,8.607130573250771022e+00
-8.193457042489869480e+01,1.922187420585474626e+01
-5.074865020912081093e+01,2.873904225769257792e+01
-9.465810449835973373e+01,1.719223368973663923e+01
-1.091558797292298379e+02,2.003124403127699438e+01
-9.515459927156985032e+01,2.234191846527888714e+01
-1.951866008042684797e+01,3.061760735752956464e+01
-1.652794768360473938e+02,3.219840101006338529e+01
1.530815006630331538e+02,4.050320429612112605e+01
1.397080067205910439e+02,4.410797809616248344e+01
-1.586099666764341976e+02,4.103754283818809512e+01
1.737704482116496365e+02,3.891535118848054964e+01
1.419313394003862072e+02,5.160764367463804092e+01
-1.764211113399053374e+02,1.889557161828875564e+01
-1.626898686049701155e+02,2.785876691400636318e+01
1.555045693905641997e+02,3.354670787561372691e+01
-1.521073234233275855e+02,3.679781598241702056e+01
-1.553108509454177408e+02,2.062626582649129503e+01
-9.560032220073826181e+01,3.164167070509949298e+01
-4.991170220715809336e+01,3.943149511146373953e+01
-9.213140080708301127e+01,2.485078887126034175e+01
-5.201170119768907085e+01,2.839162851900647766e+01
-5.869969724468278116e+01,2.092241068496290879e+01
-5.562756661360094057e+01,1.381815742311709272e+01
-5.965600644246182327e+01,3.118125656723078976e+01
-6.219847509725642709e+01,3.596177091013485949e+01
-4.553239726041849167e+01,2.086249017602479583e+01
-5.255269198662925589e+01,2.084330590014496210e+01
-7.125443056341448766e+01,2.271330436691276944e+01
-7.710283534234974923e+01,9.658684363631859782e+00
-5.828343850864023068e+01,2.126258720853490658e+01
-9.210305794022207238e+01,2.154946375997009156e+01
-4.290718629651192373e+01,1.726215124463563200e+01
-8.188206164541009002e+01,1.583159296579650643e+01
-7.428316136293535976e+01,1.643226569853785435e+01
-4.875147508263562912e+01,3.125059248257270639e+01
-8.728491446375379326e+01,3.584358933035357353e+01
1.606386725744183366e+02,2.208839392539169921e+01
-1.253037246159882159e+02,2.584759781483246144e+01
-5.629885328937339040e+01,1.922644134425690510e+01
-4.818197679835094505e+01,1.373145425954194998e+01
-1.071494322629586691e+02,2.141910511947305906e+01
-4.547674117060074650e+01,2.247984699944192855e+01
-4.357017496494839293e+01,1.781202828585574593e+01
-6.132342766370464204e+01,2.504990747389459216e+01
-4.337414114497544659e+01,1.362520114243724478e+01
-9.272635351181305907e+01,1.913564391457379443e+01
1.583328921692763060e+02,2.812350713629901833e+01
-1.613248084835929319e+02,2.455949919162578965e+01
1.312403895638130962e+02,4.984412822877222027e+01
1.202486997292811566e+02,4.136605844704158841e+01
1.396510779401696709e+02,3.931471422087405188e+01
-1.442569762899033208e+02,4.630011380422366329e+01
1.753535932630245213e+02,3.425781170603513459e+01
1.470081340391829769e+02,2.694356520239360009e+01
-1.693028733621364950e+02,1.065519575685259213e+01
-1.549520478704460515e+02,3.714546029699179996e+01
-1.694607511185656392e+02,1.893820819505480557e+01
-1.708152019958128847e+02,2.776234482922809832e+01
1.712629691412334410e+02,2.461647230633348116e+01
-1.648100793677348577e+02,3.092845671975015165e+01
1.555817092969715532e+02,2.343674298548813439e+01
1.604940612692799391e+02,1.812200880470522435e+01
-1.679749886016957987e+02,8.522583061767576851e+00
1.722480011602329171e+02,8.723917259276483094e+00
1.715344311515789286e+02,1.447051568775384212e+01
-1.704897863626778758e+02,1.730359326704213530e+01
-1.556092642084850297e+02,4.388297680847234972e+01
1.417182264587436862e+02,3.493243596953854535e+01
1.142730254164028167e+02,4.643366635342520965e+01
1.119497473689567357e+02,4.246434543880646117e+01
6.016490008120121047e+01,2.301670889481171045e+01
8.042741424692340502e+01,2.770570001908544455e+01
4.309560242211720293e+01,3.880913309507040765e+01
7.119604284783336823e+01,4.240600584773723369e+01
1.740182930572304372e+02,1.859671480136536204e+01
-1.145752294540480563e+02,3.589179605135367979e+01
1.788061397665554182e+02,1.986576302205950739e+01
1.614650301231302763e+02,2.060039600037121943e+01
1.771086633175904410e+02,2.231316192817449817e+01
-1.643315601519256575e+02,2.750500175317321450e+01
1.790263204301038229e+02,9.062140664553480107e+00
-1.657350841501942114e+02,1.453044386603856353e+01
1.608214789458283462e+02,2.956061348117621890e+01
-1.731326835574546408e+02,3.254310339006704567e+01
-1.466725617364701861e+02,4.041901296778330277e+01
1.368379360087514272e+02,2.531371712535762342e+01
1.653518771488699031e+02,1.797351775865065093e+01
-1.676120866727927705e+02,3.058701389156847483e+01
1.730456670767691776e+02,2.290796738201992255e+01
1.670062050442581949e+02,1.156104838891411291e+01
-1.700195694710862711e+02,1.865840807669257373e+01
1.689181455860873768e+02,1.880467238939405306e+01
1.718185366704862815e+02,1.942058971912294396e+01
-1.702948429712054406e+02,1.955501124322105966e+01
1.721038535702678587e+02,3.307478683153518517e+01
1.739907233237767343e+02,2.660527200615756271e+01
-1.676719140466330202e+02,4.579724358083862512e+01
-1.777052183148292954e+02,4.576856454644473615e+01
1.476725793102293665e+02,4.795783738205598468e+01
-1.635546726228474483e+02,2.824477161126782576e+01
-1.604195793757686488e+02,7.214126361450183822e+01
1.518474641198983761e+02,3.733357404008857827e+01
-1.780538075798775139e+02,5.045676625676904337e+01
-1.697779446430024848e+02,4.107651653112017698e+01
1.450396512489204497e+02,8.821607070215252122e+01
-1.724810725118855714e+02,5.768207972829137731e+01
-1.780869170367676304e+02,3.339456997696133556e+01
1.602687587469316099e+02,2.347255091047418318e+01
-1.498452467659607805e+02,4.475307158873027191e+01
1.712673268595959257e+02,5.429330087592086329e+01
1.730149756441366833e+02,4.959622010011091220e+01
1.701614119689653535e+02,3.882244546441900468e+01
-1.791417171199641700e+02,2.940017161127529022e+01
1.656066408763361437e+02,3.064775722482362852e+01
1.613998668389606053e+02,2.824498314261354892e+01
-1.614727360682749406e+02,3.946596918500644335e+01
-1.685695880519174352e+02,7.995341849868246697e+00
1.666121481384325591e+02,9.275201798304291145e+00
-1.658516041211786387e+02,1.279675491161028056e+01
1.578706732867644007e+02,1.360451617028462934e+01
-1.631435902749743718e+02,2.216762913876100782e+01
1.777813870232576505e+02,1.473467863136124123e+01
-1.774513532310310779e+02,2.091991304303270738e+01
1.522943697711798450e+02,1.161579376446883671e+01
-1.574699875310951711e+02,1.959166122133829191e+01
1.676874121790637275e+02,2.636178290962529047e+01
-1.068309441671975790e+01,5.149698459243269610e+01
-2.039976570638834374e+01,3.960071549937961066e+01
-3.242390573445150181e+01,5.604262210691970836e+01
-2.192009112889597944e+01,3.313922428714570856e+01
-6.661167238029513271e+00,4.207396315300616152e+01
-1.176829767979010910e+02,4.160255745147203754e+01
1.712777915683923595e+02,2.587389184235665596e+01
1.426375653994929280e+02,2.611559337584309759e+01
-1.541164095510431764e+02,2.118914769299221490e+01
1.773020108218874498e+02,2.682631744283093056e+01
-1.699473209352246386e+02,3.162385105243517813e+01
-1.718606145407062229e+02,1.911783708494342093e+01
1.775586608777883555e+02,2.302457354685387969e+01
-1.733128385530434628e+02,4.859626511712774288e+01
-1.611645449948659916e+02,2.110939799032496111e+01
1.253830288329085789e+02,6.682492614845439505e+01
-1.714838765133504523e+02,2.026400568199089136e+01
1.744803616839418794e+02,3.670372795991019643e+01
1.773820327609145693e+02,1.747456205878391700e+01
-1.773524639819388256e+02,2.003174237267540292e+01
7.897611409053257603e+01,3.127868026538745028e+01
1.523969164203019666e+01,4.170679245846955041e+01
7.832759915674448337e+01,2.942951406539026493e+01
7.458129313547981099e+01,3.819059546573127051e+01
6.180136536296983962e+01,2.125691790949638005e+01
7.146312834335437003e+01,2.885435472496134679e+01
4.890005269634242069e+01,3.248381881093423118e+01
6.610053794190187659e+01,1.979564733025495116e+01
6.457164368649644359e+01,2.158934590012185950e+01
4.494487005715940597e+01,1.271746224878020115e+01
-1.550402028722917294e+02,1.251031329594863806e+01
1.648386582778018692e+02,9.925994972828123153e+00
-1.699087335840053186e+02,1.727605733451339987e+01
1.736988467325061833e+02,1.455423957823907877e+01
1.768919683722111813e+02,1.855394407552379121e+01
1.757507153603819177e+02,1.488726125971961167e+01
-1.658472009546787831e+02,1.035648250504422663e+01
1.635484609819541788e+02,1.273816652088195944e+01
-1.458735936301499976e+02,2.486880280119028797e+01
1.320467175900314771e+02,2.377472226610179717e+01
-9.132401193730480315e+01,4.381133281217063313e+01
-8.977894856505717769e+01,5.645830946131956551e+01
-9.057098491512459759e+01,4.575283119475682270e+01
-7.512860542634740568e+01,4.725005897361456420e+01
-7.004477976479486756e+01,5.572576444226934456e+01
-7.564179395005520234e+01,4.557680923493298764e+01
-6.242922844585314124e+01,3.747287170951410928e+01
-6.917501424392250442e+01,5.085253095741705920e+01
-3.454070335570251871e+01,2.432339835052576760e+01
-6.809962286903201800e+01,4.782993503019494597e+01
7.347825285128136841e+01,1.451957488914202443e+01
8.560750947080116191e+01,2.159337440084733473e+01
3.000716050699174176e+01,2.267527442285739880e+01
7.388025080187689753e+01,1.619977475698056324e+01
7.761781166717432257e+01,2.632849407546511955e+01
5.097966010518280200e+01,1.884000181829421550e+01
1.003127068838628304e+02,2.234826699605985922e+01
5.784321869825465257e+01,1.179510202477236902e+01
3.754467517827382750e+01,1.963432137309556325e+01
1.222887229321746076e+02,2.284314895058885853e+01
-9.120685257417861180e+01,1.960971145554792372e+01
-7.043516610637686881e+01,2.709724146970242131e+01
-4.870335608483743783e+01,1.920964877196025355e+01
-1.009117107308143204e+02,3.217432565878051065e+01
-4.012799966586224087e+01,3.589438333359547784e+01
-5.328830033513278863e+01,3.589880017345674901e+01
-9.972383047222729147e+01,3.387249692943606760e+01
-4.035154967560673356e+01,2.553239408614356876e+01
-6.502734762417230741e+01,2.673209441937791198e+01
-1.063191692442014897e+02,3.955346183598460641e+01
-1.689055473781673413e+02,5.574937916185503717e+00
1.778785670765683165e+02,1.517077524234165153e+01
-1.698637212563038190e+02,2.317528109956808180e+01
-1.764499969499129861e+02,1.338990169879146919e+01
-1.536579023975013740e+02,3.538069824856734158e+01
1.146288872298055281e+02,2.194408436941423446e+01
2.752034858524171312e+01,3.160832945258963633e+01
7.808179437875210738e+01,2.412883988224329102e+01
1.698455810964846080e+02,2.904669472909008476e+01
-1.159324706097669662e+02,2.202305266504171755e+01
5.943572323996385620e+01,2.511094189500605012e+01
6.116922374291793574e+01,1.281714167832809892e+01
9.544626649053967071e+01,2.232717915261439856e+01
5.502177820042136602e+01,1.267337701620908064e+01
4.393726186611669959e+01,1.937816724413053393e+01
7.279666282905931496e+01,1.035108981237690884e+01
5.257593955647222117e+01,2.404260356234920692e+01
7.852953684544384316e+01,1.420442098121021957e+01
6.227638842080128967e+01,2.902171129484345258e+01
6.003828093102156060e+01,2.058867939708342831e+01
-7.361819479723273218e+01,1.259623198859095794e+01
-4.586252521509624103e+01,1.184770176212909831e+01
-7.259095407353174778e+01,1.119319221627181804e+01
-7.633059174642173161e+01,7.359933724260519838e+00
-5.723542785107524367e+01,2.688090332079291045e+01
-7.665758587618745423e+01,1.600085639108963420e+01
-6.020601871925496340e+01,2.411357485740201767e+01
-6.062900684305934362e+01,1.014543117552521956e+01
-5.096918383985673273e+01,1.578943479925265336e+01
-6.214525284844647501e+01,1.128998831090183330e+01
1.767154907813815896e+02,3.463065293236886788e+01
1.766524513805522645e+02,3.567466426106674504e+01
1.575028142388221966e+02,3.223824164515136204e+01
1.082525036415464683e+02,4.868410650035863796e+01
7.540545707449601309e+01,3.932215048701357318e+01
7.373305392514244261e+01,3.549777585424895676e+01
1.277010302419640766e+02,4.395025951791181029e+01
-1.783428214053794250e+02,2.444479758392221314e+01
-1.293547137313568101e+02,5.787402029838894890e+01
-3.910439425143477621e+01,4.442790385473870174e+01
-5.144501025282374940e+01,3.673865685284015115e+01
-7.655525687484852426e+01,9.729166450090577456e+00
-6.818169765836752561e+01,3.041135428423707765e+01
-5.901023823042600469e+01,2.072731292572148831e+01
-7.914660040466530688e+01,2.284932220035971895e+01
-7.006269226390668337e+01,2.210919452046981348e+01
-7.463909250817872021e+01,2.250413116111619161e+01
3.024039526576988379e+01,2.571948815112794762e+01
6.771851078013307301e+01,1.670562896546780252e+01
4.479139282545133938e+01,2.618516410615756840e+01
-5.617160777174309061e+01,3.089620514997523415e+01
-7.504634470644816702e+01,1.884456676515134887e+01
-7.325766342041306700e+01,2.252095909289123554e+01
-5.495646751753913861e+01,1.949749400616008899e+01
-5.876617779387425600e+01,2.221295749326518987e+01
-6.136371004067027712e+01,1.546873418164846825e+01
-7.062698126221383177e+01,3.492848539319928136e+01
-4.842263345825103471e+01,1.294646471148072031e+01
-8.935733838646316940e+01,4.021865130864181026e+01
-5.271194315902535976e+01,1.880906724443820721e+01
-7.056349293532156253e+01,2.543809607569677667e+01
-4.929372196362771774e+01,2.002106348526125501e+01
-7.552030863992487753e+01,1.694647938092937167e+01
-4.880125887155251263e+01,1.090702094626610119e+01
-8.270685268430634096e+01,1.658649727771614124e+01
-9.858581472184300765e+01,2.079450610165075020e+01
-4.094111455910078234e+01,1.412170290336909417e+01
-8.672905637150759617e+01,1.393459905202882609e+01
-6.338798334795385614e+01,1.569477500107505108e+01
-4.114428555840607515e+01,1.628799601398857888e+01
-8.030827922688757781e+01,3.088810979392452438e+01
-9.158628690653658566e+01,3.581779945943030441e+01
-7.815493676621872510e+01,3.828566033090493903e+01
-6.275512636717277815e+01,3.318210226654998962e+01
-6.151120993133830694e+01,2.150944018908113264e+01
-9.387200249720248735e+01,3.416203284239925608e+01
-5.999497127196370627e+01,2.734750780457293473e+01
-4.571201200972473089e+01,2.975073529687366403e+01
-7.684098269910307977e+01,2.644847235171613775e+01
-4.974317168786917875e+01,1.951506194189115462e+01
