dihedral_deg,energy_kJmol
1.748454904324302106e+02,1.901381706683584483e+01
1.725642869578387320e+02,2.227434867120642537e+01
-1.605569561282202926e+02,1.229800327877766719e+01
1.627070014527270985e+02,7.721219470271815766e+00
-1.710410542448284161e+02,7.342165128263407503e+00
-1.797634565364639059e+02,2.495370259238538324e+01
-1.739628485837649805e+02,1.697988544036097025e+01
1.784779542359121365e+02,1.298850466127987779e+01
-1.785584188770682488e+02,1.438191653013811688e+01
1.679399280666197853e+02,1.440453033792127790e+01
1.653869607584554444e+02,1.426246861830352941e+01
-1.673763313806760209e+02,1.079707217263519681e+01
-1.714980095264135969e+02,1.352275665011934791e+01
1.782801540386814736e+02,1.091453163030806373e+01
1.636730788790708857e+02,8.418081757784140251e+00
-1.676183445992456313e+02,5.424342265254964879e+00
1.684295974467547694e+02,6.125518818290678347e+00
-1.666839512544774493e+02,6.667343182596844997e+00
1.699005322501778608e+02,9.701317100600318710e+00
1.706794382839118214e+02,1.381607256202824274e+01
1.738699811645853117e+02,1.386740796887140448e+01
1.747849524866037427e+02,1.195358194002048791e+01
-1.764717338946846610e+02,9.569298797098852560e+00
1.783489267572088579e+02,8.916965729263031548e+00
-1.798274387363245239e+02,7.440096841926707505e+00
-1.744914231864533747e+02,1.322076072413735304e+01
1.686518126415458880e+02,1.522789257803027319e+01
-1.684399945915324963e+02,2.107632303645829097e+01
1.738312670476948085e+02,9.915287681554980637e+00
1.599800265939403516e+02,1.056020232950406523e+01
-1.533314692890200206e+02,1.796255691681659172e+01
1.604452479391091231e+02,1.341786365636745515e+01
-1.767344249627289798e+02,1.057712528562799292e+01
1.699940559167852427e+02,7.105403351574288706e+00
-1.655874056409872424e+02,9.248285906376526810e+00
1.698177727393034502e+02,2.836376405011408863e+00
-1.659579092035796180e+02,1.373510678060662471e+01
1.694350656786105276e+02,9.186474648667354970e+00
-1.773890447361979739e+02,6.354901027308135220e+00
-1.612070876791607930e+02,1.063547218972530928e+01
-1.795479989054229861e+02,1.959253784854636038e+01
-1.782328935307564279e+02,1.733943199320665229e+01
1.609474151483073285e+02,1.657507345991410119e+01
-1.721868754451248549e+02,1.338925973659919144e+01
1.739310020629407916e+02,9.034105420023408328e+00
1.742152969343244706e+02,2.133230590163418583e+01
-1.682737928869317443e+02,1.385351283886343943e+01
1.751304817861999084e+02,1.759647458251236429e+01
-1.794508117076068459e+02,1.302232320572610647e+01
-1.750730492349194947e+02,2.221346677850959139e+01
-1.677831143842105064e+02,8.870993659466360981e+00
1.609705167674553365e+02,1.377689148726732071e+01
-1.534442733685501707e+02,1.017512998643490363e+01
1.657356296371025906e+02,1.205080210568372934e+01
-1.635373103191156190e+02,1.213811118858580684e+01
1.559684124425604352e+02,1.571113049593328270e+01
-1.537643192124474467e+02,1.959439385940257949e+01
1.589757531759449876e+02,1.219219340865265266e+01
-1.741357551432770379e+02,4.992729427546676035e+00
-1.791721203486150387e+02,3.908847399731339323e+00
1.705249547098088954e+02,1.909918870215827269e+01
1.727846205704767897e+02,3.454761545647288301e+01
-1.402403818028415401e+02,2.692084779936497085e+01
-1.140569384053054023e+02,3.395467285963265169e+01
-1.307185502049546812e+02,3.641067090657830363e+01
1.649752271217622308e+02,2.352680321963285692e+01
1.730803383037954859e+02,1.855811702645998551e+01
-1.514774343758881514e+02,2.875380547392634156e+01
1.654313553564423955e+02,1.657059593553278631e+01
1.724255851324658124e+02,2.165162294512595764e+01
1.564094549673631036e+02,1.065606086404301323e+01
-1.633487536547639536e+02,6.532454430773775300e+00
1.712809448255824236e+02,7.954506401182207753e+00
-1.724434488518576529e+02,1.345828068689939094e+01
1.736195423505843962e+02,6.756946468175019760e+00
-1.723199021838630074e+02,9.171396146157592355e+00
1.711593884713316811e+02,3.441401497477079907e+00
-1.722498997147318391e+02,7.491692097852460819e+00
1.662979615607191590e+02,9.158307707276691190e+00
1.796641301250561185e+02,7.281245490343258631e+00
7.087106922572914414e+01,1.315314733864334684e+01
6.054569822677315472e+01,2.128311176858672482e+01
6.221813051374923020e+01,1.267897107905591447e+01
5.703641933057971869e+01,1.896433105013102249e+01
6.128380564611718739e+01,8.827554235704699437e+00
6.049990154041808665e+01,8.498707428020361831e+00
6.564544779066596902e+01,2.187454996618740921e+01
5.987893234552542765e+01,2.139517313989208702e+01
5.958856630237763596e+01,2.564620905529085704e+01
6.275276735968725461e+01,1.975999764987302854e+01
-1.692878776686318929e+02,1.235780301819489679e+01
1.626817017267433698e+02,2.058115813221612456e+01
-1.699883974940378266e+02,9.245901505106813190e+00
1.718533433295226587e+02,9.251719359339190873e+00
1.761646386843829930e+02,1.010970610931521030e+01
-1.695763656814774833e+02,1.552392633721293613e+01
1.735755679285880433e+02,9.826686021462554876e+00
1.745795051242828606e+02,5.357660665033332492e+00
-1.725649177741666733e+02,4.647302681676077185e+00
1.759965462510138252e+02,1.341840486195363802e+01
-7.976313669121212513e+01,2.867863809167205247e+01
-6.839128320888698909e+01,1.428824872505087740e+01
-4.906379904679634052e+01,2.859926350376217741e+01
-9.742606735871321177e+01,2.813042207884321400e+01
-6.867148018487024785e+01,9.550280870210857032e+00
-5.119787708618632394e+01,2.509812367002334810e+01
-7.660727334236432284e+01,2.474365838458186317e+01
-6.885874365902992622e+01,2.497705517130943065e+01
-5.728283364451754522e+01,2.280798530935437185e+01
-6.676997975470034419e+01,2.599722046844368606e+01
1.687391956814234959e+02,6.913372422244972171e+00
-1.679556743248634234e+02,8.738417629140213805e+00
1.707132998552629601e+02,4.412211537929256799e+00
1.695395579855509141e+02,7.289877459397295922e+00
-1.748073995766359019e+02,5.880521380426684708e+00
-1.750357571554005460e+02,8.978458593203555438e+00
1.571422692243330062e+02,1.454458465880091822e+01
-1.710491910458680422e+02,8.743558246930490441e+00
-1.727658510841717714e+02,1.582063176209703315e+01
1.720499089664871519e+02,4.838522099974220225e+00
-1.742379513561088231e+02,1.501889331882840750e+01
1.776793581125689627e+02,1.027279871234162201e+01
-1.698115553797928783e+02,1.157440702468682403e+01
1.736002781123019929e+02,1.899772837659961056e+01
-1.780985801164765405e+02,9.032134918946463031e+00
-1.741014861263012108e+02,2.475298397726836086e+01
1.706169837057706218e+02,1.910936342080542616e+01
-1.792270004718590144e+02,2.214030372459796325e+01
-1.790393902178140308e+02,1.443270070429727170e+01
1.760998613344920614e+02,2.268001543866182956e+01
-1.652531848824913254e+02,8.895905665612831470e+00
1.569700593314802859e+02,9.564638679993763049e+00
-1.626146575383700394e+02,7.420373307709946076e+00
-1.789690639673969770e+02,6.138921591372554332e+00
1.697236889767691821e+02,8.721002488924323615e+00
1.779333303947796594e+02,9.390677548051334256e+00
-1.708979989273796605e+02,9.609054560222054064e+00
1.743389260270001273e+02,1.224824682655427877e+00
1.686966833676926285e+02,9.571593515305806932e+00
-1.679066745558644129e+02,1.713152915954321287e+01
1.433137714753408432e+02,1.625271688391630320e+01
-1.728492091266851105e+02,5.991456858716490252e+00
-1.732839674666780638e+02,8.357629792858345397e+00
1.642299507725217893e+02,1.266208866178628334e+01
1.789674542830721578e+02,6.406545370273739159e+00
-1.715636815784588691e+02,6.882885963093583470e+00
1.574608699019418054e+02,1.115169023070744103e+01
-1.472193706399613689e+02,1.278923386908835091e+01
1.766643276695137388e+02,1.405395968680366181e+01
1.663873215531395147e+02,1.801268974048977967e+01
1.775984156598827326e+02,1.591328814794247393e+01
-1.770048324942804356e+02,1.757760348402745976e+01
1.776722881468465403e+02,2.662875430465442150e+01
-1.791197503557330890e+02,9.736603130537989870e+00
1.460357839588559727e+02,1.481812038694907585e+01
-1.577399285943411655e+02,1.405018039942551766e+01
1.625549964123998166e+02,1.019872504911220545e+01
-1.749416087875503081e+02,1.098063433412676737e+01
-1.765790606044535593e+02,6.386795646683010474e+00
-1.745470343085946183e+02,7.158972244454008482e+00
1.776856498867150549e+02,6.271448403943567840e+00
1.769397527182576653e+02,1.222054795984541009e+01
-1.793269014614206753e+02,6.042788853082331713e+00
-1.752908008887386870e+02,9.190287730179750980e+00
1.795670708660863113e+02,6.921866302463341114e+00
-1.694636776506877993e+02,1.207956991329779939e+01
1.688342074682726377e+02,1.023361827327328299e+01
1.668089242135106929e+02,1.088333569399097378e+01
-1.657465133892585243e+02,1.062461676812250921e+01
1.605029475762499374e+02,1.455404130882562086e+01
1.733145948890173145e+02,2.929612662863054595e+01
1.720120237694850687e+02,2.484458949778337100e+01
-1.743324732292727219e+02,2.542445558775556336e+01
1.799074745912694482e+02,1.569691519191005469e+01
1.773073265290538814e+02,1.631090649052726249e+01
1.644151014503288764e+02,2.269532886423056084e+01
-1.597956215275349905e+02,2.174852299834193659e+01
1.767650902978262764e+02,3.932282919976055524e+01
-1.790768709199290640e+02,2.690446524363049718e+01
-1.750671448257263592e+02,2.204446744168466310e+01
-1.774881259684267718e+02,6.349355960112646358e+00
1.775421143209132993e+02,1.862416724855839334e+01
-1.713494183416453325e+02,1.459842568040014044e+01
1.624966673918844435e+02,1.648257206379204476e+01
-1.736081331748949594e+02,1.192721485073289855e+01
-1.585037391904632500e+02,1.135728570685718708e+01
1.574860549878127074e+02,1.771684860325454025e+01
-1.687963047031305166e+02,9.561877785974401078e+00
-1.771695617153576450e+02,8.030580657472803807e+00
1.713118979857975148e+02,6.222232122507628027e+00
1.785389921445463699e+02,5.087821072624857166e+00
1.738378256943742599e+02,8.256533945956618936e+00
-1.757087666533964523e+02,4.970918472492363627e+00
1.779238569333590476e+02,9.630171697078726112e+00
-1.750817670703379463e+02,3.989678532312722403e+00
1.698389816919851114e+02,9.917199593999130869e+00
-1.675317529622108168e+02,1.229151367551114760e+01
1.765142237355626662e+02,4.526963148390455771e+00
-1.788786865284752423e+02,6.359417402701579292e+00
-1.707698088917522341e+02,4.793891377817627308e+00
4.440928270235394848e+01,2.223312419144782837e+01
6.826179999172612156e+01,3.011813080219781114e+01
6.347430665750545842e+01,2.088530183251384287e+01
4.660896294153838681e+01,1.774504335855972670e+01
9.264080931856736356e+01,2.465355469689759360e+01
6.299898110585699129e+01,1.647360308144540753e+01
4.592316450795124183e+01,2.473549348508201717e+01
7.262654057676108721e+01,1.438973383754286317e+01
3.570246886240963136e+01,1.688630929520471113e+01
7.273650149081890959e+01,1.700499019107983401e+01
-1.730176337424876181e+02,7.192290435241787350e+00
1.781473161001730432e+02,1.669413396161775509e+01
-1.751984950772198886e+02,9.356155593451259023e+00
-1.725137589739516102e+02,1.193710492159961234e+01
1.572184995220914345e+02,1.586281717246548695e+01
-1.609476591389354496e+02,1.196790887229263589e+01
1.678887607244626281e+02,1.106704761293116945e+01
-1.720782817735996275e+02,9.562718767341877424e+00
1.766562697487124183e+02,1.363101315999267982e+01
-1.653633296489805673e+02,7.121292091081170561e+00
1.693771994329332813e+02,9.038915735049764422e+00
1.562707045379785598e+02,1.015428805046137128e+01
-1.516224146426446566e+02,2.004372683323723692e+01
1.701527968557474821e+02,2.407005244485415218e+01
-1.738549485832446919e+02,2.788790311534830479e+01
1.700047349013654525e+02,2.725662420296303878e+01
-1.734215071039800193e+02,2.873104105819930965e+01
1.727630573739639885e+02,2.127846770445374958e+01
1.756407101772348653e+02,2.352417631062014181e+01
-1.764791146571410820e+02,3.171376697424782520e+01
-1.569400918342555542e+02,1.428885718313413911e+01
1.581044519988524257e+02,1.155029254372417036e+01
-1.705976900131956313e+02,8.171443028457050062e+00
-1.769767267282110765e+02,5.684084512959849178e+00
-1.776703009365899106e+02,5.289278911299191144e+00
1.668719498174351372e+02,1.095657214355156306e+01
-1.610090134422784445e+02,7.641333455378092054e+00
1.644852095310683353e+02,1.273907346299832177e+01
-1.676222668748637261e+02,1.268895836579802605e+01
-1.723127830768400770e+02,1.600182969485960882e+01
8.254324113311717781e+01,2.399565276794763236e+01
6.306630326380081186e+01,1.858169855698096029e+01
6.183285410223810885e+01,2.373821987060223293e+01
7.422964866651977900e+01,2.596368339351808530e+01
7.654200833425065298e+01,2.715078406808279610e+01
5.924140173156137479e+01,3.552282940862234284e+01
7.866757220124745231e+01,3.170520848228008504e+01
6.131515596937241241e+01,2.642604815420461506e+01
7.354198211431685195e+01,3.709373911551146108e+01
5.981924034505551901e+01,2.876571516635232229e+01
1.349150719651212000e+02,1.687305952063112713e+01
1.601754250945402589e+02,1.553258392992507808e+01
-1.539928824949849400e+02,1.901329798599982013e+01
1.558678344281868533e+02,1.443062111892503907e+01
1.693571825998383815e+02,1.543890805373699493e+01
-1.605314515696796320e+02,1.063498095405183541e+01
1.639095408698872234e+02,1.702111629786294245e+01
1.756520294769077850e+02,1.090154657629353352e+01
-1.592530469372966024e+02,1.803219189866882743e+01
1.777084159814537259e+02,1.710389776924732530e+01
8.181527643074316813e+01,1.194498880464833412e+01
6.260540781328752047e+01,1.302319425267040742e+01
5.827229060685470330e+01,1.435384721098112237e+01
9.327205896923987893e+01,2.118300867397609721e+01
4.492686580297105792e+01,1.118538648424197746e+01
6.558884804070081032e+01,1.151663608899633928e+01
7.679561539243806578e+01,8.472055207496076434e+00
6.372969836796017518e+01,2.037191237518796427e+01
7.707793806266317915e+01,1.248240513362137705e+01
8.244028348322343902e+01,1.445364118388233976e+01
7.928813835530782228e+01,1.332394176469007618e+01
5.569247289714276405e+01,1.551994261303337908e+01
8.237608883393649251e+01,1.650416599368290349e+01
4.967712159949702766e+01,1.009520917823102337e+01
6.153647904849897543e+01,1.212293510276908748e+01
5.863603233305565254e+01,8.875975539038723383e+00
5.734908350491820528e+01,7.965905563080527330e+00
6.302018590194717262e+01,8.634057217207125490e+00
5.972016038134177052e+01,7.057478730571265402e+00
6.911291914225267874e+01,8.376783596159164347e+00
-6.732859637380974505e+01,1.391475654516649030e+01
-5.650433893500539284e+01,1.733828556081912708e+01
-5.582032747693618546e+01,1.012028879740958587e+01
-8.648383085633062706e+01,1.830148438951922429e+01
-6.090538466835092635e+01,1.796478602798795876e+01
-6.627805394977576725e+01,1.922213394302411515e+01
-6.594174322264292698e+01,1.190895601215861710e+01
-5.216700157764775270e+01,8.148946034671229910e+00
-6.774137994484631520e+01,1.060464449635299289e+01
-5.180366253700613299e+01,7.989421866417817597e+00
-1.752251732899462695e+02,9.349555620819300472e+00
1.756272254442347389e+02,1.264335087877748265e+01
-1.690643871585836564e+02,9.430171224949583930e+00
1.678310361997217512e+02,1.418448198692919959e+01
1.792165850639308076e+02,1.350657809334765602e+01
-1.719850217775865246e+02,1.992360506452249780e+01
1.774276065279576358e+02,1.193453437227738334e+01
-1.655712516711076887e+02,2.050855573213624083e+01
1.556534358824614515e+02,9.704237861155990075e+00
-1.744123301512249213e+02,1.063163302768478502e+01
-1.560687851318223522e+02,1.459047854179433834e+01
1.568698323388392168e+02,6.224194515566745523e+00
-1.664843979259514697e+02,1.550456225655059406e+01
1.750548698769076452e+02,3.206991310907663095e+00
1.785170275510877218e+02,1.198546655344457612e+01
-1.787816830188894812e+02,6.665147179968756497e+00
-1.772856157505802628e+02,5.815696461612258616e+00
1.714234966455280471e+02,1.190562776284611779e+01
-1.766635498253294259e+02,4.811762008019917936e+00
1.724200572623585686e+02,1.031418120230694413e+01
6.607233485769555159e+01,1.536224903316366408e+01
6.752015551884404942e+01,1.927553720335426135e+01
5.440864828590612490e+01,2.075160564720712131e+01
6.865876405402514138e+01,2.296584428242531573e+01
5.905837574191383510e+01,1.423057194988049901e+01
6.650089994463945686e+01,2.238786767099202279e+01
6.260219413078813488e+01,2.217179945083878323e+01
6.576517337500061444e+01,2.583204777424773368e+01
6.051906946354522177e+01,1.004500824908287449e+01
5.711634380004176137e+01,1.700376604544979031e+01
-1.714078476606560741e+02,7.689820336083132091e+00
1.770230831216919114e+02,6.025725487692986881e+00
1.745959578085283965e+02,9.369702100081740426e+00
-1.708900409932717253e+02,1.564218493063885873e+01
1.760633143266117884e+02,7.411208403125928434e+00
1.728460410771882891e+02,1.138449698135416810e+01
-1.625872815972425371e+02,9.667188631862341452e+00
1.715693914843014056e+02,7.836853129400813245e+00
1.776659780333374954e+02,1.111633180466893123e+01
-1.641768529879436755e+02,1.121487560101445524e+01
1.770149872309728210e+02,1.295720890442402506e+01
-1.766588679738605947e+02,1.385585475488178275e+01
1.692475625996605118e+02,2.277410105401960294e+01
-1.595839681339865876e+02,8.394799611905542136e+00
1.705256977742866695e+02,1.482169663258979853e+01
1.742905780476679922e+02,9.903134907323812186e+00
-1.697892858893942218e+02,1.750021703695190212e+01
-1.796925154598716290e+02,1.509765902844230467e+01
-1.714619165432361001e+02,7.202394693327509145e+00
1.762364661998684028e+02,7.553822517937423875e+00
-1.665498090572796741e+02,2.416314729002526818e+01
1.701623242503572158e+02,3.140345277744436103e+01
1.713391506480589328e+02,2.036706984345318006e+01
-1.713373075338462854e+02,2.261337242506954581e+01
1.586846672724683458e+02,2.185800320120747742e+01
1.790511344771574329e+02,1.284704947683998455e+01
-1.693534281602772751e+02,2.756065177613471207e+01
1.626809589481549665e+02,2.540966857171397919e+01
1.770404848587318440e+02,3.844738151587668540e+01
-1.693847485060980773e+02,3.249291354206728499e+01
1.709745516903474822e+02,7.982698763897056793e+00
-1.719956215924838148e+02,6.888369908139049258e+00
1.641799205908046702e+02,1.389038910764093870e+01
-1.653634542826779352e+02,7.189131281486685232e+00
1.761572779260828554e+02,1.243785332206284799e+01
1.771433243328881986e+02,1.100872820283209208e+01
-1.786357716541320997e+02,9.130675774499968256e+00
-1.797730781473888726e+02,2.014399597009265008e+01
1.758961522631818752e+02,1.287577798232351967e+01
-1.681843874002461519e+02,1.799763601241500766e+01
-1.715767636075281928e+02,1.901794330097515839e+01
1.600125258690627561e+02,2.001263950212647558e+01
-1.768232957768016718e+02,6.971801204500756910e+00
-1.659709645920624723e+02,2.450870303594534505e+01
1.654479452734969698e+02,3.506006877602790439e+01
-1.546464557519374807e+02,2.266498706686148168e+01
1.751889242770016324e+02,2.359270294619388864e+01
1.622379803521386634e+02,2.102878018457037967e+01
1.740627330965876354e+02,2.147863579300995340e+01
1.629324956106211175e+02,1.691074971593623388e+01
-1.777403689017878321e+02,1.783142378463848132e+01
-1.785061284733905040e+02,7.296281923163801864e+00
1.654235720506345046e+02,1.145828532675186828e+01
-1.648236362995687045e+02,6.576477215920122354e+00
1.548576880889706899e+02,1.465800550059025120e+01
-1.654614259964719167e+02,7.638604973535267462e+00
-1.556362470899308335e+02,1.017415425074393021e+01
1.471449591199824738e+02,1.904322084071280585e+01
-1.653169373094409593e+02,7.258047245607977871e+00
-1.720947576076117969e+02,1.082778596901314216e+01
1.709032863330511418e+02,5.795974664324507586e+00
-1.679947151071483518e+02,1.307898827946178599e+01
1.736116164700302420e+02,1.056149899899820888e+01
-1.674063563815726070e+02,1.369959828384048706e+01
1.655907409740081278e+02,2.028860218076381372e+01
-1.582954551186888352e+02,1.624128969192634031e+01
1.603487737243808908e+02,1.442641387511307371e+01
-1.702264607976431137e+02,1.415409292393302287e+01
1.609349432018624384e+02,1.386992431144302529e+01
-1.606223613340420115e+02,8.555770245625925696e+00
1.609247165396575383e+02,1.518829656892494384e+01
-1.542152588044191646e+02,1.601734702884517603e+01
1.627250985121731617e+02,1.065995591610873028e+01
1.375088668095546609e+02,2.228130474437927333e+01
1.790742940821059790e+02,9.225325851984788272e+00
-1.519017592905390472e+02,2.129859411420764204e+01
1.470269600523595557e+02,1.819169691403114797e+01
1.457694802721065344e+02,1.790210710572711150e+01
-1.579543875699951911e+02,9.798669068002809013e+00
-1.788705505214348932e+02,9.315249951802956119e+00
1.629473973016704917e+02,2.076101493913422757e+01
-1.641523720701227376e+02,1.620470639709978400e+01
1.706729549048323804e+02,8.108044240252526791e+00
-1.648327047726975820e+02,1.120016857643835628e+01
1.732653437710011417e+02,2.079547640252392782e+01
-1.772633105899644761e+02,2.136410894642982683e+01
1.763196724663535520e+02,1.808457391468569142e+01
-1.778474831247519887e+02,1.292370268279228718e+01
1.711272506900483563e+02,1.477266874085719905e+01
1.769516333344063526e+02,7.453995235573339428e+00
1.708208979722175798e+02,1.122029380671374454e+01
-1.732024688224895783e+02,8.512038822153970230e+00
-1.772179244687076505e+02,8.227688522148682182e+00
1.715173216747276399e+02,7.946596307945171134e+00
-1.670505732835168544e+02,1.191259919247907817e+01
1.768047376766639900e+02,1.556716552185352498e+01
1.765962198526283373e+02,6.343997611341396059e+00
-1.585319151037741960e+02,1.410107438993890305e+01
1.558146326330111719e+02,1.088698035238005701e+01
-1.570744365929219271e+02,1.337779130938567818e+01
-4.000410641198837425e+01,2.628879613851540142e+01
-8.060693955052776971e+01,2.333295059104913349e+01
-5.989164716855574966e+01,2.793499716981658665e+01
-4.687788003738965159e+01,4.021226374492493960e+01
-7.863444473994674411e+01,3.278710343431866647e+01
-4.155891556765656247e+01,4.130654815394053969e+01
-7.488317928719497729e+01,1.977071466168840175e+01
-8.851219563571528681e+01,2.805989542841062701e+01
-5.903456199388107706e+01,3.613357715494174727e+01
-9.945360964648116919e+01,2.143557247243406749e+01
7.052276325624561082e+01,2.029617865779054142e+01
6.337333492466802198e+01,1.837946194851888393e+01
6.775173291841312562e+01,1.547032129736215111e+01
5.501058991211247218e+01,8.610239991323187070e+00
6.539538230513181816e+01,1.240189935162259616e+01
5.940078399034854328e+01,6.498747242903720078e+00
6.724212712104075251e+01,1.463101758873374614e+01
5.147795397938985928e+01,1.018068411854200228e+01
7.309611740146915793e+01,8.230599484741382810e+00
5.794560548258011323e+01,9.679861365971088816e+00
1.732463007372327866e+02,1.714748570944610151e+01
1.694673215124456362e+02,2.030901344881913317e+01
-1.795006194750243935e+02,1.675067117249614768e+01
1.683480341628219605e+02,1.747458797048676971e+01
1.761507151730629346e+02,1.355124254685303775e+01
-1.722582316304884102e+02,9.264058283114877668e+00
1.767532601327267514e+02,5.567122192515967072e+00
1.798242264922018876e+02,6.773475389416585557e+00
-1.780250918588932052e+02,8.004617400723390119e+00
1.706854001602787605e+02,1.331560300883882242e+01
-1.710178821631604649e+02,1.677742410402933615e+01
1.622207093881607420e+02,1.336439251323267996e+01
-1.625706504065404943e+02,8.100224378231946076e+00
1.637114734163155561e+02,1.173299297084627213e+01
-1.701620322757346173e+02,1.169029518296560433e+01
1.691150989268660680e+02,1.060752284194760797e+01
-1.797156448823525920e+02,8.456614622526730685e+00
-1.743439405990811508e+02,1.089584253977538353e+01
1.627426927592224501e+02,1.429071601500071687e+01
-1.657648885278788953e+02,8.933923508897285259e+00
-8.023711823946773336e+01,1.483671533465379966e+01
-6.423185299102564727e+01,1.943273718155053587e+01
-6.932049774017185939e+01,1.247639503270615080e+01
-7.618129260096141309e+01,1.155757195100525081e+01
-4.274268612020059521e+01,1.218913117184228767e+01
-7.669485918092357224e+01,1.280081445098751480e+01
-4.302320918953250839e+01,1.287876523115792438e+01
-5.667745030246782534e+01,1.859107651334895195e+01
-6.402261247648942799e+01,2.085317198246897874e+01
-5.555484499018755429e+01,1.556955095542213030e+01
-1.730451453803028414e+02,1.326293324628034043e+01
1.732114693255153952e+02,6.357113738269833725e+00
-1.769901719366069415e+02,6.423078426830091558e+00
-1.659254988704682319e+02,1.403962747753146800e+01
1.623055317843810030e+02,9.874342388484265598e+00
-1.574113217983660604e+02,1.742417711397808233e+01
-1.466505798456637137e+02,1.297456818526344335e+01
1.491661000706799882e+02,1.922777363553857555e+01
-1.624569163540323018e+02,2.278036475635166624e+01
1.601342718459764001e+02,1.493892834193142782e+01
-5.579420003489378388e+01,1.884283710828161773e+01
-7.241840366710106025e+01,1.958328190168091965e+01
-6.242313747697363624e+01,1.624602435687551605e+01
-6.674145499506060730e+01,2.014897508292607853e+01
-5.786110750562539806e+01,9.122044801476889120e+00
-7.254952247982045321e+01,1.871034291404643923e+01
-7.519487600952393791e+01,1.756446461170457241e+01
-5.943995249141304527e+01,1.402023813380182204e+01
-5.872309427040080720e+01,1.514743470692448568e+01
-8.216997700362793466e+01,1.511058252762623688e+01
1.695619922729590598e+02,1.352581741950725203e+01
-1.710892866136961459e+02,1.175536595358239111e+01
1.760818782625383108e+02,9.294928627390021347e+00
1.746140570225358601e+02,9.905174846476215933e+00
-1.744164533531075278e+02,8.464509087665875953e+00
1.544655406641354318e+02,1.239448175761927828e+01
-1.742573510852992058e+02,9.671093626138167920e+00
1.753794559547310428e+02,9.466744336812496385e+00
1.715595017078688045e+02,1.123241434149048601e+01
-1.627789873632098363e+02,1.014015829530529089e+01
1.743930778472673353e+02,9.835857190234488456e+00
1.734969456759362174e+02,1.531091883252451780e+01
-1.678164745499519768e+02,1.941791023596649879e+01
1.675642373019300919e+02,1.131318148340215402e+01
1.681937646437970955e+02,1.389297822051544529e+01
-1.703635245065058541e+02,8.324329726810756114e+00
1.626884813507194281e+02,1.702065805478399341e+01
1.754181352654251214e+02,9.364633908305789234e+00
-1.683795066279384685e+02,1.834752457062282360e+01
1.659876886026411853e+02,1.975954893506288101e+01
-8.028515227968264867e+01,1.358622261482147664e+01
-6.935336812134568163e+01,1.114228860109365016e+01
-7.915931892977017981e+01,1.085603691243026603e+01
-6.445790682997522936e+01,8.103366241029650752e+00
-6.973571427145986945e+01,8.911344779199016131e+00
-7.675460713873061991e+01,1.193992241991860226e+01
-3.991869162548854177e+01,2.000400389946013036e+01
-9.030444966716109434e+01,1.520213089041790688e+01
-6.283311329735277440e+01,1.135361626274306701e+01
-5.141054368375944250e+01,1.176703820465411532e+01
1.778841986693317949e+02,1.500030208836173706e+01
-1.769665377983564838e+02,1.593447912818944445e+01
1.659128253132647615e+02,3.073015079731546351e+01
-1.748758924822184895e+02,2.085508791588249267e+01
-1.657837833115269461e+02,1.007076572316387875e+01
1.731619454419674184e+02,7.861278593446488827e+00
1.792175872340748413e+02,2.613245538611680274e+01
-1.728807074027130284e+02,2.539417822199105501e+01
1.656168370406641941e+02,2.295744151075356498e+01
-1.773038219800910440e+02,1.747247576595312779e+01
1.663795071366787113e+02,1.577548837569452900e+01
1.648085852970613701e+02,8.023566886351037653e+00
-1.665181619310977794e+02,1.170530837194469420e+01
1.709111573083865778e+02,1.554044141159826964e+01
1.716920514243591924e+02,1.184512504234420049e+01
-1.650797446908378276e+02,1.611904700173936789e+01
1.671916869906961836e+02,7.867119130287930417e+00
-1.775492346624983497e+02,1.493080598164821637e+01
-1.705619197022412834e+02,1.070580637276641589e+01
-1.799083103320868418e+02,1.574582822951922978e+01
1.774927829161533452e+02,6.924829075201824224e+00
1.682570277399702832e+02,8.275077806829877147e+00
-1.790317956746443429e+02,8.901769417870687207e+00
-1.756365797862260933e+02,7.163274997675048716e+00
1.562073753437030348e+02,1.296209645853919312e+01
-1.584602922151314317e+02,1.520195758431986022e+01
1.776344541375233064e+02,1.386540748182223837e+01
1.681296364665822125e+02,1.396985751240663376e+01
-1.773977548458231581e+02,7.108152194220919817e+00
-1.785099964105723416e+02,6.794972535146744264e+00
-1.690959739030246567e+02,1.555381157171964190e+01
-1.709121333116918890e+02,1.651543557989791822e+01
-1.767804164578886912e+02,1.622555096982475931e+01
-1.788490675052175618e+02,1.288768845138487151e+01
-1.798516687651566599e+02,1.685961821395603977e+01
-1.702627364571920339e+02,1.567596372762213264e+01
-1.769201311546392219e+02,1.862551878389006887e+01
-1.721954159497998091e+02,1.510142719995368310e+01
-1.734950093361492804e+02,1.219716472898655724e+01
-1.787056168833650531e+02,2.248050757527992971e+01
1.025772966549218950e+02,2.701966649737515880e+01
7.281615006379890076e+01,1.183261654406173946e+01
1.219663320831725706e+01,2.480348266384054057e+01
8.326107080264374360e+01,1.507135961689289516e+01
3.843087482463700155e+01,1.247994191858066770e+01
-7.140397114816536828e+01,9.024654824448008483e+00
-7.274079085455016980e+01,1.216579049971698190e+01
-6.039810468062830040e+01,3.081014332258783739e+01
-6.118400910972576412e+01,1.973154696023255639e+01
-5.433653011143825040e+01,2.017438712149810698e+01
-5.276304208350445890e+01,2.649887082683564898e+01
-3.539367282838033901e+01,1.739405852523599094e+01
-6.228787806727426357e+01,2.456189189164158293e+01
-6.997244480667261257e+01,1.457950115666424296e+01
-7.096970969834382004e+01,1.586281369505372396e+01
-7.709950114469647531e+01,2.031445576711741907e+01
-6.232680216135492657e+01,9.488414861245377807e+00
-6.362188508118116204e+01,2.108544357335069819e+01
-4.723869052814066549e+01,1.039266152021951051e+01
-6.402714835416385597e+01,1.923208877073849976e+01
-1.567332914621850932e+02,1.392692236329428823e+01
1.633107636961962044e+02,1.840079268504369736e+01
-1.703886776738968081e+02,1.765998727160199877e+01
-1.668129811415244887e+02,8.809799513890235190e+00
1.453923710604627502e+02,3.047835615118094665e+01
-1.642457441374450298e+02,7.885346206981557415e+00
-1.792844256906491296e+02,1.621654096645059440e+01
-1.781213196744938330e+02,9.241958090147521787e+00
-1.740318668874838579e+02,1.072604318308939142e+01
1.643053826498827732e+02,1.266959141231123454e+01
-1.657225885327090964e+02,1.935778465679751292e+01
1.663583522394540921e+02,1.934404995717220288e+01
-1.746032250068335827e+02,1.182791554573936565e+01
-1.729596411319857054e+02,4.327896796720383854e+00
1.709440255098485011e+02,5.889459370262120963e+00
-1.636669667135638804e+02,1.243135145265545383e+01
1.621533833051973943e+02,1.547753651757294691e+01
-1.636977944649275400e+02,1.987451503222325044e+01
-1.645576066416645347e+02,1.568367293193325196e+01
1.463240232318210303e+02,1.136425407106685626e+01
-1.524029516798302097e+02,1.687926648405718311e+01
1.648311497297609094e+02,1.078506380773571749e+01
-1.708583939087167778e+02,1.242558354449441005e+01
-1.551331253152427507e+02,1.869165947766767033e+01
1.498930348718303946e+02,2.041424132800745639e+01
1.774050202388054913e+02,9.776363577206490518e+00
-1.551688230736169771e+02,1.989534843243845330e+01
1.646929078910750377e+02,2.155691509374221937e+01
1.679992330985895705e+02,2.184577090193679538e+01
-1.640071393396266330e+02,1.673364846285605978e+01
-1.770288800868856924e+02,8.257985459935341055e+00
1.662845940614064659e+02,8.450170866694810101e+00
-1.636604010547206087e+02,7.917965695331398379e+00
1.760075562863462721e+02,7.418065643708475321e+00
1.682810531344913443e+02,6.391813906109594434e+00
-1.537453289922685542e+02,1.770987037763874739e+01
1.632055019078328257e+02,1.216599192827045961e+01
1.623656748409175634e+02,1.326163767351018663e+01
-1.575334180371158936e+02,1.617518811179623128e+01
1.717364399052741248e+02,6.299761683123566769e+00
-1.622911346789421430e+02,1.010258167737794111e+01
1.715703751739882534e+02,1.564484758715767043e+01
1.721642263981997303e+02,6.823785128841439729e+00
-1.649468717653690817e+02,1.588016055110812630e+01
1.672642470975394247e+02,1.046563286102014700e+01
1.637810909690693393e+02,1.288764012528636371e+01
-1.666610256324913450e+02,1.381908003241962568e+01
-1.753309965674814350e+02,9.955972752590799502e+00
1.635705582913571163e+02,1.293597372604433815e+01
-1.611188279256768396e+02,1.177526894946217695e+01
1.478390288098659369e+02,1.607798175105967786e+01
-1.745827093047086578e+02,1.733365032173631448e+01
-1.737480156960614295e+02,1.847658572544010980e+01
1.587413374252290907e+02,1.579313574493480488e+01
-1.773400911998887466e+02,1.277312615950614827e+01
1.786511230106887069e+02,2.258901811718738983e+01
1.782197215009834679e+02,2.348374836828770995e+01
1.717463800382032559e+02,1.352826810871487950e+01
1.745187506710541356e+02,1.046049289200375298e+01
-1.788168834889466439e+02,2.340630753355279836e+01
-6.717205425343564684e+01,9.002370060036117394e+00
-6.681747226875711476e+01,1.435421770963573707e+01
-5.723808176811016324e+01,1.913721894646431920e+01
-9.015646838610719271e+01,1.629643782943382746e+01
-5.044344090970628258e+01,9.379868057647675172e+00
-3.779117777400045242e+01,1.983360170800349920e+01
-5.001822233961051722e+01,2.918415140095196847e+01
-5.225174175050816672e+01,2.346348499486823158e+01
-5.414555373490026113e+01,1.472540220025901903e+01
-8.555745106556939561e+01,1.564286495882834060e+01
1.675956744158163758e+02,1.766167991656327274e+01
-1.498309043625619665e+02,2.309033052488407378e+01
1.668197494714284232e+02,1.022384063752789984e+01
1.477769018475321161e+02,2.179365903424766771e+01
-1.658533209181308905e+02,1.359284781327913372e+01
1.757870360259321103e+02,2.385038561262938472e+01
1.732609356828149600e+02,2.083608537266342609e+01
1.763255792134532101e+02,1.743363777358394628e+01
-1.740632733087336135e+02,1.734158074306418840e+01
1.669488294520982095e+02,1.825682028997205464e+01
-1.782817911127336288e+02,1.232166481510174982e+01
-1.659115070990124252e+02,1.531351400423054265e+01
1.583029803892267751e+02,1.475294390352830121e+01
1.786407600000960656e+02,2.611048657488527525e+01
1.773641398169276613e+02,1.666915963624524366e+01
1.559646345156643577e+02,2.452932502718387298e+01
-1.730412864298705244e+02,2.127305800290034909e+01
-1.759809226668673432e+02,2.491387980647706257e+01
1.667106395794085074e+02,2.181213804557002334e+01
-1.641597187020664990e+02,2.145937997548490372e+01
-7.653366980463296443e+01,1.405522052412636391e+01
-5.300727498040429708e+01,1.964175232613016675e+01
-7.736041025955142914e+01,1.883504524342182052e+01
-8.579176936050014035e+01,2.719465728698391871e+01
-5.169895775543987071e+01,2.011216934891975683e+01
-6.416452927040585053e+01,1.814660754053106473e+01
-7.694776784234862532e+01,1.645495932096736169e+01
-8.400785212703415539e+01,2.205442959620716081e+01
-5.218257683913896727e+01,1.608108983935100156e+01
-6.534216961858241746e+01,1.664015086201337468e+01
-1.680327027956970198e+02,1.765152187411924700e+01
1.551564113803030125e+02,1.747964171913758591e+01
1.760441040876209229e+02,1.577042228027305981e+01
-1.335650918814064028e+02,2.099695315479046442e+01
-1.466974939771496338e+02,1.530064785482001710e+01
1.355120547158263093e+02,2.369611895443242133e+01
1.080263865418862963e+02,2.708373202965247017e+01
4.694179502394998593e+01,2.416736315517712441e+01
7.779043546275194387e+01,2.067928710264697045e+01
6.650553744143105916e+01,1.799853974535908918e+01
1.552083102319038233e+02,1.522547687829404239e+01
1.524329090609846276e+02,1.685867212507467272e+01
-1.573094235514427908e+02,2.164522946861357866e+01
-1.555621984669493827e+02,2.077074924868589179e+01
1.338216632344113464e+02,2.534236880540073855e+01
1.367903645965378132e+02,2.379674521309313207e+01
-1.490568650666209862e+02,2.693766272553020968e+01
1.731615949500049965e+02,2.116777931107938571e+01
1.618567023837429133e+02,2.509452511690985688e+01
-1.587583289867330905e+02,2.795614033652205421e+01
-1.799498371496714526e+02,8.890192429805690466e+00
-1.543929569277196094e+02,1.729791485878781288e+01
1.664754489247968365e+02,1.378309028294690108e+01
-1.724691838703396058e+02,8.836437995704748971e+00
-1.761483343126951695e+02,5.814992493387897809e+00
1.746984065909094568e+02,8.024746329984168369e+00
-1.743246268238952439e+02,8.839410023528039062e+00
1.782495611102271482e+02,9.437382051453246490e+00
-1.743651664779092982e+02,1.262845761234951070e+01
1.734017219151739084e+02,9.056701521571456581e+00
1.720801554264567415e+02,1.248099777679434652e+01
-1.721768414986175060e+02,2.689153437929819646e+01
-1.772486166426297132e+02,2.403759613726738209e+01
1.785666378622790376e+02,2.188071141074514614e+01
-1.735757518753414388e+02,2.516140812156513462e+01
1.708956712571564935e+02,1.645305011184965238e+01
1.714190950689012425e+02,1.413673488469542860e+01
1.658037077046842569e+02,1.485294580096713446e+01
-1.779267013480819628e+02,1.504338363371423881e+01
1.696533282279116861e+02,1.985201421159492341e+01
-2.225853789504261115e+01,3.614759023892415968e+01
-8.622379318041735985e+01,2.366574258487583293e+01
-8.279121842985719582e+01,2.176896027450894522e+01
-6.003485194234386313e+01,3.637701168128062790e+01
-8.255396294555409042e+01,1.580341177861759405e+01
-7.326938144354892302e+01,1.822995682723056277e+01
-6.452798907136073581e+01,1.674053039697045620e+01
-8.082010167912019938e+01,2.110433643547787597e+01
-4.092891327421864389e+01,1.994669074539402942e+01
-6.181315197579445453e+01,2.068414728052968599e+01
-6.462762966317730218e+01,1.708976342377144775e+01
-4.241900589555832823e+01,7.086978171522346770e+00
-7.640037410983812549e+01,8.561564044592438805e+00
-5.144501689623886875e+01,7.055485165363670319e+00
-6.983168839981631493e+01,7.327550414500963782e+00
-5.647815226902280017e+01,4.284149215803835453e+00
-6.205100313764952347e+01,8.512968285659876955e+00
-7.162482186542278839e+01,1.170184890170269476e+01
-5.708699270443407414e+01,6.039123641961801070e+00
-8.135830301239604978e+01,1.356342925140977229e+01
1.622589646098232095e+02,3.087313685049494794e+01
-1.645386292084647266e+02,1.305538241619820994e+01
1.780997599039465058e+02,2.074940454276573121e+01
1.596352514429178768e+02,2.068505233513319297e+01
-1.532417451926877163e+02,2.281335673570904277e+01
1.771605186934234837e+02,3.013876271068705393e+01
1.592295213313286979e+02,3.218129451122722173e+01
-1.649383041289531207e+02,2.780137838221413560e+01
1.597615724215210378e+02,1.981033687121558984e+01
-1.770990804031717971e+02,2.321562185849559512e+01
1.766202946916982057e+02,1.877238057531474880e+01
-1.759032934195604128e+02,1.857177405742871912e+01
1.778417577895795887e+02,1.823983199679721778e+01
1.777688305271763056e+02,1.332124325982764113e+01
-1.753258369553386160e+02,8.677383416240619596e+00
1.664522296856008552e+02,1.322636772001403749e+01
1.743596872784666800e+02,1.504839747942893169e+01
1.761519527718261884e+02,1.624021612567969441e+01
1.634203085242901921e+02,1.488668164716306563e+01
-1.739621147471936524e+02,1.202539998564603074e+01
-6.700368432957048981e+01,1.711113685985430877e+01
-6.852759749655749033e+01,9.006366981355482082e+00
-6.796610490741998944e+01,5.423007527036727282e+00
-5.586414134766951634e+01,8.861003108589830646e+00
-8.329552405734757770e+01,1.066493926254894120e+01
-4.889558321859677648e+01,1.334175350437855023e+01
-7.694077847242084545e+01,7.834850571259666552e+00
-5.813746908870591312e+01,6.169645052899595861e+00
-5.092052209444376132e+01,1.057597786979804155e+01
-9.860298560581225047e+01,1.452547179424070656e+01
-1.647348174990735856e+02,1.383748014699633266e+01
1.629739557135587233e+02,1.368813453444229111e+01
1.773800635863619561e+02,1.198934790887047086e+01
-1.657643685531396898e+02,1.418880821179541307e+01
1.648184922546865607e+02,8.400685405125431160e+00
-1.732312352701612497e+02,1.131188550418761096e+01
-1.510847658612711939e+02,1.332676803680125843e+01
1.599595986836793315e+02,1.352014570060887522e+01
1.490406930964804531e+02,1.787321477692193383e+01
-1.553416775852905118e+02,1.982845760560026349e+01
-1.333564794679476790e+02,3.562586919276014896e+01
1.743468064906414270e+02,3.400998005734350471e+01
1.790618153148140834e+02,3.618565605396774032e+01
1.657285013202726702e+02,2.608739296624324666e+01
1.332397638554158732e+02,4.338137350158186223e+01
-1.607448334133407286e+02,4.636113919492888158e+01
1.633546327992041256e+02,2.523306433237457114e+01
-1.492028225569765141e+02,2.523933875984795705e+01
1.533786990701970012e+02,3.335216072165901124e+01
1.056899564276938008e+02,2.232603906386582793e+01
-7.518316285713541447e+01,9.658810179982825872e+00
-5.325318902802284526e+01,1.191221045432023296e+01
-6.907981188508442472e+01,1.422691403568371449e+01
-6.535728253388816711e+01,1.496584790605895066e+01
-6.623655705676132754e+01,1.341337344346128191e+01
-6.871735179332064547e+01,9.242270419166684903e+00
-6.661383357222696588e+01,1.852424124827271612e+01
-8.437193617521985800e+01,1.225798312818050917e+01
-4.762309453964290640e+01,1.652684648136740009e+01
-7.077960645060382205e+01,1.289694439852292973e+01
1.707127283446132537e+02,1.396717686328334729e+01
-1.720243504230456040e+02,1.172173970765631168e+01
1.797732818035579214e+02,1.388233047935028885e+01
-1.795377201117834716e+02,1.556787500561711823e+01
1.646513982991288003e+02,1.384560742498779540e+01
-1.639127993743038303e+02,1.391461698474940079e+01
1.704257119978725541e+02,9.071819030831704822e+00
-1.734108243721402971e+02,1.072964743591630743e+01
1.766309525856341338e+02,5.011215151317148120e+00
1.785743858028691307e+02,9.599619691442994096e+00
6.467913921334692873e+01,1.542799130028475219e+01
2.034521064255566714e+01,2.543156992410619210e+01
6.042593035949298752e+01,1.774894293367630382e+01
6.372965105277037878e+01,1.314737785933458269e+01
7.121029574788414607e+01,1.353125913133930780e+01
7.424351102658111756e+01,1.938028139209719569e+01
6.456389718543999834e+01,1.278353936912239419e+01
7.535358244285579588e+01,1.745127832247656485e+01
4.248206167952626799e+01,1.256290632934312512e+01
5.824074877206545864e+01,2.063531606859269374e+01
-1.752189822728145430e+02,1.210859760320289880e+01
-1.781844264306702712e+02,1.490548013317200393e+01
-1.685497243269939531e+02,1.371121776322423358e+01
1.759322758684236589e+02,9.633000187673918191e+00
-1.786031124621982826e+02,1.293322076430742662e+01
-1.742029719001410797e+02,1.103778692791180127e+01
-1.788384000271250329e+02,1.026194261576180367e+01
-1.797450881841835155e+02,1.077487017586912899e+01
-1.704547549300626770e+02,1.290037329865737803e+01
1.784939379294968660e+02,1.500237451565333657e+01
1.767714510582825937e+02,8.588080556979367230e+00
-1.714999042866829484e+02,6.210407800778067866e+00
1.704672993660964551e+02,4.940921012225979680e+00
-1.613390044943772352e+02,5.786232790016452299e+00
1.560879360431761143e+02,8.768089649874905689e+00
-1.679846637175102728e+02,7.214977427392105014e+00
-1.730227006800072616e+02,8.618148556206104871e+00
1.710717701635824994e+02,7.508893944235261131e+00
-1.710223002934582439e+02,1.014624425686077736e+01
-1.712581689222863588e+02,4.926424144615845435e+00
5.260527966854523640e+01,2.084601504416956530e+01
7.863491276647513928e+01,1.606374726406552611e+01
5.590292309910055479e+01,7.849642016782974352e+00
6.659849877042947242e+01,1.351621762355458856e+01
9.291360343637724384e+01,1.365367425901899878e+01
5.285484193225654082e+01,1.513527470347538006e+01
6.225414402531544056e+01,7.810059686374557941e+00
7.773577733992671313e+01,1.230246693303237038e+01
4.910973551709983553e+01,1.360895465878951605e+01
7.896928255999516466e+01,1.426005625566187263e+01
1.671201055700117593e+02,1.155615402450444940e+01
-1.788699669458574419e+02,7.224124372713347952e+00
1.775591738228280576e+02,9.878043523133095860e+00
-1.764816154778834800e+02,8.595125715411075618e+00
-1.738973848924104288e+02,1.100184457764353851e+01
1.758731303358695470e+02,8.724607819834854894e+00
-1.706621236062936475e+02,1.062298306260651515e+01
-1.751402916672315087e+02,7.275965185683839209e+00
1.776921736332317607e+02,1.298388626222463671e+01
1.779415300421081554e+02,1.143231108131131712e+01
7.130405691130729906e+01,8.907583328445781490e+00
5.430483771919863045e+01,1.078007290266777929e+01
7.164885285230957379e+01,7.121510399182596984e+00
7.111826100522442573e+01,1.158982761904913872e+01
7.744577644747970169e+01,8.990271391893383424e+00
6.382660028062385038e+01,7.255990856933284050e+00
6.506351388560440796e+01,9.258074980400937903e+00
8.227286557063634120e+01,8.859510231604563302e+00
5.752529286334407033e+01,6.991835061409940266e+00
6.922757377584147775e+01,6.850708200320063668e+00
5.505062356494219955e+01,7.591241443274256540e+00
6.260520020119084705e+01,8.106821912404779340e+00
5.411551363731489062e+01,7.962865053213008082e+00
6.220595858441635784e+01,6.361634409044571115e+00
6.881997296818593668e+01,4.768443486478546767e+00
7.082953121302118404e+01,6.849622912263679808e+00
6.720063515286803124e+01,1.466774364034429468e+01
7.267853907554808757e+01,9.195899691240070339e+00
6.075786852408882766e+01,9.843594309185700553e+00
6.484031905714756761e+01,7.498431957966131378e+00
-4.415351508856230822e+01,1.940424093632356062e+01
-6.713740764905269032e+01,1.793408372307727916e+01
-4.380765679231663512e+01,1.603415558643654748e+01
-7.301117305896369203e+01,1.746849140282815682e+01
-5.730173801525094746e+01,1.149479917132473261e+01
-6.463493532561957977e+01,1.004081515512724998e+01
-6.468228744748323322e+01,9.835554636151043084e+00
-6.263411789854532685e+01,1.209181470914015399e+01
-7.988661090946661147e+01,1.286976890838750975e+01
-6.742211949735410315e+01,9.182467629452130353e+00
1.641666502997635178e+02,1.179194673386148828e+01
-1.685214920348037992e+02,1.524491907537720436e+01
-1.772133051701285638e+02,1.265101745872664196e+01
1.678834754877884166e+02,9.550711311139540527e+00
-1.664153703163333944e+02,8.289741591635342743e+00
1.778036977862872732e+02,6.557843663574731252e+00
1.583673896996712358e+02,1.710948193034926490e+01
-1.725253343197375386e+02,1.152038577476850634e+01
-1.759696827135171873e+02,1.243398943213637509e+01
1.577085234903315722e+02,1.823728291643751120e+01
4.495148526725044746e+01,1.645309131708824779e+01
6.090207840076764967e+01,1.390243360697539643e+01
5.220916277151027174e+01,1.212817627179061830e+01
7.106610498613473226e+01,1.815430341316255536e+01
5.565726152080593181e+01,1.431683608291280407e+01
7.489934043817495990e+01,1.298455926604171928e+01
7.205664877007835400e+01,9.578955189438381979e+00
5.488528186001019549e+01,8.404089520886559583e+00
7.237097930278542890e+01,1.124844160569556450e+01
5.037488080835574777e+01,6.566964451286700921e+00
-6.280833544535689583e+01,1.205663626615352158e+01
-4.479425781838000376e+01,1.553658924720870260e+01
-5.465350393620759917e+01,1.188092484403472504e+01
-5.330401363374016199e+01,1.262100697267946359e+01
-5.488067377281580406e+01,5.097289243783028390e+00
-8.115177496655749678e+01,8.861927988572197989e+00
-5.767977770923126002e+01,1.148160371546158132e+01
-7.625128970233168957e+01,9.688709273109088471e+00
-7.223470659960250373e+01,8.823104192349664032e+00
-5.585613983549293948e+01,1.274998550104082717e+01
-1.407257724133288264e+02,2.546712914272535144e+01
1.661848069348648949e+02,1.274850588793404960e+01
1.622704583269433840e+02,1.278341707461444443e+01
-1.597083871020778645e+02,1.649628029251684325e+01
1.665566487809215062e+02,1.076752732447282668e+01
1.650416059999333243e+02,1.245365723039413197e+01
-1.634183177376530409e+02,1.039409288149894550e+01
1.671663631458930013e+02,1.114228951658891376e+01
1.720015752159845590e+02,9.050036187784762376e+00
-1.554401186969439550e+02,1.377302598370343745e+01
-1.760674294297263032e+02,7.823579770528615640e+00
-1.694200890554178613e+02,1.017762546966391746e+01
1.702135637386706719e+02,1.280417464306076702e+01
-1.713301597747647236e+02,8.551368579964851335e+00
-1.730272570879703267e+02,9.083714217337591990e+00
1.673041033980497048e+02,1.400232481294298559e+01
1.771220207652810075e+02,1.161192119846937665e+01
-1.653942744472898880e+02,1.247923427313228650e+01
-1.779798057221034071e+02,1.038793974926828056e+01
1.657621550853181418e+02,1.425495456138735406e+01
1.772322046612081863e+02,1.498795729962458267e+01
-1.594992742641859991e+02,2.336408022721570887e+01
1.769192470979764664e+02,1.657481065205237769e+01
1.677681341022425556e+02,1.349196705399449314e+01
-1.555129589971955681e+02,1.895088599539215934e+01
1.792641908802040689e+02,1.190999715055476216e+01
1.755760098467412149e+02,1.714680568144500938e+01
-1.758153621543143288e+02,1.654097632958767861e+01
-1.663980184992050511e+02,1.575701042930773355e+01
1.767555572573123470e+02,1.066139739942117970e+01
6.649687449060995448e+01,1.545555440681767578e+01
6.669720433113562308e+01,8.791458997400079411e+00
5.751251322872607830e+01,9.723798679971974224e+00
5.222096165099620180e+01,5.969704463399701844e+00
7.618473443446644922e+01,1.308343741727016507e+01
5.151366548783258281e+01,9.466262208207428586e+00
7.614136811437379038e+01,1.141506107331608888e+01
6.556624508195869794e+01,6.804971484822422312e+00
6.255790759072715446e+01,1.139568568235671542e+01
6.707041856919160239e+01,6.741331915003298647e+00
-1.724044974922651363e+02,1.291356887111306229e+01
1.768562821444525071e+02,1.778970122864673087e+01
-1.718856240773448576e+02,9.304195479322002527e+00
1.698582182198827013e+02,1.185977496034018586e+01
-1.610526702484444570e+02,9.496368434273687598e+00
1.687224450304316576e+02,1.613961724883732529e+01
-1.766900524616120833e+02,1.057917479641191250e+01
1.709232763110612439e+02,1.852502518027974077e+01
-1.600874263026276196e+02,1.040049336646509559e+01
1.591861995645156753e+02,1.334595295501690515e+01
6.230254032145182919e+01,7.652533807303942837e+00
5.531224733738476829e+01,1.121163936809782413e+01
6.294071383637960793e+01,1.107513453511223389e+01
5.913480332673584883e+01,5.433758434041259910e+00
6.010841520220802181e+01,8.348710989240737845e+00
6.540940646615150911e+01,8.637092482462090715e+00
5.818260059868370604e+01,1.046038480048113684e+01
7.178005553661020599e+01,1.098190363298515138e+01
5.084264024458689590e+01,1.703160553561959745e+01
6.774209656849411942e+01,1.580117676078450017e+01
-1.734150242447506685e+02,4.277252153808691837e+00
1.789175130755656369e+02,8.891509339650049526e+00
1.777351888549866032e+02,1.371852773470756759e+01
1.791891679809629920e+02,1.884589715179620484e+01
1.787955249484110993e+02,8.585416512202264983e+00
-1.779190553066063387e+02,7.487913927611538512e+00
1.796843204067631632e+02,6.526645683584276547e+00
1.767583607239778871e+02,1.009872210153728922e+01
-1.791977365708499121e+02,8.131615081879601803e+00
-1.727731576170863548e+02,7.702153147614264839e+00
-1.662880698039123502e+02,8.712996825998889250e+00
1.745841214278404436e+02,1.348354103882795663e+01
-1.695890342753635025e+02,1.282671468220797095e+01
1.679201868844482703e+02,1.306960511200931663e+01
-1.750574328705225469e+02,1.188695799054867663e+01
-1.790274608794089772e+02,1.897498607913626500e+01
-1.598222151038784205e+02,3.385321082770490619e+01
1.498330456305674261e+02,2.743194343059697360e+01
-1.641855854878049854e+02,3.775606393885880863e+01
1.570608507044602788e+02,9.807427237994843949e+00
-1.785937764656984825e+02,1.071072678386534527e+01
1.708415558430098997e+02,2.011487174254391164e+01
-1.628168423417557733e+02,2.190692417576851625e+01
1.651476760168030751e+02,2.967813148741771201e+01
-1.615983851127348601e+02,2.878791744275561726e+01
1.542326044766588211e+02,2.496010144845778811e+01
1.621402031140857218e+02,1.093164212710933825e+01
-1.408651296749329447e+02,2.122249543920267101e+01
1.536597397257124555e+02,1.152115092568292809e+01
1.107932494950547948e+02,2.431004326359699519e+01
1.764350193682240615e+02,5.246295468865075584e+00
-1.727999567066233055e+02,9.705086541716065440e+00
1.687107300496776645e+02,1.188914432453172054e+01
1.779248882456386411e+02,1.052431254704314156e+01
-1.573285321987359566e+02,1.174148510824571900e+01
1.695182272887511772e+02,1.584354290387656050e+01
-1.798360133745351561e+02,1.191456629282895818e+01
1.772996077429387469e+02,1.234792082153634674e+01
-1.775269546339089857e+02,1.457281874410037936e+01
1.705236626601048329e+02,1.026521702898591215e+01
-6.129709761108836830e+01,1.073925190467033808e+01
-7.093647924337703614e+01,1.271290396124354771e+01
-6.297750288516973427e+01,1.283261321469096217e+01
-5.191250390331216380e+01,1.287473182429345542e+01
-7.366488771159012572e+01,9.847030451980479882e+00
-5.368877862025122738e+01,1.268320314636888213e+01
-7.536718769386101258e+01,1.073157403985176472e+01
-6.539322449945849769e+01,7.143356104089493286e+00
-5.813513158485379506e+01,7.419363351546600427e+00
-8.015202816102863892e+01,5.774069165532183412e+00
-8.068064197517384173e+01,1.569437787759970959e+01
-3.740145250789315412e+01,9.646558629103283877e+00
-7.027809258445709872e+01,2.302201506894826366e+01
-5.151598854832509033e+01,1.303893391072691266e+01
-5.781700038054586344e+01,2.599023636293286188e+01
-5.389878033986865802e+01,1.280811037771333361e+01
-5.758600708730772055e+01,1.574813587079038157e+01
-7.571563368906764424e+01,9.229883439893260544e+00
-6.176309091909547533e+01,1.551073627981298131e+01
-7.176434923037945168e+01,1.472502306124698990e+01
1.720190980332135098e+02,1.199726295031331169e+01
-1.769256058112198104e+02,4.671459881929667546e+00
1.757987393173273460e+02,8.540921800078308479e+00
1.799577238671150496e+02,1.183034553974883707e+01
-1.535315068457358336e+02,1.831343105311395192e+01
1.512545396403186260e+02,1.493058964909431197e+01
1.142398322259452783e+02,1.718320144297335972e+01
6.317293043494436233e+01,1.135789661072900891e+01
3.579699173804455370e+01,9.911082106555536342e+00
1.058002291977827980e+02,1.621220353858750229e+01
5.114120126448740677e+01,1.468432074539612131e+01
6.702125071612623231e+01,1.314327082589690932e+01
6.015053215072744308e+01,1.345509136154651486e+01
8.105149031566429585e+01,2.006539214327765563e+01
7.758471372344972394e+01,1.715731471238299832e+01
6.943554326179597069e+01,1.034164503689996195e+01
6.891463246534149789e+01,7.968356040584431810e+00
4.996232562858907045e+01,1.360295597935133571e+01
6.270409205416885356e+01,1.307416815708981517e+01
5.358132149652723797e+01,1.179183289567675885e+01
7.050131044827480764e+01,2.940323849213788776e+01
7.240694089305826253e+01,3.112570580050986635e+01
6.301878588942845738e+01,2.575490540017690577e+01
7.789278403740047452e+01,3.314154332480061527e+01
5.338952796159320258e+01,2.284024236005421571e+01
7.030858011851228184e+01,3.477015881479857740e+01
6.979069110690826960e+01,1.899697726186390057e+01
3.671012218985575259e+01,3.625805177582272876e+01
8.681321479024930454e+01,1.476592109729465463e+01
6.075283952659286513e+01,3.768807262722244644e+01
-1.753820532998269925e+02,1.076533563834318663e+01
-1.792845689875738913e+02,1.487436694742188870e+01
-1.724518196081939720e+02,1.728799865368625888e+01
1.597666341869398821e+02,1.670606851180512464e+01
-1.624045620286423741e+02,7.522231177212562514e+00
1.681661256742234514e+02,1.177397985925720292e+01
-1.672670728247442753e+02,1.314978801699341204e+01
1.609287705855999775e+02,1.558886369542756611e+01
-1.631026131212855717e+02,2.751446743608468637e+01
1.595532314753052106e+02,1.154353570123550021e+01
1.785862080904824438e+02,1.264514654577415698e+01
1.788167290982416375e+02,1.597909235073037237e+01
1.779675655508186480e+02,1.266953423250634359e+01
-1.770882641851334824e+02,7.382876195957381427e+00
-1.772431745474187323e+02,1.431840794917152948e+01
1.789656311825696662e+02,1.403056524749159628e+01
1.794857787390766930e+02,8.171124304585971387e+00
-1.680307752687275809e+02,9.337591776388389775e+00
1.710213925780923034e+02,1.276796192974694755e+01
1.613801235629663324e+02,1.753283597951854489e+01
1.750703781335895712e+02,9.916661186630861380e+00
-1.755235315110036254e+02,1.126228879698268059e+01
1.666604695164134853e+02,1.456494543787221829e+01
-1.728002783915364375e+02,2.286374734635480621e+01
1.797934829779842971e+02,2.184656766842965681e+01
1.744222739992467552e+02,1.252914382630502210e+01
-1.765024072225284897e+02,8.955719043405549584e+00
1.709405664857609679e+02,1.814628127416998282e+01
1.771623472926926866e+02,2.703046117080214117e+01
1.799024803897819993e+02,2.330621306898839862e+01
7.014354722652514340e+01,1.017457456238750524e+01
4.970642581751521050e+01,2.039407873011714400e+01
6.978494714597312054e+01,1.153353522832911615e+01
7.588687408676747737e+01,1.677575951736529092e+01
4.933889674717748619e+01,1.723151245052182290e+01
6.614138505504287480e+01,1.794716322085703908e+01
6.174880055001194989e+01,1.075762274940545282e+01
5.372391531032197065e+01,1.500034810372867966e+01
6.345012942769925957e+01,1.630363127750705843e+01
5.627787597683362009e+01,1.786210678354446202e+01
5.996400819643252333e+01,1.825632171363331580e+01
5.987871270143040903e+01,1.295282441316906663e+01
6.533702163763038584e+01,1.121385805959811499e+01
6.086855776605713686e+01,9.503953736478079506e+00
7.044122373536883686e+01,1.380967678227786166e+01
5.708852748279839773e+01,8.903619000618624213e+00
7.090973225486243336e+01,5.804935411462089689e+00
5.768037285719582741e+01,1.675596286109316324e+01
6.325787635845820489e+01,7.353381982655994520e+00
6.758944543676128092e+01,8.625843716536746086e+00
-1.775496085593750593e+02,9.961611922925710516e+00
1.693812486550484095e+02,1.133279919263636515e+01
-1.719463544080025201e+02,1.421863027754991293e+01
1.730996186490120579e+02,9.337884017101371725e+00
-1.770553719243960131e+02,1.578494882478205596e+01
-1.696860117976572724e+02,1.195378154489504574e+01
1.672082136038292788e+02,2.691123694419065515e+01
-1.648234036343281161e+02,1.118312168966389919e+01
-1.771018387995933097e+02,1.823196718894114809e+01
1.528913459532359127e+02,1.440377507241883492e+01
-1.795217144258462554e+02,1.349160662641664388e+01
-1.728393204584551484e+02,1.367812505920804256e+01
1.742460989434723899e+02,9.192623185988999523e+00
-1.678334084733275233e+02,1.303624179437098718e+01
1.649104746358768239e+02,1.463106848149177530e+01
-1.612324567602365732e+02,2.309426802391430300e+01
1.640841157878403749e+02,2.500913383621450947e+01
-1.765547639622130589e+02,2.499791985007286854e+01
1.745183081836516408e+02,2.792625878692787822e+01
-1.761852752817361818e+02,1.275619103931883558e+01
-7.146561584906937981e+01,2.084380068002530351e+01
-6.033261503766005518e+01,1.329793609221895068e+01
-6.349066329130029374e+01,1.150233669359863242e+01
-6.479230777934691332e+01,1.605868070894807431e+01
-8.325086509674670765e+01,2.847977930655293477e+01
-5.730240715338232604e+01,2.020143935964009074e+01
-6.172741869512928048e+01,1.836242243375046712e+01
-8.252379973185408346e+01,2.059453505746532187e+01
-6.305136056685973500e+01,2.198394012843886358e+01
-5.619292515879730132e+01,3.571684832537245313e+01
7.457058616142516883e+01,8.807288569437467629e+00
7.401530922086763553e+01,1.174456518976444741e+01
6.091432615265855333e+01,1.709310260662422820e+01
7.856069367750079380e+01,1.167436354158106582e+01
6.294324454872734975e+01,1.897022711263136330e+01
7.570695344097786972e+01,1.002772861959264716e+01
5.038451713636268181e+01,9.780668693437224448e+00
5.988144112573174027e+01,1.482507581721235645e+01
7.882769180733056658e+01,1.093993541804281477e+01
4.411576199036933588e+01,1.002198242328883282e+01
-1.787935573348782441e+02,1.064143006195511276e+01
-1.505601765003629282e+02,1.934426074715549149e+01
1.699889664248247811e+02,1.264428676795837170e+01
1.720379904640575148e+02,1.910061815234314508e+01
-1.460232397796798978e+02,2.322062992677999560e+01
-1.566982603149664612e+02,1.527934554951814228e+01
1.657996964532472930e+02,1.871263392389277769e+01
-1.667841519448116685e+02,1.857134242680348279e+01
-1.749791327623234167e+02,2.048949466326613233e+01
1.618075029816157269e+02,2.393364836578318844e+01
-1.763382356193101828e+02,6.851700871184728037e+00
-1.714774776097923450e+02,1.675911532327076259e+01
1.775089917780487951e+02,6.264373999004988924e+00
-1.721651476890647245e+02,7.382454607492532794e+00
1.774487440320841358e+02,1.122933157595734954e+01
1.784708160488591204e+02,7.995341081570721542e+00
-1.607796943898982249e+02,1.751579854422659110e+01
1.702773624899641050e+02,5.187072426091080324e+00
1.737732063252254306e+02,8.739724554924567457e+00
-1.735205473842230219e+02,8.995343145454620881e+00
1.752756773015828173e+02,1.861442845808844737e+01
-1.726115302428732434e+02,2.351448579657711946e+01
1.691680911995487975e+02,1.154920566913001423e+01
-1.757519394262053822e+02,1.374874774453030035e+01
1.768622721742216299e+02,7.741507119371144441e+00
-1.702371854506357067e+02,6.896446407601040107e+00
1.658733327347695479e+02,9.917822502023785347e+00
-1.599712552277331099e+02,1.509359799602960450e+01
1.649696002866409970e+02,1.935775832013409570e+01
-1.613640564730673645e+02,1.274670654891198929e+01
4.208350457861884308e+01,1.047036177400291912e+01
4.774762998669945802e+01,2.741454201081900521e+01
8.442917219773046611e+01,2.396365151892765155e+01
6.615137616282883926e+01,1.978553937924807116e+01
6.349793825604748321e+01,2.514612041428910061e+01
8.158214773502109551e+01,2.645806025754647450e+01
6.031089644562622709e+01,2.015934578577412140e+01
6.667884004774596463e+01,2.218450263292123026e+01
6.985101238521778555e+01,1.717406475966283708e+01
9.073637623525895890e+01,1.887069299976672099e+01
-7.732102794301711413e+01,1.164931126993261934e+01
-6.042292034056823979e+01,7.798288694098687301e+00
-4.891109765190431347e+01,1.513600643146498292e+01
-6.664767613856886896e+01,1.065677272905074879e+01
-5.425322316948125234e+01,8.174733744535874536e+00
-7.433519150916693263e+01,1.164695162530671269e+01
-6.693785341779121723e+01,1.075185049443091501e+01
-6.779401610886135643e+01,8.464736653856771653e+00
-7.970859653662517985e+01,1.192200464476232824e+01
-5.703629782085118904e+01,1.500804671934719003e+01
4.879271104586260321e+01,1.640094629657403047e+01
9.114629386897583174e+01,2.075037769661297204e+01
7.677863602695720147e+01,1.415593184880639477e+01
4.823615791429195099e+01,2.039522628843615237e+01
1.022144140078853383e+02,1.788377343292229682e+01
8.596305170165004483e+01,1.582019825187610351e+01
5.128265217608321080e+01,1.808043506206835360e+01
9.544630743202509393e+01,1.907288494755282215e+01
6.313963450230257735e+01,1.197531763465771171e+01
4.792683342187879703e+01,1.109220395412006432e+01
1.584778385823022973e+02,2.330682712053833683e+01
-1.760065080034154334e+02,2.913149573633735301e+01
-1.778643024185169850e+02,1.526501103544186222e+01
1.784002410320357797e+02,1.747583567008669547e+01
-1.602978940137601569e+02,1.475733240868523310e+01
1.692144683322323999e+02,1.655875870516981152e+01
-1.679279880160599987e+02,1.167377172205324776e+01
-1.608191002825475380e+02,1.610082735838845025e+01
1.608019108117332792e+02,1.403471546463622843e+01
-1.752608803309976508e+02,9.777253183850387330e+00
1.778750707137982090e+02,1.807583908670301298e+01
-1.768560246989286782e+02,1.795392516481482659e+01
1.732168442191706106e+02,1.661289759107182107e+01
-1.653695816243031231e+02,8.710120015775835611e+00
1.713841187845183924e+02,6.211068995042070995e+00
-1.746196347207826136e+02,6.365874992793591147e+00
1.604382392384754610e+02,7.818896811703684335e+00
-1.642704088480909945e+02,9.285147167512853628e+00
1.661408725066791021e+02,1.598968743992503860e+01
-1.697180192331971682e+02,1.593626053060662784e+01
5.945651628297938629e+01,1.354650992964028333e+01
7.280668779564611270e+01,1.580695847636545182e+01
4.532396181855282435e+01,1.864869558202250133e+01
7.893528794649023439e+01,1.277634799782446251e+01
5.711879424488471813e+01,1.407935051383974212e+01
5.065935076918521673e+01,1.669061622455974714e+01
6.988770589122476906e+01,1.389995418381303693e+01
4.799684766612619313e+01,1.083481374640216188e+01
7.214707475460581065e+01,2.023397707656935651e+01
4.986743524902841784e+01,1.166947107726043420e+01
5.100562170751927482e+01,2.201205335495608750e+01
6.460952239958317023e+01,1.081347509565370757e+01
5.585253764125644693e+01,1.668778417180017470e+01
7.254993415333228768e+01,1.789674073304886903e+01
6.544755760169822167e+01,2.059602575811612368e+01
4.888955198630286247e+01,1.800889896264646950e+01
6.775510753700683608e+01,1.789341201284041460e+01
4.924899670672660790e+01,1.317577120114908240e+01
7.251882454052019966e+01,2.016235946985884553e+01
4.985836056942050476e+01,8.755980229546452165e+00
-8.571292130038538915e+01,1.473379884138011420e+01
-4.296506998249828513e+01,9.879993590909297296e+00
-6.977649761368492420e+01,1.175924665585267448e+01
-7.901951541670624124e+01,7.297455633290127253e+00
-6.332154961343834998e+01,9.149377366532984723e+00
-9.012162439794566637e+01,1.511323586840266131e+01
-6.587072926044571375e+01,1.333676543682942039e+01
-5.340335432199421462e+01,1.271047394087153215e+01
-6.530561995625859595e+01,2.970867625175781512e+01
-4.763366433046920179e+01,1.355084751325876979e+01
1.702998186353560470e+02,1.445574001197946856e+01
-1.589343025621347181e+02,1.946370714118574341e+01
1.669995360366195882e+02,1.200140951514345389e+01
1.684958352085991464e+02,1.156636695770764334e+01
-1.748741635329526218e+02,9.582038700914274898e+00
1.591861778989423613e+02,1.272734163359120174e+01
1.759190439525513057e+02,1.059851372230623667e+01
-1.741659176679585812e+02,7.665984417654907901e+00
1.712203114907443933e+02,9.984758188916357469e+00
1.750523361479508253e+02,1.235090974651634710e+01
4.874707628807446724e+01,1.895411254459052230e+01
7.062580112032613044e+01,1.194728371284435831e+01
6.439397202194659542e+01,1.958396653638187956e+01
6.827308320230218897e+01,1.482211245676794675e+01
4.516966020482187361e+01,1.611886251820251559e+01
8.502835065613220422e+01,1.672526373299385938e+01
5.740412781527548702e+01,1.614308279918109434e+01
7.452291788432788167e+01,1.887772699721487157e+01
4.988103001428172689e+01,1.573252403407773592e+01
8.553848486345330571e+01,1.308068769099342177e+01
-5.049802119866765082e+01,1.082208037746202400e+01
-4.830007609283255476e+01,1.839266673455099976e+01
-1.016128375781337354e+02,2.528561946416442296e+01
-2.556898325970090724e+01,1.828995118157764566e+01
-4.441917191760742867e+01,2.443592716288928202e+01
-8.397921559718602680e+01,1.496449200291010406e+01
-6.081605680182386209e+01,2.349638935523211813e+01
-7.126129904991093156e+01,2.331727540084883543e+01
-9.636124523438273570e+01,3.239184166580216129e+01
-4.602968568112981274e+01,2.205083954292712889e+01
8.024104093682906580e+01,1.572663316362019970e+01
6.672431297987418475e+01,1.405489863995505218e+01
6.967446529512425002e+01,1.010415185813489103e+01
6.485237010137826985e+01,9.120465608123836887e+00
5.175963048604826611e+01,1.326540714789357089e+01
6.966324350064944326e+01,1.454349983239736765e+01
4.602457321183531036e+01,1.790174438743024155e+01
5.845193311926408342e+01,1.144884717277654040e+01
7.739120590290066559e+01,7.910381040521638596e+00
5.900819305495907940e+01,1.024891675427407201e+01
-1.697101374551575930e+02,1.251029860166552155e+01
1.704930489866006837e+02,6.582918922582939203e+00
-1.658752873295552490e+02,1.367411013667768138e+01
-1.795389216907854006e+02,1.403451646511486217e+01
1.765867230795463456e+02,1.174501204977633506e+01
-1.575814300980822793e+02,1.313889474063541840e+01
1.712568496797872228e+02,1.708358088303360489e+01
1.763350809144860705e+02,7.591008996581837920e+00
-1.790345509902785466e+02,1.342494472416685447e+01
1.783165450576137516e+02,8.348809064948012448e+00
-5.723360368165432988e+01,2.159795347668143251e+01
-8.272105531783647336e+01,1.309150896225582095e+01
-6.702401320463830814e+01,1.405019538533789358e+01
-8.147627995430471515e+01,2.086510136995641318e+01
-6.932628197926294433e+01,1.367766612335630860e+01
-5.812861391117657206e+01,8.437747334899784235e+00
-6.933832791561205511e+01,8.329114766392256897e+00
-3.163417239108061452e+01,1.698243993203167079e+01
-7.214556699019516373e+01,2.329655423037071671e+01
-3.940369653976559761e+01,1.605522258929627100e+01
-6.333722355996830800e+01,2.156619107634736920e+01
-6.856696715354371463e+01,2.013295938381261863e+01
-5.296602133510227617e+01,1.854869505366710314e+01
-7.451890722702572134e+01,1.727183709982958959e+01
-6.413344913281028425e+01,2.325500857173746994e+01
-5.982522549981597848e+01,1.230170113136488830e+01
-6.578545876155779126e+01,2.569748183734902014e+01
-7.416138175462347704e+01,1.723079289022393112e+01
-5.739236480913660188e+01,2.734564584747833038e+01
-7.606916800945460011e+01,1.998819285956582803e+01
-1.710121052262189778e+02,3.013317298812629375e+01
1.437280056805774393e+02,2.403606886188800473e+01
1.575770968024361878e+02,2.457088214592347697e+01
-1.614416616112701490e+02,1.602199254509318394e+01
1.786903643759445970e+02,1.643840263967088688e+01
1.637436364214929654e+02,1.918176424412864378e+01
-1.774963271527367681e+02,1.245213228262103122e+01
1.585211326690633769e+02,2.664051695626434224e+01
-1.775772852579348466e+02,1.657593185681369619e+01
1.701430915962986887e+02,2.003058212461839815e+01
-1.691998102253356819e+02,6.168951057533011095e+00
-1.783621431361181067e+02,7.703565457381827741e+00
1.669824806786468514e+02,1.159983658267159967e+01
-1.758699480295655917e+02,4.816885322534858460e+00
1.782980760572410190e+02,3.747944285880782544e+00
1.765598999130494917e+02,6.084622801128298342e+00
-1.794525226723228570e+02,1.061988998543833773e+01
-1.770418264091076139e+02,8.218585905725673157e+00
1.657721261707908411e+02,1.018904116936101545e+01
-1.589324793704217029e+02,1.097589095128813597e+01
1.014793044129493609e+02,1.788817937752474663e+01
4.114099676132860850e+01,1.979416749234760431e+01
5.959837455768438730e+01,1.247448970385785927e+01
9.740786314143136337e+01,1.919058505304911222e+01
5.227398753164868594e+01,2.095900941728172384e+01
6.246452248173338972e+01,1.543590882105285900e+01
8.809936932183384783e+01,2.015098873925170153e+01
5.337903733188328914e+01,1.732567796122976844e+01
7.750831447984367628e+01,1.000361051132120238e+01
5.607665114791756622e+01,1.569292279407198976e+01
-5.994862437034162639e+01,1.731789159861434513e+01
-6.172820704734122188e+01,1.467518910178754155e+01
-5.587659445323008356e+01,1.317593301414793672e+01
-7.570070140040418494e+01,1.049214606762497759e+01
-5.142353577697117117e+01,1.189318598396890003e+01
-6.508201633278619624e+01,6.693952493175437723e+00
-6.159188731623108026e+01,6.816174270366559540e+00
-5.326940945592238563e+01,1.068738825335947951e+01
-7.347965686360466009e+01,1.401520833685488654e+01
-6.095133322936487730e+01,1.523465973948480645e+01
-4.969809706003437100e+01,1.996638556946505361e+01
-1.017936553515810516e+02,2.158955273517555185e+01
-5.030529915629396953e+01,2.735044267377356420e+01
-4.417780524753668914e+01,3.285261049002897948e+01
-7.996981850688578675e+01,2.040399832141729064e+01
-3.208583054476284246e+01,3.383909673823187347e+01
-7.565995066021993409e+01,2.883267568125420865e+01
-1.040971314632273987e+02,3.142888664112268060e+01
-4.847318026143367575e+01,2.497681316989005396e+01
-5.781494280547376974e+01,1.812841135119618841e+01
-1.518649328721360234e+02,1.520697215866132446e+01
1.692084686182344626e+02,1.066411067003085122e+01
-1.685133269758190693e+02,7.411449481919577309e+00
-1.741363693999662132e+02,1.511807625544683908e+01
1.616203522815785334e+02,2.509526745629622013e+01
-1.712944577736205076e+02,1.810420575978754698e+01
1.768618151547033506e+02,8.182854779446422810e+00
1.592634680583482805e+02,1.498195912888737169e+01
-1.656349595991583499e+02,1.716498965258563203e+01
-1.719423268929033384e+02,2.420404951780940550e+01
1.628700786640991396e+02,2.797816844440308870e+01
-1.655664933170074562e+02,1.838981317389520953e+01
1.747782346303099814e+02,1.031023629707294020e+01
1.703916391517775821e+02,1.123320107688940439e+01
-1.794907718034939705e+02,2.682961312567883283e+01
1.778204243456452218e+02,2.206699781128349969e+01
1.753560514901587339e+02,2.148363265886241180e+01
1.663054476643213775e+02,2.461860211454659009e+01
-1.568330494294182813e+02,1.477559957980862748e+01
1.693896026389827796e+02,1.647977896508339768e+01
-1.772555252879813850e+02,1.957617777977729645e+01
1.706931682134469099e+02,2.418891026817556522e+01
1.778325482922326159e+02,2.246102601451024228e+01
-1.741311700652827597e+02,2.004713431181239969e+01
1.778747202114979586e+02,1.883628161305905024e+01
1.753496940664972499e+02,1.369079933678491301e+01
1.614324715443328842e+02,8.584656383449233985e+00
-1.527110222930638770e+02,1.124551460824156912e+01
1.655909959960586377e+02,8.182276074885100670e+00
1.717302152712453562e+02,1.084114155396329160e+01
1.732728209653213014e+02,2.457201583489131025e+01
-1.662258370553263660e+02,1.846758645652193565e+01
-1.771251932095932489e+02,2.123177512433286296e+01
1.735752101292112854e+02,1.180923973964485896e+01
-1.770072354997555237e+02,1.967279411472396333e+01
-1.774923149132788183e+02,1.630839809376634975e+01
-1.762952836021399889e+02,1.689073997511453129e+01
-1.794181613866992393e+02,9.739910226483189604e+00
1.714001581154999201e+02,6.973093766800962712e+00
-1.709553814545280943e+02,1.486629953353364186e+01
7.526616760724590449e+01,1.302589428594009036e+01
7.534209455364033658e+01,1.300648376652733873e+01
6.797736549943773809e+01,8.585955129249128959e+00
7.148879931962181900e+01,9.090703997239014456e+00
5.710082043268721463e+01,1.100774277419014169e+01
6.421190376841690295e+01,1.339048524362315540e+01
3.285243170850662153e+01,2.609539849892127350e+01
6.580739980149104440e+01,2.363820803209547705e+01
4.247142422606594891e+01,2.085261336325134351e+01
7.658781492024104409e+01,2.000651398648593116e+01
-9.280570736885125882e+01,2.135560443777030315e+01
-5.267614778684421850e+01,2.170891161482793663e+01
-6.623105871677147150e+01,2.429836430850053830e+01
-5.951292592199258991e+01,1.861970909479979497e+01
-8.165320887952198348e+01,2.810653963107688114e+01
-5.298322138832463679e+01,1.447838320050467686e+01
-8.118734866895134417e+01,3.084493517109629934e+01
-5.872012708939731596e+01,2.641906531559936155e+01
-8.664571365036997008e+01,1.786900409954148827e+01
-3.822635808962840542e+01,2.708120595647578455e+01
-1.656087980880028567e+02,2.137139713576888056e+01
1.774966617655411767e+02,2.085863034167074304e+01
1.605605195035992949e+02,1.955680331943824513e+01
-1.557492258335762472e+02,2.726479488899416026e+01
-1.655348525068359038e+02,1.670837020026269570e+01
1.430907782711325069e+02,1.915036902620396830e+01
-1.709753698157599899e+02,1.938975574074800434e+01
-1.795534635131436119e+02,1.313128008587295525e+01
1.646430975182110785e+02,3.680428547235467818e+01
-1.572493579473823502e+02,2.741271851738856924e+01
-1.781039033959649487e+02,2.001210515981325955e+01
1.518638641797925004e+02,2.254077829658307408e+01
-1.719710150087843772e+02,3.064740192997959056e+01
1.556806556447075991e+02,3.372432444738925739e+01
1.596938586178975470e+02,2.648197791357578268e+01
-1.495358074114191709e+02,2.765532277449869980e+01
1.671625976174481139e+02,1.621448025852576436e+01
-1.773171981190060933e+02,1.997436106981100323e+01
-1.737408128465142738e+02,2.540745957990851522e+01
1.770953747064180277e+02,2.484778107606254594e+01
1.783778314794710695e+02,8.292891409847701567e+00
1.582301370634818625e+02,1.502452935592462779e+01
-1.538127510818648602e+02,1.517980908656753058e+01
1.734204242435712899e+02,1.565059881160182087e+01
1.698297812603916839e+02,9.361398084872416092e+00
1.688167150894954887e+02,8.831097748834775274e+00
-1.623896742662081749e+02,8.925739550809204559e+00
1.798534898260038801e+02,5.734064431412079443e+00
1.629502546063779107e+02,9.484823801888026651e+00
-1.614003274821879188e+02,1.214242850788653350e+01
1.649841921531156288e+02,1.844064426157866166e+01
-1.524738864644038472e+02,1.666687300027916052e+01
-1.570793208251872954e+02,1.368615186378027460e+01
1.428026723183503464e+02,2.002071293670902463e+01
-1.748540800602185641e+02,7.135492709263568933e+00
-1.623113634306636186e+02,1.049639496026290786e+01
1.798369906901569095e+02,7.934343179094330623e+00
1.790420503320327441e+02,1.153753718590412802e+01
1.787727974770320429e+02,1.259898282225447197e+01
1.621497699089121056e+02,1.266995704033234915e+01
1.794720587813145301e+02,6.802194922931079191e+00
1.774094550240443198e+02,5.821740376801896488e+00
-1.719061018276057951e+02,4.597736618203182246e+00
1.792942177168875446e+02,6.587515504633239871e+00
1.723267387436631850e+02,7.204376468728439065e+00
-1.770150335547784266e+02,1.215306890933864814e+01
-1.763184637818361296e+02,8.216271212799352242e+00
1.696367927979261481e+02,1.551427993711772046e+01
-1.731165420644536539e+02,1.384130333330088902e+01
-1.708583161055107666e+02,1.585871608102885943e+01
1.799158348069066733e+02,6.360597959683471636e+00
1.709521146820746367e+02,5.034454459534977389e+00
-1.598742799006454334e+02,1.089912692694875673e+01
1.673631908653235598e+02,1.178038221515975970e+01
-1.705819453533317471e+02,1.817276768077508464e+01
1.751208860772306934e+02,1.344003442763552414e+01
-1.755689176047685294e+02,1.650841902510637382e+01
1.741704780783273918e+02,8.824248493772547164e+00
-1.703321870323379983e+02,1.061977399573336811e+01
1.673043643232971931e+02,1.304566231641291196e+01
5.296147070912256538e+01,1.989165418187253209e+01
7.053628328851107199e+01,1.667908066616439555e+01
6.220940338277145543e+01,1.528145174832656039e+01
7.445997830050738742e+01,1.852397570244485081e+01
5.450021814955375277e+01,1.414722700524774623e+01
6.302372745040439384e+01,1.551741829508910797e+01
6.471379291355702890e+01,1.412507931493938251e+01
7.310837564633563090e+01,1.438479374444704462e+01
6.340395234373974631e+01,1.468560653489651457e+01
6.673571274315588653e+01,1.403325080683504389e+01
6.907386827301320409e+01,1.136165855738190800e+01
6.470260300643400342e+01,7.160708328853560900e+00
6.029542258383852271e+01,1.269274662797081277e+01
7.946040718805006975e+01,1.417464975469570554e+01
6.554657468342770699e+01,6.697965786186044213e+00
7.528712324467539929e+01,1.419069388128703757e+01
6.559735707283496708e+01,8.925643505004629219e+00
5.931907777825599482e+01,1.525199651029700831e+01
7.708913098124288865e+01,1.831584715067787528e+01
4.495596194831949788e+01,1.806069087758363167e+01
-6.681672206291258931e+01,1.184942619382074369e+01
-6.345346504467942594e+01,8.705734054044784287e+00
-6.496902516874554578e+01,2.385901120046660395e+01
-6.805810918093582984e+01,1.822504033067204787e+01
-7.849065129088174331e+01,1.432055254679547396e+01
-4.704625626086258450e+01,1.330635538537334916e+01
-9.945874696445909535e+01,1.902526169449141591e+01
-7.335831873655278912e+01,2.366371312119949266e+01
-6.166985649387233082e+01,1.129580888725682186e+01
-6.663198448146413000e+01,1.627413229938375494e+01
-7.008740278899152543e+01,1.229995789604617862e+01
-6.619199275561402374e+01,1.279587843610642039e+01
-6.962064304366442968e+01,7.559266624714298999e+00
-5.681590857611563905e+01,1.056650870042273738e+01
-6.563270613574313472e+01,1.121000203989795807e+01
-6.550384549548751068e+01,1.093493442356018797e+01
-6.590446493646001613e+01,7.878163241818299412e+00
-8.812038653009392419e+01,2.108765344708064760e+01
-5.559702042081235618e+01,1.485027192342521829e+01
-6.966153434789869436e+01,1.583978402081942249e+01
4.791858826929859561e+01,9.517687863399105552e+00
8.506348075408823206e+01,8.885243662226717021e+00
6.055019664054858453e+01,6.702698249555623100e+00
6.179831695781800249e+01,4.881726794802919933e+00
6.729308797361201755e+01,5.956334095560941400e+00
5.042686901459737925e+01,1.016893174928528154e+01
8.160162081924073618e+01,1.273467918603497750e+01
4.951960679162101542e+01,8.629934711204668929e+00
5.349565109700188259e+01,1.058454860238883199e+01
8.689077821073776420e+01,1.251584461710103113e+01
-3.856326724005262463e+01,2.178628984072386743e+01
-9.829756028478409746e+01,2.992076917575082362e+01
-5.952482466122863514e+01,2.455290779807614143e+01
-4.116803847227928514e+01,2.451792063448124281e+01
-6.195902622137331406e+01,2.384320922732866421e+01
-2.576218979899121919e+01,2.883574966298105124e+01
-5.875804710768926498e+01,1.416278023039144074e+01
-9.468038931150734072e+01,2.377464829132458135e+01
-4.568253361129293921e+01,1.845631894023645714e+01
-6.478271456461565947e+01,2.599880314460062181e+01
-6.184055420342774312e+01,1.501990810504825369e+01
-7.147509603973213643e+01,1.120639703189743841e+01
-5.291154328285314534e+01,1.313818638170635289e+01
-3.476004559835990193e+01,2.170226190670563682e+01
-6.238015104185589621e+01,1.035512224948501014e+01
-4.211727349248182151e+01,9.936343968365168422e+00
-8.038891978894118040e+01,1.492613923406981691e+01
-5.868245744746241144e+01,1.609599374019201079e+01
-7.524834901798389808e+01,1.307062460756975497e+01
-7.757056003669330835e+01,1.260139411627577033e+01
-6.961840117889465773e+01,2.095140874551299959e+01
-6.549619162088383462e+01,2.125751626363785718e+01
-4.214217209050396207e+01,2.734702002946738020e+01
-7.236818095233796555e+01,1.127119281557678399e+01
-7.423241243999692074e+01,2.915132859100416240e+01
-5.827240412152460891e+01,1.811623683521149175e+01
-6.736454327008989651e+01,2.855615705575567631e+01
-7.409836946256213253e+01,2.628391871554565995e+01
-1.192140935446417558e+02,2.825940124097504480e+01
1.637925198611948190e+02,1.369627675127522970e+01
1.750248465262695561e+02,8.337456872818588494e+00
-1.777899927257472541e+02,9.160544980996563780e+00
1.781871178972787391e+02,3.384885829372718646e+00
1.795934150689934654e+02,8.466230872112399553e+00
-1.796817512850430205e+02,6.281972445271345684e+00
-1.761354668912128432e+02,1.287804859496879573e+01
1.720412729698269629e+02,5.744369781578991585e+00
-1.644979251683044197e+02,1.323635525536820268e+01
1.495599102887101424e+02,9.651676986740309161e+00
-1.563461304096539379e+02,1.441300201279802629e+01
1.770387555559355519e+02,2.235093900986016635e+01
1.775185069822698551e+02,1.731740995085220547e+01
-1.710156514932020286e+02,2.425727972570067337e+01
1.715366319997676783e+02,1.756877216566115862e+01
1.761650235758131373e+02,1.955914723838537483e+01
-1.735382381782327457e+02,1.135474208351306835e+01
1.734606263195216229e+02,2.050497651805390120e+01
-1.718321257573404068e+02,1.327215295578544918e+01
1.767216003677288256e+02,8.061998007456079307e+00
-1.789549952380684772e+02,9.222048004420269507e+00
1.673430885972021827e+02,2.093460137479187821e+01
-1.572768958130634758e+02,2.800886929882690879e+01
-1.701051476582880753e+02,1.832918575695568819e+01
1.603074458672278126e+02,2.145322468221419143e+01
-1.484922505338130634e+02,2.165195145999038573e+01
-9.593258672071981152e+01,1.561127276324247859e+01
-4.409111180440557121e+01,1.973339930291033539e+01
-9.651576651680207419e+01,1.833239969922951573e+01
-5.749853888721258244e+01,2.085179832532534050e+01
-9.093387024026763754e+01,1.938200880158322548e+01
-6.832365486259904230e+01,1.639011606751225614e+01
-7.484340612173151897e+01,2.467306800585777538e+01
-6.853727031881396670e+01,2.187916499934100401e+01
-4.601242788189438926e+01,1.808873585449432042e+01
-8.250829338791828604e+01,2.474939122632447663e+01
-6.270925755339573016e+01,2.761139483754362089e+01
-7.782916728753512814e+01,2.396684045032683841e+01
-5.543644541765914369e+01,2.469326748157121898e+01
-8.437052611372958211e+01,2.609527366925480862e+01
-7.594938182297745755e+01,1.789968903450176541e+01
1.557236230685354599e+02,9.591872669056252576e+00
-1.532754993236579253e+02,9.003703401362471936e+00
1.473768240694273572e+02,1.658424382958513377e+01
-1.744622626671722969e+02,6.829887948604622672e+00
-1.095029618774377127e+02,1.941932786666099631e+01
-4.066326227430131723e+01,1.467376838844453957e+01
-7.184889738812961468e+01,1.004864638779601549e+01
-1.101785344463873031e+02,1.779100104767355717e+01
-9.631255983736913606e+01,1.659280484907872477e+01
-3.688242396727122951e+01,2.154465786004128702e+01
-6.848111758592810361e+01,2.159329722799174078e+01
-5.366963994368169466e+01,1.409301551572864142e+01
-5.072970212574268345e+01,5.331984976730516301e+00
-8.784531048427126620e+01,1.913918818383977083e+01
-4.591225788857560985e+01,1.953538898666596779e+01
-7.440484949863648012e+01,1.320452971320017888e+01
-1.151810921023497229e+02,2.026491407108088083e+01
-1.276949200575629817e+02,1.512554952353502635e+01
-1.780812943950818124e+02,3.183441835240216289e+00
1.648145431403054317e+02,7.071848537423319314e+00
-1.709053579216168544e+02,3.610168575828678783e+00
1.662380405636334899e+02,4.832865072932483130e+00
-1.738837892434982848e+02,4.190331822561122799e+00
1.780754548336373944e+02,2.764860150746528689e+00
1.742822837484200136e+02,4.020572331343895023e+00
-1.645966925304941810e+02,8.561701568013786456e+00
-1.742746469710127428e+02,5.180928692525144541e+00
1.714620711658988625e+02,4.072252708655180520e+00
-1.671852935516363061e+02,4.566145009818070477e+00
1.615686463836043458e+02,6.818583637342154447e+00
-1.453262988518540055e+02,2.334652531836376710e+01
1.790418010961310245e+02,2.325821631175822546e+01
1.711592116565014408e+02,2.099546833070586871e+01
-1.760244921206427193e+02,1.932439335702641614e+01
1.665196628092464266e+02,1.266093230024235794e+01
1.734840994972867634e+02,1.938472713470092401e+01
1.637100072796489201e+02,1.791401460431537274e+01
1.783936964469008899e+02,1.416232183206775375e+01
1.785157201526745325e+02,1.184922434199710750e+01
1.584556063544930282e+02,1.062030733543501526e+01
7.930399777981847365e+01,1.866703309987916271e+01
6.415607373635577915e+01,1.033951961337616332e+01
6.632460264946848838e+01,9.352080618289971170e+00
5.405196659365962120e+01,1.475991861289432805e+01
5.993508074768442384e+01,1.626558324953289869e+01
3.798993028264631988e+01,1.808269643781396496e+01
6.388937827803824376e+01,1.391223537044137437e+01
5.523684190524711823e+01,9.018169702658973108e+00
6.964788254551008606e+01,1.843160729179770385e+01
7.314803651728533396e+01,1.501324725950444439e+01
-1.687022383477697076e+02,1.074224584779348390e+01
1.670837282827788215e+02,1.350317021747476787e+01
-1.687020980425049288e+02,9.764582820013981035e+00
1.669381218476129618e+02,1.150823848488357015e+01
-1.790942706265073241e+02,5.973962451020982556e+00
-1.734960812580915501e+02,1.582290263415582388e+01
-1.724055758331344634e+02,1.785493436977736437e+01
1.604140799915506364e+02,2.198999070992523031e+01
-1.713706485355366169e+02,1.765593131919526826e+01
1.775405510138530190e+02,1.840310946355254273e+01
-5.865187147150327007e+01,8.212859556965339536e+00
-7.330002039557086846e+01,9.707514610443114478e+00
-5.582105766523163481e+01,1.067177404184391420e+01
-7.085503394605854055e+01,1.147021977371351120e+01
-5.235406543244535982e+01,2.138514287139990699e+01
-7.596615354836094980e+01,1.739537683137708513e+01
-7.835443419197147819e+01,2.216029593894216632e+01
-3.839080149197494762e+01,2.419086168944208026e+01
-6.995285816549319691e+01,3.036228008823919922e+01
-6.485377307602156804e+01,3.031246720340821454e+01
-4.324275697518154971e+01,2.202728859921490923e+01
-7.933254703204599423e+01,1.806872149822150320e+01
-5.615539335660859876e+01,1.173407937736609341e+01
-5.673070829295605932e+01,8.555737126827235528e+00
-6.879199339531609780e+01,9.230499483501219515e+00
-3.909470805627456969e+01,1.292280922662063780e+01
-6.752653476031706248e+01,1.018623443228868908e+01
-6.550260930226122014e+01,6.568339467120223318e+00
-5.762946390739814717e+01,8.407685921238048365e+00
-7.859595707749134874e+01,1.010684683670758055e+01
-4.872265684158070798e+01,1.108127553038607438e+01
-7.981364033141052516e+01,7.661042019050608332e+00
-6.380072326471623967e+01,1.024423901708844120e+01
-4.403407468900075372e+01,9.741769144485802556e+00
-9.371290059934416661e+01,1.756899894743951052e+01
-4.357971729530184035e+01,1.093536959004473452e+01
-6.058911960315817424e+01,8.054531367246397622e+00
-1.227568683589189078e+02,1.701582420206952762e+01
1.474521553929407673e+02,1.378358916306640758e+01
1.302269751462224292e+02,1.792845547999436207e+01
7.108511794486219060e+01,1.103972161433933863e+01
6.321408060660190387e+01,9.384598619918278928e+00
5.137333286178913738e+01,1.431690837393050941e+01
7.555903767922458769e+01,2.450841989351151540e+01
4.615482285011341190e+01,1.622350716987523356e+01
7.289086667386094121e+01,1.542636504962464983e+01
8.138008605153504504e+01,9.736331629541581378e+00
5.558852234813565474e+01,2.104572771188702518e+01
9.567947642783444451e+01,1.798538459470728412e+01
6.555544653635107011e+01,1.779937067983397370e+01
-4.343486973431604525e+01,2.081640032414647834e+01
-8.559454879012980655e+01,2.079193967645397834e+01
-6.832063509841427162e+01,1.499684234481265577e+01
-4.243180251763465805e+01,1.446028096972654353e+01
-8.103841446275893645e+01,1.669723201925152267e+01
-7.166737302802117426e+01,2.115724063515219200e+01
-4.537632400258331700e+01,2.421144580955473913e+01
-8.436393021865028174e+01,2.289127861797749119e+01
-5.968332639037581089e+01,8.916004337789283696e+00
-4.823900169403157889e+01,2.442208732606945887e+01
4.732268397446460284e+01,1.688399686646192421e+01
6.677697067997395663e+01,2.395489293294259170e+01
6.019524322610194389e+01,1.760363279266207925e+01
2.967716153308561289e+01,2.705741133152294964e+01
8.715051984996384249e+01,1.614968500652382133e+01
5.043838701573697136e+01,2.222449094450977469e+01
7.540749656781216004e+01,1.807768500320549876e+01
1.203356146930261588e+02,3.532863358905261464e+01
-1.628069439227151065e+02,1.402407244785082874e+01
-1.480765152629133752e+02,1.772127527668841651e+01
-1.724361812190823855e+02,1.603717062294207807e+01
-1.609585544383356535e+02,1.640978233383250284e+01
1.669635164921644161e+02,1.111979260037429817e+01
-1.689444775912670593e+02,1.426614722590389661e+01
-1.740354803672645687e+02,1.804370225493052970e+01
1.656364582609216711e+02,2.786362674299962094e+01
-1.677889782805775098e+02,2.830539441784994992e+01
-1.795242484674179195e+02,1.419123073016163161e+01
1.625157438893509152e+02,1.879804352399743195e+01
-1.572857275109264492e+02,2.945501009275798410e+01
1.705336701399422452e+02,2.275632657745053322e+01
-1.635499107794321105e+02,2.092883120982357426e+01
1.629501105079467891e+02,9.407006021926155981e+00
-1.669633295106053481e+02,1.384610797196959453e+01
1.692359377362388102e+02,2.679026578918318435e+01
1.788805939156042655e+02,2.064300330164617492e+01
1.662068071005883780e+02,1.008391906929470849e+01
-1.462867520437680184e+02,1.560869883801896307e+01
1.771841066981512824e+02,2.228997662152665882e+01
1.626924988766661784e+02,3.014475538211692296e+01
1.774834794800886755e+02,1.535352251997513306e+01
1.787611543507944987e+02,5.949417901805374775e+00
-1.749387515613754260e+02,1.088445784208870570e+01
-1.704129294717722303e+02,5.397694264862183289e+00
1.768114257056554379e+02,6.092795702837405791e+00
-1.682915366803363213e+02,3.177033293727854257e+00
1.495984905901684385e+02,1.183280871757390784e+01
-1.587273571551112923e+02,7.785360260358947571e+00
1.714457719784858796e+02,2.889633905345105891e+00
-1.725364625139451391e+02,5.346817116200941911e+00
9.706108925968194967e+01,2.585422603038421130e+01
6.311058985467876425e+01,1.736176341540182477e+01
6.886534803096999724e+01,1.563988841969937482e+01
7.455294991239404112e+01,1.079140527455677301e+01
6.922968057974270550e+01,1.871332624985100779e+01
7.738554834734713950e+01,2.563941410934928200e+01
6.763848324854724581e+01,1.335931167160538990e+01
6.042405200495001338e+01,2.569108404051674910e+01
6.734109672923995049e+01,2.495177127182811461e+01
6.457155172237288809e+01,2.166906211333891008e+01
-8.527739314789810976e+01,2.017586560412471286e+01
-6.655752916687669085e+01,2.016718950634272645e+01
-6.557122428910292911e+01,2.513750398290203236e+01
-5.934419571206842647e+01,2.620671251176128536e+01
-6.672740413537070481e+01,2.512353377436085466e+01
-6.844328866818941037e+01,1.741185085382780784e+01
-6.833824932217387982e+01,1.057520863005053258e+01
-4.964738721522341791e+01,1.893617076244930075e+01
-7.279898065679509500e+01,2.317249419737443361e+01
-7.254748091788498243e+01,2.911226317855633994e+01
-4.742230374189162490e+01,1.598148953043886422e+01
-6.686558977743797527e+01,2.114869970929149190e+01
-5.540622550012545844e+01,1.567033940616056498e+01
-7.205773930303098496e+01,1.531635278619495999e+01
-5.358559527494431052e+01,9.655716177992740512e+00
-5.412934942142486960e+01,9.173972386323697492e+00
-6.668378023574801716e+01,1.055005681827175756e+01
-6.041751740519497815e+01,2.164710709953464729e+01
-8.461279921377084179e+01,1.837782904968875997e+01
-6.692916706245449632e+01,1.401973292955599248e+01
-1.769475250364594103e+02,7.135610013292547293e+00
-1.756262201695199110e+02,1.595856504227748474e+01
1.777067243952347440e+02,1.263467503874978348e+01
-1.786574777883444938e+02,7.791436050646932898e+00
-1.739652698254611778e+02,4.589710684105783756e+00
1.674693836669934797e+02,1.093276804447712713e+01
-1.697974715064551106e+02,1.742610919016657434e+01
-1.727003840387043283e+02,9.322382622902162908e+00
1.711806419988591870e+02,7.400043472641154807e+00
-1.647472700022780998e+02,1.090328230840814427e+01
-1.686057076502080747e+02,1.639640732394386191e+01
-1.637552728893413416e+02,2.034161613932481671e+01
1.436430069070566446e+02,3.579813441778672711e+01
1.728803396292113064e+02,1.678528296452205382e+01
-1.547093395971956511e+02,3.248370284363836902e+01
1.648279339329960749e+02,2.130658902459120085e+01
1.721452515232091400e+02,1.309149385272466759e+01
-1.556808570672166923e+02,3.424696561008613571e+01
1.616906578085616957e+02,1.520426339051741138e+01
-1.793132874416382379e+02,1.783466394389516907e+01
1.744356653501077687e+02,1.931920542906800975e+01
-1.687518591231163612e+02,1.275297964524529704e+01
-1.763458080699330424e+02,1.777266809036925110e+01
1.714214239593482034e+02,1.553586730323169363e+01
-1.677775660596851139e+02,9.023321619167873564e+00
1.735528986736401293e+02,1.328192889631461782e+01
-1.763153723509964834e+02,5.208969431855056342e+00
1.748363964292992705e+02,1.608524221970181500e+01
-1.725162516643526374e+02,1.288554305718374415e+01
1.695239540884620055e+02,8.834389734969947838e+00
1.449215913259316437e+02,2.227543943663996373e+01
-1.716872795939947309e+02,1.555977528905871310e+01
1.687374013981611540e+02,1.093708346537679255e+01
1.740564464330930718e+02,1.176334912384407971e+01
-1.670188679605946334e+02,1.658577266550679141e+01
1.790610050919319747e+02,1.767627465651565188e+01
1.698324407308258515e+02,1.353279964538028857e+01
-1.790178059641061168e+02,8.266148406816457239e+00
-1.736425660784599643e+02,1.341423808631978076e+01
1.699008202613347294e+02,9.984120244249702125e+00
-1.775700797489040212e+02,1.069270249534159944e+01
-1.751077228717478249e+02,1.377775118918712494e+01
1.630318531861722704e+02,1.243132931107141204e+01
-1.723880110628096816e+02,2.522644771773947525e+01
-1.761004471105342475e+02,1.295124937732443371e+01
1.656650227842763456e+02,1.830979201900166942e+01
-1.798287513931798287e+02,3.151093460608446151e+01
-1.742370096614210411e+02,1.937224029567009609e+01
1.703804708340769309e+02,3.898245891672738139e+01
-1.753487095861291323e+02,1.083523863171726020e+01
1.778027470395177829e+02,1.884808333715397666e+01
-1.743653957319621952e+02,1.344607051898488592e+01
-1.706215464979096907e+02,1.666170551219614637e+01
-1.788272976302373536e+02,1.622693852271801873e+01
-1.696568170183436450e+02,1.816323482300755643e+01
1.737401953759824380e+02,1.391210855470713881e+01
-1.582242755289846912e+02,1.604045651419336593e+01
-1.773199370156734744e+02,1.072219597716497930e+01
1.713304963204049329e+02,7.553122391643988465e+00
-1.601329179253294512e+02,1.436069528747377788e+01
-1.683429924531669712e+02,1.242536118098665554e+01
1.683380237780374387e+02,1.041857568502141440e+01
-1.632155396389229338e+02,1.626151079596061066e+01
-1.739421350445958296e+02,9.606872030086364589e+00
1.721833725073578023e+02,1.729611653659045345e+01
-1.695094441193363650e+02,1.434171443112621169e+01
1.691784510068468990e+02,2.494506903649140028e+01
1.779435328456564775e+02,9.838358139824901372e+00
1.771132435635107925e+02,1.797592741954167295e+01
1.722139388109028744e+02,2.287462072396097668e+01
-1.758520417656035306e+02,1.737969680356233937e+01
1.674694357458608067e+02,2.491672546275030697e+01
-1.747090810220497872e+02,1.792796953128495119e+01
-1.795524846325742772e+02,1.842530283054733076e+01
1.653098041712393638e+02,2.839145547517821555e+01
-1.777252534222256770e+02,3.282030276927666534e+01
-1.688552801824294534e+02,1.623892923950315392e+01
1.641072793508321865e+02,1.207571378885642588e+01
-1.763583688078753653e+02,9.916327731919103883e+00
-1.664909277632996520e+02,1.403411216567583075e+01
-1.744377487184752340e+02,1.347747767630980675e+01
-1.748259772901027134e+02,1.037001663520383232e+01
1.692280412194343455e+02,1.860491676601218458e+01
-1.777893151537655285e+02,1.171225190667978744e+01
1.790452651546747802e+02,1.496612045876301877e+01
1.765309475168231756e+02,1.295477002543762346e+01
-1.610719507384108908e+02,1.464212053054414575e+01
1.659356924623271539e+02,1.294928021711926469e+01
1.794407576864356031e+02,9.225822301593868957e+00
-1.664405076062940623e+02,2.635121125138658726e+01
-1.655813812259222289e+02,2.561449319684988524e+01
-1.788435881459546408e+02,1.659660272760924116e+01
1.462451262514394159e+02,2.292849027455469724e+01
-1.710125963214144917e+02,1.146850017180717352e+01
-1.729381532877230256e+02,1.155035562435405971e+01
1.651025086766130983e+02,1.278403724964289978e+01
1.796421879448152197e+02,1.042791157315215855e+01
-1.653758773272550968e+02,1.017510669068523121e+01
1.641884315907733480e+02,7.174178001602424359e+00
1.582363377057333196e+02,1.121392461706365395e+01
-1.679517807264231237e+02,6.943977721751220855e+00
1.700671906045682817e+02,7.973712667926045938e+00
-1.773274662963861203e+02,5.927535575199504692e+00
-1.756373480179756825e+02,8.549151095482768525e+00
1.711232941027417667e+02,1.300397515296454287e+01
-1.767940142315228513e+02,1.657847786984581262e+01
1.729425548165806958e+02,1.135245386427643766e+01
-1.746205533396204430e+02,7.506374821840300804e+00
-1.785476970972644040e+02,1.771425922861982727e+01
1.756907563450357941e+02,1.087318950948850471e+01
-1.669200303090743205e+02,1.274241317038276833e+01
1.550592200119507709e+02,1.614222440110562928e+01
-1.645417012567945392e+02,1.279081151538617611e+01
1.760939720653499023e+02,6.137916082096052328e+00
1.683301382007381903e+02,6.412847475610727876e+00
-1.497743449197988070e+02,1.798215411796277508e+01
1.661123412157377572e+02,1.975723458798922039e+01
-1.716678527555021105e+02,2.002412817534472467e+01
1.485311594088225888e+02,2.372883283491050577e+01
-1.571023001959752321e+02,2.293137584694239095e+01
7.487950683099869309e+01,2.161829479298977930e+01
4.540512952454164264e+01,1.827558031078916301e+01
7.180947044298972060e+01,2.144133140018500683e+01
5.670341458354200626e+01,1.422581385465366388e+01
7.822115564319676650e+01,2.085719267575131397e+01
5.847137842982379397e+01,9.962862779200834851e+00
6.015255684190341157e+01,2.315410293561135191e+01
7.996390967384786563e+01,7.793356756292880050e+00
3.373027887359187105e+01,2.534373825734743235e+01
8.612620759964924844e+01,2.307072169878328793e+01
5.043795947518997025e+01,2.025416062434443276e+01
4.774044250327111172e+01,1.268511329554330835e+01
8.303312527547672062e+01,2.245104123944630814e+01
4.188862301555889189e+01,1.611972623126505866e+01
5.680264967562083456e+01,2.211973276836885560e+01
8.468766331778235212e+01,1.789908911154180515e+01
4.378570231891522724e+01,1.559779688344186610e+01
6.644062597396052183e+01,1.245173184159071234e+01
7.355905791698951646e+01,1.072366471936519616e+01
5.229436218500788414e+01,1.250275841553435185e+01
-1.735807456258782224e+02,7.467133443246044777e+00
1.731583974158529884e+02,1.133601127069332648e+01
-1.729693216275474015e+02,1.253434834482709270e+01
-1.749277739325155494e+02,1.696961957543683752e+01
1.753568901151706712e+02,1.216462096176634233e+01
-1.648184199838424320e+02,1.170717289562394114e+01
1.704838885179866281e+02,1.370783609257538949e+01
-1.773542582022134866e+02,1.513558811370551460e+01
-1.628286564927476263e+02,1.313270160436569967e+01
1.721935458364307010e+02,9.897460292715427599e+00
5.172571516725099627e+01,2.871664006967917970e+01
7.384951540539969983e+01,2.160470812840786081e+01
1.207085365819455660e+02,3.469497982594968022e+01
1.473099577506096978e+02,1.209057327965162543e+01
-1.394242864447785166e+02,3.102634587117946197e+01
1.575761407932889995e+02,1.746285933507546417e+01
1.454180658295842647e+02,2.385204876151211550e+01
-1.649862700734641976e+02,1.421927181684219299e+01
-1.730675621549752634e+02,1.159818522033842214e+01
-1.709834455636487576e+02,9.891745436167601824e+00
1.797453948406935638e+02,1.149434648110115731e+01
1.790295389144478406e+02,1.576028455881254686e+01
-1.780459093141540450e+02,1.892761971301331059e+01
1.612493672654707382e+02,1.969182805692037164e+01
-1.558172745290470402e+02,1.635308134865092811e+01
1.707311956779180662e+02,6.634359760872625245e+00
1.774063023108075470e+02,9.934178722938531436e+00
1.721285811837220479e+02,9.466797027357381822e+00
-1.751199977767254552e+02,1.277415527881346335e+01
1.791194183579891330e+02,1.142421522594968408e+01
1.270479164782222341e+02,2.786490348945465101e+01
1.439931054636212195e+02,2.707494747820683756e+01
-1.512543864360733039e+02,3.143971541567165318e+01
1.731986852161688262e+02,2.698484402058594611e+01
-1.677498750573697350e+02,2.589518902989454574e+01
1.575083354313554480e+02,1.556841552266061157e+01
-1.687594523014667800e+02,1.674026498304170829e+01
1.594361549038502233e+02,1.804970312511991182e+01
-1.657380480889621026e+02,1.974864694068732263e+01
1.752129904534540117e+02,2.235290968087603858e+01
-7.564656567454439084e+01,1.001162506010145847e+01
-4.368871468295016314e+01,8.895473742553239305e+00
-9.977886774026102046e+01,1.590306130364002257e+01
-5.888666764045193958e+01,7.373033895471021282e+00
-3.614139257352738355e+01,1.475671628312567840e+01
-9.546596474439606084e+01,1.425083119090443695e+01
-5.015773781265611575e+01,1.121540821523690212e+01
-4.850732230723323113e+01,7.384768406737904911e+00
-8.722586263788093675e+01,1.338594308399322230e+01
-3.654417755097224330e+01,1.742896208395993796e+01
1.690965494782613234e+02,1.969010615371014339e+01
-1.756340238916270664e+02,1.783983668278873935e+01
-1.794225935637188627e+02,1.402346703204542955e+01
1.732901867866157772e+02,1.571070031654078392e+01
-1.671013450564205129e+02,1.585527557472831006e+01
1.653631486454416404e+02,2.518023253339575973e+01
-1.734837094605038317e+02,1.660717542780733069e+01
-1.761532030820698651e+02,2.182012293233754008e+01
1.496595979006905281e+02,1.501585867882686998e+01
-1.460923389047416663e+02,2.052535842672537214e+01
-1.689661062514556420e+02,1.209373139249234441e+01
-1.756059367418362456e+02,1.697988701003724543e+01
1.666712444854403259e+02,1.463590399866655645e+01
-1.763613697398033935e+02,2.086827351724276625e+01
1.779291015638721660e+02,1.699595591861816146e+01
1.598757654092809162e+02,1.900043718182860530e+01
-1.765649018514808404e+02,1.414683167242607098e+01
1.721638946622786364e+02,1.181321110134606478e+01
1.668346209883506504e+02,1.169739214070457223e+01
-1.769762284074358547e+02,1.769003417999019234e+01
3.387306843259428035e+01,3.344062805863528354e+01
7.640077068773562985e+01,2.239956043413684483e+01
6.443204526456823089e+01,2.207165103556944530e+01
5.826825684530881944e+01,1.425080043358571480e+01
5.210318156593307748e+01,2.320646127224646804e+01
6.013975872840041603e+01,1.977170920181536218e+01
5.971254826470001120e+01,2.388121501303635696e+01
4.560360961785814027e+01,1.384110479727082321e+01
7.478049647458418292e+01,1.819210394570182387e+01
4.460448361765254077e+01,1.343197151335623296e+01
-1.738524015300488941e+02,6.714739300367239316e+00
1.667397766818555738e+02,1.019790917624033710e+01
-1.788279710882751203e+02,8.393511141081942739e+00
-1.714939771042602104e+02,1.119893771108073466e+01
1.700889905388188197e+02,9.597900671560573471e+00
-1.720806479888148601e+02,5.843910400591997956e+00
-1.716983737224333595e+02,1.062793304153727370e+01
1.623083668904684487e+02,1.349726100287802133e+01
-1.709776945991688706e+02,1.275961934167752609e+01
-1.588937672740995595e+02,1.806468583932933569e+01
7.388398517077598626e+01,1.383252363516203332e+01
6.567234539677498617e+01,1.447117492612500556e+01
6.671776219908873884e+01,1.854512100809706965e+01
7.305691031732138185e+01,1.273736426967788660e+01
7.404461933017948638e+01,1.788752955457511717e+01
4.752746152752801123e+01,1.918749348705188140e+01
6.983924699590750151e+01,1.181051358513170513e+01
8.243761172642938106e+01,2.221750096078388381e+01
5.001429965150522605e+01,2.110225245891564327e+01
6.752008015377771244e+01,2.251266645847108450e+01
1.540511151497891262e+02,2.304868344587679374e+01
-1.605314329034860350e+02,1.757072866870355554e+01
1.626567014295272315e+02,2.832428102118007018e+01
1.743536461749166051e+02,2.290166192942036716e+01
1.701464900660485853e+02,1.728933994268310670e+01
-1.469130504620010242e+02,2.010727086203824143e+01
1.621920665068616074e+02,1.289106804445328969e+01
-1.686166075030722595e+02,1.148144236975647914e+01
1.799753620783938857e+02,1.200815900506018075e+01
1.741583280265346616e+02,6.708966814189415651e+00
-1.787406065785442308e+02,2.331528361390248705e+01
-1.797675323565739234e+02,9.787249909539600168e+00
-1.757556096399602836e+02,9.708762153779813886e+00
1.746333348671576289e+02,7.238299999842318755e+00
-1.797814359450155450e+02,7.038767011636993587e+00
1.763715095548455452e+02,1.480032376287802443e+01
-1.779972677620315551e+02,1.772896147422724056e+01
1.688108542065249367e+02,1.629845657659710412e+01
1.765348081794224413e+02,9.245923959237654088e+00
-1.621264049443263104e+02,1.149939264575030151e+01
-1.432318106487633145e+02,1.532945445578889831e+01
1.559165096553906835e+02,1.277319713330752293e+01
1.237014812917399098e+02,1.690473776555955610e+01
1.529222144282661873e+02,1.186433333037041393e+01
-1.319756277196720191e+02,1.515864035906711393e+01
-1.075748626710982592e+02,1.997994342228659903e+01
-4.885530111237103768e+01,1.578148315652600786e+01
-6.279290275198009397e+01,8.056056775509636836e+00
-8.652324013634778055e+01,9.489395107582650368e+00
-4.173621523383509668e+01,1.696071220014534475e+01
8.349012729315340664e+01,1.110701991610547879e+01
7.903944478380654459e+01,1.782128124467111263e+01
4.589997364950559700e+01,1.527032363392655512e+01
8.812557435546314366e+01,1.480652988937546866e+01
5.814061758525827628e+01,1.974201324955135917e+01
2.964389104163073085e+01,2.741833357850605069e+01
1.013169407283943571e+02,2.224795031895112629e+01
2.594209766443581344e+01,2.365794273514161006e+01
4.689195007099495172e+01,1.757899187979336020e+01
1.173294987250587127e+02,2.359503816721128189e+01
9.397552628023343857e+01,2.262483274560189628e+01
6.349710001028859807e+01,1.224080027946977900e+01
6.695870607880326020e+01,2.464450400576870948e+01
5.773411623926562442e+01,1.728504123008660542e+01
8.099209897442574402e+01,1.540080274343813826e+01
4.272871064116448281e+01,2.128571768344116322e+01
7.971179218484573425e+01,1.623261139780549911e+01
9.385965888053834760e+01,2.486338648352095859e+01
6.597813903402304447e+01,1.286488072370494784e+01
5.452222765476272315e+01,1.517815664611802973e+01
-1.759856510772199556e+02,8.060628900195844437e+00
-1.774619816929861145e+02,7.690914347251666783e+00
-1.753851420213078427e+02,6.406388126923122428e+00
1.793159864776548034e+02,1.119681445065396019e+01
-1.798969519390817311e+02,6.882027420225840686e+00
1.740929221671158018e+02,7.903624258584288853e+00
-1.693475441995263964e+02,6.790905886920932666e+00
1.752366235676297492e+02,1.072464997662542885e+01
-1.732542580550669982e+02,8.716578756074937928e+00
1.680920697374522774e+02,5.832868192848609468e+00
7.986902963201993089e+01,7.905964525231292228e+00
5.581005320101447609e+01,1.144094636212340532e+01
9.033300775530237559e+01,1.162344627545399689e+01
5.841685187112393862e+01,6.678163747785416327e+00
5.595856666645232735e+01,7.658771307030912467e+00
1.088993008091953669e+02,1.378661647939152246e+01
6.069378118321926507e+01,5.142627084009963490e+00
6.104207564161696808e+01,5.853756961836564798e+00
9.272891120801034504e+01,1.244845345445228446e+01
5.615991117619530115e+01,1.475975372361512328e+01
-1.730151733352878978e+02,1.399232110626381065e+01
1.654327774576485695e+02,2.280770473688028588e+01
1.664670294738392613e+02,1.038131953517276784e+01
-1.391708224520801878e+02,2.801479945233035451e+01
-1.783239774102316062e+02,4.711641857662241861e+00
1.502045211767045032e+02,1.703711454322373697e+01
-1.658512969476929584e+02,1.546234288663228540e+01
-1.795047786639749177e+02,7.955317504327288347e+00
1.780833316372349771e+02,2.220454336469701673e+01
-1.746571982994586278e+02,8.940925815493125484e+00
-4.666717338441162610e+01,1.086375332688621143e+01
-7.338769831813888800e+01,9.544810626961439226e+00
-4.733193874114053301e+01,9.568040877935423794e+00
-7.760149004028907882e+01,1.130439664015171353e+01
-8.000453055895084731e+01,1.418347231659586427e+01
-6.373776006581098130e+01,1.049553333318066706e+01
-8.602509374516573359e+01,1.601965547572242698e+01
-5.662737096920486124e+01,1.359906779633929474e+01
-7.709983935978117131e+01,1.952264437325973034e+01
-6.158092036689703264e+01,1.687887156033926317e+01
1.645528761091637193e+02,1.563174626561117364e+01
-1.609239387628071256e+02,2.247868516187212151e+01
1.712212050485247516e+02,2.326640090845475228e+01
-1.663178731875578364e+02,1.961870923660919885e+01
-1.705024794447723764e+02,2.226636077803674141e+01
1.777846242754198443e+02,1.328020140203228472e+01
-1.577388022900988176e+02,2.249647470198761923e+01
1.634654832856787152e+02,2.312428711160512051e+01
-1.740251992030728161e+02,2.628049660096667850e+01
1.746054079423620919e+02,1.448873498559158435e+01
-1.638267597854924986e+02,8.170231286648421687e+00
1.673829189312542667e+02,1.272250818251987781e+01
-1.673430486786940321e+02,1.113889447009723455e+01
1.728003603294470452e+02,1.148715759763021182e+01
1.797420353282320491e+02,1.251395081826648692e+01
1.721924605479275669e+02,7.747315671077087629e+00
-1.550123863987467985e+02,2.287948866772897816e+01
1.711146730270067735e+02,1.166822545550434853e+01
1.658162828542000113e+02,1.251144985302348900e+01
-1.565310978362333003e+02,1.039063752077940173e+01
-6.367488271766037400e+01,1.752220283099851272e+01
-7.579042421515744365e+01,2.026792895188647137e+01
-7.667257490961577560e+01,2.193670787336693451e+01
-5.297815952436467768e+01,2.884367750809223452e+01
-7.492465601366961891e+01,2.387945138051701477e+01
-7.385199416779141757e+01,1.867013449943770809e+01
-6.487934687052565152e+01,2.630383585567794213e+01
-5.733304313099404936e+01,2.929478891089559767e+01
-8.979379902148335191e+01,2.972578427873758855e+01
-6.238708362722036327e+01,2.459506385184085531e+01
1.784640741035399287e+02,9.729570223575544574e+00
-1.488358274446880500e+02,1.590476815476197103e+01
1.530845480184696328e+02,1.197368435209689608e+01
-1.681231535944009181e+02,1.258159327588965226e+01
-1.664494386544700717e+02,7.594971363197716485e+00
1.582597135646519177e+02,1.911799478775410321e+01
-1.367865644478515321e+02,1.760539634688949207e+01
-1.760960194952908466e+02,1.173769042596191348e+01
1.683350063081653332e+02,8.281532921931390234e+00
-1.714480983111036778e+02,1.595550316580839123e+01
-5.021372882250692982e+01,1.550918093767283779e+01
-6.024443634753350096e+01,2.271500015374945036e+01
-5.203127001355817782e+01,2.307006162551553885e+01
-5.678716854596805064e+01,2.795845780846103423e+01
-7.085371873196373826e+01,3.070548185857018098e+01
-4.724544066546197030e+01,3.106269077004444412e+01
-6.161821354785642768e+01,2.342932511650587912e+01
-9.036200675612933253e+01,2.329721621081786509e+01
-6.885317203421409715e+01,2.785469785246943530e+01
-6.127324467260877583e+01,1.839109118562125289e+01
-6.170084398058637021e+01,6.523947720524557070e+00
-7.025081629892353874e+01,5.200048287796709801e+00
-5.825885026106884368e+01,5.809718941071739806e+00
-6.187971174961896281e+01,4.619903080689850228e+00
-6.989108529768336098e+01,6.230942695029630940e+00
-5.360838725005937278e+01,1.155686911763457836e+01
-8.697424595030220473e+01,1.239646664011443455e+01
-4.860315847378851828e+01,1.019986458717466604e+01
-6.148053188897482357e+01,9.369161258903075051e+00
-5.408511699855790056e+01,1.254591310202743415e+01
-4.002407018341441614e+01,1.736240170201406841e+01
-5.691996538619878265e+01,1.096954342095603252e+01
-5.828338508367927773e+01,1.426646021423755428e+01
-7.153445091570368675e+01,1.180657937587209361e+01
-6.303397826334365561e+01,1.413028626513878372e+01
-8.042343032875645292e+01,1.923460257994681655e+01
-6.712852636505408555e+01,8.509806248883203139e+00
-5.349674851278970777e+01,1.912105122609450802e+01
-5.717022199167194429e+01,1.083530071885237334e+01
-6.219450572146111966e+01,1.335948849886612955e+01
1.704321962849801082e+02,7.271708102631806447e+00
-1.793468050755373326e+02,6.239033167117257861e+00
1.738434777447589852e+02,1.627610584003030425e+01
1.785177610448419330e+02,1.483657026017692004e+01
1.797087912759832307e+02,1.076973637005265338e+01
1.607900107851160101e+02,1.472284628043612997e+01
-1.742122160138089271e+02,1.030796253708339627e+01
-1.645460836186725544e+02,3.832989719970687759e+01
1.305434029015892179e+02,3.751586525373071623e+01
1.392343962617410682e+02,2.586266713701178332e+01
8.208856255216528552e+01,3.061479755741045494e+01
8.174728393257642267e+01,2.337332926496668506e+01
9.354052617541680092e+01,2.365724240022640501e+01
5.702613436915722644e+01,3.121156024949632979e+01
9.688873080437453211e+01,3.123943742961066761e+01
8.233371550085523438e+01,2.755636202127178080e+01
8.966073271600610894e+01,2.529495143011821412e+01
4.201806833077040437e+01,2.536368738950974944e+01
8.236284821279096491e+01,1.948690082648708710e+01
1.379240608629951055e+02,1.915469505757860702e+01
-1.760785876410651838e+02,7.778444296199500840e+00
1.716834660128664325e+02,8.301969273964731499e+00
-1.716375500837115453e+02,4.739155598025988070e+00
1.728983823194235754e+02,1.049353166045617414e+01
-1.749467513467739934e+02,8.662880572405034840e+00
1.781132521983490733e+02,1.421552860048734601e+01
-1.768654432565598427e+02,1.718594923623451720e+01
-1.778617761935823864e+02,1.534466043045681616e+01
-1.666310355718202629e+02,1.428171852072419767e+01
1.677890924982575598e+02,8.902527534797810560e+00
1.664751465572963411e+02,1.871332743260228781e+01
-1.457546013808162400e+02,1.893545001705723863e+01
1.556477998799513216e+02,1.745633452384137030e+01
1.590802718948726238e+02,1.919330007240011682e+01
-1.656932648500849155e+02,1.859599546449673824e+01
-1.749458268600129998e+02,1.105968389271889230e+01
-1.775224577841886173e+02,1.503408296394113819e+01
1.706674116931354490e+02,1.018586720103043675e+01
-1.699606044496021013e+02,9.862271154326810674e+00
1.732867087794327858e+02,1.212961500606538934e+01
-1.756467507025741952e+02,5.141661436473781599e+00
1.795683062657965934e+02,8.724359895182557167e+00
-1.777517799709161466e+02,4.972031263257717271e+00
1.762232713510895223e+02,4.354172591955738802e+00
-1.762824058559025957e+02,5.650847948693330736e+00
-1.798174997108912692e+02,3.819798940241939889e+00
-1.778494707508781119e+02,7.019694255926244963e+00
1.711014416069055244e+02,1.124334681800321256e+01
-1.676471274198537742e+02,1.543935195233896174e+01
1.630163514622301193e+02,1.208741887071968257e+01
-7.543893408054752570e+01,1.289067040687278265e+01
-6.465641719663011600e+01,1.041645556778894743e+01
-5.775747421380602731e+01,1.297666286297458171e+01
-6.625193174835222010e+01,9.912803784081175351e+00
-6.493921518248851044e+01,1.412883187529828888e+01
-7.301632403211210942e+01,1.181352993426894571e+01
-4.733765461490070692e+01,1.903778181022950378e+01
-7.925666715610988433e+01,1.346853827968928741e+01
-5.580382570079201088e+01,1.659912387433795189e+01
-8.041153427846404611e+01,1.223839143903737714e+01
7.553056900566473075e+01,2.228640674651560261e+01
6.438568568594173769e+01,1.992989870696600008e+01
7.348223418213939340e+01,8.698375723580014096e+00
7.263511988431382349e+01,1.017687550086727200e+01
5.646305113202532766e+01,1.029504708095805832e+01
6.378410151602670908e+01,1.473519590190483441e+01
5.207454744237234934e+01,2.028521835501584292e+01
5.142164659321895215e+01,1.936522777013028218e+01
5.322459293120466128e+01,1.167238101674303330e+01
6.692796814017728479e+01,7.270884639005309680e+00
6.017517582063690895e+01,3.385951493597094242e+01
7.219949093966931741e+01,2.882845856659204031e+01
6.216904488721797861e+01,6.219233991367071113e+00
5.621078084027868016e+01,2.242119046979120611e+01
7.522854858678276457e+01,1.208053458633433408e+01
7.673739967173354160e+01,1.404602504325024981e+01
4.820049600907522347e+01,1.181549583695459660e+01
8.852484903928744586e+01,1.105971624192626557e+01
5.575847675257626435e+01,7.378761029989099995e+00
6.257738445952917061e+01,1.521115711973657980e+01
9.465882568498255978e+01,2.064250686633091192e+01
4.353370513807799824e+01,2.296142795475822140e+01
9.905471485197337245e+01,2.144583179296185094e+01
8.280616071104938669e+01,1.220247672115256776e+01
5.576353350629710093e+01,1.982036504643962971e+01
7.836748910793805578e+01,1.738140034633994446e+01
4.541950381248835100e+01,1.737730425048903982e+01
1.074780063614969663e+02,2.073911027504724558e+01
8.551441649359577468e+01,1.808570278027415767e+01
5.922758952143905020e+01,1.283837023461797244e+01
1.649428292445577426e+02,2.987537658343298830e+01
-1.647539014190955982e+02,2.397218613570690593e+01
1.681568498908582114e+02,2.801713818600963890e+01
-1.681341038843619344e+02,1.075166962964787309e+01
1.648775213790162866e+02,1.581944197374669514e+01
-1.712171639495146280e+02,1.893902251569516082e+01
-1.798145702013828782e+02,1.539821508133189631e+01
1.721751757758374879e+02,1.645797682648815652e+01
-1.717256173235106189e+02,3.748810077910336602e+00
-1.767272717765018513e+02,1.432575237286540393e+01
-1.741395351388561608e+02,1.788982115201953249e+01
1.655057800588388091e+02,1.416315434156820530e+01
-1.438826437476522813e+02,1.403578777450073467e+01
1.603908787852480486e+02,1.127284884886166871e+01
-1.744028067016174646e+02,1.807432023301752011e+01
-1.703927420691539965e+02,1.983813740626259658e+01
1.764122613566942164e+02,1.192666935294728248e+01
1.702046300746712575e+02,4.608434155985492886e+00
-1.671507135161518818e+02,4.788790073334758368e+00
1.633030968541994241e+02,1.049104148297650063e+01
-9.071038699816884332e+01,2.255417870194241203e+01
-3.460133664309838508e+01,2.425365899287690041e+01
-6.919295766698871830e+01,1.300487956816933277e+01
-9.734689907834719236e+01,1.977476106017362056e+01
-3.762889299359894579e+01,2.748445768567544789e+01
-7.401510219478174690e+01,1.291803005691907202e+01
1.632863866659159271e+02,9.254916232486781524e+00
1.336445175586730727e+02,2.216460943275129125e+01
-1.738039087027869414e+02,1.807859782668521831e+01
1.718184546139434303e+02,2.477475206841844368e+01
-1.705559105673120825e+02,2.440219097115577895e+01
1.729656795805844354e+02,1.682136222561790717e+01
-1.661107526179686431e+02,2.281635817151941481e+01
-1.795929675742389691e+02,1.655586789860030805e+01
-1.796850025552892305e+02,2.653682790824500159e+01
-1.585572210259459496e+02,2.712923927022570680e+01
1.717488430002860582e+02,2.061623469940665387e+01
-1.793203350814706027e+02,1.468504804469366576e+01
-1.750166663751116687e+02,2.046267266914595240e+01
1.630099160756615504e+02,2.559703225925172276e+01
7.030005118113670903e+01,1.716167722843961130e+01
4.744289870754441552e+01,1.757292298625647220e+01
5.158108918810890486e+01,2.778542197805041170e+01
5.639385046653941203e+01,2.683169847657775975e+01
4.623982569314307511e+01,3.500381886309943980e+01
4.524703300020034646e+01,2.535168935873266349e+01
8.817386096721422462e+01,2.097307083707665143e+01
3.924433590941806216e+01,2.050122033365799723e+01
7.972857152230274380e+01,3.069488962739304583e+01
6.765255696006902042e+01,2.158618430134357169e+01
-6.568541302114911673e+01,1.338818973870968776e+01
-5.953606126004842025e+01,8.304729291687506176e+00
-6.699885242446787004e+01,1.245670530108904117e+01
-5.826465794213652316e+01,7.826487510712960116e+00
-8.658332233828011226e+01,1.322685280390002305e+01
-6.074024770284925978e+01,9.134462820909970304e+00
-7.320006409920650015e+01,1.607836466266866537e+01
-7.904306489914236522e+01,1.259684535855321386e+01
-4.780578542200453285e+01,1.467251322645898348e+01
-7.560586235771199881e+01,1.128421845156350400e+01
1.661955378629629365e+02,2.550634552245853115e+01
-1.631602798533171210e+02,3.030424702369740686e+01
1.662275465842373592e+02,1.348910916337589505e+01
-1.784854033452327258e+02,1.229990487366038820e+01
-1.627483371329101089e+02,2.324933934442307049e+01
1.775838436281680117e+02,1.660794766947764600e+01
1.768724204992970215e+02,1.553571076263286876e+01
1.760910251189128815e+02,2.826413871772965791e+01
-1.770129385552831423e+02,9.350966019226728321e+00
1.702055064431972653e+02,3.262624770929254225e+01
1.693570641594295410e+02,8.631968726113559143e+00
-1.763203848970858019e+02,4.093363617022469647e+00
1.782773911829419262e+02,3.955280396007354149e+00
-1.784205331389869684e+02,5.205562567053327427e+00
1.771154493964220933e+02,4.787581867608367681e+00
-1.793514472683617100e+02,6.019521534698589527e+00
-1.799616283812984534e+02,2.465444279908930447e+00
-1.774254949344294516e+02,4.150593619772481979e+00
1.793981945712481831e+02,3.199165437291918490e+00
1.775228040768888036e+02,1.187070193558680842e+01
9.046460714433990802e+01,1.403666231854804813e+01
5.904056709846196327e+01,7.907282039638179327e+00
6.918920443246535967e+01,1.039666216987473568e+01
6.825397624580371314e+01,1.107527638136203940e+01
7.770741281817034007e+01,1.164343326614978480e+01
4.451169299754539566e+01,1.389833231936897562e+01
8.585270466639403253e+01,1.215896940257486314e+01
6.140967603741286496e+01,9.987508766848364417e+00
6.022445169867650350e+01,1.258655218183067070e+01
5.603797237314191904e+01,1.109070687548739187e+01
-1.649840892565692059e+02,6.343747338590019602e+00
1.703104051252903730e+02,7.429799335453554754e+00
-1.783733206086769201e+02,1.463602186731046295e+01
-1.689563563249210461e+02,1.065804501190823395e+01
1.574697636050362917e+02,1.683141652550837009e+01
-1.593431048183625194e+02,9.533027566949797915e+00
1.737607870665286782e+02,1.089139095230562759e+01
1.724481246520766149e+02,7.401341487153161758e+00
-1.641617706378141008e+02,1.717077399881268107e+01
1.668058440586799236e+02,1.539941147279638045e+01
-9.105189017756119085e+01,1.900918934369750701e+01
-4.955260898058247676e+01,1.508124925722037091e+01
-8.332707595528250977e+01,1.525948931684916232e+01
-6.384691490765454347e+01,1.985914925983443524e+01
-8.059522715093338263e+01,1.738858665856832886e+01
-5.007435937520192226e+01,1.243746306124306855e+01
-5.433642120297516698e+01,2.073509016558060836e+01
-6.751052839424373531e+01,1.317895009175089882e+01
-5.165945987129872918e+01,2.174491500065997585e+01
-7.055398907628824645e+01,6.311477312441062359e+00
-7.217868977825455090e+01,7.609406058191865441e+00
-6.716522343887919533e+01,1.352091431987467018e+01
-7.746429714063680194e+01,1.174606696552621621e+01
-6.753807449932182294e+01,1.084207901300834465e+01
-7.780712986212532201e+01,1.557028509408483075e+01
-5.736513405134308385e+01,5.922268512733074530e+00
-6.455936227307573461e+01,1.300795905264044805e+01
-4.374161670873400709e+01,1.253963937935421669e+01
-5.745044094310016192e+01,1.543974304897561112e+01
-6.014070651491623920e+01,9.246693012763493869e+00
-6.580690012209576878e+01,3.789198540898478029e+01
-5.117537134637309748e+01,1.917527302203443185e+01
-6.777822573228657177e+01,3.071635007202949197e+01
-8.048661987880380764e+01,1.392546160632345931e+01
-4.848130220928506873e+01,2.528815770303580734e+01
-6.684048933973852513e+01,2.078598803423926711e+01
-7.105126788255869030e+01,1.597212256116957363e+01
-6.734310045444101434e+01,2.057894525669207653e+01
-6.281486868370026144e+01,1.429253773628311386e+01
-5.836531593797470663e+01,1.330866937848270126e+01
1.590187595518000023e+02,9.711129518304996822e+00
-1.683586562003055747e+02,8.971223255941554342e+00
1.659930899494204937e+02,1.141494940616397535e+01
1.788254084660680121e+02,8.562466091570078319e+00
1.725544693489896417e+02,1.074605221700723590e+01
-1.625261393060601733e+02,1.136843230699351359e+01
1.724044413998836092e+02,6.979303065752264779e+00
-1.711713611028531261e+02,5.470407359143129256e+00
1.796361450693065365e+02,8.853476927482699210e+00
-1.790933833902455490e+02,1.244482151352435473e+01
-1.704724463103899268e+02,1.434319492425737508e+01
-1.692568278294853030e+02,1.839606982127895662e+01
-1.662084757918601099e+02,3.342939558319025650e+01
1.750805707007093019e+02,1.692282355226912571e+01
-1.659529456020918872e+02,1.656945721345204703e+01
-1.628809192469163349e+02,2.424910365739089713e+01
1.652063549533544915e+02,1.807675059786122063e+01
-1.700563842077372669e+02,1.788086844235649409e+01
-1.686024174870849777e+02,1.512175176799292231e+01
1.690836433811012398e+02,1.981559953458205214e+01
4.634854937082180726e+01,2.189051006704394808e+01
8.953727476248822370e+01,1.770293523892153331e+01
6.571147039557699543e+01,1.650045578724098760e+01
6.784170738729824279e+01,2.381425209280984134e+01
1.035232908348398979e+02,3.606143927330960253e+01
1.548737231595199830e+02,1.978434771552939253e+01
-1.333924445579682185e+02,2.193242313108873276e+01
-1.415364407125512685e+02,2.491600090356048725e+01
1.649832453845991154e+02,1.987409535135446248e+01
1.654827692832235471e+02,2.881238515066494088e+01
-1.559084185806312064e+02,2.756010182117030993e+01
1.760689861044668305e+02,2.281308217717422693e+01
-1.740047839239017833e+02,1.280832185280256041e+01
1.789740091023174386e+02,2.234431947478223535e+01
-1.786977456141329981e+02,1.526393654942215861e+01
-1.692453636905035239e+02,1.046220015691523031e+01
-1.740295688460313102e+02,1.298331225918575882e+01
1.792394636087998663e+02,1.207895428629827350e+01
-1.768506099800673894e+02,1.600280748105362605e+01
-1.788110105283943767e+02,1.903519006125496205e+01
1.743590206964809113e+02,1.074280552045426695e+01
-1.747580455989283621e+02,1.315483349626158116e+01
-1.726828636802088397e+02,1.738540163508003999e+01
1.676079210574158935e+02,8.884794789490896960e+00
-1.683120321306246581e+02,1.086460961030745764e+01
1.739223827847925179e+02,1.230096014121361492e+01
1.591716548024415090e+02,1.463104900074524295e+01
-1.591513549781471397e+02,1.376597286611120907e+01
1.573436026930617970e+02,1.021301593649868167e+01
1.637804127688307574e+02,1.147295759884615407e+01
-7.384661382052672707e+01,1.848642944415742306e+01
-6.812899066511184287e+01,1.119616419428886545e+01
-5.835945671891000330e+01,1.696671906973470101e+01
-5.767490914870600704e+01,1.158178073476676140e+01
-6.818786873588587127e+01,1.258219255474367237e+01
-5.182485172138476770e+01,9.436040894365604004e+00
-6.656992382345315207e+01,8.803191069448395467e+00
-5.111071721315606453e+01,1.109490408691729080e+01
-6.742024813830877861e+01,7.696863074567293239e+00
-5.909269639675146379e+01,7.905768373445598129e+00
-5.096789029645174907e+01,8.367787172522589856e+00
-6.596925567633233811e+01,1.230064229015987287e+01
-3.130961525366333476e+01,1.431246659453618264e+01
-8.425139489911097712e+01,1.267630457284457535e+01
-6.095134396794877318e+01,1.543437013784360445e+01
-5.352286863942455142e+01,2.679187800501485128e+01
-9.535829958638070991e+01,1.781412106108867022e+01
-6.395313109407052110e+01,1.255923835798930810e+01
2.093810176887339336e-01,3.315629947327639115e+01
6.706960026460308200e+01,1.606048225845670885e+01
-1.703322849044877216e+02,7.684464574113858859e+00
-1.798340988759885875e+02,1.238475831654864834e+01
1.778715669595503641e+02,9.584723450834125025e-01
-1.691563639976145907e+02,7.949263335553702348e+00
1.689242067275253021e+02,1.115849347930203272e+01
1.766435582608807522e+02,5.654081196779387142e+00
-1.721221668533757452e+02,1.274427730642126022e+01
1.672440979334477902e+02,9.718422744450307960e+00
-1.762673661134414829e+02,1.267276820074354582e+01
-1.763677842261558339e+02,5.872122497403936769e+00
1.666460731399717190e+02,1.091429624682834643e+01
-1.664215864260321212e+02,1.586743776694046915e+01
1.792907988735275921e+02,1.677782347311451616e+01
1.547540943227085393e+02,1.467830619525511082e+01
-1.625946033148443632e+02,1.316891909060627164e+01
1.630686247547174617e+02,1.487832304895106716e+01
1.785578728167099598e+02,1.364104505085207109e+01
-1.660365668613271168e+02,1.779430465925115357e+01
1.578370507905493412e+02,1.375773946622318888e+01
-1.724397718458951374e+02,8.872572917888803090e+00
4.928005071198322895e+01,2.794514954429843812e+01
6.633560023490329627e+01,2.816109651696764615e+01
1.321012336430740959e+02,2.827681499257208486e+01
-1.647637299403255611e+02,2.079255254111023277e+01
-1.538518342763695443e+02,1.661773842149986535e+01
1.566758211751524641e+02,1.221598984756808903e+01
-1.677157328098041376e+02,9.608612890811549789e+00
-1.694322777574417955e+02,8.712028691813927139e+00
1.660612077335244692e+02,1.921724175949161406e+01
-1.624385937090812888e+02,1.753815459297950241e+01
5.785043097504082965e+01,1.552154665992579829e+01
6.706777376083206832e+01,1.184007266959939741e+01
8.599336861758487771e+01,2.135517914104219628e+01
3.973122304789502124e+01,2.485496012892882334e+01
8.450527437614039172e+01,1.673310355922523485e+01
5.030412272941902074e+01,2.968822256701539430e+01
7.610876728053243312e+01,2.445181658852285977e+01
5.430714689762129410e+01,1.759753282844602040e+01
8.973538939176066265e+01,2.312898317914373791e+01
4.854645230575752635e+01,2.026469278154428366e+01
1.716976585084742908e+02,1.598963828564337319e+01
-1.702235617313775151e+02,1.244750218969913291e+01
1.652014245491296549e+02,1.984024412121966208e+01
1.796145621596738522e+02,1.660467897004420479e+01
-1.661650225419165565e+02,1.583429026086922065e+01
1.790468820396142462e+02,1.246816579472370101e+01
1.790100530714551041e+02,2.007759733871487029e+01
-1.729022572557615263e+02,2.025729435568538506e+01
1.662476663624174194e+02,2.827816112768721268e+01
1.785164125264165591e+02,1.809634228925776611e+01
-1.663565275971772905e+02,8.639193061820092723e+00
1.673205519616208505e+02,6.108821982241868120e+00
-1.676907871329963484e+02,5.047589472569635305e+00
1.675824519097597260e+02,6.916659234649221055e+00
-1.768067280688441940e+02,5.945328544768061718e+00
-1.784886021467522141e+02,9.332033519661282028e+00
1.793539644002306375e+02,1.013618764891789681e+01
1.785511907546118664e+02,8.485751339162025175e+00
-1.754749668658958228e+02,6.159016466984236438e+00
-1.700619419989896244e+02,1.469607378915006279e+01
7.476273637041151687e+01,2.159751791415104805e+01
6.344738516513110227e+01,1.513703882568216663e+01
6.487515270701703685e+01,1.597001811833895246e+01
5.773324634963281454e+01,1.543331091969736946e+01
8.838191075597605106e+01,1.700319200255066932e+01
6.656930699363066140e+01,1.920105451781927286e+01
6.112249080583779204e+01,1.736134392308370877e+01
4.907853852166428510e+01,2.108124832100697077e+01
8.103276564280461969e+01,1.730688303055918453e+01
6.437768877331220096e+01,2.144482233445758368e+01
1.725250349259715961e+02,1.549353335462726378e+01
1.757222141999017424e+02,1.103663780918035897e+01
1.627273492707091691e+02,1.819662762600332329e+01
-1.752015941494450715e+02,1.199308509224932351e+01
1.729705433514940296e+02,2.245097688724973750e+01
1.683244680577313375e+02,9.295141481277426010e+00
-1.798645983044224579e+02,1.367493167188245629e+01
-1.762438895864344488e+02,1.230679856109291670e+01
1.740189272648729570e+02,1.005575254741844660e+01
1.736378822977001448e+02,1.134812202514466151e+01
1.664303560971909235e+02,1.334003139738424260e+01
1.690844430033182846e+02,1.438739609166663413e+01
-1.555789374163022956e+02,2.360437603212875501e+01
1.670629382239337133e+02,1.721214015705330169e+01
1.775319703925026715e+02,1.532538574363185369e+01
-1.690748341665971282e+02,1.159135144653974692e+01
1.703524330305411922e+02,1.155184084786243481e+01
-1.616603154212744755e+02,1.298655849525120232e+01
1.519498188756263062e+02,1.297161048407466666e+01
-1.605479979866815938e+02,1.228879411650173736e+01
-1.785243296622487890e+02,1.023983631237451597e+01
1.744674893870633525e+02,1.023870527448930545e+01
-1.772471412610612163e+02,7.581153130487569669e+00
-1.691286442615579517e+02,1.031466371170311014e+01
1.759035277961411339e+02,5.297599745854044251e+00
1.722030628491542643e+02,7.266769451247789391e+00
-1.712652448891912229e+02,4.780799230926279009e+00
-1.796597967264818010e+02,5.458648849323255448e+00
1.705437036943643534e+02,1.019915669277081705e+01
-1.658158085505743315e+02,1.296470495753053598e+01
1.736028837471590123e+02,7.700599116028538305e+00
-1.734547713025222038e+02,1.145108213382592055e+01
-1.745560716812572082e+02,7.989688277849984033e+00
1.710328351410864798e+02,8.728934710296524457e+00
-1.755321343650981873e+02,3.473943271297943003e+00
-1.763694685088761673e+02,8.999294678652066892e+00
1.653400419693793708e+02,9.962142503723290687e+00
-1.655979807758896243e+02,1.482408175739689327e+01
1.679718830687377533e+02,8.906266916340310758e+00
-1.695269133236454309e+02,1.209911613843322442e+01
1.777019936284281130e+02,1.433433891764000023e+01
-1.759688966992833628e+02,2.275694856872553906e+00
1.650743761603704911e+02,1.155261462634695135e+01
-1.663678744020192255e+02,6.981088984269717024e+00
1.777903966895659664e+02,1.072122981380387330e+01
-1.750805267456208298e+02,1.516129270692885811e+01
1.698438886883124610e+02,6.619694623662727651e+00
-1.558803992626268098e+02,2.557178711364472434e+01
1.622805578699901901e+02,1.535196697996072146e+01
1.743569490905784392e+02,2.268113676813833379e+01
-1.718292434127109232e+02,1.712776613988921426e+01
1.790526556439501746e+02,1.069513834555044340e+01
1.685172700940807147e+02,1.846470960503922853e+01
1.740525769241419312e+02,4.641116382869220125e+00
-1.672435940946334654e+02,1.709405220442929618e+01
1.686159700748864054e+02,1.184180967482274838e+01
-1.613361062258958611e+02,1.238346517657924295e+01
1.723170715834997679e+02,1.810390776487620812e+01
1.798828159031746736e+02,9.125474125593948216e+00
1.569615547296691602e+02,1.695595512180910447e+01
-6.635253788521782781e+01,1.784335038944997365e+01
-6.263465408070901930e+01,1.359995062383702980e+01
-6.669759762186535568e+01,1.479470056386684895e+01
-4.963882472817368807e+01,1.758084121923172205e+01
-7.696869651669209134e+01,1.854408601005267343e+01
-4.924145469189328850e+01,1.599551775694578382e+01
-6.937326956828786706e+01,1.117716051130183530e+01
-7.184968620337382106e+01,1.065919777865121887e+01
-5.866391061978907118e+01,1.050840320587072618e+01
-7.779630302201951508e+01,1.076639804180174664e+01
7.562485143891277062e+01,5.580142481917992114e+00
6.979313888093524554e+01,6.329672729222808769e+00
5.137793211067079113e+01,1.570505406446423180e+01
7.661076111114591924e+01,1.083841300666703944e+01
5.949135512561288408e+01,5.853644820215356148e+00
5.028996019214103086e+01,1.480718420740496200e+01
4.924599381230232353e+01,1.464388655817866791e+01
6.186156496380855430e+01,1.284832442041172484e+01
8.124564995166603865e+01,2.195792212334573534e+01
6.457166384714867036e+01,1.563966133394797353e+01
-1.711624942208307800e+02,8.480802029190707358e+00
1.722110123854266988e+02,7.006959243145134408e+00
1.774744121488281507e+02,1.252560585280927263e+01
1.774035211190871451e+02,1.959374151982983392e+01
-1.753540579433976347e+02,1.644979945690966971e+01
1.709009908638798549e+02,1.442345573087605359e+01
1.609992574135219456e+02,1.247628627621144659e+01
-1.648643021288755506e+02,2.081460237690417259e+01
1.592778277292363498e+02,1.631549474053095139e+01
1.739424442337610515e+02,1.225800542637081847e+01
-9.754403001186720701e+01,1.636703623762985416e+01
-4.401531462794920913e+01,2.266883284762723960e+01
-9.301009904304228826e+01,1.414743367640145344e+01
-1.139321180005872662e+02,2.071449880818857281e+01
-9.118615086921698776e+01,1.342658876834302539e+01
-3.655511129179867424e+01,1.530413135204164021e+01
-8.761836482009555027e+01,1.012142430179853392e+01
-1.443541530900553482e+02,1.801760966430725830e+01
1.399273697668712941e+02,1.944877442168466075e+01
1.280995281018571745e+02,2.576991110457537104e+01
1.703356611812197912e+02,9.990266600512436312e+00
-1.608781375707174561e+02,2.178821262755574395e+01
1.716683481132144493e+02,1.752087444900776703e+01
1.522825273725240436e+02,1.565067454420860216e+01
-1.510803616725271468e+02,1.120320496552209200e+01
-1.616654283134949139e+02,1.497044831981157031e+01
1.588621833531820471e+02,1.398948661761976986e+01
-1.655863929488128861e+02,1.227142729763498430e+01
-1.755360528308588357e+02,1.531410860660368911e+01
1.698375163401040027e+02,1.223222691711944776e+01
1.645118124307500409e+02,8.740633326569952288e+00
-1.704247302119721610e+02,1.027766842892595989e+01
1.695055163618504253e+02,8.113937147306817366e+00
-1.551554261622250976e+02,1.027598796767025213e+01
1.687533428652717191e+02,6.781470684570013674e+00
1.474603732545872958e+02,1.314955101849088948e+01
-1.488559770018170241e+02,1.123213072200029217e+01
1.755469695331146909e+02,2.484007752443335271e+00
1.723689496713555229e+02,7.494717926778672101e+00
-1.563983132822133939e+02,1.508995228930167265e+01
-1.257230141717958531e+02,2.277032721034636253e+01
-4.010885014645107560e+01,1.528983711718248983e+01
-7.134938393939141577e+01,1.569550646107630953e+01
-7.652762747788140985e+01,1.212943060831559983e+01
-7.165087605208098864e+01,1.956869709443084915e+01
-7.867569321741362387e+01,2.284869158922683496e+01
-7.186700624400911863e+01,2.286186134832028216e+01
-7.622651337580826691e+01,3.087372715171905568e+01
-6.942218433062859617e+01,1.908195265427448106e+01
-5.588845232553115494e+01,2.201259237492897114e+01
6.926872856920719812e+01,2.340697168606921963e+01
8.958287064057202542e+01,1.937893245978806789e+01
4.316812752542571729e+01,2.076779287928044226e+01
7.276315305293853442e+01,1.991571852751389571e+01
7.678713109486822930e+01,1.217715420020978812e+01
5.294450037422346611e+01,3.219165625278345289e+01
1.003646625427732033e+02,2.369354904748683310e+01
5.560344843338760512e+01,2.696122415274533779e+01
1.813228854575093418e+00,2.596652732429895849e+01
-5.506090503951343607e+01,2.416060160780000388e+01
-1.618478616932106604e+02,1.169035388471924009e+01
1.523765260263306516e+02,2.593934074180831573e+01
-1.693761257139107670e+02,2.167670129596835693e+01
1.780140262843247854e+02,1.290189051912790141e+01
1.700201819806204355e+02,1.620293104882454926e+01
-1.658273779542559225e+02,1.911157369816720575e+01
1.634351243578953188e+02,1.947889815385043022e+01
-1.719463713691585838e+02,1.316089653934932535e+01
-1.796451614683491300e+02,1.392783122440600607e+01
-1.798883401414034608e+02,1.220090875724813451e+01
7.090802161852748497e+01,1.229988837200115803e+01
5.922828969913940966e+01,8.683545395475551487e+00
4.851155383434620205e+01,1.800667052501842136e+01
8.747740329307551121e+01,2.323388300930187711e+01
4.697471500308621017e+01,1.752884485772066370e+01
6.972200038007811429e+01,1.735857964892014493e+01
5.003355875127863328e+01,1.417190701819418663e+01
6.597242766932643576e+01,1.381596152492199536e+01
8.213816372079574535e+01,1.786882923784283150e+01
6.070122455860110477e+01,1.418736637948958723e+01
1.757029559021374041e+02,1.199783314079113872e+01
-1.635473617530626314e+02,6.050176430483536372e+00
1.647627397927383299e+02,2.394765533993469830e+01
1.760917890933751266e+02,2.221313426308564587e+01
-1.547731714497308531e+02,2.501783669129888565e+01
1.743081678231781382e+02,6.879954445275696884e+00
1.595873020450122226e+02,1.475433548199310785e+01
-1.606885526401505047e+02,5.310938888898848909e+00
-1.668747957167129243e+02,1.128971365692521545e+01
1.668446185559381547e+02,7.389334434179255950e+00
-7.234756023384183266e+01,1.403985925733275764e+01
-7.338950744958678740e+01,1.904787049784861352e+01
-6.639196509997312035e+01,1.304503313324048541e+01
-4.906478548410130713e+01,1.349559405616938434e+01
-8.029678908486278033e+01,2.001642838977576844e+01
-7.400362331638238800e+01,2.020321488074367267e+01
-7.543679607830551959e+01,1.578770246297341728e+01
-6.316565762683252672e+01,1.189720144556196146e+01
-7.259196252941262628e+01,1.249294024485674726e+01
-7.618477270923543188e+01,1.935686257403966692e+01
-1.797729007071283149e+02,8.193798187275064038e+00
1.724346681798920145e+02,1.182495916560161575e+01
-1.638015033416573942e+02,6.029077922562278147e+00
-1.597734917091910347e+02,1.297996779509912813e+01
1.608891392403253633e+02,1.074404170943729220e+01
-1.714690775204695967e+02,1.871992875880077989e+01
1.762732789640662361e+02,9.062934623348848362e+00
1.781359853611161839e+02,1.773814054663524686e+01
-1.741017399863514186e+02,5.800457662870458719e+00
1.721066074083995545e+02,9.526288993839134633e+00
-7.657087228623959163e+01,9.756610734502874749e+00
-5.842436537570493016e+01,8.179583847280792241e+00
-6.905508879668234101e+01,6.451892644589380055e+00
-5.581676234092641664e+01,9.503079125558734574e+00
-5.760190536596395106e+01,1.218886633066601810e+01
-7.411084920252702091e+01,1.695047271250121668e+01
-5.046257868480514475e+01,1.071429828798777883e+01
-5.768263806453513354e+01,1.288655378857878908e+01
-6.584664266540639233e+01,8.780606049173984573e+00
-5.340868824073648113e+01,8.788804245488448075e+00
-8.772243382870600215e+01,1.346476158541587509e+01
-4.087172172394338077e+01,1.440350840767298379e+01
-8.513175006496160790e+01,1.176911713603328913e+01
-7.676802421513878016e+01,9.267440099188718250e+00
-4.668862994186385151e+01,1.291739349762979217e+01
-6.331185625572026510e+01,9.155735121957246037e+00
-6.109460500086984780e+01,1.644615662046691185e+01
-5.931238068577592060e+01,1.340883056114856231e+01
-7.217819861758793820e+01,1.600361018668669644e+01
-5.444124297837232973e+01,1.405918055097322750e+01
-1.669769500793105124e+02,1.137835176725707598e+01
-1.742614132181982711e+02,6.389213694212578787e+00
1.785900440572738432e+02,1.101056568953930714e+01
-1.620039335469235482e+02,1.213910761806380201e+01
1.701501973213199221e+02,1.120862634757219034e+01
-1.679216798463955058e+02,1.516693909668257234e+01
1.778082016324173367e+02,1.855034240586422456e+01
1.717886687619827057e+02,1.529800162725510759e+01
-1.663795509106134887e+02,2.503970761714508697e+01
1.710642843012793719e+02,1.546097146874211958e+01
1.013617017153643332e+02,2.006882241573338277e+01
-1.616084260888048050e+02,1.552588450033394452e+01
-1.080511401806257368e+02,2.070304196366512528e+01
-4.068791047218530821e+01,2.191409916444048278e+01
-6.940577520657782884e+01,1.057739010170278782e+01
-8.734428650125499871e+01,2.322208187094886611e+01
-5.009811479799662948e+01,1.213241059375918951e+01
-6.259434931207567843e+01,8.250407992383667732e+00
-5.799150105279019840e+01,1.462270729038342765e+01
-6.324827640271150386e+01,2.041091453798037136e+01
-1.781719458990158671e+02,1.614389198035224737e+01
-1.707998200675493763e+02,1.217108456663873994e+01
1.695008813644494978e+02,1.884451143144489649e+01
-1.755306181402475545e+02,3.357222845759497254e+00
1.762974468958786076e+02,1.076891796866157947e+01
-1.713285068660081265e+02,1.347278205256521133e+01
1.678640051702421658e+02,1.359943534557919698e+01
-1.744704812310385478e+02,1.444008357569562406e+01
1.703987916826272340e+02,7.934103510669586967e+00
1.748074436032192125e+02,1.269506167602256497e+01
-1.659441389590598988e+02,8.333469094192087923e+00
1.681618909495535661e+02,7.665936273703215065e+00
-1.672165055651026364e+02,7.682489137529568524e+00
1.658338333048000948e+02,1.621008493028423203e+01
-1.660508798661758760e+02,2.234677450555361133e+01
1.621111339434552008e+02,1.936843287088142773e+01
-1.517070692838033210e+02,1.389300830275043630e+01
1.638629267952507007e+02,1.788912781439822908e+01
-1.709072094424629995e+02,1.775260824905344137e+01
-1.481293875433472067e+02,2.593575919140620556e+01
1.539422823561544078e+02,1.586241681510696822e+01
-1.747635100296164410e+02,1.896952910413152793e+01
-1.710694647436949083e+02,1.984524177881363727e+01
1.558494323339592711e+02,1.576178418774335910e+01
1.796460431264161457e+02,1.883315084637304082e+01
-1.690232366537007351e+02,2.084248445782582593e+01
1.707481657440377489e+02,1.413145889663529076e+01
1.676681763418267792e+02,1.670429267876170343e+01
-1.687716742819620208e+02,1.747758458847705043e+01
1.749819579979074149e+02,1.721673892113855331e+01
-5.553891790415153196e+01,1.765109579649196192e+01
-4.245420933450429857e+01,1.422797568295871784e+01
-8.974189996768789968e+01,2.509961304412625083e+01
-3.562953177975210650e+01,1.668810524843862453e+01
-7.529147675451378063e+01,1.400403192531155483e+01
-9.435875909940237705e+01,2.474805291358396886e+01
-3.166458490568988893e+01,1.690154284868333079e+01
-8.153846361827267231e+01,2.391746459452093632e+01
-8.857528155942341641e+01,1.541000587954822265e+01
-6.186377148027627015e+01,1.994586616690716596e+01
-7.822745516087169904e+01,2.049762320261448068e+01
-3.462820546496081420e+01,1.359459965651119617e+01
-8.409049000126638873e+01,2.507980089277223357e+01
-9.184370030453284528e+01,1.943895332174021462e+01
-5.505333508392681807e+01,2.061571130391032725e+01
-8.055916225859380120e+01,1.451155806487535571e+01
-8.742836710955751300e+01,1.097237019050486317e+01
-4.193145425346180133e+01,2.644388546372466564e+01
-6.613211494925933209e+01,9.085093639480248839e+00
-6.457987753157313193e+01,1.702346223608110876e+01
-6.351015846311230462e+01,1.253273145020303936e+01
-7.672992673748620973e+01,1.105052915099694211e+01
-5.620707709214163117e+01,2.953752552318683300e+01
-8.187055761678425370e+01,2.922896664677585221e+01
-5.685741514533976471e+01,1.406542424892332477e+01
-7.621530769930583915e+01,1.219087789603960559e+01
-6.871062791113763524e+01,2.629079288532335212e+01
-7.125949171682377425e+01,1.877021010783032295e+01
-7.582624982722518325e+01,1.948032891895755725e+01
-6.717583311268913349e+01,2.199681568962961364e+01
5.760922621576525415e+01,1.140228188782168317e+01
6.583492898655708814e+01,6.245939724157246964e+00
6.453075033440654806e+01,1.301027346591192746e+01
6.138329079572144309e+01,8.658278152668291483e+00
6.178273814849030998e+01,1.216058945937559699e+01
6.440619559996645194e+01,9.025078522226982258e+00
6.345194384874443472e+01,6.296184140084968739e+00
4.413371527349732304e+01,8.854937658819370228e+00
6.260635600815516000e+01,1.208209537791571542e+01
5.828434271941748079e+01,5.876535586933813171e+00
5.573010134111127201e+01,7.922292105273946561e+00
5.312906687422727003e+01,8.669261782116823412e+00
8.575805529980961239e+01,1.643019127615217201e+01
5.607729265106479488e+01,7.176809336872350897e+00
6.260905909430626082e+01,8.617984652652681987e+00
6.100866469690064520e+01,7.916025068907931228e+00
4.993816413312403313e+01,1.012213706765264654e+01
8.001713293578535513e+01,1.315869150444396674e+01
4.933226535375374766e+01,9.572361675403598724e+00
6.356592041107021629e+01,1.142819784281957141e+01
-1.516357655539889038e+02,1.482840531884657409e+01
1.673252761124992105e+02,1.552308635574155637e+01
-1.676960340339352342e+02,1.726336896134137078e+01
1.628688203348356183e+02,1.609819968478230479e+01
-1.738900554909715765e+02,9.681876162798646490e+00
1.737286720564479197e+02,8.457425313199706807e+00
-1.757055597006119854e+02,5.111143602345929793e+00
1.769716292222778975e+02,8.824079491875687964e+00
-1.745073710451231648e+02,9.872488378563367917e+00
1.671492764869412895e+02,1.478012178645790797e+01
6.777765105761645259e+01,9.138310446056530978e+00
6.700204956176432347e+01,5.421723364283829838e+00
5.450485521096421593e+01,7.231704647492254168e+00
6.674720314282524214e+01,8.725059593698972549e+00
6.016447972528749233e+01,1.142244760401375459e+01
4.849340848001095594e+01,1.206526336985806935e+01
8.642695594166502815e+01,1.704189982817063509e+01
4.198679906897338299e+01,1.556241466722957867e+01
6.726670204712949896e+01,8.964411857901533054e+00
7.379087217580291735e+01,9.035799602108111728e+00
-1.759110270696327518e+02,2.136340603400267213e+01
-1.624676232481836280e+02,2.142123190464376492e+01
1.618337331301293034e+02,3.167454748553850408e+01
-1.757607707481180057e+02,2.013076360876588922e+01
-1.603484263840351218e+02,1.963823733813944727e+01
1.733272294321931213e+02,1.108717222113195966e+01
-1.746257155296584358e+02,2.502665226714292146e+01
-1.607450686687427606e+02,2.036043656160385495e+01
1.670854390934218543e+02,1.713724609804676646e+01
1.746280283339641244e+02,1.062050999970178644e+01
-1.621512319177538473e+02,1.534995219690435775e+01
1.671833817975573311e+02,1.181882394068775355e+01
-1.755179503232995160e+02,1.387418734514339391e+01
-1.760140602100746037e+02,1.640380644484903883e+01
1.659649704013106373e+02,1.568661244581210212e+01
-1.711633000648019447e+02,1.514451060226834400e+01
1.739669816145479899e+02,1.631203648393526606e+01
-1.707367786187604395e+02,1.405580670918383035e+01
-1.736322860259031415e+02,1.354396492838365162e+01
1.761474139541220154e+02,1.847338129933196171e+01
-1.659047032102210437e+02,1.675799539761004198e+01
1.699878457176918971e+02,1.450121342717914708e+01
1.796910069645323631e+02,2.187824908333359275e+01
1.679279189299524830e+02,2.184271498186950211e+01
1.761257645776240111e+02,2.280908573312756005e+01
-1.731759544907860686e+02,1.673435072101482035e+01
1.664031192989399983e+02,1.793357383799270011e+01
-1.634614141583483331e+02,1.510967268392747442e+01
-1.795221002894786864e+02,2.012540989552035953e+01
1.784139775591648629e+02,2.110597899347786921e+01
6.395264572222763633e+01,1.414524260549036505e+01
9.193085056513078257e+01,2.215486569324207622e+01
5.041845912302957089e+01,2.441350090146997687e+01
8.670673482969216650e+01,1.343134835754328549e+01
6.243565604758404675e+01,1.411281530044082011e+01
1.458832987868786013e+01,2.159678458125130618e+01
7.826948362488971611e+01,9.514067560803090018e+00
8.519637191172505197e+01,1.663348528695249939e+01
5.784121967370526107e+01,1.823732466700156962e+01
8.196758128039181202e+01,1.620770945657370277e+01
3.973834451741259244e+01,1.474234807260778268e+01
6.075686021292406735e+01,1.851593677034732366e+01
7.487650944399092623e+01,1.632783714802021890e+01
4.971562926349524503e+01,1.368925215148001939e+01
8.595493461241900945e+01,1.665086737825377838e+01
5.047823245879700949e+01,6.513575441182446468e+00
6.792896403731515420e+01,1.409838123348111338e+01
6.550872392685019463e+01,5.920546376580460013e+00
4.736086815309958098e+01,1.420655929790365235e+01
8.439685648008283181e+01,9.490397167249746246e+00
1.697674593286754146e+02,2.665764964178883289e+01
-1.582841578877099948e+02,2.286041080972107409e+01
-1.753417528029493724e+02,1.997538629931510457e+01
1.680684022169700711e+02,2.433180143191950151e+01
-1.625171503039652521e+02,2.097515181737927747e+01
1.750051319174144737e+02,2.080705424072268528e+01
1.702895071437204706e+02,1.792334795526895874e+01
-1.655568277449398238e+02,1.783834989393311687e+01
-1.795757826810949211e+02,1.258147309033737216e+01
1.700218899825550238e+02,2.256867866928278232e+01
-1.625681112872504457e+02,2.259952408908340971e+01
1.781508797769928947e+02,8.763460092919160616e+00
1.655423273948966596e+02,1.659038042769163468e+01
-1.569109860174295932e+02,8.842795512100698474e+00
1.792411008237699548e+02,1.162330049713432345e+01
1.645463122612540303e+02,8.949138117609239274e+00
-1.618197802444510103e+02,7.889915374112488777e+00
1.741080007288267382e+02,1.246474378122624316e+01
1.746630297983581386e+02,8.072838157288504846e+00
-1.792558856855376916e+02,1.789166728248727978e+01
-7.138193648005285752e+01,8.978880619752606762e+00
-6.280905951796292896e+01,1.251910322627525929e+01
-6.502223908481724379e+01,9.116938393567473042e+00
-7.268013549317872446e+01,1.218781333277342327e+01
-7.385931598593553815e+01,1.291681633570554411e+01
-7.799581230380671570e+01,1.054838983511557515e+01
-5.651411961784424420e+01,1.299599499042419382e+01
-5.963297958926923314e+01,1.922804400507673961e+01
-5.522282622317234058e+01,1.435356443703022578e+01
-5.288758768969251634e+01,1.448889526734215494e+01
1.752623326924679930e+02,1.166610601900386257e+01
1.570622049753950478e+02,1.987729636411902590e+01
-1.489955667680019076e+02,1.574359654616463544e+01
-1.246963885759040949e+02,2.373868512274608378e+01
-1.576093433076687234e+02,1.105708495642025468e+01
1.408402491836562263e+02,2.433605339753919239e+01
-1.769065350227949978e+02,1.496647821595576033e+01
-1.396404563784345214e+02,2.758106347619843035e+01
-1.713973286003453040e+02,1.806540969407688380e+01
1.528772413319097438e+02,2.273629520598587916e+01
-1.668220795624981179e+02,7.213617315131769736e+00
1.691941252438639651e+02,7.732945360755543618e+00
1.725383205831432463e+02,5.140482037924201997e+00
-1.614106096330428102e+02,1.422618883688676306e+01
1.577869852631729088e+02,7.758921306446049826e+00
-1.724133117279988596e+02,1.504020371038587811e+01
1.697788338514375539e+02,8.371293259360090389e+00
-1.717612526181055159e+02,1.662771722262392515e+01
1.740643440463189506e+02,1.112602406613109984e+01
-1.703320649956567081e+02,9.940330520681198934e+00
7.122228481101295472e+01,1.159309092631827731e+01
5.908011605375991593e+01,1.191147128293166979e+01
6.557829404443965871e+01,1.473999701356930103e+01
6.446800150937527007e+01,1.761275642358402038e+01
4.981937386125086675e+01,1.104274276149762457e+01
5.690453038183469658e+01,1.041835457964030098e+01
6.069052922547568585e+01,1.162260580512044150e+01
6.186285558191828926e+01,1.065013669172762789e+01
5.328658239681428199e+01,1.041070318571294173e+01
5.793026645030779775e+01,1.329931425935887113e+01
7.364737970494336139e+01,1.172064594421090256e+01
6.523187472463102665e+01,1.147767546617349055e+01
5.322096173051066614e+01,8.015898805350627043e+00
6.910992323898140910e+01,1.913855059820295779e+01
5.182311577403919500e+01,1.218266242840988944e+01
6.874071643942501453e+01,2.067132204116050787e+01
5.034608413302726859e+01,1.467463367076374681e+01
5.601425710169217353e+01,1.530700555288507836e+01
7.290876444466893247e+01,1.050849075097057117e+01
5.088674717672879666e+01,1.713903078786108836e+01
7.530617160716639091e+01,8.574018923391577118e+00
6.374734422661025945e+01,1.159178595452456406e+01
4.724241734541595861e+01,1.287584732432982548e+01
8.547980571326486654e+01,1.644183901059938435e+01
6.079479058055680696e+01,1.272431192624402385e+01
5.014797054996903114e+01,1.739016679929224551e+01
8.398302929582824561e+01,1.429364165451236701e+01
3.932235454183630452e+01,1.319301733021070078e+01
6.225527512877182090e+01,1.014576197888646902e+01
6.112428294834519704e+01,7.994405116902374431e+00
4.153289456941247693e+01,1.506292348510276113e+01
7.527446343389378569e+01,8.501642546652343313e+00
5.394582372228528300e+01,1.001348087708177559e+01
6.843136230557504973e+01,7.094129313811745163e+00
7.208087803119990156e+01,9.730157677858359833e+00
7.991761647728422702e+01,1.020450145097247407e+01
6.084815311692363338e+01,1.512496309820108564e+01
8.495467048152369216e+01,1.723372272304408170e+01
5.978097270215158687e+01,1.554672095009286537e+01
5.757002707522001828e+01,1.198139606941319713e+01
6.263125738893189265e+01,7.550361460851160444e+00
5.465295198438796120e+01,1.251371276803051735e+01
5.736696171212636841e+01,8.729589273650411485e+00
6.220692555161431159e+01,1.034505428715826447e+01
5.659266289311170084e+01,8.466647490212848126e+00
8.306474542226102642e+01,1.084227774036483183e+01
6.123687873277683735e+01,9.492958228304521739e+00
7.047530785978466383e+01,8.688833797678444881e+00
5.370848806186052826e+01,1.097565157120849832e+01
6.789509176110242095e+01,1.333806638994061800e+01
6.459543298743541584e+01,6.998908247231318214e+00
6.318108998782906838e+01,1.105242222771703986e+01
7.928974393713978941e+01,1.192826422777346451e+01
6.007490844063730151e+01,1.648279875786755611e+01
7.073953646141092122e+01,1.462175563432201209e+01
6.145951838537806111e+01,1.713945382313290366e+01
6.364816229302959982e+01,1.698003548904934945e+01
6.886650622764250329e+01,1.538398157106530206e+01
6.661878568126157063e+01,1.891549085671799091e+01
7.114906933232408903e+01,2.884023285538845016e+01
7.665185744488002229e+01,2.024002518332024181e+01
6.428542382353171547e+01,1.658478340036674936e+01
8.522216068146218504e+01,2.969547552510279331e+01
7.866376962246364712e+01,3.012901611865718010e+01
5.444458386375994507e+01,2.891077516075345244e+01
8.159852285656722870e+01,2.526451052303251998e+01
5.658486086249463654e+01,1.742807855295341923e+01
6.142874177136458513e+01,2.703552424473491556e+01
8.603882004485318191e+01,2.548924511315437869e+01
3.297077715097426420e+01,2.331974017035515701e+01
-1.799709131327314537e+02,7.320553205954766440e+00
-1.781200169373238964e+02,7.817207563590368835e+00
-1.789186149913310828e+02,1.092922324379614629e+01
-1.677078150935556380e+02,1.413517941311808812e+01
1.763125382787949036e+02,1.151723467878931118e+01
-1.684107198261257849e+02,8.123081883376441326e+00
1.755847043892670456e+02,1.356895175207970006e+01
-1.781145519098871546e+02,1.033017399581287421e+01
-1.712020558707755526e+02,7.630500952662170988e+00
1.663571324648211487e+02,1.152909171108087349e+01
-6.968294934129460216e+01,1.380254710691484732e+01
-5.922300817105872994e+01,1.739451427713761333e+01
-6.840296618636325832e+01,1.370606696638524369e+01
-7.117470191507109689e+01,1.829467558341277211e+01
-6.249985253684165798e+01,1.596859927477156305e+01
-7.958805647881362688e+01,1.588449133472246899e+01
-4.749534936888338166e+01,1.644556306919205824e+01
-7.897617775139237040e+01,1.588965201685562434e+01
-5.944002900218244889e+01,1.352414170997308673e+01
-6.688300609894149318e+01,1.549223988887186110e+01
-5.466307721460298552e+01,1.365622217174256292e+01
-6.363947973882361708e+01,1.789602349452718499e+01
-8.053632449440958396e+01,1.510211194499916232e+01
-5.705545740151600853e+01,2.046433047776140057e+01
-7.604717840871818169e+01,1.292395058015264375e+01
-6.265659630673186342e+01,1.136236385102997559e+01
-5.963229810381841389e+01,1.926411762265789562e+01
-5.680084382190158010e+01,1.154835458129220349e+01
-6.021349983347602119e+01,2.252193209244708783e+01
-6.038284490291530915e+01,1.466080050816197655e+01
-1.760644918634345117e+02,7.119327519426099649e+00
-1.770068360475512179e+02,1.027885068261909396e+01
1.531337060724403614e+02,1.979868817492286936e+01
-1.734596956323408108e+02,1.591498696929554768e+01
-1.740052097061189045e+02,1.254170022005526342e+01
1.660863080670579848e+02,1.298058933975262086e+01
-1.718036844035431159e+02,2.512149721945624847e+01
1.750601986491458604e+02,2.532046795831753982e+01
-1.749824619880656655e+02,2.830559557028378137e+01
1.774147211491631140e+02,1.819620343772301752e+01
1.752985740239150232e+02,8.637340968817493803e+00
-1.686796326935456989e+02,8.488576673780650950e+00
1.698525720781254904e+02,1.137501997950229082e+01
1.762297008934812084e+02,8.303773429942530981e+00
-1.673628884843249978e+02,1.193147606400050087e+01
1.577301178146238101e+02,1.512031148456532748e+01
-1.794551525502654385e+02,1.956726349442340762e+01
-1.655509676147177061e+02,1.475223252204495239e+01
1.592944871832444562e+02,1.092069024680628964e+01
-1.700451046657443044e+02,9.402820757194842116e+00
-5.849530252760385451e+01,1.755963129944346335e+01
-4.728617644113813157e+01,1.060550396426326181e+01
-7.765554550750745477e+01,8.193360674904191399e+00
-6.541687314484418891e+01,1.124134891746796328e+01
-6.741303527201466750e+01,1.132863716583684699e+01
-6.895830362837803307e+01,1.254870934230393154e+01
-6.078046577464633771e+01,1.651799383172956226e+01
-7.335174105441419101e+01,1.012407269675614074e+01
-5.654252920911545033e+01,1.307298518467497672e+01
-6.445048750690126838e+01,1.419722743378777352e+01
7.750591057868940936e+01,1.459754009693418197e+01
5.455801308026894958e+01,6.889342003553797333e+00
7.147473765204873075e+01,1.012581733404651629e+01
5.491664994409553202e+01,1.207254727101200942e+01
5.022722922355804798e+01,1.941546402918460146e+01
7.714152169712679097e+01,1.020018725443057761e+01
6.155372497655676511e+01,1.453297469156586708e+01
6.417457625922519071e+01,2.182793307010647155e+01
8.870851002145533926e+01,2.496660078440221397e+01
5.832780230661192888e+01,3.464103386131138507e+01
5.835370881722701597e+01,1.970334172256273675e+01
6.783756226222915586e+01,2.728960971074571518e+01
4.480112348940789246e+01,2.489302724486081786e+01
5.490983161815277924e+01,2.154513159442880266e+01
1.303090211741582607e+02,3.117628678320544822e+01
-1.515621873793122063e+02,2.954396680335574388e+01
-1.191329667191033792e+02,3.059325374872048897e+01
-7.930842666574295663e+01,3.515943608561859435e+01
-5.133139697884008967e+01,3.489442161879409099e+01
-9.770325763101519101e+01,2.335399137737294240e+01
1.798626103142608201e+02,1.957593820319447175e+01
1.771385998900027516e+02,9.455327443869069981e+00
-1.795261583483101901e+02,1.968785215271542199e+01
-1.765134369281854845e+02,1.517626586421562251e+01
-1.626975343216837757e+02,1.719940701307260866e+01
1.640559367377638864e+02,2.091668832223423635e+01
-1.692145315001293682e+02,1.070661506889898718e+01
-1.732528903186065179e+02,1.429412113641085469e+01
1.789137407081724689e+02,2.008570815000570775e+01
-1.720184320228985086e+02,1.937351217799830749e+01
-1.609800523209606808e+02,9.059643098845262088e+00
1.517244909367646812e+02,1.174076585932362704e+01
-1.768500353217938255e+02,1.306447756676421612e+01
-1.647474127179946777e+02,1.171035097907370748e+01
1.732554064392438136e+02,6.389711246679522283e+00
-1.785802498237480336e+02,5.273610879179415178e+00
1.750846946614193484e+02,4.753999584033365089e+00
-1.779612976413779961e+02,4.505519223516037286e+00
1.569677528145243173e+02,1.115042107792637083e+01
-1.603623617868469182e+02,6.792857819952638820e+00
1.689798824732130811e+02,2.001654424769975193e+01
-1.774986506767900210e+02,8.402650784986217758e+00
-1.672222289482964470e+02,1.349168763553269912e+01
1.557965344265932970e+02,2.637553406316281013e+01
-1.723429394777742800e+02,8.163494698443106046e+00
-1.759841310185243515e+02,1.512593353002261232e+01
1.634085246429366691e+02,2.793543024799830476e+01
-1.773562228595217505e+02,1.030720283777179525e+01
-1.715936859706417579e+02,2.117137724581129277e+01
1.652151455581420123e+02,1.729859105038815414e+01
-1.740221394202483225e+02,7.712172624444947999e+00
1.760549233233420807e+02,1.250927484693817071e+01
1.769360026711113107e+02,1.122853311011431110e+01
-1.788506938367973760e+02,7.030303593555055741e+00
-1.776226000573300610e+02,4.380701191519419169e+00
1.664744683949057560e+02,1.056791358887955923e+01
-1.741198805004036956e+02,1.243353175663041199e+01
-1.766796855978381871e+02,1.721236887547120631e+01
1.582485668404735293e+02,1.368804083223885826e+01
-1.608342332181460392e+02,9.076258926337409605e+00
-1.617288768573685616e+02,1.073986506888383907e+01
1.691701497415339190e+02,8.419317741676284328e+00
-1.711655491944960943e+02,6.850011024797899140e+00
1.673740213756784669e+02,1.076954162456577713e+01
-1.664227449297873704e+02,1.411466463932642057e+01
1.630241235214268158e+02,1.459184003650336514e+01
-1.626455834358312416e+02,1.775539192081817319e+01
1.716596365932398953e+02,1.045104710536013926e+01
-1.658816685981307444e+02,1.287390368944598329e+01
1.700429317447316464e+02,9.343510310242281847e+00
-7.674040050841499294e+01,2.369786561335099151e+01
-5.713850348445058103e+01,2.148732133021236734e+01
-8.670388118853182391e+01,1.519800561897833191e+01
-5.111683267229566496e+01,1.460240939159402274e+01
-6.762354640279818341e+01,1.599145855624709966e+01
-7.543448871641764697e+01,1.596792006396634633e+01
-8.190336291973457605e+01,1.752263509619956494e+01
-4.072119177014521796e+01,2.748758652686067450e+01
-7.532856666069992002e+01,1.896939271454578346e+01
-7.123521925966677770e+01,2.254377191110185663e+01
6.076195959914680600e+01,7.748933040232246938e+00
6.728358266140257626e+01,9.482718525816620669e+00
7.830042957300429407e+01,6.831858634681356790e+00
6.186364445718945859e+01,1.217644649849865424e+01
6.442497505969124916e+01,1.094833725980290140e+01
7.497619223121232324e+01,1.094216834590078236e+01
6.433430791352536460e+01,1.464523574767112457e+01
7.431622810926191391e+01,1.199867431293156983e+01
6.339468062500837675e+01,1.194559165564456293e+01
6.114866785976028751e+01,1.488327555234180011e+01
1.404588432346846503e+02,2.700557452428364513e+01
-1.741033043292621301e+02,1.493744488330076159e+01
-1.341566966070179490e+02,1.896105142231236584e+01
1.761505948914625606e+02,1.167921915088940210e+01
1.529684672956128679e+02,1.869406736799857782e+01
-1.592764597977486005e+02,1.269470134884484835e+01
-1.682464939378316728e+02,8.395235999038762387e+00
1.684408091752073346e+02,9.234855853515993473e+00
-1.587233375762805281e+02,9.452796705206779393e+00
-1.749836632971901906e+02,4.986261710421393545e+00
-5.418302503153027772e+01,2.941490652426744035e+01
-5.992005019494690288e+01,1.561054407033284974e+01
-7.589993185852740964e+01,2.727624313387821076e+01
-6.076881502548859260e+01,2.848735190600438116e+01
-6.547221190703683646e+01,1.942672983083781801e+01
-6.680560705036138813e+01,2.456528496690702568e+01
-5.720265028346390324e+01,1.821342342106915879e+01
-7.582909013317619440e+01,1.785035838785980289e+01
-4.808880291960880982e+01,1.748715466778975625e+01
-7.128453101688623406e+01,2.238987192314305474e+01
-8.358626456662673831e+01,2.714542117416029043e+01
-4.077258199168569774e+01,1.873258533810091109e+01
-7.410045739873817183e+01,1.901417243405705193e+01
-5.152463512083490826e+01,1.201407658079321550e+01
-6.064177181575240638e+01,1.090652516796419214e+01
-8.241582992311884936e+01,1.932373154388509562e+01
-5.792894707401274701e+01,2.036142412659447487e+01
-9.214412394072924428e+01,2.332516283601174933e+01
-6.270059196120490697e+01,1.896843813822756886e+01
-7.040973442293474704e+01,1.124403542741093709e+01
6.956459518908202710e+01,1.204278777062600270e+01
6.001573840689157890e+01,1.244958386268225503e+01
6.750898415812145004e+01,1.029534388245183862e+01
7.378109766815258297e+01,1.134796363200443636e+01
5.301113211551910354e+01,1.573232413786402617e+01
7.030679597502094680e+01,8.353648517947927843e+00
6.756347569237577488e+01,1.423825383143902101e+01
5.778091271070348967e+01,1.392329786073352160e+01
5.810895267225401284e+01,1.792693799929442733e+01
7.336589645089793521e+01,1.109849603873266233e+01
-4.650136973463740730e+01,1.027863754636079818e+01
-7.293346866988240151e+01,1.530876950843688533e+01
-5.685156196212066249e+01,1.139243682893988563e+01
-6.514826124326198453e+01,1.180224105237459042e+01
-7.143263944168569424e+01,7.406601916222586013e+00
-5.186897436725379862e+01,1.365152719458334829e+01
-7.102567297149833792e+01,1.548590830842691091e+01
-4.935088010316192708e+01,1.406901953377663439e+01
-6.434077279745741862e+01,1.251939441260991615e+01
-8.002388550413755297e+01,1.242031559981082367e+01
-6.589472295998240270e+01,1.178329158003248267e+01
-5.403662524956217084e+01,1.274854080781998888e+01
-5.426665479303677131e+01,1.032883069705658485e+01
-6.538816437479702870e+01,1.412899981380984293e+01
-5.403189535005913058e+01,6.190952990996146710e+00
-8.390987574357221490e+01,1.367837432811474407e+01
-5.554103409367606758e+01,1.069619760803093556e+01
-6.247122181227294391e+01,9.862661858381617463e+00
-7.338055064315436482e+01,1.485577464231691813e+01
-6.220125741749210846e+01,6.357541966114888865e+00
7.907840979118267910e+01,2.171200931495245356e+01
6.809085890989959466e+01,1.377457802213368332e+01
4.595338911695947814e+01,2.073645641002272200e+01
8.000646500512729631e+01,2.057862856984368705e+01
5.429210076483997227e+01,1.829506645471663973e+01
6.588328688305745118e+01,1.756064218001741750e+01
7.477090525156457090e+01,1.085288076838572557e+01
6.239954461837788102e+01,1.281566620605886087e+01
7.302262775273544548e+01,1.130495310059858660e+01
7.008835377220046325e+01,8.953901994881515947e+00
-5.496258245610754756e+01,2.319490208408403831e+01
-8.654229894582940119e+01,1.385707291616014203e+01
-6.185512137992158443e+01,1.658884942559294728e+01
-6.130237625596043927e+01,1.757700426162490714e+01
-7.106043039454786481e+01,2.016076627118261655e+01
-8.636444878925084367e+01,2.232232984863469483e+01
-4.622411189733776382e+01,2.437259762775179794e+01
-7.300771018300306991e+01,1.629070977004737486e+01
-6.835722816574705973e+01,1.712846272986377016e+01
-6.015174076726153629e+01,2.084216054827151510e+01
-8.692244846778373812e+01,1.626098207729891953e+01
-3.682272768356491355e+01,1.673944242764841661e+01
-9.315593756220971500e+01,1.727264765792738643e+01
-9.292689899335307757e+01,1.569828931743291633e+01
-4.307653912115073780e+01,1.915776260167204015e+01
-6.422274656429566164e+01,1.428584255178390094e+01
-8.064458849482474534e+01,1.073251015773909245e+01
-3.923508337474563490e+01,1.589297675033719059e+01
-7.601315311996765445e+01,1.895689566046953445e+01
-6.168089259523085843e+01,1.941999627749195767e+01
1.519245535036795616e+02,1.430234495168334341e+01
-1.755434902144114062e+02,5.985926210295326122e+00
-1.472992686413963952e+02,1.397019720224501071e+01
1.568911735511129564e+02,1.171083488729778388e+01
1.700242589502860255e+02,1.565483255862458378e+01
-1.347465235221287969e+02,2.579923417103763938e+01
-1.043494918568406717e+02,2.805347002891294750e+01
-3.260025487518684173e+01,3.011853190716817608e+01
-1.004004345893182943e+02,3.019073921546847927e+01
-1.127672976139064076e+02,2.718496887849718036e+01
1.739785440919351629e+02,9.813748865353440820e+00
1.773696408947400585e+02,1.263319969054331793e+01
-1.777847351166972771e+02,1.891280812198404249e+01
-1.799803142022669249e+02,1.879010753768890396e+01
1.710885757187105867e+02,1.266582306182627349e+01
1.707671322551648245e+02,1.208441806888438919e+01
-1.750918155143550052e+02,1.256266966577933886e+01
1.725591319655761708e+02,1.507213527427568067e+01
1.714641227985119372e+02,8.458283561876056567e+00
-1.729103152396411929e+02,1.379068149817080169e+01
-5.667301532835033839e+01,1.180411896459669663e+01
-8.342580334850995882e+01,1.602374848232862092e+01
-5.846506630445235686e+01,7.294190923805047078e+00
-6.533935227203865281e+01,1.644951441025067496e+01
-5.709628641120972503e+01,9.227450667107197191e+00
-5.362683105125577043e+01,2.020488464241649851e+01
-5.974253792081842107e+01,1.537250462894209591e+01
-5.634483600325152963e+01,1.030381088528555011e+01
-9.016833152720964506e+01,1.345593992172777220e+01
-6.158525659135384700e+01,1.814969606975328276e+01
1.707906974932664070e+02,2.262382476256412644e+01
-1.713030720602188239e+02,7.549114335737204584e+00
1.454917851252090486e+02,1.812253196966101498e+01
-1.787297847537244877e+02,7.284784285394888315e+00
-1.467658196639111452e+02,1.358942132785697154e+01
1.542356865881954207e+02,9.701283418486724486e+00
-1.709638161296607848e+02,6.898454958600560794e+00
1.723206082096627938e+02,1.082279662922694996e+01
-1.698885665594345653e+02,9.421555643861502460e+00
1.666502632272747633e+02,8.052964631851807553e+00
-1.728996969394397354e+02,1.216990931348788507e+01
1.781269975917235797e+02,9.621465152125196596e+00
1.752825167035636298e+02,1.296219900260081559e+01
1.756888129277771782e+02,5.346645472540345168e+00
-1.768469695620192113e+02,7.729921837650387317e+00
1.726181187412099405e+02,6.883006927598958491e+00
-1.705723585535928066e+02,1.588385394607773904e+01
1.755099285854667244e+02,6.961259956227152657e+00
1.690294993281176232e+02,1.521027847963104307e+01
-1.730879105209621969e+02,8.674312515278892022e+00
-1.694490410674709437e+02,1.538664681590891803e+01
-1.366320741641181087e+02,2.578457498779584967e+01
-1.737153700034874930e+02,1.111379917927700234e+01
1.253841578881488914e+02,2.452941683388625194e+01
6.862841499720401828e+01,1.228573996890559883e+01
5.800945654768410265e+01,1.594371762980337692e+01
6.041178340278751335e+01,1.847421936354366068e+01
7.270340137561638016e+01,1.832349825896678297e+01
7.763910589444736843e+01,1.952561231473707437e+01
4.292521684570426999e+01,1.734468333734685075e+01
-1.795753517178619063e+02,9.674062003978937341e+00
-1.738151830256657604e+02,7.571596156577459880e+00
1.708931813047590822e+02,8.757567759465455737e+00
-1.640753910353412834e+02,1.544563139814981412e+01
1.766200421229866322e+02,1.700158443268025366e+01
1.557857297351920352e+02,2.324340201600975320e+01
-1.630784693245305732e+02,2.454529028502410526e+01
-1.726421421846105488e+02,1.111323242790422938e+01
1.655499862598221057e+02,1.055500666608074667e+01
-1.655503914613200038e+02,1.426806887034623728e+01
1.670028653211507503e+02,1.766692260307085149e+01
-1.742639006563063049e+02,1.440303839089849625e+01
-1.744621681861820548e+02,9.104729559395877914e+00
1.767507290256032775e+02,1.380027229381516030e+01
-1.693097370118382230e+02,1.671196139112104362e+01
1.725443243426819606e+02,2.274426848721718386e+01
-1.761184459202726487e+02,1.899388027907252408e+01
-1.779340231605021074e+02,1.677905026348146222e+01
1.696276563522721688e+02,1.381324418586863167e+01
-1.726969061077240610e+02,1.794246502410168631e+01
1.708535727869200400e+02,4.102568643696759665e+00
1.794266301583389520e+02,8.192151435935054238e+00
-1.797259946482895998e+02,4.072534389288261281e+00
1.656777102449933068e+02,1.202979079356328285e+01
-1.694313325744105896e+02,1.060404205541141565e+01
1.767170646615323619e+02,7.278638215105040388e+00
-1.766976745493023486e+02,1.530307448958631333e+01
-1.782235885072961423e+02,9.469813644634843541e+00
1.594986043670807021e+02,1.397577477544054503e+01
-1.659618759064303788e+02,1.384884456119295137e+01
-1.526459668202873274e+02,3.044144049630295967e+01
1.583471507967336152e+02,1.697988320500530079e+01
1.662803776617064386e+02,1.338242816703641758e+01
-1.716405911529629407e+02,1.024233663818857387e+01
1.766835592998969560e+02,6.029481639498601275e+00
1.773619125359141151e+02,2.718406168014661173e+00
-1.733759420924190806e+02,6.935250990904916257e+00
1.736202867329823505e+02,1.371745579187280484e+01
-1.734366077315325469e+02,1.359751727888880879e+01
1.697416315185239739e+02,2.021387964474683585e+01
-1.736027208165284321e+02,2.034712504717685988e+01
-1.501641644606567638e+02,3.480088232111398128e+01
1.462097799591583680e+02,2.161616980035768165e+01
1.109469097091031102e+02,3.383685333408664775e+01
6.382856681786583408e+01,2.880300382475784104e+01
5.885704375966505353e+01,7.562409196187072524e+00
1.196293873028449752e+02,2.826058836940246266e+01
-1.568366056938402266e+02,1.398463487323812515e+01
-1.534925342621561413e+02,1.491299637843707160e+01
1.397514035945173703e+02,2.930322041162865077e+01
1.719869747393622390e+02,1.641350732444018590e+01
1.743304768548554478e+02,1.796480469174848338e+01
-1.641604722053720025e+02,2.257569498140700404e+01
1.639404138231270736e+02,1.604360567168639307e+01
1.711647642927675861e+02,1.049149273840270524e+01
-1.524262312998432094e+02,1.662038260767219811e+01
1.721582708439040914e+02,8.481625496123843533e+00
-1.780137876019118721e+02,8.275605354199765173e+00
-1.696340622379287879e+02,9.507840847231006975e+00
1.756968990828409005e+02,9.555674273890659265e+00
1.705132629926074230e+02,7.693810247685345161e+00
1.763552498390880032e+02,1.525378099710912849e+01
-1.709574958191768701e+02,1.664191139928377083e+01
1.701471529846303099e+02,1.818798383859815715e+01
-1.741936644346407093e+02,1.343635674061844121e+01
-1.776096795691003365e+02,7.540090527228689332e+00
1.778028265913131349e+02,8.955326842267382403e+00
1.713801238523102484e+02,1.468104310771985510e+01
-1.677292857822621670e+02,1.554388962645542804e+01
1.791547074862793920e+02,1.142633126968135038e+01
-1.718590023122166883e+02,1.261387181488052889e+01
1.778471725492485405e+02,9.853371849196586041e+00
1.765959089490986855e+02,1.559401740026033067e+01
-1.591740699321114789e+02,1.664561278678517553e+01
1.772921742930760161e+02,9.775969577802118948e+00
1.772352467321318272e+02,1.857903272963509522e+01
-1.680694922289466433e+02,1.273872255347163573e+01
1.751464922829829334e+02,1.953719552541782889e+01
-1.730267881667185748e+02,1.668023915869389384e+01
1.726604796538759388e+02,1.708816954948024147e+01
-7.620211763403465000e+01,1.350291781139302394e+01
-5.967897418403025966e+01,1.187861737750016289e+01
-8.168928008691504772e+01,1.279114556634899458e+01
-7.933167516389130469e+01,1.558541768587476284e+01
-5.929570457072205159e+01,2.332177394959249739e+01
-7.368306024037090651e+01,8.496197684134227046e+00
-6.306267470705562062e+01,1.580802108649650961e+01
-7.384603472540302960e+01,1.913335062091301353e+01
-6.420856253329294816e+01,1.187644479929941532e+01
-5.587526858718923251e+01,1.067668093871861323e+01
1.792166578962368817e+02,1.038720502020439440e+01
-1.738724201226288812e+02,9.561531951980329680e+00
1.672194767214070339e+02,1.088628083131384372e+01
-1.756641410544811208e+02,4.745959628124778007e+00
-1.778313918809467680e+02,2.128275218814925651e+00
1.767812824280117354e+02,5.414140997571671221e+00
-1.786264231830030269e+02,6.932409995723961771e+00
-1.649941399458392368e+02,1.078655466988023370e+01
1.580135903359742997e+02,1.012507456157296915e+01
-1.658614725760489534e+02,5.833739087751348862e+00
6.683705097328294187e+01,7.712146409480093112e+00
5.943539072889628727e+01,1.332431045746400677e+01
5.877119090447867933e+01,1.179640019863759548e+01
6.143954068532810453e+01,1.733793973781033415e+01
6.484005204846718584e+01,1.977376691380110074e+01
5.668222709147630667e+01,1.127453960855815041e+01
5.367301351020490330e+01,9.466850344953289920e+00
4.933903345042706690e+01,2.375037880800664425e+01
4.231127325704085251e+01,2.177787861344230080e+01
7.805817851112155381e+01,2.833695606557789759e+01
-1.518926233609643646e+02,1.062673178238168248e+01
1.729097704663408877e+02,8.431006766080628267e+00
-1.797498864911725036e+02,7.637436404969809800e+00
-1.746872412746582768e+02,7.867544239570168685e+00
-1.787200974895288823e+02,5.354644445896443727e+00
1.740199479840092920e+02,7.791295791127240022e+00
-1.657482116133890315e+02,6.627667450107407987e+00
-1.786697941222069801e+02,6.562750087806450416e+00
1.591252409586872716e+02,1.100071633887405476e+01
-1.583280586834310100e+02,1.407466035008082628e+01
-7.799367514671197910e+01,1.027126963607629051e+01
-6.311392818173835906e+01,9.485829971599729404e+00
-5.553322982718085399e+01,1.128433404588146871e+01
-5.546515195254841046e+01,1.127834318149624515e+01
-3.883429567556169104e+01,1.698832569111578294e+01
-5.735615119048659238e+01,1.625284441339995567e+01
-4.830631817868651723e+01,1.118014186462610304e+01
-5.340470747926726602e+01,1.203552140854140440e+01
-5.903827687332869800e+01,1.310527845642466005e+01
-5.537465402146813176e+01,1.749515614177698097e+01
-1.640446266743632577e+02,2.651798741159872108e+01
1.653499323615964727e+02,2.477251896183420143e+01
-1.746290558451395611e+02,1.325310664614622880e+01
-1.755683180657675848e+02,1.923241154461970126e+01
-1.793977179601031935e+02,2.008333668585000709e+01
1.722404376445972218e+02,2.501675277611396453e+01
1.719762099028755529e+02,3.097769066324381271e+01
-1.663314591085159861e+02,2.043418371663573652e+01
1.673072919735682547e+02,3.388728727619936620e+01
1.795338097126978028e+02,4.391119410854913951e+01
4.629173774184383205e+01,1.494734083406420311e+01
6.091439049120621974e+01,2.782707604935682610e+01
5.295137499238421697e+01,1.336944066058878100e+01
7.052174045096337807e+01,1.400569197748700034e+01
6.378340718887581318e+01,9.533313410077024486e+00
6.009166052334877151e+01,1.343335677334146894e+01
6.479125331310125091e+01,1.239263007948296824e+01
6.377948036302421997e+01,1.091581488712197512e+01
6.247469789392226147e+01,1.516679206838405491e+01
7.055903772541753938e+01,1.604475061824761184e+01
1.604071934415288183e+02,9.406081571907019878e+00
-1.569777089522712288e+02,1.579376112660192177e+01
1.638485181125661256e+02,1.784164700114601487e+01
-1.798414650139121420e+02,1.945098807689375420e+01
-1.715300625961531864e+02,1.463107867004101870e+01
1.665074392254715576e+02,1.917217163850806116e+01
-1.720628863942961004e+02,1.037931677685942944e+01
-1.612161448771230425e+02,1.226299997608357906e+01
1.756886674152992498e+02,2.120117169474605490e+01
1.677345997902525596e+02,1.468924262271942638e+01
1.708280480964716901e+02,1.573315786636081270e+01
1.689092623811054068e+02,1.086508779583960127e+01
1.764921558645023936e+02,1.408228443624710025e+01
1.662652574747789629e+02,2.149050159073220456e+01
1.581228026351368499e+02,1.934026430422893839e+01
-1.625370732870355255e+02,1.100213304435836648e+01
1.609539746125260820e+02,1.344817595077603833e+01
1.783313290127008486e+02,1.338418199669312969e+01
-1.740045970435414802e+02,2.156138778328294947e+01
1.734944073269142848e+02,1.272113436153259691e+01
-6.481478039525389079e+01,1.524720658612262980e+01
-8.742728942465495834e+01,2.006902335175364271e+01
-4.849489590015757301e+01,1.948105783280920278e+01
-7.154715343600814492e+01,2.639163252993027697e+01
-6.038739971408657681e+01,1.310550120453270395e+01
-6.797865521857804083e+01,1.634903497029039343e+01
-6.802791119791935159e+01,2.126372811760297310e+01
-5.876732698041426062e+01,1.946943022558297187e+01
-6.211394596016843650e+01,2.039113450469644562e+01
-7.801357484029810507e+01,2.522980651710275879e+01
-6.119238671197031465e+01,6.798249400307816437e+00
-7.154716738487337579e+01,8.395549747831065446e+00
-5.181001662667676300e+01,7.757487282577223198e+00
-6.579683456813719999e+01,8.300110711408780872e+00
-7.154493523480901729e+01,5.226672856590983685e+00
-5.320891393067299902e+01,1.319201064640839860e+01
-8.726240154655951642e+01,1.492904523067967126e+01
-4.744675014852196426e+01,1.124066613698985506e+01
-5.316969572129877264e+01,1.949756841028854737e+01
-1.082383380103621562e+02,1.751858063353297013e+01
5.384448926062663077e+01,1.881318623318664862e+01
6.174668753341397576e+01,1.303625071770085242e+01
6.775882216998121521e+01,3.292015013929758283e+01
8.994004458412497627e+01,1.617055010628423162e+01
5.265895072265296051e+01,2.353610215968034680e+01
7.613724632319485863e+01,2.892094964969622950e+01
5.205412838775499296e+01,2.525419811264345071e+01
6.456875928686609711e+01,2.592427298742849473e+01
6.414709955071263892e+01,4.365111306221486132e+01
7.329224547542014534e+01,1.031251874841436944e+01
1.708786072492917754e+02,2.097544948517915486e+01
1.747280549109851222e+02,2.693526124157513735e+01
-1.571987765307982841e+02,2.263887889555979527e+01
1.719810101068154609e+02,2.614805694498225108e+01
-1.783557722306459254e+02,2.607659925540211532e+01
-1.631971768943218422e+02,2.643939711529066727e+01
1.666850962303303163e+02,2.158565205479862215e+01
-1.638134465103905200e+02,2.276862498318775607e+01
-1.728517005734118754e+02,1.273106956874621787e+01
1.453742721963045312e+02,2.607606357038515554e+01
-1.574678585342279575e+02,1.341110888709350135e+01
-1.659321846692275244e+02,7.699544448364076032e+00
1.579726350196839633e+02,1.891160839448867037e+01
-1.620520201101357145e+02,1.738997841822186885e+01
1.781465983694799888e+02,1.958314049884477726e+01
-1.783429034442583259e+02,2.138137266456791252e+01
-1.681119392407770192e+02,2.037085655946855312e+01
-1.774056443720269840e+02,1.354713789940873170e+01
-1.737966714342535113e+02,1.405971441682581968e+01
-1.791251284193676270e+02,1.376662640969842855e+01
1.595682543299932377e+02,2.269402913688169932e+01
-1.590334307215427145e+02,1.236306003440041579e+01
1.783061520632977022e+02,1.697433514100801233e+01
1.774889763017156952e+02,9.249699589134648292e+00
1.794597360249143208e+02,2.280104352774671383e+01
1.755458177855348936e+02,9.908010386843765005e+00
-1.798092028538242175e+02,2.008252167548585021e+01
-1.793475985093205338e+02,6.834262603304756212e+00
1.625454742700772783e+02,1.171609836885729550e+01
-1.539018388077993222e+02,1.729429300658225088e+01
1.755270524711283144e+02,8.778851766212259378e+00
-1.694787208325192864e+02,1.755529970218483271e+01
1.641158891716540893e+02,1.581013097408408186e+01
-1.599058305593952696e+02,1.069750092608686209e+01
-1.730393024144155447e+02,8.036200722242821115e+00
1.381442428692948567e+02,2.209718687142218840e+01
-1.567974455104994149e+02,1.239802566627734492e+01
-1.347028101220482483e+02,2.091117116570743306e+01
1.568886892907685535e+02,1.390310019166761180e+01
1.698692165324834775e+02,1.987634338533556644e+01
1.789268699074850417e+02,7.252381410030543485e+00
-1.774004258947765038e+02,1.198837444264838226e+01
1.455432252174873327e+02,1.352725318052906722e+01
1.789671803126443024e+02,1.283368741451689310e+01
-1.693262932443068109e+02,1.605828477162869206e+01
-1.762187474983925597e+02,1.118987188087213447e+01
-1.724197090039198770e+02,9.234786612497890346e+00
1.783087499371076774e+02,1.155572288422618321e+01
-1.776946899967755940e+02,2.366359610852290274e+01
1.761338349727304831e+02,2.127925925542912466e+01
-1.789989868085572766e+02,1.879169043020017327e+01
1.772953149769354013e+02,1.511610707193490200e+01
-1.782661567215056380e+02,8.740054239267767144e+00
-1.663137371604403256e+02,1.453957194155163180e+01
-1.772582280703192055e+02,1.569654320622379018e+01
1.710535058048081396e+02,1.171927349822913378e+01
-1.667578099205676949e+02,1.075485384180879933e+01
1.758206351430953873e+02,1.397150815601954221e+01
1.755907195749774701e+02,1.423993655182831297e+01
1.793222977722523979e+02,1.440544537237433431e+01
-1.744372230400335866e+02,1.859227500271022748e+01
-1.667488420545596171e+02,1.917855528560888700e+01
1.584425847659930753e+02,1.229687435723454847e+01
1.770023616954739225e+02,1.413509835823950311e+01
-1.645717491028867698e+02,1.122868670021585835e+01
1.733283832473130985e+02,1.335560134457290005e+01
-1.727990847882270202e+02,1.508630597001001838e+01
1.779384719084529536e+02,1.512228325752852243e+01
-1.712241056680993836e+02,1.220528331725843429e+01
-1.719976179078176983e+02,2.325358703412828021e+01
4.035835466698679141e+01,2.338939663694021220e+01
9.424174378575179389e+01,2.040281865981824438e+01
6.687736286167896083e+01,2.574152544648091734e+01
7.162108359623817933e+01,1.830033704432555908e+01
6.022267494187330072e+01,1.834334778192845050e+01
7.264153691035573956e+01,1.442762319896676004e+01
5.122765879543513989e+01,3.242771759818107569e+01
8.194055213075243671e+01,3.607472589383760209e+01
5.528536467314265224e+01,2.295965606610085530e+01
7.825418141574947128e+01,4.482102601545178544e+01
1.689508132663783897e+02,1.269837911427442023e+01
1.681481433527264642e+02,1.091128533294804548e+01
-1.659804222311841215e+02,9.177313176775765413e+00
1.705056779927876107e+02,1.119664044546158976e+01
-1.797168855507153182e+02,8.953510998010226984e+00
-1.769594739000791606e+02,6.250166126673381228e+00
1.718645045317910842e+02,1.175148714316541287e+01
-1.755036410271918612e+02,9.397324105871534883e+00
-1.781702422228853493e+02,1.220522861573280871e+01
1.752525781591811267e+02,9.772328301339548773e+00
5.648043686777479877e+01,1.645575787032579385e+01
8.267390060952214981e+01,1.685465869488190549e+01
7.616661420348006573e+01,1.251128740315888166e+01
4.657611019882254766e+01,1.945078222533551582e+01
6.014048838995433499e+01,1.410545379374614150e+01
5.825396359435363536e+01,1.490427737005963493e+01
5.055288015249648481e+01,1.253523215949816461e+01
6.563062792352087627e+01,7.883649610687831100e+00
8.094115270123832317e+01,1.419857351116128541e+01
6.374387457486180608e+01,1.709840979490605406e+01
-1.628183203998366650e+02,1.949242872120745318e+01
1.554132802921402572e+02,2.268212028116073498e+01
-1.646015996585031758e+02,1.939738040380738227e+01
1.757285034844631468e+02,1.533230841105356390e+01
1.754549363453049011e+02,1.390012279510910531e+01
-1.701525638688145534e+02,1.790193324656048190e+01
1.738507654859198226e+02,1.939402190286174132e+01
-1.614188458924451766e+02,1.800714372004459918e+01
-1.723719669622611832e+02,7.968238950917578833e+00
1.640126997330945358e+02,1.424432761971616301e+01
-5.891388172589073235e+01,2.058725774810610076e+01
-6.069694039420904375e+01,9.864808225624758009e+00
-7.348274063871973283e+01,2.213211319357710138e+01
-5.516988590765894429e+01,1.570176607663487900e+01
-7.014290420728437425e+01,2.618544684524227861e+01
-5.708649351487697743e+01,1.824911283184979993e+01
-6.970138933973770179e+01,1.624314196462247395e+01
-5.801423038494741746e+01,8.308178061080873533e+00
-6.445922107057656092e+01,2.941822639560898978e+01
-7.770022949614666175e+01,2.679305150826300164e+01
-1.792475941493086964e+02,1.829673030016282897e+00
-1.700071948823124330e+02,5.087265235001371622e+00
1.620581179544034853e+02,9.665562479152663755e+00
-1.629923217629681744e+02,7.061053733291735135e+00
1.637851792350636231e+02,1.757527390059890848e+01
-1.795242208356341962e+02,1.702079667351283021e+01
-1.558266051598677961e+02,1.520557145054652182e+01
1.634544519378708856e+02,1.240058654534750460e+01
1.689010469422215976e+02,1.475649480801770252e+01
-1.611259618774735145e+02,1.117336080158334255e+01
1.442007147838191372e+02,1.788620159127944476e+01
-1.763007155496801488e+02,6.839079252580692270e+00
-1.695501048957784462e+02,7.897595798214117835e+00
1.650938542145774193e+02,9.421888125204869624e+00
1.794751972287312469e+02,8.740812808451281057e+00
-1.597736673656422397e+02,1.197815968248082896e+01
1.717702927151665335e+02,1.179558781301749626e+01
-1.782437354049828002e+02,1.191714716864079904e+01
-1.650711670347041036e+02,8.720004023660333559e+00
1.678723801782484202e+02,8.155644670772844051e+00
7.901014626303231125e+01,1.532580940172041650e+01
5.213976433548528888e+01,1.422017614585655387e+01
6.072439777217547885e+01,1.558528557467747078e+01
7.206902491402109945e+01,1.068530936293289102e+01
5.187931119098563926e+01,1.363686197978567094e+01
7.882364896647773378e+01,1.089993598329392910e+01
5.280354801063032255e+01,1.137672649889592869e+01
6.521468968687692325e+01,1.541827449818839568e+01
7.709435567436277381e+01,9.438633208306612232e+00
4.559484423836349265e+01,1.383150985164424718e+01
-1.719220089757974108e+02,1.751893126772760212e+01
-1.684614596835803013e+02,1.542798718899904742e+01
1.580562631394957975e+02,1.399796183212495215e+01
-1.678809964602014873e+02,1.744107016736004567e+01
-1.732769054821139321e+02,1.974458968202083398e+01
1.663828123353230524e+02,2.223949234304625833e+01
-1.683962548890508515e+02,1.908876772493756491e+01
-1.769402406718402005e+02,1.269569869066699752e+01
1.649801006943615675e+02,1.933461464310371980e+01
-1.712177764991059234e+02,1.710872572714918149e+01
1.754201408692995301e+02,7.398456490833071442e+00
-1.729377306535835430e+02,8.894219699235012655e+00
1.718121773856955485e+02,7.559371447990834270e+00
-1.786455007636300252e+02,6.496589851471832766e+00
-1.764250556628281572e+02,4.556976758198858946e+00
1.716359472308015484e+02,7.602537010249342586e+00
-1.720885828160868698e+02,9.609695745565351999e+00
1.701284151066976165e+02,8.476935368504635804e+00
-1.692920207836216946e+02,1.022016733997355686e+01
-1.736451349886432638e+02,1.176067310367276164e+01
-1.757721595895962707e+02,7.818379048179643576e+00
1.773079172750207135e+02,7.473940444584046716e+00
-1.725136031164342967e+02,1.135077611607940185e+01
-1.674040578871704383e+02,1.456265803401636916e+01
1.727568175959125938e+02,1.576847361828270522e+01
-1.711250147323689532e+02,1.120952856137759923e+01
1.773977194659756833e+02,1.522097238387179630e+01
-1.765679744092561521e+02,1.063237131765289334e+01
-1.641993349219223433e+02,1.137941206795720461e+01
1.656845336150535957e+02,1.884915075074731661e+01
-1.661864038509102954e+02,2.263209328702736656e+01
1.533735275547916217e+02,1.600974756568093227e+01
-1.752638683619320830e+02,1.023570262380676787e+01
-1.580536867880190925e+02,1.339126619898170567e+01
1.614933234668523596e+02,2.558503886288143292e+01
-1.750454457526865895e+02,1.024486755251347603e+01
-1.548422901289290508e+02,1.589424425936489627e+01
1.679616507841234068e+02,8.692335048033967837e+00
-1.705681738893793522e+02,1.576026072499717401e+01
-1.665924533270918175e+02,1.789706066871202950e+01
7.195743229760020654e+01,1.369827152558487349e+01
6.263745996744931688e+01,1.661772612243454361e+01
6.084138695356637783e+01,1.666010947520579677e+01
6.574720784492869541e+01,2.123123102656687422e+01
6.447054907481843600e+01,1.407372086907313502e+01
6.677979867697793281e+01,1.819898176818090363e+01
5.366780503530502955e+01,1.100986350498298449e+01
7.670894136652734119e+01,1.076899126140983398e+01
6.710942936594251762e+01,1.401287716059507460e+01
6.715754907760118897e+01,1.330575450797651449e+01
5.792839922443061340e+01,1.531488652313108290e+01
4.200575703124496130e+01,1.042105911837501964e+01
6.504022833332638243e+01,1.412755271758489783e+01
5.095624866660031671e+01,1.643029894349450970e+01
5.229622438946381635e+01,1.165094834913263711e+01
5.873818328825893786e+01,1.231368405569542546e+01
5.408236316529916365e+01,1.710335567562314907e+01
6.987603625007686503e+01,2.144932866252281300e+01
5.277518088415049391e+01,1.855248738037514755e+01
6.459495766814860929e+01,1.107509977158316339e+01
-6.354463202452274828e+01,7.472922778419434309e+00
-6.536483042137358268e+01,1.515747567918415939e+01
-1.009755466446295884e+02,1.616311539400732755e+01
-6.435649790236291778e+01,1.524600843685621321e+01
-5.162006341803285636e+01,8.082764674996301579e+00
-1.069150186841894339e+02,1.823513978174746697e+01
-8.875550471194667068e+01,1.393964704151271938e+01
-5.222440911867643365e+01,2.200972230059108625e+01
-8.737498613207918652e+01,1.269327199914264526e+01
-5.748788987619161617e+01,1.197670439098021333e+01
5.554485763248823105e+01,8.678227571126175377e+00
6.442409387982436897e+01,1.303665923712367913e+01
7.171210268192129433e+01,1.303125657983322050e+01
6.064245703950871302e+01,1.255476702666935473e+01
9.087776406358787540e+01,1.661637108985762268e+01
5.855310393174175232e+01,1.372055027383619041e+01
5.637718754639968921e+01,7.505963872195390962e+00
6.349946604903497160e+01,1.130556188269535767e+01
6.260035397419608216e+01,1.216585700793566005e+01
8.447249115273049824e+01,1.182841514965251584e+01
-7.163921025343967131e+01,1.756391356982217644e+01
-5.353006557038114011e+01,2.082577853830296988e+01
-8.345331481500132043e+01,2.258682249666634334e+01
-6.606006873228614040e+01,1.395280881868928624e+01
-7.061000677772788947e+01,2.273165080444820418e+01
-5.347681074981623084e+01,1.111289333931336998e+01
-7.032352809796738313e+01,2.390105302034218937e+01
-8.235170235346943457e+01,1.145281380550829553e+01
-4.356899608495429987e+01,2.336410246491502818e+01
-1.000660777173058449e+02,2.827349661110342538e+01
-6.689971337680732688e+01,1.125053946415620132e+01
-6.206859504058994759e+01,1.992533405599539620e+01
-7.168011833405670075e+01,1.687646193336974321e+01
-7.265005123482218607e+01,2.733019021240427548e+01
-4.820381979859620003e+01,2.272384853198770571e+01
-8.837368846695679281e+01,2.376174063974372785e+01
-6.729959678348475904e+01,2.259645856343998815e+01
-6.864313193112343470e+01,1.614673071388960324e+01
-4.911032792837616512e+01,1.994227992286430862e+01
-8.450050150397117932e+01,2.177423055965936172e+01
-1.782004818622303048e+02,9.921030437395927493e+00
1.774637444150272074e+02,5.054139810571156133e+00
-1.741067646745384820e+02,5.704490055761238132e+00
1.686477399166966222e+02,1.012068233877093881e+01
-1.719836577432578508e+02,9.833680959869553817e+00
1.770846416803500176e+02,1.202060480061715886e+01
1.768791578725901275e+02,9.814597278124759683e+00
-1.701724545575995933e+02,1.592045519422108057e+01
1.693219530205180661e+02,8.441401226803721514e+00
-1.631825102951859208e+02,1.346414729434136603e+01
-7.419118511029026308e+01,8.323531435800184397e+00
-5.742998512054828097e+01,1.349741985669021815e+01
-5.685933526650444492e+01,8.638645268636681251e+00
-4.910428905090060425e+01,1.377257439573633491e+01
-7.189643973694055035e+01,1.349042474153923621e+01
-6.066970296022220310e+01,1.011563716718552008e+01
-7.435367807007519048e+01,2.155035629958080179e+01
-7.559909283000116886e+01,2.021633252246233781e+01
-5.716484490520929285e+01,1.249853149462358815e+01
-7.804642124082225507e+01,1.374564175394802490e+01
5.940693302018614474e+01,1.095028613934145056e+01
7.296241770659361237e+01,1.465591177097686426e+01
3.902489076067796958e+01,1.863820949357508994e+01
7.968445379859532807e+01,1.363226794279086285e+01
6.405534766544171532e+01,2.505659809190851206e+01
5.211554715291981665e+01,2.527437560954920315e+01
7.738577002804129279e+01,1.749433910430223449e+01
7.609680267564776557e+01,1.813722826617976125e+01
5.781278989154674264e+01,1.981172437563616739e+01
8.855362437747542970e+01,1.729159184751581080e+01
1.761103913705687205e+02,2.376252442629022710e+01
-1.607186351786721730e+02,1.718868958826933735e+01
1.756702762746155599e+02,1.759927702945814687e+01
1.728848220264884219e+02,1.127183831277346826e+01
-1.612143638844772227e+02,1.465023355015661011e+01
1.682118536880444708e+02,1.253009484538016061e+01
1.757189207669816540e+02,1.191726217842265001e+01
-1.712964781244968435e+02,1.133548370848864906e+01
1.605254290031299149e+02,1.291452691931377217e+01
-1.798827878384118435e+02,6.083676624901865004e+00
-1.689067197897457788e+02,1.754333311347638258e+01
-1.781018417661863396e+02,2.271437393317074793e+01
-1.799291667969661432e+02,1.533604213943834438e+01
1.737245034535712023e+02,7.560599995966803988e+00
1.770879320499012124e+02,1.440058713545675317e+01
-1.745173756673853802e+02,1.917407666971521252e+01
1.754748624003620705e+02,1.197003212048738874e+01
-1.672140073459027576e+02,2.502439531324406019e+01
-1.757127315800420320e+02,8.466707700595820896e+00
1.724155696593307994e+02,2.679612836241966889e+01
-1.723011522451183453e+02,1.119119857628284720e+01
1.687416362653263207e+02,1.230578144020343245e+01
1.660699161148021403e+02,1.012610086064339221e+01
-1.405129729668855134e+02,2.180837833422670968e+01
1.622768741118228490e+02,1.538877626199064075e+01
1.725817787159986096e+02,1.496658671348565761e+01
1.767013661048520703e+02,1.087109971828839861e+01
-1.678782839718700188e+02,8.326655321588614100e+00
1.649393413186076316e+02,1.405158494214969878e+01
1.757702993442946706e+02,1.401106324150545213e+01
-5.573334403217315014e+01,2.029024965973893657e+01
-4.928702829119373519e+01,1.674938118849685154e+01
-6.569561443853991989e+01,9.249283646146547966e+00
-7.572738715483251326e+01,1.898406007412482666e+01
-4.977150772637171627e+01,2.625190886653716760e+01
-6.924750249723540207e+01,2.047032321237700714e+01
-2.631636004678122376e+01,2.532496279106969439e+01
-5.576751995405432183e+01,1.001575263058878562e+01
-9.308582161026276935e+01,2.536572362231683897e+01
-4.108916096479963187e+01,3.233150690055207122e+01
-1.541893136319271775e+02,1.475060512330119700e+01
1.678142727066718862e+02,1.379348780164240651e+01
1.720304195316299172e+02,1.721411782511885846e+01
-1.503078615161576295e+02,2.293345737809416818e+01
1.774618976685161442e+02,1.275651065426189668e+01
1.537454419083451000e+02,1.690404309716921460e+01
-1.555524963286213165e+02,2.224358388481950755e+01
-1.716251350267774285e+02,1.959108604986067803e+01
1.501598143247180701e+02,2.824099129169782785e+01
1.757182794368314376e+02,2.316533776532346423e+01
1.644046897931132207e+02,1.491807682194049534e+01
-1.729708558608720068e+02,1.503587857477961442e+01
-1.775900607325894214e+02,1.206264634106582534e+01
1.566271206813085826e+02,2.386014636111858067e+01
-1.640952438110401488e+02,1.599045296021974139e+01
-1.595994418502294252e+02,1.295834828115049220e+01
1.570000653925094696e+02,1.827582863230103527e+01
-1.721595291620459989e+02,9.153321879426266960e+00
-1.623242689641154755e+02,1.139303593145782045e+01
1.647602624903277331e+02,1.557134578860636864e+01
1.763139212506119975e+02,8.665537111392115577e+00
-1.754563581530547651e+02,1.522500414072785446e+01
1.730579603504868089e+02,1.605533722937249763e+01
-1.757967945368895073e+02,1.343695192330516441e+01
1.702527697979578534e+02,9.891599316291825872e+00
1.748596131873769934e+02,9.490452987345735281e+00
-1.727545638993455270e+02,1.896322981582185818e+01
1.739934292446953634e+02,1.723764263136381203e+01
-1.730719679893082059e+02,2.273734992396738974e+01
1.793197644959275863e+02,7.399079333925438817e+00
6.749970640219189022e+01,1.880922693680259528e+01
6.911562623650739567e+01,1.372146578320774069e+01
7.287863097387239009e+01,1.104827773700815463e+01
6.598155461142368949e+01,6.284279880750368363e+00
6.861296303778482297e+01,1.906310242302983227e+01
5.429767281913552068e+01,1.185288659652625753e+01
5.487858567292123269e+01,1.554869417402862553e+01
6.517558358735774959e+01,1.130545812283102869e+01
5.517303224314711940e+01,1.403385980992546500e+01
7.440602098839757161e+01,8.015875415939467175e+00
1.653262135947310867e+02,1.218982767550777524e+01
-1.603728947740098931e+02,1.333051484440007606e+01
1.587671473509486475e+02,1.136338858091941262e+01
-1.706407845340239646e+02,8.995362127238259120e+00
1.682974312046200396e+02,1.450890475295210180e+01
-1.527236932105250844e+02,1.200305097419198574e+01
1.446486147257907930e+02,1.158392525244601678e+01
1.704139332399807074e+02,8.876148268520941187e+00
-1.571846761131847927e+02,8.052072692564230749e+00
1.486150127839681261e+02,1.353319293909485310e+01
1.782441632017581128e+02,2.805397660694642070e+01
1.669426516060442509e+02,3.340171075605037032e+01
1.655517231596986392e+02,2.576024996136706235e+01
1.759694646726163114e+02,1.783208570577260232e+01
1.783535511083630070e+02,1.950310922588444740e+01
1.712571725115050469e+02,2.160724446947615007e+01
-1.712080597328364888e+02,2.041211608283401446e+01
1.757717281631289552e+02,2.446506328569029876e+01
1.604375988364757006e+02,2.762972719622005258e+01
-1.680393477365869046e+02,1.287562377507804356e+01
1.774130977923418868e+02,1.191075703921573492e+01
-1.776498087381155244e+02,2.478347024872283910e+01
-1.799298864611263866e+02,1.219020938397955334e+01
-1.754153889668622242e+02,1.981274692736971943e+01
1.701398258891105684e+02,1.078838812085676402e+01
-1.737151106187511687e+02,1.370504702248236129e+01
-1.797389739880013906e+02,1.243793363859585810e+01
1.758089362600982213e+02,1.088849292414483472e+01
-1.735091382921418699e+02,2.399409105203208625e+01
-1.773535505096268139e+02,1.398879527031990300e+01
-6.661493344079649148e+01,3.858217461357588718e+01
-2.575594874615669383e+01,2.584385464114869535e+01
-5.646133141704332559e+01,9.291363564615044979e+00
-8.705412631469813789e+01,2.729523686226334078e+01
-6.103612078892891191e+01,3.514562799364443180e+01
-6.803990011638624935e+01,2.185988276484950177e+01
-6.513288562279765870e+01,1.737431968276877470e+01
-7.077218464558657729e+01,1.260840999177861299e+01
-7.185088230314215707e+01,2.149121556343979478e+01
-5.267590840681334896e+01,2.814585262867531767e+01
-9.535623874802105604e+01,1.611190929714990006e+01
-7.007026371757038419e+01,8.941530148959609292e+00
-5.908553532675720277e+01,9.025640977424020051e+00
-8.485849318152980914e+01,1.470791977596655542e+01
-5.662768504733548269e+01,1.209688294382486440e+01
-6.710684034891944805e+01,1.621512852765686219e+01
-5.423689553981591871e+01,1.824688979367670072e+01
-5.429067416312823724e+01,1.357224808033770280e+01
-7.729726022789188278e+01,1.498353899359830521e+01
-5.100846371824621883e+01,1.648341651422628118e+01
1.714469410309135924e+02,1.202108063969821039e+01
1.760395615790451131e+02,1.306349747788720350e+01
-1.579946387537112287e+02,1.204928010483582312e+01
1.605182572528264018e+02,1.318669944227593760e+01
-1.577684116848387248e+02,1.762348161713955008e+01
1.755018073069617799e+02,1.377722488535652268e+01
-1.650980583605888512e+02,2.289717174369964425e+01
1.625347406549949767e+02,1.909287368769641802e+01
-1.665791823242158216e+02,1.656325460565302166e+01
1.649247693505791972e+02,1.850197471915040381e+01
1.629735417746962867e+02,3.101732902870381636e+01
1.725836679692644395e+02,2.000615969992223597e+01
-1.567978269357662100e+02,1.592188396310225684e+01
1.577270929874446779e+02,1.630745023513730274e+01
1.643615590632270198e+02,1.615396285325474679e+01
-1.579228636760643667e+02,3.972642732498401585e+01
1.788625954402244247e+02,2.273707271390222218e+01
1.625931085356033066e+02,2.137577508790771574e+01
-1.764452615667142936e+02,2.614842447677398951e+01
-1.787837732747049415e+02,3.290756857362364940e+01
