dihedral_deg,energy_kJmol
1.782512172057380440e+02,4.068618777279860765e+00
-1.791587318919454503e+02,2.947952076274540367e+00
1.770887879735507227e+02,3.673224360587290960e+00
-1.785112227048850002e+02,6.637548865761309091e-01
-1.768108074669389680e+02,3.466460662734742293e+00
1.773604558916147766e+02,3.780026671635024371e+00
1.796073926078799445e+02,2.337525741899858289e+00
1.783874974869720802e+02,4.318362084480533269e+00
-1.765847287778816508e+02,4.009647494601383144e+00
-1.762173442341563145e+02,5.546672480117846860e+00
-1.774517357074152528e+02,4.209284229561942148e+00
1.797938621017110279e+02,2.012485884539623626e+00
-1.742814105869738057e+02,3.514001581117752071e+00
1.662019990486762708e+02,3.163904250878053048e+00
-1.689635320410291968e+02,2.863461652005595770e+00
1.699241386151270490e+02,2.712253658283237279e+00
1.780330041358759274e+02,5.245488490243163326e+00
-1.773049871669871038e+02,7.123688283095984453e+00
1.772818388320159784e+02,9.387017713003825037e+00
1.792071382486020639e+02,6.831685978856006258e+00
-1.717492985808849824e+02,4.083583358172907296e+00
-1.760464378726090615e+02,2.759932411453980716e+00
1.738844492803445974e+02,4.123450593406951192e+00
-1.737335285175955448e+02,3.134943284380601547e+00
1.758834473711178816e+02,4.248814650590402309e+00
1.784033590818125674e+02,3.095104953576420126e+00
1.711902475772707248e+02,3.092785034876935235e+00
-1.604813499247135837e+02,8.251594721683197520e+00
1.625642127498037723e+02,7.394784331976096858e+00
-1.714204961999175509e+02,8.368061483877944795e+00
1.702180352440041418e+02,1.900738135593267941e+01
-1.682518077873066318e+02,1.189509046154734229e+01
-1.741645974879991741e+02,1.603314837529391568e+01
1.731292197668231267e+02,7.826144814409859762e+00
-1.745309549711838883e+02,1.613059108991184942e+01
-1.744039345769631382e+02,6.360930216741023990e+00
1.708234659303853959e+02,1.122231437591641878e+01
-1.772757087392671735e+02,7.520134040407970843e+00
-1.635240092116643211e+02,8.829049643411739368e+00
1.697761635216829461e+02,1.186245321650103968e+01
-1.754651505229259669e+02,7.469614111687359781e+00
-1.708276243767569724e+02,9.468578914232864463e+00
1.720797300728154369e+02,7.523359435324215028e+00
-1.751571241777583054e+02,8.767740888199682558e+00
-1.763188171632056367e+02,6.069489682010829057e+00
1.666716807960109747e+02,1.084472207905677266e+01
-1.733768861287121581e+02,9.765710909533858342e+00
-1.663947217017284288e+02,1.293702102311786462e+01
1.672580744626249611e+02,9.721988997373266272e+00
-1.748408334474932246e+02,1.053781725783055379e+01
-1.627422011750701927e+02,1.146761212500003424e+01
-1.656338287042825641e+02,1.919757109082518198e+01
1.603864999696167217e+02,1.686502732118714221e+01
-1.692459219536354738e+02,8.745172762852494230e+00
-1.626016061195510929e+02,9.823359331754986101e+00
1.628521090997444105e+02,8.627289853517957852e+00
-1.783767139792128091e+02,8.154739496764850770e+00
-1.644032901679827035e+02,8.365695590248058977e+00
1.754218152511157314e+02,6.259169539530754278e+00
1.784631529934964362e+02,4.445392292331914241e+00
-1.595518064791663164e+02,7.209365956261803987e+00
1.686980346986562722e+02,5.685359261660677177e+00
-1.681777310865413142e+02,5.368493520942183572e+00
-1.767842658030745326e+02,5.085587184094391588e+00
1.733330009685630841e+02,6.004000127793615249e+00
-1.665093659134189181e+02,5.558064629957400804e+00
1.733215117473163502e+02,7.051483421442529043e+00
1.755969937318722032e+02,7.972299318939295887e+00
-1.648946146586072246e+02,6.524735422088797421e+00
1.698637611044230482e+02,4.580482940759889487e+00
-8.667389757982202525e+01,8.876918418072035522e+00
-5.529615912105900577e+01,7.424906096347568152e+00
-7.492608032934194284e+01,5.076110667875672888e+00
-6.513014397020261015e+01,5.156734642780358868e+00
-4.623195425053484087e+01,6.730248869566904268e+00
-8.198117427995721584e+01,1.072299552870345529e+01
-4.365418020422315237e+01,9.232369594000228830e+00
-7.010700447914047118e+01,7.696972179637603162e+00
-7.292379990547878776e+01,7.291590858028301980e+00
-5.420484413998179463e+01,6.773687886165782324e+00
-8.291902127331182726e+01,8.850122259773691269e+00
-6.304627216980421878e+01,7.223540525847738536e+00
-7.163148961280317906e+01,7.490693532697413559e+00
-6.862117214239111718e+01,7.992967433205816263e+00
-3.943005284875255967e+01,1.196799349583427485e+01
-7.786284155699816267e+01,1.217718191727810151e+01
-4.867709844476875958e+01,1.005464586591488185e+01
-5.367101340415467092e+01,7.478570349897189828e+00
-7.040717274365914591e+01,8.420310287968760576e+00
-5.765763487815230093e+01,5.866373780031706175e+00
1.795342153213353527e+02,6.252497487054095693e+00
-1.692984115938006084e+02,9.339268720216590935e+00
1.643068898377086668e+02,6.136335910113853487e+00
-1.785326465034549699e+02,5.724611444586399145e+00
-1.763044685688981872e+02,7.478459541467817218e+00
1.697031358015941578e+02,9.595565462145671631e+00
-1.784945689302585947e+02,8.045911657324783306e+00
-1.761874365992095477e+02,8.588516850002809733e+00
1.703768763857541728e+02,7.788781734545317192e+00
-1.754805455325952437e+02,4.676958207416182844e+00
1.765953001538215688e+02,1.199376395842747911e+01
1.678749006433794762e+02,1.518557274388151690e+01
-1.691580113977664155e+02,1.524005711083263570e+01
1.788499405711852432e+02,1.444612688423470814e+01
1.623295469887384002e+02,1.045815995649190455e+01
-1.665123820590176535e+02,1.555195264620805062e+01
-1.779423472634319694e+02,7.256067105015473473e+00
1.615125184317504932e+02,1.637862780159201748e+01
-1.798566354551199424e+02,1.582205452890359254e+01
-1.692981258799568707e+02,1.828818275342021948e+01
1.792218479717229229e+02,1.751324188960016670e+01
1.732371879588445722e+02,1.205503319868943990e+01
-1.741643795183178440e+02,9.897907237019101245e+00
1.764070250479027777e+02,8.162145918934811561e+00
1.777155031689291889e+02,1.282854944635865735e+01
-1.767082255451532831e+02,1.431737451404826444e+01
1.717403424022805609e+02,1.040206923321239074e+01
-1.661961415451867765e+02,6.371172279517095305e+00
-1.748523819980474059e+02,7.571610956196899167e+00
1.750376233326967679e+02,6.202998020914685995e+00
-1.715055323946380383e+02,9.213521232909471337e+00
1.753110587842745360e+02,5.579472488482804415e+00
1.761014578074471046e+02,9.083682851107813150e+00
-1.738959124397347580e+02,6.536036716440998262e+00
1.700708470883355972e+02,8.488805960406789808e+00
-1.762427477183867097e+02,1.143107783402441413e+01
1.761275544655443639e+02,9.786477737508889163e+00
1.759607361280301916e+02,1.040093362273809774e+01
-1.781910494699642413e+02,9.246084454259117180e+00
-1.765317556125792748e+02,1.017106314340809092e+01
1.713944778650992475e+02,1.366712754217252979e+01
-1.483603184076070534e+02,2.160056649958194086e+01
1.688609918873987112e+02,7.049140843884837082e+00
1.664424439660446922e+02,7.449740291297542782e+00
-1.585823016303390887e+02,1.750616301706789812e+01
1.509996615274228020e+02,2.017650082619864804e+01
1.761807996289417702e+02,1.787456280777994522e+01
1.785310130941706177e+02,1.132833956731528247e+01
1.743950125974614025e+02,6.450032920206239417e+00
-1.762092817754449925e+02,1.622685240766060843e+01
-1.754409927166205705e+02,2.075030699862979233e+01
1.771796748633604750e+02,1.248826520318255717e+01
1.703216187313395551e+02,6.090828965353983548e+00
1.749018391227734242e+02,1.314337583028494549e+01
1.529272560989141994e+02,2.596177845297080466e+01
1.703076064962986607e+02,1.686574719468725903e+01
1.790834771603635431e+02,8.736877296900221523e+00
1.768245337442095604e+02,9.962067950497829116e+00
-1.672483104806435961e+02,2.023668485647737469e+01
-1.741642179182880170e+02,1.639159345535855650e+01
1.757348480273061284e+02,8.853071132684814160e+00
-1.575476676858775420e+02,1.033534155100080554e+01
1.630564762686545919e+02,9.516415187853265678e+00
1.743703656077327366e+02,8.294574157042895024e+00
-1.571640480762441427e+02,1.231650003062322796e+01
1.667052938322467242e+02,1.059058649325157830e+01
-1.725542273606434378e+02,1.060908931222326679e+01
-1.758430541239095817e+02,7.578351075376438928e+00
1.757909114995504467e+02,7.414745321732741701e+00
-1.781007568615694368e+02,8.240854363715715891e+00
-1.667033875582110056e+02,8.893718115732568208e+00
1.746339956986232380e+02,7.250192024636777255e+00
1.737109484472993870e+02,7.317946676768906755e+00
-1.684181740991529637e+02,1.060506575984352118e+01
1.687117146359184403e+02,8.145906222391744222e+00
1.791893171943520429e+02,7.121639641176400026e+00
-1.759714383631876160e+02,5.576323409682537147e+00
1.691719821194999156e+02,5.223583596661313777e+00
-1.788546998378747617e+02,8.909037159559666463e+00
-1.790376773560149388e+02,9.415127524969761907e+00
7.131965853551260182e+01,9.021050927299551603e+00
5.252753428875967501e+01,1.897853309881027428e+01
6.878509021995117223e+01,8.411238444882641829e+00
4.976948233608464278e+01,1.276913206749742358e+01
6.549296427668672038e+01,1.319183998540773928e+01
6.474680151935599781e+01,8.701322564900156209e+00
5.911680305302728300e+01,1.107619546630272822e+01
8.866866312923986015e+01,1.272640381578560032e+01
5.540153570237941238e+01,1.855982502054061456e+01
7.754660575806265399e+01,1.215765840772233020e+01
6.794216533362219934e+01,1.318715141422555170e+01
5.893619563912245241e+01,1.308141993443711826e+01
7.386387463828799582e+01,1.374280689002498868e+01
5.538594949640071974e+01,2.029570958152109483e+01
6.857882362275159949e+01,1.171635241097915703e+01
5.894622603371635705e+01,1.665719197566748733e+01
7.200333371616164868e+01,1.104965252069744075e+01
6.756031227754678525e+01,1.208018958778280627e+01
6.303359054093672853e+01,1.519015457569199512e+01
8.019246303821672939e+01,1.152793242542426455e+01
-1.590142507931826685e+02,1.863768669842717074e+01
-1.656956728200931082e+02,1.382815528805632255e+01
1.493359759994934279e+02,1.503486462375775901e+01
-1.732700809074680990e+02,1.575788581347103801e+01
-1.607455109084544915e+02,1.535327252055533620e+01
1.466274097477691782e+02,1.736135328806875577e+01
1.762184112408706369e+02,9.668669001939026231e+00
-1.542967791751535458e+02,1.002274178883911304e+01
1.676274637069371352e+02,7.635645511921616446e+00
1.751768305926369749e+02,8.574749452530779692e+00
-1.673371917375965268e+02,1.003956454876794524e+01
1.754589232527245315e+02,3.809183111763488228e+00
1.677227939689718994e+02,5.349194403862546743e+00
-1.665498761953119526e+02,7.295135481032152924e+00
1.742514402046638224e+02,5.481938843647380821e+00
1.754818136396981743e+02,7.175713163807584394e+00
-1.708219995377826024e+02,7.385590837744006265e+00
1.648530735471980506e+02,9.272918742095415112e+00
-1.787477227301468190e+02,7.700402163185554372e+00
-1.754531443334801111e+02,9.600027014603316644e+00
5.076581939640353625e+01,1.714400543122664189e+01
7.174799535411712270e+01,1.661994963397716774e+01
7.495597691828236009e+01,1.366773391050820408e+01
5.447226857918279563e+01,1.326571003938130744e+01
7.452874146254589505e+01,1.410415700123643923e+01
7.727875990746514390e+01,1.597777687051807050e+01
5.281924119473526957e+01,1.859265035107620179e+01
6.527977011750556358e+01,1.352591784451432133e+01
6.673786441775924061e+01,1.078421576609193444e+01
7.021631994526215692e+01,1.270353601655551756e+01
4.410498843963816284e+01,1.518175971218986930e+01
8.091009733824435557e+01,1.810452473383275063e+01
5.845407742031188292e+01,2.119474700338195206e+01
7.739808084184672055e+01,1.365203160472490929e+01
5.528323756061903538e+01,1.713640576240640812e+01
8.728219763474977810e+01,1.850125033204797376e+01
5.204563257849576985e+01,1.845722137735898727e+01
7.504524285686190410e+01,1.405242700084631480e+01
5.349986693559580431e+01,1.276842357950676110e+01
7.062003297030022964e+01,1.440151529393853913e+01
1.555409115466703724e+02,2.362722853262492251e+01
-1.789479899753991390e+02,1.730111172672489772e+01
1.745369341803647671e+02,9.566178839780038246e+00
-1.573520537255654688e+02,8.927854219936605773e+00
1.616353486494726326e+02,6.534079047635307447e+00
-1.780354905519135400e+02,1.079552431654973077e+01
-1.605553507396924147e+02,1.182045814476407486e+01
1.591828838039040477e+02,1.203156370390873420e+01
-1.660715982258503232e+02,1.128813524736992058e+01
1.621263830039388552e+02,1.054913584482071798e+01
-1.640094214484244617e+02,1.250975018467890010e+01
1.648977609288553765e+02,8.551990376350632417e+00
-1.614916405856933466e+02,1.178734870917316790e+01
1.593841865884490403e+02,1.233495194176309795e+01
-1.607240441139899190e+02,9.241791901919885532e+00
1.627053801804616739e+02,9.260644177838901925e+00
-1.659450237563539190e+02,6.137802963167035664e+00
1.706798596697568087e+02,6.441931244300121762e+00
-1.740892511306528547e+02,6.760873743650963164e+00
1.701510753301446073e+02,5.134669836458359171e+00
6.551702745130874916e+01,1.494782534556250297e+01
6.927409090766440158e+01,2.168122701063535374e+01
5.750087111402590523e+01,2.291923557020934155e+01
6.965947325711663041e+01,1.450223619012271392e+01
7.338701902335742489e+01,1.972447524263792928e+01
6.446562234708164851e+01,1.497749093316434887e+01
7.586591110262975235e+01,1.838875029635218183e+01
6.897301626572149758e+01,1.520551997673855205e+01
5.665618842205984862e+01,9.232965296790315080e+00
6.633024428702611885e+01,1.829964664527022933e+01
4.566321787477713912e+01,1.655819963079856194e+01
7.687706006574988749e+01,2.109915927073682340e+01
5.690559506235547360e+01,1.300085706791528573e+01
7.086229911973072149e+01,1.718467521460652137e+01
7.097155259187920251e+01,1.008583748174776318e+01
7.115029141313479499e+01,1.013063273798481667e+01
7.506789380124335764e+01,1.379129262163600700e+01
6.283805970058828905e+01,7.939238731709172825e+00
6.124882723145355357e+01,1.373138151544752361e+01
5.884675268661903402e+01,1.545031068787444539e+01
-6.656625939693888938e+01,3.038619215293022791e+01
-3.509179112224462926e+01,1.774919106100171717e+01
-7.022479754023163423e+01,2.063287873361546332e+01
-6.361961898343938060e+01,1.729065798328873171e+01
-4.878121175817172173e+01,2.449255950786334424e+01
-7.361387282335677185e+01,1.763691757058320775e+01
-7.577858031677200756e+01,2.456773549689969016e+01
-7.433541881570477017e+01,1.401941470510704590e+01
-5.870125528927039227e+01,1.462464374121913835e+01
-7.561606109944045784e+01,1.956353206899207819e+01
-7.689156465449428879e+01,2.033376234041622155e+01
-4.122081095004998730e+01,1.117825776033159357e+01
-7.421169035047824991e+01,1.506695144727468616e+01
-6.136076395898520275e+01,1.811138848980180427e+01
-4.547432896572449579e+01,1.089794757941275094e+01
-8.703002133039441901e+01,1.121828773040371274e+01
-5.621273789327169368e+01,9.493603829657159210e+00
-6.752616200319369000e+01,1.472213629406374480e+01
-7.993455052744498346e+01,1.105563172443542896e+01
-5.178384507601486320e+01,1.109445199766491186e+01
6.575215543821677500e+01,1.095543398851926042e+01
7.943789000066136907e+01,1.771212155272394284e+01
5.130261477372192758e+01,1.752317402670636781e+01
7.563924813880755949e+01,1.147177090767494967e+01
6.527732864756457332e+01,1.217684450171702437e+01
6.550785713905301577e+01,1.166980926575433841e+01
7.370007809144422595e+01,1.028959084097800769e+01
5.857228386930708552e+01,1.693199183834822819e+01
8.308574064980341234e+01,1.285365296364954091e+01
5.773164999086480265e+01,9.134891685316674170e+00
5.763116656197865240e+01,1.030124422669064899e+01
7.274873018235818734e+01,8.584005528590559209e+00
5.874134752842518736e+01,1.009677644065084579e+01
8.584999649412796430e+01,1.331299671788270800e+01
5.921584106414582038e+01,7.097361755745604128e+00
6.324505311622915116e+01,9.624417087291904593e+00
8.131307018201013648e+01,1.323592321003956940e+01
6.028758520833266488e+01,1.036859666029679161e+01
7.588203272697370494e+01,9.160731718449982353e+00
6.896774336717351161e+01,6.872740959108259773e+00
5.386069306735618767e+01,1.403069317139059180e+01
4.949268048114820573e+01,1.215406744672304917e+01
6.104651919688111406e+01,1.291378297452982871e+01
3.744185732841299341e+01,1.556372616125306507e+01
7.532510155107533478e+01,1.488400509212475775e+01
4.757825927025953661e+01,1.278649605398588562e+01
8.230400648736122093e+01,1.572461369575372458e+01
7.021572031476621589e+01,1.913688719779304392e+01
6.033194758585466388e+01,1.561050257339118019e+01
8.070593431971573750e+01,1.496894935208923982e+01
4.081826054174073448e+01,1.738049467100858791e+01
5.017329757349078534e+01,1.248620133265016996e+01
6.355149918177436064e+01,1.806135255536181106e+01
4.587107001508484672e+01,1.933089175107435409e+01
6.901895594135031331e+01,1.202016471794153141e+01
7.188855385853896962e+01,1.672502294038066140e+01
6.676900193670216765e+01,1.302496314670967692e+01
6.231415155422906338e+01,1.930959504454956033e+01
6.613345443274222646e+01,2.197410770962668636e+01
7.327850527803204272e+01,1.136831276083539066e+01
1.747287429298970380e+02,1.244182640568956799e+01
1.646563620248847428e+02,1.176866278659791476e+01
-1.536604415173050029e+02,1.522094835523193979e+01
1.780742638792214336e+02,1.155777602638412560e+01
1.520530214513136684e+02,1.374142755617648071e+01
-1.526123711508030283e+02,1.559470648529106285e+01
-1.636649184567069995e+02,1.163149283893590535e+01
1.584230903499134513e+02,1.457713355067508765e+01
-1.708925479047818214e+02,5.192759485565486166e+00
-1.631426223552072088e+02,6.911660404073300512e+00
1.602002015669429511e+02,9.447931908747449370e+00
-1.735537281535684428e+02,8.387020230146777777e+00
-1.731068998861578052e+02,8.477379106603059711e+00
1.683336612067139129e+02,9.731861950724896460e+00
-1.641773940894396162e+02,9.207411884489767218e+00
1.733818030173431168e+02,7.016802184720457802e+00
1.666999520988434824e+02,7.196919659838388661e+00
-1.565242086766229477e+02,1.124055788834242442e+01
1.723528876004156132e+02,7.621387687490351226e+00
1.765781220693007185e+02,1.121639553293129410e+01
6.575233539150680429e+01,2.112501555222517879e+01
7.085085654674668376e+01,2.177115223883779649e+01
6.649162997562065414e+01,9.761504957067684174e+00
5.734763035442943391e+01,1.792846581166825715e+01
7.300791853817662513e+01,1.132406115036265426e+01
5.372445085836591971e+01,2.010015918275184532e+01
6.742392409442923906e+01,1.342781009216312427e+01
6.976262941523880556e+01,1.231556825117759146e+01
7.136015819115129943e+01,1.893844959048116294e+01
7.687750722310221363e+01,1.768511973137977833e+01
6.704591415506807550e+01,1.634631682470428160e+01
8.061473919751468031e+01,1.836924220093532512e+01
6.363095166921394963e+01,1.833932872601443975e+01
7.716770565522321590e+01,1.997967593264759145e+01
6.706262948036396665e+01,1.442759849656347448e+01
6.669586562364982285e+01,1.698123464363630575e+01
8.713002831392705616e+01,1.649886424383282346e+01
5.969661213886703877e+01,1.325691326943874415e+01
7.449978041897087166e+01,1.598976196461285326e+01
6.651248464991385845e+01,2.066708365340522136e+01
-1.790034254343096620e+02,2.402052996087304138e+01
1.683013130062423386e+02,1.297603568773566352e+01
-1.684345120210477376e+02,1.750444094835339826e+01
-1.766423659890983231e+02,1.563376755515461269e+01
-1.780667721777002441e+02,8.328462017053928079e+00
1.666236157400228706e+02,1.671936448297936550e+01
-1.575155339336375562e+02,1.300751221370382993e+01
1.750367006640730665e+02,4.110523105295972535e+00
1.661376044915067212e+02,1.413245432393244272e+01
-1.613855645342086689e+02,1.543419583432040554e+01
1.703754249937886698e+02,8.395821793277402634e+00
1.758737228017967880e+02,8.600852638994778587e+00
-1.715095705641315362e+02,9.306939171317116788e+00
-1.650183206088485690e+02,8.870184290338089639e+00
1.591526288205618869e+02,9.237962529332660822e+00
-1.797389635768546441e+02,4.041427935111225445e+00
-1.582426724435916583e+02,1.377033803100422560e+01
1.697435917383546951e+02,7.248812301039577299e+00
1.699455164770184012e+02,1.460248895078004949e+01
-1.747749989964534052e+02,8.321479731641217015e+00
-7.909021250350485843e+01,7.721097075399656617e+00
-6.104648564105595199e+01,7.856011202544539884e+00
-5.148524016685576754e+01,8.520394051212651476e+00
-7.915468053052266839e+01,9.210578034442772122e+00
-5.352328513138156296e+01,1.394946292057669623e+01
-7.536806413251453307e+01,9.842210608065672162e+00
-5.095615588595208578e+01,1.029574895693020942e+01
-6.353197852695381442e+01,1.135774666547317580e+01
-6.908590863725821407e+01,1.010214867183379006e+01
-4.875995316326456930e+01,1.321232119618847101e+01
-7.934526772617206802e+01,1.457531195572599891e+01
-4.451624640372790509e+01,1.224745649660662217e+01
-7.214246932561040637e+01,9.699639498524174286e+00
-5.603754171145330076e+01,5.814103025999463270e+00
-5.669525460910738701e+01,1.201494842985020384e+01
-8.398836699464439448e+01,1.283201582772233351e+01
-4.826535083714603758e+01,1.455619293508337542e+01
-6.912617485046520471e+01,9.926267277880302942e+00
-5.215678609374251096e+01,8.415134449286812313e+00
-5.675790839114468866e+01,7.422044645308597310e+00
-1.594941297142184453e+02,1.693467600505330495e+01
1.709202637578907513e+02,1.972047905731655604e+01
1.739215797794390994e+02,1.001881307188561898e+01
-1.790305970300643992e+02,9.825290089086946566e+00
1.711838057424788815e+02,1.033764492341345509e+01
1.761876335712519790e+02,1.390996663898104657e+01
1.729034053514815525e+02,9.921398957040452160e+00
1.783941150009602836e+02,1.056216869553011861e+01
1.787777670412793896e+02,5.878732158775115124e+00
1.757652541938403203e+02,8.943622985636007883e+00
-1.785780788754399850e+02,6.732853242979492947e+00
1.780248846448770905e+02,7.567848762992703371e+00
1.723793749034909126e+02,1.194568317483580877e+01
1.701838202719424658e+02,1.111497105140446351e+01
-1.776478551062634494e+02,9.999000571808629445e+00
-1.791303194432073269e+02,5.704901326103561487e+00
1.750401974372717859e+02,1.016121496961521942e+01
1.795069972269937466e+02,8.354853825885092178e+00
-1.745885135575167908e+02,1.186926462619643630e+01
1.766260577232506250e+02,1.188737168293262769e+01
1.761042735113574338e+02,1.837616558433045100e+01
-1.728676559316316741e+02,9.538135194911646408e+00
1.720279933520771749e+02,1.266224999109710758e+01
-1.732330129664838978e+02,1.035789360574739248e+01
-1.769352049865783840e+02,1.461817827579086959e+01
1.768387763521309921e+02,1.227849446217725315e+01
1.703669218416632418e+02,1.371399252712543948e+01
-1.783117331382050281e+02,8.541266864737886877e+00
-1.720164685012134953e+02,1.239873298104793164e+01
1.617349137795443994e+02,1.188846431721322716e+01
-1.754507591769689725e+02,1.140251844506429002e+01
-1.721000854458338551e+02,9.105864592649480116e+00
1.579295316703121443e+02,1.368753907390973623e+01
-1.722556285380718464e+02,8.194322265252690585e+00
-1.684038638249510598e+02,1.099309662422304079e+01
1.713908713220052391e+02,7.756395213191655813e+00
-1.681533275751251892e+02,1.139970738791982541e+01
1.712888442675110525e+02,7.047469283945179797e+00
-1.694252342858546854e+02,7.759398359065514228e+00
-1.770535344931493000e+02,6.711852770595393203e+00
6.625290648772143243e+01,1.910511813995139363e+01
6.558477556361584959e+01,2.328145532430534814e+01
6.352066867618480472e+01,2.492681043847896660e+01
5.256503915583743947e+01,1.988186694278522637e+01
7.241410425315234534e+01,2.396826915367780941e+01
5.820066401994078831e+01,3.287202098466840283e+01
7.444763144079021799e+01,2.889628892770987534e+01
5.988696238701970032e+01,2.317609694746061422e+01
7.568181966696060670e+01,1.451295112617406602e+01
8.170380166414389578e+01,1.531064783663169493e+01
6.896345366731664228e+01,1.977595263245045842e+01
7.764375954955978898e+01,2.334858342327955683e+01
6.961104593739328550e+01,1.927485162507665706e+01
7.153314286720650728e+01,1.032159339803958176e+01
6.255617579175073217e+01,7.672763846933120746e+00
6.087532612435069268e+01,1.671491620794552091e+01
7.027912008416734579e+01,1.641514738390005590e+01
6.107472634751137974e+01,1.551981081284123576e+01
7.894176509431740385e+01,9.556054279124911233e+00
7.217326585740256917e+01,1.011126782222701337e+01
1.712947092090240062e+02,1.547433005115912152e+01
1.788245863777568161e+02,1.074447159145096897e+01
-1.770624059527475822e+02,1.389343413075486922e+01
1.729000428081083101e+02,1.197438815593262262e+01
1.773217491950010185e+02,1.423427551816998538e+01
1.795886283745867047e+02,1.165720013187011261e+01
1.751282391542198695e+02,7.127453318113643910e+00
-1.788601978481273704e+02,6.144319037998426936e+00
-1.793138381710295164e+02,7.545578533860782144e+00
1.754721484224160974e+02,9.602743181005720885e+00
1.740520009710995168e+02,6.571220990900464187e+00
-1.781898532396002963e+02,6.441810139082535969e+00
1.793535524728085022e+02,6.819091505124109887e+00
1.722580099027929919e+02,8.449600851788673594e+00
-1.757258444844010512e+02,7.918329620075731157e+00
1.703057302325943283e+02,6.957439571286728075e+00
1.751694174593630464e+02,5.199920851809572753e+00
-1.767467356529389519e+02,6.085721564033807596e+00
1.749810820409150836e+02,7.687855248451377577e+00
-1.725465263833336564e+02,5.176274494645483060e+00
-1.780044651018790205e+02,8.686512146109624410e+00
-1.789692616769850417e+02,7.318653215317059590e+00
1.784914854913680244e+02,6.661358677228179204e+00
-1.738071354803288102e+02,1.076165922940543140e+01
1.783886463985337798e+02,1.028832440222307554e+01
1.756290420625906279e+02,8.066744776387764659e+00
-1.596486642887496714e+02,9.983894222044082056e+00
1.634600915603805049e+02,7.596459641289090570e+00
-1.774099071367250815e+02,9.830164791097899979e+00
-1.677080186723975430e+02,1.137952486716003264e+01
1.549914889025580749e+02,1.349223035627188594e+01
-1.636027490086402736e+02,7.698730582922003407e+00
-1.486826021660610024e+02,1.440608532296924693e+01
1.623106810711650780e+02,1.220423716805917635e+01
1.750088781956385162e+02,1.024155991776073726e+01
-1.561647839106714457e+02,1.622334448265984719e+01
1.670544883013246533e+02,1.157507481769874857e+01
1.692829636198469245e+02,8.176582222853488346e+00
-1.662092733717357191e+02,7.521808118605314064e+00
-1.752583679927587355e+02,8.928943318052205314e+00
-1.663391823106127276e+02,2.450931889416589726e+01
1.757810223114036887e+02,2.456579386784932595e+01
1.720470574862243325e+02,1.528569989402238072e+01
-1.761574291018752376e+02,1.496606370053899226e+01
1.789718087198361900e+02,3.944203762761888221e+00
1.692545887709971453e+02,6.873935460083915316e+00
-1.766586489618938458e+02,5.797124133041435812e+00
-1.795488765760979391e+02,9.941482484316580326e+00
1.793854417259430249e+02,1.467744139708102047e+01
1.770074272599193534e+02,7.403531007636187766e+00
-1.765929550271073083e+02,8.889445347948008447e+00
1.733956986254434867e+02,7.262400288180435481e+00
-1.674751791098767626e+02,7.109184068762096409e+00
1.726350843068036909e+02,7.996220643864711874e+00
-1.797239215396828627e+02,6.335089524006945361e+00
1.778392221863740303e+02,1.130155040818917733e+01
-1.675512923740147357e+02,1.120538003547547845e+01
1.650877287363753680e+02,1.744185263358119897e+01
-1.511741039991237301e+02,1.367105891762936487e+01
1.568911642465963894e+02,8.316039587294030255e+00
1.677014150440988942e+02,1.840420939597537497e+01
-1.609711838298366331e+02,2.266285754660583507e+01
1.634515322864841096e+02,1.322060284182184731e+01
-1.715275358074497092e+02,1.226864584387000789e+01
-1.718920169708159733e+02,8.317988792632114325e+00
1.743674657922419442e+02,9.121459163521992153e+00
-1.759812692220473025e+02,8.713145449499027251e+00
1.770027710114210038e+02,7.315817949816571186e+00
1.724543667931505979e+02,9.361612595829326366e+00
-1.674418727903776869e+02,6.599941638347374351e+00
1.733087058648653738e+02,9.438619904029051710e+00
-1.766368033565213409e+02,6.227684717786194923e+00
1.652286230163279299e+02,1.066404916763629096e+01
-1.666322409244849325e+02,1.137522340630517448e+01
1.688195560033631182e+02,1.419607883599903886e+01
-1.716815471864942140e+02,1.412200870135827024e+01
1.750564378478355820e+02,1.225390544953921435e+01
-1.671933769214335541e+02,1.146718468157551918e+01
1.590258690264863048e+02,8.572543037222844831e+00
-1.560402827231891649e+02,6.042916336008259393e+00
1.728391081053536311e+02,9.494056272537712005e+00
-1.765701360409286451e+02,7.288495922145298067e+00
1.796536997409878040e+02,1.086535172545884542e+01
-1.786657343710383827e+02,1.189488862559674409e+01
-1.783432328865803527e+02,1.224413911896907514e+01
1.796524430808319437e+02,1.162291785164485880e+01
-1.759316778086284216e+02,1.325435649920303760e+01
1.651173648096080342e+02,1.813535276514515715e+01
-1.593501890215704293e+02,1.779602667902070223e+01
1.611576511892013173e+02,1.129665614815973029e+01
-1.731258823936768181e+02,1.148761680007783781e+01
1.714539820258413840e+02,1.735838876310543810e+01
-1.687367031682800587e+02,2.050218998272725557e+01
1.661186079944538392e+02,1.240288150930715716e+01
-1.538464123234532224e+02,1.398988844007193322e+01
1.566702333008322512e+02,1.528268023470299397e+01
-1.760254607599809731e+02,1.385076484719024492e+01
-1.705699374647772686e+02,1.166897855373713888e+01
1.634784659041533246e+02,9.428359891367673384e+00
-1.758115346178059042e+02,3.711947332478872319e+00
1.707472625063077203e+02,2.584359485191878392e+01
-1.721346543452045239e+02,1.736209774977302800e+01
1.573769111833898080e+02,2.302012418704991248e+01
-1.771614552185200466e+02,1.343205765722181511e+01
-1.699171497601341798e+02,1.279248714697956935e+01
1.632386461283467440e+02,1.100117749628403274e+01
-1.764485391810420083e+02,1.431459127001546960e+01
-1.795459671779236999e+02,1.379562041585924703e+01
1.797899936933891638e+02,8.384083548559901899e+00
1.778298920316713918e+02,4.583995963841248411e+00
-1.725547096045463888e+02,8.902952394382282364e+00
1.725966933082094670e+02,5.255324854656720390e+00
1.694108915936566007e+02,1.154966788278695944e+01
-1.753314581577187994e+02,1.378763916006408863e+01
1.665225950457712258e+02,9.960269981065485112e+00
1.756821592024513450e+02,9.678803368546271102e+00
-1.712027665847819549e+02,9.294344884976375454e+00
1.650754837459378450e+02,1.036230453995371192e+01
-1.736814452155517756e+02,1.080479966327799879e+01
-1.753040443525224816e+02,7.897007179920649378e+00
-1.795873335512532378e+02,9.988017164857829755e+00
-1.610320067750562600e+02,6.877898960419239316e+00
1.705093236563116648e+02,1.031912115228167437e+01
1.758329820140790218e+02,5.697511220229767304e+00
-1.717297083029595228e+02,6.763772766824196481e+00
1.719367627597463866e+02,9.754489278732455304e+00
1.794393321826589442e+02,4.750887956942623447e+00
-1.637372674885837682e+02,9.545526825574253138e+00
1.700142675248907835e+02,1.026911773793376526e+01
-1.713849398901587335e+02,1.190373091339822409e+01
-1.771157121016751717e+02,1.285375453865387563e+01
1.673526320112497956e+02,9.608081825668078224e+00
-1.693115028517162557e+02,1.002568520239058003e+01
-1.751992788061137674e+02,1.199424256363508334e+01
1.610178997138972363e+02,1.766536442739639412e+01
-1.768385267640902043e+02,7.631933089061542219e+00
-1.715894445898549918e+02,5.008332959056025047e+00
1.709317450646421435e+02,8.429810651415030165e+00
1.720479800188938952e+02,1.171526820297853888e+01
-1.762524200466729098e+02,1.337815645605378734e+01
-7.310031512177789637e+01,1.669950915905474531e+01
-6.251670154088220244e+01,9.458491249834377612e+00
-6.827121588067191738e+01,8.851631664705505997e+00
-6.885840777627475973e+01,4.674517572936543353e+00
-6.441129305345064893e+01,5.140881450457650104e+00
-7.674483345007925550e+01,7.671385662296172470e+00
-5.803046539146487959e+01,7.216002627457102747e+00
-7.289507101009328949e+01,7.184759687664085348e+00
-7.185619931523903858e+01,1.070958451172787207e+01
-6.004951574959964944e+01,7.701319728495656491e+00
-6.648578791810233213e+01,8.269022304152946035e+00
-5.144519482994981274e+01,9.584873594649710782e+00
-6.703132583881732387e+01,9.759927036076554430e+00
-7.068366784768761590e+01,1.102887254721834331e+01
-5.433989335014232580e+01,1.501804738454074339e+01
-8.904420707514934463e+01,1.374973798635135047e+01
-7.010718053725844356e+01,8.364900016809585281e+00
-6.456821699797112046e+01,7.928665891857830772e+00
-7.134844723518884280e+01,9.127140530324728829e+00
-4.055802729572214105e+01,1.615825294636444198e+01
5.421707682894798808e+01,2.728874569358375624e+01
6.103248257627012663e+01,1.782502629458458188e+01
5.233171441525434631e+01,2.690300377441349866e+01
5.114642046811945164e+01,1.866132606687338225e+01
7.328615847089542967e+01,1.992538257661465195e+01
5.498659420812192167e+01,1.223022747435813429e+01
6.406873307989349087e+01,7.600523793700102004e+00
6.094082791343488736e+01,9.157314085736977916e+00
7.345530818337824996e+01,1.655194400019242096e+01
7.428862073458418536e+01,1.088279332910549790e+01
5.666278915734662291e+01,9.172648638643787322e+00
7.465396537812448230e+01,1.082704002120091857e+01
4.868469924666727167e+01,9.071001373895583697e+00
5.048543628400360461e+01,1.371253652609914830e+01
5.541022237395063854e+01,1.580014717839430105e+01
3.900443963239704459e+01,1.297634058950033697e+01
7.414543581478015710e+01,8.415081388819753982e+00
6.434356333190073940e+01,9.797211828918136689e+00
6.322876327930009666e+01,7.361668181607900152e+00
6.676110711964484778e+01,9.236534618956961040e+00
-1.719037297300186538e+02,1.010155519751851294e+01
1.770058907691385741e+02,1.271993358625536885e+01
-1.665901336746733818e+02,1.064065588546286278e+01
1.774463883165298341e+02,1.272763427111009804e+01
1.761271251006913587e+02,1.030641513184825087e+01
-1.691578652998253744e+02,1.555528692603488139e+01
1.636594413159912733e+02,2.020006880538763738e+01
-1.669681407101139143e+02,1.347787996898795981e+01
-1.778272380114558473e+02,1.583556341120666744e+01
1.684824009887670400e+02,9.307065549710275221e+00
-1.688115400219383275e+02,1.364246459516592758e+01
-1.736378133712973408e+02,1.287844974500273487e+01
1.754489316009871516e+02,1.308698873143283947e+01
-1.796222893128379496e+02,7.147297206442924100e+00
-1.678052498695246584e+02,1.000799135404475670e+01
1.776137612351401742e+02,9.974162682913743083e+00
-1.738094657450147906e+02,1.379201595756127396e+01
-1.713007540036248884e+02,9.106016255411599758e+00
1.696127758191697126e+02,1.018486139076526342e+01
-1.631404412293245514e+02,9.494489338346010499e+00
-1.718355508422504840e+02,1.810091899680200456e+01
1.698292657868043136e+02,1.168085561291309560e+01
-1.748725553489558990e+02,1.514706583940629159e+01
1.752937478995621916e+02,1.162896455782093241e+01
1.752251799530439484e+02,9.467100260862606476e+00
-1.796088388665096716e+02,5.049041637568110197e+00
-1.720336436946087417e+02,1.416147125830907960e+01
1.784040338284774521e+02,8.496039756556839961e+00
1.632982372982447714e+02,6.697930148869205347e+00
-1.621569684384502068e+02,7.469484007196774300e+00
1.573821278960047607e+02,9.385566928600871606e+00
-1.617242645234486815e+02,1.410852665565095698e+01
1.749821572011496471e+02,7.078522526095379241e+00
1.679410201951321255e+02,1.327522147280442155e+01
-1.642625464228231351e+02,8.328745739906285195e+00
1.645071441505405403e+02,1.323782730817227993e+01
-1.613837090277771722e+02,1.028578387248939841e+01
1.760884329654607541e+02,5.444444570913384851e+00
1.769312806172617343e+02,9.648255541306820504e+00
1.785188667506021716e+02,1.299401229936260727e+01
-1.676807881969027676e+02,1.912488455261530618e+01
-1.770503159796935790e+02,2.227567814987856565e+01
-1.783166273925647545e+02,1.574976707380183072e+01
1.663568125217597640e+02,1.092923150641401975e+01
-1.544190532926014043e+02,1.585720011912417959e+01
1.548278324733549312e+02,1.845195331541028239e+01
-1.736554552065730377e+02,1.963315358994415760e+01
1.694719694641664773e+02,1.174268996100595253e+01
-1.750562316589636964e+02,8.631195276483223822e+00
1.737442733435169657e+02,1.107273887077945140e+01
-1.703226902817731059e+02,1.258020182235440032e+01
1.734692712383912010e+02,1.962112208136475644e+01
-1.721018686440621650e+02,5.993517803182683679e+00
-1.719480797577002988e+02,1.260476440274695520e+01
1.767925531897680855e+02,9.948238195731248013e+00
1.708568440596527012e+02,4.854795307265665549e+00
-1.678782903369254313e+02,9.410369720248764835e+00
1.795198574416747874e+02,6.509699715421827904e+00
-1.771723201398937704e+02,6.111374884924061668e+00
-1.795044533445761772e+02,7.671514123270281260e+00
-8.195090766552218042e+01,1.139489873146992593e+01
-8.277487319072332639e+01,1.278436626266853615e+01
-5.828114060856768219e+01,1.322040610440841490e+01
-8.997205689243065763e+01,1.300760182337060122e+01
-5.501734940351694547e+01,1.623688878770433064e+01
-5.934531376528872215e+01,1.015790822132176174e+01
-1.063120288859866065e+02,1.408076499406733539e+01
-4.883846654151347622e+01,1.364432700397226483e+01
-5.299436439162253265e+01,1.077807422828785811e+01
-1.042873011592033379e+02,1.727399475027275955e+01
-4.127813219903136144e+01,1.302303454675062255e+01
-6.690119470427950432e+01,8.991377804700185550e+00
-9.444744932315695962e+01,1.297862804725890662e+01
-5.122081034819390055e+01,1.130878863254609357e+01
-8.144487670920405264e+01,8.251403552140484265e+00
-8.448936810927541785e+01,7.505551722153988692e+00
-2.781003122704292352e+01,1.496342272738997714e+01
-8.677517764065228789e+01,1.471245151050208833e+01
-1.676743796945650899e+02,8.132031638746243019e+00
9.303829195972581090e+01,1.367822717368845709e+01
-1.680477930440319483e+02,1.544148105925178527e+01
-1.678026147684325053e+02,1.234624937845111958e+01
1.736490928552037758e+02,1.512305894185365673e+01
-1.608245302840839202e+02,1.299047884316985702e+01
-1.744988177895356785e+02,1.123605363519387268e+01
1.773560540442929039e+02,9.548955577465353173e+00
-1.794311897391735329e+02,1.054215799926461372e+01
-1.763918243430555037e+02,1.469288574841642259e+01
1.732903568686896563e+02,1.222346745107413923e+01
1.779353281497431567e+02,1.632788349730846988e+01
-1.735136942867230516e+02,1.453719869564068645e+01
1.787488104345700037e+02,1.442547942115732340e+01
-1.784811387229779882e+02,1.466942618887517824e+01
-1.798179494522090920e+02,2.095696058199424172e+01
-1.752340078571700701e+02,2.250378364868286241e+01
-1.740698533311879430e+02,1.541099539522129547e+01
1.633841079562906486e+02,1.084669945902857613e+01
-1.797942168471834066e+02,1.009440581302005491e+01
1.790844097403002024e+02,1.160936153386515812e+01
1.674540119526963622e+02,1.944804900486796839e+01
1.795853106110738509e+02,9.246374994383799617e+00
1.745623923745266097e+02,1.312811077399805448e+01
-1.776110073860637613e+02,7.895028681980198471e+00
-1.745937999170961348e+02,1.247154697231380638e+01
1.680206931447798695e+02,8.629684399594104605e+00
-1.645813876960085906e+02,8.897942553914397479e+00
1.692914080461721085e+02,1.221964774662626674e+01
-1.782904581995325941e+02,7.973217510224852589e+00
-1.765717132237502938e+02,5.258713820922794824e+00
1.717713512607614632e+02,9.854404417362406576e+00
-1.755639704585974243e+02,9.946376285688849350e+00
1.727708310978387090e+02,7.350562650516692997e+00
1.735541558862192915e+02,7.123552401029282777e+00
-1.769617516736283278e+02,8.440614830392304313e+00
1.746067980422536721e+02,1.665750031791400332e+01
-1.764966338718541863e+02,1.311044721928529810e+01
1.773549446440971451e+02,7.879347270278714177e+00
-1.717104880012012700e+02,6.525774927310385998e+00
-1.784241130296799724e+02,7.826581079383913675e+00
1.674618917785885799e+02,1.002517655137663510e+01
-9.168610184752859027e+01,1.969860848481726379e+01
-4.943653025599505924e+01,1.908691436537455743e+01
-8.887948495195924181e+01,1.998098738541809638e+01
-4.897576223713343779e+01,2.260557195877338188e+01
-8.895274802008181325e+01,1.978693747654539692e+01
-4.755557179687669844e+01,2.303047117182681447e+01
-8.339535918723198904e+01,1.851928374929199350e+01
-5.613510569551237950e+01,1.573676116578310769e+01
-8.439151813100434651e+01,2.116905239005217965e+01
-4.539686878524027236e+01,1.782859759915061204e+01
-7.850045961414436135e+01,1.559259482716615963e+01
-6.275505332868424091e+01,1.402384009146998167e+01
-7.367031622277822578e+01,1.464313701014751778e+01
-5.071451302721294496e+01,1.597422567773738677e+01
-7.144136397738090238e+01,2.178204424199434897e+01
-6.098981743062528693e+01,1.846573005520313870e+01
-7.881713230531465797e+01,1.605316795416222320e+01
-4.238407923163532587e+01,1.817271015400294942e+01
-6.630826667179434253e+01,1.818561535773935844e+01
-7.599907944970661333e+01,1.671217911086718644e+01
4.297986708322870442e+01,1.136630437426800277e+01
7.120739242185030093e+01,2.373877439133200440e+01
4.511079114158375347e+01,9.582148332129957424e+00
7.068539581290977480e+01,1.438181228524017463e+01
6.420255717411099283e+01,1.438613184773650033e+01
6.425335660569861318e+01,1.359683282386246539e+01
6.830915304816313949e+01,1.392206125965170216e+01
5.928384452752626288e+01,9.544643599231916298e+00
8.009506945811489231e+01,1.867280156069724484e+01
5.754520549717584998e+01,1.504913318832693925e+01
7.161799704060021554e+01,1.555555583352849425e+01
7.185224306431801722e+01,1.412170343098627079e+01
5.564785190987321073e+01,1.349891231829811211e+01
6.690622285378003653e+01,1.860469588631722360e+01
5.002004704815504255e+01,1.281961238655783930e+01
6.866533792198924857e+01,1.953870868075013334e+01
5.051064998659921912e+01,1.193946989732536146e+01
7.231115213478847181e+01,1.316398597331260767e+01
7.330611327277850364e+01,1.785750573303193889e+01
6.271916127735823210e+01,1.248002376464868490e+01
5.152896596707233812e+01,1.539274452578561636e+01
6.991177179027856425e+01,9.753254988077443954e+00
7.188926315050628091e+01,1.296904424654435672e+01
8.926580168295788553e+01,1.503568477432150630e+01
4.391325669638531082e+01,1.627384541396677520e+01
7.245765624569169461e+01,1.387534951855650966e+01
6.872546441620514202e+01,2.023995045299285778e+01
7.784893210788867179e+01,1.525016237402358854e+01
5.091643210398484598e+01,1.550396454662740275e+01
7.939925331418100996e+01,1.400425287763575888e+01
7.008371306939500300e+01,1.259866973380509592e+01
6.963697837484529884e+01,1.086054436765874343e+01
5.808418063374722351e+01,9.384109358933347522e+00
6.215591292205660068e+01,1.011390652305374616e+01
7.808617538240888223e+01,1.071251126883162286e+01
4.773431632655636747e+01,1.529926614466031509e+01
8.350916905265010826e+01,1.609387094309720112e+01
5.433133267589253990e+01,1.888388105690511054e+01
8.283700038610996330e+01,1.804624107583465431e+01
5.528376139837592973e+01,1.297112722160851384e+01
7.562255710888346982e+01,1.735230670577854184e+01
5.819892010464436538e+01,9.276559812807406047e+00
6.740592888444669484e+01,1.329700170716780860e+01
6.564114394021595444e+01,1.122825258028835016e+01
6.728494239288048107e+01,1.184839501816798801e+01
6.514609343951529752e+01,1.593222796415670217e+01
5.901495048924260090e+01,1.676096814547651803e+01
8.127557609079558176e+01,1.665982973068677353e+01
5.442548827585824256e+01,1.536206270480553826e+01
7.222759240534037417e+01,1.157832048478553943e+01
7.165043259774161299e+01,1.482890179785239937e+01
7.081012819503968103e+01,1.281085566753039373e+01
5.529798095241954314e+01,1.097090154851202648e+01
8.728191759268911198e+01,1.306787508918675300e+01
6.366477754889136520e+01,8.748350774699764187e+00
5.511552609917334422e+01,1.146259136399541845e+01
7.109887697364962378e+01,1.051716006279876403e+01
6.239264479422233478e+01,9.923267680541139057e+00
5.906945025612439792e+01,1.176390622935100083e+01
6.979925072833600552e+01,1.438301410267312441e+01
5.563140775063526888e+01,9.878715248867285581e+00
6.940405583646348475e+01,2.085815340606117729e+01
5.807324730835674842e+01,1.936154578352318367e+01
6.847906325989976040e+01,1.363199352396497943e+01
5.906689327636033937e+01,1.559671829463232129e+01
5.249187865460466895e+01,1.269838090058939883e+01
6.379922701243111760e+01,1.433262600993132097e+01
4.342556522811243269e+01,1.783618887478588277e+01
6.377619353202973684e+01,1.339570831327576528e+01
7.296156717906448819e+01,9.746299130861901361e+00
6.712738655276743316e+01,7.584614930785477327e+00
6.545151929772332267e+01,4.433405403401656564e+00
6.298397147506992866e+01,4.873919670353844324e+00
6.392525402722393579e+01,5.300535931130784917e+00
6.447372502343066003e+01,6.910055609385532982e+00
6.078665773559752949e+01,4.907487698222652739e+00
7.241022716319112362e+01,4.265838418854125180e+00
5.785641726987235955e+01,5.781829468064143107e+00
7.072370534767817674e+01,4.904247628467241604e+00
5.384829165473502854e+01,5.377202554329760353e+00
-6.280374128578443305e+01,1.048842716327694902e+01
-6.336620288339999973e+01,1.410567374374785565e+01
-6.539265102786671946e+01,1.089587609235850962e+01
-6.327446930485395882e+01,9.876946202331438940e+00
-6.581141953090056518e+01,1.176457138236047406e+01
-6.309335712835415677e+01,9.623703894188821550e+00
-7.461823456273744171e+01,9.629500159988326757e+00
-5.338613680943507944e+01,1.269451073053652124e+01
-7.800641183735754680e+01,1.172546683434025105e+01
-6.494043389899989904e+01,1.161610915779262321e+01
-6.489636486068548038e+01,1.355748696589792779e+01
-6.509465042639162391e+01,1.319291725429073026e+01
-7.992382520291150172e+01,1.600260141316485019e+01
-5.865618962330022157e+01,1.385581528164556531e+01
-6.704739394766669136e+01,1.258224023543312242e+01
-6.858945555805740923e+01,1.218493405223076564e+01
-7.761770555110413738e+01,1.501953758582694931e+01
-6.329936340763382674e+01,1.417408524387591662e+01
-5.800722428402522013e+01,1.556857066979334192e+01
-7.502306421657236513e+01,1.363827031468126805e+01
6.921486673908140119e+01,9.807300546678570541e+00
6.606320986931086736e+01,2.198080913498851174e+01
6.811710241154577261e+01,5.501965224340029437e+00
6.732822676273049467e+01,2.026021982843012381e+01
6.758595903032977503e+01,1.090690585786143885e+01
6.812215183080890313e+01,1.143597852201860654e+01
7.395205288671070321e+01,1.473752304494269794e+01
6.524122386872026880e+01,8.272052336151332952e+00
6.831221879868049029e+01,2.190119376323141154e+01
6.322794706111444185e+01,1.334829917029922264e+01
6.473974899241726177e+01,1.361802768105838446e+01
6.646816224832753051e+01,1.788820560724634845e+01
6.015970098152858725e+01,1.463091063633127398e+01
5.821776634353564361e+01,1.299789208578404320e+01
6.058759041324979933e+01,1.593171498316689849e+01
7.109570201672109135e+01,1.433769151630914429e+01
5.471850930100128352e+01,1.510585954094714722e+01
8.119198183045698158e+01,1.631729537295906241e+01
6.713110408584414301e+01,1.109447817036033079e+01
6.591085620273008772e+01,1.032102193927865841e+01
1.694283981995956481e+02,2.826528978653140101e+01
1.623222509753066731e+02,2.778500158423796407e+01
-1.688889859066009933e+02,2.406069858689950891e+01
1.778693981577463035e+02,1.066086368595023792e+01
1.734900890280754595e+02,1.534239473733221004e+01
1.769953470234698898e+02,1.630484749237526287e+01
1.774773468990642868e+02,8.504183267425254655e+00
1.713963079962874758e+02,6.917691489761958579e+00
-1.651952391008139500e+02,1.348688637669367196e+01
1.646983263587094939e+02,1.410735088341163213e+01
-1.712542697787127395e+02,7.826078372686009033e+00
-1.683474056165399588e+02,9.578031658040295326e+00
1.732683335447320871e+02,8.932941936194445987e+00
-1.740081520298462010e+02,1.178642606130675574e+01
-1.743048852000837599e+02,6.842936352856801463e+00
1.681909146852158869e+02,6.103306792198031516e+00
-1.701825290868056868e+02,7.008049681857641211e+00
-1.758483831844810084e+02,1.085955716151752881e+01
1.650946401485892636e+02,1.396328282163479173e+01
-1.685278587152509147e+02,8.246098254436130759e+00
-1.720042137123556927e+02,1.930619907110294875e+01
1.797949818090653764e+02,3.613064793524294771e+01
-1.728157188603464078e+02,2.036429111019259253e+01
-1.798025301726838165e+02,1.610325279531697973e+01
1.701651065342410334e+02,2.252283942696628927e+01
-1.723071017950255168e+02,2.465049466238604836e+01
1.667653405401068483e+02,2.919336247026527786e+01
-1.778473848813992220e+02,2.406800831634967253e+01
-1.776956237345127079e+02,2.408143751805593524e+01
1.565179323964865716e+02,3.095860295282167840e+01
-1.554852409255919099e+02,2.132910716339202395e+01
-1.655138055321936008e+02,2.125932083892492130e+01
1.616310566065104410e+02,1.247637994310750997e+01
-1.664146482277834878e+02,1.083345229097076157e+01
1.753768680951162082e+02,1.589056670288689332e+01
1.690621170200347194e+02,2.368736291381689796e+01
-1.665874396715075250e+02,2.191089733750620283e+01
1.654002923228895554e+02,1.078785471712571820e+01
1.663969309724689651e+02,8.978734009548809070e+00
-1.637537794124001493e+02,1.699691531003439593e+01
1.676991446345574843e+02,8.734453714693653836e+00
-1.788315760477203185e+02,9.954578703960663688e+00
-1.791777478267370896e+02,8.504153396775016915e+00
1.658935156864758085e+02,1.085629616402223974e+01
-1.778067531648601118e+02,1.021645524292775775e+01
-1.731686046467194160e+02,6.611938870850733174e+00
1.755622130057724632e+02,9.624713664122168666e+00
-1.750306565276256663e+02,7.990804788428079064e+00
-1.689781219776143644e+02,7.886414031647806411e+00
1.703335925088738634e+02,8.707115231188449656e+00
-1.772274416524907394e+02,5.487639101806188080e+00
-1.759380360471774907e+02,1.087104440266962513e+01
1.686393236183830027e+02,1.057909391344420058e+01
-1.790661162668447162e+02,9.332078521011016647e+00
1.780047053236508248e+02,9.516957636157812317e+00
-1.799676690902823282e+02,7.051344684098149962e+00
-1.667132374694705561e+02,9.827582636742096867e+00
1.674839933461268231e+02,1.078130265382070796e+01
-1.622721349258353030e+02,9.866724116296573754e+00
-1.780281325208335659e+02,7.581199860682605873e+00
7.379265598194324127e+01,1.622960644171323707e+01
4.417095083954783519e+01,1.710402767952756520e+01
8.691863596379928936e+01,1.356940451308742723e+01
7.829787159725350421e+01,1.299698322935974026e+01
5.631836611475769416e+01,1.073134215939845859e+01
5.674262030363554032e+01,8.824168007772982492e+00
7.448778914301962573e+01,9.376886281166672887e+00
5.281480238319876008e+01,1.280302776676538912e+01
7.249032459426726405e+01,1.400196863929269675e+01
6.109412343320993699e+01,1.156396133131551096e+01
7.616518906052358773e+01,1.124949112411017893e+01
5.382050330507838964e+01,1.188330896352547761e+01
7.372767380490566325e+01,1.067901462078852326e+01
6.458516141159473989e+01,1.250978055578552883e+01
5.759155156200428394e+01,1.113068700649159481e+01
7.248636547374952954e+01,1.007318547416942245e+01
6.853280907295356883e+01,1.332445066094986252e+01
6.436731975798775807e+01,1.340929283138803640e+01
5.395651975462146765e+01,1.531436706923760127e+01
8.518973560880411355e+01,1.522097811547261159e+01
5.995417335293089423e+01,1.613518441618693444e+01
6.538419398448388620e+01,1.695534297870599971e+01
6.160353153313995023e+01,2.393659695578647373e+01
8.021318677409797715e+01,1.593794592034504021e+01
4.983165811287774716e+01,1.758464106716390773e+01
7.619823597889519817e+01,1.300137422526742981e+01
5.752300632419851922e+01,1.470058072301469032e+01
6.741077074815524384e+01,1.668233546375967080e+01
5.747949328406295422e+01,1.461276902881266437e+01
7.480848604290827097e+01,1.597245905076923123e+01
6.873673309990920188e+01,8.426875346838803793e+00
5.485693355624079715e+01,1.365369880241620137e+01
6.626440749180416390e+01,1.160503280476358334e+01
7.008175487638561663e+01,1.549878254451960657e+01
6.725306150494233748e+01,1.381902568694280120e+01
5.779529118406844646e+01,1.367452164994921304e+01
7.046603649015970916e+01,1.053329233430559242e+01
6.718629148099924464e+01,7.772051739729983311e+00
5.762874662678848381e+01,1.072885995218936550e+01
6.942405453956088479e+01,1.225947852644159219e+01
5.786301495551194307e+01,2.095020968355660784e+01
7.859755878433649912e+01,1.879664981394277845e+01
5.784252898626343864e+01,2.652840714916089837e+01
8.214379201700387512e+01,2.197083102765181906e+01
6.264798275757034673e+01,2.207808674089123713e+01
7.569368227077998768e+01,1.919898410522625198e+01
5.506602046932891170e+01,1.684789007539891159e+01
8.605407477456199672e+01,2.066703833255603229e+01
6.319550877530241451e+01,1.318380610518081042e+01
5.315210612431933868e+01,1.452669284982488840e+01
7.847693381297199267e+01,1.621650729721572048e+01
6.758106503844332735e+01,1.022865905686023957e+01
5.301544918810249385e+01,1.236787044335569519e+01
7.959907283511057585e+01,1.379229201581470399e+01
6.096102435087207994e+01,1.401340621291236488e+01
5.941457221266831823e+01,1.272120085769972420e+01
6.879880045198918026e+01,1.588513173909772647e+01
6.060075153359041167e+01,1.345981190085423229e+01
6.534221874979546385e+01,1.212497156265722786e+01
5.971264552797205027e+01,1.486627580956299965e+01
7.005978872067137786e+01,1.308699889607393452e+01
6.702231738803274652e+01,1.209031443773168846e+01
5.677430499814821019e+01,1.269690694772891959e+01
7.505775122391409582e+01,1.378177571487841746e+01
6.959252572420899696e+01,1.330084022942367739e+01
6.514261201455538242e+01,1.339637818982558315e+01
6.080702171619824270e+01,1.111571504890532402e+01
7.360539261657964971e+01,1.332621554228977878e+01
6.435577234619344722e+01,1.270319265664634401e+01
6.174692015687336522e+01,1.160409768324393909e+01
7.154235625893451811e+01,1.302684426559689079e+01
7.378956310519555473e+01,1.206418469459179832e+01
4.178074880114872514e+01,1.455004008265199467e+01
7.555675830398296000e+01,1.377922630731530340e+01
7.054667517963703460e+01,1.454845921284361587e+01
6.706544847511079865e+01,9.147360803329675605e+00
5.377970920509272190e+01,1.169862511493494850e+01
7.580127169347899496e+01,1.012768819585489410e+01
6.616318963379646334e+01,1.500978374528337334e+01
6.045739217923758702e+01,1.385709281816741090e+01
-1.691287912629773587e+02,7.659376287364858982e+00
1.720426170115574394e+02,3.603761806591952777e+00
-1.785298569593985576e+02,2.142452602496470959e+00
-1.756453255797843553e+02,3.704199188834821577e+00
1.798809960723664290e+02,1.089237129455454500e+01
-1.724418358060586058e+02,8.152777821738418140e+00
1.716513526023769316e+02,6.180336473324345548e+00
-1.707911592318323528e+02,3.932096510567887115e+00
1.731003514464888724e+02,7.871372172245004961e+00
-1.667092395251671917e+02,1.315326804866159094e+01
1.665914236518119935e+02,8.475848172296728933e+00
-1.691033118861066953e+02,6.171738017210694593e+00
1.635141074795340899e+02,5.980849551543514053e+00
-1.658524500894352514e+02,8.077745367384082442e+00
1.663469211203028237e+02,7.063032467368968170e+00
-1.732293988359072330e+02,4.429458105877071006e+00
1.758280526884786639e+02,2.959130718935234938e+00
-1.726699095578364904e+02,2.315069821944339523e+00
1.746428119165940416e+02,3.517582621115553199e+00
-1.753489420489815700e+02,3.148892479078093221e+00
5.349461417286283904e+01,1.195010158822058344e+01
6.411556812391029325e+01,1.446957169130214638e+01
6.803393654323902240e+01,1.858015250561177822e+01
5.124396376462048153e+01,2.087557950451968480e+01
7.177830517364454010e+01,1.518872678802998699e+01
5.501827948689609826e+01,1.314658552761713217e+01
6.065004960494755437e+01,1.284453678569516200e+01
5.984324078425563442e+01,1.951645440441709667e+01
5.702091141224283888e+01,2.117771361531319130e+01
6.802045669037242703e+01,1.626423083137138903e+01
6.586661798671580925e+01,9.359253299415469129e+00
6.624316010000706001e+01,1.283514362826266719e+01
7.150579895426119492e+01,1.449733327652436188e+01
6.634086807243437534e+01,1.898744201974481172e+01
7.899910686245921454e+01,1.890628302158625118e+01
6.710567945552007529e+01,1.392332029425888784e+01
5.611963711796498444e+01,1.136427672275586076e+01
6.845055249478565429e+01,1.761447457678967154e+01
4.638846192286003145e+01,2.215131990498559134e+01
7.123888292879640005e+01,2.176499773854606445e+01
4.543718896453507483e+01,1.409429227991600619e+01
6.455039228780779581e+01,1.384228948739084153e+01
6.459065391701535930e+01,7.396423214015078074e+00
6.140617763162008913e+01,1.125758021141312248e+01
8.804255873997885828e+01,1.350730740011283615e+01
6.319342571871612080e+01,1.213083721151387806e+01
7.900408027613141826e+01,7.986286636963505714e+00
8.742356023269427112e+01,1.019341968066884796e+01
4.378576485966628695e+01,1.501716460689467780e+01
7.655764633888594517e+01,1.020071634783674597e+01
6.770479754605489120e+01,8.388863453814080273e+00
3.603637205455586923e+01,1.155638513288554137e+01
8.866891019600673474e+01,1.016806369469181703e+01
6.018062778821594350e+01,6.185400422730483960e+00
5.440227310672055694e+01,6.637645573881258088e+00
8.930544778524544824e+01,1.274769401977805039e+01
4.791689718698989964e+01,9.898063182128739257e+00
7.072972891206958934e+01,7.865298296113575560e+00
1.372597759672167399e+02,1.367581164421247664e+01
-1.418077239569586538e+02,1.574903602632023336e+01
-1.635380414551450201e+02,1.218320181921229839e+01
1.703681829075569283e+02,7.476713214773516469e+00
1.741600412414365451e+02,7.036144612690678812e+00
-1.683202585589396847e+02,8.299781690166657455e+00
-1.681541054370586039e+02,1.234026474096612525e+01
1.726215290824151793e+02,8.099018728806351319e+00
1.772499032747344359e+02,6.942060681441475367e+00
-1.748494149611491366e+02,4.696002246571950423e+00
1.658180279317443819e+02,3.445290437764751079e+00
-1.683916109404065367e+02,6.538613447189900896e+00
1.686970344264665869e+02,9.955563334474991422e+00
-1.732380758898851241e+02,1.580857580345815094e+01
1.577970213483116311e+02,1.287894293982839677e+01
-1.583847662111217574e+02,1.242954782126099467e+01
1.641694165095971982e+02,8.728369538575623920e+00
-1.698243769859478220e+02,5.589586151652051527e+00
1.789269069576898801e+02,1.347327605448712262e+01
1.754655695939064799e+02,1.116059623683003821e+01
-1.772648758947843817e+02,6.498405548220458350e+00
1.795585264125407434e+02,7.905736958822107141e+00
-1.740291563509569244e+02,3.134927382790638539e+00
1.785204423245747307e+02,2.415991297408214056e+00
1.787362308268347704e+02,4.424762871940044917e+00
1.763979287186388092e+02,2.479114818226576311e+00
-1.731884906418753474e+02,2.494927448720362761e+00
1.703273506231585657e+02,2.508257490295992209e+00
-1.771315180665591527e+02,3.535429208553401370e+00
1.769560467811160720e+02,7.370484721320254007e-01
1.786374143233027780e+02,3.054017397551036517e+00
1.741341304034414179e+02,2.197722749287432276e+00
-1.713514150546027111e+02,2.266124521607455033e+00
1.670450316931161012e+02,2.171704537956091308e+00
-1.762132611851485819e+02,3.311063849872809328e+00
1.719176087181224091e+02,3.627742692885263409e+00
-1.781584003451100102e+02,5.313115370548969096e+00
-1.793831530110237225e+02,7.456735317003461816e+00
-1.711214007905461472e+02,2.536618391363806069e+00
1.573146508570513618e+02,4.515747801924379523e+00
-1.551334349381336324e+02,6.048324714223184628e+00
1.609372776814773545e+02,4.869383135282034480e+00
7.723365025453274768e+01,1.313122329762709839e+01
4.093735937579639739e+01,1.480945329578898395e+01
4.662079180079699370e+01,1.304959185332637439e+01
7.260298113310142298e+01,7.250284886065888834e+00
5.305689816550694360e+01,1.135529157346197060e+01
9.161530032560753511e+01,1.690651342448781591e+01
6.922375709179483749e+01,1.073680390830297782e+01
3.253804254355324588e+01,1.136465842946745930e+01
9.008237736901988058e+01,1.546387401975492359e+01
4.407452399234758644e+01,1.344733490722354929e+01
4.046050613491691905e+01,2.026122622117122773e+01
7.266706160701670569e+01,1.201244923610242665e+01
5.469491318952186987e+01,9.773984692716130240e+00
7.280740499162739354e+01,1.483622896492398446e+01
6.446293754571098589e+01,1.202195447987556598e+01
7.189742899736975801e+01,1.090771833644445721e+01
7.326030514508310887e+01,2.057725250072324741e+01
6.868271819181440208e+01,8.522507011037919966e+00
7.073199694392192782e+01,1.315769613485809941e+01
6.732475413125460761e+01,1.178468041667111166e+01
-1.694565646943266017e+02,1.187856302307644007e+01
1.709753624767398890e+02,1.765232670511116453e+01
-1.754284558935081861e+02,1.040876346873142921e+01
1.727714671636068147e+02,7.969456678581304132e+00
-1.676996552216361351e+02,7.342333238179241661e+00
1.669993794992697644e+02,8.206959423978766210e+00
-1.755933108532251481e+02,9.729528987082462166e+00
-1.749874981281513726e+02,6.347203504677396246e+00
1.710716352637236355e+02,9.071437118327729365e+00
-1.754399146591079557e+02,8.662192983086120179e+00
1.766045143028101165e+02,1.069924894495709999e+01
1.778508877882472632e+02,1.001938994534675587e+01
-1.778357170419960482e+02,5.562345622134849066e+00
-1.750744172399971035e+02,3.739760944458274672e+00
-1.764113647019871678e+02,4.791595080706560594e+00
1.779324563945390594e+02,5.214444976453279423e+00
-1.768138138956422267e+02,5.779691839827987287e+00
1.761201339636904777e+02,5.731351157252428052e+00
1.796455629882680967e+02,9.264436432833448976e+00
1.777115276232526924e+02,6.427071166316107309e+00
1.692004645846739663e+02,1.034600148947752629e+01
-1.782466925450353017e+02,1.368888981257472359e+01
-1.743574138501570587e+02,7.895790726704765561e+00
1.752257680906175779e+02,4.879006398876376771e+00
-1.709308744410463419e+02,7.254197914245397172e+00
1.739631544203620024e+02,4.928837546226707111e+00
-1.780356452846599495e+02,9.979638175243159992e+00
1.692734080445704592e+02,7.802553370606000627e+00
-1.669933595606370318e+02,9.268908605577841797e+00
1.723010794971665405e+02,8.547067183911623900e+00
-1.704207020373717967e+02,8.939779428244015946e+00
-1.783850880722907561e+02,1.117745026527628482e+01
1.718944330642775355e+02,7.103316864773653094e+00
-1.732672301737001987e+02,4.608221151572872820e+00
-1.760730174270372288e+02,2.789136077299928740e+00
1.694217957216104935e+02,4.985806821755256912e+00
-1.619842382796119011e+02,6.454511156342392475e+00
1.634314869006501283e+02,7.310803454871564355e+00
-1.701325111701607966e+02,3.963689408264904124e+00
1.784954916541760497e+02,6.520798453879343093e+00
-1.715843742282409607e+02,1.151468511753608936e+01
1.741548286212505445e+02,6.838230330915729738e+00
1.784640392557212465e+02,9.907906811703211858e+00
-1.754783549442765320e+02,1.280434782990937137e+01
1.691510619618828457e+02,1.247417871353309771e+01
1.712393086578866246e+02,1.118456775660131264e+01
-1.411891159373176663e+02,1.589235823213319065e+01
1.667128345641876876e+02,9.344553721622469666e+00
-1.749817945356098789e+02,9.089583927582438605e+00
1.738324968458260571e+02,6.848685377516271267e+00
-1.719873137592855983e+02,9.743366656517125080e+00
1.656228121834283797e+02,5.776237448785259687e+00
-1.568338887261719776e+02,1.002995216859784477e+01
1.696882363141840528e+02,5.849369743197565086e+00
-1.779647727788905911e+02,6.950502851185428099e+00
-1.663254198402947281e+02,4.391182618784046809e+00
1.751646947326295560e+02,1.231959742130748126e+01
1.786551320592090235e+02,8.693448725384639530e+00
-1.756038008076602637e+02,6.984067209697088607e+00
1.677384267410424172e+02,9.964840399856669251e+00
6.650899478293626998e+01,1.968814286220142407e+01
7.576705864697530046e+01,1.612807030088590210e+01
6.061829910439029589e+01,2.449579759052515726e+01
6.915792208699738808e+01,9.713940660110090164e+00
5.987998472208789735e+01,1.255007291816563963e+01
4.639949954392254483e+01,1.699751125979997113e+01
8.797689404304620098e+01,1.608113186866681588e+01
3.826432316262980038e+01,1.854987382543826868e+01
7.163093282296512143e+01,1.062997603670660496e+01
7.185500682597918853e+01,1.402755713946250538e+01
5.521875032880757317e+01,1.325393581619855965e+01
8.260182976808768274e+01,1.092015358837229755e+01
6.289430155739681538e+01,1.409847763272943766e+01
4.459600029094107754e+01,8.190657987732748779e+00
7.278255872135542859e+01,1.334355857055169814e+01
3.018689202376292258e+01,1.333512117774192518e+01
6.585712670939729207e+01,1.332421744955383858e+01
5.385464236457994502e+01,6.321552016056612544e+00
6.009644886971107525e+01,8.369510607135687508e+00
8.968776230007534878e+01,1.078402852639432119e+01
5.515212444154554561e+01,9.886732411589964187e+00
6.145686846262457692e+01,1.045149758183407407e+01
6.259070278573564394e+01,8.408252532380819488e+00
5.133577390114091088e+01,1.162177255455501879e+01
7.983178263085346771e+01,1.324379748328507134e+01
3.956593639621591763e+01,1.109042128739383060e+01
5.775236769406387793e+01,1.042473672531825102e+01
9.853995626942450770e+01,1.737080700401356381e+01
5.317659679178172638e+01,1.292807321379888563e+01
7.062182848313787531e+01,1.027036713145913183e+01
7.910657240709201687e+01,7.379643554943395856e+00
5.005041184530949749e+01,8.280551678327542575e+00
7.835021437265379518e+01,9.130743478713281291e+00
5.351311732380909092e+01,7.087955298514161839e+00
6.848122645651628204e+01,4.887892515757355838e+00
7.511944963351712090e+01,6.654073497783550728e+00
5.444214492721720688e+01,7.873873893515940026e+00
8.057114462051418968e+01,7.807110796628769833e+00
6.275874967022974005e+01,8.819836221281269317e+00
6.085103712522565900e+01,6.705362791355987007e+00
-6.936720370758926890e+01,1.577364907551941542e+01
-7.375699982441682323e+01,1.663807409851274954e+01
-6.188719108328297125e+01,1.561803476222073428e+01
-6.650596424300570675e+01,1.139894763592167948e+01
-4.917191359396069572e+01,1.676955028086311827e+01
-5.097180865509822922e+01,1.888977787969917799e+01
-4.340936545761894649e+01,2.296223421112225793e+01
-6.931474160033043574e+01,1.717026590464171321e+01
-5.285187000196184215e+01,9.844814792976615436e+00
-7.005394070756270253e+01,6.754842375466362014e+00
-7.480737909631616844e+01,1.237264899189012723e+01
-6.825290476461299249e+01,1.049734505154876452e+01
-7.563640055112261962e+01,1.422620983291637842e+01
-5.857613267659036893e+01,9.937995763518225445e+00
-5.376169878423097259e+01,1.065161751923405120e+01
-6.224250606896383431e+01,6.191268349184548825e+00
-5.147198534885367849e+01,1.415023405133512746e+01
-6.485678678070243564e+01,1.445544066186289989e+01
-6.338325162693087123e+01,1.203107679468707580e+01
-6.459556471129052113e+01,5.804766197992812238e+00
6.276443117135064398e+01,8.551181697468290821e+00
7.171146587280762219e+01,1.378513272294282288e+01
6.743343865368341028e+01,1.510528296498313949e+01
7.558204913159572413e+01,1.279205278826981385e+01
6.826634904195785225e+01,1.189633350856870564e+01
7.192202972480893663e+01,1.441419234277090311e+01
7.520369156512690267e+01,1.326421073668514694e+01
6.275445012744556550e+01,8.664302622566166789e+00
7.045079458586552335e+01,1.190866052693337096e+01
6.520746570805580689e+01,6.885371241039152324e+00
5.944901693835033996e+01,6.589628331659831417e+00
6.627446544561045982e+01,5.152570194719407581e+00
5.924561250180317984e+01,1.120627295788369437e+01
7.427704063987337690e+01,5.822493973621052810e+00
6.224437469307520843e+01,9.429518478769818302e+00
6.803901556598782463e+01,9.535047797461411179e+00
7.321880341569823258e+01,1.308386852194938399e+01
5.467734044387291448e+01,9.003422274126876346e+00
6.682562518529844908e+01,1.292466056199905111e+01
6.770909480444230155e+01,1.359440066624928534e+01
4.988374455906664906e+01,1.429116152784203564e+01
6.880788644783814334e+01,9.481565566051102678e+00
5.779457905401847029e+01,1.312790940926144856e+01
6.234248040129198642e+01,5.331677927569359099e+00
6.243383888973995255e+01,7.743249298710610518e+00
6.760172310840042087e+01,6.365357311127938011e+00
7.317225561295740022e+01,1.017462592938282917e+01
6.319227144363418347e+01,8.305607094363134379e+00
7.289291300623766290e+01,5.485802253170931841e+00
6.436230386398517567e+01,1.149199909753932758e+01
5.854892198425234540e+01,8.574308557324144431e+00
7.554795817709393191e+01,8.086055700625127685e+00
4.644163700141455564e+01,1.202887239503388273e+01
7.709840790561503354e+01,9.801823126834879218e+00
5.340447010975090336e+01,9.931757262820251952e+00
6.310517898949098026e+01,8.385527731498781279e+00
7.553559655393972605e+01,8.211667224922692299e+00
5.649504588246919923e+01,1.364788431984798578e+01
7.670321029851918126e+01,1.158256521623650670e+01
6.592587254424259413e+01,1.021811706778565387e+01
-1.743022801008405338e+02,9.451141033844926653e+00
1.722324965883466916e+02,1.251747443849223274e+01
-1.749217854200046816e+02,8.585041167869032819e+00
1.723356387018311295e+02,1.042119808536795844e+01
-1.740600203302973341e+02,7.079737221423080484e+00
1.766505961887110345e+02,8.409485940774418467e+00
1.765036899045832399e+02,1.072891726001896728e+01
-1.747196872733628936e+02,1.120787880244806800e+01
1.626381198005626061e+02,1.241319832180407801e+01
-1.777652794625630861e+02,1.097582266804839435e+01
-1.773029449252213965e+02,1.094585633507204747e+01
1.709736702010241061e+02,1.244340705389898005e+01
-1.713340965382590753e+02,1.640414071427093035e+01
1.750373163837716959e+02,1.509130665667356652e+01
-1.799769238937334705e+02,1.531331357577377617e+01
-1.764539550957650249e+02,1.077546572625606025e+01
1.746692664035778932e+02,1.727541086628599132e+01
-1.780932352747838365e+02,1.050514409989477826e+01
1.701854488066512374e+02,1.917662783935151793e+01
1.798282834485882233e+02,8.924496793496340175e+00
-1.770220527194788644e+02,8.959884767263375238e+00
1.700885857673711712e+02,1.426866469884657107e+01
-1.683592718057720958e+02,1.193224058891553696e+01
1.669621868844081121e+02,1.423076062372579287e+01
-1.703052731245538780e+02,6.956035800420742987e+00
1.739325206319503252e+02,8.024024749042105498e+00
-1.795011876521903673e+02,1.120564516762231655e+01
-1.789513463710272561e+02,9.804119119256387904e+00
-1.747772557625479237e+02,1.649567185349616238e+01
1.644178705175073674e+02,9.698460147210980153e+00
-1.654125270868895257e+02,1.483229619586957071e+01
1.615043000147969963e+02,8.706523002132559697e+00
-1.569940052630983871e+02,1.801152275917536727e+01
1.724124086778098501e+02,1.049620848755002100e+01
-1.773976563756988867e+02,1.736808732656479748e+01
1.782009647495004003e+02,7.034837284987186301e+00
-1.689769014657957769e+02,1.056818620815569787e+01
1.603841872055003535e+02,8.237795368969242915e+00
-1.687576880238378294e+02,8.461300399947525364e+00
1.790028984618134587e+02,5.676598578953830021e+00
-1.665375587598519758e+02,7.380320509921871164e+00
-1.732197606043750397e+02,7.254464646089147983e+00
1.568228577660565009e+02,8.781662779514229911e+00
-1.635448251296072613e+02,9.689926919758116597e+00
-1.794096368561371548e+02,7.704773925665234557e+00
1.678499003248213057e+02,6.788761618551641952e+00
-1.715916968279816217e+02,4.875625767942350031e+00
1.763709132280806102e+02,6.340672378720929814e+00
1.735496228104792351e+02,7.198887647345045160e+00
-1.752365146226247816e+02,5.555344403931452568e+00
-1.748333861391077733e+02,4.438467223191135957e+00
1.686584643385323545e+02,5.137569412590334395e+00
-1.797286047603919030e+02,5.490931132889127042e+00
-1.706044835875733838e+02,6.627908375735299451e+00
1.646743784974844971e+02,9.464245018452428937e+00
-1.750689272471514357e+02,7.057458275907301903e+00
-1.787706484380698555e+02,7.706849798537554364e+00
1.723523384639690903e+02,7.767034381663290077e+00
-1.672599016649407417e+02,6.915606575068995454e+00
1.744305844553944951e+02,6.031813636330412010e+00
6.581752506139848435e+01,7.847420607010164417e+00
6.061173046946627352e+01,6.671002718607221382e+00
6.187814688032941035e+01,7.673969160056840266e+00
5.329558011513655913e+01,1.170820540421357947e+01
5.444960564564348715e+01,1.130620303400964133e+01
6.660731551409824647e+01,9.544529536611623399e+00
5.381708840442127695e+01,9.386098899947201701e+00
6.264200639409716587e+01,6.730894280949032193e+00
6.326333062131813278e+01,5.053917196889311292e+00
6.811145097979088803e+01,9.768995454568031533e+00
6.902010177570083727e+01,6.260303549271853285e+00
6.135828401222011763e+01,1.115165550421853702e+01
6.352200437329531013e+01,7.365048309019391226e+00
6.031050990021770986e+01,8.723493210494241978e+00
6.333935437099201948e+01,7.387069812586691597e+00
6.846231993266397353e+01,9.476919896332884008e+00
5.954016446072858315e+01,6.721765765494728484e+00
6.925034855169968750e+01,1.002378525312163760e+01
6.201507834858417567e+01,5.326304687180178910e+00
6.435023421318436476e+01,1.143599399058488331e+01
4.562701786271288995e+01,1.614457771365756145e+01
7.183128152354743179e+01,1.747271642142773729e+01
5.057999098035961083e+01,1.544242240817571243e+01
8.463370538563617629e+01,9.750018776996490999e+00
6.737149048683698993e+01,2.249176473486292238e+01
6.417702052918110667e+01,9.785804624773405180e+00
8.381265068814212782e+01,1.272916521483766417e+01
5.336872320091212885e+01,9.950257719407719748e+00
6.604999710262312362e+01,7.612439426814901822e+00
7.146381696713895337e+01,1.043413139510544951e+01
5.314139483028287714e+01,5.708716751382910459e+00
8.275889983723425303e+01,1.370353227297312593e+01
5.028779664199831956e+01,1.037321502773423987e+01
6.589758051792988169e+01,1.251828469628844154e+01
6.555093232632376044e+01,1.004372957909195918e+01
6.165656801508195883e+01,1.122752862131516061e+01
7.229152087789556447e+01,5.840588160105031790e+00
5.534979847148923682e+01,1.022308830881884845e+01
7.290260276268536188e+01,1.058654156250010558e+01
5.363744427150022887e+01,1.126882009758070957e+01
-7.315693379062210511e+01,2.288851368789194396e+01
-5.455373983799891846e+01,2.706970499318144263e+01
-5.572350475117340807e+01,3.200867106520708205e+01
-6.592685159046155263e+01,1.393265677279365633e+01
-4.428235311256853635e+01,2.524378449965614379e+01
-7.860281469385957109e+01,1.883419975043673134e+01
-6.733820192797809057e+01,1.737240663903389404e+01
-5.646011572598158068e+01,1.814659667588848890e+01
-7.179667267683018395e+01,2.204459575121848758e+01
-5.381006533054553387e+01,9.869353441750089218e+00
-5.641556150576984408e+01,1.646699662332035530e+01
-6.557389104241872246e+01,1.322661264356330335e+01
-5.289472682952719396e+01,1.992363510759219736e+01
-5.155312546810178986e+01,9.346794300988200632e+00
-8.822501439688726066e+01,1.900760417880042397e+01
-5.665616577588671277e+01,1.330032225159148851e+01
-7.586046115692658987e+01,8.108244739575145132e+00
-6.713923592294061393e+01,8.484106475660215807e+00
-4.967362641148373825e+01,1.143379743457496467e+01
-8.467007223256824489e+01,1.493356156705684334e+01
-5.796399038840208107e+01,1.330443380594211078e+01
-4.719087446890751636e+01,1.039466245506176278e+01
-6.690860139724706812e+01,9.218653700722258648e+00
-5.005147343185754494e+01,1.743673372427662471e+01
-6.130820550117224599e+01,9.215072504831942624e+00
-5.715753325592418577e+01,1.346519770496470336e+01
-6.642930039405280240e+01,8.336290088696610923e+00
-6.810265045978223952e+01,1.251268380213389797e+01
-6.654459506327157214e+01,1.019282716077208306e+01
-8.687887874937570132e+01,1.152280673899307928e+01
-5.281168900942170552e+01,8.801100612145885904e+00
-5.617799232670198961e+01,8.219891940815816866e+00
-8.020019327650308583e+01,8.777968743414746200e+00
-4.607487544652388323e+01,1.112966504119529887e+01
-7.826276975584390527e+01,1.026592492670382484e+01
-6.464201787389558262e+01,7.684292161097094009e+00
-6.136374866071717804e+01,7.013184962466448624e+00
-6.971641370478394606e+01,7.847815493278469390e+00
-5.844884909447951316e+01,9.590656895698677076e+00
-7.755665842602380167e+01,1.297004493061976760e+01
5.273806587943673918e+01,1.480331455399136864e+01
6.254576137200798769e+01,1.235990319064878307e+01
6.147892621805719671e+01,4.937596380491338977e+00
6.550657891761215978e+01,7.859660431556614313e+00
7.395474044817143522e+01,1.455361614277786586e+01
7.664538568239090921e+01,1.989637715718033206e+01
7.685546108584486547e+01,1.571982510218174056e+01
7.133837889003208943e+01,9.121864994390394443e+00
6.916098062118584266e+01,9.100394442361370295e+00
6.172853062287295245e+01,1.107710961312053755e+01
7.251747935090739361e+01,1.692060421432345407e+01
5.528019987980519545e+01,2.330339904683859586e+01
7.470517992031049914e+01,1.670559728077195416e+01
5.900501367105034234e+01,1.715668051892887647e+01
6.001638027562680833e+01,1.233006575139752847e+01
7.980021991320076324e+01,1.425318984411568657e+01
5.553331092272635061e+01,1.202108767405767686e+01
7.326611509197122984e+01,1.394903148241131774e+01
6.085157416018069654e+01,1.203563519078673139e+01
6.828942463280677089e+01,8.368191290525354376e+00
-1.791846013819006203e+02,1.893497987197414290e+01
1.696103328891020396e+02,1.293943034001770442e+01
-1.776340934166653369e+02,1.466186176878774106e+01
-1.701972614919563682e+02,5.520443183402349518e+00
1.689342417682158271e+02,1.284561403613072272e+01
-1.710021888315375804e+02,8.089928850646533220e+00
1.767896765895707176e+02,1.469559069830761366e+01
1.781060369605640687e+02,1.169375109525351952e+01
-1.697129078030248763e+02,1.550242544519642252e+01
1.764474896648781339e+02,1.423052182643114705e+01
1.780566747414658266e+02,7.043023278711427082e+00
-1.735783720716758012e+02,1.073090548300396385e+01
1.672057525444710109e+02,1.681171807435186949e+01
-1.788498111608911074e+02,1.456227029390805328e+01
-1.637032717940374766e+02,1.394980108805955332e+01
1.615185072446562344e+02,1.502183534600822945e+01
-1.695734004698310571e+02,1.185071595087654472e+01
-1.705004080914957854e+02,1.636384372048598479e+01
1.633381633830498174e+02,1.673906110710865391e+01
-1.679003126586156895e+02,2.139436927062905625e+01
-1.771522492682876191e+02,1.198884225158576378e+01
1.657473018284209729e+02,1.003590410547867862e+01
-1.772688499408400276e+02,2.286995363351962496e+01
1.787612184288947503e+02,1.138439301616852539e+01
1.638352894001222069e+02,1.838232257239038603e+01
-1.779132667305058817e+02,1.057463196033580743e+01
-1.741443758585542412e+02,1.228486739891156887e+01
1.714143702699932419e+02,1.075316233827552992e+01
-1.717702467585254169e+02,8.219927583281556593e+00
1.767461761044974935e+02,9.003726772856198934e+00
1.760267142411487100e+02,1.109491494710063719e+01
-1.714443076190019326e+02,1.023045515089734714e+01
1.722422909731052982e+02,1.466173948437172037e+01
1.741186862696123114e+02,7.243136343420809808e+00
-1.684823571580899682e+02,1.688903555980175497e+01
1.670726552024516707e+02,1.048229905036658494e+01
1.795889432752474590e+02,1.462626273979696734e+01
-1.614741024636908548e+02,1.642925167567662825e+01
1.696468029825321651e+02,1.467808767642232759e+01
-1.766245412265159018e+02,1.048035632715388665e+01
-6.061974895509506922e+01,8.496444530572327736e+00
-7.126996874776175162e+01,1.194124562584640259e+01
-6.313233744835258676e+01,1.074657762489542101e+01
-6.682549346068179830e+01,9.597964140505609976e+00
-6.405097206030963264e+01,1.311651430436086585e+01
-7.011816897267181048e+01,1.198272148724282715e+01
-5.985642668484344142e+01,1.543302266133167677e+01
-7.731940697255490136e+01,1.310328000884319799e+01
-5.536934377246421235e+01,1.225651284848270706e+01
-6.848325991930717294e+01,1.292792173093829433e+01
-6.692500215302899846e+01,8.435443247432736769e+00
-6.472352694233553905e+01,1.214804345317615031e+01
-6.050258465809618258e+01,8.386170011874840569e+00
-7.121743908052513916e+01,1.007233886193333205e+01
-5.510445161158220628e+01,1.065491598846488586e+01
-6.828088465850335353e+01,9.774819202996784639e+00
-6.492221967823886075e+01,9.527032021918609317e+00
-6.306608060373681468e+01,1.239277390986462635e+01
-5.924864362316607469e+01,8.652033022885330382e+00
-6.297745430171259073e+01,1.450394582214902606e+01
-1.651293041093357488e+02,2.162977643234720659e+01
1.703701611379455017e+02,1.705266437473829910e+01
-1.741777660275226367e+02,1.075739703891744270e+01
-1.765518018262736462e+02,1.268406284638791703e+01
1.770513883005406797e+02,1.248184750466055704e+01
-1.775820781542105351e+02,1.924601949943647838e+01
-1.756717010394378917e+02,1.591450841109973879e+01
-1.777605268163325434e+02,1.829888425591789414e+01
-1.782378330462371139e+02,1.627721393329959909e+01
-1.759297463903450307e+02,1.110072667268738300e+01
-1.776410707971921283e+02,8.305413147802067186e+00
-1.631387687441016396e+02,8.838028889892651563e+00
1.725479485241574764e+02,7.372962954754986420e+00
1.753417309560775266e+02,5.172075391501492980e+00
-1.738096531979044244e+02,7.702323443807653547e+00
1.700610999761578341e+02,1.091607615997733305e+01
-1.762542657741692835e+02,9.483415083852873906e+00
-1.737555524122500685e+02,8.295235659475276080e+00
1.665055651385012538e+02,7.409006614801770141e+00
-1.731549500126047008e+02,6.691870106814787889e+00
7.162325315795942515e+01,1.972335159341759336e+01
6.351995370795704332e+01,1.763820675024092210e+01
6.761420358586289581e+01,8.524518440505019612e+00
7.969937754655187234e+01,1.748561261614204909e+01
6.115144941527981359e+01,8.555117485736275285e+00
6.286085877987739678e+01,1.620949180329627026e+01
5.394793965610943332e+01,1.130438544973699422e+01
4.970701154251314335e+01,2.070036465913847223e+01
6.304402387512480033e+01,8.848865860096132963e+00
5.183205619303704026e+01,1.097850882630003966e+01
6.464877896367390520e+01,5.929686906391783197e+00
7.441837481260867548e+01,1.006138910221538652e+01
6.022457680312762562e+01,8.912966117990832160e+00
8.113313494451762153e+01,1.229071774128919969e+01
6.345086417977092452e+01,1.021249569004948121e+01
5.572702396671963498e+01,7.603994875565604161e+00
6.723443708192240820e+01,1.062227074976328467e+01
4.038660793189019671e+01,1.069240978424349109e+01
6.555755561776267371e+01,9.301579770801357228e+00
6.717930112103191220e+01,6.746091488672644410e+00
-8.272806860673186691e+01,2.608217628300098312e+01
-8.012065546856719322e+01,2.440965060243327400e+01
-7.267954336943178362e+01,2.081416222594409504e+01
-7.741050007159495294e+01,1.922229342745074021e+01
-6.483085889486640951e+01,1.901338535059564805e+01
-8.126194845966028879e+01,1.803603911222756295e+01
-7.964619751406956993e+01,1.889312594926801836e+01
-9.122533398978248442e+01,2.312977207928264534e+01
-8.356417633373831677e+01,2.612353771478420228e+01
-8.633121066822977241e+01,2.723599334541555805e+01
-6.710139418255758414e+01,2.724009880897907721e+01
-9.023841690425852846e+01,2.430109808017861539e+01
-9.609957657751273530e+01,2.169737443483662176e+01
-9.311591681609191085e+01,1.848898582206367891e+01
-6.434912605790810858e+01,1.861102811293356041e+01
-7.749532548915742325e+01,1.916965089929889743e+01
-8.063560837563217376e+01,1.947200345141615330e+01
-9.324305214137426390e+01,1.930699505643011094e+01
-6.943314035554467978e+01,2.025464327524875330e+01
-6.682362542329597943e+01,2.003691055916547725e+01
-5.297733168624599642e+01,2.058005364903563006e+01
-7.470421672279954350e+01,2.330805682838014903e+01
-5.001244617937459225e+01,1.034009154081795501e+01
-7.916601085209836697e+01,1.735433226319169719e+01
-6.377192898637144935e+01,1.357056813438715537e+01
-7.284693245185688681e+01,1.490741488281942395e+01
-7.485190547989181198e+01,1.041940069554280335e+01
-5.599923466201796884e+01,1.162593465034791862e+01
-7.681301086250175558e+01,8.671055130980613868e+00
-4.733060484003243573e+01,1.489109025581193357e+01
-6.579388900731807155e+01,1.558605522009430899e+01
-5.910681233646429433e+01,1.207472875778257659e+01
-4.947003965329130182e+01,1.166405520769917814e+01
-8.223895225379473573e+01,1.129306027854708461e+01
-5.566639009676141825e+01,1.243939989645018684e+01
-7.727807695961490708e+01,1.084700928802526043e+01
-5.625751843445302569e+01,7.935587916411895648e+00
-6.740133205219005674e+01,6.516604595363677532e+00
-6.857694602285525320e+01,6.189136926999563748e+00
-6.265082956401373337e+01,1.060762195121311180e+01
1.790233546040783779e+02,1.182429352977735171e+01
1.785467140082167816e+02,1.103390777564166214e+01
1.771211643468719501e+02,1.281955363971269790e+01
-1.776918584492584898e+02,1.585712072686995810e+01
1.789299211264121823e+02,1.440422567407719789e+01
-1.757492602384675138e+02,9.008328612963214965e+00
1.779674945591480082e+02,6.455140163801159403e+00
1.731142786290345725e+02,9.433413380061637099e+00
1.782558944347643148e+02,1.445734947790355562e+01
1.735888085614357692e+02,1.467248285002956365e+01
1.787038811874768101e+02,9.774339395453283785e+00
-1.721296717785080546e+02,1.055117978051463901e+01
1.793824074364426053e+02,1.191052188896527397e+01
-1.763344828766886394e+02,1.811325370903139031e+01
-1.732356968692083967e+02,1.315282758200493163e+01
-1.772038604126167343e+02,1.007002473253673891e+01
-1.744257723713521955e+02,5.872381047904465134e+00
1.743541179150484481e+02,9.119653484212062011e+00
-1.728734312782199538e+02,8.862368991972159549e+00
1.771542296631144211e+02,9.687061055664040410e+00
6.495635442410836902e+01,1.314254855798762556e+01
8.230022540230635286e+01,1.291365184316844150e+01
5.313832517475864137e+01,6.393579396200038012e+00
6.063020586381185240e+01,1.428444429425884721e+01
5.245228608351298050e+01,1.012647381707988536e+01
5.074881661733647320e+01,1.117883328907317875e+01
6.640184888001198260e+01,1.213196717740991559e+01
5.449932884092023500e+01,1.028679318050689417e+01
7.753520935764746014e+01,9.253044215980317233e+00
5.547521704416043065e+01,6.814427309642245412e+00
6.470846246553875858e+01,6.973188143826392960e+00
8.461780249433105894e+01,9.660682163974541936e+00
5.005964748451783919e+01,1.088415627404011055e+01
6.851635495258651076e+01,7.235955280149301672e+00
6.493739294168609888e+01,7.881318704884844095e+00
5.227646841789319154e+01,7.043175789242702933e+00
7.661490951114478776e+01,8.718132834031329992e+00
5.212791320871407663e+01,8.727087792585262349e+00
6.935542846073322210e+01,9.554865997465256555e+00
5.650446654747768349e+01,9.893665471081863672e+00
1.717857529019609046e+02,1.550413104334559122e+01
1.777011045566122220e+02,2.924808313861907205e+00
-1.721940031909636843e+02,1.343306251207712521e+01
1.698693826473066792e+02,1.816902705311940025e+01
-1.700606786399391126e+02,1.708590371913278005e+01
1.720409301581747172e+02,1.293197669452581522e+01
1.767647718998536561e+02,8.122714931793563409e+00
-1.705580982547735687e+02,1.317118577566603044e+01
1.758214729426611598e+02,1.051234674846689998e+01
1.740298877183577417e+02,1.524843907238805940e+01
-1.702065492791820134e+02,7.080625688219914338e+00
1.570395160112519761e+02,1.205797679390035526e+01
-1.648054169718587048e+02,4.761986598382267566e+00
1.696516296776967181e+02,3.395759270833140331e+00
-1.754022651618773239e+02,5.830527464694852391e+00
1.744160926559447944e+02,6.433004685830066016e+00
-1.750496268499129826e+02,1.103763792661757215e+01
1.705300121578257233e+02,9.829143317407698532e+00
-1.627884196349178012e+02,9.442390430776816501e+00
1.560550372431381447e+02,7.794249284235629460e+00
7.004834645307880692e+01,8.228398616552009770e+00
6.374974653878123831e+01,7.596312284298726070e+00
6.111283228708671800e+01,1.274307589853645517e+01
5.079277837793492267e+01,8.804527446060674833e+00
6.562748365913910220e+01,1.377616772046591542e+01
5.114412686655704476e+01,9.701245625028905195e+00
6.633955786919899822e+01,9.592842362353145802e+00
5.285159802921416627e+01,9.249250776337976987e+00
7.781607283944285314e+01,1.087137169447736618e+01
7.169595752093877650e+01,1.294152819812883770e+01
6.206996163612154049e+01,1.141059172887802298e+01
6.623871132374405590e+01,9.194614113319683923e+00
5.839782760349161350e+01,1.259361109800133072e+01
7.137225669613226842e+01,1.045505837920881298e+01
3.980924853343368852e+01,1.602972774992933935e+01
5.665378231534689490e+01,1.809349724325721098e+01
4.308462734605858913e+01,1.534726140084823598e+01
5.488863474053108149e+01,9.819696126745391496e+00
8.204093290630758872e+01,1.334354250804727826e+01
5.303871771409502145e+01,1.689429985109778798e+01
7.271423578389131137e+01,1.747070047971487128e+01
4.846353503055241418e+01,1.917243333548193363e+01
4.969138536073386092e+01,1.256792302832429087e+01
6.517325421200472135e+01,8.681158205662415028e+00
4.563219157870469900e+01,1.356332320546064452e+01
7.637548190536860204e+01,1.753368168253071957e+01
4.892019747700152976e+01,1.979046363632307504e+01
5.813647930480684778e+01,1.767062765930217694e+01
6.169746691894062707e+01,1.494764469838824361e+01
5.187699921801153380e+01,1.377447191548886352e+01
8.226727645427648383e+01,1.546282053712263149e+01
4.239908019419559793e+01,1.502308801033652941e+01
7.300484737378997124e+01,1.136788930083362104e+01
7.398512982405959804e+01,1.787318401645030619e+01
3.738350354735165837e+01,1.428731207569610895e+01
9.047758538373095405e+01,2.020600792965483805e+01
6.130403256934881995e+01,9.734557416694869403e+00
5.289774580494523804e+01,1.050325074813339299e+01
8.045646967508450587e+01,1.179223090327340628e+01
6.214354288343849220e+01,1.943503033631949251e+01
6.735706876314134206e+01,1.248728424092827360e+01
6.376964210304597458e+01,8.714055753109891000e+00
5.737870138827609168e+01,7.121615377863866669e+00
8.269736048358795699e+01,1.353858890012416438e+01
4.933054519199554733e+01,7.912258540201561274e+00
6.366473929140870069e+01,1.073664831560633459e+01
7.124063012446575271e+01,9.759238535884030341e+00
4.769268973403634959e+01,7.318331450912145542e+00
7.118416931204228604e+01,7.721098011362617086e+00
4.617952004869933802e+01,1.344495906796951701e+01
6.329316251599360044e+01,4.902404489896435180e+00
6.134034418608102612e+01,6.983818243313587359e+00
7.003326639290328615e+01,1.205648618079340828e+01
6.107657550356884713e+01,5.152948633779156573e+00
6.376765024706406138e+01,7.652027899823000467e+00
7.083306537558152627e+01,9.966878905219974882e+00
5.813248969118107823e+01,9.607651109025773906e+00
6.374721946652748983e+01,1.019129981106087079e+01
6.386634751621790684e+01,9.696209371603270455e+00
6.246364666874150373e+01,8.611593562566788762e+00
5.266649989114338837e+01,1.275841416206322521e+01
7.975552274224709493e+01,1.570425026513180455e+01
6.582231240708433972e+01,1.356051314678939690e+01
6.665664398081055708e+01,9.999438970027005880e+00
6.662553108336236107e+01,7.953130087777086743e+00
5.612300971375157843e+01,8.861323241155723451e+00
7.094340534922064023e+01,1.473181075821413089e+01
5.685075342355920469e+01,1.027431401755847418e+01
7.070642172259110225e+01,1.415910854358808635e+01
5.627267920469844142e+01,1.363826438913297068e+01
8.201310553400857373e+01,1.311222753147189835e+01
7.688992044409764048e+01,7.662363606393920890e+00
5.216712384240720723e+01,9.894673126268383356e+00
8.189894443204461538e+01,8.048355671644952025e+00
6.289347623102602824e+01,8.342010572387730249e+00
6.012552258289542806e+01,8.197968687120056330e+00
7.740508627540249620e+01,1.386475875633595045e+01
6.162039511113302837e+01,7.984530316203990452e+00
6.535588356157987278e+01,9.523525708432131864e+00
7.134990854383897840e+01,8.244945152262040722e+00
-1.787266205250308531e+02,1.101699720155654205e+01
-1.711474134182572016e+02,9.071945954450612248e+00
1.730065523063230444e+02,9.780228691939022667e+00
-1.721272408119399131e+02,1.184792061770230198e+01
1.710669347473535424e+02,1.364998088406957066e+01
-1.691223794551460742e+02,1.588750886916131222e+01
-1.578908433597549106e+02,1.312193615524468981e+01
1.699645101347332741e+02,6.065559054565010655e+00
1.733577541660440886e+02,6.150733377644248101e+00
-1.585752611350150971e+02,1.277664370119412141e+01
1.778067726110636499e+02,1.092955951314009511e+01
1.684685907389975057e+02,1.545960806228156770e+01
-1.570156715811197330e+02,1.150337113522002142e+01
1.654129365218147427e+02,1.089732198567102017e+01
1.745647001486568968e+02,7.385432780371690598e+00
-1.617598980554314494e+02,1.753979923352969195e+01
1.616665056334888106e+02,1.302486638426475274e+01
-1.712443736666455436e+02,8.558815584819875255e+00
-1.734681605318368725e+02,7.292618513199439434e+00
1.695052091485881078e+02,1.180139294861329446e+01
-1.636119166460819656e+02,1.787083182281564575e+01
1.773381082651220026e+02,1.433978351718884170e+01
-1.789884630910976000e+02,1.813454437379254358e+01
-1.766204092676929349e+02,2.340180413828182537e+01
-1.785048461511025266e+02,1.853914857257252180e+01
-1.775402655343386584e+02,2.041093580115407491e+01
-1.746470686230816227e+02,1.039107900898398107e+01
-1.775057307519240908e+02,2.052161258468215621e+01
-1.779222121436009161e+02,1.175549950688732181e+01
-1.732053349049799920e+02,1.720659283069694823e+01
-1.730204805199238365e+02,1.254989900253357149e+01
1.655000749903704218e+02,1.072932943863913557e+01
-1.661219002986104556e+02,6.797042388984094075e+00
1.745665840924334873e+02,1.067149798873338185e+01
1.719059836812253366e+02,1.827543973793169840e+01
-1.694358230964663221e+02,1.372993733691287588e+01
1.742322133975064844e+02,7.607052152983087012e+00
1.723024381854166620e+02,1.080233785343407149e+01
-1.542510137489429383e+02,1.067387854415065540e+01
1.630105440672481620e+02,1.156086342016408963e+01
1.764094117989725135e+02,7.436079397418065895e+00
-1.579283709105602327e+02,1.313472032590038019e+01
1.699549884721426452e+02,1.266392904997023905e+01
1.759981702600211406e+02,1.056931660673414797e+01
-1.724986770961796196e+02,1.487609398958137419e+01
1.707361230548476385e+02,8.289731936615112318e+00
-1.725517520579697646e+02,1.069543388256903427e+01
1.796807444186086968e+02,1.682276840619024938e+01
1.688359634479656677e+02,1.607880492629099933e+01
-1.756741148655542872e+02,1.443549957398135319e+01
1.690349076064900089e+02,1.242505993666333985e+01
-1.702385209882238826e+02,8.212921348079513351e+00
1.772749569831945848e+02,1.515275970658008475e+01
-1.754735387124788417e+02,1.150510205370956385e+01
-1.736000040202204389e+02,1.274278588985152538e+01
-1.767467470300479420e+02,6.492553431091081961e+00
-1.764796924299449188e+02,1.073344022429752442e+01
1.673962479408196486e+02,1.335205905073979338e+01
-1.785245919786418938e+02,1.181350738120842081e+01
-1.728731484248129675e+02,5.463340616954408091e+00
-6.665087691604594511e+01,9.655120737016996912e+00
-5.655452696388648803e+01,1.175876565234877447e+01
-6.522359308103781927e+01,8.693324433798377271e+00
-6.062414100894534386e+01,1.008670632115139298e+01
-5.908838762419390633e+01,7.929281494642607342e+00
-6.786493956191111465e+01,1.164051757171190893e+01
-5.833681529710791125e+01,1.141812308351624061e+01
-6.260391694495436354e+01,7.754340259467348062e+00
-5.360952513662587648e+01,1.042630278154824097e+01
-7.613029148970281312e+01,7.210548687498544496e+00
-5.544818959276292247e+01,1.176873927235277151e+01
-7.130517237247323692e+01,1.285631100298648732e+01
-5.483928633117503892e+01,1.181162789747959962e+01
-4.649817487009230632e+01,1.212385745983838703e+01
-7.857799300129505582e+01,1.172348943447178193e+01
-4.858417331930640159e+01,1.804354841543938903e+01
-7.209536092255494566e+01,1.170977728567543963e+01
-5.449726906453690845e+01,7.056980832647811397e+00
-6.529062374267127211e+01,7.386669062401779229e+00
-8.398314601245211009e+01,8.746453050967677001e+00
-4.996504889688716133e+01,3.027062980273201376e+01
-9.000758719102064731e+01,2.615654384582152758e+01
-6.263636278749544317e+01,2.058126294609022722e+01
-8.156537645456755570e+01,1.429256284272965694e+01
-4.909065602191332545e+01,1.637361303556625458e+01
-7.779986637957819084e+01,1.942195912795683199e+01
-5.543078513186554090e+01,1.642322825072827897e+01
-9.034202271524796402e+01,2.149524555629917444e+01
-4.885653513338646547e+01,2.079117347378627301e+01
-7.329937617760120361e+01,1.904560364905737657e+01
-6.603905703695905061e+01,1.852622884187020702e+01
-7.557513279388395233e+01,1.961760770594963432e+01
-5.996380976710354105e+01,2.007425666617864479e+01
-7.363697074376538865e+01,1.274095157516120835e+01
-6.698672617023761688e+01,1.024020095004569342e+01
-7.498184143954514980e+01,1.395831190213805328e+01
-5.605880450954742855e+01,1.362472687870588928e+01
-6.738210395361174676e+01,1.428956061466803362e+01
-7.240030589678265471e+01,1.583329982600074715e+01
-6.517742723954499695e+01,1.188904754388104656e+01
5.995523077949762580e+01,2.895393966170102829e+01
5.748570520724013733e+01,3.651367137253467376e+01
7.019324354990119730e+01,3.051764378750291939e+01
7.617636855018494657e+01,2.561505453437078472e+01
5.630170949581648898e+01,3.020475923096271487e+01
6.910983047090836351e+01,1.801962643281424903e+01
7.098807034835448349e+01,2.116681447570456243e+01
5.642166731735397889e+01,1.382963807115745070e+01
7.202665076152362644e+01,1.611352346334187047e+01
6.261876292763979279e+01,1.751599973550749212e+01
7.349504429978351538e+01,1.712533985414520288e+01
4.863507043093170523e+01,2.442807088730776144e+01
8.354810653287114519e+01,2.060166194611210955e+01
8.161115996086812174e+01,2.379248100452563719e+01
6.784297158171133901e+01,2.096755536829831357e+01
5.019838837865596304e+01,1.749193715252328118e+01
8.294406952782885867e+01,1.903497866440474695e+01
8.852660042318886724e+01,1.903752087148614436e+01
3.918080435343699719e+01,1.918095104327687039e+01
7.065295793500408195e+01,1.535389294192380660e+01
-5.219063386805203919e+01,1.693567033367282804e+01
-6.981243007196836459e+01,1.071614735701671250e+01
-7.989318668983482041e+01,1.566443641428706357e+01
-6.916658781263875255e+01,1.104821704648941427e+01
-7.266370161434008423e+01,1.429361206740153634e+01
-5.420181917657422588e+01,1.551861279131269811e+01
-7.092334216555113358e+01,1.493174526481690023e+01
-3.584073149724552820e+01,1.601632426307512347e+01
-5.166835798603897700e+01,1.736952862725980395e+01
-5.797942836525250243e+01,1.291297757236172750e+01
-5.729304034743995544e+01,8.379905825350517645e+00
-7.286083760008712318e+01,1.085538636351831343e+01
-6.410172573766742232e+01,9.800464041407069615e+00
-7.358151872440267027e+01,9.508697088287711097e+00
-7.112564372454130535e+01,7.626565425553804900e+00
-4.073727947904114899e+01,1.383059469298378374e+01
-6.578773065169802692e+01,1.650821932709073891e+01
-4.251755516393488676e+01,1.616865682226827516e+01
-7.187352585485682255e+01,1.341211578223189171e+01
-6.271558338725296977e+01,1.470754434669657584e+01
-6.613629096547042252e+01,1.486987655929312879e+01
-7.347526427575979824e+01,1.234649009600662239e+01
-6.419698090653433553e+01,1.173044056753165520e+01
-8.188587042561815110e+01,1.625396285170017663e+01
-6.808684470987392956e+01,7.938303778720664283e+00
-6.914983389724135066e+01,1.188101894881758724e+01
-6.460019933683243210e+01,1.079857658221621364e+01
-5.853926794658701738e+01,1.577339394112898319e+01
-7.530964509201203327e+01,1.181333584779708801e+01
-5.787190358658845923e+01,1.940589136277767324e+01
-7.192630592759223873e+01,1.159648171086934099e+01
-7.375983230676619939e+01,1.302410091226338551e+01
-5.947020982055360605e+01,1.450189263988167632e+01
-7.609121537560397996e+01,1.047321459069484639e+01
-5.292802088483733769e+01,1.045589739072334723e+01
-7.486133126454355136e+01,1.135136449334961029e+01
-6.465727313115904451e+01,1.123131252778043532e+01
-5.607685941785523909e+01,1.313332789471196627e+01
-7.937008441094813804e+01,9.275248571552021204e+00
-6.215939114139608535e+01,1.368638833770614127e+01
1.719087319758050683e+02,1.344627714398782459e+01
1.776425088380105137e+02,1.403474761210533472e+01
-1.798727931178787287e+02,9.339996296923127161e+00
-1.770201343036414698e+02,2.054110067967088682e+01
1.739884524280642211e+02,2.361803496454133366e+01
1.790134086572774663e+02,1.084476743498272988e+01
-1.728692587352174144e+02,5.525449363763520694e+00
1.659571765588395635e+02,7.007590904739064541e+00
-1.715749262949096021e+02,6.881767682187180490e+00
-1.758042495504559213e+02,1.075622662588773792e+01
1.741207992293801681e+02,8.078211050951582095e+00
-1.795033672093911719e+02,8.360984174972271532e+00
-1.763600819270172053e+02,1.096687655448623389e+01
1.797452831153458703e+02,8.777608442950089795e+00
1.785324628708298746e+02,7.407150025371771918e+00
-1.681229657201889722e+02,9.362818245436667297e+00
1.773711272404227373e+02,7.016826783000084333e+00
-1.776220670693573425e+02,1.118268272180711875e+01
-1.708765926421120867e+02,6.647969157857081868e+00
1.746228025369799752e+02,8.523696079773628753e+00
8.169988103982326777e+01,1.253338316271827679e+01
4.041045938628523970e+01,1.633475572666660014e+01
7.894490485681812686e+01,1.263222043144989648e+01
5.933158963228895288e+01,1.168393604508466410e+01
6.980095331947468651e+01,1.543613786465425797e+01
5.951264721864613705e+01,9.999363204678083150e+00
7.375377775950985892e+01,1.029186308230141833e+01
5.554134126044437636e+01,1.079044240529052168e+01
6.649402636977188763e+01,1.293686966856650145e+01
7.217110474144998022e+01,1.372874436124568831e+01
6.034720565312905904e+01,1.283277582381904480e+01
6.877924788282540192e+01,1.328170781168828540e+01
5.759168306933641901e+01,1.873230454176754733e+01
7.921882299859618115e+01,9.810005699234782384e+00
5.639707146682211203e+01,1.717036928947530328e+01
6.703889708203764997e+01,1.094391717001067832e+01
5.983501003469487500e+01,1.375395253869026568e+01
9.126842353268274621e+01,1.719482667353733518e+01
4.916225384587018965e+01,1.788734443425933307e+01
6.405437363789853578e+01,1.563126297248780361e+01
-3.879661828832917081e+01,1.866334333373350773e+01
-8.138185742028140623e+01,1.682388598259542078e+01
-4.504841883462512442e+01,1.206084976435938394e+01
-7.274038264395471742e+01,1.314179695786256907e+01
-7.659905184925621313e+01,1.359479191218736105e+01
-5.620025214324334684e+01,1.617722223506285317e+01
-8.052724093313162257e+01,1.602001637070430817e+01
-5.398433970526804160e+01,1.037055737856405457e+01
-6.691397176741160990e+01,1.130361930918665436e+01
-5.909748701833984086e+01,1.479697210752374126e+01
-4.625287323563745190e+01,1.277585412553937161e+01
-6.790558786382189282e+01,1.191433601168247591e+01
-4.810494665204247156e+01,1.007404262470308609e+01
-6.595069000567309558e+01,8.284606562427887511e+00
-6.397606206414140928e+01,8.044843902441478178e+00
-6.409632868579356568e+01,1.444760184471898690e+01
-8.070429023021814885e+01,1.161631617199906863e+01
-5.760151737815576212e+01,9.995986399477867934e+00
-6.155974079676727229e+01,1.013097749165511630e+01
-7.136562805623812267e+01,8.494265852916242920e+00
4.449471247804326879e+01,1.373330014184353587e+01
7.028758847103014773e+01,9.291189184137085277e+00
8.727709086063380539e+01,1.726103709928347740e+01
5.400521442856347676e+01,2.043576992616858945e+01
8.813794137260592265e+01,1.259597283028690562e+01
8.004546485971981440e+01,8.816596299882316856e+00
6.937375753177641435e+00,2.204227395513417775e+01
-5.545912166646662911e+01,1.008841654584395542e+01
-9.884827769954671339e+01,1.638987778920138183e+01
-4.798289710430462662e+01,1.130968538088448128e+01
