dihedral_deg,energy_kJmol
5.286477553981382727e+01,1.329336882102643003e+01
-5.388001315447449713e+01,2.861240142457097946e+01
-7.020428216351072592e+01,3.481537157166573593e+01
-4.262541740606978635e+01,3.030209159940176633e+01
7.321790689725879986e+01,1.936607774020843209e+01
1.428630818637192590e+02,2.282351691756041845e+01
-1.557754171727717960e+02,5.034790048469631074e+01
-1.565682061913552445e+02,3.870492523495907733e+01
1.669634733260486712e+02,3.930280605594544596e+01
1.350136598839975761e+02,3.199852556290793615e+01
1.553500921098163872e+02,3.038696581569746868e+01
-1.527327196275133758e+02,5.033666627076526368e+01
1.711937688998683313e+02,4.313236546738794175e+01
-1.790761001948850719e+02,4.613968920438782106e+01
1.663400389828110519e+02,3.041150678866511470e+01
1.591336396528667763e+02,3.264982174664318393e+01
-1.624070642923075809e+02,3.154896559821028035e+01
-1.723179805259355248e+02,3.115168710822025844e+01
1.350634961801256679e+02,3.523933659811384445e+01
1.484866013938749347e+02,3.323750168179530817e+01
-1.214980748686508747e+02,3.304890163810122772e+01
-3.936932283109467079e+01,2.577602977135217799e+01
-7.564216954344607302e+01,2.543619274182970713e+01
-6.110036934704376677e+01,2.540223603546096243e+01
-9.290264407163090254e+01,2.590418198381057380e+01
-6.090459535973655392e+01,1.423137406882156597e+01
-9.998283036470694185e+01,3.509686521814430193e+01
-6.866362395404293295e+01,2.793588272521629534e+01
-7.544284029841014672e+01,4.446174704904595387e+01
-1.530037791912122600e+02,4.506285328979886629e+01
-1.489145825411788735e+02,2.271554049103664141e+01
1.671466566605076594e+02,2.040614054531061683e+01
1.704506676594301382e+02,1.627545673570764961e+01
-1.694839511453968441e+02,1.383115291287397852e+01
1.790551746927448846e+02,2.827125344564747067e+01
1.762689879098537631e+02,1.291442077083617335e+01
-1.609654883486437882e+02,2.691561214475863295e+01
1.743837074002396719e+02,1.013287139025312911e+01
-1.786555241715605291e+02,1.005669580641051830e+01
-1.712749239973417730e+02,5.525052087275470036e+00
1.696581034223150084e+02,1.675586050467275001e+01
-1.717757135027617892e+02,2.429200523774715137e+01
1.660901766103901309e+02,1.096196790467663540e+01
-1.552514284512375582e+02,1.694358406995994670e+01
1.680831814327119957e+02,2.859733309945374913e+01
1.766035494161870645e+02,2.814828455302781762e+01
-9.065521103459715846e+01,2.502425450768158299e+01
-3.460688604089371978e+01,4.896720911158715239e+01
-8.960435901369339717e+01,2.701829086080658726e+01
-5.494414713759297086e+01,2.523621960001195674e+01
-1.705103426038897680e+02,2.452340462741912219e+01
1.751977377590222886e+02,1.760559821505242439e+01
1.733272044991769576e+02,1.622411636086439657e+01
-1.645456798645004142e+02,1.876306789703975397e+01
1.641623764680663555e+02,1.710247821905375076e+01
1.762048093933258883e+02,2.236531476997518197e+01
-1.671231693658879180e+02,1.831444817398390867e+01
1.799394394964976414e+02,2.699839765735916330e+01
1.580733966576546550e+02,1.484632549601736962e+01
-1.788218222838964095e+02,2.194675560111834756e+01
-1.767046975848575130e+02,1.668493119558669591e+01
1.619193088065256916e+02,2.602482646084026285e+01
1.775757368730034216e+02,1.476892972067072485e+01
-1.712049122798478606e+02,1.639635501317892974e+01
1.681938225045034301e+02,1.797104376786388613e+01
1.628238931843690978e+02,3.672685379530520322e+01
-1.725690617385182861e+02,2.223735147816702451e+01
-1.795066001037308467e+02,2.155317616621085008e+01
1.466458606966772891e+02,1.630125403589719824e+01
1.751145971227950326e+02,8.095349767297689070e+00
-1.678930608955998025e+02,2.349490176049547330e+01
1.712241773118319088e+02,1.548653505569021860e+01
1.791255578216537288e+02,1.539982092279557691e+01
-1.797485693903913671e+02,2.488837636712085910e+01
1.704724405293850964e+02,1.270910619912012862e+01
1.790057289880789142e+02,3.056902134937893223e+01
-1.794539471010930924e+02,2.920916460794892089e+01
1.445425826213448204e+02,2.577616357592298257e+01
1.772632967941657114e+02,1.439249362282648370e+01
-1.629114353295018987e+02,1.810112443084245015e+01
1.637565069522421481e+02,2.250178285609844409e+01
1.557052554038345988e+02,2.137899082454338640e+01
-1.475081033713472323e+02,3.148631894452264390e+01
-1.580804480194194923e+02,3.334286032194287230e+01
1.672768671549618773e+02,3.906869843280131249e+01
-1.704998989403028986e+02,2.515989651262164273e+01
-1.651971659650460538e+02,2.413522671586261836e+01
1.713751881918267088e+02,4.127306441080368415e+01
1.771521193900659910e+02,3.940941113258318751e+01
-1.591076816379208765e+02,2.061859297475544395e+01
1.652470978877779260e+02,1.991844764871095919e+01
1.657532178330145882e+02,3.329757989727913525e+01
1.687307275114067977e+02,4.715971533345627620e+01
-1.618886975304091891e+02,3.980183786922450651e+01
-1.751240115511564852e+02,5.131835941326134076e+01
1.707466795239142812e+02,3.474118728618572760e+01
1.618976814557688044e+02,6.030897604268159995e+01
1.725904757548357509e+02,3.683183872323028396e+01
-1.554924181237618086e+02,4.777953153419750265e+01
1.662840095892308057e+02,8.182404565130954666e+01
-1.619567858102597313e+02,9.183883422933905649e+01
-1.784079336058836702e+02,7.464722099268080058e+01
9.492010892935903144e+01,5.887757257968304003e+01
2.971121838726554998e+01,2.814732495618754626e+01
9.492262855256865350e+01,7.119532070266724588e+01
9.312142217601547145e+01,6.849507535908011846e+01
9.890107978706781466e+01,6.806211733021697796e+01
6.823164075936176687e+01,7.709175275826302709e+01
1.218533580522327213e+02,5.871580134294373465e+01
1.183953530317327818e+02,4.669211593090746959e+01
-7.966326046543001382e+01,1.967134841405866297e+01
-5.029577296654783680e+01,2.756899693540484719e+01
-6.218234338136529971e+01,3.801617878284911001e+01
-6.552434520113462213e+01,2.106742648819495400e+01
-4.770292843917829373e+01,4.720160536376896943e+01
-7.481451964688959322e+01,2.975271310656533785e+01
-8.301142238877032753e+01,3.146175964713900441e+01
-5.125207703800426629e+01,1.922359528551465147e+01
-6.258758160714223351e+01,5.113920859874139069e+01
-7.059303310652884988e+01,2.214590269522025778e+01
-1.525557712167997515e+01,4.146574291230311360e+01
-7.648339055309254775e+01,2.532176236616403031e+01
-1.101267705367806116e+02,3.568425085136416897e+01
-6.043854347037537167e+01,2.205632188659749815e+01
-5.149247062435483713e+01,1.091610463886994964e+01
-1.137643063920351238e+02,2.388424436114374316e+01
-1.416230703033649831e+02,1.991719900121169928e+01
1.517195008358046380e+02,1.418478742446273166e+01
-1.718271713843884072e+02,9.069956808713186547e+00
1.624512414118745482e+02,1.615623098383328227e+01
-1.434130613079144325e+02,2.451237038802795354e+01
1.742704305604045203e+02,3.224892047335590917e+01
-1.706557553971977939e+02,2.054906505852927978e+01
-1.601115284679126205e+02,2.098641736399910229e+01
1.630239587727884611e+02,1.685738797472417616e+01
-1.658533949065050876e+02,2.412560169596664394e+01
1.658299429380089691e+02,3.459612098288049964e+01
1.603559136964604761e+02,3.776484749507613969e+01
-1.365844244518280846e+02,3.651082313042505234e+01
-1.511496850568904904e+02,2.566128675227119160e+01
1.240750155988615262e+02,3.757978952365837699e+01
4.524300322578462641e+01,4.118192959308380097e+01
7.417421619910935249e+01,2.149001676199913646e+01
5.938413905109405988e+01,1.965069783377831669e+01
5.351430183144130126e+01,2.526293984907372447e+01
6.247701464157435680e+01,3.618408049393873682e+01
6.755336484971356015e+01,2.784118019639605990e+01
7.293498980878072757e+01,1.844917048504952461e+01
6.940490036719046429e+01,2.139323110579124787e+01
9.001112863866576674e+01,3.866446946704282084e+01
1.425458503358780149e+02,2.207064637175874822e+01
1.774435554872577256e+02,1.237441194584975079e+01
-1.495707541892429617e+02,2.258108299629102333e+01
1.555787908140399907e+02,1.413135389597939984e+01
1.449136751376844643e+02,2.478386491085288412e+01
-1.459154561826738643e+02,2.461159073287648624e+01
-1.588862079426278910e+02,2.271212802220902915e+01
1.246653435226388353e+02,3.742723219601458595e+01
5.141959985254266741e+01,2.492542120459348354e+01
7.757907557643589769e+01,2.864542246680195703e+01
6.620299113589119600e+01,2.773405058907400900e+01
9.306694508422647516e+01,2.185569237453175973e+01
5.180659445019963272e+01,2.111620545424974793e+01
5.575712821969791122e+01,4.082300396733830894e+01
1.019401397304741010e+02,4.994813879868824813e+01
1.157284838622817915e+02,3.356565871336525220e+01
1.638440679836018035e+02,2.985845010518534437e+01
-1.273319050025925208e+02,4.842993002817939896e+01
-1.629850868542501416e+02,1.789590419713830727e+01
1.477926480249952306e+02,4.577222211620552628e+01
1.721312517784602107e+02,2.746980359329572963e+01
-1.597501582310393076e+02,2.415532415109663233e+01
-1.606837938418051408e+02,1.168951513765592942e+01
1.559300245381725460e+02,1.781028878303492391e+01
-1.681195857627528483e+02,1.867580711560673734e+01
-1.403428408691908658e+02,2.160213344290800919e+01
1.410719989743976441e+02,2.374839060183037276e+01
6.393787470821207108e+01,2.647349498704973314e+01
-7.293732448746791874e+01,2.485078720592683155e+01
-1.751225656200828666e+02,1.807071094219158880e+01
9.677385048356224218e+01,3.319327139054462350e+01
3.953389019758711243e+01,3.360881530392400407e+01
9.412559851365691088e+01,1.940985509578295165e+01
1.016629406752210230e+02,3.428132582862554045e+01
4.404568914872900365e+01,2.612453335738662119e+01
5.494505459743101738e+01,4.008406893996995990e+01
1.209226414067133675e+02,4.105592340139797614e+01
-1.660775464570297402e+02,2.956305941427054407e+01
-9.404332433675834579e+01,3.730884740869809946e+01
1.133469364357660147e+01,7.049985796278011208e+01
-1.582609349029244470e+02,2.449074808099981126e+01
-1.761216220652292179e+02,2.749566564498945098e+01
1.796799615164132433e+02,2.493179394811559746e+01
-1.778107142564421395e+02,2.586871585924206940e+01
-1.736034776400768180e+02,1.773609310210817469e+01
-1.752225310227223645e+02,1.221228257414222007e+01
-1.796459342907365340e+02,1.955697534879334398e+01
1.777567918098604025e+02,1.307485379773312673e+01
-1.652529668223214401e+02,1.455593643411919302e+01
-1.696334150768566360e+02,1.235400771057275549e+01
1.682492854948093850e+02,1.510081547268058166e+01
-1.551227682813882041e+02,1.516312514737262163e+01
1.692007832939190166e+02,1.874157501875138365e+01
1.755030244667885881e+02,1.672822706910805834e+01
1.735961336752581303e+02,8.497371796349309392e+00
-1.774959032513334591e+02,2.049090523677991982e+01
-1.638272473232743494e+02,2.112422118122476888e+01
1.688251667896762456e+02,2.433250595801402483e+01
1.788274987183910696e+02,6.749649153790185707e+00
1.771140358341136505e+02,2.855960359806833182e+01
5.655798048676851408e+01,3.014620630062914231e+01
6.195911227139820454e+01,3.017213669974823986e+01
9.491558350151581180e+01,2.244589927431587029e+01
6.793751973384155463e+01,3.691319584484919147e+01
8.639270936422805391e+01,4.648241765140026160e+01
3.527280638104976873e+01,3.713490259823303319e+01
3.342833104332576255e+01,3.838784982106437127e+01
8.422719704191095502e+01,1.806080023844018001e+01
5.371956844698004829e+01,1.709711805123507844e+01
7.661085034336497301e+01,3.400854312435592419e+01
8.697099641877304066e+01,2.479695001217916683e+01
5.562532626357489107e+01,1.876338884844258104e+01
6.316324821405076761e+01,1.147442447395748744e+01
7.485659336243163864e+01,1.806171628371777871e+01
5.506168832375669098e+01,2.166189916305267360e+01
6.544590938926860701e+01,1.162671467078491006e+01
5.084389080512745096e+01,1.111741862648582568e+01
7.732985032466098119e+01,2.190544832960310373e+01
5.040483076544758489e+01,1.326501854670500435e+01
6.931047642436358558e+01,2.219660315199779177e+01
-1.763510360698733734e+02,3.704181452129280672e+01
-1.725316020727408954e+02,1.976495460037340735e+01
1.608732363280100515e+02,2.614909235570905111e+01
1.669184032596358236e+02,2.906401374667015602e+01
-1.407209634813971775e+02,2.565931561752386614e+01
1.532258005527426974e+02,3.988147725807507982e+01
1.636063492670227504e+02,2.678596102467832196e+01
-1.105060556286947104e+02,4.979901058472576381e+01
-1.705616003310560203e+01,4.296767061611616612e+01
1.170555354573822626e+02,4.151166204636280810e+01
-1.554314248990502279e+02,5.762534905648237782e+01
-7.972150267642450672e+01,3.881235764130134669e+01
-1.717024312010388698e+01,7.114114993741323190e+01
-7.150513676695859999e+01,3.545560401363003677e+01
-7.257671727818367913e+01,4.754204779128421166e+01
-9.562504455877785858e+01,6.755443599862685744e+01
-6.091162577787833499e+01,3.562977027523510287e+01
-1.876558108473452791e+01,5.178580628286142939e+01
-5.138690905951288812e+01,5.157516891078520871e+01
-2.916568862617443614e+01,2.290131942072622451e+01
3.806981121753751296e+01,3.334405527521492019e+01
6.339016408199346841e+01,2.638602199751548483e+01
6.054427875749956200e+01,3.250883299386856606e+01
5.844698390339345195e+01,4.930783784002872494e+01
8.308530996911169098e+01,2.832106428034351353e+01
1.993185776241459095e+01,4.856956214809733297e+01
9.628133149020951009e+01,2.803554478960117180e+01
5.265909512720680397e+01,1.814390480457657873e+01
3.689048477768931633e+01,6.123544485797033587e+01
5.748660355419271184e+01,2.125230703292409373e+01
4.261801710991363734e+01,6.017367464064392379e+01
1.009095913807357050e+02,2.612082905549612377e+01
5.634860984665129990e+01,3.439160670627209981e+01
7.530442555807489668e+01,2.369871382665528969e+01
7.186095836263507408e+01,3.828627175070919719e+01
1.436490623394076138e+01,6.138162209316558915e+01
8.441793059444734126e+01,3.678748922154036194e+01
9.379615115025443117e+01,2.405886975397536531e+01
2.316172835248332618e+01,3.907387756598530615e+01
8.437325370548164472e+01,4.050982126837560315e+01
-1.761560098079845034e+02,8.173058112254327767e+00
1.724617809436159632e+02,6.460661756656572052e+00
-1.681620805694633418e+02,1.118037054522775975e+01
1.728008340548042838e+02,1.695610200533452172e+01
-1.784734363177497869e+02,1.929371535637809743e+01
1.519259891533776283e+02,1.986285022361085595e+01
-1.489391260915488715e+02,1.861015751606013069e+01
1.405060031484202625e+02,2.373521200441846446e+01
2.723972618675065505e+01,1.560125843706904902e+01
5.739656470615437911e+01,1.541081361762244839e+01
1.269414875138811709e+02,2.962050918015847500e+01
-1.446872655566734238e+02,1.501646230251419567e+01
-3.555615574851852756e+01,3.835714744022166656e+01
7.247275794019047623e+01,2.160327934040546438e+01
1.046965518736782741e+02,3.391238836328543016e+01
6.666153042890597646e+01,2.917372560103790136e+01
6.405010274044853702e+01,2.446542548384218918e+01
5.866445290323858330e+01,3.002936249765727439e+01
6.535666451246831343e+01,1.700599650671886565e+01
4.882888725308792743e+01,3.014189860964139456e+01
1.202201649014446758e+02,3.092879286137807426e+01
3.662345591997512884e+01,1.637438312668156115e+01
6.499181982441729133e+01,1.500930698032874844e+01
1.653586769871930926e+02,1.392668996615475763e+01
-1.453056486389779423e+02,1.882779267310661098e+01
1.479074695000105919e+02,2.058943284413170005e+01
1.258495183209965518e+02,2.107058725920968811e+01
1.045235844060632360e+02,2.989590537457316799e+01
5.393310660062525841e+01,1.379821852250349679e+01
5.349099258838810300e+01,1.521664481867115626e+01
9.512565126125718962e+01,3.380373588028511733e+01
5.774688764715527611e+01,2.652189025644914722e+01
7.217224261162222376e+01,2.611210901267189399e+01
7.137199202714464263e+01,2.375512135444432005e+01
5.542783420050118792e+01,4.206367034654462600e+01
1.156130011075339041e+02,3.826855142062206738e+01
-1.453196300920015176e+02,3.460628355381759036e+01
-3.315564707881421214e+01,4.556795705590113243e+01
-7.726372443160659031e+01,4.964113685608785431e+01
-1.543100754634486123e+02,2.761366487899327637e+01
-6.385684247546932824e+01,2.684746616912202555e+01
-6.402598516187876498e+01,1.663324752634373738e+01
-7.625779883913014601e+01,1.211401211669819844e+01
-4.578405347595169417e+01,1.217083481318312010e+01
-6.950335272290085697e+01,2.073783919536709774e+01
-6.855631931878286878e+01,1.858134619359924500e+01
-5.418352151179436760e+01,3.711440163454439300e+01
-6.504957459753076421e+01,3.253296642553425500e+01
-8.095591083841533475e+01,2.594538973979350516e+01
-6.325122389411735213e+01,3.835204961677873570e+01
-7.178618517901165319e+01,2.256348178557168893e+01
-8.565006714005494359e+01,6.724770886324843389e+01
-4.256006038608608577e+01,2.985619051238250066e+01
-6.944901836155868580e+01,8.586586675828432647e+01
-5.035141305516380328e+01,4.601404759242633702e+01
-6.959292768039587429e+01,7.893903995195998391e+01
-6.086277998559724267e+01,1.755844776090925308e+01
-7.168227069312388267e+01,8.283146913959110691e+01
-6.629205261502519875e+01,2.276095272835926053e+01
-7.722530429416271147e+01,7.378344577915598279e+01
2.287788555142209290e+01,3.622309607273903964e+01
7.816737543206859584e+01,3.366121705400777842e+01
6.429883533594529865e+01,2.132437625410862481e+01
6.142538204311755123e+01,2.460198395920853542e+01
7.301501851924700759e+01,2.651213545827465268e+01
5.071701147469191540e+01,4.686823800812873486e+01
7.305962384945556209e+01,1.173871529540839020e+01
5.289523289715405951e+01,2.451520354356870257e+01
4.077601086588588686e+01,2.566345344308184195e+01
2.319640837641916420e+01,3.279617933714960998e+01
-6.192360014326822437e+01,2.770621194662668074e+01
-8.450069612489245685e+01,1.876943112985206952e+01
-5.281272976597844604e+01,2.221424263469534921e+01
-8.169743066841522250e+01,1.283572451210564580e+01
-9.536374848855493269e+01,2.734310802594391276e+01
1.364613922446782723e+01,4.130575895403084274e+01
9.426728907730225160e+01,3.330328733547212039e+01
1.707610155732627391e+02,2.089286602434112439e+01
-1.516990766191461830e+02,3.354647755206816839e+01
-1.666290444601344234e+02,3.022445259193224132e+01
6.078589621058929993e+01,1.278003614988003989e+01
5.947500563557743902e+01,1.893531488990075928e+01
9.235172569568233314e+01,3.681287320477728997e+01
5.542642864987459461e+01,2.921237919554691587e+01
7.019077185014886311e+01,2.548617943644640604e+01
7.735105273702430395e+01,1.811977633276864452e+01
5.405996212727274042e+01,2.731970080053591943e+01
8.661207400181260141e+01,2.616286703761152665e+01
5.379057318744430916e+01,1.601836866427485262e+01
5.993109689229588355e+01,1.474776139296226418e+01
5.449686891499455044e+01,2.916975787206973791e+01
4.255931722840639253e+01,2.587367090136505254e+01
6.165906398830583157e+01,2.410167519582442708e+01
5.175452193570323800e+01,1.647907020799211608e+01
7.213131503467687367e+01,2.953981211260993334e+01
8.826663718841460593e+01,3.707410035305660756e+01
6.125790091371010249e+01,3.556951625736416389e+01
6.867401280284718723e+01,3.458665662188823831e+01
7.117775812024494542e+01,3.590029540861677049e+01
4.978281095099075770e+01,4.110086554731545050e+01
1.607965952992368841e+02,2.059970766903801120e+01
-1.788007450080968681e+02,2.091117388437687197e+01
-1.640146677715861756e+02,2.253936481789629553e+01
1.729594694725146837e+02,1.850148569330313819e+01
1.545551937741187203e+02,1.991832937543510695e+01
-1.688628336666807854e+02,1.743684589542788643e+01
1.713469967801722476e+02,2.372710899742705237e+01
1.595697615102040174e+02,1.612493394462967444e+01
-1.680567419503121585e+02,1.687398551624785270e+01
-1.796493225826539515e+02,2.004954961858267382e+01
-1.749928068604113207e+02,2.441312507581091751e+01
1.769094057627402776e+02,1.720997242353180212e+01
-1.672932639485850643e+02,1.720320552298417027e+01
1.599451683867917779e+02,2.458105765676518217e+01
1.748030217894663565e+02,2.733503813563516971e+01
-1.551934814689038262e+02,5.621493143427788652e+01
1.715800761739035636e+02,4.028850719850331075e+01
1.527330039025468125e+02,3.797434930523357366e+01
-1.521101377556491911e+02,4.759483058029279334e+01
-1.703026714197196156e+02,3.086720364357813651e+01
-1.629449817014099438e+02,1.830785536563119109e+01
-1.467613425776401357e+02,3.620138928082311480e+01
1.688057707004722090e+02,3.755050611334635136e+01
1.230156730892162784e+02,5.304403164983654051e+01
4.244584806943317545e+01,4.319580125818372096e+01
6.585291946823871001e+01,2.167854502514622439e+01
1.514399092617985332e+02,3.197731702409797094e+01
-1.531242789564677196e+02,2.479522519341939102e+01
1.357424977168344356e+02,2.983132553508644236e+01
7.829646159508175174e+01,1.629593520539512497e+01
-1.944648294121865817e+01,2.426947025998525476e+01
-1.224243436954376847e+02,3.483052714772345837e+01
1.561823597964867929e+02,3.232192791397530129e+01
1.394331218326186956e+02,3.833190824880681902e+01
-1.397450327049165253e+02,3.268143317496086553e+01
-1.628776204862893451e+02,2.587167382926979897e+01
1.686912203520767832e+02,3.612559057690971542e+01
1.520370063882012914e+02,3.338107512055007930e+01
-1.655063073921516832e+02,3.793148547465866471e+01
-1.488333471021013850e+02,4.546934879924168627e+01
-7.114193040952395108e+01,1.656650584723087150e+01
-4.157452223961620774e+01,3.403911736887835104e+01
-1.620027068938323112e+02,3.279052361248427161e+01
1.528512192974696688e+02,4.516757874272697393e+01
-1.362306479636646088e+02,4.694566424051119924e+01
-4.416638840671021171e+01,3.067152683634082422e+01
-5.383547842681026196e+01,1.896699462443007889e+01
1.686656390958414420e+02,4.452929002578223106e+01
-1.795706388894043073e+02,2.928214414796354248e+01
-1.576633816133940797e+02,4.128257149644844759e+01
1.388613235250159050e+02,5.439984388807678073e+01
1.771701090263729554e+02,2.567707496050135774e+01
-1.558990595179116667e+02,3.479127682179640857e+01
-1.708220080306189175e+02,1.931029923412141969e+01
1.327633705590053239e+02,3.002376761864060484e+01
-1.643833309510546314e+02,2.440693865379197902e+01
-1.262171184125327130e+02,3.179314823703657567e+01
-1.143009916866855491e+02,4.267113543910765827e+01
-5.592799824420875154e+01,2.675916850856599183e+01
-4.440700447798609929e+01,1.946744059818069417e+01
-5.257540492881461347e+01,3.870733358251455769e+01
-4.757582287141004684e+01,2.672945031945606686e+01
-8.680105423758503491e+01,3.171467586267687011e+01
-5.825218930748563650e+01,2.648803685048429912e+01
-3.655641670881605165e+01,3.329713832622174863e+01
-6.012285792897461789e+01,2.429606131871634034e+01
-3.848018181403284643e+01,3.762362384361358636e+01
-6.088364158740455423e+01,2.515469679864228425e+01
-3.814672806257998161e+01,4.275115701600041973e+01
-1.060671664984716784e+02,3.476915550393135135e+01
-1.040935638989985819e+02,4.913193375910587690e+01
-1.497803907826441261e+01,3.242282200066590292e+01
-6.488246994168855508e+01,5.529290823206364536e+01
-1.200805327064758075e+02,6.740660542192780724e+01
1.761855988815775902e+02,4.086354971423310900e+01
1.327539553042126670e+02,3.668394604872280951e+01
1.602858797862789686e+02,3.129326784726342225e+01
-1.707440316096208903e+02,2.434017796143569967e+01
-1.703538119016505448e+02,3.781721374203002739e+01
1.589132191132362664e+02,3.193588401211469119e+01
1.627732427302965732e+02,1.684520711520371705e+01
1.600849262123827828e+02,2.161932280113236970e+01
-1.666172731382040695e+02,2.869329340472872047e+01
1.676614405863443551e+02,2.272999324155199830e+01
-1.628417416640852480e+02,3.369238096846378028e+01
1.698491598257868418e+02,3.022137296606663881e+01
-1.753349879635702848e+02,1.940931085152478275e+01
1.734818424843707021e+02,2.419917805811486744e+01
1.745884218739635116e+02,2.475931487904548334e+01
1.692700728858992250e+02,3.181130936668915155e+01
1.630468405044358917e+02,6.042093922378700199e+01
-1.739388579952210137e+02,4.329307757301237558e+01
1.669243073660179562e+02,2.891320515776435229e+01
-1.695578889666700491e+02,3.209581299562940870e+01
-1.631449121385564354e+02,5.080241184744014760e+01
1.686667499579311880e+02,4.745126522661359303e+01
-1.504125369375291257e+02,4.147111320417158709e+01
-1.792932620617198154e+02,3.331303417839575332e+01
1.711358767109962002e+02,3.751287607193098950e+01
1.744421833864654161e+02,3.318466743515013206e+01
1.782792578676935307e+02,1.239818569695390238e+01
-1.697509934855247593e+02,2.085408533317864510e+01
-1.741078525393231189e+02,3.895428085694054232e+01
-1.640987534475492566e+02,1.218713340805224910e+01
-1.645304585823445791e+02,4.925489424290032758e+01
1.711428869901667440e+02,2.466205844281332205e+01
-1.700999957450601130e+02,3.698413915405254926e+01
-1.655460610692882994e+02,3.437421896916548292e+01
-1.795192087126310696e+02,3.031251445186743965e+01
-1.758437543702916059e+02,2.786043529183233147e+01
1.792212433781089089e+02,1.279255727641860574e+01
1.733194038308685379e+02,2.297228116769857564e+01
-1.523282356879401505e+02,1.680825057846644555e+01
1.773949054107741006e+02,2.103172356052885661e+01
1.480874235845676878e+02,1.792998375216496498e+01
-1.616820855292255033e+02,3.367759890356869334e+01
-1.609711834266265953e+02,2.430982884784065590e+01
1.679767220426574283e+02,3.391833146780344066e+01
1.772255531323198454e+02,1.619855984064793475e+01
-1.635003707765547745e+02,1.701040713738651178e+01
7.383739331399365824e+01,1.717513569866252965e+01
5.627730477484345784e+01,1.525107916817672660e+01
5.166049890433885849e+01,1.057192012718671315e+01
5.518394450436502296e+01,2.427274414077507458e+01
5.364899469467867021e+01,1.540854525191596736e+01
7.148994799934199307e+01,4.211476778532134801e+01
7.223580555861423136e+01,2.591587243541381724e+01
5.609331834060548516e+01,2.676008661180084047e+01
6.933340486199850261e+01,2.487509319197596014e+01
5.570874746913150943e+01,1.377535083440920261e+01
6.371140542885701308e+01,3.181651872782331480e+01
5.426616475155974939e+01,2.284651072006118966e+01
8.450621540069354864e+01,3.039514621702567609e+01
5.717267250991876182e+01,1.955528190001315281e+01
9.735109740025806957e+01,2.254645849510044542e+01
2.065140291284070884e+01,2.265629295476119864e+01
5.435910925435423025e+01,1.408662001829266686e+01
-1.720501956066322862e+02,1.896689090052544202e+01
-7.708477332614950228e+01,2.140738021901741206e+01
-4.144036146484692296e+01,2.267001943792513430e+01
-1.113605765394735698e+02,3.562447959649165341e+01
-1.582437206208143152e+02,3.740831966490023319e+01
1.500094394141186172e+02,3.524471452387129489e+01
1.722626670170544401e+02,3.166881796815467709e+01
1.767243951302018843e+02,2.636102482593614837e+01
1.776786887609694645e+02,3.359220650880736514e+01
1.624821108683564432e+02,2.344976069826692466e+01
-1.330565233206501432e+02,5.167602679639643526e+01
-1.628679846789375176e+02,2.550768448642442365e+01
9.223799916105207330e+01,3.446479419752116513e+01
4.118650272810014457e+01,5.192636433884769787e+01
1.119216953716025245e+02,4.110580948180099625e+01
1.596313687817678613e+02,2.387875513320229004e+01
-1.414037408389498012e+02,3.717532037487335117e+01
-1.728436001372651560e+02,3.070359355382669975e+01
1.775028647943014164e+02,2.570336416733394458e+01
1.659442728116494834e+02,2.701058994108493394e+01
1.587900119465875832e+02,9.112527482167068982e+00
-1.605161432468778742e+02,7.526321165560981186e+00
1.695584431866738839e+02,1.115946773795138292e+01
-1.667573915683468329e+02,2.221487366468917912e+01
1.599596012025093330e+02,2.780066922938527085e+01
-1.793018788374764370e+02,1.957649433386993110e+01
-1.798265128672492210e+02,3.293970371929457031e+01
1.691014878989427075e+02,2.568235686586266553e+01
-1.714084657285644653e+02,4.039831956836517435e+01
-1.671251601219694578e+02,2.667517641515829752e+01
1.691048454212702268e+02,2.263678007663338576e+01
1.629921699158774686e+02,2.595398873261298434e+01
-1.607112552714379206e+02,3.033217877300489818e+01
-1.755317442262740713e+02,3.322611151090497117e+01
1.730415126392160232e+02,2.061884660311633155e+01
-1.643695304511466304e+02,2.011359615075217278e+01
1.781691135875258851e+02,7.906022455024395157e+00
1.697353595977477596e+02,3.176048941066480324e+01
-1.658932497736829248e+02,2.153605678231588527e+01
-1.676846855520189479e+02,2.770156681726581027e+01
-1.730800603352507210e+02,3.071569069094331539e+01
1.773577808058811058e+02,2.589768106043977980e+01
-1.650344026754579545e+02,5.377805613526085438e+01
-1.327739449444253239e+02,1.607492219012550905e+01
1.635016897702943481e+02,2.301391741578323646e+01
1.392145549379258114e+02,4.309077106900348753e+01
-1.128854985949314340e+02,5.596802048875738222e+01
1.098094804944184411e+01,5.325232044135469778e+01
1.011813057418549846e+02,5.975779557422041677e+01
1.615738580090431356e+02,4.254033480579499127e+01
-7.968961675514397314e+01,2.401568708198013269e+01
-1.402429613771146144e+01,4.730192485984595407e+01
5.643533333176823419e+01,3.134863214219147665e+01
8.797483157162858447e+01,4.508614123176345601e+01
5.086341845390121819e+01,3.251697791436529883e+01
6.106354557691732055e+01,3.252985810394491040e+01
4.484097993754760836e+01,1.492806328646000580e+01
5.373044818524818567e+01,4.101727671795880781e+01
5.792679730315376929e+01,2.258136262997616939e+01
4.099928469131324960e+01,5.116413794824740080e+01
8.543596747716311768e+01,1.660982339401365948e+01
6.158048603964305556e+01,3.114056886339618302e+01
7.178027424186484495e+01,1.181954225682102688e+01
7.812673867924640092e+01,2.285815855591481238e+01
7.469613792872166869e+01,1.532695499948112072e+01
7.277397800547265660e+01,2.415343413654863625e+01
4.832965973521674385e+01,3.490812755222448516e+01
6.406726297659569980e+01,2.422705983267248087e+01
5.296973222431660133e+01,4.381021665713279845e+01
6.501486759202714438e+01,3.003831592787520322e+01
6.526943361973869173e+01,5.326250332853712166e+01
3.633924957561752223e+01,4.206871784149259952e+01
8.502424217556894348e+01,6.293458663898592675e+01
7.394221935184738470e+01,3.221902540368325418e+01
5.049927688085677602e+01,3.939071604686579775e+01
6.857679799128150933e+01,1.777498008595726020e+01
-5.607958877239515694e+00,6.098777789500549318e+01
-5.508077893025104288e+01,4.110575930436713321e+01
-5.381426572714588730e+01,7.955313556682317255e+01
-5.519772421722175437e+01,4.260949372459962348e+01
-7.111016122390576299e+01,6.796881625431967677e+01
-3.694535330247457949e+01,4.052440535469763461e+01
-8.958254818535930042e+01,7.238823538303873306e+01
3.749262750249330622e+01,2.493312988228280602e+01
8.920472079575003477e+01,3.588903625030346234e+01
5.226805530010256717e+01,2.610547973364514363e+01
4.402471827761900869e+01,2.596316097033936998e+01
8.797040263609304134e+01,1.746943063287981346e+01
3.891238185752698087e+01,2.895122647341594657e+01
5.078536666735016780e+01,2.653230321961884641e+01
5.584142888315964370e+01,2.346676364550523175e+01
6.573075808231541828e+01,3.756781020830455020e+01
6.153661260448037496e+01,2.839575039510352639e+01
5.345723423128368523e+01,3.645563242085519562e+01
1.124617305659013908e+02,5.424307427410919757e+01
1.745539166931592092e+02,1.851182974027175021e+01
-1.474808610528357065e+02,3.880369269921521180e+01
1.187933417201715969e+02,3.403616111225568375e+01
1.578651150007135939e+01,5.730733896063689770e+01
-4.055739575574021671e+01,4.763323486035480414e+01
9.457565346814751805e+00,5.255708424906563181e+01
9.336811703778396065e+01,5.607503070989092464e+01
9.263934115922212698e+01,6.400138969062611238e+01
1.777874056962656368e+02,1.442495755257864687e+01
-1.752642038311375359e+02,2.241960159246317374e+01
-1.752228634438188521e+02,1.531066728197061089e+01
1.782840519708794318e+02,4.598487409280718907e+01
-1.668780842242366589e+02,2.547883346248178427e+01
1.556070022594701641e+02,3.216440484259818788e+01
-1.620412184643419664e+02,5.196094929218445202e+01
1.601832627679085306e+02,4.903443331516790238e+01
-1.186914010199317886e+02,5.609264829289597287e+01
-1.158814862352444521e+02,3.034038262755955628e+01
-7.561894168628352020e+01,1.749159547224700617e+01
-5.028045360996211599e+01,2.061743891919675775e+01
-7.917412448141419645e+01,1.703457627093903781e+01
-6.283037362679086613e+01,3.189379289268891426e+01
-1.116172761159344589e+02,3.057846379741560483e+01
1.790836488729568714e+02,1.743263467827532054e+01
1.488169190013019261e+02,2.038342860410077151e+01
-1.767187567811742781e+02,2.253202037017512183e+01
-1.651994307228499110e+02,1.570670250014799052e+01
1.705617014884357445e+02,5.469717919829446373e+01
-1.731936516903031134e+02,2.941393374226204571e+01
1.757623280892119908e+02,3.212196320828828533e+01
-1.585580514217568293e+02,2.590003869083859200e+01
1.780295056291960520e+02,1.461302512736170556e+01
1.650327029154317415e+02,4.159627871780917019e+01
-1.535244014409430520e+02,2.945379901831391223e+01
-1.784545279652732859e+02,4.169556055541225703e+01
1.737702973731164491e+02,2.268062971460297561e+01
-1.773400886258935429e+02,2.001950734038630486e+01
1.795707567346813391e+02,3.571098305997706035e+01
1.660827081113156680e+02,2.671604939213531082e+01
-1.720264222002666372e+02,3.726621626945276944e+01
-1.585673957288415181e+02,1.749838839022795511e+01
1.564900224786312037e+02,3.241460572981821997e+01
-1.626037246066882744e+02,3.212205860836772331e+01
-1.783320683810603384e+02,2.628574941135755694e+01
1.445811333759604054e+02,4.628328941938390528e+01
-1.752146552616622728e+02,3.797520868833902341e+01
-1.565893308145848266e+02,5.474637767874162364e+01
1.443642841639960466e+02,3.183809534503549799e+01
-1.130263438028688086e+02,3.038365179719028930e+01
-1.205665561663395238e+02,4.064887704911608068e+01
-1.794567600727730223e+02,9.398954146944261012e+00
1.680945363457529425e+02,1.836507206432279560e+01
-1.719455032548102054e+02,1.886488599250787956e+01
-1.792167353184867977e+02,1.901873939346763009e+01
1.655668669128898784e+02,1.654876028967599666e+01
-1.729031751661820238e+02,2.146354725821462495e+01
1.717150901731284307e+02,9.380468188198824109e+00
-1.732037452081570166e+02,1.788542039061045941e+01
1.723643860520902535e+02,8.216103350437281350e+00
-1.791013785789405119e+02,2.609424069472503049e+01
-1.657684147361617875e+02,2.123228525046724258e+01
1.564966457623108056e+02,1.699249213745736498e+01
-1.722179097408787527e+02,1.916749769063843090e+01
1.789888733714156501e+02,1.840833868429292863e+01
-1.759356231951659595e+02,1.678823344719942057e+01
1.749028598320445838e+02,2.776099503721744810e+01
-1.577939164602899496e+02,3.051167376374081286e+01
1.506349184063770394e+02,3.584152724347207908e+01
5.913496516368216049e+01,4.428491216628587068e+01
5.316818170011772793e+01,2.553047193502513679e+01
7.454184299017326509e+01,4.389146924782848913e+01
7.958944647330190492e+01,2.572565509336741840e+01
8.139490993542513309e+01,6.964369085675951965e+01
7.640916511429155378e+01,4.624952889088782371e+01
8.337620537385798514e+01,3.964751185132792699e+01
9.694552750858821355e+01,4.647559982144026236e+01
6.085105685554773203e+01,3.408273772824361458e+01
5.642936639210874006e+01,3.463116400426656583e+01
5.985524949518840288e+01,4.057280190665458974e+01
5.953109804394195947e+01,3.396375756777658950e+01
6.333731778650565758e+01,2.553092212772381941e+01
8.102444163685643730e+01,3.119544526292549591e+01
8.336748264818803023e+01,4.049270288700458309e+01
8.942690644808106981e+01,3.967336485005115776e+01
5.946876556855310980e+01,3.916326037640006064e+01
5.521852057482443143e+01,3.960833025615133351e+01
6.149443522540521911e+01,6.454409592737084722e+01
3.300554909106191559e+01,3.652347893525515587e+01
-1.758636598030092557e+02,1.328511910564073517e+01
1.787866728466629525e+02,1.580963507576116456e+01
-1.706733694581507166e+02,1.664714489127233321e+01
-1.732737449767426767e+02,1.484279396617987601e+01
1.646948521038956130e+02,2.477517414765120662e+01
-1.660299173404588089e+02,1.258147393413756632e+01
-1.666113547626573563e+02,2.833905307124212314e+01
1.615314601848363054e+02,1.476545805442825987e+01
1.773895205362906040e+02,1.869580549456861718e+01
-1.566048359654282081e+02,1.765614282258392009e+01
1.650935271797853829e+02,1.355903051688658145e+01
1.736282456437661494e+02,8.085843402819104853e+00
-1.342330340811781753e+02,3.105070557483742633e+01
-1.585221830197393729e+02,2.544352327630713262e+01
1.494270927194368141e+02,2.945495663546364540e+01
-1.763415566082487373e+02,9.655790826163428875e+00
-1.496795977134793532e+02,3.117189413151987409e+01
1.711987658385536974e+02,3.000942700295812315e+01
-1.697526198219277376e+02,1.610721968213361421e+01
-1.751705850996182789e+02,2.511872682414448832e+01
-1.625298657802846378e+02,1.863404573268709186e+01
1.664088408341795571e+02,1.523004853618443022e+01
1.712767237216111198e+02,3.401398717412315875e+01
-1.714955161108870811e+02,1.734378050480071565e+01
1.587989252140734209e+02,3.951569441642563163e+01
-1.718931622235986083e+02,1.621820308041034764e+01
1.655841648148301601e+02,3.546524542547312109e+01
1.782354097705126037e+02,3.313452958805554260e+01
1.669721288102369954e+02,3.221716266006666274e+01
-1.620672265729194521e+02,3.150791631014081773e+01
1.712689710307839448e+02,5.285731566467029019e+00
1.704539571064010488e+02,1.925685450052618464e+01
-1.584499251176253551e+02,2.547660812700090105e+01
1.738565050749221257e+02,4.271484308383598005e+01
-1.751681191833850448e+02,4.003674757392433747e+01
-1.774568669058969874e+02,1.442678542990024226e+01
1.619641605243974141e+02,1.587989241735490964e+01
-1.731676827805110577e+02,2.346256031047494517e+01
-1.784126231267961202e+02,3.023470159253570344e+01
1.656436426829270090e+02,3.350841078262952522e+01
1.663459640531630157e+02,2.423656480234555488e+01
1.449590362982291651e+02,2.804378121464947071e+01
1.716956690809454074e+02,1.946950260769639129e+01
-1.772855130236538059e+02,1.069965677667365078e+01
-1.768379025670612918e+02,3.245955420637834266e+01
-1.763382509300589049e+02,1.931741457955301300e+01
1.723305786123251835e+02,1.300612526464730578e+01
-1.674071227715126042e+02,1.656166176852042682e+01
1.730428726548824443e+02,1.673060376219459044e+01
-1.761257959806635824e+02,2.438987610164598863e+01
1.673802719815333262e+02,2.473569799380546286e+01
-1.665114279624438609e+02,1.282699478830875961e+01
-1.424661795306578256e+02,1.606345173942557381e+01
1.612085862567830361e+02,2.769944896209198149e+01
-1.635403565893324753e+02,2.402487908972531727e+01
1.590464144616633178e+02,3.117800084963815976e+01
1.645269197601200233e+02,2.821950115871534592e+01
-1.770045054605900248e+02,2.222641524645358402e+01
-1.761827264356627722e+02,5.407815735423958614e+01
1.687004757294567412e+02,6.764705331435959579e+01
6.432983312806372567e+01,1.077936205635596423e+01
7.362967201995084565e+01,5.133525975617946813e+01
2.215081261926715328e+01,4.555004569487999788e+01
7.963299198231203491e+01,3.512860325920307503e+01
4.985475313716524681e+01,2.118487368368918311e+01
7.707154401262164356e+01,3.790095016872483313e+01
1.058565820372131583e+02,3.646295260601697663e+01
1.488061865023236408e+02,5.067975246124250077e+01
-1.670723298307393350e+02,2.335384636640983658e+01
-1.590311533012400105e+02,2.563224327677820114e+01
1.542762082987615884e+02,1.631493330515048967e+01
1.594320890154585868e+02,1.155864216160732738e+01
-1.597023565496689343e+02,2.128607902845341826e+01
-1.775213984612376805e+02,1.131556686349903096e+01
1.632357640044541824e+02,2.152440556002058969e+01
1.765306560757714180e+02,2.522883158331222120e+01
-1.379736813909327111e+02,2.520832451606359470e+01
1.765906487578272390e+02,1.290597937766456305e+01
1.218549038182090101e+02,3.732755881020492694e+01
8.812082554250189048e+01,3.666008779742177381e+01
1.636122432420451105e+02,1.639575275343186789e+01
-1.455887185816541489e+02,3.251754500065601405e+01
-1.424510074829251778e+02,2.492665139199693414e+01
1.471092777503955347e+02,3.270649833235535198e+01
1.523363840340964543e+02,2.848496474377963139e+01
-1.539839172832319321e+02,2.995464651634224751e+01
1.763990922301536557e+02,1.486908738621966464e+01
1.090279700233949285e+02,2.718603218243658759e+01
4.624791526801855923e+01,2.132499402698637425e+01
7.174910148887786931e+01,2.312688854935272076e+01
5.195544279349597616e+01,1.855362939262269251e+01
1.091596365157998321e+02,1.982161032868134143e+01
7.805657542976268815e+01,2.549451632648134947e+01
5.513865382629528256e+01,1.832047707831301153e+01
7.064162871567781110e+01,2.116824865346224627e+01
6.147727854968577077e+01,2.383982746424343091e+01
6.353652425443619478e+01,1.889490898938900898e+01
6.764083251677020314e+01,2.569459363008535391e+01
5.351064457057145773e+01,2.706670170311636525e+01
6.869783982895832253e+01,4.310388172878064950e+01
1.728495907066130428e+02,5.698510464598309788e+00
-1.788688944377870484e+02,2.480576647974780968e+01
-1.735428266682061178e+02,2.327798556664755125e+01
1.671864767421093916e+02,1.542774911157903972e+01
-1.558882137533234413e+02,2.950765809498465231e+01
1.735286912053857122e+02,1.278800144415386342e+01
1.775132795564058199e+02,9.804491130471312488e+00
-1.648188891474032971e+02,1.558345933461385968e+01
1.539727676145182045e+02,3.051891053868339654e+01
-1.726329475667092481e+02,3.277661631212224336e+01
-1.226326986854044634e+02,2.569126278494091409e+01
-8.593359170343963171e+01,2.333694659614338107e+01
-5.304555429699744451e+01,3.138814224891844873e+01
-5.766374945298124288e+01,4.226784351333729006e+01
-8.148631002272468038e+01,5.089185234189726259e+01
-5.115321624609579487e+01,3.043460262676914141e+01
-6.359703816587904868e+01,2.407329494345363230e+01
-6.857834859352884394e+01,2.345203579106162550e+01
-7.283833943011144640e+01,2.216992255214551477e+01
-5.594019378715600510e+01,1.518247361921446625e+01
-5.575209863201585136e+01,2.047567377334934235e+01
-9.600295030128953044e+01,2.372197986191893904e+01
-8.098197985416126699e+01,3.822395950990616598e+01
-7.777936744372256328e+01,3.106115455399767455e+01
-5.504380073420888664e+01,2.116112102811179696e+01
-9.866629072748096974e+01,4.930610003798530272e+01
-1.673040934402222604e+02,5.121400782093432724e+01
1.068854990612956897e+02,5.223881806509078274e+01
4.857891537334811005e+01,5.415485592406491833e+01
5.247597719268298988e+01,3.935458183718218095e+01
2.660811901282054848e+01,5.055298993213158099e+01
5.205973745411325382e+01,3.423686294701376198e+01
1.249430505800007296e+02,5.057201642073430037e+01
1.707933349173331408e+02,3.487880628452878540e+01
-1.398609578942620999e+02,3.053609113028049649e+01
1.672125429497131108e+02,3.302991994271162923e+01
-1.637210716562022412e+02,2.067554405811365825e+01
-5.367276809121712233e+01,3.037806140710590341e+01
-4.551618537189901303e+01,1.815800103121716091e+01
-9.970731203223989780e+01,4.078500804792403756e+01
1.457089883578305489e+02,3.149565915399023908e+01
1.699117075064586118e+02,1.965310125696502297e+01
-1.574190988612012632e+02,1.866446077460301112e+01
-1.773394701090435319e+02,2.498645506047505194e+01
1.689259077035409007e+02,3.681196929598715428e+01
-1.606479740834562620e+02,3.949482281629684621e+01
-1.625350721970076791e+02,4.897207316924769316e+01
1.486737222417935129e+02,3.928022963333336293e+01
-1.624154856313126061e+02,3.949313636240821523e+01
-1.153945590294425756e+02,5.355644250272112572e+01
-1.084396316980856909e+02,4.766798632652624690e+01
-8.614777817760263190e+01,3.618428227690846199e+01
-5.532990628705532998e+01,3.453349432221183690e+01
-7.920025297365708639e+01,2.476859737208712886e+01
-5.977237467435089258e+01,2.859456052424414452e+01
-7.599316902268972740e+01,2.138135610925720442e+01
-4.695319853687434630e+01,2.535363019502955240e+01
-8.949205438999860007e+01,1.885455108249884404e+01
-7.727585810714614922e+01,1.569316822309006554e+01
-5.765250265083505354e+01,2.998157482446897149e+01
-7.693572149358116974e+01,2.011153445725409483e+01
-5.962188219422543511e+01,2.664417725785434854e+01
-6.797446010776681646e+01,1.710632487313302263e+01
-6.393658741954537561e+01,3.324852924908762475e+01
-7.842735934551016896e+01,2.355235109233792912e+01
-5.327514552656091951e+01,3.051547917565662260e+01
-6.250823251232312572e+01,2.732502030739835419e+01
-7.378967882658345445e+01,2.282734561774839932e+01
-7.263399228437073418e+01,3.261416621107312608e+01
-6.900557711630166580e+01,2.059395715896212664e+01
-6.148671485761658317e+01,1.720080805095413723e+01
-6.873598731009323615e+01,2.258307964358773745e+01
-6.492476601422897886e+01,2.180974790818670073e+01
-8.769450098681654993e+01,2.931353143152907847e+01
-6.659166720746820545e+01,1.887165167099894347e+01
-6.124818188304455902e+01,2.526645686024729542e+01
-1.019230298131959671e+02,3.336751734867289798e+01
-7.526822339762151159e+01,3.222479188498223834e+01
-5.929514170548918628e+01,2.520759113322193201e+01
-6.067716679612929198e+01,2.232381331200636509e+01
-1.039354227957544765e+02,4.381610758527885707e+01
-5.225725160049199047e+01,2.748186124301080469e+01
-6.280117378515166848e+01,2.883381983680743588e+01
-8.672291042196863486e+01,3.712064944665814892e+01
-4.140013461506691073e+01,3.849598052507892021e+01
-4.436775006336510074e+01,2.732586889632279536e+01
-8.960397282130797691e+01,4.732224674263966335e+01
-5.312834838898518797e+01,3.179925167865005875e+01
-3.727521234959278473e+01,3.771793748326327744e+01
-8.197518102827403652e+01,3.837004861597924332e+01
-8.079197953674256638e+00,5.096497649220934534e+01
8.622536523309727841e+01,5.652603925824838882e+01
1.640229683633283457e+02,6.169300304138626956e+01
-1.741499139404441507e+02,2.959730779760104014e+01
1.780567898616825460e+02,2.527401702444813836e+01
1.725703569523231238e+02,1.452384655182945750e+01
-1.599096471464040405e+02,1.351049791292717472e+01
1.447540642546653373e+02,2.531849261867903778e+01
-1.546365858168118734e+02,4.350997968864303544e+01
-1.612186342699106660e+02,6.160942897416718722e+01
1.257771895538825504e+02,4.282943393538552357e+01
3.020143264210934575e+01,4.934038714055044750e+01
5.393140843708707166e+01,3.623374392138890698e+01
1.432373329116815910e+02,5.142850089267135871e+01
-1.293591602243487841e+02,3.935964293999251851e+01
-4.031494768100735371e+01,3.999390325700912996e+01
2.825475619024124541e+01,3.174941308296182285e+01
1.601659939191828528e+02,1.487805886136362687e+01
-7.606148810927541604e+01,6.012831909469501568e+01
5.145088220729517303e+01,5.017674304944998198e+01
1.330310791597372031e+02,6.011185488247199515e+01
-1.456079597685287013e+02,3.701547450690481611e+01
-3.149952429411506571e+01,6.931727337464786842e+01
-7.185582456129135664e+01,1.584676693328076880e+01
-5.072895837350245785e+01,6.827085803759361227e+01
-6.737294940978388524e+01,4.545806092464781045e+01
-1.580597943778602712e+02,4.578969455318269155e+01
1.353594277821490550e+02,4.035197517831279868e+01
1.688208494581230923e+02,3.326296169515931211e+01
-1.542639282614849776e+02,4.323432073412234899e+01
-1.105293391998653192e+02,1.893637582489296278e+01
-2.583386196362966203e+01,2.675644014698313100e+01
-4.067649894995642512e+01,2.071953174920265894e+01
-1.220077660781819446e+02,2.925264483400604831e+01
1.656508498589045359e+02,6.439755122455177450e+00
1.044012148560022126e+02,3.493443145750590872e+01
1.117024484649479810e+01,2.994283919255514448e+01
-8.376491732424933900e+01,2.693681355810890921e+01
-5.710090891210725772e+01,3.008237335245652844e+01
-4.665481106528866206e+01,3.039076768805603379e+01
-1.075146853941673299e+02,1.923034743658435630e+01
-1.137603603793110665e+02,2.775934332506216862e+01
-8.711843217301988318e+01,2.564495408949495925e+01
-6.272238503749117911e+01,4.304527572268864333e+01
-9.165851888016524640e+01,2.757573791991769241e+01
-5.934837597295374678e+01,3.512419555243226910e+01
-7.015041076855041524e+01,4.751305860736410125e+01
-6.904427099948090074e+01,3.590771797777824759e+01
-5.804525282853490609e+01,3.869516728227522862e+01
-7.810921787204621580e+01,4.123954816058236617e+01
1.379241790357343511e+01,3.685500959505684193e+01
8.918894570058517957e+01,2.405317029163781939e+01
6.687843309129594616e+01,2.683501497441814720e+01
3.599829469365585055e+01,1.998349699428052162e+01
7.435421755055601523e+01,2.138554002690511169e+01
1.277580743749258119e+02,1.850143212536342219e+01
-1.658026366027317522e+02,2.534532363830416557e+01
-1.623925153614410135e+02,1.122119506337251771e+01
-1.794530040987578730e+02,3.847183533523356402e+01
-1.604553152813168424e+02,3.141560554716901521e+01
1.426970395582080755e+02,5.900431325408011674e+01
1.542656376961186879e+02,5.470419031387228870e+01
-1.589219561969927099e+02,4.421825619034966337e+01
1.489531407042585158e+02,6.941377918606728770e+01
-1.430826224299064791e+02,4.016658824016910501e+01
-1.774599806781124585e+02,4.458086948582074882e+01
1.781210279027099261e+02,2.163541804789660006e+01
1.584655616468877781e+02,4.663587591135544130e+01
1.590867796552240918e+02,2.764808759183202369e+01
-1.272705119915580525e+02,4.170186134086845442e+01
-1.597479936349801903e+02,3.324515916888417166e+01
-1.739567041533957479e+02,1.149133216116928047e+01
1.728455925105784274e+02,3.585297853547680091e+01
1.721808541984190413e+02,2.868464905122675646e+01
1.751492967764725677e+02,1.718630785590596588e+01
-1.361447976429512039e+02,5.056439388691434544e+01
-1.710181894469486679e+02,1.718011496221486567e+01
1.124459782943613391e+02,3.173652779854171513e+01
6.176727427852939911e+01,3.429407886147212281e+01
7.591921236626858160e+01,3.625581667174053990e+01
4.627180846206142206e+01,3.318078923238869749e+01
1.116486846496418934e+02,4.455890738265676987e+01
1.024488609298494026e+02,4.060425130127129023e+01
7.413234602491296243e+01,4.249770291709714343e+01
6.229204059512336045e+01,4.210661176376182624e+01
1.021088204981400480e+02,4.115747929414209239e+01
5.452380227251197198e+01,3.049195065426981444e+01
9.238217127722695210e+00,4.375137212687639732e+01
5.909963439819068043e+01,1.962922259472404107e+01
1.056376571082829940e+02,5.720921541885337547e+01
-1.285488596534067938e+02,2.005909898669541747e+01
-4.255064105258919227e+01,2.521875927627843339e+01
-6.687356748254694594e+01,2.871986829272914221e+01
-8.506933556548725051e+01,2.754747446687742141e+01
-8.220310391089354596e+01,1.212515665459570613e+01
-5.156870748503290258e+01,2.745922051055882207e+01
-1.130355267063824556e+02,2.734424833347947370e+01
1.325913642784719286e+02,2.593308660270945154e+01
6.035561880632475606e+01,3.374745341770359630e+01
8.443895543697144035e+01,2.554130283827899461e+01
9.615749986243233138e+01,3.030386181633774711e+01
4.770122722519169400e+01,2.191846408926745937e+01
7.048728004089288390e+01,1.852788642764166838e+01
6.925547665609661863e+01,1.161302255885638246e+01
5.447995510821398568e+01,3.431094901347171344e+01
6.889976432540819928e+01,3.776700645506782905e+01
6.621516324575435419e+01,4.291210144989751996e+01
7.642765321531175005e+01,4.434794035109772636e+01
6.733124023740946029e+01,2.777717544230969438e+01
7.170184745186861619e+01,3.633602704903090341e+01
1.605713639354493694e+02,4.718853109433466386e+01
-1.688527885755870273e+02,4.497888377757197986e+01
-1.303704734150136630e+02,4.943043879563354182e+01
-1.530080681911064175e+02,2.647320615186671944e+01
1.538135670490611631e+02,3.368915750767465056e+01
1.196987751185371138e+02,4.946193631335261642e+01
2.151413165108069592e+01,3.141537964532308536e+01
6.654912614490805822e+01,3.542327929686612720e+01
7.876909275547484413e+01,2.529899881397339811e+01
4.851434580418617770e+01,4.885638441031267121e+01
9.295509494418899976e+01,4.096975505808921270e+01
7.959272595359958302e+01,3.223567904580801269e+01
-6.546570832397269335e-01,4.167484601166905378e+01
-7.417776085866437086e+01,3.418933522028584093e+01
-5.859435165430346615e+01,4.455405130339735820e+01
-6.726849220880723124e+01,4.041629714285129182e+01
-5.341320221916495115e+01,2.833491206484089631e+01
-4.508887155488321952e+01,2.668677638647734085e+01
-3.641082448061199983e+01,2.844653531983554018e+01
-6.450205619735932316e+01,2.150430329764769510e+01
-1.662444719954133348e+02,4.478392468059769271e+01
1.253815141373444675e+02,5.332109366115567184e+01
7.992054485671435771e+01,4.396924473872241634e+01
6.974155739562863232e+01,6.578798213136965956e+01
6.820254423168134394e+01,3.505840084843360671e+01
8.369532269501502242e+01,4.164857887572150474e+01
5.427358222057028314e+01,5.329862753641029371e+01
6.151102470254341625e+01,5.564996151324753271e+01
6.724919427425577112e+01,7.337666191659319281e+01
4.048492095473647367e+01,4.096361766390951686e+01
6.152419548242846759e+01,4.200606733302286244e+01
7.925973949194241186e+01,3.026125239666662026e+01
6.469588809126976514e+01,7.345711845565082854e+01
6.992303847041640097e+01,4.460202760533561417e+01
7.387892883978040004e+01,2.833517856010437086e+01
4.794990358418738197e+01,2.112540725938093544e+01
6.294983198021635218e+01,4.124511402137532201e+01
3.864131140207886972e+01,2.802916498391856948e+01
9.511115481224021551e+01,2.792029047171262945e+01
7.525325276426791277e+01,4.296807564223298925e+01
7.225583498269300264e+01,2.543356319614150962e+01
9.872955476650271578e+01,3.583993349384165583e+01
7.612201046685459005e+01,2.775314431377799451e+01
5.925581044112250595e+01,3.111607129696174923e+01
1.599157248643243747e+02,2.056794291311235412e+01
-7.087846177528572866e+01,2.611947505653652968e+01
6.273178036355040632e+01,2.446086396458679246e+01
1.132554833677687327e+02,4.993082316309121893e+01
5.563259508990401514e+01,4.389081752711749118e+01
-1.196260219401563205e+02,3.866126598377596935e+01
8.948332611267389325e+01,3.616309710041311121e+01
1.340663355714190530e+01,5.450626319179246337e+01
-7.784375835246468966e+01,3.493321132077844027e+01
-5.951008139157049470e+01,4.386257932647096425e+01
-6.820186886488569655e+01,7.932118224265266804e+01
-7.677206715923526303e+01,6.493463695821898796e+01
-6.215843423815498880e+01,6.927725266247090019e+01
-6.197613310998592340e+01,3.739524911222775927e+01
-5.509548264138391005e+01,6.332256068163695772e+01
-8.785836688570772424e+01,3.456545269150198152e+01
-3.829629560258609899e+01,1.482054969089373131e+01
-8.288219355658449672e+01,1.534600836781479671e+01
-3.814271038454042184e+01,1.090293785272755755e+01
-5.927979335518756443e+01,4.364569400801013188e+00
-6.523961250870208062e+01,7.832104933231471833e+00
-5.896626083293472931e+01,7.181280364874929489e+00
-8.973157195975855416e+01,2.235270775019776579e+01
-6.689325466934494102e+01,2.086151425957640626e+01
-5.935925131111783770e+01,2.384534176709780695e+01
-8.859380941208269178e+01,2.785433843363384909e+01
-4.128722922393437500e+01,1.401674422314895097e+01
-7.541555315357743439e+01,1.911159475866835322e+01
-5.453529994494612509e+01,3.396069375938486701e+01
-3.827815727224722764e+01,1.799192301773652858e+01
-9.197029761746281906e+01,2.784926898596735967e+01
-6.671229338803797759e+01,1.099691012563032366e+01
-7.327841811053849597e+01,1.897138896787665630e+01
-8.068452182175525422e+01,1.954964916552085441e+01
-7.093844642632220143e+01,1.595493087863927073e+01
-7.316191388158721054e+01,1.823278455950453036e+01
-5.954598210945053438e+01,1.614716555555505551e+01
-8.061306804111931967e+01,2.523406021143583544e+01
-5.913222878888098677e+01,1.553168696008639671e+01
-3.225121764033691107e+01,3.264965021728028916e+01
-1.061239492177905390e+02,2.348733187346989126e+01
-1.176180909631834197e+02,5.332437189507025721e+01
1.718824828055478520e+02,2.747827909571736882e+01
-1.775387954960104366e+02,4.465367229358560763e+01
-1.396955671182135745e+02,5.441734045807648101e+01
-1.477994195691640584e+02,3.286430746838308892e+01
1.177573908820969564e+02,4.326130321709716497e+01
2.166376774842434472e+01,5.822572360230637400e+01
8.156514635973920235e+01,5.512789071583524958e+01
8.232811334071602971e+01,4.613396073375550799e+01
4.910446716172256743e+01,3.178084214499267546e+01
9.241218188033725767e+01,1.605153841380715107e+01
5.810660864747095644e+01,2.982685216887664126e+01
7.024761866389229681e+01,2.395146647112447980e+01
1.053186554108600461e+02,4.324014093588419883e+01
4.600734925855804391e+01,1.977791629026118159e+01
-1.776465275871222786e+02,1.313725769767698637e+01
1.770175580204587220e+02,1.610438273286626298e+01
-1.709794962643951237e+02,1.999298177353495021e+01
1.745476092498278149e+02,1.415936367849430866e+01
-1.681788072815872397e+02,5.616683473495401202e+00
1.516414415421709236e+02,3.746388445450919136e+01
1.457254405299196094e+02,1.478685337829955415e+01
-1.319969943949433855e+02,4.075112475979034343e+01
-1.577113168861740746e+02,2.662460153205784508e+01
1.714756452071334252e+02,3.452293394161379325e+01
-1.399682973034650786e+02,3.867766013276506953e+01
1.512346406819942217e+02,4.134629801760250700e+01
-1.772364585554449832e+02,2.044026851447394932e+01
-1.530830389615557579e+02,1.530239642543724266e+01
1.589220321806155027e+02,1.964859664888692947e+01
-1.629941720634422495e+02,1.848469945101025758e+01
1.719296754102750526e+02,7.800482633354222983e+00
1.697334040918569826e+02,1.589952039748034451e+01
-1.639756188487206146e+02,2.023820196252443182e+01
1.736582965741513362e+02,3.473227577913667119e+01
4.792495857477703680e+01,1.636363837256328679e+01
8.004829771674373262e+01,1.932385007946030697e+01
6.064349796134288795e+01,1.490271774959789042e+01
7.455757636786358944e+01,2.379889691469366397e+01
5.657169433597920261e+01,1.941749581862735852e+01
7.585347848967425932e+01,1.810303131152767264e+01
5.630791523163909318e+01,2.541779282295091491e+01
6.269141638532270377e+01,2.259111128956936909e+01
6.550776977802119916e+01,2.061910793331630742e+01
6.976096704986098018e+01,2.768707814417069102e+01
8.262912391957000580e+01,3.706143351918899498e+01
4.429922484364298185e+01,1.863000072590950751e+01
7.785503668044287906e+01,3.179848451498005346e+01
8.270592907226600232e+01,1.891648864503768124e+01
5.260096865006234879e+01,2.113502947381041963e+01
5.128907107978533730e+01,1.630056345992758793e+01
8.619599247067492342e+01,2.058289177734722841e+01
5.745157679877919321e+01,2.209304754404674043e+01
8.003375929886925633e+01,2.354752148828228542e+01
5.946245375144392398e+01,2.290093663264704560e+01
6.786240683008200847e+01,9.181269417612764272e+00
5.510337494615234988e+01,1.162966421149964447e+01
9.738281051628392504e+01,1.386961228111069744e+01
7.127238380933644635e+01,7.739579402116504525e+00
6.535006751239843936e+01,9.107181169350543115e+00
7.674676864090452000e+01,7.669837533770111904e+00
5.604908583532844801e+01,1.504854840919001013e+01
7.959105527903547284e+01,1.412088381373723678e+01
5.695525588811078421e+01,1.260059074017405578e+01
4.780210585379519728e+01,1.648699792302210909e+01
8.623072051409897654e+01,3.829277257469884432e+01
3.034202817556166920e+01,3.584767682239773734e+01
6.428570828543891480e+01,3.595307953888167418e+01
9.916739352997596768e+01,4.073353084394808832e+01
4.375772891790646213e+01,3.084281109447358205e+01
7.033929403287068283e+01,1.610693144298323176e+01
7.828868587369561283e+01,3.899556174613239534e+01
4.741320698397006339e+01,2.739670162994845271e+01
7.377999605203721956e+01,2.564043726671251378e+01
6.686867277055478098e+01,3.491370310498514584e+01
-1.568936649855327516e+02,1.803913565127986018e+01
1.760878579771343198e+02,2.797564167759299991e+01
1.566061516602050006e+02,3.334773103390352134e+01
-1.580739936822163543e+02,1.473053327139377799e+01
-1.633467199975436301e+02,4.464667340570741771e+01
1.615278385938450469e+02,1.899905984641118906e+01
1.766700436309996007e+02,4.328485123111482125e+01
1.601641383238213621e+02,3.271865888477775286e+01
-1.688262964099278918e+02,3.522687272133434533e+01
-1.455446776078979099e+02,2.908595752711126181e+01
1.738636118511814459e+02,1.524446462285604653e+01
-1.764674048716678101e+02,2.983685077263121954e+01
1.746672027162334189e+02,2.045989247731229099e+01
-1.794841382189426895e+02,3.148038076940017405e+01
1.691851160599828177e+02,2.445091535143595607e+01
9.835943044499103394e+01,2.695599327841090087e+01
2.294440302083082273e+01,3.791427111514462212e+01
8.791603334188522467e+01,3.478250421559016559e+01
1.171459617500814261e+02,4.689848676467229183e+01
-1.626696150753836889e+02,2.592223715804654915e+01
-8.419163498526754097e+01,2.256966321471229620e+01
-5.220087547423072039e+01,5.600753968116954695e+01
-1.390531391540825155e+02,4.721294887982597999e+01
1.453985347041889895e+02,4.525566734722271178e+01
-1.577076958468444161e+02,2.906900499024598616e+01
-1.640623634445580024e+02,2.179499096480727260e+01
1.584490752952953585e+02,1.835642724326067921e+01
-1.683323276596244682e+02,2.343268840119218055e+01
1.770609545727642740e+02,1.817458945852129304e+01
-1.764944168295091629e+02,1.115736893360442750e+01
-1.793537145313829342e+02,1.451980671690436608e+01
-1.759532114518669061e+02,2.417882118656523360e+01
-1.676239834403889688e+02,2.324752059201918897e+01
1.523808729817776282e+02,1.602986614217130068e+01
-1.675080615115439571e+02,2.606744861823171888e+01
-1.627111017399856507e+02,1.085964859616337108e+01
1.403992893077046915e+02,1.848391130733687504e+01
1.711997591485927899e+02,1.898471072941682891e+01
-1.403467599504531620e+02,3.729458593841826541e+01
-1.767213778686836747e+02,2.208553210251956145e+01
4.648167644688761868e+01,2.087469839840520081e+01
9.519367723386991997e+01,2.406762213504045178e+01
7.049672991439746284e+01,2.386902993581636068e+01
8.738905453290642811e+01,4.855905555236509485e+01
8.831152441948889020e+01,2.993775819742966249e+01
4.800402196150494660e+01,1.163687748229366647e+01
8.880147124610380160e+01,2.455877851244049737e+01
4.891963607788411394e+01,2.048786536556313820e+01
5.902886515829028724e+01,3.225580166182631103e+01
5.341852367698048454e+01,2.914073285163338056e+01
6.722746285407545486e+01,3.190121705509882588e+01
4.882404182690931549e+01,2.398451443355236634e+01
6.341368768135122025e+01,3.095392499652806251e+01
4.119508521694798020e+01,2.479792004775836034e+01
7.955496440589043061e+01,2.503541650804918817e+01
5.770906260074066552e+01,8.950968851910310775e+00
6.450004055168997752e+01,2.901403738719839254e+01
1.065111164395094789e+02,4.032655005129527126e+01
1.492433881825871254e+02,3.543022683306949716e+01
-1.628605658639815772e+02,4.727256291758683915e+01
1.795552919449310139e+02,1.814150635614100437e+01
1.366925437954194535e+02,3.923738937671122784e+01
-1.777532321793743506e+02,3.596324004857240908e+01
1.615545033572014972e+02,4.634600931460636275e+01
-1.439211536205622792e+02,4.864797059579220218e+01
1.788500142489163238e+02,4.670402126039091684e+01
1.172665982198791852e+02,4.805309997067173811e+01
3.660517448391317430e+01,1.553950573785573397e+01
2.188034667171409353e+01,3.874246893241914336e+01
7.710335115624197044e+01,3.946804142673161664e+01
1.008826266595265686e+01,4.257992678950881782e+01
-5.850560566477506086e+01,4.328283014925840178e+01
-9.148211394431340793e+00,4.009569871103254002e+01
6.393476395793645395e+01,2.845709349655236764e+01
2.783415516440328474e+01,2.812087571977921741e+01
6.332971603802227634e+01,1.583707676641942541e+01
7.787110242840573449e+01,2.441034045810259201e+01
7.285317886157022826e+01,4.239196744960374730e+01
3.676715297297008078e+01,2.092173301526967322e+01
6.175861205878963744e+01,3.657769092461117566e+01
-1.799261953621438579e+02,2.331349848975107619e+01
-1.684836549436111568e+02,3.922388596473817302e+01
1.629400611444513629e+02,4.272968856431917573e+01
-1.656510851009148269e+02,4.203560791813875852e+01
1.666250810976853813e+02,6.396553695192356770e+01
-1.530255969189344398e+02,4.526577665431583597e+01
1.458540774807393632e+02,4.101871144785715018e+01
-9.681502654736378588e+01,2.401044233501849234e+01
6.875238075672448268e+00,6.421314007198878926e+01
-1.460611126459944842e+02,2.468002924580859059e+01
1.404795164143325223e+02,2.173316525990385273e+01
-1.124401361260317174e+02,4.252300084464692986e+01
-4.029785126969152742e+01,5.796087936910129201e+01
-1.106977982254252737e+02,3.782326765582067196e+01
1.350259714403874227e+02,4.687742534935490824e+01
1.370335523836882885e+02,2.094419131538542800e+01
-1.537547111492652050e+02,1.902194751260041983e+01
-1.749822270145067478e+02,2.408633694300634787e+01
1.591434918630505990e+02,4.278206210630634132e+01
1.752945453073874944e+02,2.506005057122380819e+01
1.753715078667449063e+02,2.225953152118097478e+01
1.690493517573559359e+02,1.391156500128965945e+01
-1.628729945399058181e+02,3.262669649699024177e+01
1.687479812315031324e+02,3.716409738589304368e+01
-1.679951151122165527e+02,5.032151290704695157e+01
1.651782534013668737e+02,6.382531074023385997e+01
1.715805186836929579e+02,3.308894573566244190e+01
-1.583654002286901061e+02,1.483601659856889832e+01
1.494329911526886008e+02,3.396748021438123999e+01
-1.707300747448219909e+02,4.650085559057939832e+01
-1.748619801922723411e+02,4.760920282706577922e+01
1.706616340487937293e+02,6.032109806553577158e+01
-1.588968589256073756e+02,3.107693142398107256e+01
-1.754140311333552233e+02,4.381703833175997431e+01
1.688249967531471611e+02,2.754841820740645630e+01
-1.726943022207301510e+02,1.810351846326781100e+01
-1.680030362546147273e+02,2.997025152324113151e+01
1.701756971599637041e+02,2.735051399608786582e+01
-1.784317604789007419e+02,2.908856790156696803e+01
1.378797412469565131e+02,3.972534572580786971e+01
7.575600887987735632e+01,1.293536305045576995e+01
8.003360514998995257e+01,1.285479824920293979e+01
9.287235858081534445e+01,2.290618981292428202e+01
5.698577947019898460e+01,1.379422533076129653e+01
5.867733276690221089e+01,1.446433602140958996e+01
6.871339418078314054e+01,2.016571168153453542e+01
3.701492182410007814e+01,2.436661354263685197e+01
7.305200395470681940e+01,3.471268706562841544e+01
2.042791921203222572e+01,2.745497681479335128e+01
-6.507008248391414895e+01,2.274940657702723001e+01
-8.157818395995909100e+01,1.789484830616588695e+01
-6.208372892519162889e+01,2.985839549483478095e+01
-5.709475174082968607e+01,1.894955260919683937e+01
-4.345286272521014581e+01,1.953443934791332737e+01
-7.254732006476785955e+01,1.768415706201037807e+01
-4.879958715839559602e+01,1.550483386992168278e+01
-6.735553384957640333e+01,6.898151235167035544e+00
-5.784041865233787405e+01,1.149360740306287987e+01
-6.037025505957672777e+01,9.609216501048432946e+00
-6.310196928569344266e+01,1.750764473557525136e+01
-1.712778061691453786e+02,2.187431967134171629e+01
-1.780772849163423928e+02,1.094978945558663597e+01
1.627127703412824928e+02,1.452490935077125656e+01
-1.643264224065115400e+02,1.218209860456136262e+01
1.662507102339087908e+02,1.274796419624160038e+01
1.635503134741896645e+02,1.727169160274285176e+01
-1.660714617553678067e+02,2.018925481726663662e+01
1.755987911454582218e+02,1.809350181018957926e+01
1.650563083628884442e+02,1.558382700098999507e+01
-1.458125183819328470e+02,2.858286423472842586e+01
-1.389366158492343288e+02,3.019547882361984037e+01
1.493022513908618407e+02,3.090849582802879780e+01
1.408272177881929395e+02,3.549511905281491408e+01
1.613316513508681567e+02,2.993675463895905509e+01
-1.541746740309280312e+02,3.188088453402785660e+01
1.429258413251588706e+02,2.878315412361559567e+01
9.945715593582556835e+01,4.002595643766115074e+01
9.398240846022311246e+01,2.911725325793462815e+01
8.017670323240855623e+01,3.923428366041084558e+01
5.516082391724887657e+01,4.303546374423181931e+01
-3.762010439017569752e+01,1.900399022569639129e+01
-7.398655606984053179e+01,1.084972143510305642e+01
-1.078429427848871143e+02,1.628390942855376977e+01
-7.546248345453861361e+01,1.379554414380690197e+01
-4.651143135406397278e+01,3.525595657483738421e+01
-1.074099401553433211e+02,3.559957608644424454e+01
1.705440834506796364e+02,3.638261418058507246e+01
1.226881126621875353e+02,3.473920156820693705e+01
6.249936753907187637e+01,2.208777468284213086e+01
3.919034071713952017e+01,4.770846629210466716e+01
1.293749323826596083e+02,3.270495284763990185e+01
-1.299728660990028288e+02,3.971334928678657405e+01
-4.943416585194363222e+01,3.754128552681016373e+01
-5.530381764768220876e+01,4.113186819371001235e+01
-1.222554950009080557e+02,4.223569930126051020e+01
-1.792853630443662496e+02,3.567839590725579768e+01
1.240903014974248464e+02,5.764398759329380084e+01
1.108095039885225930e+02,3.595960978770317240e+01
7.101677064396125161e+01,3.385573724831543529e+01
6.230042953506816872e+01,3.906146363768016272e+01
-4.131679088551161527e+01,2.578556885920296082e+01
-1.007804841614502891e+02,2.874123275513554177e+01
1.465030957873049999e+02,1.466844817851112026e+01
6.340227715848501333e+01,2.947423656287355698e+01
4.223616116058700953e+01,2.240308772194939735e+01
1.050670719603350705e+02,3.320232302715494654e+01
3.415097159433716456e+01,4.017727860344753310e+01
6.210939939147597499e+01,2.014502579240689073e+01
1.766214493423696297e+02,2.074476117806376507e+01
-1.128536103493109692e+02,2.432302811479218008e+01
-1.622563134725425016e+01,3.824791492807449345e+01
-4.233189305260435020e+01,1.995939306475584374e+01
1.736394402240293005e+02,2.955727507529701725e+01
1.760485194087366949e+02,1.684227085939050284e+01
-1.503356078631033199e+02,3.413638433819814821e+01
1.749696354534079887e+02,1.554902541397960647e+01
1.784684648789685752e+02,4.858395861664838833e+01
-1.747489771685279152e+02,4.923925742706727249e+01
1.379469009030766244e+02,3.533037959774907932e+01
-1.487178591272987660e+02,4.359542558628671571e+01
6.919371606062496483e+01,1.746750566228512014e+01
4.780051883896315701e+01,1.437484620976963967e+01
6.603025183767864803e+01,2.458188482587413404e+01
5.174425417299173802e+01,1.363224177376816648e+01
6.670362072352415339e+01,1.814464612484222528e+01
6.499587063007139420e+01,1.884522447386133592e+01
5.110316476408221575e+01,2.522165186510214241e+01
6.719117951141939216e+01,2.787350071186263278e+01
5.781338419305507870e+01,2.614407797702466496e+01
3.459876790578057637e+01,3.951650774585071701e+01
5.837417123168032873e+01,3.819747533244253646e+01
6.707896467131183726e+01,4.104987328885174946e+01
7.039557895936845000e+01,4.157469930441847339e+01
6.947684893312886345e+01,5.958020524834800824e+01
7.352876447997881826e+01,3.647024692043934380e+01
5.847803377680727266e+01,5.418800562849114755e+01
7.007057974796232713e+01,4.982678541688547114e+01
5.937435178864953400e+01,4.181862861262227682e+01
6.831256207845294171e+01,2.922905733290144781e+01
6.017846474703392801e+01,4.144733147291810837e+01
1.664304448098959313e+02,2.011599999356825919e+01
1.747263567198695853e+02,3.268305633345170946e+01
-1.610345792971262711e+02,3.180956561152565598e+01
1.529921335291087985e+02,2.602944762522459499e+01
1.731671234612217347e+02,2.131775246459398332e+01
-1.567124049617125365e+02,2.858930657664259201e+01
1.707606824418037377e+02,1.436616531659014839e+01
-1.798098824066555039e+02,1.726800347445785278e+01
1.783715260473830426e+02,2.141076806623137685e+01
-1.683922108531793924e+02,8.804738987814559437e+00
1.772167120322913831e+02,9.755410942937286833e+00
-1.660466985897898837e+02,2.102088546149631654e+01
1.591346238613216713e+02,2.166189110102651227e+01
1.505300893061832710e+02,1.583448834087370116e+01
-1.575375915456477287e+02,3.254022508864490248e+01
1.703700020328620042e+02,1.763932383431142270e+01
1.789934192664352395e+02,1.862501110231409385e+01
-1.644574924991396472e+02,2.092157720350714456e+01
1.275720489789283789e+02,2.355561488885704335e+01
1.123430440552450591e+02,3.173366953497437493e+01
8.651645501921613857e+01,8.885044427866418459e+00
5.163700538670353524e+01,1.662188412697527795e+01
1.127826760956434384e+02,2.230460336903906438e+01
-1.491510660871708751e+02,2.047491380567373653e+01
-1.460613183950525809e+02,3.116865855598301849e+01
1.394969953693209561e+02,2.920966688276471857e+01
9.063768198435911927e+01,2.765157497775724593e+01
5.687059959279979182e+01,4.610302975475559606e+01
9.691577818325917804e+01,3.344935786465603655e+01
-1.672059296212054278e+02,2.041159412305279375e+01
-9.421794697527951712e+01,3.555916261502974152e+01
-2.108809098859870446e+01,4.328274853692089152e+01
-6.554100885118251085e+01,4.020945658524237842e+01
-9.181174359597764578e+01,6.604424330879425042e+01
-4.880879367881308184e+01,2.774570899505750177e+01
-5.281080746858658870e+01,4.706933368852889998e+01
-9.291577835631562721e+01,4.527168375554727220e+01
-1.085780947974497792e+02,3.072199865391776541e+01
-5.721162725656837011e+01,2.467718286218542545e+01
-8.850310680018282028e+01,2.415957070800970286e+01
1.461995857207126619e+02,1.995535520501193716e+01
-1.654803041393548710e+02,2.397969445660798371e+01
-1.549950788127594308e+02,2.215069439289986875e+01
1.726516792121199728e+02,4.431240137114577493e+01
-1.703627874977537715e+02,1.163936240966028279e+01
1.692058503823579656e+02,4.442072355570673636e+01
1.704382354957668610e+02,4.782883781582307847e+01
1.658916233206802531e+02,4.543455394945122805e+01
-1.787228160281648570e+02,3.536729785283694838e+01
-1.624742460156747939e+02,1.982779994760320008e+01
-1.739531176865404802e+02,4.618874698580112437e+01
1.752936520479022704e+02,1.524681523885604406e+01
-1.710771055521713890e+02,4.608517660998582954e+01
1.556146561874856218e+02,2.511978615073046939e+01
-1.685403018918104863e+02,3.024560017991377947e+01
-1.734122998771706250e+02,3.845246814998397866e+01
1.563009667897217412e+02,2.625108292973644453e+01
1.756018992173159177e+02,2.806575361221412379e+01
-1.792832876348369098e+02,2.366960430619954892e+01
-1.533894474071296941e+02,3.943368305530682250e+01
8.319252566444187380e+01,1.719227311925930124e+01
4.567306015077079451e+01,1.915116663119139062e+01
9.402336264126169851e+01,1.594985511365826625e+01
8.213361679956865657e+01,9.608208841789116050e+00
3.922172446053781414e+01,1.923659321492447560e+01
9.921638013592476568e+01,1.573268482566447091e+01
9.279612435880991939e+01,1.659598625144523965e+01
3.891113278686751897e+01,2.132027882829641285e+01
9.640344289171028436e+01,1.840734327562260830e+01
1.045888751101046239e+02,2.449298753006351603e+01
5.582870705106330433e+01,1.776818811173917823e+01
6.347061389507491924e+01,1.875388557269461387e+01
8.894316237737663755e+01,1.638968736333808351e+01
5.460268217719556105e+01,1.835649286078943732e+01
7.850171714251644062e+01,2.738030828743569245e+01
6.716735054193500787e+01,1.777809891849850743e+01
6.491427332927956684e+01,1.822964886630102654e+01
6.133443181084585660e+01,1.797719334792886769e+01
5.166768115995829191e+01,2.154046433350697143e+01
6.673660102818899986e+01,4.180551649214172727e+01
-7.633946890408117270e+01,1.671536823800044402e+01
-5.670746765348586393e+01,1.303217815712348226e+01
-9.777358538015835165e+01,3.261455082596638988e+01
-5.511085159912554587e+01,2.886369780535165930e+01
-8.173638242671768239e+01,2.595795865229381860e+01
-7.012578037524414754e+01,3.321887126474478436e+01
-7.437551602043684795e+01,3.456676897119839964e+01
-1.688709373808343059e+02,3.508330508274502080e+01
7.232971784915167746e+01,2.858673101664898297e+01
-5.648307850348860626e+01,3.606230479791620525e+01
-1.330103341834402784e+02,3.464397275222919603e+01
1.728617113391711086e+02,5.070175959394465082e+01
-1.729720434826182895e+02,1.837986881913270309e+01
1.332107515521447567e+02,5.287764510148859642e+01
1.262535736463208167e+02,6.239119646225330484e+01
1.405660668602419605e+02,2.672001640294223535e+01
-1.572512405916987746e+02,2.174727630793285016e+01
-1.581278923134553338e+02,2.419000184051908775e+01
1.546451705763526263e+02,4.094738248875454190e+01
1.722373072891584229e+02,3.899218593072392025e+01
1.781117050299943116e+02,1.418493925030783487e+01
-1.778969890546994748e+02,1.504640281111678490e+01
1.633862494706483233e+02,2.211868232496047426e+01
-1.705368743647917142e+02,1.667704920526380974e+01
1.755398589765816553e+02,1.813520793775922968e+01
1.742975145978871581e+02,3.015090393795571089e+01
-1.659239810165356914e+02,2.417066427695613839e+01
-1.693249548324029377e+02,2.780968154419955596e+01
1.738133166993686416e+02,2.460811238032287918e+01
-1.656125074031753286e+02,2.842886619026421613e+01
1.619318163449289614e+02,1.567093546460066023e+01
1.556478033983163130e+02,1.868800142311924617e+01
-1.558106656576657087e+02,3.101983354698778328e+01
1.617694454008878893e+02,2.279704758136884024e+01
-1.718131557535378988e+02,3.005090770313860915e+01
-1.770996332187625342e+02,2.908497207822331987e+01
1.703818302384155459e+02,2.279863463199982476e+01
-1.647519141419533923e+02,2.332710391526927651e+01
1.689990621168487621e+02,2.367447472671261011e+01
-1.511025724815380613e+02,2.922747112452532292e+01
-5.481418118974965381e+01,1.995943804663796328e+01
-6.893346546036218569e+01,2.453701746847688270e+01
-4.300319063897912031e+01,2.453924190382592485e+01
-7.543585413854096089e+01,2.670778437848318987e+01
-4.732769743383374816e+01,2.230807640417061322e+01
-2.603937096039748411e+01,2.684455666172526733e+01
-5.555628397309771316e+01,3.774944491266601432e+01
-2.563584263052037215e+01,3.319434883464440134e+01
-5.463894244686973423e+01,1.939473901149688118e+01
-7.606869772753209702e+01,2.105827010465179683e+01
-6.247653321437586271e+01,3.057278704193927865e+01
-8.149246071496398258e+01,1.982306367553887583e+01
-7.422303214847704567e+01,1.058549844966026043e+01
-5.710219964133576553e+01,3.375213028812279248e+01
-9.314673669425076241e+01,2.591066609862713221e+01
-6.244355037558418076e+01,1.371083549715297778e+01
-4.199014510346719931e+01,3.347806817170342697e+01
-5.984146514788320559e+01,2.161829051949716529e+01
-5.395146385007289780e+01,3.595266107682105172e+01
-5.639610912607515303e+01,2.867541073064413837e+01
4.196179915233633295e+01,3.182039870945914828e+01
3.932288485127353539e+01,2.326196422368288097e+01
5.468677817525428964e+01,4.183457784222089515e+01
2.552353936365054565e+01,2.393144885095034269e+01
-7.765279510994666623e+01,2.355385505222566778e+01
-6.745902464263988918e+01,3.045811804367036757e+01
-7.659625762544744987e+01,2.170254830315915484e+01
-7.889115037914214668e+01,1.210647321327607173e+01
1.222870693697902311e+01,3.838866458786559122e+01
8.852003404108816653e+01,2.628476700400179311e+01
-1.342418827555197538e+02,2.760037797062073395e+01
-2.746034644918001177e+01,3.567691315990032308e+01
-1.079858915166761903e+02,4.721904667251359911e+01
-7.627429755697541225e+01,3.239852195461592288e+01
-4.409847759458617844e+01,3.508859158805705647e+01
-1.115357286168116815e+02,3.351557708667409941e+01
-1.235776914804761475e+02,5.353471798827594341e+01
1.745826977777786340e+02,2.181952470375248865e+01
1.249923270213598414e+02,3.075530680293901398e+01
1.324558755320571777e+02,3.481649944860642876e+01
-1.643544623630892261e+02,2.743126136574390017e+01
1.747652700843599121e+02,3.885162021408198996e+01
-1.625763637673414905e+02,2.416409540262091582e+01
1.704507466785658210e+02,2.192564245668529566e+01
1.086463373934562497e+02,3.399045044995817477e+01
4.610377392750192627e+01,3.537526451584790266e+01
5.803298873289348592e+01,3.716190833310001551e+01
9.362341447915623860e+01,3.555906820295642490e+01
4.316160134146429073e+01,4.709363314243306320e+01
8.871546664396831261e+01,5.715066033788639999e+01
5.065617950178309314e+01,4.409708575181186774e+01
6.511497251677430143e+01,3.023573783683904281e+01
5.152800926310405316e+01,4.636902140007023831e+01
8.580066032212988603e+01,3.413181198502010716e+01
1.284785639479610211e+02,4.265893274951760361e+01
-1.446686183547694498e+02,3.432683199109307282e+01
-6.540009940030968494e+01,5.130634141497476719e+01
-7.531319634721972989e+01,2.189445799054016817e+01
-8.368676390756257888e+01,3.741016721040502091e+01
-6.367568422278843343e+01,1.811137489685777879e+01
-1.562214184047772392e+02,3.158430805882571946e+01
1.481297929829997884e+02,2.641126489541789368e+01
9.485796894941795188e+01,4.546843629465313086e+01
2.660516945305492342e+01,6.693426636638500327e+01
8.060254343909052466e+01,4.871159272793099149e+01
7.412898096105254808e+01,6.351128347950238151e+01
3.260063159758365003e+01,4.320938482569057726e+01
8.572917743429003679e+01,5.380520481142593781e+01
6.930636261779872598e+01,5.190906462774781716e+01
1.121267309362363989e+02,3.486352886008346985e+01
9.940422454447833900e+01,3.183309732344523368e+01
7.774628288643532414e+01,3.456247230851469965e+01
6.326273201083998998e+01,3.513475054287741983e+01
8.230225263523607282e+01,2.803861477886701792e+01
5.931412715968698279e+01,3.454908838713134855e+01
7.301318970002103015e+01,3.378359378589397721e+01
4.326056484716419703e+01,3.417396534949342168e+01
4.171903953037628554e+01,4.614531224310815105e+01
4.702671652666834490e+01,4.372408174365403966e+01
4.715972649223743218e+01,5.056838346058296452e+01
-1.785818919441673529e+02,6.773181747192698943e+00
1.723738194214436703e+02,1.309635468864109953e+01
-1.691420658443240370e+02,1.648029934736639035e+01
1.677415480009737507e+02,3.118243151531711277e+01
-1.718297020440936933e+02,3.225926741248031249e+01
1.702809745913532709e+02,3.043163392030836789e+01
-1.757068581754748209e+02,1.987827778362573738e+01
-1.776041208543359744e+02,1.896285157440517821e+01
-1.637628826845169954e+02,1.851642457839401601e+01
1.474901334950576768e+02,3.093976680191758177e+01
-1.521389112633618481e+02,3.035191643102993453e+01
-1.655900258503864677e+02,3.230706400391137834e+01
1.741954423402262364e+02,2.548245204649718332e+01
-1.797222538585111806e+02,2.777469159153667633e+01
1.767594137392432003e+02,3.778262727097609286e+01
1.711991798192904071e+02,2.389839567984297020e+01
1.437419627081494298e+02,2.792881850012330247e+01
-1.314016395225684164e+02,3.084732339160353476e+01
1.592889539901945284e+02,1.917236556826125593e+01
1.654893589539436221e+02,2.919343842548078527e+01
1.621185591674467901e+02,2.480913218246610086e+01
1.782355631688872677e+02,2.567734238893735466e+01
-1.399224469593800109e+02,2.840326247670514448e+01
1.745131833801309256e+02,3.627482796752836691e+01
-1.603738674909447468e+02,3.287551755550803989e+01
-1.573213519206023818e+02,3.201772015934092508e+01
1.552375554358533520e+02,3.781472625340643390e+01
-1.714297505066523399e+02,3.663941540807601172e+01
-1.633456709976923378e+02,3.490965756757564975e+01
1.721961774585673481e+02,2.712848788623081475e+01
-1.675656448026026624e+02,2.259008052168930547e+01
1.711846207143391609e+02,2.497667861821747337e+01
-1.554085605018553338e+02,3.607083414136029376e+01
1.708455402034095698e+02,3.149745511927558184e+01
-1.690488256918448542e+02,2.135419005585136887e+01
-1.777011803407530977e+02,2.199220378306794288e+01
1.731668543553946904e+02,2.805416746142010354e+01
-1.741078253492154602e+02,1.729797646737782202e+01
1.762450986850188315e+02,9.402971062021670434e+00
1.656988179828418026e+02,1.503564733194640723e+01
6.999029833541005985e+01,1.950403278535325313e+01
6.218163824213298341e+01,1.067867973393254033e+01
7.636095544073404540e+01,1.318864272632326085e+01
7.386399249747140061e+01,1.890762502121968680e+01
6.174320870394932115e+01,7.956422400458999178e+00
6.085588335895877066e+01,2.482814902763046305e+01
6.489958724333490636e+01,1.283157098562656273e+01
5.584858316992185223e+01,3.150191428334676402e+01
6.539440161490961145e+01,1.470212700286599983e+01
8.141477869129991518e+01,3.425452477673785268e+01
5.387341153528983995e+01,1.583616452756162474e+01
6.685375750778521819e+01,2.098931434360969561e+01
5.181011713118294182e+01,2.400122340781971175e+01
6.202194281988573010e+01,3.705921380518154251e+01
4.680232344650087839e+01,2.704781262250759610e+01
1.029958483630476138e+02,2.715538806541177763e+01
4.277810850055464442e+01,3.773626815221632569e+01
2.956493176985794236e+01,2.303749550784032607e+01
1.021790676376636924e+02,4.198592246360603042e+01
7.046059329912917235e+01,3.743278104275568552e+01
1.468437279686811507e+02,2.824712496530167272e+01
-1.530171888828850797e+02,2.370648869284313776e+01
1.796131325290170082e+02,2.679954414511361449e+01
-1.654181141965749191e+02,3.323878722495012994e+01
1.726423441565202097e+02,2.931962195578806529e+01
1.660107540920662927e+02,1.634832694986594959e+01
-1.611781435454980453e+02,3.370227842574548305e+01
1.681862708734774117e+02,2.744209397371639980e+01
1.783647617578158702e+02,9.711029695781943971e+00
-1.670527205024420141e+02,1.367058623711525911e+01
1.750850769531429592e+02,2.073319325114485423e+01
1.614098912032833368e+02,3.034243657134832262e+01
1.753158505381194061e+02,2.421756101976000508e+01
-1.459135958055668141e+02,4.264571709837680658e+01
1.488580360923311900e+02,5.297316361068713775e+01
-1.674556179126734037e+02,3.741226639912341057e+01
1.711625841399305727e+02,3.190509049911133133e+01
-1.734776357800294306e+02,2.783749167682520920e+01
-1.770111627559421095e+02,2.229797039532056857e+01
-1.721024954766585040e+02,2.450800239154223448e+01
-7.252677405013895395e+01,2.564346327377308299e+01
-5.445591827865194290e+01,3.380522476739672300e+01
-8.555683379324548810e+01,3.258244127211818864e+01
-5.766039686214149640e+01,4.678729065913980634e+01
-3.566704350246384081e+01,2.356637146234963609e+01
-3.724572666021916234e+01,4.590983926095975676e+01
-7.057838575360067068e+01,1.884871932881883438e+01
-6.182480429738871663e+01,1.585666336389788000e+01
-6.317049090368211495e+01,3.359336463209920964e+01
-1.003728948821628961e+02,3.021221286345119950e+01
-1.242016557444529639e+02,4.059882727625753063e+01
1.689001054725073629e+02,8.996583060878649007e+00
1.003042525793983089e+02,5.112491340293939857e+01
4.148557690508410190e+01,3.693247130476350293e+01
9.337265520984074385e+01,3.707103267522787604e+01
1.534884701856611002e+02,3.664403281615370389e+01
-1.505891829467762761e+02,3.879918240663586460e+01
1.653978669122089968e+02,5.305056837144304183e+01
-1.774741912341602301e+02,3.672662359557369882e+01
-1.782607274998170226e+02,4.177214370346613492e+01
-1.416060343817174498e+02,3.390733390175030593e+01
-1.384020575123657011e+02,4.400288767346047081e+01
1.626039241474563823e+02,4.202915346711696287e+01
1.595531811500944173e+02,4.365126926152499465e+01
-1.682501920206867396e+02,4.631751214071802281e+01
-1.788527173967684689e+02,4.673359423838701332e+01
1.727759498545103725e+02,2.841088129732359135e+01
-1.741044567068142044e+02,2.694116330536380843e+01
-1.604367020434197002e+02,3.296666560155127002e+01
1.388208629378824241e+02,4.821811956866071114e+01
-1.768565201077379072e+02,3.105423466585761716e+01
-1.646914623865265526e+02,4.279030222888865609e+01
-1.782193973195084880e+02,4.665493837518562259e+01
1.685903914801440351e+02,3.622772780410009830e+01
-1.766512325224562687e+02,1.250143406545973335e+01
1.273841438908111172e+02,2.400194251995356964e+01
5.949988654716272407e+01,3.458129875226192951e+01
5.872105864031171052e+01,2.859555101400166777e+01
8.983979022992284058e+01,5.376580468975367921e+01
8.933814835112173114e+01,4.837071312778346055e+01
1.008015812266273485e+02,1.825406690006881405e+01
4.508207554101649350e+01,1.077620202201722499e+01
7.183265108197548443e+01,2.744795815986657317e+01
1.038815271063654109e+02,2.056586002626891130e+01
4.306049405910607675e+01,1.914676026002554465e+01
7.358955753004848077e+01,2.476984650868207183e+01
6.505972128667517040e+01,2.650592897464515474e+01
6.531737824172536477e+01,1.883284897090416266e+01
5.386354172066334911e+01,3.505148541224921388e+01
9.328931124972108080e+01,3.653240808595441536e+01
-1.716252386167252837e+02,1.588842579452901305e+01
-1.534400219080678482e+02,4.757769923475726870e+01
1.649033193367773436e+02,3.812630834360787446e+01
-1.632374600724919844e+02,2.069665691637615978e+01
-1.673094465860849880e+02,3.394155047519633683e+01
1.615138521458420939e+02,3.272374916413657786e+01
-1.776273523915911028e+02,2.139265294229878123e+01
-1.562784704972936538e+02,2.340202531662437480e+01
1.602810948341756614e+02,3.630818753891640682e+01
-1.663858760694708678e+02,4.607486827868716261e+01
-5.498155882165465869e+01,1.368463651113765600e+01
-6.213555426655727842e+01,1.747154973775841214e+01
-1.431912958102148252e+02,1.938797179838595142e+01
1.625047580081526633e+02,2.305379880787253555e+01
1.613233089310670323e+02,2.903951352173340794e+01
-1.640409326434227353e+02,2.812372209714251525e+01
-1.659048409556251045e+02,1.815204700716027730e+01
1.741273812437534048e+02,3.069528206278742033e+01
1.744799308671736640e+02,2.999797767130587545e+01
-1.615064348317403642e+02,1.813094159522331239e+01
1.704116925271349317e+02,3.398612281278859371e+01
1.784709734786224544e+02,3.325994351126557547e+01
-1.423956932693306783e+02,2.353422818062818678e+01
-1.417391557656252985e+02,3.849534775732160341e+01
1.492886766919716877e+02,3.882374937899265888e+01
1.057723339217784684e+02,2.632254224956566446e+01
3.346190631187516118e+01,3.212605266431809525e+01
5.843880276031482879e+01,1.752079355191435184e+01
1.156022946267369491e+02,4.371163899839919509e+01
1.424093061495283621e+02,3.055931890986422417e+01
-1.741684806992846006e+02,4.642328111155219261e+01
1.739979034053271505e+02,4.349404209222596052e+01
-1.756499098518705182e+02,2.172520584438268543e+01
-1.721219420017819743e+02,4.670009283923913301e+01
-1.769619141160331708e+02,2.008644248263021126e+01
-1.689076383287930412e+02,5.359227075455385148e+01
-1.745083649386205025e+02,2.342338092363677049e+01
-1.641216308936900248e+02,5.092984732017693261e+01
-1.665912484009824368e+02,2.308624855121920660e+01
-1.792193581459292773e+02,4.184264672638963845e+01
-1.769258863802921269e+02,1.726057605241081916e+01
-1.718820135202735742e+02,2.866070401209583451e+01
-1.737814337314950990e+02,2.078274874562728058e+01
1.591692052395155201e+02,4.114869085989074904e+01
1.729559331491089154e+02,2.503656104665619253e+01
1.778265788575885153e+02,3.808046325346301586e+01
1.736139735471855658e+02,3.271098919105329372e+01
1.610117048650794800e+02,3.102381024579534596e+01
1.753851738425027236e+02,1.546705803942806057e+01
1.756765112206944082e+02,2.476308378118325848e+01
1.146144736119534002e+02,4.199650201975747166e+01
4.639804172682280381e+01,1.890229118529114416e+01
7.407093153873401548e+01,2.622449057126190297e+01
8.796731844545543311e+01,2.711804937243316971e+01
3.620251697697477056e+01,2.633285460739773853e+01
6.031416949904978964e+01,2.004247044955022616e+01
8.786417777042596811e+01,2.859605720988822242e+01
3.249223183908593171e+01,2.144705003359824502e+01
5.314449472721383927e+01,2.586275155834468364e+01
1.112723528203299423e+02,3.259954611739344443e+01
1.782723760877536563e+02,8.271419976482638603e+00
-1.738478333156724887e+02,6.612450608293974241e+00
-1.512227704753271098e+02,2.108144778496686556e+01
1.601016102030163495e+02,8.488909503392381595e+00
1.532345867549778973e+02,3.032433748867975609e+01
-1.665442305684328232e+02,2.174869611333297215e+01
1.583564496299581208e+02,3.023363936725499457e+01
1.718715481375695617e+02,3.782373174527700144e+01
-1.641684137386356781e+02,2.145866214774665082e+01
1.669850784707049343e+02,1.454866201783998392e+01
-1.588747469149587062e+02,3.115043258880708521e+01
1.366690783319844229e+02,3.871548288449955777e+01
1.265808881747339569e+02,2.838785426986799720e+01
-1.494540709745838569e+02,4.513296401388427626e+01
-1.774053302403317218e+02,3.723986591336916518e+01
1.422083638435429691e+02,3.058568108031155930e+01
-1.422166926154518194e+02,2.824245664517126642e+01
1.713289648380165602e+02,3.902109926514549443e+01
-1.553119058227288178e+02,2.782777351184315862e+01
-1.197120984254012370e+02,3.419942367255094950e+01
-1.177267596196405179e+02,2.507607340597912327e+01
-1.552119560975647516e+02,2.327181136989502619e+01
1.617528676028751420e+02,2.709506523912642706e+01
-1.772066965463008046e+02,1.778057267497118588e+01
1.736566789590796134e+02,4.010482913892772672e+01
-1.498781306053014362e+02,4.342379634299580715e+01
1.579797228605183079e+02,2.625066539945662925e+01
-1.676269385183420582e+02,1.147295981971617707e+01
-1.735763013105444657e+02,1.237446552657585563e+01
1.526685939309272158e+02,2.411390517202988093e+01
5.674688589068613709e+01,2.329330512196450442e+01
6.226694838392747755e+01,2.320712531531863831e+01
8.400915550135916021e+01,4.232522433897838710e+01
4.635336884858959650e+01,1.267240536178163168e+01
1.139100962226717684e+02,4.006122204082014093e+01
-1.051137979666533511e+02,4.440792141229529477e+01
-2.676624752458304712e+01,4.030550259642895128e+01
-1.739484303371324927e+02,2.131639460119436080e+01
9.875231777864317451e+01,4.026902363972424581e+01
2.746268686631450251e+01,5.021904273530579843e+01
-1.092555312942097885e+02,2.683296677248195294e+01
1.423288546580928653e+02,3.863487755048323891e+01
-1.789090147336681014e+02,1.588089155690163068e+01
-9.154115236045878135e+01,5.424107928313597426e+01
-3.858344284643298039e+01,4.229815914107855690e+01
-4.454753056747593121e+01,2.496936909893277345e+01
-9.388650195241443441e+01,1.412768373018147372e+01
-6.331779893153699845e+01,2.953396566059738149e+01
-7.904453964772866925e+01,2.745947600414742595e+01
-1.002160150127168379e+02,1.800953708415477905e+01
1.729880159010870386e+02,2.477417177218441680e+01
-1.560395492084720672e+02,2.948543861781597286e+01
1.599475327606489259e+02,3.494924926222059014e+01
-1.782066018582556239e+02,1.176445145181698315e+01
-1.541584800337425918e+02,2.797556683540457811e+01
1.571865755350643212e+02,1.509000866327094315e+01
1.785714384183822006e+02,1.459552750010738009e+01
1.754337527289321486e+02,2.694104969331160504e+01
1.678765014411737297e+02,3.036194252318626496e+01
-1.480273043170164726e+02,3.654861449956776909e+01
1.459747450908654969e+02,2.363229838534189042e+01
1.397385591786444081e+02,3.125618524907468299e+01
-1.400883866383022678e+02,3.304963348916982113e+01
-1.218812633446704297e+02,2.946913169546325406e+01
-1.595922504009804754e+02,3.072357858236564709e+01
1.512223183253883008e+02,4.916257195970696614e+01
-1.633437133821810505e+02,4.577308946046652238e+01
-1.732521962445037218e+02,4.519440712118046832e+01
1.599654720245142983e+02,4.013241179081265386e+01
-1.335143398712050953e+02,4.407340952589277805e+01
1.679517395695395692e+02,1.503409356247516016e+01
1.623808137663880871e+02,3.111012249108535244e+01
-1.461276967712562396e+02,2.214105891815293603e+01
-1.630227747540213272e+02,3.392528152022557464e+01
1.652974009693460573e+02,2.149929347707345073e+01
1.741789908624471082e+02,2.868054873220271617e+01
1.616802666863782179e+02,3.138306032644037202e+01
-1.736476624347000097e+02,2.772466543070747136e+01
1.675711242976354072e+02,3.168424002190693756e+01
-1.732518070770307190e+02,4.458670406865790881e+01
1.445472745288932686e+02,4.171810801231187327e+01
-1.600278108265131038e+02,2.350783965923486463e+01
1.535561889723484512e+02,3.044058988035911995e+01
1.627026637011152275e+02,3.031033208546544344e+01
-7.987611973718192360e+01,4.031233831268400536e+01
-2.543448647321293166e+01,3.078555574946840778e+01
8.229753636152928209e+01,3.955385030843626737e+01
9.683289204977209863e+01,3.028113460952101121e+01
4.224567458814807708e+01,4.743094738893621809e+01
7.844688835673976257e+01,3.129766559860381392e+01
1.713328728466175903e+02,1.717979995102754742e+01
-1.530510901273260629e+02,2.590312183909342281e+01
1.607547700274382407e+02,2.494193017117710554e+01
1.674675215608770884e+02,2.626713367282450662e+01
-1.631411266213157774e+02,3.406615791701391771e+01
1.707880960259188612e+02,3.029643561950460651e+01
1.671716686848010056e+02,3.465481175241394851e+01
-1.461058703398540217e+02,2.846615139021133700e+01
-1.445852568484427252e+02,4.543012676636281100e+01
1.755293212730480548e+02,3.648588978887739387e+01
1.537400197902041441e+02,1.870484489065508527e+01
-1.414142773039211534e+02,3.419451140611445794e+01
-1.689115287273414481e+02,1.310927533802404987e+01
1.403905388043342555e+02,3.141556013545429238e+01
-1.786433867893997274e+02,2.197003050246541278e+01
-1.486359238459737639e+02,2.616481731623651541e+01
1.660351908702718902e+02,3.126254307995284876e+01
1.793691160985143824e+02,9.769854541180162499e+00
-1.497559513410813281e+02,2.309158765840177807e+01
1.773278421921064876e+02,1.687471034368365252e+01
1.695427450572388750e+02,2.082815659638171013e+01
-1.687628117797910647e+02,1.294110479831372551e+01
-1.773109182866849380e+02,1.932586210157518636e+01
-1.773814064302642350e+02,1.132444535208510672e+01
-1.687701601579591397e+02,1.534303241568144216e+01
1.669311253947019225e+02,6.473543281085748724e+00
-1.784036977354755891e+02,2.251957438858622140e+01
1.684816787361185391e+02,1.294784087391785476e+01
1.728883494578282125e+02,1.293164167844638612e+01
1.795740676542010590e+02,1.626435272183711334e+01
1.598302510691950147e+02,1.226645957152325295e+01
-1.614957856738539306e+02,1.744063318899870296e+01
-1.799605762453988405e+02,1.741284331967522547e+01
1.649830884369931141e+02,2.262447837413269980e+01
-1.404819752387519713e+02,3.909750865479391280e+01
-1.405793707770421577e+02,2.335286251574949645e+01
1.686230871795274311e+02,3.255711469629542876e+01
1.737411798357402120e+02,2.386399115935392601e+01
-1.664461968611071256e+02,3.951731430455568983e+01
1.709555132470981391e+02,3.142632164994679300e+01
-7.173203263168420563e+01,2.914661593918129867e+01
-8.078129276232327527e+01,2.250554116015270623e+01
-1.101550501437568528e+02,2.486673667906442731e+01
1.792639487587789802e+02,1.664580396798518791e+01
1.341825106006480155e+02,2.843623673846237665e+01
1.400991224561853414e+02,2.384895580334006127e+01
-1.760362791784174874e+02,9.079733539646831275e+00
-1.418839864361909520e+02,2.221215467430818791e+01
1.606877123150458999e+02,1.088358552357568954e+01
1.406374887288698972e+02,2.221947600260095257e+01
-1.619749718904632800e+02,2.292366904495008839e+01
-1.649467807867444265e+02,1.412417393915115760e+01
1.638825266012231054e+02,2.193740038940626036e+01
-1.750410144643915373e+02,1.952936424122493619e+01
-1.677918532939059730e+02,2.150514256002346514e+01
1.393719334164537997e+02,2.766470629466423858e+01
1.587633437226199646e+02,3.456143853961508938e+01
-1.663073574046879060e+02,3.306549615857852586e+01
-1.750830689761741041e+02,3.120169821409642452e+01
-1.634417204217562016e+02,1.866037497846689774e+01
6.063229171718576538e+01,1.411184924816334174e+01
7.597434336287133760e+01,2.616322416154061159e+01
6.769790040702123690e+01,2.468448539509051187e+01
6.880902928188793055e+01,2.192779090565443312e+01
4.887569029984695135e+01,1.871421911943528471e+01
1.020540109813129419e+02,3.956260148174763458e+01
1.030656137249604711e+02,4.000932049673915714e+01
5.275311441575198756e+01,2.259607967100460257e+01
6.679826322114905679e+01,2.789005949703743426e+01
8.006637690220757975e+01,4.441403131434940121e+01
5.246490572294639776e+01,2.807436246360011367e+01
8.752683973179594545e+01,3.704214706569283067e+01
5.125528815293723994e+01,3.748771673712568031e+01
7.475222507485997880e+01,3.174872482177234900e+01
6.046887268336579524e+01,2.636110090707170883e+01
5.292158671928055469e+01,2.193324956168292772e+01
9.832029269058512000e+01,2.046592496106938697e+01
7.319566448671628223e+01,2.984749375510000746e+01
5.898093834469838015e+01,2.886344521871000879e+01
6.016916175265821920e+01,3.153616480906377006e+01
-1.769724536016652507e+02,2.733247060801589612e+01
1.799057785104550362e+02,1.724234799239689409e+01
1.572185625126619755e+02,3.187731489008493924e+01
-1.337623295749633883e+02,5.085292586302344375e+01
1.457058920887047009e+02,1.680620271771964980e+01
9.811570784831089043e+01,5.334894722128645128e+01
1.123024176216944170e+01,3.399256743915597667e+01
7.949092017382810127e+01,2.822128085676396125e+01
1.714839825755581160e+02,3.829236231764491549e+01
-8.949740469668675757e+01,3.215645867573824290e+01
-1.758779924640780123e+01,4.586287580308093936e+01
-7.838121124194533706e+01,3.786421357254641862e+01
-9.701560262652044742e+01,2.408212956235149349e+01
-4.855113638018425348e+01,1.174451480071531151e+01
-5.355263111959740030e+01,2.647350905995596193e+01
-5.200887727942336625e+01,2.466426515120359397e+01
-5.328200823019574273e+01,3.860766778617291095e+01
-4.387231873032665419e+01,3.786046097095682228e+01
-6.375122095452535831e+01,3.732486838978331178e+01
-5.034434505956537009e+01,2.476398057292841060e+01
-9.203434698588279161e+01,3.016950961724823799e+01
-4.310157748575728931e+01,2.798973541957997213e+01
-9.926112223457721484e+01,5.472220978531959190e+01
-1.194451634947011911e+02,4.763278693019677235e+01
-1.066641056568417696e+02,5.049887573723684397e+01
-6.370084044822769442e+01,3.459512895279324596e+01
-8.472814436732784316e+01,2.065497610883091539e+01
-1.290040069952671047e+02,2.478819789167533472e+01
1.474956947045699280e+02,1.978046229119963684e+01
7.502208387090296071e+01,2.706878818959727440e+01
-7.062010664301648433e+01,3.537644328551348138e+01
-1.304773986593262975e+02,3.615720216996293601e+01
1.780811922436149359e+02,2.591042864362540499e+01
5.278500486778757050e+01,3.223872463859911619e+01
3.666365406744355937e+01,3.721388745962921973e+01
1.079502884467181190e+02,2.888784176266081261e+01
5.446308591289164269e+01,2.524417313352168790e+01
5.312832744269088892e+01,3.029145189931726989e+01
1.543098243314307467e+02,2.100933288402928412e+01
-1.285608065135072025e+02,3.228229415003796987e+01
1.795810957022786738e+02,1.798285015858957081e+01
-1.723483687111344125e+02,3.495877918622959157e+01
-1.725497983057819056e+02,1.022962619602300194e+01
1.635639269932461275e+02,1.486289347480096268e+01
-1.509101598826033808e+02,3.786514277360270597e+01
-1.562239727186469622e+02,2.725343194231787436e+01
1.665716253470424135e+02,2.884597133321454265e+01
1.586108843351649398e+02,3.138938036467281023e+01
-1.662776170600432692e+02,4.543271920105070194e+01
-1.665439175270238650e+02,3.969905138473023953e+01
1.749124515027614848e+02,3.424294280774218180e+01
1.703533304961731289e+02,2.401719082209173095e+01
-1.755435302133581956e+02,3.673907722364393891e+01
-1.406763937908508808e+02,3.792067600100487113e+01
-1.620647329604846050e+02,2.645036144000250999e+01
1.597403642208449241e+02,3.268424320364108127e+01
-1.520134254908607545e+02,1.588383937621311759e+01
-1.300820530775921497e+02,4.031959372299417055e+01
1.799682428648225141e+02,2.396186300297461713e+01
1.097391918075275754e+02,3.162239317649958537e+01
4.948710272325385517e+01,5.026536030025363289e+01
1.560178758710621025e+02,4.096599117380330313e+01
-1.053911508540938797e+02,3.513402196167079694e+01
-4.166996277832738826e+01,3.350309557986292930e+01
-1.089732861191785389e+02,5.284153521873525250e+01
1.366590329440240339e+02,4.188594467041401970e+01
6.280259666400787211e+01,6.053198232192089279e+01
6.661704597641573855e+01,2.002431354981924017e+01
1.509972636953711174e+02,6.092534726979558712e+01
-1.372409860398020953e+02,4.727889021675196091e+01
