dihedral_deg,energy_kJmol
-1.645356293723211252e+02,1.769169282979196467e+01
1.684667467434399839e+02,1.452701932171938104e+01
-1.640295280914073146e+02,1.128377442236336314e+01
-1.732641698175654028e+02,5.059189368608008053e+00
1.632043616003363127e+02,6.060481256450555243e+00
-1.508229427505856677e+02,1.249763666187902089e+01
1.727293544954947038e+02,7.307223979039942918e+00
1.633264668150712282e+02,8.136490360984389270e+00
-1.746724681387051135e+02,4.553834069922444883e+00
-1.793364368686906687e+02,4.076648616492634325e+00
-1.658311451312696647e+02,9.490262184595707140e+00
1.408556722824628764e+02,2.212186366276640825e+01
-1.735450380172485723e+02,1.632781273560776114e+01
-1.690062679815198976e+02,1.401775682871574347e+01
-1.760913755803564413e+02,9.182269790457661784e+00
1.645079338322350964e+02,6.403837662709025658e+00
-1.799337918403623178e+02,6.174690503305713563e+00
-1.727786229117763810e+02,8.314571468324603032e+00
1.682243332759345833e+02,6.206934738241539407e+00
1.789115563129102213e+02,7.689019526449866859e+00
-1.723150533941376921e+02,2.320284559253651935e+01
-1.707027893036930664e+02,2.388077587234901955e+01
1.714728055324734726e+02,2.394363873147241861e+01
-1.684509678208285379e+02,7.637870588424359397e+00
-1.732136589773724040e+02,1.763633963587405873e+01
1.613994789372434013e+02,1.651453919024535466e+01
-1.491769755665634989e+02,2.411108367211615899e+01
-1.571710888194882045e+02,2.245460185191053526e+01
1.558819391197257289e+02,2.210528505918202313e+01
-1.641080531787012831e+02,1.052508711940875230e+01
1.670218808038299017e+02,7.954006107083673172e+00
-1.798424916640006188e+02,2.846341485609421795e+00
-1.765126967444041952e+02,2.880061276578250506e+00
1.724578779438515994e+02,1.489687299820871669e+00
1.798478655212031470e+02,2.990125820379038402e+00
-1.738864521443132674e+02,3.848712246055810304e+00
1.738586746139601189e+02,3.109671397753993372e+00
-1.760976964144190902e+02,4.810393426914801651e+00
-1.789028486434978049e+02,4.115545359281045812e+00
-1.738817005092708712e+02,7.487602528337263585e+00
-1.660490109724470926e+02,9.016882746072631960e+00
1.557615772348367216e+02,2.545606677016798614e+01
-1.561989392580995855e+02,2.503496575417011982e+01
-1.522442639386306951e+02,2.538022179471382245e+01
1.532973539200989705e+02,2.043231999055829107e+01
-1.760221845175964575e+02,1.418545595965073502e+01
-1.647348859568405715e+02,3.044714056915510270e+01
-1.773620743567403792e+02,2.075828709804746808e+01
-1.728004727582898568e+02,1.574020556754025435e+01
1.642814151684792705e+02,1.866018190930558518e+01
1.753643613667704244e+02,1.740284323619009754e+01
1.799069695796189308e+02,1.764310818034662631e+01
-1.795501796166374788e+02,1.475664034620802667e+01
-1.612187243685429223e+02,1.767893280649657584e+01
1.685821709563473689e+02,1.259534911274568891e+01
1.764199130354152487e+02,1.396455023521360417e+01
-1.577546720498011723e+02,1.813061102170244610e+01
1.633000268457156494e+02,1.796431998681143938e+01
1.519511037380996754e+02,1.975949166809255786e+01
-1.585060195130668887e+02,1.763881640872127221e+01
-7.135911961037501783e+01,1.328812047749291381e+01
-7.125926050281695723e+01,1.662764831843955093e+01
-6.200337081439617037e+01,1.117936368685727011e+01
-6.732725661652273175e+01,1.367403998260391695e+01
-6.237336065087473003e+01,6.280474412150883090e+00
-5.641561825221319992e+01,8.730680628149375622e+00
-5.523921137213780952e+01,1.313451552947923417e+01
-6.661033722876051399e+01,9.771928296616167131e+00
-5.641651456201345383e+01,7.437958034611652280e+00
-6.413303156071158639e+01,8.461160727507495594e+00
-1.693284118982475945e+02,8.844886442253763192e+00
1.724703518686809502e+02,8.515041368040632719e+00
1.722905748446031851e+02,1.103056351589931694e+01
-1.736917869581415346e+02,7.962752985775509273e+00
1.747706683797067058e+02,6.316034149711216017e+00
-1.753780392270811888e+02,1.054364993167236975e+01
1.743640342566270647e+02,1.250565740762462141e+01
1.798328347217142493e+02,1.001330429185899362e+01
1.683599754391092347e+02,1.562242988204157612e+01
-1.752502959663014792e+02,1.111895281497477050e+01
1.798220652826389312e+02,1.757837849979756228e+01
1.739848281744536393e+02,1.625079760070329371e+01
-1.704222766997660869e+02,1.258871171627258967e+01
1.744646508232139297e+02,1.869639618730040098e+01
1.745248144164164330e+02,1.079371134347253758e+01
-1.620271550828215368e+02,1.803943736945410947e+01
1.650691549667054119e+02,1.019553425878517672e+01
1.795404011127009767e+02,7.863234359704073029e+00
-1.628149838952718085e+02,9.103189574511119986e+00
1.622901441002036620e+02,1.419264513495072677e+01
-6.539119242795237597e+01,1.279084189850724051e+01
-7.138006071168362610e+01,9.793682184018791759e+00
-5.734826487750085278e+01,9.847283007082822337e+00
-6.974657675270331936e+01,6.218179373545183353e+00
-5.768676412474530224e+01,5.370775921247984641e+00
-6.060810205564635567e+01,7.238987639726202516e+00
-5.679149388780108865e+01,1.011810360372084006e+01
-6.406053883959445727e+01,9.521641400177873749e+00
-8.002613451694685409e+01,1.239278952659379840e+01
-6.237851281167615980e+01,1.051909641521750771e+01
-1.666511059573465729e+02,1.936060343757355184e+01
1.486645642295345340e+02,1.713344514225564907e+01
-1.784014763569039985e+02,1.089385184085004532e+01
-1.639419494122673484e+02,1.398040691179362582e+01
1.639113210291064320e+02,2.608510371402746486e+01
-1.732318193086474025e+02,2.236931749731733987e+01
-1.654485506973697966e+02,1.626836373666388980e+01
1.648849908576192718e+02,1.426861720142976964e+01
-1.737896327957978997e+02,1.394426804019165900e+01
-1.712258415933030733e+02,1.923159749661751050e+01
1.730541015002543190e+02,1.944215375672081336e+01
1.793020165053447101e+02,2.555957110202350790e+01
-1.745769035617561258e+02,2.041744276694390692e+01
1.565269003852915262e+02,2.342307885575907989e+01
1.749291678529119736e+02,1.732449153155955202e+01
-1.796403532552071454e+02,2.109672030852907199e+01
1.720711011989101848e+02,1.375817807595180220e+01
1.796140234904204078e+02,2.194715363010435283e+01
-1.728054814623259858e+02,2.164686462948234080e+01
1.658994708728772878e+02,1.911795882291987425e+01
-1.766513481500458624e+02,8.929562850074088232e+00
-1.705856966081232713e+02,1.071068312841959091e+01
1.458101734648882655e+02,1.829794857844208877e+01
1.786036339822076116e+02,1.675011042627634694e+01
-1.597830110632268088e+02,2.026705410354961145e+01
1.498484600009978465e+02,1.764734834368660543e+01
1.769692538630147283e+02,5.752861103838510459e+00
-1.412037060432080295e+02,1.842347534095835471e+01
1.763421471545193526e+02,1.453103008496779225e+01
1.632013091182196547e+02,1.882135029084772881e+01
-1.631537020729773531e+02,1.187105244106481550e+01
1.630714280005679200e+02,1.665832101890761763e+01
-1.799250171389226409e+02,8.810415440567336276e+00
-1.677741314233012133e+02,1.261141737772724269e+01
1.729589361961182021e+02,5.923556536019654928e+00
1.785300768586015465e+02,7.840334157832820949e+00
-1.594649799681086222e+02,1.478127176376644947e+01
1.728766513780782930e+02,1.037933994314447972e+01
-1.761485877694808266e+02,1.000669741340596275e+01
-1.703745181686061301e+02,1.406820375949985547e+01
1.753754679826055849e+02,1.507945814976946863e+01
-1.586951939398953471e+02,2.188874447231879117e+01
-1.790025674878166910e+02,1.941369641759471421e+01
1.692293930645925002e+02,1.250407372039792264e+01
-1.687771860569817193e+02,1.639656020554379268e+01
1.786458275867461225e+02,1.347808503926450641e+01
1.671550330385739471e+02,2.327379995607736518e+01
-1.695132015545796094e+02,9.998464821331765506e+00
-1.753975243807986431e+02,1.331531617336565532e+01
1.684069881298365772e+02,1.739904055458166710e+01
-1.714962586402018871e+02,1.334608122532440078e+01
1.617680389654195778e+02,1.432362840492820943e+01
-1.740589331279990404e+02,1.034954046733849609e+01
1.647531135642526863e+02,1.463817058209978050e+01
1.676077891775449018e+02,1.925948178927127685e+01
-1.761503300163685140e+02,8.134936636646724395e+00
-1.745924175450128928e+02,1.293943158213429356e+01
-1.751999739636136439e+02,1.218462230226529641e+01
-1.746564216147853017e+02,1.599603869242175236e+01
-1.691945586844535114e+02,1.237930955232251762e+01
7.154163446686696659e+01,2.330984940811713102e+01
6.937352652632300476e+01,1.928652262076469981e+01
9.357109201272753296e+01,2.642610937462091769e+01
5.989994179216196102e+01,2.170467149967937814e+01
5.037317289631476314e+01,2.052491793599655168e+01
7.769678620580087625e+01,1.003032996484327910e+01
5.980374148732290962e+01,1.509268503332788924e+01
6.329135326010633378e+01,1.257310130905042556e+01
7.390639501950600732e+01,1.425138674342726119e+01
6.047388526696733635e+01,1.594174830541004440e+01
1.586293941095046023e+02,1.308350818323819809e+01
-1.712791643285729037e+02,1.272994221367193646e+01
-1.781039761255782139e+02,1.168331993285855397e+01
1.556601685724027959e+02,1.223337262241716772e+01
-1.778640628445046730e+02,1.345303002772005030e+01
1.780670681657446721e+02,1.261137730364365694e+01
1.751126953851867540e+02,1.430742103283524536e+01
-1.749763467769843430e+02,9.380138228616836216e+00
1.768084309043400140e+02,1.142605357736487370e+01
1.690539370076490115e+02,1.069226857331092084e+01
-1.423833998072565805e+02,2.372476600375794220e+01
1.780169199496848194e+02,1.691002346533499789e+01
1.538346104114425259e+02,2.496696888905589162e+01
-1.646805462413226735e+02,2.476539674227050369e+01
-1.760436968435607525e+02,2.186268960456371957e+01
1.556340480079952044e+02,1.976611053149584052e+01
1.755335848665038441e+02,1.597415980901534738e+01
-1.393043985858482188e+02,1.823045356183918386e+01
-1.541329773322135281e+02,2.076501498772125487e+01
1.594239714441335138e+02,1.863465003304708389e+01
5.844703607842753001e+01,1.153768037861483720e+01
7.621776323111308216e+01,9.609100445366433263e+00
6.363144909036957131e+01,9.353116330695433689e+00
5.541856909239444207e+01,1.040133524207069549e+01
7.383117783203167050e+01,1.176351473084980626e+01
5.369118862507489354e+01,1.638956596587685155e+01
6.323923806717790796e+01,1.327304917109835714e+01
6.635059789864662605e+01,6.971105150296553532e+00
5.566595126975442298e+01,8.195787183444242174e+00
7.982654410826235392e+01,1.012785088418837987e+01
7.362027480249543032e+01,1.660235316902492286e+01
6.815237183020076372e+01,2.558945931715338418e+01
6.516200528274174530e+01,2.050914510550868641e+01
7.780082720943079266e+01,1.928842548631836706e+01
4.878223614831182431e+01,2.422553368537375107e+01
8.087290231994846579e+01,2.316590998111134780e+01
6.169321179161948265e+01,1.414475365597980172e+01
5.473741654886851649e+01,1.451116097406436722e+01
6.877352854209746624e+01,1.305961667806844773e+01
7.290502839956222658e+01,2.118485605248902104e+01
1.614111568028680495e+02,1.211585410376835803e+01
-1.718379207683508980e+02,1.511265360879250785e+01
1.774388734720728280e+02,1.464034421171651879e+01
1.671336990416498907e+02,1.007531783941949222e+01
-1.625338011557891207e+02,1.214711133999311343e+01
1.655468520544363571e+02,7.245196724854681136e+00
-1.703491958108761537e+02,9.010217916274090300e+00
-1.589140138007426515e+02,1.625107332849383823e+01
1.641958677055968963e+02,1.690509185215088195e+01
-1.727699458993980386e+02,7.172524327115476162e+00
1.448072802796387748e+02,2.703143597728677605e+01
-1.597100508857575676e+02,2.833048102460272233e+01
-1.710290496195618459e+02,3.403829438132512308e+01
1.418631413624178208e+02,2.910598199019713661e+01
-1.691606009626764546e+02,3.477454244932648209e+01
-1.523599052094237152e+02,2.181253432058114328e+01
1.654492182755415399e+02,2.068946458718074410e+01
-1.585468281222094618e+02,1.786777154487508668e+01
1.554220458147255783e+02,3.005825174629534047e+01
-1.589577806332322893e+02,2.884447932562610362e+01
5.599311593439964696e+01,1.589800780872466746e+01
8.195774107601201308e+01,1.768711760725847171e+01
5.925617355109157813e+01,1.625057094778758682e+01
7.037008472109322099e+01,9.381738875625387664e+00
5.194406013372641695e+01,1.642272051459651294e+01
8.041368775076882969e+01,1.351785714066153687e+01
6.253201325609666128e+01,1.464188159687407342e+01
6.742024677111572828e+01,1.635921770616360149e+01
6.096305166367135797e+01,1.869996110989532312e+01
8.550746854068783875e+01,2.113558778370902047e+01
7.211873313119448881e+01,2.350956900078620038e+01
6.678625233955897045e+01,2.722194940506560812e+01
6.983152661141332374e+01,2.307342126057632470e+01
6.774589137356574042e+01,1.151426847106344198e+01
7.269033524502306420e+01,3.570251886444538059e+01
5.962712481181155511e+01,1.773744628013069047e+01
7.248174351249515723e+01,4.024300914949756702e+01
6.661563985853885583e+01,3.438207418049152864e+01
6.976321201827771290e+01,1.655560323712384729e+01
6.592092787182411939e+01,3.771088776756926819e+01
-1.760587876424551155e+02,5.506380979271216169e+00
1.792610647216872621e+02,8.982674425031479615e+00
1.769724895973880052e+02,1.024750991418278367e+01
-1.724217303278299767e+02,1.204396144402110913e+01
-1.698084719233461612e+02,1.289352441380808578e+01
1.611927567947303714e+02,1.212993201843070068e+01
-1.721983787301649897e+02,5.512031951039167765e+00
1.763259981493407054e+02,2.776540151523001043e+00
-1.786163160840632997e+02,2.928240626208667319e+00
-1.782888146605150723e+02,5.995931186434774851e+00
-6.718786157406486836e+01,2.669167236054957471e+01
-4.250114231578810831e+01,1.510884670999751300e+01
-7.565038207178244534e+01,1.971367256299472004e+01
-5.984773313245592874e+01,2.575326683734292743e+01
-5.575168736595796304e+01,1.469578829202696291e+01
-7.744627938057178085e+01,2.206952598824231870e+01
-6.768534830363498145e+01,2.682577170136661593e+01
-6.197683381188927143e+01,3.686857128696577490e+01
-5.692808840722081243e+01,2.956408966572467278e+01
-4.742880243930260065e+01,2.104675187199011432e+01
1.004999190394815969e+02,2.032388656683597716e+01
3.888880390386616170e+01,1.643765517060386117e+01
5.067713549041003063e+01,2.112230243637129590e+01
6.174159701680624579e+01,2.444054477097534317e+01
5.450135636497184066e+01,1.348747293858887986e+01
1.162762187084715322e+02,2.678590744712095173e+01
1.599374252423696419e+02,1.980470785739524331e+01
-1.645382360965240309e+02,1.278532142149778394e+01
1.753603467401539433e+02,1.024110641683253853e+01
-1.706200539922334087e+02,1.194014921676329344e+01
8.237580748273016695e+01,3.924479477106092418e+01
6.579761322569457604e+01,3.823535638112693391e+01
6.323666182151484350e+01,2.474348810001858112e+01
8.209713824042769659e+01,2.375024689894273067e+01
5.698281173636370767e+01,2.250741226763238956e+01
6.385968487552005968e+01,2.164764413362836493e+01
6.154351203022284977e+01,1.986364235296899849e+01
4.676558748023226286e+01,1.535314110050072856e+01
8.741990676127302606e+01,2.187136485717623202e+01
5.559044354718914605e+01,1.231355993881181021e+01
-7.855028582280544924e+01,1.400654467696005767e+01
-7.120644022981481669e+01,1.906476352036459687e+01
-6.184375220098254289e+01,2.169323632322547724e+01
-5.667552647875799465e+01,1.294758918176026086e+01
-5.048067142220737935e+01,1.240029660512594667e+01
-5.633317951205869889e+01,1.354148436954321255e+01
-4.459912676896196615e+01,1.758192607638069660e+01
-5.928338624996823114e+01,2.013176341636535582e+01
-5.538172263548180041e+01,1.497751546234426456e+01
-6.935106489960797660e+01,1.304986772309417198e+01
5.890087697578010761e+01,2.560141843881901025e+01
7.339758533605356661e+01,1.803217882223016133e+01
6.509135307480785571e+01,1.951843112455824070e+01
5.004762070795710116e+01,1.693479405191852649e+01
9.782972798797464975e+01,2.519602714711281521e+01
4.393204249968965058e+01,1.762830284644233814e+01
5.645552016862075106e+01,1.653451307372545998e+01
7.243721705235631703e+01,1.753286196257196394e+01
4.924901546989775625e+01,2.242983051311437848e+01
7.989705710412329154e+01,2.027357832234495305e+01
7.092122694606584332e+01,8.227599557044772638e+00
6.608114581265679988e+01,1.023140889977383239e+01
6.400605503241989425e+01,7.621837545352686760e+00
6.734371768753148046e+01,7.960825016608970017e+00
6.543702628680655664e+01,6.433778388554724614e+00
7.070880233592772868e+01,6.321310682945473047e+00
6.772933672710057351e+01,1.023702220865850165e+01
7.141815760888331965e+01,1.049026486312886419e+01
6.560789083432823077e+01,8.335111446867303542e+00
7.781228055378764452e+01,1.408754714652911488e+01
1.710219836196315271e+02,1.470417035814430307e+01
-1.687189727685014020e+02,1.710662107063668458e+01
1.777659410288379433e+02,2.221619050160467879e+01
-1.783940438873740106e+02,1.795403082753863799e+01
-1.728580563575343660e+02,1.766593803522704320e+01
1.694245567674703636e+02,2.004208627271802712e+01
-1.683353492482654872e+02,1.860363751929432752e+01
-1.752509549086476852e+02,2.190512346720943171e+01
1.717607428646144285e+02,2.832321829817742298e+01
-1.564702317221234580e+02,1.845845380471445552e+01
5.944901788301897483e+01,1.290454182893088664e+01
7.154103946823974525e+01,2.159038107212059288e+01
5.470992544568839833e+01,1.569151650902224304e+01
5.943003058607126832e+01,8.137557651283717775e+00
6.585229895198455097e+01,9.456716338987263271e+00
5.274049262544233585e+01,1.110029595434349403e+01
8.321772685878868003e+01,1.943476922718721767e+01
5.219672640179487644e+01,1.960168746239069648e+01
7.079954500097434789e+01,1.818737897482831656e+01
6.933403027790338058e+01,1.512186824897422710e+01
6.528626577395124286e+01,9.499695037148958576e+00
1.029486467763683635e+02,2.979379523169322752e+01
4.077378987448115311e+01,2.212447548527608632e+01
7.485961146741303196e+01,3.183538106261567435e+01
5.836070000116364298e+01,2.071578456863542428e+01
6.396173802118405405e+01,2.872470437960436485e+01
7.403248715078198927e+01,2.132206648953879480e+01
6.797771945687611606e+01,2.919738243756365748e+01
8.187932805900862832e+01,2.524188259299950232e+01
7.948447038715397639e+01,3.224455598645671017e+01
-1.696874527227185183e+02,1.165160892805373649e+01
1.751469772278128119e+02,2.133339769849868617e+01
-1.737556148962568443e+02,1.300484543004026428e+01
-1.777616388101118332e+02,1.447619164596769004e+01
1.700812187805238409e+02,1.731744935964988841e+01
1.782867191076969959e+02,1.806790383127617616e+01
1.764299465463685408e+02,1.040604607551274441e+01
1.773652136559581720e+02,1.743544594381564750e+01
-1.772012150394609762e+02,7.465327619723753472e+00
1.757173835973767382e+02,1.860909554243623276e+01
-1.793747645772807289e+02,1.863190044658699307e+01
1.711475128494487592e+02,2.456551524671900211e+01
-1.602455706534883006e+02,3.046729008784674164e+01
1.596372894958032589e+02,2.340262003366870402e+01
1.776430728225929556e+02,2.344633737395715656e+01
-1.678813394071046048e+02,1.291688770256961583e+01
1.507396197298791094e+02,3.538198929636421042e+01
1.680585790848338377e+02,1.852185590209906962e+01
-1.730723298888770785e+02,1.325893679880464937e+01
-1.602178655012800448e+02,2.927422831679248105e+01
3.822740403314378455e+01,2.865524819376462418e+01
8.955845333400282016e+01,3.470314568644705844e+01
3.781680032696706917e+01,2.498755924475464951e+01
6.764743193269082155e+01,2.842349696597109698e+01
6.477705132499602314e+01,2.111312622850685372e+01
5.780306099951013010e+01,2.194143516582875009e+01
6.927653798191741430e+01,2.283430263348307676e+01
6.198493999636384189e+01,2.370448784171936651e+01
7.779771078943137752e+01,2.290387977745933767e+01
6.860743279014982932e+01,1.833738905097029459e+01
-9.500405805722917307e+01,2.299181246047128724e+01
-4.400133403585199687e+01,3.383507763835825699e+01
-8.876404496384969889e+01,2.118999932138256526e+01
-9.936490111386569879e+01,2.438145722658132541e+01
-4.318271822364361157e+01,2.046387413643547859e+01
-5.993731662789300429e+01,9.614861585546087497e+00
-7.998990139252634890e+01,2.408628881610152206e+01
-4.687164707426266119e+01,1.174961289795415809e+01
-8.198325601004268037e+01,8.886248325816904270e+00
-5.808027899373752234e+01,1.178663691748772635e+01
1.754164209679252906e+02,9.290895767987956688e+00
-1.739451848843045525e+02,5.529483976604021578e+00
-1.783275907930073174e+02,1.256246277999355421e+01
1.622206418978611566e+02,1.506281464169257411e+01
-1.609857703357693879e+02,1.440776916150685061e+01
-1.603504187605062157e+02,7.916249447248128845e+00
1.488617103746508405e+02,2.078939397338595185e+01
-1.676849259638366618e+02,1.156237321660259099e+01
1.798784758220476760e+02,1.724364115146767773e+01
-1.681619625751444005e+02,9.299631771944229186e+00
1.701489214154764795e+02,1.423772991815219235e+01
-1.685240449603122386e+02,9.595866067906023034e+00
-1.751324311709217625e+02,1.344802750989482121e+01
1.713446089271377275e+02,6.243251004168275387e+00
-1.663713523687580960e+02,1.315708597459948592e+01
1.765972609302978924e+02,1.081356671293847072e+01
1.727443378411043966e+02,1.882368516265479386e+01
-1.665411200908734202e+02,2.152113551828258409e+01
1.791714306117860644e+02,1.446997820073365837e+01
-1.753159108545267202e+02,3.574407852261013119e+01
-4.890054046815449595e+01,1.664227857817225953e+01
-6.571776476213422313e+01,1.140965724457364772e+01
-4.397375761628831725e+01,1.228741518590154413e+01
-6.184662782816822357e+01,1.613436327654251912e+01
-5.842237767218229294e+01,1.280273276928789450e+01
-5.677622676261392343e+01,1.683448854733415700e+01
-7.688850709770683522e+01,1.651783257909568903e+01
-5.458586466840763052e+01,1.085889081716796589e+01
-6.216964286480614987e+01,1.988008431080719873e+01
-5.703062490889507785e+01,1.823948151001741635e+01
1.725713080479889072e+02,2.595198630791187000e+01
-1.559400915875959868e+02,1.859699187450564750e+01
-1.787113649844117163e+02,1.619625742647118471e+01
1.797495558075314079e+02,1.580921779630756063e+01
-1.664613407842545030e+02,2.313438659960899102e+01
1.716512182991839097e+02,2.533510206952433208e+01
-1.739519080777040756e+02,1.915261889901057657e+01
1.717847680791820721e+02,1.251901204823127678e+01
-1.687560589301048140e+02,1.156507688159577185e+01
-1.799191201798844872e+02,1.349998615755871256e+01
-1.756801675170387398e+02,1.447182105107764549e+01
-1.741292161067168820e+02,1.502082183351191702e+01
1.702115631575551333e+02,1.776129893850411889e+01
-1.771048924217867580e+02,4.697617058725485961e+00
-1.504416793341861194e+02,1.836342327696492305e+01
1.731915587965067402e+02,6.264057527265306291e+00
1.586556819677443002e+02,1.417248774344671958e+01
-1.542164818515452112e+02,1.153562664528823944e+01
1.701558902142926968e+02,7.088943082923035099e+00
1.677255484415258024e+02,1.684841292284018621e+01
3.868563980859720886e+01,2.307111025236068969e+01
7.257234522260833387e+01,1.708483278013855511e+01
5.048986600507519285e+01,1.677420035417603117e+01
5.405734356781491101e+01,1.355389942035020567e+01
9.017994415802051833e+01,1.829022605560517789e+01
5.897028376837638319e+01,1.867047990260908108e+01
7.206108885302903388e+01,1.821616162694419216e+01
7.448234298576318224e+01,1.332739781864241735e+01
6.887856214206858851e+01,1.950916911688219102e+01
7.420515623680033457e+01,1.420185500939218670e+01
1.758147455252091902e+02,9.863913120818203595e+00
-1.788180875808045016e+02,7.303626855163919629e+00
1.794555989433876846e+02,9.435007754630706955e+00
1.775585386944377717e+02,1.333079291247649145e+01
-1.593538270051793972e+02,1.521654469404251131e+01
1.798620509479271163e+02,1.391602657765472983e+01
1.595000030263736903e+02,1.532080933204244033e+01
-1.589108958226747745e+02,1.606501282468040159e+01
-1.763771251560100382e+02,1.244898202307365764e+01
1.446525425574288590e+02,1.776059338314118463e+01
1.712075207601795341e+02,2.165117660997985283e+01
-1.739689070699351134e+02,1.132006536803022811e+01
-1.771395231433129709e+02,1.367771416740783863e+01
-1.788594692529116514e+02,1.104442525697057675e+01
1.793203357519581687e+02,2.018695055159289353e+01
-1.780363524500329788e+02,1.218194330922685431e+01
-1.612183049900586411e+02,1.738055669695797434e+01
1.750944206401708811e+02,2.448062974531353220e+01
1.730342716941283641e+02,1.902417932328919647e+01
1.794121400915315974e+02,1.316225009978802341e+01
7.490522733400604238e+01,1.606509951846354767e+01
6.840085433031853768e+01,9.925294895320433852e+00
7.381391360154110259e+01,1.481514923354991176e+01
6.429288203853229788e+01,1.579484368765276159e+01
5.968373522385101637e+01,1.278371640449952196e+01
6.953326492602251108e+01,1.872660597328342291e+01
5.718958632073938730e+01,1.686768042648693822e+01
9.414787211265060307e+01,2.156956475545540997e+01
5.198781433612204239e+01,2.105919996477271283e+01
7.132236420237796892e+01,2.131286294211693644e+01
1.708264515704371433e+02,1.305929383518879661e+01
1.740809710363294869e+02,2.173668871788571622e+01
-1.535113949500238846e+02,1.417111314563492641e+01
1.715000295233143106e+02,1.620202052960364369e+01
1.739976600206557862e+02,1.014651434526879648e+01
-1.707052275704324700e+02,9.058233850628543138e+00
1.656837616624067095e+02,1.230151236141614568e+01
-1.692472443731587362e+02,1.238884132443137531e+01
1.785162474460241242e+02,1.442928689295159117e+01
1.724210987592381628e+02,1.110723789644058535e+01
1.762273422670118350e+02,1.091889331935637841e+01
-1.738766853315033813e+02,8.145084823091096382e+00
1.798405502345530635e+02,6.760859910034022313e+00
1.717968809974465501e+02,1.324093265680998854e+01
-1.698460439319960642e+02,1.105819881239863989e+01
1.748700973299119426e+02,1.238618414099598297e+01
1.726815493462059692e+02,7.744765361011099358e+00
-1.549808268632997965e+02,1.694751951234033527e+01
1.790374283849705250e+02,1.089317848400215993e+01
1.624811995075459947e+02,1.220906505198912839e+01
-1.749079279433962881e+02,1.117548402463509483e+01
1.694200969257954341e+02,8.290789447839696180e+00
-1.649227510493249156e+02,7.807155618177096912e+00
1.620236089528965522e+02,1.458855940908915905e+01
-1.453507119909633616e+02,2.455088308575505351e+01
1.739647656707418548e+02,1.470771745516137941e+01
-1.756010058821165103e+02,1.208442465013542488e+01
1.748073884608170943e+02,1.438189609002286318e+01
1.793682351466621583e+02,1.436239153338216212e+01
1.623042494729808993e+02,2.422386008516119560e+01
1.692399018240587623e+02,1.125503717540699355e+01
1.798023966148026886e+02,6.166582691625157153e+00
-1.695895213954316318e+02,1.017481087180814470e+01
1.719378806921480418e+02,1.075037727866638804e+01
1.786825519376258171e+02,1.009229438872496765e+01
1.787473238098051809e+02,1.073326263500974065e+01
1.674008699004176037e+02,7.121768314087610463e+00
-1.724608181067792430e+02,1.080633027910998578e+01
1.737517566263612139e+02,7.242765656837316435e+00
1.798959630117940378e+02,7.211136275540201979e+00
1.779646634088753387e+02,3.684651697916123680e+01
1.783152134535944811e+02,2.385061825348454789e+01
-1.694299672253634128e+02,2.017903547895863881e+01
1.793709694379097641e+02,1.897540556684788626e+01
1.730256198048274143e+02,3.012265795744779240e+01
-1.728437539779169470e+02,2.729100910172074634e+01
1.718519921888272393e+02,1.145576987020777437e+01
-1.763167490297677773e+02,2.304811354622088260e+01
1.750074394221594503e+02,2.289858738334844190e+01
-1.743573217719936395e+02,2.968012934685963344e+01
-1.697019872361113357e+02,8.510368609519783689e+00
-1.766818739190333361e+02,2.030777842496330976e+01
-1.774563093676771359e+02,1.460173212262006714e+01
1.713372994258483573e+02,1.122218263752667511e+01
-1.495105900328803443e+02,7.567700711172895112e+00
1.685417237483417239e+02,1.371049471349437709e+01
-1.633001908179307122e+02,1.636830117581384769e+01
1.633699306228544970e+02,1.312443651100812581e+01
-1.599413607298254192e+02,1.312001201633802339e+01
1.625394801214259530e+02,6.730752945900862372e+00
1.767793920702671073e+02,2.285084570599009979e+01
-1.716059769087050313e+02,1.006838284119162630e+01
1.698997029828387042e+02,7.174014034961645692e+00
-1.686459380421188712e+02,1.391204291471129650e+01
1.711021143286346557e+02,1.299613453900879989e+01
-1.752052937677752880e+02,1.774120519715190980e+01
1.780858992696725522e+02,1.062108384937461025e+01
1.681756551277403560e+02,1.027750152494244062e+01
-1.591528217004814110e+02,1.290902188513040016e+01
1.674200413051021314e+02,1.836255833667345172e+01
1.615528935275446543e+02,4.287192725304467267e+00
1.691774766022923302e+02,5.514743992124395255e+00
-1.597639570353167926e+02,7.783528528877399211e+00
1.552392450347348358e+02,1.488368970819196591e+01
-1.575701229644418788e+02,1.730057872554860054e+01
1.795080964307792328e+02,1.500735528584847778e+01
1.680591759513192756e+02,1.209620911232005014e+01
-1.602737546815197049e+02,1.178258465015878897e+01
1.526348842667278518e+02,1.684372429806188620e+01
-1.750085188946953565e+02,1.508905957106114926e+01
1.374642597727983855e+02,1.973015541706851650e+01
-1.531603810748948433e+02,2.338220748883646039e+01
-1.329331215896800416e+02,1.947106763430097942e+01
1.724211661364791723e+02,1.723067445442340784e+01
1.650045183010129790e+02,2.776637485262468630e+01
-1.685379054292830006e+02,1.184004151006909034e+01
1.797566676828539300e+02,1.280775033671768171e+01
1.769177610004570624e+02,1.604818090757303395e+01
-1.793630817024584303e+02,1.987495251230001259e+01
1.707454939444682509e+02,2.589285691055768268e+01
1.479883640401876903e+02,1.378802000545890749e+01
-1.604007351026355650e+02,7.822179324661544086e+00
1.718550175017736024e+02,1.268257514277588882e+01
-1.717718158732686504e+02,1.025981907543119931e+01
-1.661809711247711334e+02,1.109468228976155579e+01
1.575782696707681794e+02,1.268968597657733355e+01
-1.767913625590309152e+02,9.558413531170884880e+00
-1.779246124794404693e+02,1.350744387880701680e+01
-1.617818908017271156e+02,2.215134819969806301e+01
1.700931714403266994e+02,1.516631095506466664e+01
1.427037053989887738e+02,2.932918848847370796e+01
-1.584920833791697703e+02,1.661451827967532680e+01
-1.598762845571598064e+02,1.501783662553593679e+01
1.637582409148239435e+02,1.785736781862336997e+01
-1.719725040241623333e+02,1.879940667020758838e+01
-1.735040325189089572e+02,1.365712224108392192e+01
1.730154024125699266e+02,1.473036452850960920e+01
-1.741209506446704154e+02,9.276168607482725648e+00
-1.772892900238157665e+02,1.064920862627596776e+01
-1.757029259991059007e+02,9.078853366443565776e+00
1.680187684256750629e+02,9.806482377656760008e+00
-1.697066131212274058e+02,9.892838293196644983e+00
-1.745378156734208517e+02,7.248558062200130436e+00
1.750260320683682380e+02,1.677038817264473636e+01
-1.764130686732004847e+02,1.110279187188317707e+01
-1.729986332344642506e+02,1.135826116349948833e+01
1.596040785406028704e+02,1.825775226814089791e+01
-1.663764207677067475e+02,2.324933857439258844e+01
-1.654257465550545589e+02,2.489991911559911131e+01
1.486896991375637072e+02,2.993569645830110204e+01
-2.523237357737721709e+01,2.919592704313073028e+01
-8.099898859844496712e+01,2.900500108021957857e+01
-9.571515643122694428e+01,1.577123539944453512e+01
-4.610801141202632181e+01,2.528491813913476705e+01
-5.194213032390108964e+01,1.708345832821513710e+01
-7.798478160277321081e+01,2.687036917478031484e+01
-5.309094609947710808e+01,1.715976058366462098e+01
-9.347354194091821000e+01,1.665368196944957191e+01
-6.479130692524499580e+01,1.322942118648778909e+01
-6.194848310520229973e+01,1.281595655837349668e+01
1.725175238174134620e+02,7.392803238178633052e+00
-1.690412422002788730e+02,7.421272971741512237e+00
1.707931222370373803e+02,7.762046534366898953e+00
-1.784352218522617477e+02,1.336038555686600127e+01
-1.788719517703782742e+02,1.243373924432033739e+01
1.707536281789525958e+02,1.122996681936034946e+01
-1.729202844476709231e+02,7.776359350040049634e+00
1.750797467805931547e+02,5.705487283079621719e+00
1.786360122970520763e+02,1.158237574637007228e+01
-1.641884926558881830e+02,1.446652427725274848e+01
8.091369900046099417e+01,3.273174813304830622e+01
8.347387375520656860e+01,2.872122299147467572e+01
6.402646903211790175e+01,2.764826480634666694e+01
7.476935686377863988e+01,2.741154800974400985e+01
6.382297144767417052e+01,2.960466684452968877e+01
8.059612377087938739e+01,2.950702285243371392e+01
8.631062557904874666e+01,2.873265802480880282e+01
7.249852495309056621e+01,2.863141676855234152e+01
6.556627222986156767e+01,2.741393686356581583e+01
6.258935977457090161e+01,2.879136142854493485e+01
-9.182614340373264383e+01,1.759114445353406353e+01
-4.062526132662133449e+01,1.239860642320740602e+01
-6.370499287251222853e+01,6.432013721571342657e+00
-7.977824815899482758e+01,9.341398469322708564e+00
-5.882378831867686841e+01,1.379013531037167439e+01
-7.825829344008027988e+01,1.655489327416101020e+01
-7.113259160966251216e+01,1.102780801571909919e+01
-6.561036754951996386e+01,1.918301446571679492e+01
-8.040158312931760065e+01,1.232224789871856530e+01
-6.642173306445224057e+01,1.224044819954884034e+01
1.673698573313984639e+02,1.401457399584341523e+01
-1.582307694041352022e+02,1.156993542855918555e+01
1.693035562976966730e+02,1.876136725553636353e+01
-1.772040492267968261e+02,1.366014668773871676e+01
-1.668988101849712677e+02,9.495443196100287864e+00
1.662853255445589014e+02,1.494933245853261639e+01
1.771563815394300150e+02,1.723896972234322789e+01
1.796263064103562783e+02,2.418999551910868817e+01
1.798251485224849091e+02,1.488064657681616687e+01
-1.725838059356945848e+02,1.296816151814128659e+01
6.748785929982011567e+01,8.937377557571558384e+00
6.602788721444028397e+01,1.046461249423511042e+01
6.835635148058933908e+01,7.496234166795856524e+00
6.046793830632213940e+01,8.716146914182070660e+00
5.554769287161226288e+01,8.323788039837037189e+00
5.849357103722923057e+01,5.627129606982757437e+00
5.835292838768187806e+01,1.047671733689114326e+01
6.838857894504243973e+01,9.088340482346408677e+00
5.067832748832589829e+01,6.465697472565960169e+00
6.438017243862189787e+01,1.119987161417123822e+01
1.739952278463782136e+02,3.499159334123629606e+01
1.351067655658096101e+02,3.050543911752860282e+01
-1.675259728164334661e+02,1.620729123999418064e+01
1.760994659242649618e+02,1.747105470188427390e+01
-1.656197193454762555e+02,1.457058253109255475e+01
1.580389921049587088e+02,1.364644420297047844e+01
-1.689405093729801877e+02,2.023380612654350585e+01
-1.787723630551120664e+02,2.052741663200175282e+01
1.775148814302815197e+02,1.580715770295507738e+01
1.702162111229187929e+02,1.523216187403800070e+01
1.765471457898800338e+02,1.288515643330168814e+01
-1.721109044603235247e+02,9.707389949645039096e+00
-1.757575803515277642e+02,1.329928700406838615e+01
1.774237946170185865e+02,1.153980488674066507e+01
-1.676837693743293016e+02,1.433707109887300568e+01
-1.791116889132784422e+02,8.804860729820106258e+00
1.704824692752147826e+02,1.530949847514680329e+01
-1.687483464750536371e+02,1.016024751807817239e+01
1.775878168376209771e+02,9.174774126900945959e+00
1.757045982291951702e+02,8.153745274596536419e+00
1.508313065828862136e+02,1.421255726696023913e+01
-1.558015838251079970e+02,1.234231599702346749e+01
1.674429170106274398e+02,1.142923527792842364e+01
-1.742698829710816142e+02,6.046869571032773116e+00
-1.786955949952325398e+02,8.126934532515772247e+00
1.673438572434597802e+02,9.805517576096985266e+00
1.693159613478268568e+02,1.074428206599436386e+01
-1.741798233388856261e+02,1.230948032953994442e+01
-1.772038426652790690e+02,5.610787533486112366e+00
1.611224331419589362e+02,1.216739203022079430e+01
1.717497212978770733e+02,2.036110599209280281e+01
-1.781879229287397663e+02,8.142542874124075070e+00
-1.705176533935612326e+02,2.392390970198475131e+01
1.724560379138147539e+02,1.342363507562727065e+01
1.739335620246708061e+02,2.338482150831571715e+01
-1.603718710429824057e+02,1.429835453570719928e+01
1.645514658493087552e+02,2.099047232843385657e+01
-1.574824127860868543e+02,1.596196485894622441e+01
1.799939646263083262e+02,1.633485469740735141e+01
-1.753078035609415224e+02,1.054063727097316061e+01
-9.451303623900497541e+01,3.642212625050090935e+01
-7.587209354465990430e+01,2.193064974823133184e+01
-4.969860824898737661e+01,2.850806005716988523e+01
-4.357338448416846433e+01,1.562502501653346698e+01
-1.006536437013598260e+02,2.612926371683539628e+01
-3.002570651179997085e+01,2.901724357403821131e+01
-3.158699178562462961e+01,3.246914015535780607e+01
-9.081483088425083849e+01,2.158458586161295756e+01
-6.320051310278785195e+01,1.528757902138560176e+01
-4.733983321036775749e+01,2.531064165494964158e+01
-1.794037602400313176e+02,5.242556824162424078e+00
1.784138412568134413e+02,6.747933375344070228e+00
-1.782188277079630438e+02,8.564682474154251324e+00
1.773287350742389208e+02,1.029501761508685753e+01
-1.756060418835827477e+02,1.014010009261327028e+01
1.745054218937026178e+02,8.873241623411111334e+00
-1.763298967965723705e+02,1.182657710803027307e+01
-1.797619027318754377e+02,8.875241886536931801e+00
-1.793952990701943691e+02,7.730239802548767969e+00
1.759949005506495894e+02,9.991589352849278072e+00
-1.703965345457039575e+02,3.367396515208181995e+01
1.759290394751567987e+02,2.275320860517250665e+01
1.712309314032664815e+02,1.137894983932447168e+01
1.640053872652664779e+02,2.755583715743953732e+01
-1.759401388455878248e+02,8.914652397321326305e+00
-1.760144925753621692e+02,1.632497280486931501e+01
1.618959866502295597e+02,3.226506850970199025e+01
-1.795495376529854639e+02,1.542756936697184855e+01
-1.680362196463073303e+02,3.328151785463609258e+01
1.632175292930519959e+02,2.060195970523029274e+01
4.680784083594012657e+01,9.577494601496390203e+00
7.818385366006091886e+01,9.586705875945890298e+00
4.790412107708732492e+01,1.173292693393475261e+01
5.030778647179548813e+01,1.735206712622965597e+01
8.177290210963212758e+01,1.655771430919552856e+01
3.476790457964838765e+01,1.228265450119844893e+01
7.159501695106463615e+01,1.029046544412289421e+01
7.448343521765049502e+01,9.901161936190085555e+00
4.055905787150558695e+01,1.591390023254422559e+01
9.113731239416405572e+01,1.435721163273574064e+01
1.735941273774451474e+02,2.990300588716453234e+01
1.732497861091085269e+02,2.716381614293026914e+01
-1.770904199730774451e+02,1.659478253303635498e+01
1.655554673135295047e+02,2.136512091770537936e+01
1.798842281125633349e+02,2.028396354519599498e+01
1.759573869802470085e+02,1.960719732876469834e+01
1.775098354050317084e+02,1.816199312098271790e+01
-1.781998028887102521e+02,1.875122141453494606e+01
1.659744419344118853e+02,1.412187724679608181e+01
-1.729980245328040667e+02,1.456492654216549276e+01
1.687977513171212536e+02,2.157101398589534114e+01
1.732751614597067658e+02,2.194507084384208895e+01
-1.756833030836764635e+02,1.489517685673882319e+01
1.656235694337529480e+02,1.334728952821388148e+01
-1.771925452178130342e+02,1.264568059560954261e+01
-1.640935143834635994e+02,2.540093613912331350e+01
1.548161371915678615e+02,1.617795706640433551e+01
-1.717657682457195563e+02,1.429384041947777817e+01
-1.562911404745992456e+02,1.893478591732666771e+01
1.475301094767322923e+02,1.607392671693142461e+01
-1.651239875983386582e+02,3.364546779694814660e+01
1.416191018965213573e+02,1.977076484507550802e+01
1.713179525116762250e+02,1.816064994784463238e+01
-1.237424648631552486e+02,1.854193205444923009e+01
-7.248725319866419170e+01,1.721063072631486079e+01
-6.273466758005488941e+01,2.136434505812351858e+01
-6.202429524058530319e+01,1.111199242857535197e+01
-7.983744418332699411e+01,1.880040591050633481e+01
-9.240048990278970109e+01,1.626907754781794324e+01
-4.436150926176541276e+01,1.677820030323629652e+01
1.688499203395803079e+02,1.302831525649394173e+01
-1.583801432296212681e+02,2.196638281158735140e+01
1.596794331162896299e+02,1.488862985821150708e+01
-1.781525011531568339e+02,8.560804609639946605e+00
-1.742464717972497112e+02,1.560606848676249214e+01
1.676185896670087914e+02,1.595666855994312883e+01
-1.774241903376022265e+02,1.534691908897374724e+01
1.736503943519079485e+02,1.279279505546244522e+01
1.688305596852075041e+02,1.209256490231097558e+01
1.755617145769328715e+02,1.364472362861753041e+01
9.284633451185540309e+01,2.474205154358136127e+01
6.529272892659389527e+01,2.263002916984002155e+01
6.473563002221951024e+01,2.373740164277808162e+01
8.842550769330512139e+01,2.457816136322989209e+01
9.611532507695996230e+01,2.139952640812889939e+01
8.333331430520077276e+01,2.023565528994319251e+01
6.881719798596955684e+01,2.541848688325996619e+01
7.007405666358103247e+01,2.728288156101312367e+01
4.152229815601407381e+01,1.473730314025661237e+01
7.420825312566468313e+01,2.525448837674915126e+01
-5.485938372512384120e+01,1.275837691095034110e+01
-6.693024301425985811e+01,1.189312784250688182e+01
-7.232995094502895483e+01,1.409220031215431312e+01
-6.946173100008552126e+01,1.215467684779013879e+01
-4.289498198056337230e+01,2.016551081079781937e+01
-8.424698029577116642e+01,1.608403462216415036e+01
-8.062482154075813412e+01,1.647821741788855476e+01
-5.209695450682088591e+01,1.830193904261283322e+01
-6.641887179970635202e+01,1.227420055543736233e+01
-6.530363535818123921e+01,1.561335389067968293e+01
4.408810207354984101e+01,1.775719290815867879e+01
9.334005034424096436e+01,2.064809204364078354e+01
5.868279243479854301e+01,1.875078188800934953e+01
6.063199651120999079e+01,2.143014229160949924e+01
6.057217027733906889e+01,2.189459672880535379e+01
8.455213343053122799e+01,2.635006431758310796e+01
5.346419176488408453e+01,2.956250773680389443e+01
6.977164915655784228e+01,3.023923669196022956e+01
6.465650807359656937e+01,2.663524941494440057e+01
7.225881336047224579e+01,1.815996348549403905e+01
7.560279932760128929e+01,7.087610440520805355e+00
6.182948735921223005e+01,9.557771471064519631e+00
7.221484998178809178e+01,1.199623235060111526e+01
5.339194054047705151e+01,6.915220160718167364e+00
6.357768799837938900e+01,7.556328424991521686e+00
6.316730467175256791e+01,8.791442942405382155e+00
5.133448453698929370e+01,1.206661596043020346e+01
6.807401395859530169e+01,7.606559047670355511e+00
5.906689949987684685e+01,1.270939312667795207e+01
6.849766721192999341e+01,8.343523644921088334e+00
-5.763820171110609891e+01,1.715806854936636583e+01
-6.350091508235151849e+01,1.806825590299205686e+01
-7.451763960234644912e+01,1.399633384884266007e+01
-9.657431270517940902e+01,2.440126867991726201e+01
-5.114612963518023037e+01,1.174714284228179295e+01
-6.248421162897335535e+01,1.129397121228188539e+01
-8.340821592129800877e+01,1.393904846739663128e+01
-6.278543496454377504e+01,8.720612613576811611e+00
-5.992346027711460010e+01,1.903678095167629181e+01
-6.972990636567685385e+01,1.087897886037235118e+01
-6.792782842550498401e+01,2.176474819032470265e+01
-5.897019158492769719e+01,2.301226461320891303e+01
-7.014544420922392476e+01,1.419253165376032833e+01
-6.966984139968445788e+01,2.422075497892354434e+01
-6.808143699764696066e+01,1.653320724463164026e+01
-5.691692617781573205e+01,1.836686039787890934e+01
-6.737470354742346501e+01,1.299138636988179840e+01
-7.378096182748674892e+01,1.238833022799977712e+01
-4.285032290767733798e+01,1.712563325011640813e+01
-7.639653177107730642e+01,1.271841828883573555e+01
4.944369472830734225e+01,2.398291187558270110e+01
5.706417749231179215e+01,1.570561701557353018e+01
5.365051079322746830e+01,1.989269390649107550e+01
5.985837607432411289e+01,2.025567368320271910e+01
4.177580172262115354e+01,3.805034776410216324e+01
6.447573529525836022e+01,3.020204673774112791e+01
4.427555603259608574e+01,2.549752612424801157e+01
6.964102009461109333e+01,1.836890540314811915e+01
4.528099822460468715e+01,1.545182134777090965e+01
6.103659702975848944e+01,1.749296581780009774e+01
8.900472319961779988e+01,1.484592558343182489e+01
4.490609422086150460e+01,1.551869347870398386e+01
7.177239815758497343e+01,1.432150533780041179e+01
6.469696921324231198e+01,1.099422721641049883e+01
7.527629708146231735e+01,1.186122680483701153e+01
5.097300166291812218e+01,1.849753587543409239e+01
8.808190415307201704e+01,1.677782833889495606e+01
6.153230348382367509e+01,2.322384536896807461e+01
3.427741610700867625e+01,1.979362750450733088e+01
1.000883824484807150e+02,1.895186177564576369e+01
-5.748883213853457619e+01,2.920327015464228992e+01
-7.594064685419276373e+01,2.635247193887706629e+01
-5.842279106500466668e+01,1.941638641398968801e+01
-8.657889466313639559e+01,2.164859096498970814e+01
-4.489291193469035335e+01,1.772129518801835601e+01
-7.902402131798766050e+01,1.449310500635297139e+01
-6.491037563053329507e+01,1.831873709824043317e+01
-7.297686083573512406e+01,1.116973081753346975e+01
-4.893218274152502545e+01,1.604652929758418267e+01
-7.750303560402505809e+01,1.073126812262351493e+01
6.672666353701798414e+01,6.615218597969735548e+00
6.348335079205897813e+01,6.187647080918850406e+00
5.486602354310456775e+01,1.143260860812230817e+01
6.513626535685084207e+01,9.730014330085094088e+00
5.919053708255012225e+01,1.077771129963752728e+01
7.072718398699808517e+01,1.029522221394906012e+01
5.829192394920389830e+01,1.191774511829074790e+01
5.991939903285971525e+01,1.176146257206677426e+01
7.152447258850352796e+01,1.384215678906075553e+01
4.792143286976166650e+01,1.640732041884116299e+01
7.508700275687480996e+01,1.714120097479352367e+01
5.362172141604160203e+01,1.568846524718477653e+01
7.241956442795080306e+01,8.552721975147100864e+00
6.431911051674912017e+01,1.256437137687433747e+01
4.902557270531752920e+01,1.177511430119677271e+01
8.108738836433698793e+01,2.081876040638687542e+01
4.069640792116898353e+01,1.876604555938374119e+01
6.693847189241796514e+01,2.574319955099235813e+01
5.792696272303530236e+01,1.421002104457171100e+01
6.846506509598175683e+01,1.614167811738219172e+01
-6.095853042417837742e+01,1.763688409389052936e+01
-7.219027701615797810e+01,1.570065856827315542e+01
-6.184903075391579819e+01,1.975508574301159115e+01
-7.384901823328469561e+01,1.629462648477869990e+01
-5.200771966545432434e+01,1.310618876838402791e+01
-7.972030182418403399e+01,2.087349952031244271e+01
-4.625139167044701338e+01,1.741662636929614649e+01
-8.547244509573746996e+01,1.858514463402373096e+01
-5.356317587433269978e+01,2.259990700400813779e+01
-7.279345216083237347e+01,2.141844564763304248e+01
-1.360415702497178643e+02,3.288173143542510957e+01
1.756760548981881414e+02,3.115245475452128687e+01
1.243705915459536584e+02,4.422501719053592950e+01
1.599822054821219410e+02,3.522878036582190475e+01
-1.541466786684080716e+02,4.697632806939328987e+01
1.763449738927295698e+02,2.842002254828882002e+01
-1.784011427210973295e+02,4.248599895709878638e+01
-1.645374304870308038e+02,2.943342259641816838e+01
1.531014784972000484e+02,2.850080151857825683e+01
-1.644562363641157674e+02,2.787628608912729788e+01
5.712637245676211961e+01,1.009034218506017666e+01
4.806618959241976796e+01,1.023800901701017807e+01
5.177106006026977525e+01,1.334337237533466691e+01
6.336929488062284577e+01,6.023573067991554453e+00
6.100869560318672313e+01,8.512826055631803612e+00
6.054908705384171697e+01,9.607695281546735799e+00
7.482150172423017409e+01,1.147617633590239272e+01
5.133114461932184724e+01,9.705578192806946447e+00
7.532623357521710261e+01,1.124509752236134830e+01
4.746354874274260993e+01,1.348367776400404772e+01
1.781309596969408915e+02,1.558567481115429132e+01
1.779747226988793045e+02,3.503298763213665978e+01
1.737889196082732894e+02,1.975070168874323429e+01
1.680345006572189277e+02,1.983438381822367091e+01
-1.681970100521729705e+02,3.388335836170333693e+01
1.619341569264739462e+02,1.721213142821188669e+01
1.653437620498925185e+02,4.305065279210781881e+01
-1.624137550185131431e+02,1.552802390132747945e+01
1.697686014871762836e+02,2.503441646171783930e+01
-1.790274068113184569e+02,3.110408301085103133e+01
1.654228526512874282e+02,1.164004159833642049e+01
-1.655613918444174999e+02,1.203230710229636280e+01
-1.739731737253900121e+02,9.446308342316275031e+00
1.649367024570638307e+02,1.159325163907209344e+01
-1.589969414527007530e+02,1.106226677819701365e+01
1.676063274696723511e+02,8.919453535752991158e+00
1.698742401209978823e+02,8.305472960423252005e+00
-1.659327637654542400e+02,1.004023424788873342e+01
1.755132411511892485e+02,1.117189779780473202e+01
1.752803429467316505e+02,1.184661876457942675e+01
-6.479040127976743690e+01,3.492643372017916192e+01
-9.144051985886872558e+01,2.746085634274275122e+01
-6.887100975686213644e+01,1.792025546271684533e+01
-4.991784915350586971e+01,3.085119767008604441e+01
-7.754433954917969629e+01,2.300849723456111917e+01
-6.166360610957342914e+01,2.745952417503280785e+01
-9.472754089927170185e+01,3.674044117235142437e+01
-7.652482655293118796e+01,4.221371477304862196e+01
-1.254565125640167054e+02,4.276882448737203646e+01
1.766412078182465279e+02,1.400591472269623949e+01
-1.624092551442909382e+02,1.017847191504054649e+01
1.417278238298752058e+02,1.663620143007331365e+01
-1.780167959594326419e+02,1.167548113763389139e+01
-1.549002991384237191e+02,1.723225249476852383e+01
1.438021436024484103e+02,1.696006235889097979e+01
1.658126857928385789e+02,1.178781227442898860e+01
-1.525055230077891508e+02,1.961344272719797033e+01
1.639546736509409186e+02,1.052731690944356302e+01
1.667882866867088580e+02,1.161774400096851423e+01
-1.583582067989665063e+02,1.692166569369248208e+01
1.382408119403043543e+02,2.401235729964271925e+01
4.892246584312282920e+01,3.199133926549160378e+01
8.404206338396420506e+01,2.241988267842867799e+01
8.366968381546151079e+01,2.838840313866390375e+01
5.477250087556415536e+01,2.714551318967730964e+01
9.175479863262378899e+01,2.305810336589927445e+01
7.916803542737197574e+01,2.061487990701760964e+01
3.961966303906089593e+01,2.234067582724279077e+01
8.435395465097475665e+01,1.825652867228071585e+01
5.788764722212292213e+01,2.204138479516617366e+01
-1.598479932750730370e+02,1.600500654181705329e+01
1.550540448798904265e+02,1.352382612520235483e+01
1.735158435529370706e+02,1.317431670050237180e+01
-1.573624999890710967e+02,1.597226861457988889e+01
1.675170470347188427e+02,7.501549275347322521e+00
1.668438974481694856e+02,9.639674692344835094e+00
-1.734139324082982512e+02,1.776785466484937359e+01
1.711864268513691627e+02,1.681609212671168052e+01
1.691235481444191748e+02,9.666769212996912941e+00
1.764312242642296269e+02,8.416268786219427867e+00
1.676159044248772148e+02,1.497246007796381306e+01
-1.700774967855371074e+02,1.191715297242671312e+01
-1.704725086606025286e+02,9.874627073851641512e+00
1.774841799542292620e+02,9.452003294444036641e+00
-1.590813933549198964e+02,1.539087326421082480e+01
1.757930195189161395e+02,9.066031909511917064e+00
-1.752170651407018624e+02,6.069968139991274825e+00
1.786675149130121270e+02,8.311664591462779583e+00
1.715722433243912519e+02,1.028292035142360916e+01
-1.673398875663083629e+02,8.389902019276748391e+00
1.769833520571828558e+02,8.461530126846820821e+00
1.786491052486952924e+02,5.070718604018871645e+00
-1.728769140653328122e+02,7.980122308281005772e+00
-1.788210468151066550e+02,8.360307387971833037e+00
-1.752438707080429481e+02,9.151569856455250118e+00
-1.761983298690582274e+02,7.779549360658016610e+00
1.772705521966744300e+02,8.356619760515350492e+00
1.784849211932294111e+02,8.024558573461142430e+00
-1.687837885359110146e+02,9.812708947819249516e+00
1.769378795713222701e+02,1.693339281116042372e+01
5.477006996201203037e+01,4.064988425805370298e+01
9.734032772243759268e+01,2.592735461016258824e+01
5.562624722936090649e+01,2.993871263369760527e+01
5.762995447516943415e+01,2.330963778606137637e+01
1.124551516916591822e+02,3.218551971672115997e+01
5.884932106919491446e+01,2.616952197885663622e+01
6.711821381280803678e+01,1.900371457632639505e+01
7.699889027777997796e+01,2.176955501449540265e+01
6.183487569252810800e+01,2.145146735823487205e+01
9.796729881144743501e+01,3.531031500767903708e+01
7.005548873020994449e+01,1.195540601941759107e+01
5.574605571009563931e+01,1.433121742913252028e+01
6.640683475988554108e+01,1.289013234813179665e+01
7.209582019871108116e+01,1.016295969230830920e+01
7.202493516323360723e+01,2.003402638134423697e+01
6.226217402888353547e+01,1.846978280971039510e+01
6.974489802351241963e+01,1.546879495980789443e+01
7.810370467787937798e+01,1.661037781647389977e+01
7.050530635384056666e+01,1.487237506662660991e+01
5.781777753422547050e+01,2.025347878886765685e+01
-3.232203372615284565e+01,1.750273327872267970e+01
-7.806906358179328720e+01,2.325610335943576246e+01
-4.380660552266704855e+01,2.032580619819470513e+01
-6.293798939934159620e+01,9.338865295287499535e+00
-1.078382612397567328e+02,2.403209985991826159e+01
-7.594269496055231627e+01,8.163332404591564284e+00
-4.152253041558725499e+01,1.263826304325501582e+01
-9.159979880677397546e+01,1.579236724513769374e+01
-5.360412445036609341e+01,6.235425781079811713e+00
-6.175508722411552043e+01,1.087964725927277243e+01
-8.818588868745572995e+01,2.120410256380908720e+01
-5.634014473490887553e+01,1.099666974657924179e+01
-7.253992152751487765e+01,1.233221083374628435e+01
-6.107088931345894878e+01,8.992339019635799957e+00
-5.553304060852315871e+01,8.193457769862355633e+00
-6.592095681407900543e+01,1.324010169208036558e+01
-5.406596288303159525e+01,1.253498533830876127e+01
-7.967888917946629590e+01,1.081724764952485529e+01
-5.606036365943173649e+01,1.589827753917474240e+01
-7.658313860581830568e+01,8.069883440231478744e+00
1.650577948042013361e+02,2.251030614999712043e+01
1.787908431327826406e+02,1.495865336188695416e+01
1.660788213315393875e+02,1.109752983905572954e+01
-1.639618704185156162e+02,6.212415257529176671e+00
1.710916901819062730e+02,8.000435379477302433e+00
-1.751701081469681469e+02,6.010531199876714581e+00
1.735254727645761648e+02,3.211792562017593333e+00
-1.789198473094938606e+02,3.839207297047657619e+00
-1.757948606611848845e+02,5.086529953023674722e+00
1.696006108867709088e+02,1.313488951031136232e+01
6.297021544039284180e+01,1.571528217538555694e+01
7.683364412096602791e+01,1.187148122728106081e+01
6.627672507618677855e+01,1.956535999737963394e+01
5.411973378876781737e+01,1.352818870302485621e+01
7.484543770958653397e+01,1.245228588509902679e+01
7.019603581919020030e+01,1.636453425362950753e+01
6.094817670610893856e+01,1.304337038816288086e+01
5.115294835108403504e+01,1.843258186593320147e+01
9.054821561082252401e+01,2.214436845783242802e+01
6.593528489060082620e+01,1.974898610090552253e+01
2.034407768847937703e+01,4.116470499572017161e+01
9.321921457134691025e+01,1.934340087540039477e+01
6.915865396247902197e+01,3.137565732533805374e+01
4.434494855158389726e+01,2.727027021774827986e+01
8.657850125501488492e+01,2.767633397202375534e+01
3.775212635408903594e+01,2.251861641028270355e+01
5.821325212647145264e+01,1.421796891518291517e+01
8.435351897097740448e+01,2.987798793432202515e+01
3.735302129828708217e+01,1.207895911319584314e+01
8.767334667691451955e+01,2.615347773239214035e+01
-1.667704839466815940e+02,9.818650072029582176e+00
1.680802444473885657e+02,1.342398767246532643e+01
-1.791688080825438760e+02,5.468576088106952504e+00
1.762277599520535034e+02,8.673009216231330143e+00
1.701463498376890016e+02,1.223956617797452395e+01
-1.696529963639706864e+02,1.447226367036437011e+01
1.782492241627014948e+02,1.141883093554497819e+01
1.749795904656076857e+02,8.004445454699677498e+00
-1.739475411198801567e+02,4.628274497851267988e+00
1.695919793016293511e+02,1.173965184237185611e+01
7.739806694539383614e+01,2.426784026565371732e+01
7.027722118182447275e+01,2.278200641163628148e+01
7.093546081915945933e+01,2.346074187036360570e+01
4.535304630870277265e+01,2.226351620069144133e+01
7.636977345462187827e+01,2.094768442313740309e+01
6.939607019248514064e+01,2.287890472977027656e+01
7.698565187957484568e+01,1.329126279054148263e+01
4.456074193355689061e+01,1.900770960888830530e+01
7.260125920242718678e+01,1.761355656748368403e+01
6.589263914945942702e+01,2.052049800666973312e+01
7.821811044965474480e+01,1.471764196789378865e+01
4.488944889648865200e+01,2.157075030872330146e+01
7.235442753409301986e+01,1.598129899588592551e+01
7.812083174723792922e+01,2.274204902277994478e+01
6.980855531340426978e+01,1.996264460748066583e+01
5.434241742689904697e+01,1.891820529352481728e+01
6.271170689507476936e+01,1.615020143553191900e+01
7.549800160158382312e+01,1.864423534239194069e+01
5.418296360898698083e+01,2.167858440599602332e+01
7.596634337542631954e+01,2.053544132794707622e+01
3.309473388676189387e+01,2.449389452113621957e+01
7.083653861314867584e+01,2.588080218540605060e+01
4.392155499113884076e+01,1.181847563921815691e+01
6.201029054512647321e+01,1.448075782902497899e+01
8.118124294815351050e+01,1.183980427214283893e+01
5.286330971004929324e+01,2.042944183183215756e+01
7.616491964012332971e+01,1.668639369712998644e+01
5.337316991061992866e+01,1.659786399947551772e+01
6.911600017778285121e+01,8.075639460868105246e+00
6.398749744120448923e+01,6.580328647943670006e+00
6.229072480200219530e+01,1.083336930240832174e+01
7.053450813594704982e+01,6.666755684007524607e+00
5.298610981196285508e+01,1.722913917464538258e+01
7.296391240588846472e+01,9.845994122251948255e+00
5.136565700606734453e+01,1.661262465045528813e+01
5.680047522257219583e+01,1.622604296529481971e+01
6.349722402282636580e+01,1.189196418105389874e+01
6.025916299230732420e+01,1.681339839267879910e+01
7.343205488760263222e+01,7.632414844213521121e+00
5.879479846849521607e+01,1.452537888360858531e+01
-1.762533614853406050e+02,1.375012996218381822e+01
1.740450752747846934e+02,1.040000776182197839e+01
1.792675554127296493e+02,8.619079604567364328e+00
1.792002863034943516e+02,3.216479956892646541e+00
-1.759203608358739643e+02,1.218207028604406972e+01
1.770447577610475207e+02,8.648929485114447147e+00
-1.732116930910179633e+02,1.304516992703552347e+01
1.682958346390446138e+02,9.016062211548918626e+00
-1.632739777308801479e+02,7.922919480989502716e+00
1.695945461150353992e+02,2.986292504031420769e+00
1.775497148724495844e+02,4.817723399037826759e+00
-1.749441812234332758e+02,8.782958484533025967e+00
1.722983600956617067e+02,5.443300435626555078e+00
-1.746856507507072536e+02,1.530099594680397068e+01
-1.774969631135404882e+02,5.679275868421006734e+00
-1.789592623304028223e+02,9.480415315283144295e+00
1.775292483461687709e+02,8.175747599104008501e+00
-1.672166658759482516e+02,9.277221520433091229e+00
1.671756849548876289e+02,7.554605715936085986e+00
-1.718407503038953621e+02,1.342927675881717775e+01
2.400119289677310519e+01,3.239235218657408666e+01
9.464909527360374852e+01,2.356474760242260658e+01
1.130368706653486726e+02,2.371788387845604973e+01
6.165908501739628633e+01,1.522104098304695086e+01
3.460893867709360450e+01,1.600511286410873169e+01
8.399811396152453824e+01,1.372089433919697576e+01
4.667819583423011665e+01,1.074754615358499343e+01
5.003351561045149509e+01,1.720303655735386883e+01
8.471333685223535781e+01,1.894215092376175136e+01
3.759303541675478755e+01,1.495632567331898422e+01
-1.692026396966817572e+02,8.020956408535832693e+00
1.707301056899285072e+02,1.273036702503940987e+01
-1.616480994540810912e+02,2.334363201853345515e+01
1.765523515316391752e+02,1.359458931717003694e+01
-1.731693193891013891e+02,2.011770265794110202e+01
1.596183722915214389e+02,1.017269111911698687e+01
-1.619932583973735802e+02,1.048460490039290960e+01
1.686441710893016079e+02,6.002016250318224166e+00
1.675881791217557009e+02,1.026626079376961798e+01
-1.651352628000730363e+02,1.147283278254035821e+01
-1.574431323046355544e+02,1.226787477848910157e+01
1.603912936435773702e+02,1.692539889027942479e+01
-1.638973872959801383e+02,1.650815384612269554e+01
1.652239979733683697e+02,1.511491144409220055e+01
-1.793624712029016450e+02,1.095666140633670160e+01
1.728515170221340895e+02,9.933786869690745647e+00
-1.689214659563039334e+02,4.440478374229581249e+00
1.629155367236767518e+02,9.870932447886147543e+00
-1.609823702922081736e+02,8.225759344040810106e+00
1.648481003975296915e+02,1.980586568593812657e+01
6.411073754511635059e+01,1.102806064181941359e+01
7.269327178215664276e+01,2.112805209445770416e+01
5.647880522572931739e+01,1.285727541588648037e+01
5.423986146646062423e+01,1.050093917604687199e+01
5.781062495598184370e+01,1.847516994396483625e+01
5.277249121822618605e+01,1.518547683100514512e+01
6.056069170368755294e+01,1.700757447342917317e+01
5.337564004962104747e+01,1.491316409904070284e+01
7.168446414876603967e+01,1.299594452180960502e+01
5.165097345619075497e+01,1.255128153447477146e+01
-1.797056303705435312e+02,9.701655262678521296e+00
1.684450383387666363e+02,1.562380053483100362e+01
-1.696928756357584973e+02,1.637646372613187751e+01
1.385869691746191279e+02,2.283135283997859943e+01
-1.553254815879294313e+02,1.826598428975164623e+01
1.687837002239431285e+02,1.584696177618621249e+01
-1.627643843056017943e+02,2.002834331951589419e+01
1.659305941928791128e+02,1.240321974187991394e+01
-1.619170692467219794e+02,2.243978400379047144e+01
1.507720731289770413e+02,1.630409797579001818e+01
1.766734910840369537e+02,7.085990089468873876e+00
1.782398698935856771e+02,3.120194176718882773e+00
-1.703997137460511340e+02,6.352998730447712461e+00
1.719382692416772045e+02,7.408818676955617910e+00
-1.782954581947144845e+02,5.670227057131399739e+00
-1.787064456505076180e+02,6.267298439269761268e+00
1.764902495928187420e+02,7.901124997010530393e+00
-1.777581931807226567e+02,1.198969780157494291e+01
-1.791023891069457079e+02,9.198599990343225841e+00
1.672311254082259495e+02,8.697428960345886750e+00
1.566816579566490759e+02,2.128170025218739880e+01
-1.590312198899767964e+02,1.945209608866851525e+01
1.745236857031386251e+02,5.900363427334462507e+00
1.750387184958747753e+02,1.486036164058701381e+01
-1.760915734666224068e+02,3.523094538810338072e+00
-1.752624569684612936e+02,6.378164003021627337e+00
1.663428571985260191e+02,6.651934987603903338e+00
-1.649781736077414962e+02,7.536082274803382219e+00
1.664316341600214741e+02,1.055394103454725752e+01
-1.664180236000607067e+02,1.034640893814360929e+01
1.724125454661436834e+02,2.144694341995011655e+01
-1.731093338214620871e+02,1.377803642267925710e+01
-1.798168640452388729e+02,1.200399197999058210e+01
1.739224838299965086e+02,1.194954823585004888e+01
-1.661317169830070100e+02,9.157972766395879205e+00
1.649015748680433546e+02,2.049430826359306579e+01
-1.645633271019283086e+02,8.799140838690703958e+00
1.745585302361587594e+02,1.436475279733298116e+01
1.335132360915030461e+02,1.574970341187935574e+01
-1.430045267645442664e+02,2.292009298218524549e+01
8.106494518417305528e+01,2.791646658958889660e+01
6.114383320752870077e+01,2.763765412399120791e+01
7.671535623940323489e+01,2.507727778750816583e+01
6.526802234783460221e+01,2.134455299846799647e+01
5.166412285292728512e+01,2.828189065098279542e+01
6.262822903319270296e+01,3.594580669050971267e+01
5.016981573022640362e+01,2.660916231775156859e+01
5.394005524400238727e+01,3.195574601814497839e+01
6.039442872223607850e+01,1.561456141607849446e+01
8.119799997062884245e+01,3.109420962579592640e+01
-1.707064465990328586e+02,1.086418267042197705e+01
1.708032593540646360e+02,1.663635348110165069e+01
-1.681523849707448903e+02,1.016253599497112958e+01
1.726913582653764081e+02,1.159844765741301664e+01
-1.707143702981492481e+02,9.688307737151038879e+00
1.697110232049607532e+02,1.391715730056737499e+01
-1.689053614391809788e+02,1.515961325710453522e+01
-1.752764148928987424e+02,1.226339020370494381e+01
1.790655677723512724e+02,7.865000606653023141e+00
1.708129823440226289e+02,4.927696724871408307e+00
3.549855497085133038e+01,4.272337872900641287e+01
3.818188511779142402e+01,4.803237543405690246e+01
6.068619444544771824e+01,4.323830950652051541e+01
4.140636833138779593e+01,3.461084072455058447e+01
5.801784262500459022e+01,3.703541670204010927e+01
5.197511726639454821e+01,2.351414892333728091e+01
6.214578870735123672e+01,2.549546240130813501e+01
4.642984425572436891e+01,1.585310309264311002e+01
5.580562562443033414e+01,2.275139350231693669e+01
7.112379715443235284e+01,1.560765989596227143e+01
5.570029447983788629e+01,1.003032743154315121e+01
5.960214452914041061e+01,4.157529781180351769e+00
8.901915794918582492e+01,8.493635690996789833e+00
5.009397649392518304e+01,9.349940020582181432e+00
8.480087242214285936e+01,1.421319683206872497e+01
5.287014925566606394e+01,8.903143017298372541e+00
4.875748772253532337e+01,1.525215429801860623e+01
6.166713019897903081e+01,1.157293225904638234e+01
6.130094667368717154e+01,1.142227210048877950e+01
6.730478141507393275e+01,1.083159657995961389e+01
-4.959447713568804517e+01,1.760547395895456901e+01
-8.229621131452985594e+01,2.725300027229461008e+01
-4.586349429650245924e+01,2.016981588018052562e+01
-6.209683920957984071e+01,1.523894485970965995e+01
-3.924797334005817362e+01,1.281224476570461412e+01
-5.192519889102963759e+01,1.156274635180314192e+01
-6.455699663973612701e+01,1.402888972722279348e+01
-4.566260737221764998e+01,1.572861060390076204e+01
-6.638836942180255107e+01,7.227899989581417550e+00
-6.135854521490630020e+01,1.285392718544320800e+01
6.804453172329588995e+01,1.386744041278167039e+01
5.961809220682346222e+01,7.488569203851126233e+00
6.673838204251120487e+01,1.094212394867448346e+01
7.193088256767597954e+01,1.929654662572578872e+01
6.801273879716886483e+01,1.504173776285151476e+01
5.839748406922325330e+01,1.557832649515622592e+01
8.356220825174348477e+01,2.205281057888628737e+01
6.451582597952108244e+01,1.950786957161297863e+01
6.716736052255011202e+01,1.657498707445491704e+01
6.238135147635338029e+01,2.325871345250249433e+01
6.939246065378313233e+01,1.559028386575868552e+01
6.888992422568546203e+01,2.413824397199346805e+01
7.693862219598469210e+01,2.792030234537001832e+01
7.124263298561599811e+01,2.306732745045792399e+01
7.483322235561125524e+01,1.464581392036494023e+01
6.117312804686540773e+01,1.923123630325132893e+01
7.406270197068560890e+01,1.378128182673265023e+01
5.912545509829437407e+01,3.461011636861394436e+01
7.399149935610776652e+01,1.614141262600395876e+01
6.367801336300753690e+01,2.534217242624916366e+01
-7.826977290487461403e+01,1.284778751032767374e+01
-6.193841914616854183e+01,8.254287017793902947e+00
-6.957784660008972821e+01,1.023057602048506709e+01
-5.586889991673245248e+01,6.606724477768157300e+00
-6.120524209586253761e+01,8.834274690924139861e+00
-5.773225145383159429e+01,9.675271833754431228e+00
-4.935605593748797304e+01,1.106134376827923660e+01
-6.640527262038500567e+01,8.257833539828421721e+00
-5.638270127489754202e+01,8.594023299160133078e+00
-7.807303778653204063e+01,9.016501443941482563e+00
-5.876484365292492384e+01,2.486045865957178336e+01
-4.315577683952102461e+01,1.208099638551952459e+01
-7.772893986051263937e+01,1.599157790931113965e+01
-6.076113374867440342e+01,1.192202191671434086e+01
-6.943802358965774602e+01,9.168599732617540354e+00
-8.120996092278544154e+01,2.261851986512905910e+01
-7.543608582108500116e+01,1.405288903762149921e+01
-6.978096382448831037e+01,7.169275389174507573e+00
-6.467916091311195714e+01,6.189113503170378117e+00
-6.653994294941549015e+01,6.604137036024716245e+00
-5.040650494961260364e+01,1.135256133337853868e+01
-6.618878829987765755e+01,1.465877083236424383e+01
-5.129772675885700295e+01,7.790508022362228502e+00
-7.043634564983088353e+01,1.835161974519268568e+01
-5.574450443662861687e+01,8.764807871294753028e+00
-6.833437500133322828e+01,1.165475901390167479e+01
-6.771215291061186292e+01,8.912321791888507150e+00
-6.174560400887501999e+01,6.443520909804421493e+00
-6.294464412446432533e+01,9.438032002079145499e+00
-6.599736401780667450e+01,9.089895146666453485e+00
1.043273857307451493e+02,2.443336770841368377e+01
1.175817678861165376e+02,2.772302570882801831e+01
1.553318354222610367e+02,2.029488409455423081e+01
-1.450505184036591402e+02,2.048335513116128936e+01
-1.569339291376413144e+02,8.268912487138971201e+00
1.542614322997232819e+02,1.863612704351985627e+01
-1.647223493256227300e+02,2.025321240047121307e+01
-1.536415896798375798e+02,2.530874325156175075e+01
1.618119884516960951e+02,1.199746118766520908e+01
-1.785883268079475386e+02,8.913443225861573893e+00
6.035008874288926961e+01,9.893679817690408385e+00
6.812664544975045544e+01,1.067958225118121085e+01
4.795325163017071901e+01,1.121075426859537494e+01
5.909689002831246540e+01,1.210962392169679092e+01
5.897390052640459857e+01,1.221466820684219456e+01
6.274405007910282706e+01,1.115460500670421595e+01
6.428334245764007449e+01,1.043691830694289635e+01
7.905564153860913734e+01,1.433650808761115059e+01
7.456784076038766784e+01,1.719859108078993870e+01
6.088896133274967326e+01,1.456791079351100748e+01
6.639051430409429599e+01,9.183792670510406708e+00
1.052758886883097915e+02,1.607384080083414801e+01
4.791967456102688772e+01,1.872895989085258961e+01
6.334504383430000729e+01,1.177828131495338937e+01
1.260801570509437113e+02,1.860725287237241687e+01
-1.611375060215734152e+02,1.344148022197827075e+01
-1.553356100833676123e+02,2.072160793031726911e+01
1.749055710639377139e+02,2.233459649145114412e+01
1.640935847968594601e+02,1.530936171095418530e+01
1.705398367600337508e+02,9.887367687537032879e+00
1.640632069422477741e+02,1.658322555039897139e+01
-1.673421025392854347e+02,1.286278917854581394e+01
1.660145531071939331e+02,1.450483538764517100e+01
1.698612463377518509e+02,1.620907762844940692e+01
-1.607762393274785495e+02,2.078011167508159929e+01
1.566506385645772639e+02,2.373397090249108032e+01
1.791134492827718532e+02,1.575813974409878782e+01
-1.698184639296448779e+02,1.222820263679060027e+01
1.606392016762231663e+02,1.403949481063565408e+01
1.751258221279240104e+02,1.156628765079816290e+01
1.731777078729285222e+02,2.102205639529820758e+01
1.779708332397667334e+02,1.786723711487883293e+01
-1.568821561374006706e+02,2.905461462196065625e+01
1.739784752511393151e+02,2.826428004988648723e+01
1.730393059556164701e+02,2.480212940605856886e+01
-1.711051788557294913e+02,1.670813946122964921e+01
1.557966914386327346e+02,1.686148032232555494e+01
-1.720484267429432919e+02,1.384906129749371750e+01
-1.680448691802097585e+02,1.348773597045998685e+01
1.595354012994773711e+02,1.169590407000102061e+01
-1.733337899380514955e+02,1.112418967494357247e+01
1.780695034652482036e+02,9.775299317822964795e+00
-1.701185176223737585e+02,1.101789008914180279e+01
-1.780191450770084032e+02,7.672260997052351428e+00
1.659759823974062556e+02,8.369711521162715329e+00
1.791015933843155494e+02,7.102622139393486300e+00
-1.745178470366574857e+02,9.032228484532719648e+00
1.786904525009678366e+02,1.078949784937455192e+01
-1.721700142571436629e+02,1.453956279616797609e+01
1.712728949487179477e+02,1.033159515291368002e+01
7.217702746778530809e+01,5.935254947478547649e+00
4.979198572239673126e+01,1.582891399129287890e+01
6.364113271435039110e+01,6.113818193438638637e+00
5.255705600948212464e+01,1.921884775796662126e+01
6.085957209530778300e+01,9.972226669684376432e+00
4.767704555123336974e+01,1.049398712458255289e+01
6.163099495312609122e+01,7.386416965891259068e+00
6.220656492539644233e+01,7.716597554878038778e+00
6.360145870990844230e+01,1.263477515022907305e+01
6.434174337476379435e+01,8.999578182168873397e+00
1.635918470477099049e+02,1.314171306360412572e+01
-1.614464038639392527e+02,1.795097660491132530e+01
-1.793328312965368241e+02,1.049458893388010594e+01
1.682168974952329279e+02,1.155043824128331487e+01
-1.641032858017372007e+02,8.754258255086254437e+00
1.760640161724609243e+02,1.055775844066921465e+01
-1.754273159819220780e+02,1.279391471473195097e+01
1.799692405857229005e+02,1.558629519508495775e+01
1.798897932089830931e+02,7.956223126786266420e+00
-1.602247809647257100e+02,1.855342353290222235e+01
9.623409766822518918e+01,2.557858723585820115e+01
9.020554738505140335e+01,2.120249747758017378e+01
5.584864460225004024e+01,3.081808410155711542e+01
9.149453379629616734e+01,2.435546013509028285e+01
1.063645228337925914e+02,2.625682671566851312e+01
6.573412911401474901e+01,1.965659716340167407e+01
5.850966572575733693e+01,1.815671119897612229e+01
6.582047285585073837e+01,2.520405764011708527e+01
3.602217912302551639e+01,2.462614431876003351e+01
6.353761513096424096e+01,2.195953750892687140e+01
5.964957272054146387e+01,7.732554422953159090e+00
7.609188727221464887e+01,1.465770908352402202e+01
6.132082383969392936e+01,1.629482055462709766e+01
6.529193078995064070e+01,1.099709563003473178e+01
6.770006639064871479e+01,1.398145582596693792e+01
7.507683489486608153e+01,1.379121348260637703e+01
5.699132575864362593e+01,1.603499537615120829e+01
6.861495611663592342e+01,1.144974648082715696e+01
5.613747246524953027e+01,1.382631300893690529e+01
7.563774898339572417e+01,1.306035116247031880e+01
-4.060145726646192088e+01,1.469961780084152991e+01
-5.689416543176598395e+01,2.390516877963026943e+01
-5.756979602931191664e+01,1.310120233251399569e+01
-6.069009232581094437e+01,1.995424707861999991e+01
-5.791931864696955046e+01,1.244028405571024187e+01
-7.878528868393512141e+01,1.545447549154119216e+01
-5.997398602713792570e+01,1.554843345006310429e+01
-6.150212410555246123e+01,2.482085966254526710e+01
-8.272293040252522189e+01,1.304827909611282877e+01
-4.720684850026795232e+01,4.410331686737961121e+01
5.301090408739698034e+01,7.383629112492627655e+00
8.440469946568377679e+01,1.419385920950209723e+01
4.934477121914588338e+01,9.449554527584705710e+00
7.531368889631606578e+01,7.904590481544044422e+00
4.869266043075495531e+01,1.272472527191495573e+01
6.046767610169782614e+01,1.103931237430917811e+01
9.272977189614999816e+01,1.515620240875294300e+01
4.073047573833859758e+01,9.832303965554793024e+00
7.702998435337333660e+01,1.311103239064351200e+01
7.452720843544304330e+01,1.100753018184515497e+01
1.707919545995384283e+02,1.739555952787867099e+01
-1.737928261470970313e+02,1.393590158600748552e+01
1.768283439784981965e+02,5.242504364834141839e+00
-1.778933541328645163e+02,5.141115188870053920e+00
-1.692417105443963123e+02,5.991109740952571094e+00
1.713140073479352168e+02,7.925932712624108589e+00
1.784285858236877687e+02,7.291819725712545441e+00
-1.749319757033112808e+02,6.606566578581248628e+00
1.772413935084821333e+02,4.726269288690695625e+00
1.794357515098327838e+02,1.874141037482681238e+00
-1.732728908559017782e+02,5.046027251947865722e+00
1.719431510880088183e+02,9.552108923818469322e+00
-1.766734146183355563e+02,6.431102761694010184e+00
-1.783719469910276700e+02,1.400397089378700244e+01
-1.701748885164661544e+02,1.834115127044652027e+01
1.518608488493846664e+02,2.887341936877682613e+01
-1.684295404799925393e+02,1.574479776649258511e+01
1.662225332587712501e+02,2.235919230890175413e+01
-1.575065201194651365e+02,1.878526506243494865e+01
1.612536163373672480e+02,7.656281889274364261e+00
5.956142045437391630e+01,1.278576430336284631e+01
7.007935453316073904e+01,1.694010172851611884e+01
6.569035892337787175e+01,1.185414285007830770e+01
4.818834098049048720e+01,1.689419565001067269e+01
8.524001597930885055e+01,1.918436382632708259e+01
5.464492190159383966e+01,1.467642116873553526e+01
6.807843045973268659e+01,1.635060636199622053e+01
7.448769645994173061e+01,1.155683581606241717e+01
6.051232941457947589e+01,2.168723891408549065e+01
7.023615663594689806e+01,1.327456745408897021e+01
-4.926400254790182487e+01,1.902113226427154302e+01
-5.325733753087967415e+01,1.813159746481212053e+01
-9.040589018184073211e+01,1.824960041637468322e+01
-4.824565662654594433e+01,1.681850509203857058e+01
-7.275633532124891190e+01,1.237569675919855072e+01
-7.846222968264454778e+01,1.514795514600176318e+01
-3.701615375277852849e+01,1.792640237009624471e+01
-6.290423839294329156e+01,1.634142405776588092e+01
-4.325663326797190678e+01,1.213434493739270792e+01
-5.780652063786931194e+01,1.275143063933640519e+01
-1.772641984528268040e+02,2.140676710430986773e+01
1.771049527971378268e+02,1.308968289272618435e+01
1.697459052706068690e+02,8.198826651188188208e+00
-1.599400741540771946e+02,1.301263452962616540e+01
1.685675176996768414e+02,1.396621760559289527e+01
-1.742802007512890725e+02,8.499893110344240554e+00
-1.734564189262559921e+02,5.030293127301095346e+00
1.676710708986772715e+02,7.817624594577511132e+00
-1.678336582561929617e+02,7.890110899566238345e+00
1.753529781974578157e+02,1.011233797717754257e+01
7.052139212939015067e+01,1.058941942901726740e+01
6.356732972222624767e+01,8.590496734345435925e+00
7.395103034474929871e+01,6.792270333897330481e+00
6.401917295881429482e+01,9.741230011936227839e+00
6.511272692077668012e+01,6.354800039513003540e+00
5.188606125087189724e+01,8.321621128731024442e+00
5.527653515639008219e+01,1.702749544913636015e+01
5.324781481629977264e+01,1.020571101452904550e+01
5.760539166509913400e+01,1.447286233789001741e+01
6.018370633777893630e+01,6.082458056586675710e+00
1.585319281045658784e+02,1.424044694461708183e+01
1.556286222457341069e+02,2.376852126588164538e+01
-1.618605310780931177e+02,1.375522255976050801e+01
-1.777236243172264381e+02,9.590630061335229328e+00
1.593189650246319786e+02,1.144097317923626278e+01
-1.675409322265768139e+02,1.651832690113291591e+01
-1.763903596439542696e+02,1.722971591548587256e+01
1.745056201000021190e+02,1.691971574148728052e+01
-1.662610713169632390e+02,1.241679399097805003e+01
1.751714793574093676e+02,1.049653179196825370e+01
1.661818202631471024e+02,1.814041519231662392e+01
-1.644796292933698965e+02,1.157370226487073417e+01
1.739341518099233497e+02,1.403095169945443921e+01
1.639929305519561922e+02,9.612140009898215709e+00
-1.673880885548645949e+02,1.033802987637785620e+01
-1.793035392832425146e+02,1.037781007342119999e+01
1.701955385944362718e+02,9.750551728304563071e+00
-1.764915249550341514e+02,5.920180145692642171e+00
-1.720930603959748169e+02,1.162692401214684423e+01
-1.733209996758053535e+02,8.812009676649479317e+00
-6.092328216480476755e+01,1.874026830490069528e+01
-6.362048037518021459e+01,1.408329272820611422e+01
-6.799806185147974702e+01,1.257270536944576733e+01
-6.727486614940076493e+01,1.229310264708551514e+01
-5.984746889928211999e+01,1.914354737873112100e+01
-7.398591287640830672e+01,1.745537745455913026e+01
-5.577341018317054733e+01,1.654238317506172962e+01
-8.095369871019359209e+01,1.181074354869506315e+01
-6.208819045256390723e+01,7.628346611527813792e+00
-5.367159085629169368e+01,1.082804724557844267e+01
-1.796597736373809084e+02,1.229220579147827586e+01
-1.688409000612526256e+02,1.004368440479509061e+01
1.727010242555567743e+02,1.144084676567274172e+01
-1.697378151347291180e+02,6.942660820640613295e+00
-1.765247506353828157e+02,9.661428494448824011e+00
1.587254064527730577e+02,1.235795437247691098e+01
-1.659411844228292239e+02,1.315798242417266195e+01
-1.783270153253319279e+02,5.688275301537069950e+00
1.732938161510188024e+02,8.661871898120315549e+00
1.791359400062027589e+02,6.848327190415962384e+00
-1.442482441777807196e+02,2.600852292891564588e+01
1.484525293403572448e+02,2.434723716414166717e+01
1.495935506911455377e+02,2.584593538483080977e+01
-1.428927151546658365e+02,2.333557278815769820e+01
-1.524531692055210215e+02,1.912635933574772906e+01
1.569209602863045632e+02,1.292142203332678463e+01
-1.665001066075305971e+02,9.069766592902086089e+00
-1.560565274938093978e+02,1.391635027183474982e+01
1.590907317663080676e+02,1.848406327887074951e+01
1.778190081535787215e+02,1.728901745630501452e+01
-8.384126259768788714e+01,1.856002074267384927e+01
-8.389507951347455617e+01,1.355026005807039446e+01
-4.866809968292319866e+01,1.432577371558575763e+01
-7.501067299346395600e+01,1.141376757138270648e+01
-6.956068549846887095e+01,1.174060951445793322e+01
-6.189068457644503951e+01,1.287887272308485365e+01
-5.833904546485896958e+01,1.017017651410455414e+01
-8.997199161594903671e+01,1.615609958861429618e+01
-6.876830843443735830e+01,1.139970297718930325e+01
-5.041289700770644799e+01,1.457817229931090530e+01
8.783167538080583370e+01,2.012943431577892284e+01
6.321695642350027811e+01,2.421092430785091665e+01
6.160933310996189505e+01,2.674677733871731178e+01
6.379533197282445656e+01,2.887566572412317711e+01
5.064075916627943741e+01,2.471325174869240371e+01
7.233856012665852120e+01,2.127778423165052146e+01
4.219170386219865065e+01,1.757749056136240640e+01
7.169245367906027866e+01,2.293841721890649055e+01
5.058384659882313628e+01,1.955261732961139387e+01
6.130872198445894838e+01,3.165153895093235548e+01
-1.760047064539774055e+02,1.361752952910315528e+01
1.745048925791655279e+02,1.420067811567885485e+01
-1.702069786260667854e+02,1.300592766822704149e+01
-1.715906079469151564e+02,1.638037497301294465e+01
1.655090491707711067e+02,1.735498153179437253e+01
-1.719554588754006659e+02,1.398980753847063419e+01
-1.601355286758176248e+02,1.887368528133279000e+01
1.703543183820903550e+02,2.020235557228721035e+01
1.677916816188628673e+02,8.870495135854106650e+00
-1.633519160842591305e+02,1.092040508085591100e+01
7.313601613906378418e+01,2.141782164638063080e+01
5.715335017125669026e+01,2.014038096740235417e+01
6.219078442650513949e+01,1.904059601845982641e+01
1.343967892497183811e+02,3.489653905291126534e+01
-1.536268823162583885e+02,3.109215318295466801e+01
-9.524295562062741283e+01,2.804546218964073745e+01
-9.948307921144727572e+01,2.905851790410618563e+01
-7.657228670252573011e+01,3.104631360547595875e+01
-7.850871852028092235e+01,3.208889931369743920e+01
-8.294880654569544731e+01,3.022108347702344844e+01
5.685986808952156224e+01,1.202456100610509715e+01
7.163313704463924125e+01,1.300630549648705880e+01
7.936175133183931507e+01,1.858579591405084486e+01
6.375362579599612189e+01,1.699957237055872739e+01
6.703566353685913271e+01,6.862169476934417922e+00
5.825640099643198511e+01,1.289911536829072070e+01
6.295108850708932380e+01,9.074051909808561689e+00
5.150450701103314799e+01,6.921985866472839533e+00
5.205649776014480778e+01,1.498378116055023845e+01
6.334516693909282736e+01,1.592541218544384662e+01
1.731699922751062104e+02,6.465109301420492116e+00
-1.751022529384156314e+02,1.172106798657797100e+01
-1.790668206141662040e+02,9.586272498379667439e+00
1.620338917138640227e+02,1.341775549622387764e+01
-1.631242371916136165e+02,1.137628827806518572e+01
-1.608301007801990465e+02,1.007845197057416087e+01
1.459018591089709105e+02,2.128629353633151311e+01
-1.636489670156156535e+02,1.409571840379303609e+01
1.736255621207655224e+02,7.252092608721980582e+00
-1.737700237576698328e+02,1.109953512529439124e+01
1.742372590638967438e+02,1.569840465661009432e+01
-1.737288189824718927e+02,9.091985514320295891e+00
1.613809278971021399e+02,1.376785163403229717e+01
-1.700982074377455149e+02,9.762290218925972596e+00
-1.784229426769026077e+02,8.770201045980787313e+00
1.606290054085089025e+02,1.782638498609347977e+01
-1.650524819539833743e+02,9.483304400596132666e+00
1.721394378133765031e+02,6.071829101599519163e+00
-1.706587630834422384e+02,7.491141153945913622e+00
-1.797019337421505156e+02,9.760633517165567596e+00
-1.591441923843421193e+02,2.119984760075379882e+01
1.688372661888196546e+02,2.277016037693667272e+01
1.798509310703310575e+02,2.437216447635121597e+01
-1.648597260402005986e+02,2.559314986800794500e+01
1.675754149271125470e+02,1.933023298186599348e+01
1.561652506677350800e+02,2.756999228639202215e+01
-1.562402933329962593e+02,2.043739115891456493e+01
-1.552080489775980823e+02,2.724320465884752807e+01
1.601023218575057285e+02,2.153947432277888652e+01
-1.794985488270145879e+02,1.789791721443604899e+01
-6.965431477091070178e+01,1.862289012921665687e+01
-5.501627194607257820e+01,1.139777085873895501e+01
-6.069435460078523192e+01,1.410676467435277104e+01
-7.125385277321883848e+01,2.090221578177454020e+01
-4.913953684964972268e+01,1.458455922836752983e+01
-6.888811103073953745e+01,1.467503611871524427e+01
-7.478661918489514449e+01,1.284414370437503194e+01
-6.034002913001762636e+01,9.441147228635909272e+00
-7.205132186500756575e+01,1.232326853804628541e+01
-5.930766229715111137e+01,1.277411910994115374e+01
5.468620804558957360e+01,2.953862730633019495e+01
7.448651803778408009e+01,1.767274479621666927e+01
4.903967284766707024e+01,6.843120051608549304e+00
6.522217573831986215e+01,9.677106467048517402e+00
5.770748509683832594e+01,1.243010319900707117e+01
6.003430212103989305e+01,1.614737439793688623e+01
4.915221360675140971e+01,1.591825394931152715e+01
7.740326721376786168e+01,1.273083885719733743e+01
6.161235847803234833e+01,5.524348331773540011e+00
7.318710263988388931e+01,1.267283291172556048e+01
1.762277967758659827e+02,1.285068220774882164e+01
-1.731428404855837755e+02,1.756157761281520280e+01
1.791393093778495427e+02,1.308228929909185112e+01
1.798988190649159549e+02,8.866070045452277171e+00
-1.645860223715934580e+02,9.586643247971625925e+00
1.658998999002149333e+02,1.408078026907846336e+01
1.794939759691681331e+02,1.407978479733323951e+01
-1.737581443073156606e+02,1.521060332038225127e+01
1.750101636427150140e+02,1.793934075961359298e+01
-1.663532709140659733e+02,1.094993010254192711e+01
-1.622936288715947057e+02,3.336245035494840749e+01
1.693682464338009765e+02,3.255672938808255878e+01
1.786897558510108581e+02,1.831625850308119752e+01
-1.700026051871722075e+02,1.551349834050231813e+01
1.525698485604404766e+02,1.246144689696398089e+01
-1.537373519523742402e+02,1.700822391527313471e+01
-1.773822506239824577e+02,1.555646172195064736e+01
1.707066021943911096e+02,1.907274269132781441e+01
1.658692668307299414e+02,1.445048017982988320e+01
-1.672498027846894502e+02,1.263747829705219594e+01
5.473398526936810526e+01,1.725746354882589273e+01
6.162824126057943630e+01,1.234178205090981884e+01
5.177700944280968542e+01,2.692073006047241179e+01
7.327531634409410799e+01,2.495363748913018398e+01
6.224915240914749859e+01,2.179997451682845622e+01
7.145233676215420360e+01,2.218267334597729601e+01
6.677505624068419365e+01,7.802849377105506079e+00
5.986744580409921213e+01,1.087927945890007386e+01
6.313822910574802449e+01,1.127892050599334972e+01
7.264483905286911636e+01,1.244146120804576405e+01
6.414517822463575669e+01,2.105282666951238824e+01
7.712459352607231722e+01,1.577244556804296494e+01
6.228127020323940854e+01,2.116925921884855200e+01
5.790085029243102355e+01,1.784685585487928705e+01
7.871706276670614955e+01,2.871792061472449831e+01
2.454793823408631326e+01,2.762587832959803080e+01
7.485212514701905206e+01,1.954042733289465872e+01
7.542551010852575644e+01,1.702173134429563461e+01
6.575628578497318699e+01,1.931551754059027814e+01
7.039917676294651017e+01,1.540945010167954266e+01
-1.626269368551783145e+02,7.437258263351230525e+00
1.680272368529152800e+02,1.425234606074718613e+01
-1.679487429680458206e+02,1.173919475247479483e+01
1.643851766146079001e+02,6.124950479366185974e+00
-1.662240584177779112e+02,9.269446759796306168e+00
1.656942982701904441e+02,7.094721505070163303e+00
-1.755776563818458555e+02,1.174866360222860706e+01
1.742739521258987736e+02,5.903225530104071694e+00
-1.772347772140815039e+02,8.276729553930687544e+00
1.754047135622342921e+02,5.208456909068634566e+00
6.744112562025865998e+01,1.772822373711093036e+01
5.372697825905942892e+01,2.048575208580427898e+01
6.613219474553083899e+01,1.704298067919965831e+01
5.746366872574611762e+01,1.969973520297568115e+01
5.323075538617685964e+01,1.331679665821785186e+01
6.735722976047894406e+01,2.477725628878969033e+01
5.022921968150115646e+01,1.772120711870277177e+01
7.110774458858074354e+01,1.522665165096607609e+01
6.621626514873014457e+01,8.388286130322780920e+00
6.470754849443129331e+01,1.119655888964203427e+01
7.649277177786511572e+01,1.563265887855541436e+01
6.033894520647731241e+01,1.067652395008342658e+01
7.389731949252843890e+01,7.912918618010861493e+00
7.017999719565592898e+01,5.950411180549808776e+00
6.049002223788177446e+01,1.136492842635675515e+01
7.780459505760939010e+01,1.274025460776445051e+01
3.892230588632546784e+01,2.149104118543965569e+01
7.861985131013955197e+01,1.446618528165316242e+01
4.948073053958358969e+01,1.453437642944454389e+01
6.935854160846315608e+01,1.484799524849866259e+01
7.188892258572229821e+01,1.642014259900226847e+01
6.541380380435413144e+01,1.123629079585212232e+01
8.847200362766182025e+01,1.754080851059390866e+01
5.574698867525408019e+01,1.578706509524083401e+01
5.773257559378465231e+01,6.061883755848575639e+00
6.996857154479189944e+01,8.674508292058522585e+00
4.575092411267399939e+01,1.277738400965090904e+01
7.156719252575686596e+01,1.417933635157926986e+01
4.857783057516645187e+01,1.297920701074209937e+01
6.142812893394513907e+01,1.275684279324610770e+01
8.473233416094139159e+01,1.313991692543635992e+01
5.490717395477469154e+01,1.237899303859387068e+01
7.469624969017378646e+01,8.198788028935283023e+00
7.159028157995116715e+01,1.565386412799056615e+01
5.940941685572238384e+01,1.927484835743072011e+01
8.893231011130809804e+01,1.627418900428227033e+01
5.860746950330555194e+01,1.384818276559376216e+01
8.496964687663806615e+01,1.701125083845074926e+01
5.692465665824236964e+01,1.543009543629273495e+01
6.962210496751595201e+01,1.219897693112462989e+01
6.328986127294046327e+01,1.569815084125307436e+01
6.177834677691016907e+01,2.514949580237281523e+01
8.058707715660619897e+01,2.280384286018504270e+01
5.588804989665333522e+01,2.706933388447239963e+01
7.806349511853096601e+01,1.248919572466877170e+01
7.401880136661756637e+01,1.267404120866089556e+01
5.055656111222972982e+01,1.127918281303931991e+01
9.082463583881872182e+01,1.702495441525378084e+01
4.872850386146864565e+01,1.116674788678550811e+01
6.118481938202880599e+01,1.611427767725131233e+01
5.859837787284254773e+01,8.359805012353767495e+00
7.820749760396182637e+01,7.338321044844036578e+00
6.534016790390414542e+01,8.524012970275329337e+00
6.135489773152175985e+01,6.699669234312502830e+00
7.050298453266172771e+01,7.020321198726430900e+00
6.040748957807461039e+01,1.341573736824260088e+01
7.260504159900756349e+01,1.163844576057695690e+01
6.355752594075269712e+01,1.582059655887411154e+01
5.579687775767792601e+01,1.090024702982774585e+01
7.851602802632449141e+01,1.273282566667279170e+01
1.644419000716603989e+02,1.727339182147539987e+01
-1.671295580381525099e+02,1.114048453641223091e+01
1.633337250299315428e+02,1.200974012466108753e+01
-1.743489981797303017e+02,1.333088384221011324e+01
-1.765246915501355147e+02,8.730024132997954212e+00
1.680584255077726823e+02,8.514803011696226775e+00
-1.794648772203547651e+02,1.198888012936440539e+01
1.781976384521890679e+02,9.034880450840187649e+00
1.730339227161107374e+02,1.427105592912887388e+01
-1.783320391831146026e+02,1.160374655208942940e+01
8.028887167325621022e+01,1.210192660182104518e+01
6.033325743699768395e+01,1.331185571476865270e+01
8.428928635469654296e+01,2.022008357539057499e+01
6.766067934334179768e+01,8.186446587372099515e+00
6.803221770237617250e+01,1.762141682197504267e+01
6.490983254820963566e+01,9.376236051463536114e+00
5.309107605900273796e+01,1.785085556334096424e+01
6.610592332289499495e+01,9.494745431622101606e+00
6.519294885635052594e+01,1.463889904058934022e+01
6.726494837880646571e+01,1.515610309943112810e+01
1.652665847870524374e+02,3.001200105446736544e+01
-1.767044975520684602e+02,2.881438632405714628e+01
-1.772006037917254275e+02,1.447816136665830733e+01
1.634137086396223424e+02,1.129665276350453240e+01
-1.664691219400089039e+02,1.422782523664157139e+01
-1.773804108103059605e+02,1.723470816139673900e+01
1.614640608801459223e+02,2.029858405592626980e+01
-1.702102295544542017e+02,1.585347606198119053e+01
1.740715921020422172e+02,1.365684173713139948e+01
1.794592704675298478e+02,1.919503440316298892e+01
-1.656011390691745646e+02,1.882330595495085390e+01
1.697174628071298628e+02,1.225631951848273893e+01
-1.789755507646658828e+02,1.710608241800524354e+01
1.780346489583201901e+02,1.983865526908573429e+01
1.613299219154644959e+02,1.961084802882282574e+01
-1.782001032892303556e+02,2.885468408804831597e+01
-1.717229258004859958e+02,1.140627879128558320e+01
1.656349968996926236e+02,2.116635369942592604e+01
1.619568038634183438e+02,8.446697838532976732e+00
-1.681391753617004952e+02,9.692499803527033109e+00
-1.726650129668561533e+02,1.327847699493469591e+01
1.710292780350731334e+02,1.937520297563255056e+01
-1.646992737273886007e+02,1.502683743159575869e+01
1.727126263494258467e+02,1.580516907534980220e+01
1.677880191947414517e+02,1.317639302509129706e+01
-1.740602879665171372e+02,1.215499129714520699e+01
-1.767999090826021416e+02,5.804059274041563299e+00
-1.755221920547333241e+02,1.462461645440891189e+01
-1.781077780018237604e+02,9.874764680756090485e+00
1.729157877497137861e+02,9.168883212236202951e+00
-1.722995452251908546e+02,1.174103269781105929e+01
-1.785939160017977940e+02,1.098128495823565309e+01
-1.788842875423050032e+02,1.152390027093163916e+01
1.796061465668238384e+02,1.336385550162224689e+01
-1.665142278782187759e+02,1.312714135255897929e+01
1.706441753597081288e+02,9.479559934774240304e+00
-1.642439134455048872e+02,7.508730536102082631e+00
1.687737449237727674e+02,5.902157995398598977e+00
1.737678577831865709e+02,3.300783278270463583e+00
-1.685281632538573149e+02,1.003409337232454135e+01
-4.923020336498009897e+01,1.773582346479616945e+01
-6.859540308962131405e+01,1.181281507032662503e+01
-6.404542952170116621e+01,1.058699110465323834e+01
-4.351311855516983229e+01,1.291971017114162734e+01
-6.760690821892038116e+01,2.167783988676007567e+01
-5.342525300193371152e+01,2.361714689744716722e+01
-5.526900355255732222e+01,1.657406814825842645e+01
-8.300125206968228042e+01,1.598966375390980943e+01
-6.274253638309822634e+01,7.344046790037868533e+00
-6.241471788364256668e+01,1.578750599725825765e+01
-1.773697045341158969e+02,9.371498905540860846e+00
1.705190611261987783e+02,6.635405618371675196e+00
-1.724822668980557694e+02,9.664794087051516769e+00
1.781490386159284469e+02,8.054730527345157043e+00
1.797282933395824500e+02,1.103665870587852105e+01
-1.764611887870869680e+02,1.020910522515686658e+01
1.737041366757862875e+02,1.136552997807690524e+01
-1.765732812336619588e+02,1.164282329953063311e+01
-1.793462447544469285e+02,1.623260579750351340e+01
1.712271468962416066e+02,1.766531873898710359e+01
-6.040014407319809209e+01,2.426016991743173890e+01
-5.731157013610523165e+01,2.405612493858814105e+01
-8.984116783297845643e+01,2.716214469428676281e+01
-6.057475985132329299e+01,2.893830016400413285e+01
-7.430452648072133570e+01,3.619264661981872422e+01
-5.826441174789749766e+01,2.177262843019788718e+01
-1.020750720256172599e+02,2.319926834323741360e+01
-8.027392305073205137e+01,1.819834595154777901e+01
-6.502695053446204554e+01,2.951283276463749417e+01
-8.207577931163257290e+01,2.737521839373646415e+01
-1.139210776388762554e+02,1.714464831207460449e+01
-5.890629175789465677e+01,7.262351513312909290e+00
-2.541878864107134106e+01,2.029104125042744755e+01
-9.113980039892346952e+01,2.143418976018206834e+01
-4.648044214925019446e+01,1.392202098451169689e+01
-6.659305014339489048e+01,1.005768372431165503e+01
-9.758452345919312165e+01,1.840270832773938992e+01
-5.949603846775475802e+01,1.789270205774349876e+01
-6.256113173270324523e+01,1.125171210755313211e+01
-7.336068300599541203e+01,6.099397494828210142e+00
6.598803554421625961e+01,1.689639722106987563e+01
6.980202222007223156e+01,2.137712255036008813e+01
7.809785060928184919e+01,2.008433623162716941e+01
4.171817373894977976e+01,2.097925100425779732e+01
8.003796799283294661e+01,1.972145646932051477e+01
7.876291658822896125e+01,2.356964923238584930e+01
6.866639378600415000e+01,2.079292466842530018e+01
5.983757599381084447e+01,3.312647447282591173e+01
6.746743312924144220e+01,2.097448991270886864e+01
8.926704089036289247e+01,4.073257046504336643e+01
-7.006996791533829594e+01,1.420240362741752804e+01
-6.011089699647930473e+01,1.468235487297354958e+01
-7.055122310385506523e+01,1.233927736057777480e+01
-5.329543966081337203e+01,1.187013840898097605e+01
-8.106650763762007728e+01,1.210387070206856208e+01
-5.547900134616189405e+01,1.668836112904359581e+01
-7.628849416032923614e+01,1.476504832596820727e+01
-5.316110652337863485e+01,1.338878122071152532e+01
-6.687078759039944487e+01,1.134222706215524390e+01
-6.349925512140723072e+01,2.121818424493329047e+01
-6.700579189872004804e+01,1.150526819994206917e+01
-6.898387473728723762e+01,7.796383518807363799e+00
-7.067404798874849803e+01,1.677669251464023858e+01
-6.963429477911589061e+01,2.026038630978257515e+01
-8.382812723230041740e+01,2.066653935105421169e+01
-5.460761247179018341e+01,8.822736347498629783e+00
-5.123764313178443786e+01,1.088521364240791378e+01
-6.658119995765828492e+01,1.732515170082862355e+01
-3.057264592783096901e+01,2.287074312416030608e+01
-7.986547402621727088e+01,1.936766077772331585e+01
6.340762802508866969e+01,1.637986893155301971e+01
7.202445691250835580e+01,1.712229657556618179e+01
5.719442749292996098e+01,1.829909019297065953e+01
7.346548621353775843e+01,1.346114219025614034e+01
6.531330422640188260e+01,2.037810138403311555e+01
7.192307394657358088e+01,1.450043294818107853e+01
5.218560796179574623e+01,2.099587995304538168e+01
6.799279455601363509e+01,1.323177354308882769e+01
6.818588617105663729e+01,1.213380346390524522e+01
6.313458245988200446e+01,9.133697477356367500e+00
-1.731287944213386254e+02,1.856047639836192076e+01
1.766031340624618053e+02,1.237196761766424125e+01
1.779649507606684722e+02,1.845429156482494193e+01
-1.670455924359701214e+02,1.238025334354302309e+01
1.685868776103790196e+02,4.730536028025453810e+00
-1.603491619734546703e+02,1.116826295399398816e+01
1.473574029360295299e+02,1.498282479203259498e+01
-1.777893959559776818e+02,5.877222841613392035e+00
-1.619421903731237364e+02,7.888328591112118815e+00
1.656317146607754296e+02,4.059074531233843430e+00
-1.694120639126609831e+02,3.121996654363175416e+00
-1.784414510517794099e+02,2.941122626164745846e+00
1.771146938155400221e+02,1.426536588676375494e+01
-1.777325888099448434e+02,9.834664921684639793e+00
-1.681133129569907680e+02,9.232725014852796619e+00
1.576938358099093591e+02,1.227027997366168677e+01
-1.618713804427579532e+02,7.127141424974697159e+00
1.728472418374146571e+02,5.913253272890923284e+00
-1.695802491305605031e+02,8.753419812261627797e+00
1.689892900712684707e+02,1.175812005613065736e+01
1.699313298887706765e+02,1.701321280828595661e+01
1.750093012306481910e+02,1.141395986769837911e+01
1.741216883079076183e+02,1.247038081251866970e+01
1.701580854576431534e+02,1.383123010343858184e+01
-1.799635468679612416e+02,1.614868413951941051e+01
-1.772752266589446890e+02,1.093993636571903316e+01
1.714492276189848212e+02,9.366283617375145809e+00
1.732339701177850202e+02,8.512991059999388099e+00
1.764236650289054467e+02,1.438631916171992131e+01
-1.774280881611171594e+02,1.702377333595970654e+01
-6.075040788458275642e+01,9.787213705334520952e+00
-8.826616107188102944e+01,1.239749625107858222e+01
-5.380536630350007243e+01,1.470418786415713619e+01
-8.397347695264748779e+01,9.657982193929605330e+00
-6.676872526595219881e+01,8.534681226550649313e+00
-5.933767907760731219e+01,8.067782249357945190e+00
-8.514415690624210242e+01,1.172317107671975833e+01
-6.875293808571467480e+01,1.582346329811795727e+01
-7.036603036076705564e+01,9.021094111940616500e+00
-6.898929054514844950e+01,8.661470668201667777e+00
7.278620714669750669e+01,1.944595272350753490e+01
5.429757158496876457e+01,1.408304255255857562e+01
8.933965502532977609e+01,2.050116720681654670e+01
5.676216335127158175e+01,1.609392167674790386e+01
6.417068035250355251e+01,1.552036713753441610e+01
6.913333373530008430e+01,1.826318653554970339e+01
7.944037051719729448e+01,1.629532840810047389e+01
6.157756143524935055e+01,1.224865477774036293e+01
6.850476048518785888e+01,1.290000139593502482e+01
6.701126146799258265e+01,1.808362812648447004e+01
1.769282758450035828e+02,1.532931936547593921e+01
-1.649018882065332150e+02,6.698080317206692946e+00
1.730134420829115243e+02,1.950516434768291063e+01
-1.745554584168389738e+02,5.804445687506099461e+00
1.798456226831848426e+02,1.241321497926367279e+01
1.742462582149801733e+02,1.178296564023890802e+01
-1.752164600019574152e+02,1.505248413890922166e+01
1.731830460233370559e+02,9.808672787256483616e+00
-1.767022308814143230e+02,9.028291896557719909e+00
-1.744864137386403797e+02,8.780658538337871022e+00
-5.503089422519934715e+01,3.057288062916649807e+01
-4.902248272418344754e+01,1.721972210530420710e+01
-6.170736823965521722e+01,1.197563612129365218e+01
-6.647050601951545445e+01,1.051922464825711145e+01
-6.936303123498400680e+01,1.453937876090875569e+01
-6.798509524315089436e+01,1.822429095184956793e+01
-6.001297682953705959e+01,2.291475028387274904e+01
-7.514161864525367207e+01,1.426497725960049223e+01
-5.538248878064946723e+01,8.324661943644908746e+00
-5.860398922505478225e+01,2.247017614552550313e+01
7.587284735690306547e+01,2.211592119100302867e+01
7.508133868027817925e+01,1.477037015658231667e+01
6.043060579463386262e+01,1.936408225709645947e+01
6.493866324961329894e+01,1.495993627859877684e+01
8.715716445982933180e+01,1.523502746437957356e+01
4.668910646191144309e+01,1.277735719824577565e+01
6.760355043766817573e+01,1.446831847602119936e+01
7.834060826845853853e+01,2.274959591586627994e+01
6.906601885604902691e+01,1.104380342702864226e+01
4.343541746070544463e+01,2.180672452416185791e+01
5.400212012479175883e+01,1.234384476724793700e+01
8.650018023086228425e+01,1.375580462096816525e+01
6.486471702513524917e+01,1.425376383431507321e+01
5.701936533300445831e+01,1.495183705894815951e+01
8.448338359273006404e+01,1.077851847905257188e+01
5.802661403372629678e+01,1.331247361304342647e+01
6.352670156422285430e+01,8.320216590672663060e+00
7.661168292615830921e+01,1.041413585692346544e+01
3.008037447868080960e+01,2.169884919263153478e+01
8.259375176656352835e+01,2.057526566080481700e+01
-1.243404427767474942e+02,1.976026409400606809e+01
-1.530609412089410739e+02,1.283469286969332224e+01
1.577867542454923182e+02,1.249757488072437894e+01
1.747709939242612904e+02,1.628744437509349297e+01
-1.786502997463701377e+02,1.475704259576358091e+01
-1.735756182581534404e+02,1.004722772258300623e+01
1.703189165129810476e+02,7.651358525332236482e+00
1.291064420684466825e+02,2.662997167703851176e+01
1.046700728250262245e+02,1.775879370564211257e+01
2.355205720676927683e+01,2.434788487308712845e+01
