dihedral_deg,energy_kJmol
-1.773400753593606396e+02,1.362308411410429798e+01
1.736345845838467596e+02,2.312584524884878334e+01
1.744675854384989009e+02,1.589543994258684378e+01
-1.713177427173167757e+02,2.004260735127650150e+01
-1.734952319018399862e+02,2.984733090767446129e+01
1.661374611717978098e+02,2.554516547078308975e+01
1.758282841180221112e+02,2.372154244630154452e+01
-1.650381809895399954e+02,2.318723759408592855e+01
1.694333928409901944e+02,1.683099612405538537e+01
1.651210486804245363e+02,3.927743338226044045e+01
4.914387061465701123e+01,2.749775762075930530e+01
2.380849495642123514e+01,4.362805550181847991e+01
9.254908381152094421e+01,2.188412301807511540e+01
1.636117439976115406e+02,1.779982981830468702e+01
-1.508802937008797755e+02,3.159735087684788368e+01
1.732487746325800231e+02,2.194309348191077547e+01
1.577778913762397792e+02,1.967170305094337834e+01
-1.396742767792327697e+02,2.040538431144186760e+01
-1.787149779459689114e+02,2.279981134678866539e+01
1.711203951627268793e+02,1.873679114881531405e+01
1.344960169186852852e+02,1.746910293178849116e+01
1.697391741251852579e+02,1.119815605585503704e+01
-1.492461764145055554e+02,1.193955230213231289e+01
1.583573984635292504e+02,1.330047779551437159e+01
-1.630094011596893608e+02,2.374176050426106244e+01
1.749514830574308917e+02,2.815307828838729876e+01
1.713835777597588219e+02,3.648192473295063110e+01
-1.734803312523052057e+02,2.275592517997218778e+01
-1.605372426662477494e+02,2.945580002056205871e+01
1.500030876732942886e+02,2.131256284554433122e+01
-1.317057457135551601e+02,4.580081027713072217e+01
1.744484405230487880e+02,2.525963720094829057e+01
1.344642539595063226e+02,3.190788809069243825e+01
1.658661511240474908e+02,5.339129608930952742e+01
-1.476359531907441465e+02,3.265439076966962517e+01
-1.666939711880879429e+02,3.266527322288871460e+01
1.368318941964714099e+02,3.088540335848371399e+01
1.615791967901608928e+02,4.081419693987910335e+01
-1.385175707958125884e+02,3.092399424698060884e+01
-1.497468829999549769e+02,3.577604924657578067e+01
1.607843213513650937e+02,3.264722476772853810e+01
-1.604232858951995127e+02,1.742791089359157297e+01
-1.747279336482817769e+02,2.927800179152540494e+01
1.496050662268744418e+02,1.604404768221206368e+01
-1.553166309475448656e+02,1.671429608029394842e+01
-1.714480724192832497e+02,2.134609924246849744e+01
1.745599779331834611e+02,1.591815717880920289e+01
1.769477292614938051e+02,1.590015063884406032e+01
-1.617933560319892479e+02,2.091563898589667048e+01
1.784794643563309648e+02,1.567795406734375874e+01
-5.044759536465583949e+01,1.358523296410091774e+01
-8.687174342752166467e+01,3.500620392072023890e+01
-2.174227172132632901e+01,2.156386631082292027e+01
-5.655163913054798286e+01,2.980996026840678326e+01
-4.917028940709931817e+01,1.565765710538169486e+01
-5.300507925124583863e+01,2.230718140067117616e+01
-8.380775671072069599e+01,1.634022265027493503e+01
-5.480881262569313606e+01,1.909440844597254383e+01
-8.116378134753476559e+01,1.117006162932469238e+01
-6.269427769846764420e+01,1.767571315421048439e+01
1.749007359360692533e+02,1.643777597789419431e+01
1.778571524613552128e+02,1.827996183744160419e+01
-1.721611816178124172e+02,2.272777511441097431e+01
-1.671031571030399903e+02,3.329738546002505473e+01
-1.694164466710398074e+02,2.161843757016148970e+01
-1.746585539977425299e+02,2.068418602443000864e+01
-1.753068762671534557e+02,1.216316867285201297e+01
1.640804988231766117e+02,1.954766448020016867e+01
1.762570891146773988e+02,7.230427548986549269e+00
-1.781005748736814951e+02,7.394976717013463485e+00
-1.706599344688227688e+02,2.130599222343790444e+01
1.792831109042438982e+02,1.402718700575317712e+01
1.719622618509577308e+02,2.144087836139225800e+01
-1.738951691755005982e+02,1.544981021318314518e+01
-1.710891765116452348e+02,2.158900424169841159e+01
1.697561221624432903e+02,1.549903986409000112e+01
-1.604523227227039399e+02,1.451366176544302711e+01
1.739249589624868122e+02,9.424563536491112004e+00
1.731865111784509850e+02,1.696778515282239397e+01
-1.602926145784324774e+02,2.338827969535019591e+01
1.739669400482948731e+02,1.632654417869880348e+01
-1.781047623598180962e+02,1.822720110180449282e+01
1.647700693328513921e+02,1.714618383977302329e+01
1.685562520567280842e+02,1.434793958890547039e+01
-1.784866167203477971e+02,1.480693425217640424e+01
1.706553702589190777e+02,1.190276433779584409e+01
1.681622751900729327e+02,2.014998347696813141e+01
-1.680708668237123220e+02,1.547025521887481858e+01
1.669716664793040763e+02,1.704933883793901472e+01
-1.749177320813800236e+02,1.330321208379561426e+01
1.385770935503978762e+02,3.710570726610187364e+01
1.731672462496701428e+02,2.904137078468792765e+01
-1.668428718700340312e+02,3.826191569067016474e+01
1.654982454421134435e+02,3.369159116399279696e+01
-1.759640921858737954e+02,3.370010809531061113e+01
1.760926268618188999e+02,1.478383474668236275e+01
-1.740567307269420780e+02,1.673142135447562850e+01
-1.746647050162957555e+02,2.343778725555890574e+01
1.763225462121953058e+02,3.087621098597242764e+01
-1.645431124576857655e+02,1.615556531977306776e+01
-6.705878654742646461e+01,1.302380394215038173e+01
-5.335386095780949489e+01,1.262774778037894663e+01
-5.454018119970180578e+01,1.465220766515212070e+01
-5.371573519081496784e+01,1.497129867628201438e+01
-5.587837743981083349e+01,2.050145465982694049e+01
-5.284068763954250869e+01,2.340778236108153010e+01
-4.785368366974577015e+01,1.575927612136144518e+01
-7.405041247821007744e+01,1.317878859618399190e+01
-6.045872908104848875e+01,1.820596138522373764e+01
-6.338281332607832042e+01,2.060748951095224868e+01
8.269920855279818284e+01,4.257627081857030760e+01
6.504557439429945020e+01,3.399760847069518377e+01
6.877960871493517914e+01,1.670737135714173149e+01
5.295055751952096301e+01,2.148180491653477731e+01
6.878274149154231054e+01,2.448570699376462656e+01
7.886794650685480690e+01,2.079566192904490407e+01
5.723074850110571532e+01,3.080848040496375617e+01
6.911779514651088618e+01,1.560130582053625403e+01
7.687671223757561734e+01,1.379146512843553296e+01
6.353458316709409814e+01,1.202620169236560521e+01
8.155484161042278402e+01,1.588953381954028288e+01
6.510368250389439027e+01,1.668764828698810732e+01
4.415704375584892460e+01,2.307255285218609941e+01
6.611962175872773173e+01,2.781543659031251536e+01
2.403462895993331472e+01,2.778708608487733756e+01
6.517466138907960271e+01,1.938278408847095591e+01
6.711677819088045283e+01,1.360733487421680721e+01
5.299085417501216000e+01,1.248593564108856313e+01
1.025464738305037997e+02,2.392029594860211716e+01
6.622413206827063448e+01,2.116361417943830503e+01
5.308353559095810681e+01,2.761038554126412237e+01
9.440164299020791816e+01,3.039648299438078283e+01
4.524412925652386264e+01,1.913450762609687317e+01
4.759566569133061620e+01,1.933152524560549068e+01
1.469389902591430541e+02,2.179972985904607796e+01
-1.236559463518434541e+02,2.447739130183889955e+01
-1.258297096579641732e+02,2.677560399568698202e+01
1.735952955636326180e+02,2.109098069969883582e+01
1.402876706335676431e+02,3.398162540137438725e+01
1.787686247725265503e+02,2.327642771155556289e+01
-1.751720540379106694e+02,9.200974453947360132e+00
1.742943219063664912e+02,1.030396798152727023e+01
-1.736393008349159004e+02,1.414588382025946700e+01
1.762386130755863292e+02,2.403515618851114510e+01
1.755220902424109397e+02,1.426569108898477722e+01
-1.793290141160119902e+02,1.209301160850550261e+01
-1.794012107400781701e+02,1.561176561987947764e+01
1.637543131150497970e+02,7.851240084725816359e+00
1.769174364427894375e+02,1.121085430929810656e+01
1.698065956387968640e+02,1.249833155691404230e+01
4.482849277501502172e+01,2.293936556904556667e+01
7.391722834958694932e+01,2.873373652095730435e+01
3.139784049915291320e+01,3.288226446847617979e+01
2.003360762219431734e+01,3.125295174441004775e+01
6.352520969021752961e+01,1.608975077721721192e+01
7.672928480518085337e+01,1.613373325924897017e+01
6.573820990312535173e+01,1.595654109317822744e+01
6.667412811626775238e+01,2.662001559802078532e+01
8.337830705922726793e+01,1.337598181840620981e+01
9.738778117040492077e+01,3.453312587602911066e+01
1.798804703144543566e+02,1.049386147105317768e+01
1.713620900468791888e+02,1.348366279259920830e+01
-1.598086326215023121e+02,1.297590877786799268e+01
-1.743079829315025790e+02,9.472749117113984596e+00
1.604791704727410888e+02,9.371394241824424043e+00
-1.554517037271217816e+02,2.141349635136381835e+01
1.644783238828964613e+02,1.496473612198665748e+01
1.657750047209541435e+02,1.159597613095886537e+01
-1.546129477204056002e+02,1.245095949531370749e+01
1.737713856293452750e+02,7.320326356459833761e+00
-1.483564710597360943e+02,1.756911119183529735e+01
-1.327394562445880695e+02,4.476791848396292295e+01
1.591233735650355356e+02,2.932357494247953511e+01
1.528345738227603761e+02,2.877926949013391678e+01
-1.431796923091364135e+02,2.266692238615397770e+01
-1.637537647915229400e+02,1.687838759626092866e+01
1.456105237064662958e+02,1.980567995830089245e+01
-1.671310696375340683e+02,1.890554514865849001e+01
-1.543641731973344520e+02,2.337223039638846345e+01
1.699769872450723938e+02,1.936729972285808898e+01
1.777645270568216631e+02,1.490575711369917755e+01
-1.799417048681042957e+02,1.220645265574090388e+01
-1.776483269084577898e+02,1.229910597438975373e+01
1.769961802742684540e+02,1.759013902739905433e+01
-1.763511808674872725e+02,1.136038624147734311e+01
1.773954616279113168e+02,1.164678480310222675e+01
1.681639217345626207e+02,1.765819996854735408e+01
-1.798537059194258632e+02,7.935277777197155658e+00
-1.756114144967610287e+02,1.732232873200981871e+01
-1.746392669864737286e+02,9.649776882008891832e+00
-1.041764410214083085e+02,4.222581003375884734e+01
1.664990819191312710e+02,2.831435372615323942e+01
7.818450173864984265e+01,3.334853700916003305e+01
1.080313013092680130e+01,3.900825116644561774e+01
7.082284572467028738e+01,3.941633168786135855e+01
1.011874393587507655e+02,2.169832411170129660e+01
4.525868240037763002e+01,2.655824274985810263e+01
6.814504626052753622e+01,2.066768631420189095e+01
7.007621352200719400e+01,1.561484370497579022e+01
4.996332890789067704e+01,1.764498657197868425e+01
6.317495033803802329e+01,2.291856281149242136e+01
6.801288597059216556e+01,2.463037600452538811e+01
9.387235115159482746e+01,3.870508380026386419e+01
6.031830894030879620e+01,1.081949391636301350e+01
6.835061228653503917e+01,2.022905639463436955e+01
6.997821106957739801e+01,1.697651027609366992e+01
4.490666091431719309e+01,2.628564204212553435e+01
5.686227814687570259e+01,2.119647949187084990e+01
3.451230234032778554e+01,1.814981029747211494e+01
6.096043410323657952e+01,1.448360073971175055e+01
-1.598982605093904112e+02,2.023383319993101281e+01
1.632422517078250905e+02,2.726070703943074136e+01
-1.677614017849647894e+02,2.479290941646523194e+01
-1.719351457025250056e+02,2.227508213278539273e+01
1.628735637280147728e+02,1.933318816542367102e+01
-1.760456529226775331e+02,1.406098619655965010e+01
1.719202584381817758e+02,1.453638280651018810e+01
-1.592429385285007015e+02,1.176559924846404570e+01
1.575783333922639997e+02,2.022361288405442181e+01
-1.669830188569425218e+02,2.864840223298142874e+01
1.647534953641556683e+02,1.151956517620429210e+01
1.780965533684407092e+02,1.152790236210150354e+01
-1.607555786094592918e+02,1.552497423319060843e+01
1.662519983740490375e+02,1.056450442778005439e+01
-1.667017722738642931e+02,1.453047707788332943e+01
-1.650806935553216022e+02,1.286410507314748486e+01
1.645538205324015735e+02,1.816617356352706736e+01
-1.589043892174859707e+02,1.227332232330486761e+01
-1.675174803840348829e+02,1.679035567720607958e+01
1.656113924179496166e+02,1.682342785342969904e+01
5.782066742069889642e+01,1.217912270985912926e+01
7.549835277417673751e+01,2.053133830418554240e+01
5.730037524819439909e+01,2.572497294663403977e+01
5.970370796321227402e+01,1.519941202242354983e+01
6.550091652945019405e+01,3.156132374067439628e+01
6.678250841217874267e+01,1.178806703714456283e+01
5.946697010683008244e+01,2.638527551445578112e+01
6.985160492295439383e+01,1.359054930163692987e+01
6.816360616620855239e+01,2.019087555098925790e+01
6.289752542859152840e+01,3.191771157827513861e+01
5.649529998594093883e+01,2.687015844315405388e+01
5.785059024873112321e+01,2.227869158262613780e+01
8.102531181411808348e+01,2.375542410405294902e+01
1.114831375892512710e+02,2.211699655587124269e+01
5.667835954683088318e+01,1.513241587681626399e+01
7.076365341064138192e+01,1.301077433891604862e+01
6.710817153667549917e+01,1.787014174483069340e+01
6.754402916442160176e+01,1.608627258585968178e+01
5.617330111480230670e+01,1.836891383029399805e+01
7.693378158154206403e+01,1.353194020753486093e+01
-9.711350889594386615e+01,2.430753472812340732e+01
-2.578438779133830039e+01,2.022857952800281467e+01
-7.275764948610530780e+01,1.318019010828010629e+01
-1.041090708457454070e+02,1.509816803870712398e+01
-4.774469125402060143e+01,1.642118521926340335e+01
-4.514696160852506068e+01,1.277575278122834490e+01
-8.196100193369282749e+01,1.387534444682126633e+01
-4.330729489184002290e+01,1.157721788247797079e+01
-6.053542822686091540e+01,1.533311008718289514e+01
-5.574748604834415033e+01,1.576538701082551341e+01
1.686694741768662027e+02,7.365222735084842931e+00
-1.690298726435398748e+02,8.291445065911478451e+00
-1.679890169987044146e+02,8.104529559183884402e+00
1.413618380709336861e+02,2.046889525528380815e+01
-1.414495303817484455e+02,2.183723496012521537e+01
-6.620297108469604552e+01,2.788006717291963810e+01
-2.794400560326377558e+01,3.303248848480147615e+01
-1.149852325441584497e+02,2.311487107368905214e+01
-1.341348605028727548e+02,2.985188589155100658e+01
-1.777258192778858188e+02,9.665758901252004875e+00
7.633706324858151504e+01,2.489777633005932245e+01
6.332219272298558366e+01,3.204146602602253324e+01
6.886356141602762193e+01,2.678040569130415349e+01
6.992834238425668048e+01,2.400328378252832451e+01
5.097194514268135634e+01,2.485806441976873060e+01
6.386044547146608608e+01,2.465566765909289870e+01
6.087001173348340899e+01,2.168433883808747709e+01
7.154463693562203730e+01,3.811836974125299093e+01
7.450977983758255618e+01,3.632822684444248296e+01
6.090570402059477573e+01,3.070584075405062308e+01
-1.795049824463328889e+02,1.433481142780546413e+01
1.791377902104040345e+02,1.601471751764696805e+01
1.792039604967347657e+02,2.097437651763050326e+01
1.761277237468533770e+02,1.980485666850594839e+01
-1.750520991034641156e+02,1.087850590567002484e+01
-1.691306888505166057e+02,1.245735587943191902e+01
1.699666718011336854e+02,2.086407927290558817e+01
1.796622392119895153e+02,1.482988324149735604e+01
-1.784766063644563872e+02,1.940201301524647448e+01
-1.793000305947905701e+02,1.643719852305646612e+01
5.562774140238789045e+01,2.098081673191995122e+01
6.285305964982288884e+01,5.763201246265611033e+00
6.710324682176704414e+01,1.687252773630565628e+01
7.186704726005824284e+01,1.787613841156636596e+01
8.003556174114054045e+01,2.318199126229594853e+01
5.194879921653453181e+01,2.050348528533132608e+01
8.684333538407334174e+01,1.751648622561494761e+01
6.377586978672665197e+01,2.185964409710902245e+01
5.272047696493829250e+01,1.365775804753882738e+01
8.533310365024092903e+01,1.611148969099161832e+01
-6.507744422727137135e+01,7.540500642546831500e+00
-5.603474070030796383e+01,1.040956041440755087e+01
-5.175653156337453709e+01,2.010561557636401631e+01
-5.225193035662355356e+01,1.846842150912134883e+01
-4.312420160075625830e+01,1.396302225484595283e+01
-7.382799903202439395e+01,1.230993984816481301e+01
-5.960818629074026376e+01,6.442712665497172253e+00
-6.703326443458901451e+01,1.480404996306010368e+01
-7.599991935232718276e+01,2.153457862266083112e+01
-6.580562135874889407e+01,1.385925344296227735e+01
1.741438802284421286e+02,2.112794963489498912e+01
1.786196460949013840e+02,2.054179297058315257e+01
-1.485045473563916119e+02,2.346458160513331848e+01
-1.703742441339767595e+02,2.310229672659328060e+01
1.480864384148621298e+02,3.240095064702370564e+01
-1.738922697181748163e+02,8.256749578797347056e+00
-1.626538665868646092e+02,2.881078041721713845e+01
1.569729454705517071e+02,2.384944894386330816e+01
-1.795166108019128046e+02,1.312530735258078707e+01
-1.732291631200673692e+02,2.549799384893827892e+01
5.272227732275412393e+01,2.300037072569244145e+01
7.791694390918588908e+01,1.104758019095174859e+01
6.502362462828351397e+01,2.636690355647276718e+01
6.003267859638020809e+01,2.060514100170402330e+01
6.094836876394494851e+01,3.468503126473648024e+01
6.701186514123629934e+01,1.948745332068871861e+01
5.863601705921181662e+01,1.597392584893355405e+01
5.616951285001970007e+01,1.717958268820926548e+01
6.876915230497560572e+01,2.644667391117277688e+01
4.192194622535475190e+01,2.446071345082604864e+01
-4.074853967418654577e+01,2.151746440329995380e+01
-7.060510142080029539e+01,5.464353511254196860e+01
-1.111735801018678238e+01,2.771684144942648942e+01
-1.388630604392002255e+00,5.142119101496332689e+01
-7.112710883205143375e+01,2.773882683309079766e+01
-1.120013111041334213e+02,6.046966422836732846e+01
-6.879723217666594337e+01,3.552250957971471479e+01
8.899414472372663454e+01,5.696150844983782235e+01
1.106883534962810529e+02,3.873288800267925325e+01
5.269103246778985294e+01,2.807435066227247589e+01
5.799180295555640186e+01,1.543663788317592633e+01
7.465210147843279742e+01,2.014818104588444925e+01
6.775926627078273157e+01,2.002746626531511254e+01
5.474056373233577943e+01,6.853293544988430241e+00
7.397893230249785290e+01,1.357139665433270714e+01
3.614147272354791340e+01,1.996696539368487677e+01
5.614899669324451992e+01,1.186027215600295648e+01
5.898597712114037250e+01,8.324604014395411866e+00
6.641459982625052305e+01,1.528093975140609473e+01
8.345154021745361206e+01,1.615877595807211620e+01
-1.629978714008204861e+02,1.938747194628918891e+01
1.641626326187506493e+02,1.670795623020036302e+01
-1.530583561086950795e+02,1.708677674392463075e+01
1.653907305557124801e+02,2.699521204583096079e+01
-1.680668572902811775e+02,3.130353071873772919e+01
1.720522280526724046e+02,2.677612606354877300e+01
-1.756986811928370571e+02,2.981027549935232202e+01
1.688155751269999598e+02,2.057043891668915592e+01
-1.509662408647852203e+02,2.799149407168299675e+01
1.642506555457656532e+02,3.576418105188427887e+01
-1.608343528469210071e+02,1.772702048374993566e+01
1.713155612807520640e+02,1.779185300811858639e+01
-1.684697767919000739e+02,2.962346573941421113e+01
-1.561553200237640908e+02,1.939680736368516634e+01
1.464211067746630306e+02,3.772181955876730797e+01
1.459604786179442613e+02,3.580156742871487552e+01
-1.607562342809448523e+02,3.083124659510983534e+01
-1.677762983766016305e+02,2.198273914812910235e+01
1.551617909661992201e+02,2.787356802160651981e+01
-1.609347743206613757e+02,1.997866930254188844e+01
6.584417888745871039e+01,3.219147645570128446e+01
7.007953611140213468e+01,3.416868045164222423e+01
1.535100653684189176e+01,3.448453107987985788e+01
5.116963848311368679e+01,2.213305769489016583e+01
9.173371087287489445e+01,3.939085070792389587e+01
6.107632435721351527e+01,4.854578188455303689e+01
4.974662579848705235e+01,3.867582981969026434e+01
1.135397769045042082e+02,4.030885343511344843e+01
-1.570718050295902515e+02,1.515345676740265191e+01
-1.018691483599349255e+02,4.003281341499106816e+01
5.208677020137150038e+01,1.872539169569025219e+01
1.128063436641758841e+02,2.918363331368486513e+01
6.421397251473851497e+01,1.385337952663388528e+01
4.647197653714681564e+01,2.900063752486178359e+01
7.928438078446805548e+01,1.660766162103239552e+01
6.651014505733282078e+01,1.276409498553395316e+01
6.224255382109762280e+01,2.394299345114060884e+01
7.857475303107892728e+01,1.026437461923126193e+01
5.557807499531012496e+01,2.501276608808180413e+01
1.136556306621784245e+02,2.292195044903811407e+01
-1.706623481214930678e+02,3.406360419220721525e+01
1.519425172665270622e+02,3.930469561749980301e+01
1.725171780424554129e+02,5.594274678409348667e+01
-1.710245054641106321e+02,4.909351403557893434e+01
1.644027559095919457e+02,3.396682472953456511e+01
1.538173565229496660e+02,2.789960256103653791e+01
-1.633360687802018845e+02,1.689046017616534812e+01
-1.725070227001789362e+02,2.339458312918435823e+01
1.678189458067400324e+02,1.494680190805433639e+01
-1.640620737064318178e+02,1.365083146038266904e+01
1.796092359310738118e+02,7.648041518481017320e+00
1.797453058699956330e+02,1.075094674811148110e+01
1.787999497758892744e+02,1.231135602726199352e+01
-1.709483190729480668e+02,1.189228801586803641e+01
1.758239995366966184e+02,7.543385678755941903e+00
-1.752710962375086012e+02,1.012601107328604577e+01
1.763826774205156198e+02,1.755476151012208774e+01
-1.705452321719985491e+02,2.062604373925953638e+01
-1.690968813196196550e+02,1.933426168585831206e+01
1.382127915724608727e+02,1.815907470256359346e+01
1.667061402700839778e+02,4.181647422409297121e+01
1.650880043012134308e+02,2.129702829175887402e+01
-1.762114098821651282e+02,2.735702227864196345e+01
-1.594416859477364312e+02,2.922827467112794864e+01
1.641877539240557553e+02,2.991228033134453312e+01
1.719408070582030916e+02,3.108876929043534432e+01
-1.767390421102886364e+02,1.560673644616777977e+01
1.735592439707290282e+02,1.794210258004209635e+01
-1.783396158984380406e+02,2.962482038227706838e+01
-1.744467226325558045e+02,3.109048204887166733e+01
-6.125922821825590603e+01,2.187332333992743116e+01
-6.289591393559126686e+01,1.599024223983172277e+01
-7.011145343007730446e+01,9.619258699300548443e+00
-6.177244015612545525e+01,1.034161049768356655e+01
-4.349642261548437716e+01,1.768330441464036440e+01
-5.272784063903010576e+01,2.983032656597676890e+01
-3.575003278918268279e+01,2.937544493431099113e+01
-3.941758185883407606e+01,3.316768834835635005e+01
-5.409130696200500665e+01,1.571777853776566047e+01
-3.679280179236697279e+01,3.364345385130135924e+01
-7.646657690006433938e+01,1.504974395344151539e+01
-7.546356309369089388e+01,2.085116855016915594e+01
-5.689954719776905989e+01,2.856350783682769645e+01
-7.175993761879176702e+01,2.251795450330032011e+01
-7.221512213217923204e+01,2.232740545096122986e+01
-4.416746211132176114e+01,3.517593987229641073e+01
-6.156981762337361630e+01,3.684523716634637225e+01
-1.192365531276516606e+02,4.205212930236922375e+01
-1.797082048937555783e+02,1.805918416500028911e+01
8.704028914005212414e+01,2.201767504629279770e+01
-1.578327270171971008e+02,1.641279648906447974e+01
1.693854873308468996e+02,1.693331355274751004e+01
1.665784202263570251e+02,1.045072712874295817e+01
-1.617990194772943084e+02,1.776241487445868472e+01
1.618804485773004274e+02,1.190746732112376094e+01
1.717156361267189482e+02,1.129480079421464822e+01
-1.605909763523285960e+02,2.064845798419536038e+01
1.643008930967132528e+02,2.031543827093794263e+01
1.796374272098701681e+02,1.964983024014542323e+01
-1.718954418480622053e+02,1.270039919461632394e+01
-1.761849180009930080e+02,2.840693032928905382e+01
-1.427863627242098232e+02,2.514822808185985537e+01
1.597523523448772949e+02,2.186166473827369572e+01
6.145342616620507670e+01,1.963104592237016277e+01
3.182503270330013123e+01,3.161125390286812120e+01
1.257112604507861562e+02,2.593026074945055015e+01
-1.565416353780584870e+02,3.830827353156729487e+01
1.536218758415314767e+02,3.241877589835082318e+01
-1.774241650671472428e+02,2.918507259529213016e+01
-1.526949270071281148e+02,3.458832290213773319e+01
-1.598317880791987307e+02,1.740558414636533513e+01
-1.773284639512247338e+02,1.784517898532045876e+01
1.621999923770728458e+02,2.807257072025875644e+01
-1.604638135405356536e+02,1.610167108492614574e+01
1.764445270080417458e+02,9.696634858518448752e+00
1.600615019304147779e+02,1.085346989424602349e+01
-1.712149378070166961e+02,2.130351025023630740e+01
1.657415142877098333e+02,1.733695713119588788e+01
1.763943158149348278e+02,8.316293403648479909e+00
-1.715395705820345995e+02,2.025019640314539515e+01
1.664891654647593100e+02,5.317405688082607185e+01
-1.535371694492008601e+02,3.031456602573629766e+01
1.757159883254365411e+02,3.354959709582781358e+01
-1.702869291858297913e+02,2.411169059908153045e+01
-1.785588678381345176e+02,2.318700814576439839e+01
1.707739259461320671e+02,2.970617142569041036e+01
-1.485318425572517640e+02,2.921175489963743033e+01
1.743270689010783485e+02,1.446271328324182193e+01
1.696828747123454662e+02,3.072262393299523353e+01
-1.489138987575222188e+02,2.556892154986705634e+01
6.430583621122050886e+01,2.474232470897307934e+01
7.378817443444984292e+01,2.560754595797349609e+01
6.226596518414045534e+01,2.671529294466244764e+01
7.537571515513342035e+01,1.941458580172992399e+01
6.614671214412520328e+01,2.442006681604342688e+01
8.740907549529912046e+01,4.275211139681672279e+01
5.963731622202367078e+01,2.652663077957597437e+01
5.347531952245061149e+01,2.368870316824414246e+01
8.186025172041236431e+01,1.744327115126878880e+01
5.311466000975728008e+01,1.482858076249763357e+01
-1.658326849675519554e+02,2.100728272668118635e+01
1.613747794034776462e+02,1.238038879020372995e+01
-1.726852674402245782e+02,1.795548749113713072e+01
-1.663015856327060931e+02,1.192877197576376957e+01
1.728029364486138206e+02,4.038840661851159197e+00
-1.736253564082277308e+02,9.353773429545929829e+00
1.783125181784658366e+02,2.612830443272301650e+01
-1.739206931520032811e+02,3.235363014894701905e+01
1.755697590553595262e+02,1.374787660864943994e+01
-1.781443322549005757e+02,2.363506451435432965e+01
1.783942831228179955e+02,1.284225300535161907e+01
-1.633584634274057521e+02,1.546615650714478463e+01
1.625151535415189130e+02,1.660447088285948780e+01
1.754096297460098413e+02,8.767028279171519500e+00
-1.360640677966578096e+02,2.024411609204299367e+01
1.663142911688929360e+02,9.573880389534728863e+00
1.553853965011080618e+02,2.306941530336004575e+01
-1.678606746046251033e+02,1.954868164441024447e+01
-1.778771996396351085e+02,2.518328330557394423e+01
1.653957089750984721e+02,3.277493228966481809e+01
-1.753878878544883548e+02,3.984050038650973846e+01
1.733729446382153014e+02,2.382902073709045254e+01
1.652846304125160373e+02,2.416146452544647971e+01
1.536772815211679983e+02,1.288104352023741228e+01
-1.523255939714229612e+02,1.676983293949382769e+01
1.792608933440006354e+02,1.686386479717998199e+01
1.658239635936863294e+02,3.108638442822513070e+01
-1.643314718261916880e+02,2.946094966316351105e+01
1.685449494330621576e+02,1.396613680512698963e+01
-1.598875849524832518e+02,1.740530766361300152e+01
1.777078626487163717e+02,2.001725673478990686e+01
1.659079712140511162e+02,1.670962774690266173e+01
-1.734324126718323384e+02,2.055222659898464244e+01
1.769036865564640379e+02,1.814876578362758863e+01
1.716038729528809768e+02,1.045438711077882132e+01
1.798436067435972063e+02,1.500222671148435793e+01
1.748727727313140008e+02,8.085048981525453371e+00
-1.789441698735717807e+02,1.345813484308453489e+01
-1.772113189376961202e+02,9.338904380384477122e+00
1.626558335103316324e+02,1.102835867887568000e+01
1.777734049230599851e+02,1.997672900465462931e+01
1.541229844984154624e+02,1.643181923708370107e+01
-1.413492468119871148e+02,2.077501074316007745e+01
1.798819689232020949e+02,1.242547702471074267e+01
1.489569273372474640e+02,1.723110313195001808e+01
-1.625985863176419741e+02,1.561467918652988729e+01
1.741818157231075475e+02,1.739807751597157903e+01
-1.720755730884253580e+02,2.217166135458132459e+01
1.793950626902070837e+02,2.560249549575095074e+01
-1.778154156747264096e+02,2.925194940685233647e+01
-1.763266989002451055e+02,8.971616076797774397e+00
1.739347774348889288e+02,1.256126576690463992e+01
1.767409972407716339e+02,1.934516272153167193e+01
-1.798823609994313131e+02,1.586118665914059278e+01
-1.761719189002861299e+02,1.226207747310859553e+01
1.682882819579391764e+02,9.339866393472878059e+00
-1.611170244994554253e+02,1.374157642958528491e+01
1.645561259109278183e+02,1.691512190470964327e+01
-1.534974086756843406e+02,1.573982486172418049e+01
1.760154904310020356e+02,9.160794240249973797e+00
-1.791327644696832238e+02,1.769782300229222827e+01
1.785955359243808687e+02,3.788218105066929553e+01
-1.674834789116792706e+02,2.955804081945294115e+01
1.736656953880181788e+02,2.611786926574293943e+01
-1.759395581604988763e+02,4.045468593094381760e+01
-1.761413912227176297e+02,3.298189164558301911e+01
1.780243033422899543e+02,2.239789987278816596e+01
1.792295806636904274e+02,3.557118340313338933e+01
1.774351013432452646e+02,7.538734185732554494e+00
-1.793110164332790646e+02,3.769347782724312168e+01
1.768478111667045596e+02,1.599229722746831683e+01
1.788778301126026804e+02,2.781319408283941286e+01
-1.715083427173596249e+02,2.799776405953621250e+01
1.586113425611877972e+02,3.592608414843934383e+01
-1.742134712852754035e+02,3.535819394673566052e+01
1.675980858146351693e+02,2.686336001490740699e+01
-1.654433790907375510e+02,1.871180634535255649e+01
-1.749589776150877469e+02,2.417849364925175593e+01
-1.758552572565272385e+02,1.881788882035121446e+01
1.693032503546436374e+02,2.535792548058127949e+01
1.798178742355688939e+02,2.747268667812563692e+01
-1.692378258883522903e+02,1.538184306687177028e+01
1.586399379825213884e+02,2.670298031095835967e+01
1.699799767010335074e+02,2.533688756054164060e+01
-1.692766959413253574e+02,3.492083071030584307e+01
-1.748052482732286421e+02,2.161515167599490184e+01
1.785270955979273992e+02,1.615868419417171609e+01
-1.608600019009110440e+02,4.486629825320581944e+01
1.671084213444637498e+02,3.695090827427228675e+01
-1.706952786858718412e+02,3.159173164936424172e+01
-1.766781138579751200e+02,1.126337055324987091e+01
-1.747616190155654579e+02,5.974303212806340468e+00
1.715725931727456839e+02,6.455960959996165371e+00
-1.621491756448098442e+02,1.080859375497967356e+01
1.647592382970097447e+02,1.677109986419759480e+01
-1.671082289481719272e+02,2.054760518302143169e+01
1.713329147238324595e+02,1.917511493172286308e+01
-1.486558135476784059e+02,2.221637802115067473e+01
1.257516591774181762e+02,2.290680245133768977e+01
7.376009653954889700e+01,2.400739585828947043e+01
-5.435019318324779647e+01,2.382000439184578511e+01
-5.394444476951544232e+01,5.744449683684958785e+01
-8.029510922850681709e+01,2.900233925741049035e+01
-3.787015586791104482e+01,4.595709443905517588e+01
-7.879746672741896418e+01,2.402327906443967009e+01
-6.803324795266595970e+01,3.425163883635109130e+01
-4.884923693109892895e+01,1.836391486567142906e+01
-8.231775298825179732e+01,3.115606233570283479e+01
-3.197519531297659157e+01,2.139688869381292591e+01
-7.316276396507110746e+01,3.386645240026634696e+01
-1.776144153803993504e+02,3.189638612615208757e+01
-1.734342660007710606e+02,3.242300753687874248e+01
1.719921894523720880e+02,2.501654462603359974e+01
-1.719028009992690045e+02,2.690211040178607504e+01
-1.469901773470705848e+02,2.131264942676751417e+01
1.451364461258824008e+02,3.405267441628546976e+01
-1.579539860490496039e+02,1.363995887653314298e+01
1.714394784842592685e+02,1.593899513279894720e+01
-1.792276742535565575e+02,8.284007592809592424e+00
1.757022405205210021e+02,1.648401490160748750e+01
-7.136606307178688269e+01,1.994415888404698833e+01
-1.734134487808522920e+02,2.675003744485784907e+01
1.514726122192885498e+02,4.680444943000829028e+01
-1.696362591057929308e+02,3.940890655330542813e+01
1.666010683288057237e+02,4.749583204928207181e+01
-1.580889115381433783e+02,4.927235138471166920e+01
1.627103601785990179e+02,4.261303208426650713e+01
1.241674894435503376e+02,2.725865717870201621e+01
1.026353413787945783e+02,2.937113007595438319e+01
8.465521231433856997e+01,2.744516064495854124e+01
1.767882151197221674e+02,2.471560920018033158e+01
1.664700597681602403e+02,1.719069283982706509e+01
-1.749396768680325920e+02,2.319144793617327949e+01
1.664678446822342153e+02,1.749246657387116954e+01
1.710183591070110936e+02,2.107858973906875377e+01
-1.728416456117991800e+02,1.264058292258926031e+01
1.721027532502823476e+02,1.847850135479897205e+01
-1.696967316106771477e+02,2.549431033908845734e+01
-1.601879035272744716e+02,2.237422331558620314e+01
-1.774058660892263219e+02,1.878656863876810945e+01
1.704090102807485039e+02,2.127832879724455140e+01
-1.592486116625442492e+02,3.348168448330565639e+01
1.585759895655089622e+02,3.688904400284238250e+01
-1.582325314474904303e+02,4.305602418918347496e+01
-1.730204554030741519e+02,1.922310786161841278e+01
1.597209904127070104e+02,2.795117639574426960e+01
-1.624633230250440477e+02,2.284415530016477902e+01
-1.509727619434469261e+02,1.434233722428948354e+01
1.364619478385897651e+02,3.483791588909940629e+01
1.522267103577283365e+02,2.018855026660456531e+01
-6.128439324491528595e+01,9.394213266671741280e+00
-6.966308717114777949e+01,1.123349941093433024e+01
-7.550687176111405563e+01,1.316064402182255577e+01
-5.845897731774181949e+01,9.604002390240720999e+00
-8.190771223897978359e+01,1.525925643671653198e+01
-4.405518899713484160e+01,1.329125996629326067e+01
-7.064930675432701435e+01,1.412889373420698647e+01
-5.174030069723146852e+01,1.171033802450860151e+01
-5.778060373434941255e+01,1.420413132330881112e+01
-6.034676025706872338e+01,7.969997892521089256e+00
1.500020375052840222e+02,2.514517593111763460e+01
-1.019336510075403623e+02,2.469413452583000179e+01
3.367954352971361254e-01,2.852671278377622599e+01
1.038865225255487275e+02,2.222956108156968114e+01
1.585540828342582529e+02,8.433175189354678025e+00
-1.622864955191499234e+02,1.908274603262369240e+01
1.677512293134057018e+02,1.693538452082440315e+01
-1.579575767259994450e+02,2.324920238385595894e+01
1.616885971837197076e+02,2.891299086104662308e+01
-1.395492582410046793e+02,3.529403410359446980e+01
7.033210793671729277e+01,1.496192073638599851e+01
6.218399184748585640e+01,1.209079739675522269e+01
7.457863051083266726e+01,1.842533414840381312e+01
6.854524814682517331e+01,1.085537921020410579e+01
7.033276832046078653e+01,1.726839796128178506e+01
6.801904657603451199e+01,7.220968853486175121e+00
7.649606944984921597e+01,1.649993531150219539e+01
6.319102350284710923e+01,1.577127241670866198e+01
6.382183137003629270e+01,1.666629531528812080e+01
5.422094440584502451e+01,1.873265584387535654e+01
-1.645139303829885762e+02,8.896961863672650850e+00
1.760302203703535042e+02,1.657706079808617972e+01
1.641163745089093027e+02,7.763481763110963385e+00
-1.736273512662166922e+02,1.056458162296439873e+01
1.764023371513900145e+02,1.141745569290291229e+01
-1.602360727171580947e+02,2.531276487637705230e+01
1.430056925603866205e+02,2.264901100817703394e+01
-1.791375283735457913e+02,2.807950357931115093e+01
1.708727721504964165e+02,1.534114544052576790e+01
-1.529453204220917826e+02,1.430030389085726839e+01
-1.735103965632677614e+02,1.361273175899312449e+01
1.787793457695906625e+02,1.050033356783672644e+01
1.762287393948092245e+02,1.189784834888223131e+01
-1.741177976777881895e+02,9.028375994511280922e+00
1.727843882963880162e+02,6.510924833372561338e+00
-1.759638006784091431e+02,8.752480043900199291e+00
1.740748452620272815e+02,8.807101140537975326e+00
1.684990993795762790e+02,1.341861955202902834e+01
-1.748712977754184408e+02,8.248069460835685263e+00
1.793704704610347846e+02,6.063023329054649579e+00
1.085362780784582668e+02,3.810931545547050803e+01
1.522401237722632743e+02,2.666737505582692336e+01
-1.106251971551280917e+02,3.535573332240869604e+01
-2.238628172425580942e+01,3.646799729541297808e+01
-7.456940332620536083e+01,2.368308154701585266e+01
-1.117249229436119435e+02,3.271648492995356605e+01
-3.928900619388953430e+01,1.933600598638867751e+01
-7.540697093596601519e+01,2.007067490656743658e+01
-9.287871088513111317e+01,2.484098785554540711e+01
-5.310595560092053802e+01,4.322000700729107336e+01
1.789935648064434872e+02,2.043756758192118994e+01
-1.783372392729193905e+02,9.660056445854962703e+00
-1.665801783589548677e+02,1.732239020746477109e+01
1.733791773371081035e+02,7.233173519882638125e+00
-1.798189434554819854e+02,2.648363781738438227e+00
1.758730804571527813e+02,3.345899855586672356e+00
-1.774612312958230973e+02,3.675170788292420276e+00
-1.753672845453432103e+02,5.005070688794430289e+00
-1.789633812751145285e+02,8.944151988806385845e+00
1.764625599246690513e+02,1.379023033918711683e+01
1.649213409445008551e+02,3.242121376104771713e+01
1.635687660444015989e+02,1.600278506209668450e+01
-1.337920170859464690e+02,4.431585552970978625e+01
-6.637766074728342858e+01,3.470194251121154849e+01
-4.371036984286125460e+01,3.753719453277422247e+01
-9.284452684200253714e+01,4.700958047238754745e+01
1.022213834319511072e+01,2.506107619584216906e+01
1.242297660437713205e+02,4.852255862964113220e+01
-1.610264771184240828e+02,3.316060274609309033e+01
1.622698274183100864e+02,4.011003310628216667e+01
-1.622853887603521912e+02,2.129945378471991546e+01
1.676552345811031728e+02,1.728891495137967382e+01
-1.742640383672969620e+02,8.416969909678012840e+00
1.313528410124492325e+02,2.424550140379944452e+01
7.618508110504110675e+01,1.865827136503991568e+01
4.044677794739921239e+01,1.630331335777757573e+01
1.168712978834292358e+02,2.636303183149489726e+01
-1.774821286419615376e+02,1.923907795261766296e+01
-1.303627321447005727e+02,2.128908341233467638e+01
-1.568279162614839493e+02,2.743566640731996387e+01
-1.782155704950038171e+02,2.164499162479992123e+01
1.719868085474847987e+02,1.883638609416033560e+01
1.796654482312704317e+02,1.990099818550422839e+01
-1.734618916127571708e+02,2.441669725786165657e+01
1.774009879581923883e+02,2.505997691657845650e+01
1.570653733943311181e+02,4.750095037170935797e+01
-1.680741582726772663e+02,2.283225455731467690e+01
-1.766777119670971388e+02,2.660468542958148674e+01
1.689822433073993011e+02,2.503416688078610974e+01
-1.643848424409942766e+02,3.681347759118181528e+01
7.535988279177695404e+01,1.053643667385153293e+01
6.633778213196454487e+01,1.718866595896302130e+01
7.637014578482805405e+01,1.176048425236836081e+01
4.419038377943918050e+01,6.813987901958071802e+00
7.681887146331358451e+01,1.611757527556618186e+01
4.974961336181440430e+01,8.626099131894488181e+00
8.199469531399070377e+01,2.701968611897145323e+01
4.947014301283746107e+01,1.590858449501086369e+01
6.313345069802452514e+01,1.985756822138309019e+01
8.710750882534809136e+01,2.422913920360387152e+01
-1.388538091299384121e+02,4.924919785485498380e+01
-1.681685243069117917e+02,3.490063643069865407e+01
1.371454441503232715e+02,4.350915889321818497e+01
-1.409944874791784741e+02,4.321187041223092962e+01
-7.084950602219780080e+01,3.505344155183604471e+01
-6.858550876207156932e+01,2.217789559229258600e+01
-1.718682412463325875e+02,2.415301539650469920e+01
1.266676759074763652e+02,3.418324792173574878e+01
-1.682511079414869641e+02,3.346985518668599013e+01
-1.632547762982596282e+02,2.979894948725299741e+01
-1.738693349915184285e+02,1.027099345763868321e+01
-1.318222671322249084e+02,2.467072614979544198e+01
-1.772908397558247202e+02,2.064579974109446781e+01
1.575290977847574823e+02,2.454706973510313261e+01
-1.556298878552340170e+02,1.757542370255738007e+01
1.798259175496617672e+02,1.009407511722169559e+01
1.567754636916297102e+02,1.107523608675706761e+01
-1.483407844858753322e+02,1.884316949633982574e+01
-1.699516251677773084e+02,1.132696961011900072e+01
1.508536518683013128e+02,1.994820776340853286e+01
1.716123157201196250e+02,2.601779090510851944e+01
-1.178870657960869295e+02,3.109529544216638186e+01
-1.631005875827063392e+02,2.311351108297098023e+01
1.698308752305945291e+02,3.598276057689677287e+01
-1.608314759662805500e+02,2.407760504189603523e+01
-1.601065269012042052e+02,2.279759254552701719e+01
1.427193384934805067e+02,4.364738582387019505e+01
1.217364205771714438e+02,4.552501068285597796e+01
1.130123057420316570e+02,2.838233436984636882e+01
7.514158855956945615e+01,2.787970778684316286e+01
1.749690696256497517e+02,1.939300392148898311e+01
1.756539650286465246e+02,2.544959578793201516e+01
-1.695579701485509645e+02,2.990786797310616407e+01
1.643993903645798014e+02,2.898890701565307637e+01
-1.770279064442787558e+02,2.814426546492670411e+01
1.686920783348415114e+02,3.375631232871685938e+01
1.758244857912602299e+02,3.276766462088292542e+01
1.734806577959244862e+02,2.436093926195707837e+01
1.728526607612405996e+02,2.215813201948176570e+01
1.755633092730827798e+02,2.532698156930101874e+01
6.902891759983488384e+01,3.380444943116386014e+01
7.138732894353864822e+01,3.273072543579313276e+01
3.246818755048337835e+01,3.409756293175712472e+01
7.131507224188204930e+01,2.698487663103077949e+01
7.421766113715885638e+01,2.637014393928274103e+01
7.483293315785839184e+01,1.528988250192411869e+01
2.669567355646725559e+01,3.164819482014861762e+01
8.823649371659890051e+01,2.465753919883755430e+01
8.563020823080239552e+01,4.568181908891816079e+01
6.089845694584775515e+01,2.626138146611130963e+01
-6.549930775863901999e+01,1.541184621628114471e+01
-6.842429833311202003e+01,9.898501261330272527e+00
-6.751205680380006413e+01,1.197733073052590314e+01
-6.716455893744715411e+01,1.077838653839142324e+01
-6.176640812827222504e+01,1.874716342680692094e+01
-5.960547739277940593e+01,1.620844205982979602e+01
-5.530726551439182970e+01,1.677869053849794767e+01
-9.524315152149264918e+01,2.476961900466088196e+01
-6.293970547093173451e+01,2.863052080539138444e+01
-6.452377166504292916e+01,1.625089130103835089e+01
-6.472654564672909316e+01,1.290119461550228230e+01
-5.650759279847063965e+01,2.013608525298443297e+01
-7.390812912372639687e+01,2.388685523919052400e+01
-8.693790099873911004e+01,1.683318888206079578e+01
-4.659337374986608893e+01,2.386948710713499722e+01
-6.868208347510699241e+01,1.569171565949233838e+01
-7.259123946057951571e+01,2.106833330349911648e+01
-7.638209359266234344e+01,1.581104424442770906e+01
-5.902667677634757837e+01,2.333761622262024815e+01
-8.160910505672983106e+01,2.042090183107503165e+01
4.671054319013201450e+01,2.228966714117932213e+01
7.008661831618552185e+01,1.557403117818898863e+01
6.361746101789807284e+01,1.044115071652043625e+01
6.297081627358591760e+01,2.969430703504889379e+01
6.998748071267857540e+01,2.598765976271202049e+01
5.512034847302945906e+01,3.401379630634453832e+01
5.031241010748680509e+01,2.063290771426870407e+01
1.286483127779201538e+02,3.410628798672090056e+01
-1.723305888264076771e+02,3.956834599564289334e+01
-1.563891323806634830e+02,4.087272044665927950e+01
-5.337651902896861600e+01,3.714413398565643121e+01
-8.751122393282170009e+00,3.580219723514197483e+01
-8.555146804866723187e+01,4.039799271365117761e+01
-6.917661264703635027e+01,2.559522869302988113e+01
-6.171444306479890685e+01,6.340870989491124021e+01
-6.795521826786666963e+01,2.580702989675192072e+01
-8.827035690708956395e+01,3.852118749222069738e+01
1.078012369336043186e+01,3.920091950192876595e+01
7.897070098898079493e+01,3.936795806004934661e+01
7.284031858639555423e+01,3.700393451562561609e+01
-1.055096720604201579e+02,2.510098996987986197e+01
-9.186423336350746638e+01,2.945655733622337280e+01
-5.584243845896335046e+01,2.099327365798576750e+01
-4.062027404864981150e+01,3.259682414658068694e+01
-8.171949428298431428e+01,2.458579494996371295e+01
-5.939906558957846983e+01,2.631493667503503175e+01
-8.726892495712719722e+01,1.963778064171336979e+01
-5.980178043209061656e+01,1.743221979894798324e+01
-6.771245217502098512e+01,1.684772270727805932e+01
-6.741845654148171718e+01,2.002568920892224469e+01
-5.404343435448124211e+01,2.350583012929251581e+01
-8.287993008255526206e+01,4.210272831323979403e+01
-6.008144531943113975e+01,1.305626859426922515e+01
-6.386337952807489415e+01,2.659006116727531577e+01
-6.793016073565583213e+01,3.010447159813670481e+01
-7.913379926683037979e+01,2.991923045906666800e+01
-4.751959927729090083e+01,3.192779689677473698e+01
-6.982029897183214473e+01,2.238186417137312034e+01
-7.647205975072824913e+01,2.362443781940339704e+01
-9.228133258601586419e+01,3.413632927011296658e+01
6.421442329886346556e+01,1.899682492466747163e+01
1.232791111064176937e+00,3.361181055821471375e+01
-6.152532085867668599e+01,4.092155290576140914e+01
-1.005733081287058468e+02,3.197442521963377260e+01
-1.452435237662094494e+02,2.851800038330106446e+01
1.604616599882272396e+02,2.041230098333345921e+01
1.745100113866284062e+02,2.847623783811751963e+01
-1.604060730826604129e+02,1.270986284094446894e+01
1.725183557432990540e+02,2.322047690745053927e+01
-1.663212360362181244e+02,2.500706656209674605e+01
1.756115718828980334e+02,1.647694750752213366e+01
1.700232764823199432e+02,1.616674759667927219e+01
-1.730040611219014295e+02,2.808151863216424715e+01
1.606669059755069782e+02,2.729184641250965981e+01
-1.589288139338009955e+02,2.314593672106668976e+01
1.796137378860012177e+02,2.010636070412337517e+01
1.752580312935703830e+02,1.680973622583604765e+01
1.731480089068912491e+02,2.164862803124112389e+01
-1.766075754460659653e+02,1.202774223573759649e+01
1.689197496079922018e+02,7.675401880418622369e+00
-1.510347594649846883e+02,9.901157052840453332e+00
1.546648638226873231e+02,1.274570302151753864e+01
-1.764312160681386672e+02,1.104885983547048411e+01
-1.685784927981460157e+02,1.619847676933226310e+01
1.765244567856114770e+02,1.625805208016879178e+01
1.728667080246644900e+02,1.852858583732678710e+01
-1.616324091414330155e+02,1.160297876994481214e+01
1.596555639369422295e+02,9.730587606399151213e+00
-1.697585459235180849e+02,1.235670888258765743e+01
1.739053645831827168e+02,7.749932533133044643e+00
1.731582628333202649e+02,4.851917448174583569e+01
1.752161257993910795e+02,3.063833173404884391e+01
-1.589574726376951617e+02,4.656293458836923094e+01
1.572929034418984884e+02,2.033163197059615257e+01
-1.634918593594966580e+02,3.507290518868055074e+01
-1.311073756949695905e+02,4.461508255587135352e+01
-1.445903319958918303e+02,3.382356379440879834e+01
1.525933930390975775e+02,2.941938306829738536e+01
1.651741003827675911e+02,2.752231529718600100e+01
-1.389687048169437844e+02,4.235545643029274032e+01
-4.062890068321459580e+01,3.748110015911549908e+01
-9.621957195389441608e+01,3.015257510191607793e+01
-1.078817395413230429e+02,4.155382765591585326e+01
-1.224739449258031954e+01,4.610435172871554954e+01
-9.729636269748414179e+01,2.383186471902575576e+01
1.668092920328276136e+02,2.042929470270766146e+01
1.470455821660516449e+02,1.939804222640663056e+01
-1.585178451736249485e+02,2.714703656792972453e+01
1.532398615790713734e+02,2.861264556787408608e+01
-1.652425536442773648e+02,1.519382134185159217e+01
1.735025405827784937e+02,2.376716935950928189e+01
1.592892785279468342e+02,2.959232188871698810e+01
-1.597939607096085410e+02,2.527981049576338535e+01
-1.747373418819967981e+02,2.157039599551153941e+01
1.559358340141286590e+02,3.690459652689870040e+01
-1.670301364152607846e+02,3.069254399392884380e+01
1.762633424683936312e+02,2.406710193111619844e+01
1.656053792716767532e+02,2.589495854612395576e+01
-1.613936370916481167e+02,2.257119221411851839e+01
1.629350543550616521e+02,3.697155189283009236e+01
8.401560894486830477e+01,2.876857851703375246e+01
6.500501075744635671e+01,1.678625748050497890e+01
6.422368214417808474e+01,2.633198720421449579e+01
4.349189442695318775e+01,2.013993959365858544e+01
7.915166251094140648e+01,1.050250990108428795e+01
5.938632899843745605e+01,8.474370947326171688e+00
6.763205474091152780e+01,1.047107757637142456e+01
6.671150945506185792e+01,1.855954613086577254e+01
6.275004817452815331e+01,1.959270099283437716e+01
7.008733142157072393e+01,1.983545011369549727e+01
-4.410023144631904302e+01,5.332161642203004703e+01
-8.238206437591256304e+01,2.954293136081924587e+01
-8.090425051034318926e+01,2.496418224235981853e+01
-5.302453995661738873e+01,3.659951643409416988e+01
-5.390182645863178834e+01,3.048566040156910972e+01
-9.757006039774255157e+01,3.044905025181495972e+01
-6.919188825270803989e+01,4.171396375691725922e+01
-6.959259921795744219e+01,3.709589583531478496e+01
-6.304672882936091582e+01,3.311271714334375815e+01
-7.694475722595447564e+01,3.280914140151135427e+01
-1.798259157213454671e+02,1.610857528689993501e+01
-1.607003000655394089e+02,1.462371127426573736e+01
1.726038879367743846e+02,1.668055943621368797e+01
1.738603035708522384e+02,1.223509350378941285e+01
-1.669618777135149799e+02,2.599935856494235153e+01
-1.763619779267972376e+02,2.160933763525592610e+01
1.728263864200933995e+02,2.816509351823211205e+01
-1.767199652275895119e+02,1.413134796537717719e+01
1.728306130525031676e+02,2.884462301734071588e+01
1.687056557681862898e+02,3.082703909704227385e+01
-1.431260067488739480e+02,2.010043483785076290e+01
1.508076135443589010e+02,3.896454942989063142e+01
-1.484873397928816416e+02,2.646232507919871324e+01
1.726295522952169961e+02,1.917174094074132995e+01
1.642440839492777229e+02,2.147426933707631846e+01
-1.564312189924046663e+02,3.341926704403220327e+01
1.789727112889839873e+02,2.650165299200408953e+01
1.486845323612130301e+02,3.720083854202280094e+01
-1.562825406035659626e+02,3.709642445923982734e+01
-1.392067922479849926e+02,2.944433417569804590e+01
1.656717246709606002e+02,1.722097935252986645e+01
1.673148775438622806e+02,1.042347255899992042e+01
-1.588949402962301178e+02,1.134340913711513466e+01
1.685907197944894449e+02,9.815634322971583003e+00
1.588459922965108149e+02,2.880748634082669923e+01
-1.414869318539441849e+02,2.674030905995971708e+01
-1.401022792777438610e+02,2.939887644500738872e+01
1.587412038284217317e+02,1.458294580859849177e+01
1.332661258358278360e+02,4.136418432219399222e+01
1.554423959108959821e+02,2.348516319789003148e+01
-1.646206387782891625e+02,2.268550675924559101e+01
1.780650579739866544e+02,5.922783451851497460e+01
1.462236717415993041e+02,2.661689276497132184e+01
-1.602377526106176617e+02,3.734277006599709381e+01
1.637151453209027636e+02,3.413806312903471962e+01
1.661395627397953092e+02,2.685153695382246397e+01
-1.623754277744446881e+02,2.311464549166113969e+01
1.587046385064775791e+02,2.150605110687461519e+01
1.685589503638457813e+02,4.503318905053224341e+01
-1.617508076485808886e+02,1.340445947282482919e+01
-1.799177148981712264e+02,1.137331689562532233e+01
1.795974494558753065e+02,1.678310331367116959e+01
1.640018020291055905e+02,1.986155752345541714e+01
1.744179507546180901e+02,1.206380899761923331e+01
1.726936265125657428e+02,1.155174247715469171e+01
1.771446833342910736e+02,1.228577588819580768e+01
1.693716820242860308e+02,1.804020292745243026e+01
1.796601429861513850e+02,1.937903154321979216e+01
1.669451960026997028e+02,2.106878597716481849e+01
-1.620901810252255189e+02,1.514058989734767202e+01
7.614075637963583176e+01,4.777946285689037609e+01
4.381815797898283904e+01,1.925296139847953469e+01
9.288159791944758581e+01,4.662607667665231759e+01
6.425054118388429458e+01,3.183883915827470901e+01
6.636971570903480711e+01,4.034390006690090047e+01
8.027666026346703632e+01,4.985251546751075580e+01
6.425069913676692579e+01,3.931048838748671415e+01
6.761586572065881739e+01,2.997026095293152892e+01
6.117530565113157337e+01,3.827344486376549071e+01
9.493842154028172331e+01,3.517341120594671366e+01
-1.660148793000682588e+02,2.438053981986637808e+01
1.762202021466432313e+02,1.532604402914250485e+01
-1.796950374994534059e+02,1.595804679244682944e+01
-1.649545701460948521e+02,2.268962352159481810e+01
1.780229747373666953e+02,2.939416377011572834e+01
1.703666960387757854e+02,3.151687427579143019e+01
-1.639597864733298707e+02,2.235395113087325925e+01
-1.717065419073656756e+02,1.282560607520051832e+01
1.574577594079904941e+02,2.638056442224404208e+01
-1.617353413817339742e+02,3.067814550063083701e+01
-4.859603620004041602e+01,1.487183752476424914e+01
-5.563260840807938479e+01,2.792370849729864446e+01
-6.067488372604402258e+01,2.578252620718592425e+01
-5.725584945337402587e+01,1.618933664544558937e+01
-7.780312855262641847e+01,2.066691609117041750e+01
-4.344723577752650812e+01,2.687847780797201835e+01
-6.772823212282682448e+01,3.851696634770996752e+01
-6.784808278777175872e+01,4.249068619636424415e+01
-3.752137686615569123e+01,2.181695965152735184e+01
-6.801030576449184650e+01,1.970517777191048125e+01
4.919811938528202688e+01,1.676340355136668592e+01
9.377899542505335262e+01,1.966923672533516054e+01
6.708169130014614723e+01,2.240474456804987824e+01
5.216616790141627291e+01,2.088898235733886821e+01
8.316750572709102585e+01,2.238712371314406013e+01
6.501696043004700698e+01,2.271893095776954752e+01
5.394553225803547036e+01,1.905879985954035405e+01
8.244621625643614493e+01,2.852790379023258538e+01
6.543700821096390996e+01,1.757654957722785127e+01
2.155093493687096640e+01,3.602176279897592792e+01
1.394350743500898204e+02,5.271196969357052353e+01
-1.664550830117333078e+02,1.086595698297169577e+01
1.667601370950610828e+02,2.758711675361701410e+01
-1.623094086043159905e+02,1.622115890412618811e+01
1.528718175459814859e+02,3.820421465421269147e+01
-1.718614697583041107e+02,1.696231772979520258e+01
1.684392141093887290e+02,1.614708476641848378e+01
-1.629119358982482879e+02,1.202200752492291791e+01
-1.758422236546993531e+02,2.385622576166202080e+01
-1.743150727376720397e+02,2.946338165680015919e+01
-4.674947204355858332e+01,1.480743061964527740e+01
-9.015869219642496546e+01,1.196235763128141194e+01
-5.595951601272160758e+01,6.726476495819005308e+00
-6.335610202290840931e+01,1.038518437286679053e+01
-7.057399096800408245e+01,1.391911327041489521e+01
-4.540643147431227078e+01,1.300437497600263370e+01
-5.167726607904037195e+01,1.488541390703104206e+01
-5.380195822854562948e+01,1.633629775451043287e+01
-6.285018195404735053e+01,8.425869549289329186e+00
-6.691571715070553239e+01,8.150658353436105230e+00
-5.126173594668150457e+01,1.898860417990060867e+01
-8.870189301875991816e+01,2.968981626032223531e+01
-7.555991143179849701e+01,3.542862422411278089e+01
-1.564807515720966364e+02,2.408111554964521872e+01
9.175093671072868062e+01,2.690883946746851763e+01
2.058315800704605181e+01,3.303340238875892254e+01
1.028910673168833085e+02,3.672929069357572018e+01
9.112207140078301393e+01,4.515222032315807610e+01
5.955328656179679570e+01,3.175307954006267153e+01
9.431191849353299972e+01,3.483895697058545693e+01
8.343729226654933484e+01,2.702613151032396743e+01
5.996690260270577255e+01,2.690026886271063944e+01
5.473327901603119017e+01,3.579841099682494132e+01
5.047008297179388592e+01,2.239369443124575554e+01
7.703007235910617112e+01,3.238426523940606927e+01
5.467647258788602471e+01,2.836875145548284038e+01
6.819981205709349581e+01,2.846644700158125829e+01
7.397205610335043957e+01,2.700224611506557082e+01
7.491148164217280225e+01,2.488066956947626096e+01
5.432605426370945167e+01,3.128619084362302161e+01
7.674124133418531812e+01,3.426514416987548373e+01
7.110778682894319047e+01,2.217741924932868969e+01
5.897897522361576961e+01,1.564265658595236985e+01
6.790097175702274512e+01,1.860703159966057285e+01
7.104782999716304914e+01,1.355345963894272643e+01
6.021747151655276298e+01,8.948632624369697197e+00
6.208889664218624205e+01,1.243655620937031259e+01
7.056921359648383429e+01,1.299216431682748052e+01
6.659578540305747651e+01,2.148445971510887276e+01
5.881533752667745318e+01,1.984827885904147138e+01
-1.714664737375722439e+02,5.095551337793727953e+01
1.737235766480832240e+02,2.033252323619154467e+01
-1.768843113034614589e+02,2.586649259718659621e+01
1.669260019503143440e+02,3.256406499060074111e+01
-1.794980943469788599e+02,2.847288024434667975e+01
-1.782479887701509824e+02,3.135661828462733780e+01
-1.765529332485690190e+02,3.718058242375921907e+01
1.660610167171643354e+02,3.477279405382816435e+01
1.627846971893805801e+02,2.601563319484932180e+01
-1.690284374202262825e+02,1.248854510728330069e+01
6.880477597475012885e+01,2.893778593653306430e+01
5.680028540129168846e+01,8.982898300483205034e+00
2.889970674392494487e+01,1.467045168359529761e+01
1.085101415706782149e+02,2.052324493671304140e+01
9.230670774239226262e+01,1.683520142827538990e+01
5.666429119611900234e+01,2.719277947200415468e+01
6.965756988763776292e+01,3.017109006953357664e+01
7.285479923030946736e+01,3.210330411454731347e+01
2.050548347239071845e+01,2.925083155491962117e+01
4.728696706437563790e+01,2.324305872025438902e+01
5.479012613133307497e+01,4.661822894961571961e+01
9.871597623414791656e+01,2.306574729571328319e+01
5.163882481299576455e+01,3.349108978561636718e+01
7.995867164955163275e+01,3.178446410464580651e+01
5.690614138226361263e+01,1.795536646493115285e+01
7.710425967795401903e+01,2.299010338138558751e+01
5.573633297070586679e+01,1.643580974613721324e+01
7.812429723916982027e+01,2.318247955649502501e+01
5.819861401009110580e+01,2.131360246648318224e+01
7.306218091513095203e+01,1.124296094618827446e+01
-1.736282549405215718e+02,2.632535683012404348e+01
-1.739642718678995266e+02,3.620626475902330554e+01
1.637518988991119215e+02,3.080161789769174163e+01
-1.618750299060131965e+02,1.981874706125075747e+01
1.641758977076083283e+02,1.765390331723333261e+01
-1.778833310246680810e+02,1.363095823915821825e+01
-1.783816276877615223e+02,7.369492305387169040e+00
1.762465870284189862e+02,1.348739334950295010e+01
-1.712934390327429526e+02,2.024623612605564915e+01
1.774288317928581478e+02,1.378018729688497501e+01
7.185217703352570595e+01,9.330321823471457776e+00
9.345943963377710872e+01,2.416244036901946401e+01
3.460792520875001088e+01,2.311561431273511857e+01
8.631813702776027242e+01,2.150835530006969520e+01
6.286063591591134525e+01,1.714354351017526312e+01
5.405589200582811316e+01,1.574584146433225840e+01
9.162087302440859560e+01,2.631940103130164488e+01
6.099155770172473012e+01,9.607043065897439504e+00
5.406982292461932360e+01,1.225798034819876747e+01
8.254704246962684522e+01,1.243445726305282761e+01
9.411958750642887139e+01,3.475975772394174612e+01
4.497008161890196476e+01,3.092576480966802421e+01
8.546646177614091755e+01,2.590630979606108042e+01
2.914311807478495098e+01,3.209504020105094213e+01
1.098614950831011186e+02,4.016807693304750160e+01
6.375349008348228352e+01,1.717214500571609648e+01
5.664853066849797614e+01,2.125389469737595505e+01
6.697726977745382726e+01,1.140418180101002577e+01
6.626302539712233397e+01,2.310967110192028073e+01
7.713283207821065446e+01,2.746550546119958724e+01
1.575513961173332973e+02,2.396760783916150572e+01
-1.472125227752843273e+02,3.247280262274203011e+01
1.729095678672608756e+02,3.479376962118789152e+01
1.747820295057530871e+02,1.500390775114099284e+01
1.656838347250264860e+02,1.045929147646810442e+01
-1.513255188474908834e+02,1.756070370042884221e+01
1.626982407508894255e+02,2.836470332998436561e+01
-1.775031412080470545e+02,3.280806800590176664e+01
-1.716743362311237320e+02,8.704510874613621496e+00
1.683874109111119424e+02,3.320685288937445989e+01
5.871779906618478151e+01,2.593436675970665917e+01
6.882230824539226433e+01,1.349928486310519027e+01
8.955107136043379512e+01,3.989936081251217814e+01
2.163060697484764106e+01,2.234412366933585758e+01
4.627071257463568088e+01,1.494938705673972379e+01
1.380113672375093756e+02,2.254647065269609385e+01
-1.239367628429947104e+02,2.075872999074134739e+01
-4.234113858777819672e+01,2.111951559578259818e+01
-5.486881659738983075e+01,1.411692581127948820e+01
1.556040470592382121e+02,1.106685868687950780e+01
1.630556426999369251e+02,2.162679057336516664e+01
-1.642048734484809813e+02,1.894654722711892703e+01
-1.791582519747393007e+02,3.206035013657644583e+01
1.752921363020763295e+02,2.917276513412198469e+01
-1.586923001491651064e+02,4.594106507814392870e+01
1.567272398093730885e+02,3.691183818463674982e+01
-1.787856538714248984e+02,3.139283456529975069e+01
-1.523009933695863367e+02,2.817892475122496521e+01
-1.747216827721098014e+02,3.932181611381156472e+01
1.470033602772130052e+02,2.686116016978558818e+01
1.595912465245151566e+02,2.690372859015246831e+01
-1.710764179031476999e+02,1.468163138330144868e+01
-1.540520560381154667e+02,1.992260883934182658e+01
1.581032192817578448e+02,1.150480852794261821e+01
1.634913734895075663e+02,1.301934184658485982e+01
-1.558218938895717542e+02,2.478488254376583555e+01
1.709528679566553819e+02,7.729809108415304664e+00
-1.755806958060633747e+02,1.374568623721928340e+01
1.788609198598817898e+02,1.148980602852874178e+01
1.787542932860055203e+02,1.146253592074939398e+01
5.955969974233354236e+01,1.739691952732885483e+01
3.937700278518682495e+01,2.560297239468802388e+01
6.467554285309650197e+01,1.470883049888043281e+01
6.240128719880457453e+01,1.294310335615600316e+01
6.732751961748564895e+01,1.642784281431711335e+01
9.282631059688134201e+01,1.964544874494475479e+01
5.311709047194224098e+01,1.020344348013770741e+01
5.786668378127874490e+01,2.199176036451481764e+01
5.545542941011058957e+01,2.490305077960774227e+01
5.986843497211015830e+01,1.926220313971873210e+01
1.659668021652180414e+02,2.650612196281929300e+01
-1.585116997514916477e+02,2.695536234286108623e+01
1.740535280088429602e+02,2.101765313594503937e+01
1.713339941045743160e+02,3.231346750074026630e+01
1.732468344038540238e+02,2.672970668979877829e+01
-1.769416198714413042e+02,1.716051542367086213e+01
1.797650128038242485e+02,1.788452411574485268e+01
-1.684808989576393969e+02,1.715497898640538565e+01
1.555269905215739357e+02,2.116905489699031762e+01
-1.688709775804419735e+02,2.749289007606706647e+01
-1.668133587349805111e+02,2.712451923009995980e+01
1.730174135879685764e+02,1.832291129744052682e+01
1.627452985887362615e+02,2.713683643836465720e+01
-1.648436262592628907e+02,1.734390906419864820e+01
1.753408917934183933e+02,1.249790800069484575e+01
1.771224844781399952e+02,5.236163882633282363e+00
-1.734639687780665440e+02,2.226927770601432144e+01
-1.778668440935196600e+02,8.941407430788583355e+00
1.796337176952630728e+02,1.551896625245559136e+01
1.783851520342523429e+02,1.560993134493212864e+01
1.678911947847229840e+02,2.505603149976490940e+01
1.792389907233158794e+02,2.602111703682565746e+01
-1.621803772445707352e+02,3.546762953460492440e+01
1.795231347944915115e+02,2.754447369522288014e+01
-1.689138972141929571e+02,5.518860860604596752e+01
-1.415378032581857042e+02,3.653707658553915394e+01
1.228989207510790749e+02,6.393234899738340005e+01
4.042745550816820810e+01,4.672358691520871332e+01
1.793828426554662059e+01,5.359424838206405184e+01
7.651898422274267375e+01,3.642286280533485865e+01
1.475236350873448430e+02,2.312353472061101201e+01
-1.545206824987693892e+02,3.139256483731580971e+01
1.755931762478572864e+02,2.519344772359987417e+01
-1.615344036728274659e+02,1.934271382695254360e+01
1.540437475466455339e+02,2.441911360108821327e+01
1.653416537743642039e+02,1.135737801197114116e+01
-1.657760274488786081e+02,1.846119156317381638e+01
1.587830137475640981e+02,1.402728194393995942e+01
-1.576569605277148014e+02,1.393996303662840219e+01
1.698822888864889080e+02,9.426188653642455506e+00
3.039564169650172687e+01,3.748586663972960764e+01
6.073078242316186248e+01,2.778977099566751718e+01
6.461255621366699131e+01,2.807256189912212463e+01
6.046242833691718488e+01,4.364955145900425038e+01
6.931632137834439789e+01,2.420782534214426462e+01
5.053508088389144604e+01,2.310479887540664024e+01
4.309060451699970429e+01,3.201488393875533234e+01
5.221533418313386932e+01,4.062219058414912354e+01
3.518079020949599567e+01,3.448736203956846680e+01
5.656159166949208128e+01,4.434308194232863798e+01
1.702203484369179591e+02,2.372394131801313577e+01
-1.588605539081564189e+02,1.830898462133305671e+01
1.575000112327114437e+02,2.131995166533707575e+01
-1.723900386142304058e+02,3.274546863849761991e+01
-1.715594038200961506e+02,1.313497114691725187e+01
1.580787978833318164e+02,2.469042056924461548e+01
-1.567280895486249506e+02,2.139459221983497628e+01
1.643790224174232151e+02,1.749527220401926186e+01
1.761879083764463303e+02,3.074602316388485335e+01
-1.196496153675867475e+02,3.585820146673624720e+01
-7.143933612568611125e+01,3.909349924326772907e+01
-5.111987846565868665e+01,3.078451826415223280e+01
-7.891261855772296485e+01,2.809896769827588514e+01
-3.939504240548452429e+01,2.931047490063422600e+01
-6.807938528501274789e+01,3.455419981045454847e+01
-4.830456645312705888e+01,3.233489999160619988e+01
-5.041449770667627206e+01,3.717102102845532841e+01
-6.031354077972586936e+01,3.326802258025871595e+01
-5.011669038366378714e+01,3.248013112904050104e+01
-6.632287683599042794e+01,2.019815720491584443e+01
7.316696149830819706e+01,1.802474386868146894e+01
7.383502770463054787e+01,8.187398232072927939e+00
4.380223580975038544e+01,1.648344140531041546e+01
7.001659651169696019e+01,1.725482505603467942e+01
4.840469293805045936e+01,1.497666743466054484e+01
5.570488673636064902e+01,1.251820687061038662e+01
5.943261221402479322e+01,1.107867213571931941e+01
6.026814973892241767e+01,9.346378219678939558e+00
6.677391689680229092e+01,1.181489844797714461e+01
5.866889563104546568e+01,7.792238372446455230e+00
1.694575927040628756e+02,2.457696048186947024e+01
1.758723377419747465e+02,1.682355454157478647e+01
1.700148637138877348e+02,1.841330202842338082e+01
1.778696922015314499e+02,2.634739046965144382e+01
-1.651208492642500119e+02,2.158568274606914628e+01
1.690694992887288208e+02,2.075939641240855593e+01
1.757577319992684863e+02,2.507884012526952233e+01
-1.742174778533739357e+02,2.869478377574619188e+01
1.659961598636488986e+02,1.799085225701345792e+01
-1.786731107499145423e+02,9.345560221161324677e+00
-1.791646321004210165e+02,1.599089660578211536e+01
-1.677621540295050124e+02,1.854993257962604147e+01
-1.521164821398958225e+02,1.799551951192232480e+01
1.617775524936430145e+02,2.001629604195208856e+01
1.512545040945948642e+02,2.595503932452817963e+01
-1.701689931244353886e+02,2.927592787865437174e+01
1.615917380154245961e+02,2.317447087932177396e+01
1.766958814328904737e+02,1.659480395398092156e+01
-1.727816016871539944e+02,1.249185740487853735e+01
-1.775432114481891972e+02,1.538504847626488470e+01
-7.551502347460481701e+01,1.546338644506367643e+01
-5.463857644230611754e+01,1.583577594357011975e+01
-6.839347234484273486e+01,1.114870277814364030e+01
-6.012118097874332534e+01,1.464841682786827448e+01
-4.984568607277304153e+01,1.367771236829310411e+01
-7.633562572939912627e+01,1.618690940259237010e+01
-6.350008756034557678e+01,8.007685413232167093e+00
-7.351045693644843482e+01,1.361153329085181873e+01
-6.435030335855203987e+01,1.461971624915702961e+01
-6.547798237434609803e+01,1.421944481046192621e+01
-5.410594570756113342e+01,1.284336444080295436e+01
-5.994654183591339347e+01,1.409254333939528792e+01
-7.733125941113848967e+01,2.541351645927628411e+01
-5.163491476088245236e+01,1.036841085448614486e+01
-8.355589495451394555e+01,1.990271765685279703e+01
-5.083142795347238518e+01,2.038151968213109200e+01
-6.641996672192641427e+01,1.916218209472571488e+01
-7.248394866769258726e+01,1.299830138423824977e+01
-5.997992052595176204e+01,1.242470424115022709e+01
-8.490116931936047706e+01,9.700513711621770341e+00
5.505687750152117133e+01,3.963208542840058612e+01
6.479720721109160309e+01,2.685748965660446430e+01
8.332035112565492341e+01,3.350343371894184230e+01
6.009932383774759046e+01,4.025047442059384650e+01
5.183997520565282002e+01,3.556267508217816697e+01
5.571462012104601769e+01,2.032192074493918099e+01
8.695866708257949540e+01,3.550777087278613919e+01
5.124787928210398036e+01,1.696267140093510051e+01
7.949033270782452121e+01,2.859709546495897570e+01
4.889509762206252219e+01,1.933047477504042888e+01
-5.423234084745690353e+01,3.193217348257160637e+01
-6.214616663680318709e+01,1.227274718928249797e+01
-6.467997806213034551e+01,2.421902090966911203e+01
-6.667697186809664345e+01,2.169074472225519656e+01
-5.626071290253191393e+01,2.635971557933397236e+01
-6.494791038698583918e+01,2.774792415194987782e+01
-7.377608799900860959e+01,1.508447844467392152e+01
-5.200478398533437741e+01,3.316208906599886319e+01
-7.594391389988440721e+01,3.568902314742339854e+01
-9.424006212309602404e+01,2.116511976210505708e+01
6.667450540786016688e+01,1.664917224633612847e+01
7.101421072217178221e+01,3.482249218570941451e+01
6.008869442695576879e+01,2.316445955116477506e+01
7.241396442250481869e+01,2.495839122836379431e+01
6.637545799910692779e+01,2.366725179791570710e+01
7.422445744650717359e+01,1.865482962023261848e+01
6.053948569879705843e+01,1.954338594900140436e+01
6.670870053670326172e+01,1.937527213815896587e+01
6.872977575059582023e+01,1.298025730247240617e+01
5.072062934004079437e+01,1.348289031747212974e+01
6.286195198252284655e+01,8.389406915352072502e+00
6.049733951151421962e+01,1.064007803346577674e+01
5.515096476561677719e+01,5.889644247477317407e+00
6.814278711160787338e+01,1.161569796440936919e+01
5.820324129486930076e+01,1.728323136997156695e+01
6.828603455849911086e+01,1.644055943725358304e+01
6.205372713408674201e+01,1.221404189631651249e+01
7.583941626429853500e+01,9.024276828847607845e+00
6.261860204793919138e+01,6.683190570839979472e+00
6.830008655770878079e+01,1.112394727736281119e+01
-1.675821185311210115e+02,3.083924787071438089e+01
1.508685364572147876e+02,1.966488738319610619e+01
-1.684753223831276330e+02,1.358866200074867692e+01
-1.412987696538720286e+02,2.479078031927645043e+01
1.481121798973242960e+02,3.269165157274383660e+01
1.603466349581677832e+02,1.419035329352777985e+01
-1.563186121215125581e+02,1.528227544332257359e+01
1.718822775909493430e+02,8.364245381278667679e+00
1.641371506147511354e+02,1.744366214091116518e+01
-1.645708144566893907e+02,1.755300644290910483e+01
1.726597800102695999e+02,1.177782872028428152e+01
1.795337690592842250e+02,1.030213684466446367e+01
-1.715077720677897446e+02,1.461218804690565243e+01
1.787155528618630740e+02,1.129486529843860865e+01
1.689798353876622912e+02,1.354691207977566059e+01
-1.566417502540216162e+02,1.654730177892238174e+01
1.755625119849412386e+02,1.855901427490090683e+01
1.777915453884227190e+02,2.906331917345647753e+01
1.798695078884523753e+02,1.963979109370017895e+01
-1.716669080029238330e+02,1.670801803430008192e+01
7.470051580061522145e+01,2.705494161479484916e+01
1.763503091478104423e+01,5.468501103563987442e+01
8.645599950728897909e+01,2.481311684320276001e+01
1.099756885658259478e+02,3.752967882584867709e+01
4.587631482192171717e+01,1.154794959151668188e+01
7.568365491053532423e+01,2.880485887683192558e+01
6.587795872492245053e+01,1.625053277018926678e+01
4.835910020592370984e+01,3.502742919512695607e+01
7.508705341691022284e+01,1.111823490823394778e+01
5.250910982447842201e+01,3.151683107909899206e+01
-1.729790561287583728e+02,9.769621379071102396e+00
1.750247612244091897e+02,1.301499146654425765e+01
-1.709014533251425974e+02,2.562539183757990457e+01
1.534108438618939090e+02,3.400052973398075551e+01
-1.664440593431367006e+02,2.797077537078212117e+01
1.783406174126515111e+02,1.336072885925434761e+01
-1.565040549476093759e+02,1.619602456155012149e+01
-1.752661761681253552e+02,2.373863977369910838e+00
-1.797216116176696517e+02,1.073995802836485858e+01
-1.649207186483632199e+02,5.460766534658750615e+00
-1.233413403283996956e+02,2.484472321660000205e+01
-2.734565915556641258e+01,3.919678556670397995e+01
-5.446590125605836619e+01,1.993857581345829644e+01
-1.219164454543435454e+02,3.490192165839766147e+01
1.725440275453839547e+02,2.805338469162841264e+01
9.709524265450974667e+01,2.556839201397897909e+01
3.915597566749299929e+00,4.840178154738058680e+01
-7.847238715169119416e+01,1.640845941340301550e+01
-7.741828265933777686e+01,3.513337873553251711e+01
4.891544966739457045e+00,4.060300066299535615e+01
-1.741961002242290704e+02,9.942831283549310228e+00
1.766132637180956522e+02,2.965300768036469492e+01
-1.604496026383602612e+02,1.949575118344907310e+01
1.706979837403286240e+02,1.660662360321190079e+01
1.736329871120493920e+02,9.956881711573050353e+00
-1.548312351513284000e+02,1.820944209345717013e+01
1.731089328278467576e+02,9.738799028621563991e+00
1.663016437612502614e+02,1.281426897740205284e+01
-1.461052184127676412e+02,1.439818155418091017e+01
-1.719132660890948330e+02,1.988661508354729079e+01
-4.331631916447405217e+01,3.647131455054091731e+01
-6.779555064531923847e+01,2.124257821261501888e+01
-1.451849711328275987e+02,1.935888933990015914e+01
1.026522447016604787e+02,3.285320497293058395e+01
4.666113172396143938e+01,3.566777424665699670e+01
9.380855811572791936e+01,3.405899216526952955e+01
9.841499284783638757e+01,2.363897142077471614e+01
-2.158421199437275106e+01,4.268652573577407594e+01
-5.571662213080038839e+01,2.672565086978953985e+01
-5.039833330178397830e+01,3.556965975461176299e+01
4.944144411322952948e+01,2.297826402155517300e+01
7.495216676198155881e+01,1.505752028148834931e+01
6.247937461821649663e+01,2.161252872084780918e+01
5.208554914423305604e+01,1.549228711260702696e+01
8.404515807543829453e+01,2.990616031686689524e+01
5.006325766477427663e+01,1.885285765168550398e+01
7.654776371110604316e+01,1.420271529338189964e+01
5.107854396882216008e+01,1.977072366732160802e+01
6.144330942470173085e+01,1.920062365838954932e+01
7.238245938210572206e+01,1.751125937845335301e+01
-1.763115908882135727e+02,1.686927292340199003e+01
1.338984996981511415e+02,4.299219413827044178e+01
-1.564558385841183963e+02,2.471837761018779034e+01
1.498036536696629923e+02,3.214010665308930470e+01
-1.441533527708681959e+02,2.827407468278515168e+01
1.563949944753028660e+02,2.079679537483663410e+01
-1.711703005968505238e+02,1.713567204102660213e+01
1.756136669602415168e+02,9.207645891342657762e+00
1.755660977831312834e+02,1.563618783999310935e+01
-1.756554609594457474e+02,1.460418233264874210e+01
4.993787382091777971e+01,7.473451328603703203e+00
4.836291638755327682e+01,1.173036398443486839e+01
7.515161694039049678e+01,2.060359569370877608e+01
3.694908666371984651e+01,1.543702178910554679e+01
8.265494269778528746e+01,2.042829492931404189e+01
1.000190513336516460e+02,2.319451771210486157e+01
3.759123197640558800e+01,2.232384447550547080e+01
7.565742514580897193e+01,2.389157118504981625e+01
1.491721259717434975e+02,1.037212981302818449e+01
-1.332093665662545163e+02,1.937708664413528936e+01
4.150391189165654282e+01,2.754354867824928732e+01
1.012802861664075493e+02,3.204967200458278853e+01
6.865384111718674376e+01,1.879282397314510789e+01
6.706391972142678526e+01,4.243198697473707881e+01
8.374079475019354390e+01,4.166789598804186312e+01
7.437866796880418008e+01,2.423483508520978447e+01
6.851544886570100346e+01,2.938257633320603901e+01
7.594175370976304862e+01,1.220213008376892461e+01
6.290512601898531386e+01,2.711900516503903447e+01
8.390184084618267946e+01,2.637416878705950296e+01
-1.712216404820810567e+02,2.233169834236246487e+01
-1.725060396086045955e+02,2.405316857197291824e+01
-1.756009414766039072e+02,1.996632827505673191e+01
1.745179357681140573e+02,1.692391584753988099e+01
-1.684541276228297590e+02,1.001091343631457065e+01
1.765697609648697153e+02,2.423894412100636941e+01
1.656136060414237079e+02,1.856046158527330903e+01
-1.797054236548867436e+02,1.911726674317031538e+01
-1.688297119954718255e+02,1.617155736970317292e+01
1.729920841723605633e+02,1.340428201542895081e+01
-1.783646652323850503e+02,3.089190928525043844e+01
-1.743140094066155825e+02,2.387660107028565193e+01
1.715294947344189040e+02,3.280194254844741408e+01
-1.752992846007412027e+02,9.640139849788280202e+00
-1.744261232503449150e+02,3.207780063181596830e+01
1.621809425841308610e+02,2.843395295764402420e+01
1.767487191095646040e+02,2.910620640098652601e+01
-1.721419939328128805e+02,1.282729485094485256e+01
1.504428945764661592e+02,2.173195726348199841e+01
1.606795554089435711e+02,1.763752145081877742e+01
-6.105458037076367361e+01,1.765124413091587030e+01
-7.444049369874917943e+01,1.303970190442590749e+01
-6.081294693069506252e+01,1.665541676942561367e+01
-8.285672803436365541e+01,9.111168510113197172e+00
-6.432879687266080282e+01,9.782483346532991675e+00
-6.164345024524742911e+01,9.623546502665400126e+00
-6.232515990124976923e+01,1.013115533030007498e+01
-5.218372215556424720e+01,1.577887506415703456e+01
-5.625959247864623336e+01,1.003015188709766292e+01
-5.882721273940396145e+01,1.890983426822765878e+01
-1.658869140691932387e+02,2.511591450324218755e+01
1.779066448827456099e+02,1.052576459297498346e+01
1.594123651713339882e+02,2.250188669912051154e+01
-1.707471470271753446e+02,2.103070337310222016e+01
-1.663516394500182685e+02,1.714251886194255547e+01
1.498615874171220526e+02,1.053073181880081677e+01
-1.520465169905627931e+02,2.751091744686163310e+01
1.503091397213348728e+02,2.074247715343655685e+01
-1.568244960958907086e+02,3.663613971586477192e+01
-1.460933331938042556e+02,2.917235938408282436e+01
6.845008311053085492e+01,1.552017062372526368e+01
6.845280552129344187e+01,1.265212594953556646e+01
6.287834756003991288e+01,1.479965744829781293e+01
7.068119638326571419e+01,1.259452465463495408e+01
4.388507723158907936e+01,9.209705025646462317e+00
5.188307030381566420e+01,1.932821607863165170e+01
5.361905985721822532e+01,1.117562046690969524e+01
5.061887303606098243e+01,2.016873583137044790e+01
6.253290743936624807e+01,1.760573221813964295e+01
4.986664505849244478e+01,2.315848339134566203e+01
-6.889128697012462510e+01,4.240614043877749850e+01
-5.043517239889525428e+01,3.240720390419916441e+01
-7.544383237577451951e+01,4.444121860856390072e+01
-6.213704478331015224e+01,2.768138181575321255e+01
-6.210462519484328681e+01,3.046304408610593129e+01
-6.122364615000853405e+01,3.682211931021768692e+01
-8.444059048479151386e+01,2.345089796580041863e+01
-5.923884655205929306e+01,1.854175526856269585e+01
-6.288244121098030348e+01,1.960426017521207598e+01
-6.026539373366865959e+01,2.468063412279778390e+01
1.660233833686318405e+02,1.453226748546097724e+01
-1.624588897102946419e+02,1.581309777378168135e+01
1.732669831925419146e+02,1.762210479279434594e+01
1.545168844406082371e+02,1.908505696929629991e+01
-1.577111748940646976e+02,1.788873288747281975e+01
1.672485479077116679e+02,8.094343392091904121e+00
1.775068746502414285e+02,9.155309315847325990e+00
-1.682676595618411000e+02,1.762595781975348075e+01
-1.735780559139151080e+02,2.542318796475981202e+01
1.700343408092871869e+02,2.385646113727617745e+01
1.253585068037284742e+02,3.256929702435435559e+01
-1.779250530264892518e+02,2.672746472694980113e+01
-1.471894602635136380e+02,2.576648229395907208e+01
1.430925665749108475e+02,1.580710107907227879e+01
1.723939526440446173e+02,1.679266542110554994e+01
-1.572373079318410873e+02,2.113407093165371720e+01
1.597098403445945962e+02,2.064648485932235644e+01
1.606832260389640226e+02,1.629927814315814416e+01
-1.424931150684061834e+02,3.063130192631540538e+01
-1.219512908960190316e+02,3.633980159776496777e+01
-1.794336135026187549e+02,1.334023973271975017e+01
1.711760307549947697e+02,1.533192500578983086e+01
-1.769680182181716930e+02,1.466235336508779241e+01
-1.778822104409311464e+02,1.849067632385695603e+01
1.732700322317493544e+02,8.957841926159410662e+00
-1.736696921149843718e+02,9.964924159482485777e+00
-1.755046113604925324e+02,1.093393943868143481e+01
1.622019795842592487e+02,1.492012654836977781e+01
-1.708889799197217769e+02,1.544405725335061419e+01
-1.707108860262387964e+02,7.895738942503314206e+00
-9.892155920288354309e+01,3.331439644508193254e+01
-7.487743183389787305e+01,2.250924577820221728e+01
-5.875622773929310227e+01,2.182999606164010942e+01
-6.137019584685553752e+01,2.309448784300670710e+01
-5.578477561409676611e+01,3.170816161029584634e+01
-8.742954110452468797e+01,2.110884828118125256e+01
-3.467921717278490945e+01,2.336687469567146991e+01
-1.005452915246245595e+02,2.658126377411278440e+01
1.560422594479761358e+02,2.213703759613431288e+01
1.134565463720672085e+02,2.933732122277790921e+01
-6.974277341172896172e+01,2.280137697350473758e+01
-7.678929109006213594e+01,1.565204536864299456e+01
-1.363442810773157419e+02,4.069198244771546058e+01
1.584575021907489258e+02,3.997959570736453827e+01
1.569492078007902762e+02,4.074194044645065560e+01
-1.382344956136543601e+02,4.927065742597848441e+01
1.795801418197228259e+02,2.468232591257451602e+01
1.661079483316990206e+02,2.921396971963246614e+01
-1.695365478565098556e+02,2.769154427248121308e+01
1.676142518452636239e+02,3.885726541416953239e+01
6.371367545734688775e+01,3.896463352429313431e+01
2.753253015816029503e+01,3.978089607988709275e+01
7.194819591695708993e+01,4.736303449760418971e+01
8.439002266695203502e+01,2.226527734840482964e+01
1.739697920279063936e+01,5.120085482846549496e+01
3.802829943041735561e+01,2.690859341723856701e+01
9.453963218645836264e+01,2.764336962497264238e+01
1.070939801371016529e+02,4.226316663067939317e+01
3.977741722313943740e+01,3.402183966528239267e+01
5.127487618632174105e+01,4.485760829617902345e+01
-1.763186865018753906e+02,1.252749372245906123e+01
1.549453966666183646e+02,2.040563827622368365e+01
-1.501391690669022125e+02,2.263232774019204641e+01
-1.578121481609789782e+02,1.543190763804711452e+01
1.580459713714323868e+02,1.448817655728334053e+01
-1.719199191156781694e+02,9.514387937740622192e+00
-1.628086439035276953e+02,2.042254875085037469e+01
1.433932988861724596e+02,1.662782419451848526e+01
1.527332677415015780e+02,2.051273019310155377e+01
-1.405881703760395283e+02,1.844811453479177388e+01
1.720078906590594841e+02,3.150851454792742601e+01
-1.722630136100452773e+02,3.274190001465569111e+01
1.761461481800204467e+02,1.674232624103030531e+01
-1.677437013011040676e+02,2.247115354453208624e+01
-1.739687446895244989e+02,6.067927218268917677e+00
1.672472825466547022e+02,1.917438061727487053e+01
-1.634649507215895028e+02,2.056325561614772113e+01
1.547417993389249204e+02,3.315027520081070378e+01
-1.602585894523001002e+02,2.502124164170271925e+01
-1.799610101340869051e+02,1.178563919664039794e+01
6.354631226873448213e+01,2.527653009140603757e+01
6.201795958649889684e+01,2.156967701631137402e+01
5.882126095696735035e+01,1.809113270884230928e+01
7.033379325746463451e+01,1.874114823724267609e+01
4.955250713080999247e+01,1.528474740267389009e+01
5.399481067590814121e+01,3.607896807778353576e+01
4.231442528531831471e+01,1.774686587445177466e+01
4.217670798843209923e+01,3.775457689986782839e+01
6.875441560561367282e+01,1.826406497176019528e+01
6.934513536787993360e+01,1.568968606876140370e+01
-1.687767158156380845e+02,2.288295554953650424e+01
1.601208035994304169e+02,2.241564147486641900e+01
1.799081178422489415e+02,1.937762209025870419e+01
-1.667554712270354287e+02,2.625435792239286314e+01
1.798004821608736279e+02,3.573588102365702213e+01
-1.643639065905030634e+02,1.818031324622958067e+01
-1.625408871406067988e+02,2.682640468815569790e+01
1.679478814458622367e+02,3.363843245750580024e+01
-1.501481323946600810e+02,3.267091871173698081e+01
-1.721460803816625287e+02,3.322996681075264291e+01
1.769944964912467924e+02,8.152290519557052306e+00
-1.747285399201424241e+02,4.487379346327676544e+00
-1.755194414978607256e+02,1.367049233793953533e+01
1.681959117153622003e+02,1.119393161577317031e+01
-1.767665960576199495e+02,1.528279859097122895e+01
-1.571242600744265019e+02,1.328100332752225654e+01
1.660271994491972976e+02,9.669303027701378284e+00
1.675098351042043987e+02,1.152315661636678890e+01
-1.423386553735428777e+02,1.709380979121777244e+01
-1.789154604398338506e+02,1.172202007449203265e+01
4.401115063811705141e+01,2.828055214401210193e+01
7.431763792939391067e+01,2.945026671267993379e+01
6.950970130447220185e+01,2.918240882853399398e+01
4.880048039489010137e+01,4.257095933767619300e+01
8.741381188833049976e+01,3.151981309492810368e+01
7.377243227100782974e+01,2.229941995405287969e+01
4.672137401307808346e+01,1.657820062461682653e+01
7.701823987918015746e+01,3.004335942685767336e+01
5.684704142276276428e+01,3.971154718490879532e+01
6.146180687371604989e+01,3.247898045889486696e+01
-6.052249631210816005e+01,7.701691798150012147e+00
-7.993867534681379539e+01,1.559570777853391732e+01
-5.488567854870122886e+01,1.212996438841184776e+01
-8.478286831182883532e+01,1.891098377726218516e+01
-5.377037243419719204e+01,1.455406635391769754e+01
-7.560410302197389854e+01,2.116809545629204337e+01
-7.798542292795993092e+01,2.653891994791954900e+01
-5.116035174194175283e+01,2.533106036506193348e+01
-9.140294653119266854e+01,2.286711031379573456e+01
-6.297311662088356599e+01,2.200864039500459057e+01
1.788274139638949691e+02,1.614372177804765229e+01
1.661826626973668510e+02,2.096246014610808572e+01
-1.752826524653077342e+02,2.593455487582523489e+01
1.651011981155002672e+02,3.219861383668421695e+01
-1.780116528426259777e+02,1.353411042420736798e+01
-1.752510778243783420e+02,1.627451173648550409e+01
1.634483122738503766e+02,1.134975034071975664e+01
-1.770597930046289719e+02,2.146077484529969936e+01
-1.674569346445047984e+02,2.447295543918239247e+01
1.724521468355474099e+02,2.357865430950464614e+01
1.615108021240595235e+02,3.277607060973139852e+01
1.645689750836002929e+02,1.318099881364151216e+01
-1.687475251111980015e+02,3.032758507552082961e+01
-1.662771430589075692e+02,1.019247409882670219e+01
1.783593965385326214e+02,2.566343260984739061e+01
-1.656893475292517905e+02,2.779512569294745461e+01
1.658128270862133036e+02,3.691333369205668191e+01
-1.645890665759720548e+02,3.734512856483433296e+01
-1.668947629692975454e+02,3.254669587724765734e+01
1.543035844320153842e+02,3.198537741823724190e+01
1.729635462986856282e+02,1.607763315606857901e+01
1.784910623552185598e+02,2.066419178522980360e+01
-1.538710803768642847e+02,2.078475848461122766e+01
-1.115476615776255755e+02,3.661205611295402917e+01
-6.800624782170731919e+01,1.820528200604298519e+01
1.751998358722122262e+01,3.283081735603543905e+01
9.133993758671319085e+01,3.660409840179433161e+01
2.253733217092510799e+01,3.534586863542885027e+01
4.522605233161274896e+01,1.853180501176246509e+01
7.889314770413959366e+01,1.956188222094537821e+01
6.620501413097177590e+01,2.414826101289406779e+01
5.111960997733308432e+01,1.903808894170771993e+01
8.818685850036932550e+01,1.629677864818807365e+01
6.762465749370765877e+01,1.578739539914576540e+01
5.943533347140308365e+01,1.361718907457612815e+01
7.192471837368947263e+01,2.844074548185825080e+01
6.640667049590102522e+01,3.367776975656498450e+01
6.187266062079716278e+01,2.738122414040879349e+01
3.857065715332612399e+01,2.260850206288525754e+01
7.910122737640011792e+01,1.689593008287534914e+01
6.992829063283488722e+01,5.598091302922801304e+01
6.716510030820610666e+01,5.181530140207004820e+01
1.034989545677900651e+02,4.707585878338963425e+01
4.806769138067227232e+01,2.217290545455695039e+01
6.373078833632903439e+01,2.318550745281798697e+01
8.016104763412046452e+01,2.353192551135875377e+01
4.900720402280210664e+01,3.590073590616258059e+01
9.252695220074082272e+01,3.003900230623023049e+01
5.710055354033540453e+01,2.909868342746000636e+01
2.706931431945131195e+01,2.404180319777231034e+01
1.741388325834233513e+02,6.515437521787566411e+00
-1.572650447234471756e+02,1.070801262088215466e+01
1.685587235588433543e+02,1.230268947854119865e+01
-1.736559026012834579e+02,9.832449642541419621e+00
1.767730564101786115e+02,4.947727367992443170e+00
1.730428935807017297e+02,1.200561379296051534e+01
-1.607373955104547463e+02,7.443305593106591900e+00
1.744968367790755508e+02,8.710038338103684552e+00
1.680159372866001775e+02,8.194092215366502785e+00
-1.630325559096091581e+02,1.113237563238402572e+01
1.645527783350134428e+02,4.062601582282267998e+01
-1.781780663575695201e+02,2.477475806274820158e+01
-1.721902928190045827e+02,3.591036393893370615e+01
-1.669916410109912874e+02,3.927791449685527425e+01
1.777741268266505301e+02,3.293522660303521121e+01
1.634829766433844895e+02,3.465198876467545119e+01
-1.671057355169416780e+02,1.634058309083646421e+01
1.586419468961264840e+02,2.144638717420390606e+01
1.591680261922270745e+02,7.904751081504123533e+00
-1.494304195010718672e+02,8.194262296233366882e+00
1.518632986222560817e+02,1.912664057218064428e+01
-1.672828861740621278e+02,2.699577418830985209e+01
1.636773388591187199e+02,2.800363258957143131e+01
-1.638033099786742639e+02,1.849195166462989448e+01
-1.770776232001375661e+02,1.381217774367095608e+01
1.769170157427600145e+02,2.808272783827258223e+01
1.787654730512568051e+02,1.969834512976837004e+01
1.775722425913249083e+02,2.562319041298450983e+01
1.574943142380615768e+02,2.728297976657179902e+01
-1.685279587026631418e+02,2.173305605015538688e+01
1.755720795923530773e+02,1.154977360946184994e+01
-1.790920907813829217e+02,1.575590925295639266e+01
1.788051316732601492e+02,5.732451055430736631e+00
-1.759640347984939410e+02,1.306414208279122491e+01
1.763459984040864015e+02,8.448016270708345488e+00
-1.784642090938663728e+02,2.000112083212701464e+01
-1.678692725375327655e+02,2.240351438370712245e+01
-1.784922301170188916e+02,8.080756306345261208e+00
1.732245475681189077e+02,8.957267360707852788e+00
1.765242558080978768e+02,8.048117124329493777e+00
1.786207235469165084e+02,1.082059126178117836e+01
-1.672029434125861656e+02,2.015445498533174984e+01
-1.667662131538961034e+02,1.868312244928047505e+01
1.655609996948730611e+02,1.575191628360361662e+01
-1.758959950625569491e+02,2.166483076053861367e+01
-1.625857777328401994e+02,1.988114785420047426e+01
1.743635247532039614e+02,1.609827961102370253e+01
1.753989335862978862e+02,3.584464314165297871e+00
1.779658443394993128e+02,8.978544238730519211e+00
-1.598467588863615845e+02,1.533160898621749624e+01
-1.639307641768561723e+02,2.212062297149999068e+01
-1.766922445020948373e+02,2.082394647478940186e+01
-1.746782842885665161e+02,6.708951058167226478e+00
-1.707441615223850988e+02,1.346358434469060583e+01
-1.701225909124718783e+02,1.235205522411766843e+01
1.694210142662675764e+02,1.842767296098270791e+01
-1.597748702653618977e+02,1.863332253993205967e+01
-1.728510424927031579e+02,1.171337962016956880e+01
1.773198666875875915e+02,9.754640670178304163e+00
-1.719592370872173888e+02,1.220062005384478532e+01
4.392638195342964025e+01,1.030342489445417264e+01
9.234882656923750233e+01,1.542227260720799364e+01
5.998178551167549699e+01,1.807605219149687059e+01
4.229472662881283895e+01,2.365591579477176509e+01
1.313458789057261242e+02,1.846300235518755173e+01
-1.602105358707550522e+02,1.638110815471351600e+01
-1.074627754281630985e+02,1.884185114139198447e+01
-4.603669700858898750e+01,3.558731627511247808e+01
-8.061702164676619020e+01,2.093548423191454688e+01
1.673604889166535088e+02,3.478314142090547989e+01
-1.621398690016244188e+02,4.001777216387247904e+01
1.702910390578950341e+02,1.897250183798904288e+01
-1.643641988609338114e+02,2.963526023547429489e+01
1.730969798052251463e+02,3.380644742412850690e+01
1.646971673844192594e+02,1.796721423445702115e+01
-1.634589566365835083e+02,2.150832719733151066e+01
-1.788154088610860413e+02,3.296892404009201272e+01
-1.706364270289491571e+02,2.913413322165360597e+01
1.703370769142386507e+02,4.304330053653558252e+01
-1.733167980262871311e+02,3.106711078378056712e+01
4.671794932319495075e+01,2.689631064820567374e+01
8.045561906736156743e+01,2.742741095814736596e+01
4.235709869901642577e+01,2.588375183638284938e+01
6.471926043404747020e+01,1.429225270752359478e+01
9.869487693075336665e+01,3.335966143785828564e+01
4.698220364316993880e+01,9.590806940968693795e+00
6.116101187865684352e+01,2.212756529497379887e+01
8.191041782927601389e+01,1.293953032538302494e+01
4.532943217967832084e+01,2.558228893567152795e+01
8.801964285831273571e+01,1.461784432878695839e+01
8.181260100571248017e+01,2.749820126195118775e+01
2.150915726497663627e+01,2.697165290497319745e+01
7.830702380192239787e+01,1.292591956251020946e+01
-1.583049010824537675e+02,1.204786906181155359e+01
-1.003947655551138780e+02,1.981675143925165017e+01
-3.104452671195499036e+01,2.309101108357521071e+01
-7.462256639044971962e+01,9.086433844212237432e+00
-1.328362854218028986e+02,1.581587675980208019e+01
1.693519020326191082e+02,8.187658110634584929e+00
1.687025763796062563e+02,1.102116646223733021e+01
1.717294045314959590e+02,2.480553594458513444e+01
1.746619519778570861e+02,1.464640077223606340e+01
1.765265971238720226e+02,1.791850000365777973e+01
1.782062058419738833e+02,1.015771998554497557e+01
1.771639004456399675e+02,9.612043099872806806e+00
-1.747314242921745233e+02,1.632665378071882500e+01
1.738995629151917512e+02,1.504126242656285584e+01
1.791242046976164204e+02,2.983854496490753760e+01
-1.707816929624969475e+02,1.836429115495312914e+01
1.728871810234819293e+02,1.316648341856052085e+01
-7.073328026179964922e+01,1.731531510088166925e+01
-6.741277267970416176e+01,1.314658066213720211e+01
-8.926878852952350485e+01,1.618257791620298747e+01
-6.525389181012228335e+01,1.149490784858002357e+01
-7.893956256536318961e+01,1.333468457772134741e+01
-6.666541024680742566e+01,1.228734828678449631e+01
-6.503545513603606310e+01,1.669101309343420425e+01
-7.292560300863667067e+01,2.009808643061897371e+01
-4.891547909665234073e+01,2.344780237943692924e+01
-7.947975749174113957e+01,1.809142713920319068e+01
1.756401661705017432e+02,9.363790533973165964e+00
1.747540086543595521e+02,8.864100413221745356e+00
-1.497265565440263799e+02,1.261690613422426921e+01
1.543515637887132641e+02,1.504861203872113506e+01
-1.682894568497876264e+02,2.115530867401821169e+01
-1.750322606967128820e+02,1.795482253082206370e+01
1.711907639773530718e+02,9.913071095688462009e+00
-1.788241388256367941e+02,1.542540697595586785e+01
1.795564516145300047e+02,2.573124268132574599e+01
-1.696048026691289579e+02,2.413902000568281636e+01
-1.027894624577638325e+02,3.913724376591405019e+01
-3.638296825664825462e+01,3.291589505534568616e+01
-6.809412480419369729e+01,3.571707340915322959e+01
-7.900990340665046574e+01,2.869604230245905541e+01
-9.071036011360315854e+01,3.702299045698109126e+01
-4.899188340316115386e+01,4.003588284553535459e+01
-8.300699301777305550e+01,3.911903675852473583e+01
-5.915657077121394991e+01,3.133888447811997935e+01
-6.794083092294212634e+01,3.022840597175465049e+01
-6.906487201890207928e+01,2.497363008014301045e+01
-1.665801573949399881e+02,2.522634614137988152e+01
1.725067313285667296e+02,2.400271002671158982e+01
-1.720637690992248849e+02,1.606703141993401829e+01
1.759950321462204386e+02,1.812573831139057390e+01
1.775248491076264088e+02,1.056731019596037235e+01
1.771563459414972783e+02,1.495805034895715124e+01
1.791452792600869657e+02,1.309953808604705117e+01
1.780748436530360550e+02,1.662452398099821949e+01
-1.749980229909368177e+02,2.593088559288877804e+01
1.757806487351953706e+02,1.571615322579122420e+01
8.476137419663604078e+01,2.902639868931908396e+01
1.772147719241861523e+02,1.897899913858622867e+01
-1.008986622373004565e+02,2.358721490412916921e+01
-3.654008412228652247e+01,4.195358001792172331e+01
-1.000264579082300287e+02,4.033860959782832367e+01
-5.925097002055990458e+01,4.923645419470520324e+01
-6.884464071505173877e+01,4.318728820473175745e+01
-8.374158598287284860e+01,3.080091676832355674e+01
1.664651680709342259e+02,2.006872774812277527e+01
4.728363433583272268e+01,2.109814494032841736e+01
-5.450843153195891944e+01,1.571217440504955221e+01
-7.605980995636934949e+01,7.845984917216981103e+00
-5.699907424415300028e+01,1.898142488535822281e+01
-7.533927471403232801e+01,1.178359776489799948e+01
-5.570868017471556044e+01,1.707325291192696071e+01
-5.597034356353702833e+01,3.421351280744633527e+01
-7.514918273698044970e+01,2.328084763951970260e+01
-6.703666573531533857e+01,2.692903076550264174e+01
-7.639031396636322313e+01,2.370274463711996304e+01
-1.010669019258316439e+02,3.169943058312252049e+01
-1.397818059161384951e+02,3.045046438796006427e+01
1.537954585619492036e+02,1.320775646447150109e+01
1.387555033333525500e+02,2.502491978832574659e+01
-1.726138657402603087e+02,9.413061673375590743e+00
-1.493759304000456609e+02,1.809470867641965341e+01
1.585897896904156710e+02,1.258519416318035766e+01
1.781703970744671608e+02,2.115582719363011677e+01
-1.202122051665869407e+02,2.231935746310393043e+01
-3.873625189310439509e+01,1.365844436553212304e+01
-6.664371148018534541e+01,1.304439585497168963e+01
-8.060765677404599217e+01,3.023109474406216890e+01
-3.516626600670988978e+01,2.283084714215501521e+01
-8.147140398769110448e+01,1.559651837877802905e+01
-6.399403161008864060e+01,1.958773065085683385e+01
-7.918431301743602546e+01,1.325291291719106823e+01
-6.015806243566166245e+01,1.890489245173638011e+01
-7.617141423887629514e+01,1.283725494968722636e+01
-5.711158542429684815e+01,1.556156889957712153e+01
-7.477131276339801502e+01,2.098698431547376231e+01
-5.703060911752145046e+01,1.949835810233305722e+01
1.774715980744986155e+02,1.509575468512811014e+01
1.760502980211288389e+02,1.348936007983829377e+01
-1.763494267040295540e+02,2.035126797991128456e+01
1.665260780602772286e+02,1.644245455597843630e+01
-1.717861365201535193e+02,2.995939614261921236e+01
-1.777127781781767055e+02,1.601052912083985191e+01
-1.781466493615998843e+02,1.680311280565420162e+01
1.753014233777201980e+02,1.327887233706287340e+01
1.793225661462912512e+02,2.291833973415168657e+01
-1.763753988428422019e+02,2.484900505892706235e+01
6.490913035770287820e+01,1.411984190198552902e+01
7.934086594611778764e+01,1.310813091560404509e+01
3.603240646544840331e+01,2.264525751420282518e+01
6.633183627041955788e+01,1.071499760069037066e+01
7.265845333847276777e+01,1.946820486950611340e+01
6.334972435561667936e+01,1.340814988390188489e+01
5.213279786584715225e+01,1.338657890766580749e+01
9.075483811497416298e+01,1.446719873075084628e+01
5.085463260561839149e+01,2.074183387740123763e+01
7.158788081276333060e+01,1.692188156926079756e+01
-1.753793411500795969e+02,1.194661021609699958e+01
1.640568082334966391e+02,1.382612741967887438e+01
-1.740342526760918531e+02,1.207869999406216976e+01
-1.623939247862405750e+02,1.178772475180354284e+01
1.624333673818167938e+02,1.126343723808605368e+01
1.734676984031219149e+02,2.007325656112107737e+01
1.756837933838695562e+02,2.263410331028136824e+01
1.668803692667931102e+02,1.699545804938961879e+01
1.715508486990800350e+02,2.458232779318164063e+01
1.796283331386178759e+02,1.629295337734000171e+01
-1.723766839915702462e+02,6.257955621808524604e+00
1.736596061407905438e+02,8.211931042995312069e+00
-1.739169353749402092e+02,1.642935296743900864e+01
1.781980877521919524e+02,1.741272440460160809e+01
-1.786571691592666866e+02,1.983063233896927002e+01
-1.771771755963323187e+02,1.866458448181240115e+01
1.716639244538028777e+02,9.988950701990120251e+00
-1.709366582993596069e+02,1.718561487248332753e+01
1.571057231519841650e+02,1.311925025732355721e+01
-1.532112621542170245e+02,1.407928291433351475e+01
6.450919518615195614e+01,3.006549474054171611e+01
6.925413102207986071e+01,3.052631101028222105e+01
8.407356499761016266e+01,2.448367426953921111e+01
4.731383940247889797e+01,3.581247150019612491e+01
6.892195252322069621e+01,2.338910386455587087e+01
8.500943773012923543e+01,2.657930301843524745e+01
9.021231608000016422e+01,2.729363716617239533e+01
4.560953432171533706e+01,1.496476835616890533e+01
7.312700950369850261e+01,2.352653604271409549e+01
7.027760325175135847e+01,2.830376174662188049e+01
-8.773635233158498181e+01,1.769285245282117103e+01
-6.567433639693214786e+01,1.967005840948627338e+01
-7.297161802627510951e+01,7.621000596843231278e+00
-7.531284021564729869e+01,1.453488075973103477e+01
-5.458667030033451795e+01,1.455134789824332486e+01
-8.924448097866481078e+01,1.618935549978822053e+01
-6.216810028050167602e+01,1.084791042604002698e+01
-5.218757307658660238e+01,7.222465478851758824e+00
-7.438596939939574781e+01,1.188669774406547575e+01
-6.596014351991722435e+01,1.716514768685423320e+01
-7.996202209923323778e+01,2.699490072059627721e+01
-7.556690444574499566e+01,1.137546920027424768e+01
-6.280013172550930278e+01,2.236321517246905444e+01
-9.749143607441006054e+01,3.278467845736758335e+01
-5.096947815893543776e+01,2.807361715651502010e+01
-5.601161722000211540e+01,2.852927255031185538e+01
-8.923188232824462318e+01,1.791132425624219238e+01
-3.261306159385505765e+01,2.467385509935653687e+01
-4.972135168894300961e+01,3.937817757732831581e+01
-5.883976843976018500e+01,2.568183265407361660e+01
1.723803615230664832e+02,7.644569415145703317e+00
-1.593415834467963634e+02,1.234441908153899270e+01
-1.765512306262864684e+02,9.684788230162928002e+00
1.647428668977999564e+02,1.124999511483536452e+01
-1.485874917029973403e+02,1.590510745422387373e+01
-1.610063498313910770e+02,8.976740601914784179e+00
1.495264866330374218e+02,1.465790170795378700e+01
-1.730533117476363145e+02,5.556549429390936545e+00
-1.296470762565583073e+02,2.055290507818207857e+01
-1.628909322460474414e+02,1.002554483664676788e+01
1.455205988099686181e+02,2.289049032158545316e+01
1.296368671565148816e+02,4.289715022362319274e+01
1.771222827030799749e+02,2.220785558741328458e+01
-1.278900808968143252e+02,3.392371327875390818e+01
-1.431855383453114996e+02,5.171312269868795397e+01
1.218238899108086883e+02,2.997804316254364565e+01
4.614023864584931545e+01,2.234110354106372398e+01
4.032844455314850052e+01,2.403885386704767768e+01
6.973612949198820843e+01,1.782488639227278426e+01
6.282524113317015235e+01,1.163282619163418730e+01
7.312175876664991847e+01,2.404039058485538050e+01
7.679971475571349515e+01,1.902700133493325296e+01
4.269462968060731356e+01,3.473285057577673740e+01
7.141644060903394120e+01,1.784799719799683970e+01
7.496636401943163719e+01,3.326762329192230538e+01
5.004415817384133192e+01,2.411120920298482417e+01
6.649852302813064853e+01,1.766244203719991290e+01
8.613661454258226513e+01,3.401937440767192555e+01
5.016273624947729814e+01,3.955352854418944730e+01
6.130982762713251333e+01,3.249916524079313263e+01
8.999989982001787325e+01,3.338282956433440063e+01
6.333493630501836691e+01,2.767603885557351973e+01
5.984392538633515102e+01,2.490765944009262256e+01
6.197381132493184452e+01,2.498612045519355718e+01
7.965122853669586789e+01,2.380232292499277236e+01
4.585803941753939483e+01,1.849116533298963461e+01
6.720301284548595788e+01,2.139113247972242249e+01
5.480990771633579328e+01,2.352246640269325439e+01
3.881882104863358762e+01,2.187345802853754861e+01
6.676544319081735068e+01,1.873206113406696005e+01
